Action,GUID,Source,Target,Note
"Move","767882ebdab486e498bfa708dff859ed","Assets/Game/Sprites/ColorTiming/Boss/Skill5/boos1_atk5.anim","Assets/Game/Sprites/ColorTiming/Boss1/Effects/Attack5/Boss1_Attack5_Effect.anim",""
"Move","2dfeb5238af1fa64c867527119867aad","Assets/Game/Sprites/ColorTiming/Boss/Skill5/boos1_atk5.controller","Assets/Game/Sprites/ColorTiming/Boss1/Effects/Attack5/Boss1_Attack5_Effect.controller",""
"Move","678fd861b1813af4bb1c05604ef587f9","Assets/Game/Sprites/ColorTiming/Boss/Skill5/尖刺特效_00.png","Assets/Game/Sprites/ColorTiming/Boss1/Effects/Attack5/首领1_第五招_尖刺特效_0000.png",""
"Move","cecbdca080af0c3469c41bdc0d389734","Assets/Game/Sprites/ColorTiming/Boss/Skill5/尖刺特效_01.png","Assets/Game/Sprites/ColorTiming/Boss1/Effects/Attack5/首领1_第五招_尖刺特效_0001.png",""
"Move","8cc02214bb4c78244968011054dc5902","Assets/Game/Sprites/ColorTiming/Boss/Skill5/尖刺特效_02.png","Assets/Game/Sprites/ColorTiming/Boss1/Effects/Attack5/首领1_第五招_尖刺特效_0002.png",""
"Move","6b8d19f63315f014ea4e79dfdf9ce6e8","Assets/Game/Sprites/ColorTiming/Boss/Skill5/尖刺特效_03.png","Assets/Game/Sprites/ColorTiming/Boss1/Effects/Attack5/首领1_第五招_尖刺特效_0003.png",""
"Move","606a42e56b5b4c445bc6db19b33b1ac1","Assets/Game/Sprites/ColorTiming/Boss/Skill5/尖刺特效_04.png","Assets/Game/Sprites/ColorTiming/Boss1/Effects/Attack5/首领1_第五招_尖刺特效_0004.png",""
"Move","a85484d4c7d650f4ab24c554908e804f","Assets/Game/Sprites/ColorTiming/Boss/Skill5/尖刺特效_05.png","Assets/Game/Sprites/ColorTiming/Boss1/Effects/Attack5/首领1_第五招_尖刺特效_0005.png",""
"Move","58f3ea929bbb04840b11b05bbca56ab7","Assets/Game/Sprites/ColorTiming/Boss/Skill5/尖刺特效_06.png","Assets/Game/Sprites/ColorTiming/Boss1/Effects/Attack5/首领1_第五招_尖刺特效_0006.png",""
"Move","e53d54b8db5b46341869698aa6c4731f","Assets/Game/Sprites/ColorTiming/Boss/Skill5/尖刺特效_07.png","Assets/Game/Sprites/ColorTiming/Boss1/Effects/Attack5/首领1_第五招_尖刺特效_0007.png",""
"Move","42ac531609528254ea68f68d3dcc14c5","Assets/Game/Sprites/ColorTiming/Boss/Skill5/尖刺特效_08.png","Assets/Game/Sprites/ColorTiming/Boss1/Effects/Attack5/首领1_第五招_尖刺特效_0008.png",""
"Move","7cf47875abb4d4546a65fd90a9e201b3","Assets/Game/Sprites/ColorTiming/Boss/Skill5/尖刺特效_09.png","Assets/Game/Sprites/ColorTiming/Boss1/Effects/Attack5/首领1_第五招_尖刺特效_0009.png",""
"Move","06f8a77b77919ca4581acf6b5357665a","Assets/Game/Sprites/ColorTiming/Boss/Skill5/尖刺特效_10.png","Assets/Game/Sprites/ColorTiming/Boss1/Effects/Attack5/首领1_第五招_尖刺特效_0010.png",""
"Move","f710818e9edfff14294a91f86d581a00","Assets/Game/Sprites/ColorTiming/Boss/Skill5/尖刺特效_11.png","Assets/Game/Sprites/ColorTiming/Boss1/Effects/Attack5/首领1_第五招_尖刺特效_0011.png",""
"Move","5bd7c1b8d0eed1f419a33c5302f1146b","Assets/Game/Sprites/ColorTiming/Boss/Skill5/尖刺特效_12.png","Assets/Game/Sprites/ColorTiming/Boss1/Effects/Attack5/首领1_第五招_尖刺特效_0012.png",""
"Move","8b191f34375c3a74f987acf728a3682d","Assets/Game/Sprites/ColorTiming/Boss/Skill5/尖刺特效_13.png","Assets/Game/Sprites/ColorTiming/Boss1/Effects/Attack5/首领1_第五招_尖刺特效_0013.png",""
"Move","4c976d37faf5c1a42b25cac52ca213b1","Assets/Game/Sprites/ColorTiming/Boss/Skill5/尖刺特效_14.png","Assets/Game/Sprites/ColorTiming/Boss1/Effects/Attack5/首领1_第五招_尖刺特效_0014.png",""
"Move","00017fc07162e0e4fb9daac66aad5f20","Assets/Game/Sprites/ColorTiming/Boss/Skill5/尖刺特效_15.png","Assets/Game/Sprites/ColorTiming/Boss1/Effects/Attack5/首领1_第五招_尖刺特效_0015.png",""
"Move","d677d8bf23f34944a850f58296ea43b5","Assets/Game/Sprites/ColorTiming/Boss/Skill5/尖刺特效_16.png","Assets/Game/Sprites/ColorTiming/Boss1/Effects/Attack5/首领1_第五招_尖刺特效_0016.png",""
"Move","35c9c61d0427a6d4786cc388e4f0160b","Assets/Game/Sprites/ColorTiming/Boss/Skill5/尖刺特效_17.png","Assets/Game/Sprites/ColorTiming/Boss1/Effects/Attack5/首领1_第五招_尖刺特效_0017.png",""
"Move","9e5bdf30ca1849f42a6038f062ea7b06","Assets/Game/Sprites/ColorTiming/Boss/Skill5/尖刺特效_18.png","Assets/Game/Sprites/ColorTiming/Boss1/Effects/Attack5/首领1_第五招_尖刺特效_0018.png",""
"Move","cdd80a37885a18844801ced4abceb283","Assets/Game/Sprites/ColorTiming/Boss/Skill5/尖刺特效_19.png","Assets/Game/Sprites/ColorTiming/Boss1/Effects/Attack5/首领1_第五招_尖刺特效_0019.png",""
"Move","b6b8a007cdba48e4992372c1ebea88a2","Assets/Game/Sprites/ColorTiming/Boss/Skill5/尖刺特效_20.png","Assets/Game/Sprites/ColorTiming/Boss1/Effects/Attack5/首领1_第五招_尖刺特效_0020.png",""
"Move","aed91ced9f0dc0b45ad4f9a410a4abab","Assets/Game/Sprites/ColorTiming/Boss/Skill5/尖刺特效_21.png","Assets/Game/Sprites/ColorTiming/Boss1/Effects/Attack5/首领1_第五招_尖刺特效_0021.png",""
"Move","0773fa8ab08daad468a7261ead36d472","Assets/Game/Sprites/ColorTiming/Boss/Skill5/尖刺特效_22.png","Assets/Game/Sprites/ColorTiming/Boss1/Effects/Attack5/首领1_第五招_尖刺特效_0022.png",""
"Move","b6ace45bb5a852e4abda8b0f9d03bd30","Assets/Game/Sprites/ColorTiming/Boss/Skill5/尖刺特效_23.png","Assets/Game/Sprites/ColorTiming/Boss1/Effects/Attack5/首领1_第五招_尖刺特效_0023.png",""
"Move","33306bfaad16b1047bd689a86af86b96","Assets/Game/Sprites/ColorTiming/Boss/Skill5/尖刺特效_24.png","Assets/Game/Sprites/ColorTiming/Boss1/Effects/Attack5/首领1_第五招_尖刺特效_0024.png",""
"Move","ab87178392f9fd04fb2580d48a097b2f","Assets/Game/Sprites/ColorTiming/Boss/Skill5/尖刺特效_25.png","Assets/Game/Sprites/ColorTiming/Boss1/Effects/Attack5/首领1_第五招_尖刺特效_0025.png",""
"Move","5676249191156c3499dc8ff6bf2855e0","Assets/Game/Sprites/ColorTiming/Boss/Skill5/尖刺特效_26.png","Assets/Game/Sprites/ColorTiming/Boss1/Effects/Attack5/首领1_第五招_尖刺特效_0026.png",""
"Move","4163d5a6f734dd34098193fe8a2aa1b5","Assets/Game/Sprites/ColorTiming/Boss/Skill5/尖刺特效_27.png","Assets/Game/Sprites/ColorTiming/Boss1/Effects/Attack5/首领1_第五招_尖刺特效_0027.png",""
"Move","6b02f05333d6f0449842fb8d7f716725","Assets/Game/Sprites/ColorTiming/Boss/Skill5/尖刺特效_28.png","Assets/Game/Sprites/ColorTiming/Boss1/Effects/Attack5/首领1_第五招_尖刺特效_0028.png",""
"Move","011755bd7f1d7a84b81f67380d839abf","Assets/Game/Sprites/ColorTiming/Boss/Skill5/尖刺特效_29.png","Assets/Game/Sprites/ColorTiming/Boss1/Effects/Attack5/首领1_第五招_尖刺特效_0029.png",""
"Move","c50362a843b66f94d8e295e23ade990e","Assets/Game/Sprites/ColorTiming/Boss/Skill5/尖刺特效_30.png","Assets/Game/Sprites/ColorTiming/Boss1/Effects/Attack5/首领1_第五招_尖刺特效_0030.png",""
"Move","3c7de28b853f73d4f9fc696071662c33","Assets/Game/Sprites/ColorTiming/Boss/Skill5/尖刺特效_31.png","Assets/Game/Sprites/ColorTiming/Boss1/Effects/Attack5/首领1_第五招_尖刺特效_0031.png",""
"Move","3fe9645f79623c44faed21cf875334c7","Assets/Game/Sprites/ColorTiming/Boss/Skill5/尖刺特效_32.png","Assets/Game/Sprites/ColorTiming/Boss1/Effects/Attack5/首领1_第五招_尖刺特效_0032.png",""
"Move","c4f33bf030b9ea54186704d90cb90fe4","Assets/Game/Sprites/ColorTiming/Boss/Skill5/尖刺特效_33.png","Assets/Game/Sprites/ColorTiming/Boss1/Effects/Attack5/首领1_第五招_尖刺特效_0033.png",""
"Move","35cde3e595bfeff4695099efa47fea5c","Assets/Game/Sprites/ColorTiming/Boss/Skill5/尖刺特效_34.png","Assets/Game/Sprites/ColorTiming/Boss1/Effects/Attack5/首领1_第五招_尖刺特效_0034.png",""
"Move","a239b90e959b81d4e9193d9d91e06dfa","Assets/Game/Sprites/ColorTiming/Boss/Skill5/尖刺特效_35.png","Assets/Game/Sprites/ColorTiming/Boss1/Effects/Attack5/首领1_第五招_尖刺特效_0035.png",""
"Move","3dd864925a4b91741af4d0e130255271","Assets/Game/Sprites/ColorTiming/Boss/Skill5/尖刺特效_36.png","Assets/Game/Sprites/ColorTiming/Boss1/Effects/Attack5/首领1_第五招_尖刺特效_0036.png",""
"Move","a55f4fdb65ad0c544884dca4a25b1817","Assets/Game/Sprites/ColorTiming/Boss/Skill5/尖刺特效_37.png","Assets/Game/Sprites/ColorTiming/Boss1/Effects/Attack5/首领1_第五招_尖刺特效_0037.png",""
"Move","73d0f67157062764681a2a1605f78f1d","Assets/Game/Sprites/ColorTiming/Boss/Skill5/尖刺特效_38.png","Assets/Game/Sprites/ColorTiming/Boss1/Effects/Attack5/首领1_第五招_尖刺特效_0038.png",""
"Move","22e89beed3661664babc0f5cb56a7424","Assets/Game/Sprites/ColorTiming/Boss/Skill5/尖刺特效_39.png","Assets/Game/Sprites/ColorTiming/Boss1/Effects/Attack5/首领1_第五招_尖刺特效_0039.png",""
"Move","355d3768a5836144cb35283c1404f950","Assets/Game/Sprites/ColorTiming/Boss/Skill5/尖刺特效_40.png","Assets/Game/Sprites/ColorTiming/Boss1/Effects/Attack5/首领1_第五招_尖刺特效_0040.png",""
"Move","3e6d2e6351196bc42baa90e2ac09c3ca","Assets/Game/Sprites/ColorTiming/Boss/Skill5/尖刺特效_41.png","Assets/Game/Sprites/ColorTiming/Boss1/Effects/Attack5/首领1_第五招_尖刺特效_0041.png",""
"Move","c2f7891da0f561142bb65408914ec99d","Assets/Game/Sprites/ColorTiming/Boss/Skill5/尖刺特效_42.png","Assets/Game/Sprites/ColorTiming/Boss1/Effects/Attack5/首领1_第五招_尖刺特效_0042.png",""
"Move","f1086377c0314f743b9603c80c5e1507","Assets/Game/Sprites/ColorTiming/Boss/Skill5/尖刺特效_43.png","Assets/Game/Sprites/ColorTiming/Boss1/Effects/Attack5/首领1_第五招_尖刺特效_0043.png",""
"Move","3c13a64cebebf6d4ca1df5eba441e5ee","Assets/Game/Sprites/ColorTiming/Boss/Skill5/尖刺特效_44.png","Assets/Game/Sprites/ColorTiming/Boss1/Effects/Attack5/首领1_第五招_尖刺特效_0044.png",""
"Move","7288a62bffad37c4b8c66702eaab3379","Assets/Game/Sprites/ColorTiming/Boss/Skill5/尖刺特效_45.png","Assets/Game/Sprites/ColorTiming/Boss1/Effects/Attack5/首领1_第五招_尖刺特效_0045.png",""
"Move","7189d7c7735cd014a929082a1cdc6fe3","Assets/Game/Sprites/ColorTiming/Boss/Skill5/尖刺特效_46.png","Assets/Game/Sprites/ColorTiming/Boss1/Effects/Attack5/首领1_第五招_尖刺特效_0046.png",""
"Move","b1cb08a837c3d8f498696b71d8f1744c","Assets/Game/Sprites/ColorTiming/Boss/Skill5/尖刺特效_47.png","Assets/Game/Sprites/ColorTiming/Boss1/Effects/Attack5/首领1_第五招_尖刺特效_0047.png",""
"Move","9d0682a2f21708b49902ff6325b0ae53","Assets/Game/Sprites/ColorTiming/Boss/Skill5/尖刺特效_48.png","Assets/Game/Sprites/ColorTiming/Boss1/Effects/Attack5/首领1_第五招_尖刺特效_0048.png",""
"Move","4cf5dc816465d6b44b50c73b56ac5bd4","Assets/Game/Sprites/ColorTiming/Boss/Skill5/尖刺特效_49.png","Assets/Game/Sprites/ColorTiming/Boss1/Effects/Attack5/首领1_第五招_尖刺特效_0049.png",""
"Move","b9c4a768655cdfa4e9379ef0e595c7aa","Assets/Game/Sprites/ColorTiming/Boss/Skill5/尖刺特效_50.png","Assets/Game/Sprites/ColorTiming/Boss1/Effects/Attack5/首领1_第五招_尖刺特效_0050.png",""
"Move","22572953f309ff7469569d4cd0aedae2","Assets/Game/Sprites/ColorTiming/Boss/Skill5/尖刺特效_51.png","Assets/Game/Sprites/ColorTiming/Boss1/Effects/Attack5/首领1_第五招_尖刺特效_0051.png",""
"Move","f9233e77eaecd2d4ba2af6989c0ad945","Assets/Game/Sprites/ColorTiming/Boss/Skill5/尖刺特效_52.png","Assets/Game/Sprites/ColorTiming/Boss1/Effects/Attack5/首领1_第五招_尖刺特效_0052.png",""
"Move","110af4acc6a791946aa99b44493d80fd","Assets/Game/Sprites/ColorTiming/Boss/Skill5/尖刺特效_53.png","Assets/Game/Sprites/ColorTiming/Boss1/Effects/Attack5/首领1_第五招_尖刺特效_0053.png",""
"Move","088fa8df69d412749aa2cd0c7d8c95ab","Assets/Game/Sprites/ColorTiming/Boss/Skill5/尖刺特效_54.png","Assets/Game/Sprites/ColorTiming/Boss1/Effects/Attack5/首领1_第五招_尖刺特效_0054.png",""
"Move","33e2298a5ad449a418560ef0e25aedc3","Assets/Game/Sprites/ColorTiming/Boss/Skill5/尖刺特效_55.png","Assets/Game/Sprites/ColorTiming/Boss1/Effects/Attack5/首领1_第五招_尖刺特效_0055.png",""
"Move","1661267696dfe4d4596db0c5c1a82aec","Assets/Game/Sprites/ColorTiming/Boss/Skill5/尖刺特效_56.png","Assets/Game/Sprites/ColorTiming/Boss1/Effects/Attack5/首领1_第五招_尖刺特效_0056.png",""
"Move","51082e0e4ce876e44b957cc7a9f1a307","Assets/Game/Sprites/ColorTiming/Boss/Skill5/尖刺特效_57.png","Assets/Game/Sprites/ColorTiming/Boss1/Effects/Attack5/首领1_第五招_尖刺特效_0057.png",""
"Move","9c8d734d4083ce24389362c67b632486","Assets/Game/Sprites/ColorTiming/Boss/Skill5/尖刺特效_58.png","Assets/Game/Sprites/ColorTiming/Boss1/Effects/Attack5/首领1_第五招_尖刺特效_0058.png",""
"Move","86558463a19d5004182f15033ec0194d","Assets/Game/Sprites/ColorTiming/Boss/Skill5/尖刺特效_59.png","Assets/Game/Sprites/ColorTiming/Boss1/Effects/Attack5/首领1_第五招_尖刺特效_0059.png",""
"Move","8eef70a88866fda429c84318170b892f","Assets/Game/Sprites/ColorTiming/Boss/Skill5/尖刺特效_60.png","Assets/Game/Sprites/ColorTiming/Boss1/Effects/Attack5/首领1_第五招_尖刺特效_0060.png",""
"Move","50da5f77689dac44a888778fa70ee1fd","Assets/Game/Sprites/ColorTiming/Boss/Skill5/尖刺特效_61.png","Assets/Game/Sprites/ColorTiming/Boss1/Effects/Attack5/首领1_第五招_尖刺特效_0061.png",""
"Move","14b581f82a0f12d43959337d50144e02","Assets/Game/Sprites/ColorTiming/Boss/Skill5/尖刺特效_62.png","Assets/Game/Sprites/ColorTiming/Boss1/Effects/Attack5/首领1_第五招_尖刺特效_0062.png",""
"Move","f9cd82e7f2f1a2b44a25423db9625c57","Assets/Game/Sprites/ColorTiming/Boss/Skill5/尖刺特效_63.png","Assets/Game/Sprites/ColorTiming/Boss1/Effects/Attack5/首领1_第五招_尖刺特效_0063.png",""
"Move","61d036d31e2c55f429b7473e68c70fe2","Assets/Game/Sprites/ColorTiming/Boss/Spine/BOSS拆分.atlas.txt","Assets/Game/Sprites/ColorTiming/Boss1/Core/Boss1Core.atlas.txt",""
"Move","e9dcdb73702f5df45915ca6cf4636581","Assets/Game/Sprites/ColorTiming/Boss/Spine/BOSS拆分.json","Assets/Game/Sprites/ColorTiming/Boss1/Core/Boss1Core.json",""
"Move","7be128b4a712111419382d0805db0736","Assets/Game/Sprites/ColorTiming/Boss/Spine/BOSS拆分.png","Assets/Game/Sprites/ColorTiming/Boss1/Core/Boss1Core.png",""
"Move","a7e295fec558cac48bc2293760567ea5","Assets/Game/Sprites/ColorTiming/Boss/Spine/BOSS拆分2.png","Assets/Game/Sprites/ColorTiming/Boss1/Core/Boss1Core_Page02.png",""
"Move","04f9f3569efa39046a47cc4a4272589b","Assets/Game/Sprites/ColorTiming/Boss/Spine/BOSS拆分3.png","Assets/Game/Sprites/ColorTiming/Boss1/Core/Boss1Core_Page03.png",""
"Move","0315b875b16b2384bb0e6d6a1b83552b","Assets/Game/Sprites/ColorTiming/Boss/Spine/BOSS拆分_Atlas.asset","Assets/Game/Sprites/ColorTiming/Boss1/Core/Boss1Core_Atlas.asset",""
"Move","a5ed0e6deb909e84090667a3a9ea303c","Assets/Game/Sprites/ColorTiming/Boss/Spine/BOSS拆分_BOSS拆分.mat","Assets/Game/Sprites/ColorTiming/Boss1/Core/Boss1Core_Boss1Core.mat","Spine 导入器规范生成名，已恢复原 GUID"
"Move","2087247a8fd9db44fa6fde1969252651","Assets/Game/Sprites/ColorTiming/Boss/Spine/BOSS拆分_BOSS拆分2.mat","Assets/Game/Sprites/ColorTiming/Boss1/Core/Boss1Core_Boss1Core_Page02.mat","Spine 导入器规范生成名，已恢复原 GUID"
"Move","27e5348977c7cc9408caca46a17cda26","Assets/Game/Sprites/ColorTiming/Boss/Spine/BOSS拆分_BOSS拆分3.mat","Assets/Game/Sprites/ColorTiming/Boss1/Core/Boss1Core_Boss1Core_Page03.mat","Spine 导入器规范生成名，已恢复原 GUID"
"Move","98d23c064bb04a04eb49b5291e82c26b","Assets/Game/Sprites/ColorTiming/Boss/Spine/BOSS拆分_SkeletonData.asset","Assets/Game/Sprites/ColorTiming/Boss1/Core/Boss1Core_SkeletonData.asset",""
"Move","7d09382f74b979f4a93d1b205003029a","Assets/Game/Sprites/ColorTiming/Boss/Spine2/BOSS拆分.atlas.txt","Assets/Game/Sprites/ColorTiming/Boss1/Attack5/Boss1Attack5.atlas.txt",""
"Move","e32663fae73001a46b222c6ee1f60fba","Assets/Game/Sprites/ColorTiming/Boss/Spine2/BOSS拆分.json","Assets/Game/Sprites/ColorTiming/Boss1/Attack5/Boss1Attack5.json",""
"Move","896612350a0c41840b8695371978e66d","Assets/Game/Sprites/ColorTiming/Boss/Spine2/BOSS拆分.png","Assets/Game/Sprites/ColorTiming/Boss1/Attack5/Boss1Attack5.png",""
"Move","938cd315239056140857e49e2d33f4fd","Assets/Game/Sprites/ColorTiming/Boss/Spine2/BOSS拆分2.png","Assets/Game/Sprites/ColorTiming/Boss1/Attack5/Boss1Attack5_Page02.png",""
"Move","ed258493659aa7748922ebd7a65d6629","Assets/Game/Sprites/ColorTiming/Boss/Spine2/BOSS拆分_Atlas.asset","Assets/Game/Sprites/ColorTiming/Boss1/Attack5/Boss1Attack5_Atlas.asset",""
"Move","074bfed9c6e13274b96da100303a4840","Assets/Game/Sprites/ColorTiming/Boss/Spine2/BOSS拆分_BOSS拆分.mat","Assets/Game/Sprites/ColorTiming/Boss1/Attack5/Boss1Attack5_Boss1Attack5.mat","Spine 导入器规范生成名，已恢复原 GUID"
"Move","5c48b75d3e6a5c2409b275d7d38e43e6","Assets/Game/Sprites/ColorTiming/Boss/Spine2/BOSS拆分_BOSS拆分2.mat","Assets/Game/Sprites/ColorTiming/Boss1/Attack5/Boss1Attack5_Boss1Attack5_Page02.mat","Spine 导入器规范生成名，已恢复原 GUID"
"Move","1471665379333eb48853cc1cd387fb32","Assets/Game/Sprites/ColorTiming/Boss/Spine2/BOSS拆分_SkeletonData.asset","Assets/Game/Sprites/ColorTiming/Boss1/Attack5/Boss1Attack5_SkeletonData.asset",""
"Move","a30c0481a07fdde409a4f6f40bd7206b","Assets/Game/Sprites/ColorTiming/Boss/tip/BOSS拆分.atlas.txt","Assets/Game/Sprites/ColorTiming/Boss1/Telegraph/Boss1Telegraph.atlas.txt",""
"Move","61e36f6f4a5622e4d9b19667e9e9eed3","Assets/Game/Sprites/ColorTiming/Boss/tip/BOSS拆分.json","Assets/Game/Sprites/ColorTiming/Boss1/Telegraph/Boss1Telegraph.json",""
"Move","a4e67bc277ab3814fa0787a556a0829e","Assets/Game/Sprites/ColorTiming/Boss/tip/BOSS拆分.png","Assets/Game/Sprites/ColorTiming/Boss1/Telegraph/Boss1Telegraph.png",""
"Move","e94dad67ace93dd47b3335d4f19412e6","Assets/Game/Sprites/ColorTiming/Boss/tip/BOSS拆分_Atlas.asset","Assets/Game/Sprites/ColorTiming/Boss1/Telegraph/Boss1Telegraph_Atlas.asset",""
"Move","05055f6bd54561a4189ed7fccf84e011","Assets/Game/Sprites/ColorTiming/Boss/tip/BOSS拆分_Material.mat","Assets/Game/Sprites/ColorTiming/Boss1/Telegraph/Boss1Telegraph_Material.mat",""
"Move","1f710327cbfcf834abe159e4ccc7caba","Assets/Game/Sprites/ColorTiming/Boss/tip/BOSS拆分_SkeletonData.asset","Assets/Game/Sprites/ColorTiming/Boss1/Telegraph/Boss1Telegraph_SkeletonData.asset",""
"Move","73eec47925988be46a9d10289a3dac80","Assets/Game/Sprites/ColorTiming/Boss/tip/攻击1范围_0000.png","Assets/Game/Sprites/ColorTiming/Boss1/Telegraph/首领1_攻击1_范围_0000.png",""
"Move","9e72e0f3a5cf5fb4f889c0d5907e370f","Assets/Game/Sprites/ColorTiming/Boss/tip/攻击3范围_0000.png","Assets/Game/Sprites/ColorTiming/Boss1/Telegraph/首领1_攻击3_范围_0000.png",""
"Delete","917b68b841252f546a3befe360845209","Assets/Game/Sprites/ColorTiming/Boss/第二关BOSS拆分3.png","","用户确认的未使用制作参考资源"
"Move","8eb9022914ed9d446b9af2f3c04370d1","Assets/Game/Sprites/ColorTiming/Boss2/Shenti/第二章boss.atlas.txt","Assets/Game/Sprites/ColorTiming/Boss2/Core/Boss2Core.atlas.txt",""
"Move","3a391c6f2a00bb44599a1995bb2c877d","Assets/Game/Sprites/ColorTiming/Boss2/Shenti/第二章boss.json","Assets/Game/Sprites/ColorTiming/Boss2/Core/Boss2Core.json",""
"Move","f44a00597ce7d0242a6dea94ad8aad3f","Assets/Game/Sprites/ColorTiming/Boss2/Shenti/第二章boss.png","Assets/Game/Sprites/ColorTiming/Boss2/Core/Boss2Core.png",""
"Move","d7a232f281fe777468ef24a67f2492fa","Assets/Game/Sprites/ColorTiming/Boss2/Shenti/第二章boss_Atlas.asset","Assets/Game/Sprites/ColorTiming/Boss2/Core/Boss2Core_Atlas.asset",""
"Move","b9a4db145f9414b439871779f8fc8b03","Assets/Game/Sprites/ColorTiming/Boss2/Shenti/第二章boss_Material.mat","Assets/Game/Sprites/ColorTiming/Boss2/Core/Boss2Core_Material.mat",""
"Move","5eefe88f54e7f4f4f9b5fbb23110bfe5","Assets/Game/Sprites/ColorTiming/Boss2/Shenti/第二章boss_Material_InsideMask.mat","Assets/Game/Sprites/ColorTiming/Boss2/Core/Boss2Core_Material_InsideMask.mat",""
"Move","36860eee3e36bca4292322a762392d81","Assets/Game/Sprites/ColorTiming/Boss2/Shenti/第二章boss_Material_OutsideMask.mat","Assets/Game/Sprites/ColorTiming/Boss2/Core/Boss2Core_Material_OutsideMask.mat",""
"Move","fc3e21c495d17814a90c36cb8637ae62","Assets/Game/Sprites/ColorTiming/Boss2/Shenti/第二章boss_SkeletonData.asset","Assets/Game/Sprites/ColorTiming/Boss2/Core/Boss2Core_SkeletonData.asset",""
"Move","08068c1bc7b706f4a80f6b176575fda1","Assets/Game/Sprites/ColorTiming/Boss2/Skill/boss2_atk2.anim","Assets/Game/Sprites/ColorTiming/Boss2/Effects/Boss2_Attack2_Effect.anim",""
"Move","2e885c0a36626b844a10020b52224609","Assets/Game/Sprites/ColorTiming/Boss2/Skill/boss2_atk2.controller","Assets/Game/Sprites/ColorTiming/Boss2/Effects/Boss2_Attack2_Effect.controller",""
"Move","75e51931d2365ef4d99900e17287b60e","Assets/Game/Sprites/ColorTiming/Boss2/Skill/地面警示圈.png","Assets/Game/Sprites/ColorTiming/Boss2/Effects/首领2_地面警示圈.png",""
"Move","cbf052cf43fb18c4e887e930b848266a","Assets/Game/Sprites/ColorTiming/Boss2/Skill/拖尾_0001.png","Assets/Game/Sprites/ColorTiming/Boss2/Effects/首领2_拖尾_0001.png",""
"Move","ad01cc737f1a6b0428504c80f8912529","Assets/Game/Sprites/ColorTiming/Boss2/Skill/拖尾_0002.png","Assets/Game/Sprites/ColorTiming/Boss2/Effects/首领2_拖尾_0002.png",""
"Move","9df552d20df8c2745a780fcc610a138d","Assets/Game/Sprites/ColorTiming/Boss2/Skill/拖尾_0003.png","Assets/Game/Sprites/ColorTiming/Boss2/Effects/首领2_拖尾_0003.png",""
"Move","db419677d215c5d43a22f2144f4f756c","Assets/Game/Sprites/ColorTiming/Boss2/Skill/拖尾_0004.png","Assets/Game/Sprites/ColorTiming/Boss2/Effects/首领2_拖尾_0004.png",""
"Move","24f3eaab54fdd90409fd3fdfdb36d0ab","Assets/Game/Sprites/ColorTiming/Boss2/Skill/拖尾_0005.png","Assets/Game/Sprites/ColorTiming/Boss2/Effects/首领2_拖尾_0005.png",""
"Move","76315a56c697cca4a99bcb489ec8ab92","Assets/Game/Sprites/ColorTiming/Boss2/Skill/拖尾_0006.png","Assets/Game/Sprites/ColorTiming/Boss2/Effects/首领2_拖尾_0006.png",""
"Move","75ae3b9e74fb63048b7ac9fee8c29f46","Assets/Game/Sprites/ColorTiming/Boss2/Skill/拖尾_0007.png","Assets/Game/Sprites/ColorTiming/Boss2/Effects/首领2_拖尾_0007.png",""
"Move","53138c23630b2074c953a7bd48197c8f","Assets/Game/Sprites/ColorTiming/Boss2/Skill/拖尾_0008.png","Assets/Game/Sprites/ColorTiming/Boss2/Effects/首领2_拖尾_0008.png",""
"Move","c868cb127d511b748af0c8e24c925287","Assets/Game/Sprites/ColorTiming/Boss2/Skill/拖尾_0009.png","Assets/Game/Sprites/ColorTiming/Boss2/Effects/首领2_拖尾_0009.png",""
"Move","790b8dee5fd31504fbe99e53b59b37bf","Assets/Game/Sprites/ColorTiming/Boss2/Skill/纸团.png","Assets/Game/Sprites/ColorTiming/Boss2/Effects/首领2_纸团.png",""
"Move","31cc415ac7dd2704fa3564ee610f30ca","Assets/Game/Sprites/ColorTiming/Boss2/Weiba/尾巴出土前地面范围.png","Assets/Game/Sprites/ColorTiming/Boss2/Tail/首领2_尾巴出土前地面范围.png",""
"Move","f169a7c0e01dddd419868384213b8807","Assets/Game/Sprites/ColorTiming/Boss2/Weiba/第二章boss.atlas.txt","Assets/Game/Sprites/ColorTiming/Boss2/Tail/Boss2Tail.atlas.txt",""
"Move","8f6ccb737cf962a4486dee3cddde182c","Assets/Game/Sprites/ColorTiming/Boss2/Weiba/第二章boss.json","Assets/Game/Sprites/ColorTiming/Boss2/Tail/Boss2Tail.json",""
"Move","b52cbbfa83ae5ad4187727450f2f3e42","Assets/Game/Sprites/ColorTiming/Boss2/Weiba/第二章boss.png","Assets/Game/Sprites/ColorTiming/Boss2/Tail/Boss2Tail.png",""
"Move","d221a2dad5db9964394441804659f89c","Assets/Game/Sprites/ColorTiming/Boss2/Weiba/第二章boss_Atlas.asset","Assets/Game/Sprites/ColorTiming/Boss2/Tail/Boss2Tail_Atlas.asset",""
"Move","f73935a112196c542906dc141b11ea71","Assets/Game/Sprites/ColorTiming/Boss2/Weiba/第二章boss_Material.mat","Assets/Game/Sprites/ColorTiming/Boss2/Tail/Boss2Tail_Material.mat",""
"Move","4cd91975044e1d948ae94c226a0963b5","Assets/Game/Sprites/ColorTiming/Boss2/Weiba/第二章boss_SkeletonData.asset","Assets/Game/Sprites/ColorTiming/Boss2/Tail/Boss2Tail_SkeletonData.asset",""
"Move","24bc1889646f9bf46bfb5517cdb84c7c","Assets/Game/Sprites/ColorTiming/Boss2/di/skeleton.atlas.txt","Assets/Game/Sprites/ColorTiming/Boss2/Burrow/Boss2Burrow.atlas.txt",""
"Move","69f5be3f196def547a8d7905fbf5eeb3","Assets/Game/Sprites/ColorTiming/Boss2/di/skeleton.json","Assets/Game/Sprites/ColorTiming/Boss2/Burrow/Boss2Burrow.json",""
"Move","99279c282c2811f44ad478dcc2dc6116","Assets/Game/Sprites/ColorTiming/Boss2/di/skeleton.png","Assets/Game/Sprites/ColorTiming/Boss2/Burrow/Boss2Burrow.png",""
"Move","1ce4f1f2caf188049a6f2139ec210d1d","Assets/Game/Sprites/ColorTiming/Boss2/di/skeleton_Atlas.asset","Assets/Game/Sprites/ColorTiming/Boss2/Burrow/Boss2Burrow_Atlas.asset",""
"Move","72cfeea0a32b865478155a01e157215b","Assets/Game/Sprites/ColorTiming/Boss2/di/skeleton_Material.mat","Assets/Game/Sprites/ColorTiming/Boss2/Burrow/Boss2Burrow_Material.mat",""
"Move","d48737d85c9aac741bcc1de511ccd71e","Assets/Game/Sprites/ColorTiming/Boss2/di/skeleton_SkeletonData.asset","Assets/Game/Sprites/ColorTiming/Boss2/Burrow/Boss2Burrow_SkeletonData.asset",""
"Move","c90dc2f73ab1092449c712ee104a01ce","Assets/Game/Sprites/ColorTiming/Hero/Anim/Hero Animator Controller.controller","Assets/Game/Sprites/ColorTiming/Hero/Animations/Hero.controller",""
"Move","b090240f0e045bc4686f977db9fa7e72","Assets/Game/Sprites/ColorTiming/Hero/Anim/HeroTest.controller","Assets/Game/Sprites/ColorTiming/Hero/Tests/HeroAnimator_Test.controller",""
"Move","458e8dc9c1e3a524e92a43cd83ddf13f","Assets/Game/Sprites/ColorTiming/Hero/Anim/t.anim","Assets/Game/Sprites/ColorTiming/Hero/Tests/HeroAnimation_Test.anim",""
"Move","620e954c19fd37042890ae4643d09440","Assets/Game/Sprites/ColorTiming/Hero/Anim/tttttt.controller","Assets/Game/Sprites/ColorTiming/Hero/Tests/HeroController_Test.controller",""
"Move","cbb65f57cfa1cec4d86d88bdbc693e1a","Assets/Game/Sprites/ColorTiming/Hero/Sequence/Chongci/dash.anim","Assets/Game/Sprites/ColorTiming/Hero/Sequences/Dash/Hero_Dash.anim",""
"Move","6f043e63995efc54e8dd9bc1eeb472c2","Assets/Game/Sprites/ColorTiming/Hero/Sequence/Chongci/冲刺_0000.png","Assets/Game/Sprites/ColorTiming/Hero/Sequences/Dash/英雄_冲刺_0000.png",""
"Move","bfacabfe0c3139645b2c66fd7f0b5056","Assets/Game/Sprites/ColorTiming/Hero/Sequence/Chongci/冲刺_0001.png","Assets/Game/Sprites/ColorTiming/Hero/Sequences/Dash/英雄_冲刺_0001.png",""
"Move","4a6d63aaaa648b340b1d81cef71206c9","Assets/Game/Sprites/ColorTiming/Hero/Sequence/Chongci/冲刺_0002.png","Assets/Game/Sprites/ColorTiming/Hero/Sequences/Dash/英雄_冲刺_0002.png",""
"Move","2ec66b6e97272e54fa3532e6c7b021e1","Assets/Game/Sprites/ColorTiming/Hero/Sequence/Chongci/冲刺_0003.png","Assets/Game/Sprites/ColorTiming/Hero/Sequences/Dash/英雄_冲刺_0003.png",""
"Move","3cff6f038effa2447afa71d65d896c4b","Assets/Game/Sprites/ColorTiming/Hero/Sequence/Chongci/冲刺_0004.png","Assets/Game/Sprites/ColorTiming/Hero/Sequences/Dash/英雄_冲刺_0004.png",""
"Move","a2be52afba6307d4e905c124b19f619f","Assets/Game/Sprites/ColorTiming/Hero/Sequence/Chongci/冲刺_0005.png","Assets/Game/Sprites/ColorTiming/Hero/Sequences/Dash/英雄_冲刺_0005.png",""
"Move","654fa57198872904995483df480ca29e","Assets/Game/Sprites/ColorTiming/Hero/Sequence/Chongci/冲刺_0006.png","Assets/Game/Sprites/ColorTiming/Hero/Sequences/Dash/英雄_冲刺_0006.png",""
"Move","8c391017874419f419b411468442fd79","Assets/Game/Sprites/ColorTiming/Hero/Sequence/Chongci/冲刺_0007.png","Assets/Game/Sprites/ColorTiming/Hero/Sequences/Dash/英雄_冲刺_0007.png",""
"Move","2831df0195f2e3341ad235fa71b8b7eb","Assets/Game/Sprites/ColorTiming/Hero/Sequence/Chongci/冲刺_0008.png","Assets/Game/Sprites/ColorTiming/Hero/Sequences/Dash/英雄_冲刺_0008.png",""
"Move","64034bbd8ef5d474a92037e9664b99b6","Assets/Game/Sprites/ColorTiming/Hero/Sequence/Chuizi/Daiji/daiji_cuizi_hong.anim","Assets/Game/Sprites/ColorTiming/Hero/Sequences/Hammer/Idle/Hero_Hammer_Idle_Red.anim",""
"Move","e59f4e0e50fb2084c925394fdb095fb1","Assets/Game/Sprites/ColorTiming/Hero/Sequence/Chuizi/Daiji/daiji_cuizi_lv.anim","Assets/Game/Sprites/ColorTiming/Hero/Sequences/Hammer/Idle/Hero_Hammer_Idle_Green.anim",""
"Move","97db99bc4b9853444ade02cfc96e9b55","Assets/Game/Sprites/ColorTiming/Hero/Sequence/Chuizi/Daiji/daiji_cuizi_zi.anim","Assets/Game/Sprites/ColorTiming/Hero/Sequences/Hammer/Idle/Hero_Hammer_Idle_Purple.anim",""
"Move","96940ddc9831d1d4ab551e3810a29d28","Assets/Game/Sprites/ColorTiming/Hero/Sequence/Chuizi/Daiji/紫色锤子待机_0000.png","Assets/Game/Sprites/ColorTiming/Hero/Sequences/Hammer/Idle/英雄_锤子_待机_紫色_0000.png",""
"Move","6ce6725b88a0e014bb4e5e8d87260191","Assets/Game/Sprites/ColorTiming/Hero/Sequence/Chuizi/Daiji/紫色锤子待机_0001.png","Assets/Game/Sprites/ColorTiming/Hero/Sequences/Hammer/Idle/英雄_锤子_待机_紫色_0001.png",""
"Move","fb726993067adb442865009bd70df920","Assets/Game/Sprites/ColorTiming/Hero/Sequence/Chuizi/Daiji/紫色锤子待机_0002.png","Assets/Game/Sprites/ColorTiming/Hero/Sequences/Hammer/Idle/英雄_锤子_待机_紫色_0002.png",""
"Move","07eb814c7b7fa8c43a88aeead692eb96","Assets/Game/Sprites/ColorTiming/Hero/Sequence/Chuizi/Daiji/紫色锤子待机_0003.png","Assets/Game/Sprites/ColorTiming/Hero/Sequences/Hammer/Idle/英雄_锤子_待机_紫色_0003.png",""
"Move","d162a4ee204374e4f95c40d7d569cd26","Assets/Game/Sprites/ColorTiming/Hero/Sequence/Chuizi/Daiji/紫色锤子待机_0004.png","Assets/Game/Sprites/ColorTiming/Hero/Sequences/Hammer/Idle/英雄_锤子_待机_紫色_0004.png",""
"Move","2820ae41a3a57cc4783d6714324a107d","Assets/Game/Sprites/ColorTiming/Hero/Sequence/Chuizi/Daiji/紫色锤子待机_0005.png","Assets/Game/Sprites/ColorTiming/Hero/Sequences/Hammer/Idle/英雄_锤子_待机_紫色_0005.png",""
"Move","293fe58c7b5499c489c990e4091830e2","Assets/Game/Sprites/ColorTiming/Hero/Sequence/Chuizi/Daiji/紫色锤子待机_0006.png","Assets/Game/Sprites/ColorTiming/Hero/Sequences/Hammer/Idle/英雄_锤子_待机_紫色_0006.png",""
"Move","e08e1b799f3ac544688c8eb366eaa94d","Assets/Game/Sprites/ColorTiming/Hero/Sequence/Chuizi/Daiji/紫色锤子待机_0007.png","Assets/Game/Sprites/ColorTiming/Hero/Sequences/Hammer/Idle/英雄_锤子_待机_紫色_0007.png",""
"Move","376dbfa41bb390f4eb3555407b225a77","Assets/Game/Sprites/ColorTiming/Hero/Sequence/Chuizi/Daiji/紫色锤子待机_0008.png","Assets/Game/Sprites/ColorTiming/Hero/Sequences/Hammer/Idle/英雄_锤子_待机_紫色_0008.png",""
"Move","722b608aaf7c6fb4fa193186991b4a1d","Assets/Game/Sprites/ColorTiming/Hero/Sequence/Chuizi/Daiji/紫色锤子待机_0009.png","Assets/Game/Sprites/ColorTiming/Hero/Sequences/Hammer/Idle/英雄_锤子_待机_紫色_0009.png",""
"Move","2f297f3e54671e54d93d5686828c702b","Assets/Game/Sprites/ColorTiming/Hero/Sequence/Chuizi/Daiji/紫色锤子待机_0010.png","Assets/Game/Sprites/ColorTiming/Hero/Sequences/Hammer/Idle/英雄_锤子_待机_紫色_0010.png",""
"Move","50f4bc33864ee9e49b61b74a69a963f4","Assets/Game/Sprites/ColorTiming/Hero/Sequence/Chuizi/Daiji/紫色锤子待机_0011.png","Assets/Game/Sprites/ColorTiming/Hero/Sequences/Hammer/Idle/英雄_锤子_待机_紫色_0011.png",""
"Move","fd180b7f2a72716439dc11854325fb98","Assets/Game/Sprites/ColorTiming/Hero/Sequence/Chuizi/Daiji/红色锤子待机_0000.png","Assets/Game/Sprites/ColorTiming/Hero/Sequences/Hammer/Idle/英雄_锤子_待机_红色_0000.png",""
"Move","28d701741dd14b04c907895fe1cf01eb","Assets/Game/Sprites/ColorTiming/Hero/Sequence/Chuizi/Daiji/红色锤子待机_0001.png","Assets/Game/Sprites/ColorTiming/Hero/Sequences/Hammer/Idle/英雄_锤子_待机_红色_0001.png",""
"Move","0ff59fd13e465414d951d1a548e4194c","Assets/Game/Sprites/ColorTiming/Hero/Sequence/Chuizi/Daiji/红色锤子待机_0002.png","Assets/Game/Sprites/ColorTiming/Hero/Sequences/Hammer/Idle/英雄_锤子_待机_红色_0002.png",""
"Move","6a0a7cdc5fff64245aa26942d8ea3722","Assets/Game/Sprites/ColorTiming/Hero/Sequence/Chuizi/Daiji/红色锤子待机_0003.png","Assets/Game/Sprites/ColorTiming/Hero/Sequences/Hammer/Idle/英雄_锤子_待机_红色_0003.png",""
"Move","ad4a703c9bc03d04db8ee937d8bb2099","Assets/Game/Sprites/ColorTiming/Hero/Sequence/Chuizi/Daiji/红色锤子待机_0004.png","Assets/Game/Sprites/ColorTiming/Hero/Sequences/Hammer/Idle/英雄_锤子_待机_红色_0004.png",""
"Move","53ff0c7e963dfa940896e97b89bdd208","Assets/Game/Sprites/ColorTiming/Hero/Sequence/Chuizi/Daiji/红色锤子待机_0005.png","Assets/Game/Sprites/ColorTiming/Hero/Sequences/Hammer/Idle/英雄_锤子_待机_红色_0005.png",""
"Move","8725c372755ab354dbe02eb3cac747c1","Assets/Game/Sprites/ColorTiming/Hero/Sequence/Chuizi/Daiji/红色锤子待机_0006.png","Assets/Game/Sprites/ColorTiming/Hero/Sequences/Hammer/Idle/英雄_锤子_待机_红色_0006.png",""
"Move","7feeb7f6f8df8c64a9c09f0c808cbbe6","Assets/Game/Sprites/ColorTiming/Hero/Sequence/Chuizi/Daiji/红色锤子待机_0007.png","Assets/Game/Sprites/ColorTiming/Hero/Sequences/Hammer/Idle/英雄_锤子_待机_红色_0007.png",""
"Move","77eb452f46fb5b242a1c04f3fb8a5558","Assets/Game/Sprites/ColorTiming/Hero/Sequence/Chuizi/Daiji/红色锤子待机_0008.png","Assets/Game/Sprites/ColorTiming/Hero/Sequences/Hammer/Idle/英雄_锤子_待机_红色_0008.png",""
"Move","690bf0c21e7b2c24d9755897278c96f0","Assets/Game/Sprites/ColorTiming/Hero/Sequence/Chuizi/Daiji/红色锤子待机_0009.png","Assets/Game/Sprites/ColorTiming/Hero/Sequences/Hammer/Idle/英雄_锤子_待机_红色_0009.png",""
"Move","7d6223d1e714c4d4fa7f895500619a9f","Assets/Game/Sprites/ColorTiming/Hero/Sequence/Chuizi/Daiji/红色锤子待机_0010.png","Assets/Game/Sprites/ColorTiming/Hero/Sequences/Hammer/Idle/英雄_锤子_待机_红色_0010.png",""
"Move","4757b05aca1165846adbcd4095d236ab","Assets/Game/Sprites/ColorTiming/Hero/Sequence/Chuizi/Daiji/红色锤子待机_0011.png","Assets/Game/Sprites/ColorTiming/Hero/Sequences/Hammer/Idle/英雄_锤子_待机_红色_0011.png",""
"Move","2822aa515e8f82a449f7ae819d0427e5","Assets/Game/Sprites/ColorTiming/Hero/Sequence/Chuizi/Daiji/绿色锤子待机_0000.png","Assets/Game/Sprites/ColorTiming/Hero/Sequences/Hammer/Idle/英雄_锤子_待机_绿色_0000.png",""
"Move","9f15f89ecc9d5ec44b30543baf848a23","Assets/Game/Sprites/ColorTiming/Hero/Sequence/Chuizi/Daiji/绿色锤子待机_0001.png","Assets/Game/Sprites/ColorTiming/Hero/Sequences/Hammer/Idle/英雄_锤子_待机_绿色_0001.png",""
"Move","d4ef2a6ac4584054d950d74809e67e06","Assets/Game/Sprites/ColorTiming/Hero/Sequence/Chuizi/Daiji/绿色锤子待机_0002.png","Assets/Game/Sprites/ColorTiming/Hero/Sequences/Hammer/Idle/英雄_锤子_待机_绿色_0002.png",""
"Move","53c4280ebfa4af74b88b435b063423e0","Assets/Game/Sprites/ColorTiming/Hero/Sequence/Chuizi/Daiji/绿色锤子待机_0003.png","Assets/Game/Sprites/ColorTiming/Hero/Sequences/Hammer/Idle/英雄_锤子_待机_绿色_0003.png",""
"Move","f31dd0e4af131e445abe225a2d1bbf49","Assets/Game/Sprites/ColorTiming/Hero/Sequence/Chuizi/Daiji/绿色锤子待机_0004.png","Assets/Game/Sprites/ColorTiming/Hero/Sequences/Hammer/Idle/英雄_锤子_待机_绿色_0004.png",""
"Move","7cbb0652054873a40a280e6b8759877f","Assets/Game/Sprites/ColorTiming/Hero/Sequence/Chuizi/Daiji/绿色锤子待机_0005.png","Assets/Game/Sprites/ColorTiming/Hero/Sequences/Hammer/Idle/英雄_锤子_待机_绿色_0005.png",""
"Move","78deafde95bb655459e28061c708e458","Assets/Game/Sprites/ColorTiming/Hero/Sequence/Chuizi/Daiji/绿色锤子待机_0006.png","Assets/Game/Sprites/ColorTiming/Hero/Sequences/Hammer/Idle/英雄_锤子_待机_绿色_0006.png",""
"Move","31f4cf99ad07e2a47b4443c7d37b403b","Assets/Game/Sprites/ColorTiming/Hero/Sequence/Chuizi/Daiji/绿色锤子待机_0007.png","Assets/Game/Sprites/ColorTiming/Hero/Sequences/Hammer/Idle/英雄_锤子_待机_绿色_0007.png",""
"Move","7a7dc714f10fe3d45bad58bc82999a8f","Assets/Game/Sprites/ColorTiming/Hero/Sequence/Chuizi/Daiji/绿色锤子待机_0008.png","Assets/Game/Sprites/ColorTiming/Hero/Sequences/Hammer/Idle/英雄_锤子_待机_绿色_0008.png",""
"Move","c32262e8ad742f549b913b57c5a06e65","Assets/Game/Sprites/ColorTiming/Hero/Sequence/Chuizi/Daiji/绿色锤子待机_0009.png","Assets/Game/Sprites/ColorTiming/Hero/Sequences/Hammer/Idle/英雄_锤子_待机_绿色_0009.png",""
"Move","2e2324fb4b62f514bb64ce5438af994e","Assets/Game/Sprites/ColorTiming/Hero/Sequence/Chuizi/Daiji/绿色锤子待机_0010.png","Assets/Game/Sprites/ColorTiming/Hero/Sequences/Hammer/Idle/英雄_锤子_待机_绿色_0010.png",""
"Move","5c54283587010da49ac4f8d232052509","Assets/Game/Sprites/ColorTiming/Hero/Sequence/Chuizi/Daiji/绿色锤子待机_0011.png","Assets/Game/Sprites/ColorTiming/Hero/Sequences/Hammer/Idle/英雄_锤子_待机_绿色_0011.png",""
"Move","c6c60deb5adb6b349a1f32bf32f9f8f9","Assets/Game/Sprites/ColorTiming/Hero/Sequence/Chuizi/Gongji/Hong/gongji_chuizi_hong.anim","Assets/Game/Sprites/ColorTiming/Hero/Sequences/Hammer/Attack/Red/Hero_Hammer_Attack_Red.anim",""
"Move","8a58dc3731bdd2849a0ddf54d20b1c57","Assets/Game/Sprites/ColorTiming/Hero/Sequence/Chuizi/Gongji/Hong/xuli_do_hong.anim","Assets/Game/Sprites/ColorTiming/Hero/Sequences/Hammer/Attack/Red/Hero_Hammer_Charge_Moving_Red.anim",""
"Move","93de6c3c5b898d548ba0c2020763047c","Assets/Game/Sprites/ColorTiming/Hero/Sequence/Chuizi/Gongji/Hong/xuli_yu_hong.anim","Assets/Game/Sprites/ColorTiming/Hero/Sequences/Hammer/Attack/Red/Hero_Hammer_Charge_Stationary_Red.anim",""
"Move","d0a6e64d4755c5c4bb94195205d9428b","Assets/Game/Sprites/ColorTiming/Hero/Sequence/Chuizi/Gongji/Hong/xuliw_do_hong.anim","Assets/Game/Sprites/ColorTiming/Hero/Sequences/Hammer/Attack/Red/Hero_Hammer_ChargeComplete_Moving_Red.anim",""
"Move","87d904e8409d45942baf3ac3613dcdeb","Assets/Game/Sprites/ColorTiming/Hero/Sequence/Chuizi/Gongji/Hong/xuliw_yu_hong.anim","Assets/Game/Sprites/ColorTiming/Hero/Sequences/Hammer/Attack/Red/Hero_Hammer_ChargeComplete_Stationary_Red.anim",""
"Move","dd87d91506e272e47acf9973e5dab8c6","Assets/Game/Sprites/ColorTiming/Hero/Sequence/Chuizi/Gongji/Hong/原地蓄力完成（红）_0000.png","Assets/Game/Sprites/ColorTiming/Hero/Sequences/Hammer/Attack/Red/英雄_锤子_原地_蓄力_完成_红色_0000.png",""
"Move","1e1c5cbeff549ee4b95090a29713c00a","Assets/Game/Sprites/ColorTiming/Hero/Sequence/Chuizi/Gongji/Hong/原地蓄力完成（红）_0001.png","Assets/Game/Sprites/ColorTiming/Hero/Sequences/Hammer/Attack/Red/英雄_锤子_原地_蓄力_完成_红色_0001.png",""
"Move","f6e6c3939690461479b58e3977c2cf12","Assets/Game/Sprites/ColorTiming/Hero/Sequence/Chuizi/Gongji/Hong/原地蓄力完成（红）_0002.png","Assets/Game/Sprites/ColorTiming/Hero/Sequences/Hammer/Attack/Red/英雄_锤子_原地_蓄力_完成_红色_0002.png",""
"Move","faa66f915476e7f45b53ed04e188a5d4","Assets/Game/Sprites/ColorTiming/Hero/Sequence/Chuizi/Gongji/Hong/原地蓄力完成（红）_0003.png","Assets/Game/Sprites/ColorTiming/Hero/Sequences/Hammer/Attack/Red/英雄_锤子_原地_蓄力_完成_红色_0003.png",""
"Move","e0df601fe11a05e4cb84ac87609daa27","Assets/Game/Sprites/ColorTiming/Hero/Sequence/Chuizi/Gongji/Hong/原地蓄力（红）_0000.png","Assets/Game/Sprites/ColorTiming/Hero/Sequences/Hammer/Attack/Red/英雄_锤子_原地_蓄力_红色_0000.png",""
"Move","50080f2bbf42f234cba8a5cbfbaadfcb","Assets/Game/Sprites/ColorTiming/Hero/Sequence/Chuizi/Gongji/Hong/原地蓄力（红）_0001.png","Assets/Game/Sprites/ColorTiming/Hero/Sequences/Hammer/Attack/Red/英雄_锤子_原地_蓄力_红色_0001.png",""
"Move","698a4d3583e64954996f716a0f68699f","Assets/Game/Sprites/ColorTiming/Hero/Sequence/Chuizi/Gongji/Hong/原地蓄力（红）_0002.png","Assets/Game/Sprites/ColorTiming/Hero/Sequences/Hammer/Attack/Red/英雄_锤子_原地_蓄力_红色_0002.png",""
"Move","b9ce818848cbdd44e80b8e35a7429de2","Assets/Game/Sprites/ColorTiming/Hero/Sequence/Chuizi/Gongji/Hong/原地蓄力（红）_0003.png","Assets/Game/Sprites/ColorTiming/Hero/Sequences/Hammer/Attack/Red/英雄_锤子_原地_蓄力_红色_0003.png",""
"Move","ff6f6f1364a478f4fb1b265d9a555be7","Assets/Game/Sprites/ColorTiming/Hero/Sequence/Chuizi/Gongji/Hong/原地蓄力（红）_0004.png","Assets/Game/Sprites/ColorTiming/Hero/Sequences/Hammer/Attack/Red/英雄_锤子_原地_蓄力_红色_0004.png",""
"Move","775270d72bc13684fb88b29802487da9","Assets/Game/Sprites/ColorTiming/Hero/Sequence/Chuizi/Gongji/Hong/原地蓄力（红）_0005.png","Assets/Game/Sprites/ColorTiming/Hero/Sequences/Hammer/Attack/Red/英雄_锤子_原地_蓄力_红色_0005.png",""
"Move","0d15e5fdf6b982847bc3e7fbfe0ef4b7","Assets/Game/Sprites/ColorTiming/Hero/Sequence/Chuizi/Gongji/Hong/原地蓄力（红）_0006.png","Assets/Game/Sprites/ColorTiming/Hero/Sequences/Hammer/Attack/Red/英雄_锤子_原地_蓄力_红色_0006.png",""
"Move","c4c69097ddb7f004c8cf8a1ef59c28e7","Assets/Game/Sprites/ColorTiming/Hero/Sequence/Chuizi/Gongji/Hong/原地蓄力（红）_0007.png","Assets/Game/Sprites/ColorTiming/Hero/Sequences/Hammer/Attack/Red/英雄_锤子_原地_蓄力_红色_0007.png",""
"Move","63e3a54ffe023e749bd1e7204316c49a","Assets/Game/Sprites/ColorTiming/Hero/Sequence/Chuizi/Gongji/Hong/原地蓄力（红）_0008.png","Assets/Game/Sprites/ColorTiming/Hero/Sequences/Hammer/Attack/Red/英雄_锤子_原地_蓄力_红色_0008.png",""
"Move","714f5b360e397eb4e8bd4b2524800a5e","Assets/Game/Sprites/ColorTiming/Hero/Sequence/Chuizi/Gongji/Hong/原地蓄力（红）_0009.png","Assets/Game/Sprites/ColorTiming/Hero/Sequences/Hammer/Attack/Red/英雄_锤子_原地_蓄力_红色_0009.png",""
"Move","24f197cc9ab2ffb4ba04aee5bf3dab48","Assets/Game/Sprites/ColorTiming/Hero/Sequence/Chuizi/Gongji/Hong/原地蓄力（红）_0010.png","Assets/Game/Sprites/ColorTiming/Hero/Sequences/Hammer/Attack/Red/英雄_锤子_原地_蓄力_红色_0010.png",""
"Move","d8682bdfdee6c2f4bbe3d040e7f379de","Assets/Game/Sprites/ColorTiming/Hero/Sequence/Chuizi/Gongji/Hong/原地蓄力（红）_0011.png","Assets/Game/Sprites/ColorTiming/Hero/Sequences/Hammer/Attack/Red/英雄_锤子_原地_蓄力_红色_0011.png",""
"Move","627e62bd8370b024eb6dd8585d1445ca","Assets/Game/Sprites/ColorTiming/Hero/Sequence/Chuizi/Gongji/Hong/原地蓄力（红）_0012.png","Assets/Game/Sprites/ColorTiming/Hero/Sequences/Hammer/Attack/Red/英雄_锤子_原地_蓄力_红色_0012.png",""
"Move","872eb9266184c7c4e973c7f8052a3f8c","Assets/Game/Sprites/ColorTiming/Hero/Sequence/Chuizi/Gongji/Hong/原地蓄力（红）_0013.png","Assets/Game/Sprites/ColorTiming/Hero/Sequences/Hammer/Attack/Red/英雄_锤子_原地_蓄力_红色_0013.png",""
"Move","bddbfbf0f1382b64fa8654109fec8a3b","Assets/Game/Sprites/ColorTiming/Hero/Sequence/Chuizi/Gongji/Hong/原地蓄力（红）_0014.png","Assets/Game/Sprites/ColorTiming/Hero/Sequences/Hammer/Attack/Red/英雄_锤子_原地_蓄力_红色_0014.png",""
"Move","759485ecbee540e4c9e4b9893ee2ba41","Assets/Game/Sprites/ColorTiming/Hero/Sequence/Chuizi/Gongji/Hong/原地蓄力（红）_0015.png","Assets/Game/Sprites/ColorTiming/Hero/Sequences/Hammer/Attack/Red/英雄_锤子_原地_蓄力_红色_0015.png",""
"Move","bdef9fcc35b57844da3a2f189ed45c4f","Assets/Game/Sprites/ColorTiming/Hero/Sequence/Chuizi/Gongji/Hong/原地蓄力（红）_0016.png","Assets/Game/Sprites/ColorTiming/Hero/Sequences/Hammer/Attack/Red/英雄_锤子_原地_蓄力_红色_0016.png",""
"Move","ad130f521ac16e54cab11fd4d5f169ea","Assets/Game/Sprites/ColorTiming/Hero/Sequence/Chuizi/Gongji/Hong/原地蓄力（红）_0017.png","Assets/Game/Sprites/ColorTiming/Hero/Sequences/Hammer/Attack/Red/英雄_锤子_原地_蓄力_红色_0017.png",""
"Move","0517dcbe2beefe04a9daf2d264b63a30","Assets/Game/Sprites/ColorTiming/Hero/Sequence/Chuizi/Gongji/Hong/移动蓄力完成（红）_0000.png","Assets/Game/Sprites/ColorTiming/Hero/Sequences/Hammer/Attack/Red/英雄_锤子_移动_蓄力_完成_红色_0000.png",""
"Move","6f9dbc75ac79bea45896db95cc50c621","Assets/Game/Sprites/ColorTiming/Hero/Sequence/Chuizi/Gongji/Hong/移动蓄力完成（红）_0001.png","Assets/Game/Sprites/ColorTiming/Hero/Sequences/Hammer/Attack/Red/英雄_锤子_移动_蓄力_完成_红色_0001.png",""
"Move","08f82be3382af1f4e9ab10dfd60bd9da","Assets/Game/Sprites/ColorTiming/Hero/Sequence/Chuizi/Gongji/Hong/移动蓄力完成（红）_0002.png","Assets/Game/Sprites/ColorTiming/Hero/Sequences/Hammer/Attack/Red/英雄_锤子_移动_蓄力_完成_红色_0002.png",""
"Move","392b6a8e61b4712418d6c72b1678706e","Assets/Game/Sprites/ColorTiming/Hero/Sequence/Chuizi/Gongji/Hong/移动蓄力完成（红）_0003.png","Assets/Game/Sprites/ColorTiming/Hero/Sequences/Hammer/Attack/Red/英雄_锤子_移动_蓄力_完成_红色_0003.png",""
"Move","a5632b4f39a1b6048add2a66af92955d","Assets/Game/Sprites/ColorTiming/Hero/Sequence/Chuizi/Gongji/Hong/移动蓄力完成（红）_0004.png","Assets/Game/Sprites/ColorTiming/Hero/Sequences/Hammer/Attack/Red/英雄_锤子_移动_蓄力_完成_红色_0004.png",""
"Move","9c954a5a6486d95459308df3a7f72e60","Assets/Game/Sprites/ColorTiming/Hero/Sequence/Chuizi/Gongji/Hong/移动蓄力完成（红）_0005.png","Assets/Game/Sprites/ColorTiming/Hero/Sequences/Hammer/Attack/Red/英雄_锤子_移动_蓄力_完成_红色_0005.png",""
"Move","f791695b90168ee4884c42e9fd898389","Assets/Game/Sprites/ColorTiming/Hero/Sequence/Chuizi/Gongji/Hong/移动蓄力（红）_0000.png","Assets/Game/Sprites/ColorTiming/Hero/Sequences/Hammer/Attack/Red/英雄_锤子_移动_蓄力_红色_0000.png",""
"Move","7c72e5853e5bb1c4bba695c741746a4c","Assets/Game/Sprites/ColorTiming/Hero/Sequence/Chuizi/Gongji/Hong/移动蓄力（红）_0001.png","Assets/Game/Sprites/ColorTiming/Hero/Sequences/Hammer/Attack/Red/英雄_锤子_移动_蓄力_红色_0001.png",""
"Move","d8f6311d39a3cf346910c7cbd9f2c9e2","Assets/Game/Sprites/ColorTiming/Hero/Sequence/Chuizi/Gongji/Hong/移动蓄力（红）_0002.png","Assets/Game/Sprites/ColorTiming/Hero/Sequences/Hammer/Attack/Red/英雄_锤子_移动_蓄力_红色_0002.png",""
"Move","f64d30dc43385dd46a7a52bd4529ddae","Assets/Game/Sprites/ColorTiming/Hero/Sequence/Chuizi/Gongji/Hong/移动蓄力（红）_0003.png","Assets/Game/Sprites/ColorTiming/Hero/Sequences/Hammer/Attack/Red/英雄_锤子_移动_蓄力_红色_0003.png",""
"Move","2596aee334b8fee47b8dec06f4c3aa80","Assets/Game/Sprites/ColorTiming/Hero/Sequence/Chuizi/Gongji/Hong/移动蓄力（红）_0004.png","Assets/Game/Sprites/ColorTiming/Hero/Sequences/Hammer/Attack/Red/英雄_锤子_移动_蓄力_红色_0004.png",""
"Move","710fd7048c85bf743990ae017a7c2545","Assets/Game/Sprites/ColorTiming/Hero/Sequence/Chuizi/Gongji/Hong/移动蓄力（红）_0005.png","Assets/Game/Sprites/ColorTiming/Hero/Sequences/Hammer/Attack/Red/英雄_锤子_移动_蓄力_红色_0005.png",""
"Move","c38d23b3dbc028844a5cd70febde955d","Assets/Game/Sprites/ColorTiming/Hero/Sequence/Chuizi/Gongji/Hong/移动蓄力（红）_0006.png","Assets/Game/Sprites/ColorTiming/Hero/Sequences/Hammer/Attack/Red/英雄_锤子_移动_蓄力_红色_0006.png",""
"Move","bd47f60380471514f929686d7e0d492e","Assets/Game/Sprites/ColorTiming/Hero/Sequence/Chuizi/Gongji/Hong/移动蓄力（红）_0007.png","Assets/Game/Sprites/ColorTiming/Hero/Sequences/Hammer/Attack/Red/英雄_锤子_移动_蓄力_红色_0007.png",""
"Move","8bd46fd1dd4e51645a14d5fcf7926298","Assets/Game/Sprites/ColorTiming/Hero/Sequence/Chuizi/Gongji/Hong/移动蓄力（红）_0008.png","Assets/Game/Sprites/ColorTiming/Hero/Sequences/Hammer/Attack/Red/英雄_锤子_移动_蓄力_红色_0008.png",""
"Move","a1a59f432c9fd604a8133e1bae8cec4a","Assets/Game/Sprites/ColorTiming/Hero/Sequence/Chuizi/Gongji/Hong/移动蓄力（红）_0009.png","Assets/Game/Sprites/ColorTiming/Hero/Sequences/Hammer/Attack/Red/英雄_锤子_移动_蓄力_红色_0009.png",""
"Move","68bc428160e98d64598c2ddb4cdae31d","Assets/Game/Sprites/ColorTiming/Hero/Sequence/Chuizi/Gongji/Hong/移动蓄力（红）_0010.png","Assets/Game/Sprites/ColorTiming/Hero/Sequences/Hammer/Attack/Red/英雄_锤子_移动_蓄力_红色_0010.png",""
"Move","cfab585b6cc9aae4ea8a7f232ec40af8","Assets/Game/Sprites/ColorTiming/Hero/Sequence/Chuizi/Gongji/Hong/移动蓄力（红）_0011.png","Assets/Game/Sprites/ColorTiming/Hero/Sequences/Hammer/Attack/Red/英雄_锤子_移动_蓄力_红色_0011.png",""
"Move","ae9aba05a6eb341439e71123d6a22936","Assets/Game/Sprites/ColorTiming/Hero/Sequence/Chuizi/Gongji/Hong/移动蓄力（红）_0012.png","Assets/Game/Sprites/ColorTiming/Hero/Sequences/Hammer/Attack/Red/英雄_锤子_移动_蓄力_红色_0012.png",""
"Move","4ab837e75ce48b84d9f41a5dc2aa39e9","Assets/Game/Sprites/ColorTiming/Hero/Sequence/Chuizi/Gongji/Hong/移动蓄力（红）_0013.png","Assets/Game/Sprites/ColorTiming/Hero/Sequences/Hammer/Attack/Red/英雄_锤子_移动_蓄力_红色_0013.png",""
"Move","b5b906b7e81fbc5439ae216b2d1819c6","Assets/Game/Sprites/ColorTiming/Hero/Sequence/Chuizi/Gongji/Hong/移动蓄力（红）_0014.png","Assets/Game/Sprites/ColorTiming/Hero/Sequences/Hammer/Attack/Red/英雄_锤子_移动_蓄力_红色_0014.png",""
"Move","97c7d388ba612f2469cd8618ce5790d6","Assets/Game/Sprites/ColorTiming/Hero/Sequence/Chuizi/Gongji/Hong/移动蓄力（红）_0015.png","Assets/Game/Sprites/ColorTiming/Hero/Sequences/Hammer/Attack/Red/英雄_锤子_移动_蓄力_红色_0015.png",""
"Move","a511e549857003c4398fbf25038c3c00","Assets/Game/Sprites/ColorTiming/Hero/Sequence/Chuizi/Gongji/Hong/移动蓄力（红）_0016.png","Assets/Game/Sprites/ColorTiming/Hero/Sequences/Hammer/Attack/Red/英雄_锤子_移动_蓄力_红色_0016.png",""
"Move","a2484ad997701f74e9dfabf8becb4abc","Assets/Game/Sprites/ColorTiming/Hero/Sequence/Chuizi/Gongji/Hong/移动蓄力（红）_0017.png","Assets/Game/Sprites/ColorTiming/Hero/Sequences/Hammer/Attack/Red/英雄_锤子_移动_蓄力_红色_0017.png",""
"Move","1aba8a1c03c9cbf4387f36aabc53c420","Assets/Game/Sprites/ColorTiming/Hero/Sequence/Chuizi/Gongji/Hong/锤子攻击（红）_0000.png","Assets/Game/Sprites/ColorTiming/Hero/Sequences/Hammer/Attack/Red/英雄_锤子_攻击_红色_0000.png",""
"Move","83066b399695eb14aaf394c026a583d8","Assets/Game/Sprites/ColorTiming/Hero/Sequence/Chuizi/Gongji/Hong/锤子攻击（红）_0001.png","Assets/Game/Sprites/ColorTiming/Hero/Sequences/Hammer/Attack/Red/英雄_锤子_攻击_红色_0001.png",""
"Move","347ee122831242845a7f4dbe02560658","Assets/Game/Sprites/ColorTiming/Hero/Sequence/Chuizi/Gongji/Hong/锤子攻击（红）_0002.png","Assets/Game/Sprites/ColorTiming/Hero/Sequences/Hammer/Attack/Red/英雄_锤子_攻击_红色_0002.png",""
"Move","fd1060661311f144b9ddb58bf03a934f","Assets/Game/Sprites/ColorTiming/Hero/Sequence/Chuizi/Gongji/Hong/锤子攻击（红）_0003.png","Assets/Game/Sprites/ColorTiming/Hero/Sequences/Hammer/Attack/Red/英雄_锤子_攻击_红色_0003.png",""
"Move","1e9bec1bbc811594b92bc1efaca8b309","Assets/Game/Sprites/ColorTiming/Hero/Sequence/Chuizi/Gongji/Hong/锤子攻击（红）_0004.png","Assets/Game/Sprites/ColorTiming/Hero/Sequences/Hammer/Attack/Red/英雄_锤子_攻击_红色_0004.png",""
"Move","2a93822c5764fd44aa42f3238a6c5c59","Assets/Game/Sprites/ColorTiming/Hero/Sequence/Chuizi/Gongji/Hong/锤子攻击（红）_0005.png","Assets/Game/Sprites/ColorTiming/Hero/Sequences/Hammer/Attack/Red/英雄_锤子_攻击_红色_0005.png",""
"Move","f6852eadb3081f74fb0a78e2dd90bd11","Assets/Game/Sprites/ColorTiming/Hero/Sequence/Chuizi/Gongji/Hong/锤子攻击（红）_0006.png","Assets/Game/Sprites/ColorTiming/Hero/Sequences/Hammer/Attack/Red/英雄_锤子_攻击_红色_0006.png",""
"Move","348387d369cd56f44b49eb3b763f9597","Assets/Game/Sprites/ColorTiming/Hero/Sequence/Chuizi/Gongji/Hong/锤子攻击（红）_0007.png","Assets/Game/Sprites/ColorTiming/Hero/Sequences/Hammer/Attack/Red/英雄_锤子_攻击_红色_0007.png",""
"Move","b59f3fb30aa1d954dab27110ee9c039b","Assets/Game/Sprites/ColorTiming/Hero/Sequence/Chuizi/Gongji/Hong/锤子攻击（红）_0008.png","Assets/Game/Sprites/ColorTiming/Hero/Sequences/Hammer/Attack/Red/英雄_锤子_攻击_红色_0008.png",""
"Move","da88585c9d83e114a9ffe22e97591f1e","Assets/Game/Sprites/ColorTiming/Hero/Sequence/Chuizi/Gongji/Hong/锤子攻击（红）_0009.png","Assets/Game/Sprites/ColorTiming/Hero/Sequences/Hammer/Attack/Red/英雄_锤子_攻击_红色_0009.png",""
"Move","e285d3d2a992fa4419239556aaffc89b","Assets/Game/Sprites/ColorTiming/Hero/Sequence/Chuizi/Gongji/Hong/锤子攻击（红）_0010.png","Assets/Game/Sprites/ColorTiming/Hero/Sequences/Hammer/Attack/Red/英雄_锤子_攻击_红色_0010.png",""
"Move","c977f7f67ba62674e831cfb5d56ebe21","Assets/Game/Sprites/ColorTiming/Hero/Sequence/Chuizi/Gongji/Hong/锤子攻击（红）_0011.png","Assets/Game/Sprites/ColorTiming/Hero/Sequences/Hammer/Attack/Red/英雄_锤子_攻击_红色_0011.png",""
"Move","847c714a7bf534247b0220ddd645ea46","Assets/Game/Sprites/ColorTiming/Hero/Sequence/Chuizi/Gongji/Hong/锤子攻击（红）_0012.png","Assets/Game/Sprites/ColorTiming/Hero/Sequences/Hammer/Attack/Red/英雄_锤子_攻击_红色_0012.png",""
"Move","6273863947ae4f345a806db90d1d1fda","Assets/Game/Sprites/ColorTiming/Hero/Sequence/Chuizi/Gongji/Hong/锤子攻击（红）_0013.png","Assets/Game/Sprites/ColorTiming/Hero/Sequences/Hammer/Attack/Red/英雄_锤子_攻击_红色_0013.png",""
"Move","049f33b79b161c343819a9967c4e867b","Assets/Game/Sprites/ColorTiming/Hero/Sequence/Chuizi/Gongji/Hong/锤子攻击（红）_0014.png","Assets/Game/Sprites/ColorTiming/Hero/Sequences/Hammer/Attack/Red/英雄_锤子_攻击_红色_0014.png",""
"Move","e49a44007d0e7ec48949bed0bac73ebe","Assets/Game/Sprites/ColorTiming/Hero/Sequence/Chuizi/Gongji/Hong/锤子攻击（红）_0015.png","Assets/Game/Sprites/ColorTiming/Hero/Sequences/Hammer/Attack/Red/英雄_锤子_攻击_红色_0015.png",""
"Move","fc28a4a5943ca334cae3d18ba587d00c","Assets/Game/Sprites/ColorTiming/Hero/Sequence/Chuizi/Gongji/Hong/锤子攻击（红）_0016.png","Assets/Game/Sprites/ColorTiming/Hero/Sequences/Hammer/Attack/Red/英雄_锤子_攻击_红色_0016.png",""
"Move","39fc49701a8549745b590d02be58218d","Assets/Game/Sprites/ColorTiming/Hero/Sequence/Chuizi/Gongji/Hong/锤子攻击（红）_0017.png","Assets/Game/Sprites/ColorTiming/Hero/Sequences/Hammer/Attack/Red/英雄_锤子_攻击_红色_0017.png",""
"Move","df50129472122cf419fddd2df1e0f88d","Assets/Game/Sprites/ColorTiming/Hero/Sequence/Chuizi/Gongji/Lv/gongji_chuizi_lv.anim","Assets/Game/Sprites/ColorTiming/Hero/Sequences/Hammer/Attack/Green/Hero_Hammer_Attack_Green.anim",""
"Move","9bbeff943a0c6c54e81c38db0500b724","Assets/Game/Sprites/ColorTiming/Hero/Sequence/Chuizi/Gongji/Lv/xuli_do_lv.anim","Assets/Game/Sprites/ColorTiming/Hero/Sequences/Hammer/Attack/Green/Hero_Hammer_Charge_Moving_Green.anim",""
"Move","db9296c56d0d8834e8247b3dcedca71f","Assets/Game/Sprites/ColorTiming/Hero/Sequence/Chuizi/Gongji/Lv/xuli_yu_lv.anim","Assets/Game/Sprites/ColorTiming/Hero/Sequences/Hammer/Attack/Green/Hero_Hammer_Charge_Stationary_Green.anim",""
"Move","7ec380879a1a33343ae88610dd87c32e","Assets/Game/Sprites/ColorTiming/Hero/Sequence/Chuizi/Gongji/Lv/xuliw_do_lv.anim","Assets/Game/Sprites/ColorTiming/Hero/Sequences/Hammer/Attack/Green/Hero_Hammer_ChargeComplete_Moving_Green.anim",""
"Move","d7126f868925c3b4e8138a19d38b153d","Assets/Game/Sprites/ColorTiming/Hero/Sequence/Chuizi/Gongji/Lv/xuliw_yu_lv.anim","Assets/Game/Sprites/ColorTiming/Hero/Sequences/Hammer/Attack/Green/Hero_Hammer_ChargeComplete_Stationary_Green.anim",""
"Move","b5ed57e27e216134ea98780cc4817d66","Assets/Game/Sprites/ColorTiming/Hero/Sequence/Chuizi/Gongji/Lv/原地蓄力完成（绿）_0000.png","Assets/Game/Sprites/ColorTiming/Hero/Sequences/Hammer/Attack/Green/英雄_锤子_原地_蓄力_完成_绿色_0000.png",""
"Move","70a95fd2effc78149ade0a1a08a72e91","Assets/Game/Sprites/ColorTiming/Hero/Sequence/Chuizi/Gongji/Lv/原地蓄力完成（绿）_0001.png","Assets/Game/Sprites/ColorTiming/Hero/Sequences/Hammer/Attack/Green/英雄_锤子_原地_蓄力_完成_绿色_0001.png",""
"Move","60b8d41e592673e4cbf599439c31fb2d","Assets/Game/Sprites/ColorTiming/Hero/Sequence/Chuizi/Gongji/Lv/原地蓄力完成（绿）_0002.png","Assets/Game/Sprites/ColorTiming/Hero/Sequences/Hammer/Attack/Green/英雄_锤子_原地_蓄力_完成_绿色_0002.png",""
"Move","aa7ac467027f03e4a814ca5400583874","Assets/Game/Sprites/ColorTiming/Hero/Sequence/Chuizi/Gongji/Lv/原地蓄力完成（绿）_0003.png","Assets/Game/Sprites/ColorTiming/Hero/Sequences/Hammer/Attack/Green/英雄_锤子_原地_蓄力_完成_绿色_0003.png",""
"Move","7d7716fbc28ac8b46b921b101fba6457","Assets/Game/Sprites/ColorTiming/Hero/Sequence/Chuizi/Gongji/Lv/原地蓄力（绿）_0000.png","Assets/Game/Sprites/ColorTiming/Hero/Sequences/Hammer/Attack/Green/英雄_锤子_原地_蓄力_绿色_0000.png",""
"Move","d77a6c1fc2f678c4e905bc401dd463c3","Assets/Game/Sprites/ColorTiming/Hero/Sequence/Chuizi/Gongji/Lv/原地蓄力（绿）_0001.png","Assets/Game/Sprites/ColorTiming/Hero/Sequences/Hammer/Attack/Green/英雄_锤子_原地_蓄力_绿色_0001.png",""
"Move","52abfef416e8b634ca6eb62ce20aefe9","Assets/Game/Sprites/ColorTiming/Hero/Sequence/Chuizi/Gongji/Lv/原地蓄力（绿）_0002.png","Assets/Game/Sprites/ColorTiming/Hero/Sequences/Hammer/Attack/Green/英雄_锤子_原地_蓄力_绿色_0002.png",""
"Move","4585bdcfbf27e8c4d842cb81dcb9f1a2","Assets/Game/Sprites/ColorTiming/Hero/Sequence/Chuizi/Gongji/Lv/原地蓄力（绿）_0003.png","Assets/Game/Sprites/ColorTiming/Hero/Sequences/Hammer/Attack/Green/英雄_锤子_原地_蓄力_绿色_0003.png",""
"Move","395d6943f9ab11548b2b2d628a333536","Assets/Game/Sprites/ColorTiming/Hero/Sequence/Chuizi/Gongji/Lv/原地蓄力（绿）_0004.png","Assets/Game/Sprites/ColorTiming/Hero/Sequences/Hammer/Attack/Green/英雄_锤子_原地_蓄力_绿色_0004.png",""
"Move","580a110f09fe9064182b91dd1d9dc20c","Assets/Game/Sprites/ColorTiming/Hero/Sequence/Chuizi/Gongji/Lv/原地蓄力（绿）_0005.png","Assets/Game/Sprites/ColorTiming/Hero/Sequences/Hammer/Attack/Green/英雄_锤子_原地_蓄力_绿色_0005.png",""
"Move","039cb78e2c438d845a78ddc2c29bf25c","Assets/Game/Sprites/ColorTiming/Hero/Sequence/Chuizi/Gongji/Lv/原地蓄力（绿）_0006.png","Assets/Game/Sprites/ColorTiming/Hero/Sequences/Hammer/Attack/Green/英雄_锤子_原地_蓄力_绿色_0006.png",""
"Move","68cc9e79e3a53ac469d98e9bfc22c893","Assets/Game/Sprites/ColorTiming/Hero/Sequence/Chuizi/Gongji/Lv/原地蓄力（绿）_0007.png","Assets/Game/Sprites/ColorTiming/Hero/Sequences/Hammer/Attack/Green/英雄_锤子_原地_蓄力_绿色_0007.png",""
"Move","c1339bc1079675d4d8644c18b594f925","Assets/Game/Sprites/ColorTiming/Hero/Sequence/Chuizi/Gongji/Lv/原地蓄力（绿）_0008.png","Assets/Game/Sprites/ColorTiming/Hero/Sequences/Hammer/Attack/Green/英雄_锤子_原地_蓄力_绿色_0008.png",""
"Move","1a9384984c25a104da9fa8e43fd5b513","Assets/Game/Sprites/ColorTiming/Hero/Sequence/Chuizi/Gongji/Lv/原地蓄力（绿）_0009.png","Assets/Game/Sprites/ColorTiming/Hero/Sequences/Hammer/Attack/Green/英雄_锤子_原地_蓄力_绿色_0009.png",""
"Move","cca414cca70010c47ab1ebcc792de34e","Assets/Game/Sprites/ColorTiming/Hero/Sequence/Chuizi/Gongji/Lv/原地蓄力（绿）_0010.png","Assets/Game/Sprites/ColorTiming/Hero/Sequences/Hammer/Attack/Green/英雄_锤子_原地_蓄力_绿色_0010.png",""
"Move","7c9329bfa6f187042957a2aca43a9c0e","Assets/Game/Sprites/ColorTiming/Hero/Sequence/Chuizi/Gongji/Lv/原地蓄力（绿）_0011.png","Assets/Game/Sprites/ColorTiming/Hero/Sequences/Hammer/Attack/Green/英雄_锤子_原地_蓄力_绿色_0011.png",""
"Move","58b892ac05d558448a40f4971f5c0d64","Assets/Game/Sprites/ColorTiming/Hero/Sequence/Chuizi/Gongji/Lv/原地蓄力（绿）_0012.png","Assets/Game/Sprites/ColorTiming/Hero/Sequences/Hammer/Attack/Green/英雄_锤子_原地_蓄力_绿色_0012.png",""
"Move","eac4be07f842c7e4aaa52e06073989c8","Assets/Game/Sprites/ColorTiming/Hero/Sequence/Chuizi/Gongji/Lv/原地蓄力（绿）_0013.png","Assets/Game/Sprites/ColorTiming/Hero/Sequences/Hammer/Attack/Green/英雄_锤子_原地_蓄力_绿色_0013.png",""
"Move","2085b02123ad4bf45bc1c62bc7e7c55e","Assets/Game/Sprites/ColorTiming/Hero/Sequence/Chuizi/Gongji/Lv/原地蓄力（绿）_0014.png","Assets/Game/Sprites/ColorTiming/Hero/Sequences/Hammer/Attack/Green/英雄_锤子_原地_蓄力_绿色_0014.png",""
"Move","909ab18459e5cf9479af809a910a78c3","Assets/Game/Sprites/ColorTiming/Hero/Sequence/Chuizi/Gongji/Lv/原地蓄力（绿）_0015.png","Assets/Game/Sprites/ColorTiming/Hero/Sequences/Hammer/Attack/Green/英雄_锤子_原地_蓄力_绿色_0015.png",""
"Move","e3acf0aeee794d54289dadc76ce0632e","Assets/Game/Sprites/ColorTiming/Hero/Sequence/Chuizi/Gongji/Lv/原地蓄力（绿）_0016.png","Assets/Game/Sprites/ColorTiming/Hero/Sequences/Hammer/Attack/Green/英雄_锤子_原地_蓄力_绿色_0016.png",""
"Move","94f6404efc925454e87f59ccefe2f49d","Assets/Game/Sprites/ColorTiming/Hero/Sequence/Chuizi/Gongji/Lv/原地蓄力（绿）_0017.png","Assets/Game/Sprites/ColorTiming/Hero/Sequences/Hammer/Attack/Green/英雄_锤子_原地_蓄力_绿色_0017.png",""
"Move","88512fa7d036e834496dcc456b8f5b33","Assets/Game/Sprites/ColorTiming/Hero/Sequence/Chuizi/Gongji/Lv/攻击动作（绿）_0000.png","Assets/Game/Sprites/ColorTiming/Hero/Sequences/Hammer/Attack/Green/英雄_锤子_攻击_动作_绿色_0000.png",""
"Move","0c4fedca0a1e73947835ee2b3830fe4f","Assets/Game/Sprites/ColorTiming/Hero/Sequence/Chuizi/Gongji/Lv/攻击动作（绿）_0001.png","Assets/Game/Sprites/ColorTiming/Hero/Sequences/Hammer/Attack/Green/英雄_锤子_攻击_动作_绿色_0001.png",""
"Move","575edad396c12554390c594c814648b2","Assets/Game/Sprites/ColorTiming/Hero/Sequence/Chuizi/Gongji/Lv/攻击动作（绿）_0002.png","Assets/Game/Sprites/ColorTiming/Hero/Sequences/Hammer/Attack/Green/英雄_锤子_攻击_动作_绿色_0002.png",""
"Move","12a1e9bdbb9eb2443b224cd2f22cabf4","Assets/Game/Sprites/ColorTiming/Hero/Sequence/Chuizi/Gongji/Lv/攻击动作（绿）_0003.png","Assets/Game/Sprites/ColorTiming/Hero/Sequences/Hammer/Attack/Green/英雄_锤子_攻击_动作_绿色_0003.png",""
"Move","460ae4d412bd51c47a4f2f22cf46c9c7","Assets/Game/Sprites/ColorTiming/Hero/Sequence/Chuizi/Gongji/Lv/攻击动作（绿）_0004.png","Assets/Game/Sprites/ColorTiming/Hero/Sequences/Hammer/Attack/Green/英雄_锤子_攻击_动作_绿色_0004.png",""
"Move","359a8a2b36835fa42acbd52e7847b436","Assets/Game/Sprites/ColorTiming/Hero/Sequence/Chuizi/Gongji/Lv/攻击动作（绿）_0005.png","Assets/Game/Sprites/ColorTiming/Hero/Sequences/Hammer/Attack/Green/英雄_锤子_攻击_动作_绿色_0005.png",""
"Move","0d04550c66df44541839121507fba785","Assets/Game/Sprites/ColorTiming/Hero/Sequence/Chuizi/Gongji/Lv/攻击动作（绿）_0006.png","Assets/Game/Sprites/ColorTiming/Hero/Sequences/Hammer/Attack/Green/英雄_锤子_攻击_动作_绿色_0006.png",""
"Move","ebee3a1e0fc3e294081883d94fd5d5b2","Assets/Game/Sprites/ColorTiming/Hero/Sequence/Chuizi/Gongji/Lv/攻击动作（绿）_0007.png","Assets/Game/Sprites/ColorTiming/Hero/Sequences/Hammer/Attack/Green/英雄_锤子_攻击_动作_绿色_0007.png",""
"Move","ff490e6f63cc21148857495082af4196","Assets/Game/Sprites/ColorTiming/Hero/Sequence/Chuizi/Gongji/Lv/攻击动作（绿）_0008.png","Assets/Game/Sprites/ColorTiming/Hero/Sequences/Hammer/Attack/Green/英雄_锤子_攻击_动作_绿色_0008.png",""
"Move","ff99a8d07cfffc74caaacd29b22b948d","Assets/Game/Sprites/ColorTiming/Hero/Sequence/Chuizi/Gongji/Lv/攻击动作（绿）_0009.png","Assets/Game/Sprites/ColorTiming/Hero/Sequences/Hammer/Attack/Green/英雄_锤子_攻击_动作_绿色_0009.png",""
"Move","a066f143341af5d4c93e91c1de9ac848","Assets/Game/Sprites/ColorTiming/Hero/Sequence/Chuizi/Gongji/Lv/攻击动作（绿）_0010.png","Assets/Game/Sprites/ColorTiming/Hero/Sequences/Hammer/Attack/Green/英雄_锤子_攻击_动作_绿色_0010.png",""
"Move","fdfe16acb14132343bc44f5e4af4f5fd","Assets/Game/Sprites/ColorTiming/Hero/Sequence/Chuizi/Gongji/Lv/攻击动作（绿）_0011.png","Assets/Game/Sprites/ColorTiming/Hero/Sequences/Hammer/Attack/Green/英雄_锤子_攻击_动作_绿色_0011.png",""
"Move","aa579f13721082344adae7271f4d7524","Assets/Game/Sprites/ColorTiming/Hero/Sequence/Chuizi/Gongji/Lv/攻击动作（绿）_0012.png","Assets/Game/Sprites/ColorTiming/Hero/Sequences/Hammer/Attack/Green/英雄_锤子_攻击_动作_绿色_0012.png",""
"Move","7d3b934a116073c4699773e9839759a4","Assets/Game/Sprites/ColorTiming/Hero/Sequence/Chuizi/Gongji/Lv/攻击动作（绿）_0013.png","Assets/Game/Sprites/ColorTiming/Hero/Sequences/Hammer/Attack/Green/英雄_锤子_攻击_动作_绿色_0013.png",""
"Move","5a61727b4f8e66f4db3b176a692b4416","Assets/Game/Sprites/ColorTiming/Hero/Sequence/Chuizi/Gongji/Lv/攻击动作（绿）_0014.png","Assets/Game/Sprites/ColorTiming/Hero/Sequences/Hammer/Attack/Green/英雄_锤子_攻击_动作_绿色_0014.png",""
"Move","27221edf5b7068140911b66df4150364","Assets/Game/Sprites/ColorTiming/Hero/Sequence/Chuizi/Gongji/Lv/攻击动作（绿）_0015.png","Assets/Game/Sprites/ColorTiming/Hero/Sequences/Hammer/Attack/Green/英雄_锤子_攻击_动作_绿色_0015.png",""
"Move","3dfefe7358977904faee662e63e07dac","Assets/Game/Sprites/ColorTiming/Hero/Sequence/Chuizi/Gongji/Lv/攻击动作（绿）_0016.png","Assets/Game/Sprites/ColorTiming/Hero/Sequences/Hammer/Attack/Green/英雄_锤子_攻击_动作_绿色_0016.png",""
"Move","18c9dde00041358448f6d39a8261d04c","Assets/Game/Sprites/ColorTiming/Hero/Sequence/Chuizi/Gongji/Lv/攻击动作（绿）_0017.png","Assets/Game/Sprites/ColorTiming/Hero/Sequences/Hammer/Attack/Green/英雄_锤子_攻击_动作_绿色_0017.png",""
"Move","f7a340890c3bafa43ae25f88e97f8b6a","Assets/Game/Sprites/ColorTiming/Hero/Sequence/Chuizi/Gongji/Lv/移动蓄力完成（绿）_0000.png","Assets/Game/Sprites/ColorTiming/Hero/Sequences/Hammer/Attack/Green/英雄_锤子_移动_蓄力_完成_绿色_0000.png",""
"Move","558d32c6f5a4113429a16bbce9b6babb","Assets/Game/Sprites/ColorTiming/Hero/Sequence/Chuizi/Gongji/Lv/移动蓄力完成（绿）_0001.png","Assets/Game/Sprites/ColorTiming/Hero/Sequences/Hammer/Attack/Green/英雄_锤子_移动_蓄力_完成_绿色_0001.png",""
"Move","8635e456ea7fbc143946121c3bb3a2bd","Assets/Game/Sprites/ColorTiming/Hero/Sequence/Chuizi/Gongji/Lv/移动蓄力完成（绿）_0002.png","Assets/Game/Sprites/ColorTiming/Hero/Sequences/Hammer/Attack/Green/英雄_锤子_移动_蓄力_完成_绿色_0002.png",""
"Move","986a61222937c6b4095303216a896ca6","Assets/Game/Sprites/ColorTiming/Hero/Sequence/Chuizi/Gongji/Lv/移动蓄力完成（绿）_0003.png","Assets/Game/Sprites/ColorTiming/Hero/Sequences/Hammer/Attack/Green/英雄_锤子_移动_蓄力_完成_绿色_0003.png",""
"Move","1301dd3e594b1344e8bf100628afd4b9","Assets/Game/Sprites/ColorTiming/Hero/Sequence/Chuizi/Gongji/Lv/移动蓄力完成（绿）_0004.png","Assets/Game/Sprites/ColorTiming/Hero/Sequences/Hammer/Attack/Green/英雄_锤子_移动_蓄力_完成_绿色_0004.png",""
"Move","8d2074b9968b137448525ccb06b6a3c3","Assets/Game/Sprites/ColorTiming/Hero/Sequence/Chuizi/Gongji/Lv/移动蓄力完成（绿）_0005.png","Assets/Game/Sprites/ColorTiming/Hero/Sequences/Hammer/Attack/Green/英雄_锤子_移动_蓄力_完成_绿色_0005.png",""
"Move","4b7c6a962724aa348a3f3cc8523bab55","Assets/Game/Sprites/ColorTiming/Hero/Sequence/Chuizi/Gongji/Lv/移动蓄力（绿）_0000.png","Assets/Game/Sprites/ColorTiming/Hero/Sequences/Hammer/Attack/Green/英雄_锤子_移动_蓄力_绿色_0000.png",""
"Move","10f885726cd6ae64ba21848e1f3fb4b6","Assets/Game/Sprites/ColorTiming/Hero/Sequence/Chuizi/Gongji/Lv/移动蓄力（绿）_0001.png","Assets/Game/Sprites/ColorTiming/Hero/Sequences/Hammer/Attack/Green/英雄_锤子_移动_蓄力_绿色_0001.png",""
"Move","6d25f129fe34acc428c6db6398996d71","Assets/Game/Sprites/ColorTiming/Hero/Sequence/Chuizi/Gongji/Lv/移动蓄力（绿）_0002.png","Assets/Game/Sprites/ColorTiming/Hero/Sequences/Hammer/Attack/Green/英雄_锤子_移动_蓄力_绿色_0002.png",""
"Move","70df2330edf5cc646998d6609fc59d80","Assets/Game/Sprites/ColorTiming/Hero/Sequence/Chuizi/Gongji/Lv/移动蓄力（绿）_0003.png","Assets/Game/Sprites/ColorTiming/Hero/Sequences/Hammer/Attack/Green/英雄_锤子_移动_蓄力_绿色_0003.png",""
"Move","fc88f7fe895c79b43b43a9008dac111e","Assets/Game/Sprites/ColorTiming/Hero/Sequence/Chuizi/Gongji/Lv/移动蓄力（绿）_0004.png","Assets/Game/Sprites/ColorTiming/Hero/Sequences/Hammer/Attack/Green/英雄_锤子_移动_蓄力_绿色_0004.png",""
"Move","47695ba7f7fde494ea5a229905295d21","Assets/Game/Sprites/ColorTiming/Hero/Sequence/Chuizi/Gongji/Lv/移动蓄力（绿）_0005.png","Assets/Game/Sprites/ColorTiming/Hero/Sequences/Hammer/Attack/Green/英雄_锤子_移动_蓄力_绿色_0005.png",""
"Move","8ea66f494181b79468255b7f9a99f503","Assets/Game/Sprites/ColorTiming/Hero/Sequence/Chuizi/Gongji/Lv/移动蓄力（绿）_0006.png","Assets/Game/Sprites/ColorTiming/Hero/Sequences/Hammer/Attack/Green/英雄_锤子_移动_蓄力_绿色_0006.png",""
"Move","b6ef4ec0a2ddbbe4e835da0257009130","Assets/Game/Sprites/ColorTiming/Hero/Sequence/Chuizi/Gongji/Lv/移动蓄力（绿）_0007.png","Assets/Game/Sprites/ColorTiming/Hero/Sequences/Hammer/Attack/Green/英雄_锤子_移动_蓄力_绿色_0007.png",""
"Move","8542cc2b33dc433439be18552db93c59","Assets/Game/Sprites/ColorTiming/Hero/Sequence/Chuizi/Gongji/Lv/移动蓄力（绿）_0008.png","Assets/Game/Sprites/ColorTiming/Hero/Sequences/Hammer/Attack/Green/英雄_锤子_移动_蓄力_绿色_0008.png",""
"Move","cb530f7c4d41c434da5d77e7027a88ed","Assets/Game/Sprites/ColorTiming/Hero/Sequence/Chuizi/Gongji/Lv/移动蓄力（绿）_0009.png","Assets/Game/Sprites/ColorTiming/Hero/Sequences/Hammer/Attack/Green/英雄_锤子_移动_蓄力_绿色_0009.png",""
"Move","f12c978cc899bb04eb456cc7b49d8705","Assets/Game/Sprites/ColorTiming/Hero/Sequence/Chuizi/Gongji/Lv/移动蓄力（绿）_0010.png","Assets/Game/Sprites/ColorTiming/Hero/Sequences/Hammer/Attack/Green/英雄_锤子_移动_蓄力_绿色_0010.png",""
"Move","ea86a93bc9408234a9299c0692a56538","Assets/Game/Sprites/ColorTiming/Hero/Sequence/Chuizi/Gongji/Lv/移动蓄力（绿）_0011.png","Assets/Game/Sprites/ColorTiming/Hero/Sequences/Hammer/Attack/Green/英雄_锤子_移动_蓄力_绿色_0011.png",""
"Move","e46fe063b8a07444d990d217abe44e85","Assets/Game/Sprites/ColorTiming/Hero/Sequence/Chuizi/Gongji/Lv/移动蓄力（绿）_0012.png","Assets/Game/Sprites/ColorTiming/Hero/Sequences/Hammer/Attack/Green/英雄_锤子_移动_蓄力_绿色_0012.png",""
"Move","faaa28dc560f2e9419edf2634e99537a","Assets/Game/Sprites/ColorTiming/Hero/Sequence/Chuizi/Gongji/Lv/移动蓄力（绿）_0013.png","Assets/Game/Sprites/ColorTiming/Hero/Sequences/Hammer/Attack/Green/英雄_锤子_移动_蓄力_绿色_0013.png",""
"Move","d2a89934800778b47b83f0bb389aa784","Assets/Game/Sprites/ColorTiming/Hero/Sequence/Chuizi/Gongji/Lv/移动蓄力（绿）_0014.png","Assets/Game/Sprites/ColorTiming/Hero/Sequences/Hammer/Attack/Green/英雄_锤子_移动_蓄力_绿色_0014.png",""
"Move","64b91720618e6c94797f3c3050f77570","Assets/Game/Sprites/ColorTiming/Hero/Sequence/Chuizi/Gongji/Lv/移动蓄力（绿）_0015.png","Assets/Game/Sprites/ColorTiming/Hero/Sequences/Hammer/Attack/Green/英雄_锤子_移动_蓄力_绿色_0015.png",""
"Move","12bdb34e76de19e4f880498decaf3b1f","Assets/Game/Sprites/ColorTiming/Hero/Sequence/Chuizi/Gongji/Lv/移动蓄力（绿）_0016.png","Assets/Game/Sprites/ColorTiming/Hero/Sequences/Hammer/Attack/Green/英雄_锤子_移动_蓄力_绿色_0016.png",""
"Move","07bac38c65a3466439c54e7f3e379e47","Assets/Game/Sprites/ColorTiming/Hero/Sequence/Chuizi/Gongji/Lv/移动蓄力（绿）_0017.png","Assets/Game/Sprites/ColorTiming/Hero/Sequences/Hammer/Attack/Green/英雄_锤子_移动_蓄力_绿色_0017.png",""
"Move","594be4b18ab4dd5419487c3465bf4679","Assets/Game/Sprites/ColorTiming/Hero/Sequence/Chuizi/Gongji/Zi/gongji_chuizi_zi.anim","Assets/Game/Sprites/ColorTiming/Hero/Sequences/Hammer/Attack/Purple/Hero_Hammer_Attack_Purple.anim",""
"Move","ae1146d999046fd4d8bf89b708701129","Assets/Game/Sprites/ColorTiming/Hero/Sequence/Chuizi/Gongji/Zi/xuli_do_zi.anim","Assets/Game/Sprites/ColorTiming/Hero/Sequences/Hammer/Attack/Purple/Hero_Hammer_Charge_Moving_Purple.anim",""
"Move","e53827e0e12a07147b489d9075fddcf5","Assets/Game/Sprites/ColorTiming/Hero/Sequence/Chuizi/Gongji/Zi/xuli_yu_zi.anim","Assets/Game/Sprites/ColorTiming/Hero/Sequences/Hammer/Attack/Purple/Hero_Hammer_Charge_Stationary_Purple.anim",""
"Move","8cc34c344cbc60f4da4bfa5072158e71","Assets/Game/Sprites/ColorTiming/Hero/Sequence/Chuizi/Gongji/Zi/xuliw_do_zi.anim","Assets/Game/Sprites/ColorTiming/Hero/Sequences/Hammer/Attack/Purple/Hero_Hammer_ChargeComplete_Moving_Purple.anim",""
"Move","57c4d5dd142123b49be5d755b6215927","Assets/Game/Sprites/ColorTiming/Hero/Sequence/Chuizi/Gongji/Zi/xuliw_yu_zi.anim","Assets/Game/Sprites/ColorTiming/Hero/Sequences/Hammer/Attack/Purple/Hero_Hammer_ChargeComplete_Stationary_Purple.anim",""
"Move","dfa0c23fd63312b42953894ae184daf2","Assets/Game/Sprites/ColorTiming/Hero/Sequence/Chuizi/Gongji/Zi/原地蓄力完成（紫）_0000.png","Assets/Game/Sprites/ColorTiming/Hero/Sequences/Hammer/Attack/Purple/英雄_锤子_原地_蓄力_完成_紫色_0000.png",""
"Move","cc0cdbb5d02ea134084f47c60c078327","Assets/Game/Sprites/ColorTiming/Hero/Sequence/Chuizi/Gongji/Zi/原地蓄力完成（紫）_0001.png","Assets/Game/Sprites/ColorTiming/Hero/Sequences/Hammer/Attack/Purple/英雄_锤子_原地_蓄力_完成_紫色_0001.png",""
"Move","4401237d3e7a79f43bfecec209406ae6","Assets/Game/Sprites/ColorTiming/Hero/Sequence/Chuizi/Gongji/Zi/原地蓄力完成（紫）_0002.png","Assets/Game/Sprites/ColorTiming/Hero/Sequences/Hammer/Attack/Purple/英雄_锤子_原地_蓄力_完成_紫色_0002.png",""
"Move","fa12b66ef04f24041b97ad880fead3b2","Assets/Game/Sprites/ColorTiming/Hero/Sequence/Chuizi/Gongji/Zi/原地蓄力完成（紫）_0003.png","Assets/Game/Sprites/ColorTiming/Hero/Sequences/Hammer/Attack/Purple/英雄_锤子_原地_蓄力_完成_紫色_0003.png",""
"Move","00e7eb341d7781246935e14a4715ce77","Assets/Game/Sprites/ColorTiming/Hero/Sequence/Chuizi/Gongji/Zi/原地蓄力（紫）_0000.png","Assets/Game/Sprites/ColorTiming/Hero/Sequences/Hammer/Attack/Purple/英雄_锤子_原地_蓄力_紫色_0000.png",""
"Move","ec2db86c9085bdb4da90b6ffd48afb1b","Assets/Game/Sprites/ColorTiming/Hero/Sequence/Chuizi/Gongji/Zi/原地蓄力（紫）_0001.png","Assets/Game/Sprites/ColorTiming/Hero/Sequences/Hammer/Attack/Purple/英雄_锤子_原地_蓄力_紫色_0001.png",""
"Move","a990958c8a494c24eadcc7facbc6dda1","Assets/Game/Sprites/ColorTiming/Hero/Sequence/Chuizi/Gongji/Zi/原地蓄力（紫）_0002.png","Assets/Game/Sprites/ColorTiming/Hero/Sequences/Hammer/Attack/Purple/英雄_锤子_原地_蓄力_紫色_0002.png",""
"Move","9a452d0929f5fb24784096032f03185a","Assets/Game/Sprites/ColorTiming/Hero/Sequence/Chuizi/Gongji/Zi/原地蓄力（紫）_0003.png","Assets/Game/Sprites/ColorTiming/Hero/Sequences/Hammer/Attack/Purple/英雄_锤子_原地_蓄力_紫色_0003.png",""
"Move","bb025b23114827d4a8ffdd4517500c39","Assets/Game/Sprites/ColorTiming/Hero/Sequence/Chuizi/Gongji/Zi/原地蓄力（紫）_0004.png","Assets/Game/Sprites/ColorTiming/Hero/Sequences/Hammer/Attack/Purple/英雄_锤子_原地_蓄力_紫色_0004.png",""
"Move","415a279684e56d94398bfbed2c80b57e","Assets/Game/Sprites/ColorTiming/Hero/Sequence/Chuizi/Gongji/Zi/原地蓄力（紫）_0005.png","Assets/Game/Sprites/ColorTiming/Hero/Sequences/Hammer/Attack/Purple/英雄_锤子_原地_蓄力_紫色_0005.png",""
"Move","a433bbac3100ffc4bbd808ae9deb18fc","Assets/Game/Sprites/ColorTiming/Hero/Sequence/Chuizi/Gongji/Zi/原地蓄力（紫）_0006.png","Assets/Game/Sprites/ColorTiming/Hero/Sequences/Hammer/Attack/Purple/英雄_锤子_原地_蓄力_紫色_0006.png",""
"Move","48f7637c94010b747a8255c44d47d09b","Assets/Game/Sprites/ColorTiming/Hero/Sequence/Chuizi/Gongji/Zi/原地蓄力（紫）_0007.png","Assets/Game/Sprites/ColorTiming/Hero/Sequences/Hammer/Attack/Purple/英雄_锤子_原地_蓄力_紫色_0007.png",""
"Move","61f09d934d8e510489ead76a95b63c3d","Assets/Game/Sprites/ColorTiming/Hero/Sequence/Chuizi/Gongji/Zi/原地蓄力（紫）_0008.png","Assets/Game/Sprites/ColorTiming/Hero/Sequences/Hammer/Attack/Purple/英雄_锤子_原地_蓄力_紫色_0008.png",""
"Move","064acc8774247c241988aa52395e3d41","Assets/Game/Sprites/ColorTiming/Hero/Sequence/Chuizi/Gongji/Zi/原地蓄力（紫）_0009.png","Assets/Game/Sprites/ColorTiming/Hero/Sequences/Hammer/Attack/Purple/英雄_锤子_原地_蓄力_紫色_0009.png",""
"Move","f7501c185b2f3dd43bf601fe0eedea4b","Assets/Game/Sprites/ColorTiming/Hero/Sequence/Chuizi/Gongji/Zi/原地蓄力（紫）_0010.png","Assets/Game/Sprites/ColorTiming/Hero/Sequences/Hammer/Attack/Purple/英雄_锤子_原地_蓄力_紫色_0010.png",""
"Move","3c9edae8e66afab4baa16787fd8bc492","Assets/Game/Sprites/ColorTiming/Hero/Sequence/Chuizi/Gongji/Zi/原地蓄力（紫）_0011.png","Assets/Game/Sprites/ColorTiming/Hero/Sequences/Hammer/Attack/Purple/英雄_锤子_原地_蓄力_紫色_0011.png",""
"Move","e461c1cb374e43b4586b075d1cc2bcd4","Assets/Game/Sprites/ColorTiming/Hero/Sequence/Chuizi/Gongji/Zi/原地蓄力（紫）_0012.png","Assets/Game/Sprites/ColorTiming/Hero/Sequences/Hammer/Attack/Purple/英雄_锤子_原地_蓄力_紫色_0012.png",""
"Move","a119e2cfbffe1a347b87e3f2b9ca3bd4","Assets/Game/Sprites/ColorTiming/Hero/Sequence/Chuizi/Gongji/Zi/原地蓄力（紫）_0013.png","Assets/Game/Sprites/ColorTiming/Hero/Sequences/Hammer/Attack/Purple/英雄_锤子_原地_蓄力_紫色_0013.png",""
"Move","9e6effe1b6643ba4f8a610cc790b7f2d","Assets/Game/Sprites/ColorTiming/Hero/Sequence/Chuizi/Gongji/Zi/原地蓄力（紫）_0014.png","Assets/Game/Sprites/ColorTiming/Hero/Sequences/Hammer/Attack/Purple/英雄_锤子_原地_蓄力_紫色_0014.png",""
"Move","ada8dbf6b0de5554c81190e0075fa4d2","Assets/Game/Sprites/ColorTiming/Hero/Sequence/Chuizi/Gongji/Zi/原地蓄力（紫）_0015.png","Assets/Game/Sprites/ColorTiming/Hero/Sequences/Hammer/Attack/Purple/英雄_锤子_原地_蓄力_紫色_0015.png",""
"Move","37579e7f5b73609459691d6f7166ea35","Assets/Game/Sprites/ColorTiming/Hero/Sequence/Chuizi/Gongji/Zi/原地蓄力（紫）_0016.png","Assets/Game/Sprites/ColorTiming/Hero/Sequences/Hammer/Attack/Purple/英雄_锤子_原地_蓄力_紫色_0016.png",""
"Move","f05c0ae74036a42479a157e8a5c12690","Assets/Game/Sprites/ColorTiming/Hero/Sequence/Chuizi/Gongji/Zi/原地蓄力（紫）_0017.png","Assets/Game/Sprites/ColorTiming/Hero/Sequences/Hammer/Attack/Purple/英雄_锤子_原地_蓄力_紫色_0017.png",""
"Move","87021bc9fe2e8d642838e001a4e65682","Assets/Game/Sprites/ColorTiming/Hero/Sequence/Chuizi/Gongji/Zi/攻击动作（紫）_0000.png","Assets/Game/Sprites/ColorTiming/Hero/Sequences/Hammer/Attack/Purple/英雄_锤子_攻击_动作_紫色_0000.png",""
"Move","bae426faf6118a2429978014d1c464c5","Assets/Game/Sprites/ColorTiming/Hero/Sequence/Chuizi/Gongji/Zi/攻击动作（紫）_0001.png","Assets/Game/Sprites/ColorTiming/Hero/Sequences/Hammer/Attack/Purple/英雄_锤子_攻击_动作_紫色_0001.png",""
"Move","03151c4c01a18444eb230b9d3f85a087","Assets/Game/Sprites/ColorTiming/Hero/Sequence/Chuizi/Gongji/Zi/攻击动作（紫）_0002.png","Assets/Game/Sprites/ColorTiming/Hero/Sequences/Hammer/Attack/Purple/英雄_锤子_攻击_动作_紫色_0002.png",""
"Move","05fffea743cc9c449953a6ca9b72aac2","Assets/Game/Sprites/ColorTiming/Hero/Sequence/Chuizi/Gongji/Zi/攻击动作（紫）_0003.png","Assets/Game/Sprites/ColorTiming/Hero/Sequences/Hammer/Attack/Purple/英雄_锤子_攻击_动作_紫色_0003.png",""
"Move","6f9b8fc8baa61b24692331bec1141868","Assets/Game/Sprites/ColorTiming/Hero/Sequence/Chuizi/Gongji/Zi/攻击动作（紫）_0004.png","Assets/Game/Sprites/ColorTiming/Hero/Sequences/Hammer/Attack/Purple/英雄_锤子_攻击_动作_紫色_0004.png",""
"Move","b38bd4e8d66ec4845ad0d6729c831056","Assets/Game/Sprites/ColorTiming/Hero/Sequence/Chuizi/Gongji/Zi/攻击动作（紫）_0005.png","Assets/Game/Sprites/ColorTiming/Hero/Sequences/Hammer/Attack/Purple/英雄_锤子_攻击_动作_紫色_0005.png",""
"Move","1738dae036749b44fa2159f953524133","Assets/Game/Sprites/ColorTiming/Hero/Sequence/Chuizi/Gongji/Zi/攻击动作（紫）_0006.png","Assets/Game/Sprites/ColorTiming/Hero/Sequences/Hammer/Attack/Purple/英雄_锤子_攻击_动作_紫色_0006.png",""
"Move","4ac200effe560a441ac75f191adc2b92","Assets/Game/Sprites/ColorTiming/Hero/Sequence/Chuizi/Gongji/Zi/攻击动作（紫）_0007.png","Assets/Game/Sprites/ColorTiming/Hero/Sequences/Hammer/Attack/Purple/英雄_锤子_攻击_动作_紫色_0007.png",""
"Move","91066161b32f01b4991017a9b93e807e","Assets/Game/Sprites/ColorTiming/Hero/Sequence/Chuizi/Gongji/Zi/攻击动作（紫）_0008.png","Assets/Game/Sprites/ColorTiming/Hero/Sequences/Hammer/Attack/Purple/英雄_锤子_攻击_动作_紫色_0008.png",""
"Move","fa3534c591573c540b4a3550aac2c98d","Assets/Game/Sprites/ColorTiming/Hero/Sequence/Chuizi/Gongji/Zi/攻击动作（紫）_0009.png","Assets/Game/Sprites/ColorTiming/Hero/Sequences/Hammer/Attack/Purple/英雄_锤子_攻击_动作_紫色_0009.png",""
"Move","d628161a6ffd2c14caff9a55eee95280","Assets/Game/Sprites/ColorTiming/Hero/Sequence/Chuizi/Gongji/Zi/攻击动作（紫）_0010.png","Assets/Game/Sprites/ColorTiming/Hero/Sequences/Hammer/Attack/Purple/英雄_锤子_攻击_动作_紫色_0010.png",""
"Move","e57e5548cca05c84f9471972e813696a","Assets/Game/Sprites/ColorTiming/Hero/Sequence/Chuizi/Gongji/Zi/攻击动作（紫）_0011.png","Assets/Game/Sprites/ColorTiming/Hero/Sequences/Hammer/Attack/Purple/英雄_锤子_攻击_动作_紫色_0011.png",""
"Move","7527418ab5af0fa4b89680e20ea75618","Assets/Game/Sprites/ColorTiming/Hero/Sequence/Chuizi/Gongji/Zi/攻击动作（紫）_0012.png","Assets/Game/Sprites/ColorTiming/Hero/Sequences/Hammer/Attack/Purple/英雄_锤子_攻击_动作_紫色_0012.png",""
"Move","f2f810ecc8dbf4a489ed4331dbf0c8d9","Assets/Game/Sprites/ColorTiming/Hero/Sequence/Chuizi/Gongji/Zi/攻击动作（紫）_0013.png","Assets/Game/Sprites/ColorTiming/Hero/Sequences/Hammer/Attack/Purple/英雄_锤子_攻击_动作_紫色_0013.png",""
"Move","4b89ba6f76ecc6a4f881f681075d79c7","Assets/Game/Sprites/ColorTiming/Hero/Sequence/Chuizi/Gongji/Zi/攻击动作（紫）_0014.png","Assets/Game/Sprites/ColorTiming/Hero/Sequences/Hammer/Attack/Purple/英雄_锤子_攻击_动作_紫色_0014.png",""
"Move","07ed8f0db883bdf47bd7c8d3520ad85a","Assets/Game/Sprites/ColorTiming/Hero/Sequence/Chuizi/Gongji/Zi/攻击动作（紫）_0015.png","Assets/Game/Sprites/ColorTiming/Hero/Sequences/Hammer/Attack/Purple/英雄_锤子_攻击_动作_紫色_0015.png",""
"Move","c98eac7ab2b020a4d81b647750cae347","Assets/Game/Sprites/ColorTiming/Hero/Sequence/Chuizi/Gongji/Zi/攻击动作（紫）_0016.png","Assets/Game/Sprites/ColorTiming/Hero/Sequences/Hammer/Attack/Purple/英雄_锤子_攻击_动作_紫色_0016.png",""
"Move","873fe216a355ff2408fa6a2a1d89f662","Assets/Game/Sprites/ColorTiming/Hero/Sequence/Chuizi/Gongji/Zi/攻击动作（紫）_0017.png","Assets/Game/Sprites/ColorTiming/Hero/Sequences/Hammer/Attack/Purple/英雄_锤子_攻击_动作_紫色_0017.png",""
"Move","d238699ef87b99d49b79d088600531c3","Assets/Game/Sprites/ColorTiming/Hero/Sequence/Chuizi/Gongji/Zi/移动蓄力完成（紫）_0000.png","Assets/Game/Sprites/ColorTiming/Hero/Sequences/Hammer/Attack/Purple/英雄_锤子_移动_蓄力_完成_紫色_0000.png",""
"Move","2e0155a22350a7d4880b833371f0a376","Assets/Game/Sprites/ColorTiming/Hero/Sequence/Chuizi/Gongji/Zi/移动蓄力完成（紫）_0001.png","Assets/Game/Sprites/ColorTiming/Hero/Sequences/Hammer/Attack/Purple/英雄_锤子_移动_蓄力_完成_紫色_0001.png",""
"Move","df7787b22ff2aaa47a0c63915efa5258","Assets/Game/Sprites/ColorTiming/Hero/Sequence/Chuizi/Gongji/Zi/移动蓄力完成（紫）_0002.png","Assets/Game/Sprites/ColorTiming/Hero/Sequences/Hammer/Attack/Purple/英雄_锤子_移动_蓄力_完成_紫色_0002.png",""
"Move","ad31b0f783508fa40b0357382cf6b82a","Assets/Game/Sprites/ColorTiming/Hero/Sequence/Chuizi/Gongji/Zi/移动蓄力完成（紫）_0003.png","Assets/Game/Sprites/ColorTiming/Hero/Sequences/Hammer/Attack/Purple/英雄_锤子_移动_蓄力_完成_紫色_0003.png",""
"Move","eed4a808c1cdd8b4db6e4f021bcd45e6","Assets/Game/Sprites/ColorTiming/Hero/Sequence/Chuizi/Gongji/Zi/移动蓄力完成（紫）_0004.png","Assets/Game/Sprites/ColorTiming/Hero/Sequences/Hammer/Attack/Purple/英雄_锤子_移动_蓄力_完成_紫色_0004.png",""
"Move","888688bdb6a172440943251ae781b249","Assets/Game/Sprites/ColorTiming/Hero/Sequence/Chuizi/Gongji/Zi/移动蓄力完成（紫）_0005.png","Assets/Game/Sprites/ColorTiming/Hero/Sequences/Hammer/Attack/Purple/英雄_锤子_移动_蓄力_完成_紫色_0005.png",""
"Move","0578652af394c174e82fef63e5972d16","Assets/Game/Sprites/ColorTiming/Hero/Sequence/Chuizi/Gongji/Zi/移动蓄力（紫）_0000.png","Assets/Game/Sprites/ColorTiming/Hero/Sequences/Hammer/Attack/Purple/英雄_锤子_移动_蓄力_紫色_0000.png",""
"Move","f073b0a99e0e31947b8d3b44373ea6c4","Assets/Game/Sprites/ColorTiming/Hero/Sequence/Chuizi/Gongji/Zi/移动蓄力（紫）_0001.png","Assets/Game/Sprites/ColorTiming/Hero/Sequences/Hammer/Attack/Purple/英雄_锤子_移动_蓄力_紫色_0001.png",""
"Move","27da66095b855ae46a24bfa861962576","Assets/Game/Sprites/ColorTiming/Hero/Sequence/Chuizi/Gongji/Zi/移动蓄力（紫）_0002.png","Assets/Game/Sprites/ColorTiming/Hero/Sequences/Hammer/Attack/Purple/英雄_锤子_移动_蓄力_紫色_0002.png",""
"Move","5e6f92409e0c19340a7a5b93e36ad6cc","Assets/Game/Sprites/ColorTiming/Hero/Sequence/Chuizi/Gongji/Zi/移动蓄力（紫）_0003.png","Assets/Game/Sprites/ColorTiming/Hero/Sequences/Hammer/Attack/Purple/英雄_锤子_移动_蓄力_紫色_0003.png",""
"Move","82e83d4fc4d588f419bf9a33ca45d8cd","Assets/Game/Sprites/ColorTiming/Hero/Sequence/Chuizi/Gongji/Zi/移动蓄力（紫）_0004.png","Assets/Game/Sprites/ColorTiming/Hero/Sequences/Hammer/Attack/Purple/英雄_锤子_移动_蓄力_紫色_0004.png",""
"Move","376ccb8ca9bc0394c956cc7e886d1407","Assets/Game/Sprites/ColorTiming/Hero/Sequence/Chuizi/Gongji/Zi/移动蓄力（紫）_0005.png","Assets/Game/Sprites/ColorTiming/Hero/Sequences/Hammer/Attack/Purple/英雄_锤子_移动_蓄力_紫色_0005.png",""
"Move","6ee6f37042ba969429322d4169d081d9","Assets/Game/Sprites/ColorTiming/Hero/Sequence/Chuizi/Gongji/Zi/移动蓄力（紫）_0006.png","Assets/Game/Sprites/ColorTiming/Hero/Sequences/Hammer/Attack/Purple/英雄_锤子_移动_蓄力_紫色_0006.png",""
"Move","fe92f52b1ffb61f4e8a728c6aaa8e8ec","Assets/Game/Sprites/ColorTiming/Hero/Sequence/Chuizi/Gongji/Zi/移动蓄力（紫）_0007.png","Assets/Game/Sprites/ColorTiming/Hero/Sequences/Hammer/Attack/Purple/英雄_锤子_移动_蓄力_紫色_0007.png",""
"Move","a349ee6bda029a2479cbcfe972abffd0","Assets/Game/Sprites/ColorTiming/Hero/Sequence/Chuizi/Gongji/Zi/移动蓄力（紫）_0008.png","Assets/Game/Sprites/ColorTiming/Hero/Sequences/Hammer/Attack/Purple/英雄_锤子_移动_蓄力_紫色_0008.png",""
"Move","aaadb531737855741b69cd68a438fbea","Assets/Game/Sprites/ColorTiming/Hero/Sequence/Chuizi/Gongji/Zi/移动蓄力（紫）_0009.png","Assets/Game/Sprites/ColorTiming/Hero/Sequences/Hammer/Attack/Purple/英雄_锤子_移动_蓄力_紫色_0009.png",""
"Move","3f76a78e264c1d74a85b694af5677ff5","Assets/Game/Sprites/ColorTiming/Hero/Sequence/Chuizi/Gongji/Zi/移动蓄力（紫）_0010.png","Assets/Game/Sprites/ColorTiming/Hero/Sequences/Hammer/Attack/Purple/英雄_锤子_移动_蓄力_紫色_0010.png",""
"Move","ac5dad09d4e16d843843b09826ecf915","Assets/Game/Sprites/ColorTiming/Hero/Sequence/Chuizi/Gongji/Zi/移动蓄力（紫）_0011.png","Assets/Game/Sprites/ColorTiming/Hero/Sequences/Hammer/Attack/Purple/英雄_锤子_移动_蓄力_紫色_0011.png",""
"Move","00e1abd686f71fd4e8b481585418412c","Assets/Game/Sprites/ColorTiming/Hero/Sequence/Chuizi/Gongji/Zi/移动蓄力（紫）_0012.png","Assets/Game/Sprites/ColorTiming/Hero/Sequences/Hammer/Attack/Purple/英雄_锤子_移动_蓄力_紫色_0012.png",""
"Move","6f20f8da6ddc6a04893a43a0270b0993","Assets/Game/Sprites/ColorTiming/Hero/Sequence/Chuizi/Gongji/Zi/移动蓄力（紫）_0013.png","Assets/Game/Sprites/ColorTiming/Hero/Sequences/Hammer/Attack/Purple/英雄_锤子_移动_蓄力_紫色_0013.png",""
"Move","d930e1d9590a90344b7627a761245ba0","Assets/Game/Sprites/ColorTiming/Hero/Sequence/Chuizi/Gongji/Zi/移动蓄力（紫）_0014.png","Assets/Game/Sprites/ColorTiming/Hero/Sequences/Hammer/Attack/Purple/英雄_锤子_移动_蓄力_紫色_0014.png",""
"Move","298688caa66e86c4e8e47fe7b004c862","Assets/Game/Sprites/ColorTiming/Hero/Sequence/Chuizi/Gongji/Zi/移动蓄力（紫）_0015.png","Assets/Game/Sprites/ColorTiming/Hero/Sequences/Hammer/Attack/Purple/英雄_锤子_移动_蓄力_紫色_0015.png",""
"Move","8e26b5ff83d148e409b510ec76daefaf","Assets/Game/Sprites/ColorTiming/Hero/Sequence/Chuizi/Gongji/Zi/移动蓄力（紫）_0016.png","Assets/Game/Sprites/ColorTiming/Hero/Sequences/Hammer/Attack/Purple/英雄_锤子_移动_蓄力_紫色_0016.png",""
"Move","e0f072e011f7fa04c850703ecde35393","Assets/Game/Sprites/ColorTiming/Hero/Sequence/Chuizi/Gongji/Zi/移动蓄力（紫）_0017.png","Assets/Game/Sprites/ColorTiming/Hero/Sequences/Hammer/Attack/Purple/英雄_锤子_移动_蓄力_紫色_0017.png",""
"Move","eb06794d9626e0f469675e81e2a0979a","Assets/Game/Sprites/ColorTiming/Hero/Sequence/Chuizi/yidong/yidong_cuizi_hong.anim","Assets/Game/Sprites/ColorTiming/Hero/Sequences/Hammer/Move/Hero_Hammer_Move_Red.anim",""
"Move","b1707bb5ba0f7384fbcfb52db8d5e9d8","Assets/Game/Sprites/ColorTiming/Hero/Sequence/Chuizi/yidong/yidong_cuizi_lv.anim","Assets/Game/Sprites/ColorTiming/Hero/Sequences/Hammer/Move/Hero_Hammer_Move_Green.anim",""
"Move","7f3100bb281325c40a6662b639c0e808","Assets/Game/Sprites/ColorTiming/Hero/Sequence/Chuizi/yidong/yidong_cuizi_zi.anim","Assets/Game/Sprites/ColorTiming/Hero/Sequences/Hammer/Move/Hero_Hammer_Move_Purple.anim",""
"Move","277b604a6686a5e46b0135a35e0f98de","Assets/Game/Sprites/ColorTiming/Hero/Sequence/Chuizi/yidong/紫色锤子移动_0000.png","Assets/Game/Sprites/ColorTiming/Hero/Sequences/Hammer/Move/英雄_锤子_移动_紫色_0000.png",""
"Move","80e4e371c96479840828e0aa41ce7079","Assets/Game/Sprites/ColorTiming/Hero/Sequence/Chuizi/yidong/紫色锤子移动_0001.png","Assets/Game/Sprites/ColorTiming/Hero/Sequences/Hammer/Move/英雄_锤子_移动_紫色_0001.png",""
"Move","6819e98b066058d4490ff7e966a49d40","Assets/Game/Sprites/ColorTiming/Hero/Sequence/Chuizi/yidong/紫色锤子移动_0002.png","Assets/Game/Sprites/ColorTiming/Hero/Sequences/Hammer/Move/英雄_锤子_移动_紫色_0002.png",""
"Move","bea5d2cd69f375d4b9e8e5a27089be66","Assets/Game/Sprites/ColorTiming/Hero/Sequence/Chuizi/yidong/紫色锤子移动_0003.png","Assets/Game/Sprites/ColorTiming/Hero/Sequences/Hammer/Move/英雄_锤子_移动_紫色_0003.png",""
"Move","0646b5393cad6d94cae466e0a4c2a3a7","Assets/Game/Sprites/ColorTiming/Hero/Sequence/Chuizi/yidong/紫色锤子移动_0004.png","Assets/Game/Sprites/ColorTiming/Hero/Sequences/Hammer/Move/英雄_锤子_移动_紫色_0004.png",""
"Move","5ce1c21fe32a49747822d26adf9b0556","Assets/Game/Sprites/ColorTiming/Hero/Sequence/Chuizi/yidong/紫色锤子移动_0005.png","Assets/Game/Sprites/ColorTiming/Hero/Sequences/Hammer/Move/英雄_锤子_移动_紫色_0005.png",""
"Move","92e68db89abd44d4397d7929a93f83c0","Assets/Game/Sprites/ColorTiming/Hero/Sequence/Chuizi/yidong/红色锤子移动_0000.png","Assets/Game/Sprites/ColorTiming/Hero/Sequences/Hammer/Move/英雄_锤子_移动_红色_0000.png",""
"Move","6dd998712abd3a444982d91e2acc09b0","Assets/Game/Sprites/ColorTiming/Hero/Sequence/Chuizi/yidong/红色锤子移动_0001.png","Assets/Game/Sprites/ColorTiming/Hero/Sequences/Hammer/Move/英雄_锤子_移动_红色_0001.png",""
"Move","ef10be477063d2045ba93b80a8317b01","Assets/Game/Sprites/ColorTiming/Hero/Sequence/Chuizi/yidong/红色锤子移动_0002.png","Assets/Game/Sprites/ColorTiming/Hero/Sequences/Hammer/Move/英雄_锤子_移动_红色_0002.png",""
"Move","a328115b7bacab74b9bd38f6c4dc8c6f","Assets/Game/Sprites/ColorTiming/Hero/Sequence/Chuizi/yidong/红色锤子移动_0003.png","Assets/Game/Sprites/ColorTiming/Hero/Sequences/Hammer/Move/英雄_锤子_移动_红色_0003.png",""
"Move","b2690c628619ba445b08f1e6d85ef51e","Assets/Game/Sprites/ColorTiming/Hero/Sequence/Chuizi/yidong/红色锤子移动_0004.png","Assets/Game/Sprites/ColorTiming/Hero/Sequences/Hammer/Move/英雄_锤子_移动_红色_0004.png",""
"Move","09b034b005a45cc44b36ad747dcb32a7","Assets/Game/Sprites/ColorTiming/Hero/Sequence/Chuizi/yidong/红色锤子移动_0005.png","Assets/Game/Sprites/ColorTiming/Hero/Sequences/Hammer/Move/英雄_锤子_移动_红色_0005.png",""
"Move","00fdc83850ca31446913f333fbd380af","Assets/Game/Sprites/ColorTiming/Hero/Sequence/Chuizi/yidong/绿色锤子移动_0000.png","Assets/Game/Sprites/ColorTiming/Hero/Sequences/Hammer/Move/英雄_锤子_移动_绿色_0000.png",""
"Move","0e12d29dafc1b2e45b9cda409c8d5708","Assets/Game/Sprites/ColorTiming/Hero/Sequence/Chuizi/yidong/绿色锤子移动_0001.png","Assets/Game/Sprites/ColorTiming/Hero/Sequences/Hammer/Move/英雄_锤子_移动_绿色_0001.png",""
"Move","df7f426851e3dad42a5d1a0bf0b20b61","Assets/Game/Sprites/ColorTiming/Hero/Sequence/Chuizi/yidong/绿色锤子移动_0002.png","Assets/Game/Sprites/ColorTiming/Hero/Sequences/Hammer/Move/英雄_锤子_移动_绿色_0002.png",""
"Move","52c48d2fe7950e840b2d080a66f32ac6","Assets/Game/Sprites/ColorTiming/Hero/Sequence/Chuizi/yidong/绿色锤子移动_0003.png","Assets/Game/Sprites/ColorTiming/Hero/Sequences/Hammer/Move/英雄_锤子_移动_绿色_0003.png",""
"Move","c7ee243c1a506044091edc8701f9a080","Assets/Game/Sprites/ColorTiming/Hero/Sequence/Chuizi/yidong/绿色锤子移动_0004.png","Assets/Game/Sprites/ColorTiming/Hero/Sequences/Hammer/Move/英雄_锤子_移动_绿色_0004.png",""
"Move","47d4e1cd0c9533443b4f8384f50b972f","Assets/Game/Sprites/ColorTiming/Hero/Sequence/Chuizi/yidong/绿色锤子移动_0005.png","Assets/Game/Sprites/ColorTiming/Hero/Sequences/Hammer/Move/英雄_锤子_移动_绿色_0005.png",""
"Move","a1e00eca070acd241bb16e62f3ab3b1b","Assets/Game/Sprites/ColorTiming/Hero/Sequence/Daiji/daiji.anim","Assets/Game/Sprites/ColorTiming/Hero/Sequences/Idle/Hero_Idle.anim",""
"Move","49514aac45c7d7d489a5676d999509c9","Assets/Game/Sprites/ColorTiming/Hero/Sequence/Daiji/待机_0000.png","Assets/Game/Sprites/ColorTiming/Hero/Sequences/Idle/英雄_待机_0000.png",""
"Move","d8a156b13c785c2439b1b46b7089eee4","Assets/Game/Sprites/ColorTiming/Hero/Sequence/Daiji/待机_0001.png","Assets/Game/Sprites/ColorTiming/Hero/Sequences/Idle/英雄_待机_0001.png",""
"Move","0497e5181cd864541bb313d3fec51121","Assets/Game/Sprites/ColorTiming/Hero/Sequence/Daiji/待机_0002.png","Assets/Game/Sprites/ColorTiming/Hero/Sequences/Idle/英雄_待机_0002.png",""
"Move","af02aae5004e48543be45f741b9e7c90","Assets/Game/Sprites/ColorTiming/Hero/Sequence/Daiji/待机_0003.png","Assets/Game/Sprites/ColorTiming/Hero/Sequences/Idle/英雄_待机_0003.png",""
"Move","efb968e085067f344b8d15e6c6b91f04","Assets/Game/Sprites/ColorTiming/Hero/Sequence/Daiji/待机_0004.png","Assets/Game/Sprites/ColorTiming/Hero/Sequences/Idle/英雄_待机_0004.png",""
"Move","1e6ba1bcfe9dd314194081e1b5d3dd61","Assets/Game/Sprites/ColorTiming/Hero/Sequence/Daiji/待机_0005.png","Assets/Game/Sprites/ColorTiming/Hero/Sequences/Idle/英雄_待机_0005.png",""
"Move","46b6d206096bfa940bdb14c7a45451e0","Assets/Game/Sprites/ColorTiming/Hero/Sequence/Daiji/待机_0006.png","Assets/Game/Sprites/ColorTiming/Hero/Sequences/Idle/英雄_待机_0006.png",""
"Move","5637da1934c39664b9fdbfffe793ff3c","Assets/Game/Sprites/ColorTiming/Hero/Sequence/Daiji/待机_0007.png","Assets/Game/Sprites/ColorTiming/Hero/Sequences/Idle/英雄_待机_0007.png",""
"Move","bd7442cc566cd4646b1e7bd87061414f","Assets/Game/Sprites/ColorTiming/Hero/Sequence/Daiji/待机_0008.png","Assets/Game/Sprites/ColorTiming/Hero/Sequences/Idle/英雄_待机_0008.png",""
"Move","c21e7142587d1b04493f6dd3b225fa8b","Assets/Game/Sprites/ColorTiming/Hero/Sequence/Daiji/待机_0009.png","Assets/Game/Sprites/ColorTiming/Hero/Sequences/Idle/英雄_待机_0009.png",""
"Move","3d3d07dff38d30246aa490826b5f1993","Assets/Game/Sprites/ColorTiming/Hero/Sequence/Daiji/待机_0010.png","Assets/Game/Sprites/ColorTiming/Hero/Sequences/Idle/英雄_待机_0010.png",""
"Move","094ffcf16a4e9934abed445eb682837d","Assets/Game/Sprites/ColorTiming/Hero/Sequence/Daiji/待机_0011.png","Assets/Game/Sprites/ColorTiming/Hero/Sequences/Idle/英雄_待机_0011.png",""
"Move","a742815e41b45da418e79b428fcc895b","Assets/Game/Sprites/ColorTiming/Hero/Sequence/Dao/daiji/daiji_dao_chen.anim","Assets/Game/Sprites/ColorTiming/Hero/Sequences/RingBlade/Idle/Hero_RingBlade_Idle_Orange.anim",""
"Move","256040631a05bb44cac613058c18dde1","Assets/Game/Sprites/ColorTiming/Hero/Sequence/Dao/daiji/daiji_dao_hong.anim","Assets/Game/Sprites/ColorTiming/Hero/Sequences/RingBlade/Idle/Hero_RingBlade_Idle_Red.anim",""
"Move","57aa9e78ee537484889ae47bc0444fec","Assets/Game/Sprites/ColorTiming/Hero/Sequence/Dao/daiji/daiji_dao_lv.anim","Assets/Game/Sprites/ColorTiming/Hero/Sequences/RingBlade/Idle/Hero_RingBlade_Idle_Green.anim",""
"Move","c947d5ea2e4d61640a431d12503f73d8","Assets/Game/Sprites/ColorTiming/Hero/Sequence/Dao/daiji/daiji_dao_zhi.anim","Assets/Game/Sprites/ColorTiming/Hero/Sequences/RingBlade/Idle/Hero_RingBlade_Idle_Purple.anim",""
"Move","8a6e78a36711f8740b6c91e2d0872418","Assets/Game/Sprites/ColorTiming/Hero/Sequence/Dao/daiji/橙色刀待机_0000.png","Assets/Game/Sprites/ColorTiming/Hero/Sequences/RingBlade/Idle/英雄_戒刀_待机_橙色_0000.png",""
"Move","b031e3dfbb38a534b9b4d28ff8848181","Assets/Game/Sprites/ColorTiming/Hero/Sequence/Dao/daiji/橙色刀待机_0001.png","Assets/Game/Sprites/ColorTiming/Hero/Sequences/RingBlade/Idle/英雄_戒刀_待机_橙色_0001.png",""
"Move","a4558d73b2780c443bbc9b1f4c55622a","Assets/Game/Sprites/ColorTiming/Hero/Sequence/Dao/daiji/橙色刀待机_0002.png","Assets/Game/Sprites/ColorTiming/Hero/Sequences/RingBlade/Idle/英雄_戒刀_待机_橙色_0002.png",""
"Move","b522fbe302dab484eb02a90b4575d44a","Assets/Game/Sprites/ColorTiming/Hero/Sequence/Dao/daiji/橙色刀待机_0003.png","Assets/Game/Sprites/ColorTiming/Hero/Sequences/RingBlade/Idle/英雄_戒刀_待机_橙色_0003.png",""
"Move","72b6fc17895fffb4eb0f499e01177cf0","Assets/Game/Sprites/ColorTiming/Hero/Sequence/Dao/daiji/橙色刀待机_0004.png","Assets/Game/Sprites/ColorTiming/Hero/Sequences/RingBlade/Idle/英雄_戒刀_待机_橙色_0004.png",""
"Move","0ca9f2b3676bdf840bc2f05f3b71dfce","Assets/Game/Sprites/ColorTiming/Hero/Sequence/Dao/daiji/橙色刀待机_0005.png","Assets/Game/Sprites/ColorTiming/Hero/Sequences/RingBlade/Idle/英雄_戒刀_待机_橙色_0005.png",""
"Move","ccc2b4099d0ed7a42a32b20300111ced","Assets/Game/Sprites/ColorTiming/Hero/Sequence/Dao/daiji/橙色刀待机_0006.png","Assets/Game/Sprites/ColorTiming/Hero/Sequences/RingBlade/Idle/英雄_戒刀_待机_橙色_0006.png",""
"Move","497745e8ff9a55b4085fc0685b7f1da3","Assets/Game/Sprites/ColorTiming/Hero/Sequence/Dao/daiji/橙色刀待机_0007.png","Assets/Game/Sprites/ColorTiming/Hero/Sequences/RingBlade/Idle/英雄_戒刀_待机_橙色_0007.png",""
"Move","697ca3a224a457e4ead540a4fc7e129a","Assets/Game/Sprites/ColorTiming/Hero/Sequence/Dao/daiji/橙色刀待机_0008.png","Assets/Game/Sprites/ColorTiming/Hero/Sequences/RingBlade/Idle/英雄_戒刀_待机_橙色_0008.png",""
"Move","5928e63496b9acd40aa116862bf7deec","Assets/Game/Sprites/ColorTiming/Hero/Sequence/Dao/daiji/橙色刀待机_0009.png","Assets/Game/Sprites/ColorTiming/Hero/Sequences/RingBlade/Idle/英雄_戒刀_待机_橙色_0009.png",""
"Move","9e21af1c9e019894da35e258caa36ef2","Assets/Game/Sprites/ColorTiming/Hero/Sequence/Dao/daiji/橙色刀待机_0010.png","Assets/Game/Sprites/ColorTiming/Hero/Sequences/RingBlade/Idle/英雄_戒刀_待机_橙色_0010.png",""
"Move","05b27b949a9f8124884bd416e30432fd","Assets/Game/Sprites/ColorTiming/Hero/Sequence/Dao/daiji/橙色刀待机_0011.png","Assets/Game/Sprites/ColorTiming/Hero/Sequences/RingBlade/Idle/英雄_戒刀_待机_橙色_0011.png",""
"Move","15fc09bf79a80cb45b24b16fa1850763","Assets/Game/Sprites/ColorTiming/Hero/Sequence/Dao/daiji/紫色刀待机_0000.png","Assets/Game/Sprites/ColorTiming/Hero/Sequences/RingBlade/Idle/英雄_戒刀_待机_紫色_0000.png",""
"Move","3cca24531f4de4b45b0c43ceaf7526ae","Assets/Game/Sprites/ColorTiming/Hero/Sequence/Dao/daiji/紫色刀待机_0001.png","Assets/Game/Sprites/ColorTiming/Hero/Sequences/RingBlade/Idle/英雄_戒刀_待机_紫色_0001.png",""
"Move","92444283066baea4cbc3e38379645164","Assets/Game/Sprites/ColorTiming/Hero/Sequence/Dao/daiji/紫色刀待机_0002.png","Assets/Game/Sprites/ColorTiming/Hero/Sequences/RingBlade/Idle/英雄_戒刀_待机_紫色_0002.png",""
"Move","d83d38445c0ac36419f9567516af96bf","Assets/Game/Sprites/ColorTiming/Hero/Sequence/Dao/daiji/紫色刀待机_0003.png","Assets/Game/Sprites/ColorTiming/Hero/Sequences/RingBlade/Idle/英雄_戒刀_待机_紫色_0003.png",""
"Move","6b3a060d6486edc438be7aea10f5f360","Assets/Game/Sprites/ColorTiming/Hero/Sequence/Dao/daiji/紫色刀待机_0004.png","Assets/Game/Sprites/ColorTiming/Hero/Sequences/RingBlade/Idle/英雄_戒刀_待机_紫色_0004.png",""
"Move","c2139e7f20e322b4cb0a1e59680726f0","Assets/Game/Sprites/ColorTiming/Hero/Sequence/Dao/daiji/紫色刀待机_0005.png","Assets/Game/Sprites/ColorTiming/Hero/Sequences/RingBlade/Idle/英雄_戒刀_待机_紫色_0005.png",""
"Move","297a3799c1037f442813ddad9b40f5e3","Assets/Game/Sprites/ColorTiming/Hero/Sequence/Dao/daiji/紫色刀待机_0006.png","Assets/Game/Sprites/ColorTiming/Hero/Sequences/RingBlade/Idle/英雄_戒刀_待机_紫色_0006.png",""
"Move","aeda0bd57468cab49be962a1b15c8adf","Assets/Game/Sprites/ColorTiming/Hero/Sequence/Dao/daiji/紫色刀待机_0007.png","Assets/Game/Sprites/ColorTiming/Hero/Sequences/RingBlade/Idle/英雄_戒刀_待机_紫色_0007.png",""
"Move","6c2d966b45e061b42b781b5bdb094ddb","Assets/Game/Sprites/ColorTiming/Hero/Sequence/Dao/daiji/紫色刀待机_0008.png","Assets/Game/Sprites/ColorTiming/Hero/Sequences/RingBlade/Idle/英雄_戒刀_待机_紫色_0008.png",""
"Move","78be0ba9f3285a0468d9945f56153793","Assets/Game/Sprites/ColorTiming/Hero/Sequence/Dao/daiji/紫色刀待机_0009.png","Assets/Game/Sprites/ColorTiming/Hero/Sequences/RingBlade/Idle/英雄_戒刀_待机_紫色_0009.png",""
"Move","e6b073f0cb413be48b219088f7c4d112","Assets/Game/Sprites/ColorTiming/Hero/Sequence/Dao/daiji/紫色刀待机_0010.png","Assets/Game/Sprites/ColorTiming/Hero/Sequences/RingBlade/Idle/英雄_戒刀_待机_紫色_0010.png",""
"Move","74fa8f87b217ba94c9d66e2576964342","Assets/Game/Sprites/ColorTiming/Hero/Sequence/Dao/daiji/紫色刀待机_0011.png","Assets/Game/Sprites/ColorTiming/Hero/Sequences/RingBlade/Idle/英雄_戒刀_待机_紫色_0011.png",""
"Move","a11a062f5d5334348a42efb21ebb1b8d","Assets/Game/Sprites/ColorTiming/Hero/Sequence/Dao/daiji/红色刀待机_0000.png","Assets/Game/Sprites/ColorTiming/Hero/Sequences/RingBlade/Idle/英雄_戒刀_待机_红色_0000.png",""
"Move","3039160899e06aa4286b2e72300adab6","Assets/Game/Sprites/ColorTiming/Hero/Sequence/Dao/daiji/红色刀待机_0001.png","Assets/Game/Sprites/ColorTiming/Hero/Sequences/RingBlade/Idle/英雄_戒刀_待机_红色_0001.png",""
"Move","c6adc5c02f99d6d44914f63d04e852cc","Assets/Game/Sprites/ColorTiming/Hero/Sequence/Dao/daiji/红色刀待机_0002.png","Assets/Game/Sprites/ColorTiming/Hero/Sequences/RingBlade/Idle/英雄_戒刀_待机_红色_0002.png",""
"Move","b4ef6abd0c88e034a8df77c1128253d8","Assets/Game/Sprites/ColorTiming/Hero/Sequence/Dao/daiji/红色刀待机_0003.png","Assets/Game/Sprites/ColorTiming/Hero/Sequences/RingBlade/Idle/英雄_戒刀_待机_红色_0003.png",""
"Move","c771d1f84eeed6c429ed8f4f2a1df706","Assets/Game/Sprites/ColorTiming/Hero/Sequence/Dao/daiji/红色刀待机_0004.png","Assets/Game/Sprites/ColorTiming/Hero/Sequences/RingBlade/Idle/英雄_戒刀_待机_红色_0004.png",""
"Move","9f4b7936370932a4781aeda4d8595cf8","Assets/Game/Sprites/ColorTiming/Hero/Sequence/Dao/daiji/红色刀待机_0005.png","Assets/Game/Sprites/ColorTiming/Hero/Sequences/RingBlade/Idle/英雄_戒刀_待机_红色_0005.png",""
"Move","ff3e12f8aecb0a6489b1348c1fccc15e","Assets/Game/Sprites/ColorTiming/Hero/Sequence/Dao/daiji/红色刀待机_0006.png","Assets/Game/Sprites/ColorTiming/Hero/Sequences/RingBlade/Idle/英雄_戒刀_待机_红色_0006.png",""
"Move","c785285d7fc55c0478d229c4b55416b6","Assets/Game/Sprites/ColorTiming/Hero/Sequence/Dao/daiji/红色刀待机_0007.png","Assets/Game/Sprites/ColorTiming/Hero/Sequences/RingBlade/Idle/英雄_戒刀_待机_红色_0007.png",""
"Move","86a6cbc014db3a04c9d9c1219a127dc8","Assets/Game/Sprites/ColorTiming/Hero/Sequence/Dao/daiji/红色刀待机_0008.png","Assets/Game/Sprites/ColorTiming/Hero/Sequences/RingBlade/Idle/英雄_戒刀_待机_红色_0008.png",""
"Move","6fb54df3e2785a6438cae05797cb1a81","Assets/Game/Sprites/ColorTiming/Hero/Sequence/Dao/daiji/红色刀待机_0009.png","Assets/Game/Sprites/ColorTiming/Hero/Sequences/RingBlade/Idle/英雄_戒刀_待机_红色_0009.png",""
"Move","9139574fc6ae87b4e89d50de6fff67df","Assets/Game/Sprites/ColorTiming/Hero/Sequence/Dao/daiji/红色刀待机_0010.png","Assets/Game/Sprites/ColorTiming/Hero/Sequences/RingBlade/Idle/英雄_戒刀_待机_红色_0010.png",""
"Move","342be630f4731554492e7750ac346a11","Assets/Game/Sprites/ColorTiming/Hero/Sequence/Dao/daiji/红色刀待机_0011.png","Assets/Game/Sprites/ColorTiming/Hero/Sequences/RingBlade/Idle/英雄_戒刀_待机_红色_0011.png",""
"Move","678d6a59fd3676443ae07a0b34b20bd0","Assets/Game/Sprites/ColorTiming/Hero/Sequence/Dao/daiji/绿色刀待机_0000.png","Assets/Game/Sprites/ColorTiming/Hero/Sequences/RingBlade/Idle/英雄_戒刀_待机_绿色_0000.png",""
"Move","e883ae0239084534999abca8d7e5fb6d","Assets/Game/Sprites/ColorTiming/Hero/Sequence/Dao/daiji/绿色刀待机_0001.png","Assets/Game/Sprites/ColorTiming/Hero/Sequences/RingBlade/Idle/英雄_戒刀_待机_绿色_0001.png",""
"Move","dfc91776a3ed1d841b88ebf291fc1792","Assets/Game/Sprites/ColorTiming/Hero/Sequence/Dao/daiji/绿色刀待机_0002.png","Assets/Game/Sprites/ColorTiming/Hero/Sequences/RingBlade/Idle/英雄_戒刀_待机_绿色_0002.png",""
"Move","4bb7772c7a2446e48baa88b0b3a7cabf","Assets/Game/Sprites/ColorTiming/Hero/Sequence/Dao/daiji/绿色刀待机_0003.png","Assets/Game/Sprites/ColorTiming/Hero/Sequences/RingBlade/Idle/英雄_戒刀_待机_绿色_0003.png",""
"Move","a3ec176164bea0143b267a8440b9e6ce","Assets/Game/Sprites/ColorTiming/Hero/Sequence/Dao/daiji/绿色刀待机_0004.png","Assets/Game/Sprites/ColorTiming/Hero/Sequences/RingBlade/Idle/英雄_戒刀_待机_绿色_0004.png",""
"Move","c65f1e725c7a7ee4b91801917ad8fc77","Assets/Game/Sprites/ColorTiming/Hero/Sequence/Dao/daiji/绿色刀待机_0005.png","Assets/Game/Sprites/ColorTiming/Hero/Sequences/RingBlade/Idle/英雄_戒刀_待机_绿色_0005.png",""
"Move","bcfaf72d559bf924ba2786dacead931e","Assets/Game/Sprites/ColorTiming/Hero/Sequence/Dao/daiji/绿色刀待机_0006.png","Assets/Game/Sprites/ColorTiming/Hero/Sequences/RingBlade/Idle/英雄_戒刀_待机_绿色_0006.png",""
"Move","1e1c1749a5d604f47b3d24d8c0ed0429","Assets/Game/Sprites/ColorTiming/Hero/Sequence/Dao/daiji/绿色刀待机_0007.png","Assets/Game/Sprites/ColorTiming/Hero/Sequences/RingBlade/Idle/英雄_戒刀_待机_绿色_0007.png",""
"Move","91ceb339ed4414f4fbdbd6db5d94a3dd","Assets/Game/Sprites/ColorTiming/Hero/Sequence/Dao/daiji/绿色刀待机_0008.png","Assets/Game/Sprites/ColorTiming/Hero/Sequences/RingBlade/Idle/英雄_戒刀_待机_绿色_0008.png",""
"Move","ef9cca8e8dd785148bbd5746e1fe0f4f","Assets/Game/Sprites/ColorTiming/Hero/Sequence/Dao/daiji/绿色刀待机_0009.png","Assets/Game/Sprites/ColorTiming/Hero/Sequences/RingBlade/Idle/英雄_戒刀_待机_绿色_0009.png",""
"Move","e5dc32d97fa489848afbef32e03ca3ea","Assets/Game/Sprites/ColorTiming/Hero/Sequence/Dao/daiji/绿色刀待机_0010.png","Assets/Game/Sprites/ColorTiming/Hero/Sequences/RingBlade/Idle/英雄_戒刀_待机_绿色_0010.png",""
"Move","f95c66bf56a25af449b0e8aef0ad5140","Assets/Game/Sprites/ColorTiming/Hero/Sequence/Dao/daiji/绿色刀待机_0011.png","Assets/Game/Sprites/ColorTiming/Hero/Sequences/RingBlade/Idle/英雄_戒刀_待机_绿色_0011.png",""
"Move","744746b92ee0fc446bc9228b4efd8993","Assets/Game/Sprites/ColorTiming/Hero/Sequence/Dao/gongji/gongji_dao_chen.anim","Assets/Game/Sprites/ColorTiming/Hero/Sequences/RingBlade/Attack/Hero_RingBlade_Attack_Orange.anim",""
"Move","ff8b57f88a4ae3546a661925c811a53a","Assets/Game/Sprites/ColorTiming/Hero/Sequence/Dao/gongji/gongji_dao_hong.anim","Assets/Game/Sprites/ColorTiming/Hero/Sequences/RingBlade/Attack/Hero_RingBlade_Attack_Red.anim",""
"Move","54aa78c08c9b60841b83e2156d175a18","Assets/Game/Sprites/ColorTiming/Hero/Sequence/Dao/gongji/gongji_dao_lv.anim","Assets/Game/Sprites/ColorTiming/Hero/Sequences/RingBlade/Attack/Hero_RingBlade_Attack_Green.anim",""
"Move","e4d7ee77696e4ea4f861bf72c64342d7","Assets/Game/Sprites/ColorTiming/Hero/Sequence/Dao/gongji/gongji_dao_zhi.anim","Assets/Game/Sprites/ColorTiming/Hero/Sequences/RingBlade/Attack/Hero_RingBlade_Attack_Purple.anim",""
"Move","0fd7e98ec37d16341965a0d8662fab8b","Assets/Game/Sprites/ColorTiming/Hero/Sequence/Dao/gongji/橙色刀攻击_0000.png","Assets/Game/Sprites/ColorTiming/Hero/Sequences/RingBlade/Attack/英雄_戒刀_攻击_橙色_0000.png",""
"Move","d16b9135d4962634c86ee1349ecf5f22","Assets/Game/Sprites/ColorTiming/Hero/Sequence/Dao/gongji/橙色刀攻击_0001.png","Assets/Game/Sprites/ColorTiming/Hero/Sequences/RingBlade/Attack/英雄_戒刀_攻击_橙色_0001.png",""
"Move","01076a1ce2852c74eb37a3532b8feae7","Assets/Game/Sprites/ColorTiming/Hero/Sequence/Dao/gongji/橙色刀攻击_0002.png","Assets/Game/Sprites/ColorTiming/Hero/Sequences/RingBlade/Attack/英雄_戒刀_攻击_橙色_0002.png",""
"Move","089fbe4d757b8e043854fdc46a4b5d76","Assets/Game/Sprites/ColorTiming/Hero/Sequence/Dao/gongji/橙色刀攻击_0003.png","Assets/Game/Sprites/ColorTiming/Hero/Sequences/RingBlade/Attack/英雄_戒刀_攻击_橙色_0003.png",""
"Move","d462cfcdd9341b54ab702a076a480322","Assets/Game/Sprites/ColorTiming/Hero/Sequence/Dao/gongji/橙色刀攻击_0004.png","Assets/Game/Sprites/ColorTiming/Hero/Sequences/RingBlade/Attack/英雄_戒刀_攻击_橙色_0004.png",""
"Move","44a6853d2a9af9e4abac9903d74b80c3","Assets/Game/Sprites/ColorTiming/Hero/Sequence/Dao/gongji/橙色刀攻击_0005.png","Assets/Game/Sprites/ColorTiming/Hero/Sequences/RingBlade/Attack/英雄_戒刀_攻击_橙色_0005.png",""
"Move","02627b8e2276bbd449c42e04815038a0","Assets/Game/Sprites/ColorTiming/Hero/Sequence/Dao/gongji/橙色刀攻击_0006.png","Assets/Game/Sprites/ColorTiming/Hero/Sequences/RingBlade/Attack/英雄_戒刀_攻击_橙色_0006.png",""
"Move","179f878ae102e4948a0cb1af3478a870","Assets/Game/Sprites/ColorTiming/Hero/Sequence/Dao/gongji/橙色刀攻击_0007.png","Assets/Game/Sprites/ColorTiming/Hero/Sequences/RingBlade/Attack/英雄_戒刀_攻击_橙色_0007.png",""
"Move","cb8325be5375efc45991f1d27ce70e10","Assets/Game/Sprites/ColorTiming/Hero/Sequence/Dao/gongji/橙色刀攻击_0008.png","Assets/Game/Sprites/ColorTiming/Hero/Sequences/RingBlade/Attack/英雄_戒刀_攻击_橙色_0008.png",""
"Move","df4167a5ba075ac42804e1d1e93ab342","Assets/Game/Sprites/ColorTiming/Hero/Sequence/Dao/gongji/橙色刀攻击_0009.png","Assets/Game/Sprites/ColorTiming/Hero/Sequences/RingBlade/Attack/英雄_戒刀_攻击_橙色_0009.png",""
"Move","d68fe356231a4d94c8e33fe2ac47bedd","Assets/Game/Sprites/ColorTiming/Hero/Sequence/Dao/gongji/橙色刀攻击_0010.png","Assets/Game/Sprites/ColorTiming/Hero/Sequences/RingBlade/Attack/英雄_戒刀_攻击_橙色_0010.png",""
"Move","8db57c8ca8678ce4a82571ff112a5d3a","Assets/Game/Sprites/ColorTiming/Hero/Sequence/Dao/gongji/橙色刀攻击_0011.png","Assets/Game/Sprites/ColorTiming/Hero/Sequences/RingBlade/Attack/英雄_戒刀_攻击_橙色_0011.png",""
"Move","051c4ec4bda6d484f8d4c492f0545384","Assets/Game/Sprites/ColorTiming/Hero/Sequence/Dao/gongji/橙色刀攻击_0012.png","Assets/Game/Sprites/ColorTiming/Hero/Sequences/RingBlade/Attack/英雄_戒刀_攻击_橙色_0012.png",""
"Move","96ce7a20b10e758428c6dd07eedab865","Assets/Game/Sprites/ColorTiming/Hero/Sequence/Dao/gongji/橙色刀攻击_0013.png","Assets/Game/Sprites/ColorTiming/Hero/Sequences/RingBlade/Attack/英雄_戒刀_攻击_橙色_0013.png",""
"Move","d013dfee3b4448e478122cc3ea154bcd","Assets/Game/Sprites/ColorTiming/Hero/Sequence/Dao/gongji/紫色刀攻击_0000.png","Assets/Game/Sprites/ColorTiming/Hero/Sequences/RingBlade/Attack/英雄_戒刀_攻击_紫色_0000.png",""
"Move","56165ec1ac42d5e4b9c3bf535b25944c","Assets/Game/Sprites/ColorTiming/Hero/Sequence/Dao/gongji/紫色刀攻击_0001.png","Assets/Game/Sprites/ColorTiming/Hero/Sequences/RingBlade/Attack/英雄_戒刀_攻击_紫色_0001.png",""
"Move","8f4d4d70e7931144ba0def754252bb83","Assets/Game/Sprites/ColorTiming/Hero/Sequence/Dao/gongji/紫色刀攻击_0002.png","Assets/Game/Sprites/ColorTiming/Hero/Sequences/RingBlade/Attack/英雄_戒刀_攻击_紫色_0002.png",""
"Move","be2125d8a8a7dbc40827813507193b75","Assets/Game/Sprites/ColorTiming/Hero/Sequence/Dao/gongji/紫色刀攻击_0003.png","Assets/Game/Sprites/ColorTiming/Hero/Sequences/RingBlade/Attack/英雄_戒刀_攻击_紫色_0003.png",""
"Move","1dec8f2c1eb32354aa3b8182da49157b","Assets/Game/Sprites/ColorTiming/Hero/Sequence/Dao/gongji/紫色刀攻击_0004.png","Assets/Game/Sprites/ColorTiming/Hero/Sequences/RingBlade/Attack/英雄_戒刀_攻击_紫色_0004.png",""
"Move","a277cc6ac81322e44b1e7d2fda942679","Assets/Game/Sprites/ColorTiming/Hero/Sequence/Dao/gongji/紫色刀攻击_0005.png","Assets/Game/Sprites/ColorTiming/Hero/Sequences/RingBlade/Attack/英雄_戒刀_攻击_紫色_0005.png",""
"Move","a6d899edbf0ed374081400ed6e99ba4f","Assets/Game/Sprites/ColorTiming/Hero/Sequence/Dao/gongji/紫色刀攻击_0006.png","Assets/Game/Sprites/ColorTiming/Hero/Sequences/RingBlade/Attack/英雄_戒刀_攻击_紫色_0006.png",""
"Move","3cb560651f1519b4297cabc33f02ef43","Assets/Game/Sprites/ColorTiming/Hero/Sequence/Dao/gongji/紫色刀攻击_0007.png","Assets/Game/Sprites/ColorTiming/Hero/Sequences/RingBlade/Attack/英雄_戒刀_攻击_紫色_0007.png",""
"Move","7d2988941b7901a4a8df581e33a0ccb9","Assets/Game/Sprites/ColorTiming/Hero/Sequence/Dao/gongji/紫色刀攻击_0008.png","Assets/Game/Sprites/ColorTiming/Hero/Sequences/RingBlade/Attack/英雄_戒刀_攻击_紫色_0008.png",""
"Move","45e82459908b5e4408a338a83806507a","Assets/Game/Sprites/ColorTiming/Hero/Sequence/Dao/gongji/紫色刀攻击_0009.png","Assets/Game/Sprites/ColorTiming/Hero/Sequences/RingBlade/Attack/英雄_戒刀_攻击_紫色_0009.png",""
"Move","4bb9a34717e9e8c4eb3d46b6d8ea6268","Assets/Game/Sprites/ColorTiming/Hero/Sequence/Dao/gongji/紫色刀攻击_0010.png","Assets/Game/Sprites/ColorTiming/Hero/Sequences/RingBlade/Attack/英雄_戒刀_攻击_紫色_0010.png",""
"Move","273fa628b6f7720458e0f0d40c98b227","Assets/Game/Sprites/ColorTiming/Hero/Sequence/Dao/gongji/紫色刀攻击_0011.png","Assets/Game/Sprites/ColorTiming/Hero/Sequences/RingBlade/Attack/英雄_戒刀_攻击_紫色_0011.png",""
"Move","d3cb74d9db59467418bf8b804c0f34bf","Assets/Game/Sprites/ColorTiming/Hero/Sequence/Dao/gongji/紫色刀攻击_0012.png","Assets/Game/Sprites/ColorTiming/Hero/Sequences/RingBlade/Attack/英雄_戒刀_攻击_紫色_0012.png",""
"Move","69d9ae99fff159f43985964bb3aa9ac0","Assets/Game/Sprites/ColorTiming/Hero/Sequence/Dao/gongji/紫色刀攻击_0013.png","Assets/Game/Sprites/ColorTiming/Hero/Sequences/RingBlade/Attack/英雄_戒刀_攻击_紫色_0013.png",""
"Move","bb301b678e06f4743bfbfb7a95b1978e","Assets/Game/Sprites/ColorTiming/Hero/Sequence/Dao/gongji/红色刀攻击_0000.png","Assets/Game/Sprites/ColorTiming/Hero/Sequences/RingBlade/Attack/英雄_戒刀_攻击_红色_0000.png",""
"Move","92fb790583c89a74695fc5e567d3aa80","Assets/Game/Sprites/ColorTiming/Hero/Sequence/Dao/gongji/红色刀攻击_0001.png","Assets/Game/Sprites/ColorTiming/Hero/Sequences/RingBlade/Attack/英雄_戒刀_攻击_红色_0001.png",""
"Move","83cd5bfa8c83ed8459067da649ba852f","Assets/Game/Sprites/ColorTiming/Hero/Sequence/Dao/gongji/红色刀攻击_0002.png","Assets/Game/Sprites/ColorTiming/Hero/Sequences/RingBlade/Attack/英雄_戒刀_攻击_红色_0002.png",""
"Move","f27e2839b5e794d44aea8acd52f440c5","Assets/Game/Sprites/ColorTiming/Hero/Sequence/Dao/gongji/红色刀攻击_0003.png","Assets/Game/Sprites/ColorTiming/Hero/Sequences/RingBlade/Attack/英雄_戒刀_攻击_红色_0003.png",""
"Move","c35cdf360f9d8b648bd99dacd85b390e","Assets/Game/Sprites/ColorTiming/Hero/Sequence/Dao/gongji/红色刀攻击_0004.png","Assets/Game/Sprites/ColorTiming/Hero/Sequences/RingBlade/Attack/英雄_戒刀_攻击_红色_0004.png",""
"Move","90d11741d080e984d92189c2d5d7957a","Assets/Game/Sprites/ColorTiming/Hero/Sequence/Dao/gongji/红色刀攻击_0005.png","Assets/Game/Sprites/ColorTiming/Hero/Sequences/RingBlade/Attack/英雄_戒刀_攻击_红色_0005.png",""
"Move","26134e5f2112e2d4ab1985fc967e3a32","Assets/Game/Sprites/ColorTiming/Hero/Sequence/Dao/gongji/红色刀攻击_0006.png","Assets/Game/Sprites/ColorTiming/Hero/Sequences/RingBlade/Attack/英雄_戒刀_攻击_红色_0006.png",""
"Move","625f46c6c539b004981e10d3bfb1d787","Assets/Game/Sprites/ColorTiming/Hero/Sequence/Dao/gongji/红色刀攻击_0007.png","Assets/Game/Sprites/ColorTiming/Hero/Sequences/RingBlade/Attack/英雄_戒刀_攻击_红色_0007.png",""
"Move","31b20db8148b90e4995b56a8ec97009d","Assets/Game/Sprites/ColorTiming/Hero/Sequence/Dao/gongji/红色刀攻击_0008.png","Assets/Game/Sprites/ColorTiming/Hero/Sequences/RingBlade/Attack/英雄_戒刀_攻击_红色_0008.png",""
"Move","5fa980066df98184aa0cce5ef6419f14","Assets/Game/Sprites/ColorTiming/Hero/Sequence/Dao/gongji/红色刀攻击_0009.png","Assets/Game/Sprites/ColorTiming/Hero/Sequences/RingBlade/Attack/英雄_戒刀_攻击_红色_0009.png",""
"Move","17d22972867fd7e489acdc255e939de3","Assets/Game/Sprites/ColorTiming/Hero/Sequence/Dao/gongji/红色刀攻击_0010.png","Assets/Game/Sprites/ColorTiming/Hero/Sequences/RingBlade/Attack/英雄_戒刀_攻击_红色_0010.png",""
"Move","8fd03d3640e1b6545a890f6d620081f2","Assets/Game/Sprites/ColorTiming/Hero/Sequence/Dao/gongji/红色刀攻击_0011.png","Assets/Game/Sprites/ColorTiming/Hero/Sequences/RingBlade/Attack/英雄_戒刀_攻击_红色_0011.png",""
"Move","eaa9c82da597a024db202c2209e29184","Assets/Game/Sprites/ColorTiming/Hero/Sequence/Dao/gongji/红色刀攻击_0012.png","Assets/Game/Sprites/ColorTiming/Hero/Sequences/RingBlade/Attack/英雄_戒刀_攻击_红色_0012.png",""
"Move","9a7545bc4c209954caa1ece08f25a9ec","Assets/Game/Sprites/ColorTiming/Hero/Sequence/Dao/gongji/红色刀攻击_0013.png","Assets/Game/Sprites/ColorTiming/Hero/Sequences/RingBlade/Attack/英雄_戒刀_攻击_红色_0013.png",""
"Move","e66bf59d4beb7f5419762d4f9be6b788","Assets/Game/Sprites/ColorTiming/Hero/Sequence/Dao/gongji/绿色刀攻击_0000.png","Assets/Game/Sprites/ColorTiming/Hero/Sequences/RingBlade/Attack/英雄_戒刀_攻击_绿色_0000.png",""
"Move","b717c814faa33714c91cbd637f364f64","Assets/Game/Sprites/ColorTiming/Hero/Sequence/Dao/gongji/绿色刀攻击_0001.png","Assets/Game/Sprites/ColorTiming/Hero/Sequences/RingBlade/Attack/英雄_戒刀_攻击_绿色_0001.png",""
"Move","5c6b4b9e054ad5e4ab94baa71c46ef1a","Assets/Game/Sprites/ColorTiming/Hero/Sequence/Dao/gongji/绿色刀攻击_0002.png","Assets/Game/Sprites/ColorTiming/Hero/Sequences/RingBlade/Attack/英雄_戒刀_攻击_绿色_0002.png",""
"Move","5c583d5362989a441b0b9b046348ded1","Assets/Game/Sprites/ColorTiming/Hero/Sequence/Dao/gongji/绿色刀攻击_0003.png","Assets/Game/Sprites/ColorTiming/Hero/Sequences/RingBlade/Attack/英雄_戒刀_攻击_绿色_0003.png",""
"Move","092e1158af30d0e46bb1ae28ea11163a","Assets/Game/Sprites/ColorTiming/Hero/Sequence/Dao/gongji/绿色刀攻击_0004.png","Assets/Game/Sprites/ColorTiming/Hero/Sequences/RingBlade/Attack/英雄_戒刀_攻击_绿色_0004.png",""
"Move","80a2025e36bfd174180f34cccf8c0fba","Assets/Game/Sprites/ColorTiming/Hero/Sequence/Dao/gongji/绿色刀攻击_0005.png","Assets/Game/Sprites/ColorTiming/Hero/Sequences/RingBlade/Attack/英雄_戒刀_攻击_绿色_0005.png",""
"Move","d180f6f95c83c6346a1ce1e310f80f19","Assets/Game/Sprites/ColorTiming/Hero/Sequence/Dao/gongji/绿色刀攻击_0006.png","Assets/Game/Sprites/ColorTiming/Hero/Sequences/RingBlade/Attack/英雄_戒刀_攻击_绿色_0006.png",""
"Move","4cb2a38f45360aa4599547e4bb6933fe","Assets/Game/Sprites/ColorTiming/Hero/Sequence/Dao/gongji/绿色刀攻击_0007.png","Assets/Game/Sprites/ColorTiming/Hero/Sequences/RingBlade/Attack/英雄_戒刀_攻击_绿色_0007.png",""
"Move","20b3d883f64c8a04684fe761028f6f30","Assets/Game/Sprites/ColorTiming/Hero/Sequence/Dao/gongji/绿色刀攻击_0008.png","Assets/Game/Sprites/ColorTiming/Hero/Sequences/RingBlade/Attack/英雄_戒刀_攻击_绿色_0008.png",""
"Move","22faa655453b5d94bac84ff35954d32f","Assets/Game/Sprites/ColorTiming/Hero/Sequence/Dao/gongji/绿色刀攻击_0009.png","Assets/Game/Sprites/ColorTiming/Hero/Sequences/RingBlade/Attack/英雄_戒刀_攻击_绿色_0009.png",""
"Move","745f1bad658215b49a64fd47324e28c2","Assets/Game/Sprites/ColorTiming/Hero/Sequence/Dao/gongji/绿色刀攻击_0010.png","Assets/Game/Sprites/ColorTiming/Hero/Sequences/RingBlade/Attack/英雄_戒刀_攻击_绿色_0010.png",""
"Move","7a91b94c801daaf439976091308cec9c","Assets/Game/Sprites/ColorTiming/Hero/Sequence/Dao/gongji/绿色刀攻击_0011.png","Assets/Game/Sprites/ColorTiming/Hero/Sequences/RingBlade/Attack/英雄_戒刀_攻击_绿色_0011.png",""
"Move","5e8c4af51c6f0ae48815271c3ef21f50","Assets/Game/Sprites/ColorTiming/Hero/Sequence/Dao/gongji/绿色刀攻击_0012.png","Assets/Game/Sprites/ColorTiming/Hero/Sequences/RingBlade/Attack/英雄_戒刀_攻击_绿色_0012.png",""
"Move","5b1fa260d55acc547bcf47329b80c19e","Assets/Game/Sprites/ColorTiming/Hero/Sequence/Dao/gongji/绿色刀攻击_0013.png","Assets/Game/Sprites/ColorTiming/Hero/Sequences/RingBlade/Attack/英雄_戒刀_攻击_绿色_0013.png",""
"Move","8f321f065908a4447a7ba8f9032c4043","Assets/Game/Sprites/ColorTiming/Hero/Sequence/Dao/yidong/yidong_dao_chen.anim","Assets/Game/Sprites/ColorTiming/Hero/Sequences/RingBlade/Move/Hero_RingBlade_Move_Orange.anim",""
"Move","1634097edda18d447943c5546434ed99","Assets/Game/Sprites/ColorTiming/Hero/Sequence/Dao/yidong/yidong_dao_hong.anim","Assets/Game/Sprites/ColorTiming/Hero/Sequences/RingBlade/Move/Hero_RingBlade_Move_Red.anim",""
"Move","ed29896ecc26c6d40a0d3604b1c74129","Assets/Game/Sprites/ColorTiming/Hero/Sequence/Dao/yidong/yidong_dao_lv.anim","Assets/Game/Sprites/ColorTiming/Hero/Sequences/RingBlade/Move/Hero_RingBlade_Move_Green.anim",""
"Move","c79127d3e176fe04ca88b57162649ee7","Assets/Game/Sprites/ColorTiming/Hero/Sequence/Dao/yidong/yidong_dao_zhi.anim","Assets/Game/Sprites/ColorTiming/Hero/Sequences/RingBlade/Move/Hero_RingBlade_Move_Purple.anim",""
"Move","9dce328621a13484ba21231937f33a4a","Assets/Game/Sprites/ColorTiming/Hero/Sequence/Dao/yidong/橙色刀移动_0000.png","Assets/Game/Sprites/ColorTiming/Hero/Sequences/RingBlade/Move/英雄_戒刀_移动_橙色_0000.png",""
"Move","bd03a288d6a77f04eb2e0af28603fe45","Assets/Game/Sprites/ColorTiming/Hero/Sequence/Dao/yidong/橙色刀移动_0001.png","Assets/Game/Sprites/ColorTiming/Hero/Sequences/RingBlade/Move/英雄_戒刀_移动_橙色_0001.png",""
"Move","2ee363563b19d914f94d3e1f99927926","Assets/Game/Sprites/ColorTiming/Hero/Sequence/Dao/yidong/橙色刀移动_0002.png","Assets/Game/Sprites/ColorTiming/Hero/Sequences/RingBlade/Move/英雄_戒刀_移动_橙色_0002.png",""
"Move","d43a8e72b67ebb74f8a46629a3440b9e","Assets/Game/Sprites/ColorTiming/Hero/Sequence/Dao/yidong/橙色刀移动_0003.png","Assets/Game/Sprites/ColorTiming/Hero/Sequences/RingBlade/Move/英雄_戒刀_移动_橙色_0003.png",""
"Move","eae974f3a8b8b8c408bf565e0efb9058","Assets/Game/Sprites/ColorTiming/Hero/Sequence/Dao/yidong/橙色刀移动_0004.png","Assets/Game/Sprites/ColorTiming/Hero/Sequences/RingBlade/Move/英雄_戒刀_移动_橙色_0004.png",""
"Move","63bc155035fb7314e88f98993da1fc04","Assets/Game/Sprites/ColorTiming/Hero/Sequence/Dao/yidong/橙色刀移动_0005.png","Assets/Game/Sprites/ColorTiming/Hero/Sequences/RingBlade/Move/英雄_戒刀_移动_橙色_0005.png",""
"Move","6e7962a7d251b23468f7e75281ae9bbe","Assets/Game/Sprites/ColorTiming/Hero/Sequence/Dao/yidong/紫色刀移动_0000.png","Assets/Game/Sprites/ColorTiming/Hero/Sequences/RingBlade/Move/英雄_戒刀_移动_紫色_0000.png",""
"Move","3b36b7ab732c399418b27504d625322f","Assets/Game/Sprites/ColorTiming/Hero/Sequence/Dao/yidong/紫色刀移动_0001.png","Assets/Game/Sprites/ColorTiming/Hero/Sequences/RingBlade/Move/英雄_戒刀_移动_紫色_0001.png",""
"Move","6d446a628afe98f4e80c0ef9363a9fce","Assets/Game/Sprites/ColorTiming/Hero/Sequence/Dao/yidong/紫色刀移动_0002.png","Assets/Game/Sprites/ColorTiming/Hero/Sequences/RingBlade/Move/英雄_戒刀_移动_紫色_0002.png",""
"Move","41e4dd922a43584469cd33df3436fb82","Assets/Game/Sprites/ColorTiming/Hero/Sequence/Dao/yidong/紫色刀移动_0003.png","Assets/Game/Sprites/ColorTiming/Hero/Sequences/RingBlade/Move/英雄_戒刀_移动_紫色_0003.png",""
"Move","905ff59006434084e8cb2e81815e3e99","Assets/Game/Sprites/ColorTiming/Hero/Sequence/Dao/yidong/紫色刀移动_0004.png","Assets/Game/Sprites/ColorTiming/Hero/Sequences/RingBlade/Move/英雄_戒刀_移动_紫色_0004.png",""
"Move","3a80447588435fb44ad7d8b35cb0c095","Assets/Game/Sprites/ColorTiming/Hero/Sequence/Dao/yidong/紫色刀移动_0005.png","Assets/Game/Sprites/ColorTiming/Hero/Sequences/RingBlade/Move/英雄_戒刀_移动_紫色_0005.png",""
"Move","1656b7dc4a7aa4149bf3d1c5a02206fa","Assets/Game/Sprites/ColorTiming/Hero/Sequence/Dao/yidong/红色刀移动_0000.png","Assets/Game/Sprites/ColorTiming/Hero/Sequences/RingBlade/Move/英雄_戒刀_移动_红色_0000.png",""
"Move","c74470f2b282244439603be0366236f4","Assets/Game/Sprites/ColorTiming/Hero/Sequence/Dao/yidong/红色刀移动_0001.png","Assets/Game/Sprites/ColorTiming/Hero/Sequences/RingBlade/Move/英雄_戒刀_移动_红色_0001.png",""
"Move","6af20d6d3eff2cc43b86bcfbf4e650cc","Assets/Game/Sprites/ColorTiming/Hero/Sequence/Dao/yidong/红色刀移动_0002.png","Assets/Game/Sprites/ColorTiming/Hero/Sequences/RingBlade/Move/英雄_戒刀_移动_红色_0002.png",""
"Move","1cdba4ffdbf1cd24dbcc19581f7c93a6","Assets/Game/Sprites/ColorTiming/Hero/Sequence/Dao/yidong/红色刀移动_0003.png","Assets/Game/Sprites/ColorTiming/Hero/Sequences/RingBlade/Move/英雄_戒刀_移动_红色_0003.png",""
"Move","59f87faac76e662478d0641f65752bcc","Assets/Game/Sprites/ColorTiming/Hero/Sequence/Dao/yidong/红色刀移动_0004.png","Assets/Game/Sprites/ColorTiming/Hero/Sequences/RingBlade/Move/英雄_戒刀_移动_红色_0004.png",""
"Move","7540bbd0423d6e94fafe865ab14b0cee","Assets/Game/Sprites/ColorTiming/Hero/Sequence/Dao/yidong/红色刀移动_0005.png","Assets/Game/Sprites/ColorTiming/Hero/Sequences/RingBlade/Move/英雄_戒刀_移动_红色_0005.png",""
"Move","bf4f475eba49ea9498957f6e98831769","Assets/Game/Sprites/ColorTiming/Hero/Sequence/Dao/yidong/绿色刀移动_0000.png","Assets/Game/Sprites/ColorTiming/Hero/Sequences/RingBlade/Move/英雄_戒刀_移动_绿色_0000.png",""
"Move","78568dd445c911f4788c057a9cd68faf","Assets/Game/Sprites/ColorTiming/Hero/Sequence/Dao/yidong/绿色刀移动_0001.png","Assets/Game/Sprites/ColorTiming/Hero/Sequences/RingBlade/Move/英雄_戒刀_移动_绿色_0001.png",""
"Move","c7e60a039d4f97f4d91f7a81ce4b5239","Assets/Game/Sprites/ColorTiming/Hero/Sequence/Dao/yidong/绿色刀移动_0002.png","Assets/Game/Sprites/ColorTiming/Hero/Sequences/RingBlade/Move/英雄_戒刀_移动_绿色_0002.png",""
"Move","5afbba458ec52d14aa2474c2436ca9c4","Assets/Game/Sprites/ColorTiming/Hero/Sequence/Dao/yidong/绿色刀移动_0003.png","Assets/Game/Sprites/ColorTiming/Hero/Sequences/RingBlade/Move/英雄_戒刀_移动_绿色_0003.png",""
"Move","f1e1b6861976eda4caeb62afc6c0c39d","Assets/Game/Sprites/ColorTiming/Hero/Sequence/Dao/yidong/绿色刀移动_0004.png","Assets/Game/Sprites/ColorTiming/Hero/Sequences/RingBlade/Move/英雄_戒刀_移动_绿色_0004.png",""
"Move","6aeae2ba35cd1514ba3f6ea6fe3255af","Assets/Game/Sprites/ColorTiming/Hero/Sequence/Dao/yidong/绿色刀移动_0005.png","Assets/Game/Sprites/ColorTiming/Hero/Sequences/RingBlade/Move/英雄_戒刀_移动_绿色_0005.png",""
"Move","cf06a929ea766bb45ba6ccb5841f73dc","Assets/Game/Sprites/ColorTiming/Hero/Sequence/Gongji/Atk_nor.anim","Assets/Game/Sprites/ColorTiming/Hero/Sequences/BasicAttack/Hero_BasicAttack.anim",""
"Move","6f0f008c3a6b0974b88c2da807dfd0f6","Assets/Game/Sprites/ColorTiming/Hero/Sequence/Gongji/HitFX_Nor.anim","Assets/Game/Sprites/ColorTiming/Hero/Sequences/BasicAttack/Hero_BasicAttackHitEffect.anim",""
"Move","a8216024fcf46464584a8f7f6c42f088","Assets/Game/Sprites/ColorTiming/Hero/Sequence/Gongji/HitFx_Anim.controller","Assets/Game/Sprites/ColorTiming/Hero/Sequences/BasicAttack/Hero_BasicAttackHitEffect.controller",""
"Move","4ee013c3d389ac14bb8c9f44098df8ee","Assets/Game/Sprites/ColorTiming/Hero/Sequence/Gongji/普攻_0000.png","Assets/Game/Sprites/ColorTiming/Hero/Sequences/BasicAttack/英雄_普攻_0000.png",""
"Move","7ddf8a55b13716d44aede8a02c98adb4","Assets/Game/Sprites/ColorTiming/Hero/Sequence/Gongji/普攻_0001.png","Assets/Game/Sprites/ColorTiming/Hero/Sequences/BasicAttack/英雄_普攻_0001.png",""
"Move","f6d5aff1a7f9cb941ba0f2f949514c23","Assets/Game/Sprites/ColorTiming/Hero/Sequence/Gongji/普攻_0002.png","Assets/Game/Sprites/ColorTiming/Hero/Sequences/BasicAttack/英雄_普攻_0002.png",""
"Move","a437b2704f94f21459386bb7e9523041","Assets/Game/Sprites/ColorTiming/Hero/Sequence/Gongji/普攻_0003.png","Assets/Game/Sprites/ColorTiming/Hero/Sequences/BasicAttack/英雄_普攻_0003.png",""
"Move","2b094c9b06e32a841999258972443d65","Assets/Game/Sprites/ColorTiming/Hero/Sequence/Gongji/普攻_0004.png","Assets/Game/Sprites/ColorTiming/Hero/Sequences/BasicAttack/英雄_普攻_0004.png",""
"Move","a585b53f9a0ad4b4fba9bc1f9703248e","Assets/Game/Sprites/ColorTiming/Hero/Sequence/Gongji/普攻_0005.png","Assets/Game/Sprites/ColorTiming/Hero/Sequences/BasicAttack/英雄_普攻_0005.png",""
"Move","b8b55763ec3cb6a4db05821c50634c24","Assets/Game/Sprites/ColorTiming/Hero/Sequence/Gongji/普攻_0006.png","Assets/Game/Sprites/ColorTiming/Hero/Sequences/BasicAttack/英雄_普攻_0006.png",""
"Move","a4008b5515cdbb241b26894be374b256","Assets/Game/Sprites/ColorTiming/Hero/Sequence/Gongji/普攻_0007.png","Assets/Game/Sprites/ColorTiming/Hero/Sequences/BasicAttack/英雄_普攻_0007.png",""
"Move","dc22b992da9aedc4eb3f27e184e80425","Assets/Game/Sprites/ColorTiming/Hero/Sequence/Gongji/普攻特效_0000.png","Assets/Game/Sprites/ColorTiming/Hero/Sequences/BasicAttack/英雄_普攻_特效_0000.png",""
"Move","9301763fc50a8bb47959cb23a3a85904","Assets/Game/Sprites/ColorTiming/Hero/Sequence/Gongji/普攻特效_0001.png","Assets/Game/Sprites/ColorTiming/Hero/Sequences/BasicAttack/英雄_普攻_特效_0001.png",""
"Move","b4e629833fd0b6047b0bc624d1903a75","Assets/Game/Sprites/ColorTiming/Hero/Sequence/Gongji/普攻特效_0002.png","Assets/Game/Sprites/ColorTiming/Hero/Sequences/BasicAttack/英雄_普攻_特效_0002.png",""
"Move","b1402a7c8dcc6d4409441998e9be04e3","Assets/Game/Sprites/ColorTiming/Hero/Sequence/Gongji/普攻特效_0003.png","Assets/Game/Sprites/ColorTiming/Hero/Sequences/BasicAttack/英雄_普攻_特效_0003.png",""
"Move","7be9c35e0a7b7ed4c8ceaeb1cfc1ac1d","Assets/Game/Sprites/ColorTiming/Hero/Sequence/Gongji/普攻特效_0004.png","Assets/Game/Sprites/ColorTiming/Hero/Sequences/BasicAttack/英雄_普攻_特效_0004.png",""
"Move","4da768806426fdf44b3f4eaefe76cc1a","Assets/Game/Sprites/ColorTiming/Hero/Sequence/Gongji/普攻特效_0005.png","Assets/Game/Sprites/ColorTiming/Hero/Sequences/BasicAttack/英雄_普攻_特效_0005.png",""
"Move","21bf10d9c26043d4384e17da97ae44b5","Assets/Game/Sprites/ColorTiming/Hero/Sequence/Gongji/普攻特效_0006.png","Assets/Game/Sprites/ColorTiming/Hero/Sequences/BasicAttack/英雄_普攻_特效_0006.png",""
"Move","e951193dc5be3fc43a00cec3bbfb286d","Assets/Game/Sprites/ColorTiming/Hero/Sequence/Gongji/普攻特效_0007.png","Assets/Game/Sprites/ColorTiming/Hero/Sequences/BasicAttack/英雄_普攻_特效_0007.png",""
"Move","48d2c53e1e9fa89439ecc4fd79c53979","Assets/Game/Sprites/ColorTiming/Hero/Sequence/Shouji/hit_sc.anim","Assets/Game/Sprites/ColorTiming/Hero/Sequences/Hit/Hero_HitExposure.anim",""
"Move","914e060ed78fbca4ca95850b6ca093fd","Assets/Game/Sprites/ColorTiming/Hero/Sequence/Shouji/hit_sccc.controller","Assets/Game/Sprites/ColorTiming/Hero/Sequences/Hit/Hero_HitEffects.controller",""
"Move","66144e5063a1872419060ddf9f9bf928","Assets/Game/Sprites/ColorTiming/Hero/Sequence/Shouji/shouji.anim","Assets/Game/Sprites/ColorTiming/Hero/Sequences/Hit/Hero_Hit.anim",""
"Move","e1988db6883db064a91020cd856261bc","Assets/Game/Sprites/ColorTiming/Hero/Sequence/Shouji/受击动画_0000.png","Assets/Game/Sprites/ColorTiming/Hero/Sequences/Hit/英雄_受击_动画_0000.png",""
"Move","30119126297971b48bb5c5b8d0c61672","Assets/Game/Sprites/ColorTiming/Hero/Sequence/Shouji/受击动画_0001.png","Assets/Game/Sprites/ColorTiming/Hero/Sequences/Hit/英雄_受击_动画_0001.png",""
"Move","d7c6af26c6fed674392339cdd17ea45f","Assets/Game/Sprites/ColorTiming/Hero/Sequence/Shouji/受击动画_0002.png","Assets/Game/Sprites/ColorTiming/Hero/Sequences/Hit/英雄_受击_动画_0002.png",""
"Move","846b7f1d15a41b242b6a9ad90c897bb3","Assets/Game/Sprites/ColorTiming/Hero/Sequence/Shouji/受击动画_0003.png","Assets/Game/Sprites/ColorTiming/Hero/Sequences/Hit/英雄_受击_动画_0003.png",""
"Move","7988c87d84ec186468b02ca193ef8663","Assets/Game/Sprites/ColorTiming/Hero/Sequence/Shouji/受击动画_0004.png","Assets/Game/Sprites/ColorTiming/Hero/Sequences/Hit/英雄_受击_动画_0004.png",""
"Move","154dec5b3cbb76e47854b5ef1117b15b","Assets/Game/Sprites/ColorTiming/Hero/Sequence/Shouji/受击动画_0005.png","Assets/Game/Sprites/ColorTiming/Hero/Sequences/Hit/英雄_受击_动画_0005.png",""
"Move","eab7b899216c72b4695abb5351f538c5","Assets/Game/Sprites/ColorTiming/Hero/Sequence/Shouji/受击动画_0006.png","Assets/Game/Sprites/ColorTiming/Hero/Sequences/Hit/英雄_受击_动画_0006.png",""
"Move","1f219e259eb8ccf45b1b638630ba7ce5","Assets/Game/Sprites/ColorTiming/Hero/Sequence/Shouji/受击动画_0007.png","Assets/Game/Sprites/ColorTiming/Hero/Sequences/Hit/英雄_受击_动画_0007.png",""
"Move","306ff7a43ed201c4ca89936b14f7e845","Assets/Game/Sprites/ColorTiming/Hero/Sequence/Shouji/受击动画_0008.png","Assets/Game/Sprites/ColorTiming/Hero/Sequences/Hit/英雄_受击_动画_0008.png",""
"Move","dfcf71a5fd0d7a042b638abfdbd8c5da","Assets/Game/Sprites/ColorTiming/Hero/Sequence/Shouji/受击时震动_0000.png","Assets/Game/Sprites/ColorTiming/Hero/Sequences/Hit/英雄_受击_时_震动_0000.png",""
"Move","79ae51b68723e3c41bc5368f008b8f03","Assets/Game/Sprites/ColorTiming/Hero/Sequence/Shouji/受击时震动_0001.png","Assets/Game/Sprites/ColorTiming/Hero/Sequences/Hit/英雄_受击_时_震动_0001.png",""
"Move","3e350332325e90b4d8e09879b9c57476","Assets/Game/Sprites/ColorTiming/Hero/Sequence/Shouji/受击时震动_0002.png","Assets/Game/Sprites/ColorTiming/Hero/Sequences/Hit/英雄_受击_时_震动_0002.png",""
"Move","bbbc9e19450377746ab8feed94db537e","Assets/Game/Sprites/ColorTiming/Hero/Sequence/Shouji/受击时震动_0003.png","Assets/Game/Sprites/ColorTiming/Hero/Sequences/Hit/英雄_受击_时_震动_0003.png",""
"Move","c2cb3b5d804aaed4da0b5c2df647eb84","Assets/Game/Sprites/ColorTiming/Hero/Sequence/Shouji/受击时震动_0004.png","Assets/Game/Sprites/ColorTiming/Hero/Sequences/Hit/英雄_受击_时_震动_0004.png",""
"Move","ba5e49d9033c71f469a1293275a36e5b","Assets/Game/Sprites/ColorTiming/Hero/Sequence/Shouji/受击时震动_0005.png","Assets/Game/Sprites/ColorTiming/Hero/Sequences/Hit/英雄_受击_时_震动_0005.png",""
"Move","d0fb37e2ea75c1e4b907b34ab6954873","Assets/Game/Sprites/ColorTiming/Hero/Sequence/Shouji/受击时震动_0006.png","Assets/Game/Sprites/ColorTiming/Hero/Sequences/Hit/英雄_受击_时_震动_0006.png",""
"Move","2939e6e5e0290304bbf5b8d83ba93081","Assets/Game/Sprites/ColorTiming/Hero/Sequence/Shouji/受击时震动_0007.png","Assets/Game/Sprites/ColorTiming/Hero/Sequences/Hit/英雄_受击_时_震动_0007.png",""
"Move","8a479d9dbfe67974eb1f5aa1eace51a2","Assets/Game/Sprites/ColorTiming/Hero/Sequence/Shouji/受击曝光_0000.png","Assets/Game/Sprites/ColorTiming/Hero/Sequences/Hit/英雄_受击_曝光_0000.png",""
"Move","bb5dae0ef0c3a7746bc5c7e7e56eee60","Assets/Game/Sprites/ColorTiming/Hero/Sequence/Shouji/受击曝光_0001.png","Assets/Game/Sprites/ColorTiming/Hero/Sequences/Hit/英雄_受击_曝光_0001.png",""
"Move","fbca2b2f8fcae9545b24529437774cec","Assets/Game/Sprites/ColorTiming/Hero/Sequence/Shouji/受击曝光_0002.png","Assets/Game/Sprites/ColorTiming/Hero/Sequences/Hit/英雄_受击_曝光_0002.png",""
"Move","b69f0e4fb377cff4ab633c735cdab140","Assets/Game/Sprites/ColorTiming/Hero/Sequence/Shouji/受击曝光_0003.png","Assets/Game/Sprites/ColorTiming/Hero/Sequences/Hit/英雄_受击_曝光_0003.png",""
"Move","a16144d2d9e6f8b4c9f2223056c4639f","Assets/Game/Sprites/ColorTiming/Hero/Sequence/Shouji/受击曝光_0004.png","Assets/Game/Sprites/ColorTiming/Hero/Sequences/Hit/英雄_受击_曝光_0004.png",""
"Move","52b3b0e8877586745a80265bc8b04eda","Assets/Game/Sprites/ColorTiming/Hero/Sequence/Shouji/受击曝光_0005.png","Assets/Game/Sprites/ColorTiming/Hero/Sequences/Hit/英雄_受击_曝光_0005.png",""
"Move","c612265eeefcdcc44b94b1c5f2b79dd3","Assets/Game/Sprites/ColorTiming/Hero/Sequence/Shouji/受击曝光_0006.png","Assets/Game/Sprites/ColorTiming/Hero/Sequences/Hit/英雄_受击_曝光_0006.png",""
"Move","1db455ae2cec71a46a8edb3d3cd900db","Assets/Game/Sprites/ColorTiming/Hero/Sequence/Siwang/death.anim","Assets/Game/Sprites/ColorTiming/Hero/Sequences/Death/Hero_Death.anim",""
"Move","ee7c07b930aaea443aef795b90f8ebdf","Assets/Game/Sprites/ColorTiming/Hero/Sequence/Siwang/sc/death_sc.anim","Assets/Game/Sprites/ColorTiming/Hero/Sequences/Death/Transition/Hero_DeathTransition.anim",""
"Move","b531a928c4f37c344839fc017f2f9291","Assets/Game/Sprites/ColorTiming/Hero/Sequence/Siwang/sc/death_sc.controller","Assets/Game/Sprites/ColorTiming/Hero/Sequences/Death/Transition/Hero_DeathTransition.controller",""
"Move","3db8cbc3dad27f1439295805fe568406","Assets/Game/Sprites/ColorTiming/Hero/Sequence/Siwang/sc/死亡动画背景_0000.png","Assets/Game/Sprites/ColorTiming/Hero/Sequences/Death/Transition/英雄_死亡动画_背景_0000.png",""
"Move","4d90d06d5c03ca048828297435bb353f","Assets/Game/Sprites/ColorTiming/Hero/Sequence/Siwang/sc/死亡动画背景_0001.png","Assets/Game/Sprites/ColorTiming/Hero/Sequences/Death/Transition/英雄_死亡动画_背景_0001.png",""
"Move","b33771fbd046ef64f9c51adbc3b886e5","Assets/Game/Sprites/ColorTiming/Hero/Sequence/Siwang/sc/死亡动画背景_0002.png","Assets/Game/Sprites/ColorTiming/Hero/Sequences/Death/Transition/英雄_死亡动画_背景_0002.png",""
"Move","8eafb87c231db6945b6bf3b5163f7c7c","Assets/Game/Sprites/ColorTiming/Hero/Sequence/Siwang/sc/死亡动画背景_0003.png","Assets/Game/Sprites/ColorTiming/Hero/Sequences/Death/Transition/英雄_死亡动画_背景_0003.png",""
"Move","364aed9be5496c540829b6225777e611","Assets/Game/Sprites/ColorTiming/Hero/Sequence/Siwang/sc/死亡动画背景_0004.png","Assets/Game/Sprites/ColorTiming/Hero/Sequences/Death/Transition/英雄_死亡动画_背景_0004.png",""
"Move","cf59bd532bc105a4e9592c2123fe2a7f","Assets/Game/Sprites/ColorTiming/Hero/Sequence/Siwang/sc/死亡动画背景_0005.png","Assets/Game/Sprites/ColorTiming/Hero/Sequences/Death/Transition/英雄_死亡动画_背景_0005.png",""
"Move","cc0934ab5d21c21498b28518029272ee","Assets/Game/Sprites/ColorTiming/Hero/Sequence/Siwang/sc/死亡动画背景_0006.png","Assets/Game/Sprites/ColorTiming/Hero/Sequences/Death/Transition/英雄_死亡动画_背景_0006.png",""
"Move","a89c4c807817ac640b189681fb152591","Assets/Game/Sprites/ColorTiming/Hero/Sequence/Siwang/sc/死亡动画背景_0007.png","Assets/Game/Sprites/ColorTiming/Hero/Sequences/Death/Transition/英雄_死亡动画_背景_0007.png",""
"Move","64ea90d210681264592b482687230999","Assets/Game/Sprites/ColorTiming/Hero/Sequence/Siwang/sc/死亡动画背景_0008.png","Assets/Game/Sprites/ColorTiming/Hero/Sequences/Death/Transition/英雄_死亡动画_背景_0008.png",""
"Move","65e5cd523f69aef41b82b1349b70f02a","Assets/Game/Sprites/ColorTiming/Hero/Sequence/Siwang/sc/死亡动画背景_0009.png","Assets/Game/Sprites/ColorTiming/Hero/Sequences/Death/Transition/英雄_死亡动画_背景_0009.png",""
"Move","50a6c519810039d4797a3c73c9d379f7","Assets/Game/Sprites/ColorTiming/Hero/Sequence/Siwang/sc/死亡动画背景_0010.png","Assets/Game/Sprites/ColorTiming/Hero/Sequences/Death/Transition/英雄_死亡动画_背景_0010.png",""
"Move","8efd4ad65c52fb241b2876914111d535","Assets/Game/Sprites/ColorTiming/Hero/Sequence/Siwang/sc/死亡动画背景_0011.png","Assets/Game/Sprites/ColorTiming/Hero/Sequences/Death/Transition/英雄_死亡动画_背景_0011.png",""
"Move","4dea606882840674090c5a8c1a1ab9ec","Assets/Game/Sprites/ColorTiming/Hero/Sequence/Siwang/sc/死亡动画背景_0012.png","Assets/Game/Sprites/ColorTiming/Hero/Sequences/Death/Transition/英雄_死亡动画_背景_0012.png",""
"Move","30fc8a6a1906dda42a895fe1d5093114","Assets/Game/Sprites/ColorTiming/Hero/Sequence/Siwang/sc/死亡动画背景_0013.png","Assets/Game/Sprites/ColorTiming/Hero/Sequences/Death/Transition/英雄_死亡动画_背景_0013.png",""
"Move","e92eb0006b847a248ba4899454592537","Assets/Game/Sprites/ColorTiming/Hero/Sequence/Siwang/sc/死亡动画背景_0014.png","Assets/Game/Sprites/ColorTiming/Hero/Sequences/Death/Transition/英雄_死亡动画_背景_0014.png",""
"Move","855f05fcdbeb52943b04d0fbc6ca6ed7","Assets/Game/Sprites/ColorTiming/Hero/Sequence/Siwang/sc/死亡动画背景_0015.png","Assets/Game/Sprites/ColorTiming/Hero/Sequences/Death/Transition/英雄_死亡动画_背景_0015.png",""
"Move","f1faa55888e548f44bfd040627a54aa7","Assets/Game/Sprites/ColorTiming/Hero/Sequence/Siwang/sc/死亡动画背景_0016.png","Assets/Game/Sprites/ColorTiming/Hero/Sequences/Death/Transition/英雄_死亡动画_背景_0016.png",""
"Move","cfebc6d17bf4c6948bc71d53a2db1f15","Assets/Game/Sprites/ColorTiming/Hero/Sequence/Siwang/sc/死亡动画背景_0017.png","Assets/Game/Sprites/ColorTiming/Hero/Sequences/Death/Transition/英雄_死亡动画_背景_0017.png",""
"Move","06defdefa6311824b8c306904eb50664","Assets/Game/Sprites/ColorTiming/Hero/Sequence/Siwang/sc/死亡动画背景_0018.png","Assets/Game/Sprites/ColorTiming/Hero/Sequences/Death/Transition/英雄_死亡动画_背景_0018.png",""
"Move","faea54dbb803be646bb7c221c4ea2625","Assets/Game/Sprites/ColorTiming/Hero/Sequence/Siwang/sc/死亡动画背景_0019.png","Assets/Game/Sprites/ColorTiming/Hero/Sequences/Death/Transition/英雄_死亡动画_背景_0019.png",""
"Move","5d70f516b3e43804ba4741075e4e9397","Assets/Game/Sprites/ColorTiming/Hero/Sequence/Siwang/sc/死亡动画背景_0020.png","Assets/Game/Sprites/ColorTiming/Hero/Sequences/Death/Transition/英雄_死亡动画_背景_0020.png",""
"Move","1392f6081adac904f9653e36000f7838","Assets/Game/Sprites/ColorTiming/Hero/Sequence/Siwang/sc/死亡动画背景_0021.png","Assets/Game/Sprites/ColorTiming/Hero/Sequences/Death/Transition/英雄_死亡动画_背景_0021.png",""
"Move","f61568bd8450e1a4da07a709dfcf4dce","Assets/Game/Sprites/ColorTiming/Hero/Sequence/Siwang/sc/死亡动画背景_0022.png","Assets/Game/Sprites/ColorTiming/Hero/Sequences/Death/Transition/英雄_死亡动画_背景_0022.png",""
"Move","5e509e0a95f24be49afa5abc6190f249","Assets/Game/Sprites/ColorTiming/Hero/Sequence/Siwang/sc/死亡动画背景_0023.png","Assets/Game/Sprites/ColorTiming/Hero/Sequences/Death/Transition/英雄_死亡动画_背景_0023.png",""
"Move","0e5aedc6ca2e2ef4bb481372186d3a79","Assets/Game/Sprites/ColorTiming/Hero/Sequence/Siwang/sc/死亡动画背景_0024.png","Assets/Game/Sprites/ColorTiming/Hero/Sequences/Death/Transition/英雄_死亡动画_背景_0024.png",""
"Move","4fdae866e1d3aa4449b6ca7258908cff","Assets/Game/Sprites/ColorTiming/Hero/Sequence/Siwang/sc/死亡动画背景_0025.png","Assets/Game/Sprites/ColorTiming/Hero/Sequences/Death/Transition/英雄_死亡动画_背景_0025.png",""
"Move","ac5e47a86c34b6d4790fff9a11444f3f","Assets/Game/Sprites/ColorTiming/Hero/Sequence/Siwang/sc/死亡动画背景_0026.png","Assets/Game/Sprites/ColorTiming/Hero/Sequences/Death/Transition/英雄_死亡动画_背景_0026.png",""
"Move","fc20d001eb4adad42a48244ba29e4cbd","Assets/Game/Sprites/ColorTiming/Hero/Sequence/Siwang/sc/死亡动画背景_0027.png","Assets/Game/Sprites/ColorTiming/Hero/Sequences/Death/Transition/英雄_死亡动画_背景_0027.png",""
"Move","2067d533d8b64ee40ba26a35354b98cd","Assets/Game/Sprites/ColorTiming/Hero/Sequence/Siwang/sc/死亡动画背景_0028.png","Assets/Game/Sprites/ColorTiming/Hero/Sequences/Death/Transition/英雄_死亡动画_背景_0028.png",""
"Move","1e745bd93705fa147a3ce91c118aa3fb","Assets/Game/Sprites/ColorTiming/Hero/Sequence/Siwang/sc/死亡动画背景_0029.png","Assets/Game/Sprites/ColorTiming/Hero/Sequences/Death/Transition/英雄_死亡动画_背景_0029.png",""
"Move","534989020059f5542a05ce952d56cb0a","Assets/Game/Sprites/ColorTiming/Hero/Sequence/Siwang/sc/死亡动画背景_0030.png","Assets/Game/Sprites/ColorTiming/Hero/Sequences/Death/Transition/英雄_死亡动画_背景_0030.png",""
"Move","a8782a865ce685e49a266c0df4096b5c","Assets/Game/Sprites/ColorTiming/Hero/Sequence/Siwang/sc/死亡动画背景_0031.png","Assets/Game/Sprites/ColorTiming/Hero/Sequences/Death/Transition/英雄_死亡动画_背景_0031.png",""
"Move","4cd2c95037de95f479c7924760b75fe2","Assets/Game/Sprites/ColorTiming/Hero/Sequence/Siwang/sc/死亡动画背景_0032.png","Assets/Game/Sprites/ColorTiming/Hero/Sequences/Death/Transition/英雄_死亡动画_背景_0032.png",""
"Move","55f5d5826f051f247ba689e691a35bd9","Assets/Game/Sprites/ColorTiming/Hero/Sequence/Siwang/sc/死亡动画背景_0033.png","Assets/Game/Sprites/ColorTiming/Hero/Sequences/Death/Transition/英雄_死亡动画_背景_0033.png",""
"Move","3a403deb9a7dc4f48a534f1f82a96785","Assets/Game/Sprites/ColorTiming/Hero/Sequence/Siwang/sc/死亡动画背景_0034.png","Assets/Game/Sprites/ColorTiming/Hero/Sequences/Death/Transition/英雄_死亡动画_背景_0034.png",""
"Move","5d66f9f66b9f5dd419e5664df479e698","Assets/Game/Sprites/ColorTiming/Hero/Sequence/Siwang/sc/死亡动画背景_0035.png","Assets/Game/Sprites/ColorTiming/Hero/Sequences/Death/Transition/英雄_死亡动画_背景_0035.png",""
"Move","52cef89364ea5b343bb78aef9622cc16","Assets/Game/Sprites/ColorTiming/Hero/Sequence/Siwang/sc/死亡动画背景_0036.png","Assets/Game/Sprites/ColorTiming/Hero/Sequences/Death/Transition/英雄_死亡动画_背景_0036.png",""
"Move","a9a5a4b09da73e04e820fdaa2305fef0","Assets/Game/Sprites/ColorTiming/Hero/Sequence/Siwang/sc/死亡动画背景_0037.png","Assets/Game/Sprites/ColorTiming/Hero/Sequences/Death/Transition/英雄_死亡动画_背景_0037.png",""
"Move","f905419c26501254cb099b33364a92aa","Assets/Game/Sprites/ColorTiming/Hero/Sequence/Siwang/sc/死亡动画背景_0038.png","Assets/Game/Sprites/ColorTiming/Hero/Sequences/Death/Transition/英雄_死亡动画_背景_0038.png",""
"Move","c3dd4eab8d366414080788d9ec4c1371","Assets/Game/Sprites/ColorTiming/Hero/Sequence/Siwang/sc/死亡动画背景_0039.png","Assets/Game/Sprites/ColorTiming/Hero/Sequences/Death/Transition/英雄_死亡动画_背景_0039.png",""
"Move","b3212208d414ac842a75ffa1671a5922","Assets/Game/Sprites/ColorTiming/Hero/Sequence/Siwang/sc/死亡动画背景_0040.png","Assets/Game/Sprites/ColorTiming/Hero/Sequences/Death/Transition/英雄_死亡动画_背景_0040.png",""
"Move","f577b4e6903171040828fa108ac4e2b3","Assets/Game/Sprites/ColorTiming/Hero/Sequence/Siwang/sc/死亡动画背景_0041.png","Assets/Game/Sprites/ColorTiming/Hero/Sequences/Death/Transition/英雄_死亡动画_背景_0041.png",""
"Move","8c9e8512ffb125241b0f244a8610a159","Assets/Game/Sprites/ColorTiming/Hero/Sequence/Siwang/sc/死亡动画背景_0042.png","Assets/Game/Sprites/ColorTiming/Hero/Sequences/Death/Transition/英雄_死亡动画_背景_0042.png",""
"Move","184622c1d9123e44ea2f3d560c3e9cfa","Assets/Game/Sprites/ColorTiming/Hero/Sequence/Siwang/sc/死亡动画背景_0043.png","Assets/Game/Sprites/ColorTiming/Hero/Sequences/Death/Transition/英雄_死亡动画_背景_0043.png",""
"Move","71afe7d1d3ee1f841b0e9c53b9e654a1","Assets/Game/Sprites/ColorTiming/Hero/Sequence/Siwang/sc/死亡动画背景_0044.png","Assets/Game/Sprites/ColorTiming/Hero/Sequences/Death/Transition/英雄_死亡动画_背景_0044.png",""
"Move","6b1d0cf1ff4b3b345a25010ab5773531","Assets/Game/Sprites/ColorTiming/Hero/Sequence/Siwang/sc/死亡动画背景_0045.png","Assets/Game/Sprites/ColorTiming/Hero/Sequences/Death/Transition/英雄_死亡动画_背景_0045.png",""
"Move","5813c267bf64e38408ebef0dffdf774e","Assets/Game/Sprites/ColorTiming/Hero/Sequence/Siwang/sc/死亡动画背景_0046.png","Assets/Game/Sprites/ColorTiming/Hero/Sequences/Death/Transition/英雄_死亡动画_背景_0046.png",""
"Move","12bff087fb6a772438a66473bd2f2d5d","Assets/Game/Sprites/ColorTiming/Hero/Sequence/Siwang/sc/黑屏转场_0000.png","Assets/Game/Sprites/ColorTiming/Hero/Sequences/Death/Transition/英雄_黑屏_转场_0000.png",""
"Move","a8a74897acce61147844efcf246ac2a6","Assets/Game/Sprites/ColorTiming/Hero/Sequence/Siwang/sc/黑屏转场_0001.png","Assets/Game/Sprites/ColorTiming/Hero/Sequences/Death/Transition/英雄_黑屏_转场_0001.png",""
"Move","6356e711173b4d045b28057da42f24f2","Assets/Game/Sprites/ColorTiming/Hero/Sequence/Siwang/sc/黑屏转场_0002.png","Assets/Game/Sprites/ColorTiming/Hero/Sequences/Death/Transition/英雄_黑屏_转场_0002.png",""
"Move","0a77e3a42b6bd814db93e9bdb5cb5931","Assets/Game/Sprites/ColorTiming/Hero/Sequence/Siwang/sc/黑屏转场_0003.png","Assets/Game/Sprites/ColorTiming/Hero/Sequences/Death/Transition/英雄_黑屏_转场_0003.png",""
"Move","d7ae98fcf4cb27b4fbe885155a7a56db","Assets/Game/Sprites/ColorTiming/Hero/Sequence/Siwang/sc/黑屏转场_0004.png","Assets/Game/Sprites/ColorTiming/Hero/Sequences/Death/Transition/英雄_黑屏_转场_0004.png",""
"Move","461bf1f80084d5d4a95ad1459901280a","Assets/Game/Sprites/ColorTiming/Hero/Sequence/Siwang/sc/黑屏转场_0005.png","Assets/Game/Sprites/ColorTiming/Hero/Sequences/Death/Transition/英雄_黑屏_转场_0005.png",""
"Move","89a8cdf21bfbf78449b62d530c7d3835","Assets/Game/Sprites/ColorTiming/Hero/Sequence/Siwang/sc/黑屏转场_0006.png","Assets/Game/Sprites/ColorTiming/Hero/Sequences/Death/Transition/英雄_黑屏_转场_0006.png",""
"Move","48f46a0b7c9a02742a2d7d7d13cf3277","Assets/Game/Sprites/ColorTiming/Hero/Sequence/Siwang/被击杀后_0000.png","Assets/Game/Sprites/ColorTiming/Hero/Sequences/Death/英雄_被击杀后_0000.png",""
"Move","c86585b872977fe42baa8668607b752c","Assets/Game/Sprites/ColorTiming/Hero/Sequence/Siwang/被击杀后_0001.png","Assets/Game/Sprites/ColorTiming/Hero/Sequences/Death/英雄_被击杀后_0001.png",""
"Move","389e24213a09d4448b4e6f98f7b78992","Assets/Game/Sprites/ColorTiming/Hero/Sequence/Siwang/被击杀后_0002.png","Assets/Game/Sprites/ColorTiming/Hero/Sequences/Death/英雄_被击杀后_0002.png",""
"Move","1b7462b88f40b7a4fa8b4924a4ce830e","Assets/Game/Sprites/ColorTiming/Hero/Sequence/Siwang/被击杀后_0003.png","Assets/Game/Sprites/ColorTiming/Hero/Sequences/Death/英雄_被击杀后_0003.png",""
"Move","614833ed5e5df3b44bce0e6d4baa2723","Assets/Game/Sprites/ColorTiming/Hero/Sequence/Siwang/被击杀后_0004.png","Assets/Game/Sprites/ColorTiming/Hero/Sequences/Death/英雄_被击杀后_0004.png",""
"Move","00b9c995d30706740be5862edf9b87c9","Assets/Game/Sprites/ColorTiming/Hero/Sequence/Siwang/被击杀后_0005.png","Assets/Game/Sprites/ColorTiming/Hero/Sequences/Death/英雄_被击杀后_0005.png",""
"Move","25596bc1f85288d429fd56ef6c0cc7dc","Assets/Game/Sprites/ColorTiming/Hero/Sequence/Siwang/被击杀后_0006.png","Assets/Game/Sprites/ColorTiming/Hero/Sequences/Death/英雄_被击杀后_0006.png",""
"Move","8cf419c614704fa4a9436d172aeb3d80","Assets/Game/Sprites/ColorTiming/Hero/Sequence/Siwang/被击杀后_0007.png","Assets/Game/Sprites/ColorTiming/Hero/Sequences/Death/英雄_被击杀后_0007.png",""
"Move","ed8dc1315bc941f409cd9ed908ecdaa2","Assets/Game/Sprites/ColorTiming/Hero/Sequence/Siwang/被击杀后_0008.png","Assets/Game/Sprites/ColorTiming/Hero/Sequences/Death/英雄_被击杀后_0008.png",""
"Move","e073d4cda89151b408af5ad524c2a5c2","Assets/Game/Sprites/ColorTiming/Hero/Sequence/Siwang/被击杀后_0009.png","Assets/Game/Sprites/ColorTiming/Hero/Sequences/Death/英雄_被击杀后_0009.png",""
"Move","4ef6d422836e8e84b83dd29739c999c3","Assets/Game/Sprites/ColorTiming/Hero/Sequence/Siwang/被击杀后_0010.png","Assets/Game/Sprites/ColorTiming/Hero/Sequences/Death/英雄_被击杀后_0010.png",""
"Move","acdc55bb7a8ad264697e230328b4681c","Assets/Game/Sprites/ColorTiming/Hero/Sequence/Siwang/被击杀后_0011.png","Assets/Game/Sprites/ColorTiming/Hero/Sequences/Death/英雄_被击杀后_0011.png",""
"Move","7a83957abf5d0724b9a43dfad5e246b0","Assets/Game/Sprites/ColorTiming/Hero/Sequence/Siwang/被击杀后_0012.png","Assets/Game/Sprites/ColorTiming/Hero/Sequences/Death/英雄_被击杀后_0012.png",""
"Move","f2da67009785fbc42b25ebfc19d77e17","Assets/Game/Sprites/ColorTiming/Hero/Sequence/Siwang/被击杀后_0013.png","Assets/Game/Sprites/ColorTiming/Hero/Sequences/Death/英雄_被击杀后_0013.png",""
"Move","899bc19394d81574c9c826ce64ad6823","Assets/Game/Sprites/ColorTiming/Hero/Sequence/Siwang/被击杀后_0014.png","Assets/Game/Sprites/ColorTiming/Hero/Sequences/Death/英雄_被击杀后_0014.png",""
"Move","bb41aed901e3d1448a11f45e0da44fea","Assets/Game/Sprites/ColorTiming/Hero/Sequence/Siwang/被击杀后_0015.png","Assets/Game/Sprites/ColorTiming/Hero/Sequences/Death/英雄_被击杀后_0015.png",""
"Move","589dbd7eaaed88649bd5c5cc81e7abed","Assets/Game/Sprites/ColorTiming/Hero/Sequence/Siwang/被击杀后_0016.png","Assets/Game/Sprites/ColorTiming/Hero/Sequences/Death/英雄_被击杀后_0016.png",""
"Move","b51f0826e183e9e4f95f796f4f2cd5ee","Assets/Game/Sprites/ColorTiming/Hero/Sequence/Siwang/被击杀后_0017.png","Assets/Game/Sprites/ColorTiming/Hero/Sequences/Death/英雄_被击杀后_0017.png",""
"Move","876c9e5d8471c4f43a957fa0da53adf0","Assets/Game/Sprites/ColorTiming/Hero/Sequence/Siwang/被击杀后_0018.png","Assets/Game/Sprites/ColorTiming/Hero/Sequences/Death/英雄_被击杀后_0018.png",""
"Move","e20718086dbf9d347afe6cd5fb64de60","Assets/Game/Sprites/ColorTiming/Hero/Sequence/Siwang/被击杀后_0019.png","Assets/Game/Sprites/ColorTiming/Hero/Sequences/Death/英雄_被击杀后_0019.png",""
"Move","6eb59558c7cdd1049a9914216db5382f","Assets/Game/Sprites/ColorTiming/Hero/Sequence/Siwang/被击杀后_0020.png","Assets/Game/Sprites/ColorTiming/Hero/Sequences/Death/英雄_被击杀后_0020.png",""
"Move","97d42a512564b7743bbc0c216142e427","Assets/Game/Sprites/ColorTiming/Hero/Sequence/Siwang/被击杀后_0021.png","Assets/Game/Sprites/ColorTiming/Hero/Sequences/Death/英雄_被击杀后_0021.png",""
"Move","c8d7fd8092a9d9b488d31bfa0c0d5464","Assets/Game/Sprites/ColorTiming/Hero/Sequence/Siwang/被击杀后_0022.png","Assets/Game/Sprites/ColorTiming/Hero/Sequences/Death/英雄_被击杀后_0022.png",""
"Move","dc89e64a109cac34680a6101e67b1a97","Assets/Game/Sprites/ColorTiming/Hero/Sequence/Siwang/被击杀后_0023.png","Assets/Game/Sprites/ColorTiming/Hero/Sequences/Death/英雄_被击杀后_0023.png",""
"Move","6e75b6a1d3bb3fc48b282ead24d376d1","Assets/Game/Sprites/ColorTiming/Hero/Sequence/Siwang/被击杀后_0024.png","Assets/Game/Sprites/ColorTiming/Hero/Sequences/Death/英雄_被击杀后_0024.png",""
"Move","9a28ed29b6c87314cb2471a12f350294","Assets/Game/Sprites/ColorTiming/Hero/Sequence/Siwang/被击杀后_0025.png","Assets/Game/Sprites/ColorTiming/Hero/Sequences/Death/英雄_被击杀后_0025.png",""
"Move","4509a0f76be5cdc47a7bbf597b84038f","Assets/Game/Sprites/ColorTiming/Hero/Sequence/Siwang/被击杀后_0026.png","Assets/Game/Sprites/ColorTiming/Hero/Sequences/Death/英雄_被击杀后_0026.png",""
"Move","2304f571c27e4d44fab2e8747a65e465","Assets/Game/Sprites/ColorTiming/Hero/Sequence/Siwang/被击杀后_0027.png","Assets/Game/Sprites/ColorTiming/Hero/Sequences/Death/英雄_被击杀后_0027.png",""
"Move","41600e1f80768214aac66ed725c4b633","Assets/Game/Sprites/ColorTiming/Hero/Sequence/Siwang/被击杀后_0028.png","Assets/Game/Sprites/ColorTiming/Hero/Sequences/Death/英雄_被击杀后_0028.png",""
"Move","fccd141cfe43e374eaab1772e3a6e029","Assets/Game/Sprites/ColorTiming/Hero/Sequence/Siwang/被击杀后_0029.png","Assets/Game/Sprites/ColorTiming/Hero/Sequences/Death/英雄_被击杀后_0029.png",""
"Move","05885a6955026984bbbd38a1d16e869b","Assets/Game/Sprites/ColorTiming/Hero/Sequence/Siwang/被击杀后_0030.png","Assets/Game/Sprites/ColorTiming/Hero/Sequences/Death/英雄_被击杀后_0030.png",""
"Move","79c592f2c8f9e504ca33aaba3479fe2e","Assets/Game/Sprites/ColorTiming/Hero/Sequence/Siwang/被击杀后_0031.png","Assets/Game/Sprites/ColorTiming/Hero/Sequences/Death/英雄_被击杀后_0031.png",""
"Move","93ce65705e5aff94296d70b1a4da23ec","Assets/Game/Sprites/ColorTiming/Hero/Sequence/Siwang/被击杀后_0032.png","Assets/Game/Sprites/ColorTiming/Hero/Sequences/Death/英雄_被击杀后_0032.png",""
"Move","e2220d5b73fded54ea589feb5f6635b4","Assets/Game/Sprites/ColorTiming/Hero/Sequence/Siwang/被击杀后_0033.png","Assets/Game/Sprites/ColorTiming/Hero/Sequences/Death/英雄_被击杀后_0033.png",""
"Move","90138e2cc7c561143846e1412ec2e0bf","Assets/Game/Sprites/ColorTiming/Hero/Sequence/Siwang/被击杀后_0034.png","Assets/Game/Sprites/ColorTiming/Hero/Sequences/Death/英雄_被击杀后_0034.png",""
"Move","12388a1196d62994ba8624d2d555cf11","Assets/Game/Sprites/ColorTiming/Hero/Sequence/Siwang/被击杀后_0035.png","Assets/Game/Sprites/ColorTiming/Hero/Sequences/Death/英雄_被击杀后_0035.png",""
"Move","5b74c132127cc2b4d9ff741285784fc5","Assets/Game/Sprites/ColorTiming/Hero/Sequence/Siwang/被击杀后_0036.png","Assets/Game/Sprites/ColorTiming/Hero/Sequences/Death/英雄_被击杀后_0036.png",""
"Move","ff9b7a2ddc4c28141a0b126c1b2ab826","Assets/Game/Sprites/ColorTiming/Hero/Sequence/Siwang/被击杀时的震动_0000.png","Assets/Game/Sprites/ColorTiming/Hero/Sequences/Death/英雄_被击杀时的_震动_0000.png",""
"Move","1ca396299cd2e604e88ff2a2148ef1da","Assets/Game/Sprites/ColorTiming/Hero/Sequence/Siwang/被击杀时的震动_0001.png","Assets/Game/Sprites/ColorTiming/Hero/Sequences/Death/英雄_被击杀时的_震动_0001.png",""
"Move","4a0c1cadb5c930c47b344be29b0863eb","Assets/Game/Sprites/ColorTiming/Hero/Sequence/Siwang/被击杀时的震动_0002.png","Assets/Game/Sprites/ColorTiming/Hero/Sequences/Death/英雄_被击杀时的_震动_0002.png",""
"Move","2cfd77f5e57349640b81d9e5ab965b80","Assets/Game/Sprites/ColorTiming/Hero/Sequence/Siwang/被击杀时的震动_0003.png","Assets/Game/Sprites/ColorTiming/Hero/Sequences/Death/英雄_被击杀时的_震动_0003.png",""
"Move","8186bc0488fd7ce4fa9afa04e67c5aae","Assets/Game/Sprites/ColorTiming/Hero/Sequence/Siwang/被击杀时的震动_0004.png","Assets/Game/Sprites/ColorTiming/Hero/Sequences/Death/英雄_被击杀时的_震动_0004.png",""
"Move","ea1d36db5efd9db41bbf2795b4fd0f5a","Assets/Game/Sprites/ColorTiming/Hero/Sequence/Siwang/被击杀时的震动_0005.png","Assets/Game/Sprites/ColorTiming/Hero/Sequences/Death/英雄_被击杀时的_震动_0005.png",""
"Move","93e7c6b654cab6e4ab49b5bab08bd856","Assets/Game/Sprites/ColorTiming/Hero/Sequence/Siwang/被击杀时的震动_0006.png","Assets/Game/Sprites/ColorTiming/Hero/Sequences/Death/英雄_被击杀时的_震动_0006.png",""
"Move","2304c46caf268ca4399e03af41183004","Assets/Game/Sprites/ColorTiming/Hero/Sequence/Siwang/被击杀时的震动_0007.png","Assets/Game/Sprites/ColorTiming/Hero/Sequences/Death/英雄_被击杀时的_震动_0007.png",""
"Move","851dad0a57df2864d8d59f0fd29baa35","Assets/Game/Sprites/ColorTiming/Hero/Sequence/Siwang/被击杀时的震动_0008.png","Assets/Game/Sprites/ColorTiming/Hero/Sequences/Death/英雄_被击杀时的_震动_0008.png",""
"Move","a7f2d012d843394489097e969a7c3769","Assets/Game/Sprites/ColorTiming/Hero/Sequence/Siwang/被击杀时的震动_0009.png","Assets/Game/Sprites/ColorTiming/Hero/Sequences/Death/英雄_被击杀时的_震动_0009.png",""
"Move","8c2398c04cfe49b469d09e2917f298ed","Assets/Game/Sprites/ColorTiming/Hero/Sequence/Yidong/Beimian/Anim_Hero_Move_ Hong_b.anim","Assets/Game/Sprites/ColorTiming/Hero/Sequences/Move/Back/Hero_Move_Back_Red.anim",""
"Move","7620f9609a9760e4fb7f959f85b70a13","Assets/Game/Sprites/ColorTiming/Hero/Sequence/Yidong/Beimian/Anim_Hero_Move_ Lv_b.anim","Assets/Game/Sprites/ColorTiming/Hero/Sequences/Move/Back/Hero_Move_Back_Green.anim",""
"Move","4ebe04b3679b4454aa54eece83fd1e55","Assets/Game/Sprites/ColorTiming/Hero/Sequence/Yidong/Beimian/Anim_Hero_Move_ Zi_b.anim","Assets/Game/Sprites/ColorTiming/Hero/Sequences/Move/Back/Hero_Move_Back_Purple.anim",""
"Move","2d8ebe3f66476fa43b7936e4e70f6594","Assets/Game/Sprites/ColorTiming/Hero/Sequence/Yidong/Beimian/Anim_Hero_Move_b.anim","Assets/Game/Sprites/ColorTiming/Hero/Sequences/Move/Back/Hero_Move_Back_Orange.anim",""
"Move","2d5163b66c79f0c4ea29b1f7be8996e4","Assets/Game/Sprites/ColorTiming/Hero/Sequence/Yidong/Beimian/移动（背面）_0000.png","Assets/Game/Sprites/ColorTiming/Hero/Sequences/Move/Back/英雄_移动_背面_0000.png",""
"Move","2311dae64b162a74ca78306f58f35f6c","Assets/Game/Sprites/ColorTiming/Hero/Sequence/Yidong/Beimian/移动（背面）_0001.png","Assets/Game/Sprites/ColorTiming/Hero/Sequences/Move/Back/英雄_移动_背面_0001.png",""
"Move","bc75e93eec37206418f25c7ccbc44692","Assets/Game/Sprites/ColorTiming/Hero/Sequence/Yidong/Beimian/移动（背面）_0002.png","Assets/Game/Sprites/ColorTiming/Hero/Sequences/Move/Back/英雄_移动_背面_0002.png",""
"Move","6a2f5d2ff7662904799fd502a91df678","Assets/Game/Sprites/ColorTiming/Hero/Sequence/Yidong/Beimian/移动（背面）_0003.png","Assets/Game/Sprites/ColorTiming/Hero/Sequences/Move/Back/英雄_移动_背面_0003.png",""
"Move","0b22ccf733ad6cd43ae6a9058490e599","Assets/Game/Sprites/ColorTiming/Hero/Sequence/Yidong/Beimian/移动（背面）_0004.png","Assets/Game/Sprites/ColorTiming/Hero/Sequences/Move/Back/英雄_移动_背面_0004.png",""
"Move","a9c21c88d85604b4ebeb84818b1aaa1e","Assets/Game/Sprites/ColorTiming/Hero/Sequence/Yidong/Beimian/移动（背面）_0005.png","Assets/Game/Sprites/ColorTiming/Hero/Sequences/Move/Back/英雄_移动_背面_0005.png",""
"Move","f708f84bb98d3eb4c996d989a6c35ee7","Assets/Game/Sprites/ColorTiming/Hero/Sequence/Yidong/Beimian/紫色移动（背面）_0000.png","Assets/Game/Sprites/ColorTiming/Hero/Sequences/Move/Back/英雄_移动_背面_紫色_0000.png",""
"Move","5af906468dc70164a8af40b3a7154f41","Assets/Game/Sprites/ColorTiming/Hero/Sequence/Yidong/Beimian/紫色移动（背面）_0001.png","Assets/Game/Sprites/ColorTiming/Hero/Sequences/Move/Back/英雄_移动_背面_紫色_0001.png",""
"Move","6f2ac2f264aac98418490ad745659283","Assets/Game/Sprites/ColorTiming/Hero/Sequence/Yidong/Beimian/紫色移动（背面）_0002.png","Assets/Game/Sprites/ColorTiming/Hero/Sequences/Move/Back/英雄_移动_背面_紫色_0002.png",""
"Move","90fe10138d304294d85d676f6350decb","Assets/Game/Sprites/ColorTiming/Hero/Sequence/Yidong/Beimian/紫色移动（背面）_0003.png","Assets/Game/Sprites/ColorTiming/Hero/Sequences/Move/Back/英雄_移动_背面_紫色_0003.png",""
"Move","319036854d40dfd4193a439b909c8a55","Assets/Game/Sprites/ColorTiming/Hero/Sequence/Yidong/Beimian/紫色移动（背面）_0004.png","Assets/Game/Sprites/ColorTiming/Hero/Sequences/Move/Back/英雄_移动_背面_紫色_0004.png",""
"Move","b20583d07e3a5064c8e6f38e502fcccd","Assets/Game/Sprites/ColorTiming/Hero/Sequence/Yidong/Beimian/紫色移动（背面）_0005.png","Assets/Game/Sprites/ColorTiming/Hero/Sequences/Move/Back/英雄_移动_背面_紫色_0005.png",""
"Move","a749f597585e3c14aa41fd915dc477d8","Assets/Game/Sprites/ColorTiming/Hero/Sequence/Yidong/Beimian/红色移动（背面）_0000.png","Assets/Game/Sprites/ColorTiming/Hero/Sequences/Move/Back/英雄_移动_背面_红色_0000.png",""
"Move","1d7a1c0d54f304e4fa0944f6c9591fb1","Assets/Game/Sprites/ColorTiming/Hero/Sequence/Yidong/Beimian/红色移动（背面）_0001.png","Assets/Game/Sprites/ColorTiming/Hero/Sequences/Move/Back/英雄_移动_背面_红色_0001.png",""
"Move","b065e95d4c5131e4b9bdd3cd3f73c35d","Assets/Game/Sprites/ColorTiming/Hero/Sequence/Yidong/Beimian/红色移动（背面）_0002.png","Assets/Game/Sprites/ColorTiming/Hero/Sequences/Move/Back/英雄_移动_背面_红色_0002.png",""
"Move","4a8d703be3bcad04195e712fd2d391d8","Assets/Game/Sprites/ColorTiming/Hero/Sequence/Yidong/Beimian/红色移动（背面）_0003.png","Assets/Game/Sprites/ColorTiming/Hero/Sequences/Move/Back/英雄_移动_背面_红色_0003.png",""
"Move","3c48c2cccad6df14884cf2024238fdb7","Assets/Game/Sprites/ColorTiming/Hero/Sequence/Yidong/Beimian/红色移动（背面）_0004.png","Assets/Game/Sprites/ColorTiming/Hero/Sequences/Move/Back/英雄_移动_背面_红色_0004.png",""
"Move","8f483e2d7033d9c408fcfcc4348a5b75","Assets/Game/Sprites/ColorTiming/Hero/Sequence/Yidong/Beimian/红色移动（背面）_0005.png","Assets/Game/Sprites/ColorTiming/Hero/Sequences/Move/Back/英雄_移动_背面_红色_0005.png",""
"Move","b6a97276bec203645b2ccf329245bdcb","Assets/Game/Sprites/ColorTiming/Hero/Sequence/Yidong/Beimian/绿色移动（背面）_0000.png","Assets/Game/Sprites/ColorTiming/Hero/Sequences/Move/Back/英雄_移动_背面_绿色_0000.png",""
"Move","5188464c2bc3bf440ae793eb618ed15c","Assets/Game/Sprites/ColorTiming/Hero/Sequence/Yidong/Beimian/绿色移动（背面）_0001.png","Assets/Game/Sprites/ColorTiming/Hero/Sequences/Move/Back/英雄_移动_背面_绿色_0001.png",""
"Move","6696e5052d548e14d8c7aa49dd0d3325","Assets/Game/Sprites/ColorTiming/Hero/Sequence/Yidong/Beimian/绿色移动（背面）_0002.png","Assets/Game/Sprites/ColorTiming/Hero/Sequences/Move/Back/英雄_移动_背面_绿色_0002.png",""
"Move","e131f04058291d146a6e5b8626ed3186","Assets/Game/Sprites/ColorTiming/Hero/Sequence/Yidong/Beimian/绿色移动（背面）_0003.png","Assets/Game/Sprites/ColorTiming/Hero/Sequences/Move/Back/英雄_移动_背面_绿色_0003.png",""
"Move","9d0a81852f2c98745b283a0913cf73b6","Assets/Game/Sprites/ColorTiming/Hero/Sequence/Yidong/Beimian/绿色移动（背面）_0004.png","Assets/Game/Sprites/ColorTiming/Hero/Sequences/Move/Back/英雄_移动_背面_绿色_0004.png",""
"Move","7ab220c8d229fa343b026a8dc3c5a2f5","Assets/Game/Sprites/ColorTiming/Hero/Sequence/Yidong/Beimian/绿色移动（背面）_0005.png","Assets/Game/Sprites/ColorTiming/Hero/Sequences/Move/Back/英雄_移动_背面_绿色_0005.png",""
"Move","634b0dcc7c3a60144acb3b41a87c21fc","Assets/Game/Sprites/ColorTiming/Hero/Sequence/Yidong/move_ Hong.anim","Assets/Game/Sprites/ColorTiming/Hero/Sequences/Move/Front/Hero_Move_Front_Red.anim",""
"Move","6af2ea3a481fde04fb00e07188e63a12","Assets/Game/Sprites/ColorTiming/Hero/Sequence/Yidong/move_ Lv.anim","Assets/Game/Sprites/ColorTiming/Hero/Sequences/Move/Front/Hero_Move_Front_Green.anim",""
"Move","43de71487ed854a45894f2600a82384f","Assets/Game/Sprites/ColorTiming/Hero/Sequence/Yidong/move_ Zi.anim","Assets/Game/Sprites/ColorTiming/Hero/Sequences/Move/Front/Hero_Move_Front_Purple.anim",""
"Move","981acae34109c224ba8a49f5f4bdbf43","Assets/Game/Sprites/ColorTiming/Hero/Sequence/Yidong/move_.anim","Assets/Game/Sprites/ColorTiming/Hero/Sequences/Move/Front/Hero_Move_Front_Orange.anim",""
"Move","8729221b373eab6469c9ea135e886090","Assets/Game/Sprites/ColorTiming/Hero/Sequence/Yidong/移动_0000.png","Assets/Game/Sprites/ColorTiming/Hero/Sequences/Move/Front/英雄_移动_0000.png",""
"Move","2340c9c04a7893f4cb7c9d078550499e","Assets/Game/Sprites/ColorTiming/Hero/Sequence/Yidong/移动_0001.png","Assets/Game/Sprites/ColorTiming/Hero/Sequences/Move/Front/英雄_移动_0001.png",""
"Move","dbbd1bce9ae019d4aba410caea6632d5","Assets/Game/Sprites/ColorTiming/Hero/Sequence/Yidong/移动_0002.png","Assets/Game/Sprites/ColorTiming/Hero/Sequences/Move/Front/英雄_移动_0002.png",""
"Move","38eebd78edf81a94b9644eff8faef1c6","Assets/Game/Sprites/ColorTiming/Hero/Sequence/Yidong/移动_0003.png","Assets/Game/Sprites/ColorTiming/Hero/Sequences/Move/Front/英雄_移动_0003.png",""
"Move","c9257fcd80aff6a4cb23c69cfeba4808","Assets/Game/Sprites/ColorTiming/Hero/Sequence/Yidong/移动_0004.png","Assets/Game/Sprites/ColorTiming/Hero/Sequences/Move/Front/英雄_移动_0004.png",""
"Move","bac266176cabb1243944b49a1d6f64db","Assets/Game/Sprites/ColorTiming/Hero/Sequence/Yidong/移动_0005.png","Assets/Game/Sprites/ColorTiming/Hero/Sequences/Move/Front/英雄_移动_0005.png",""
"Move","400a1715e0ac9344d9766028a86977b8","Assets/Game/Sprites/ColorTiming/Hero/Sequence/Yidong/紫色移动_0000.png","Assets/Game/Sprites/ColorTiming/Hero/Sequences/Move/Front/英雄_移动_紫色_0000.png",""
"Move","2ec50bbeb2362a94f8079cd9084ca78b","Assets/Game/Sprites/ColorTiming/Hero/Sequence/Yidong/紫色移动_0001.png","Assets/Game/Sprites/ColorTiming/Hero/Sequences/Move/Front/英雄_移动_紫色_0001.png",""
"Move","7a833f8f267e6d74284ee4f44fa35e21","Assets/Game/Sprites/ColorTiming/Hero/Sequence/Yidong/紫色移动_0002.png","Assets/Game/Sprites/ColorTiming/Hero/Sequences/Move/Front/英雄_移动_紫色_0002.png",""
"Move","6c7656a06639fc84c8410787354e9d45","Assets/Game/Sprites/ColorTiming/Hero/Sequence/Yidong/紫色移动_0003.png","Assets/Game/Sprites/ColorTiming/Hero/Sequences/Move/Front/英雄_移动_紫色_0003.png",""
"Move","693db2332fb1c7b4495ab8ba2dd305c0","Assets/Game/Sprites/ColorTiming/Hero/Sequence/Yidong/紫色移动_0004.png","Assets/Game/Sprites/ColorTiming/Hero/Sequences/Move/Front/英雄_移动_紫色_0004.png",""
"Move","540f23a43d18c7341a691c76a5013c3a","Assets/Game/Sprites/ColorTiming/Hero/Sequence/Yidong/紫色移动_0005.png","Assets/Game/Sprites/ColorTiming/Hero/Sequences/Move/Front/英雄_移动_紫色_0005.png",""
"Move","66c48e7cf59877c4e879f7ffe889984a","Assets/Game/Sprites/ColorTiming/Hero/Sequence/Yidong/红色移动_0000.png","Assets/Game/Sprites/ColorTiming/Hero/Sequences/Move/Front/英雄_移动_红色_0000.png",""
"Move","fc112c5f0a7ae234098f02a2573c9cd6","Assets/Game/Sprites/ColorTiming/Hero/Sequence/Yidong/红色移动_0001.png","Assets/Game/Sprites/ColorTiming/Hero/Sequences/Move/Front/英雄_移动_红色_0001.png",""
"Move","02f8a03969303e7409ebdf35bb4ff110","Assets/Game/Sprites/ColorTiming/Hero/Sequence/Yidong/红色移动_0002.png","Assets/Game/Sprites/ColorTiming/Hero/Sequences/Move/Front/英雄_移动_红色_0002.png",""
"Move","54a247760ad1faf4193e3d65906f1c12","Assets/Game/Sprites/ColorTiming/Hero/Sequence/Yidong/红色移动_0003.png","Assets/Game/Sprites/ColorTiming/Hero/Sequences/Move/Front/英雄_移动_红色_0003.png",""
"Move","3e652205110ef6d459a2a3714ec7999f","Assets/Game/Sprites/ColorTiming/Hero/Sequence/Yidong/红色移动_0004.png","Assets/Game/Sprites/ColorTiming/Hero/Sequences/Move/Front/英雄_移动_红色_0004.png",""
"Move","766f20bc90a81b14095835cff972d702","Assets/Game/Sprites/ColorTiming/Hero/Sequence/Yidong/红色移动_0005.png","Assets/Game/Sprites/ColorTiming/Hero/Sequences/Move/Front/英雄_移动_红色_0005.png",""
"Move","17c00a1041e5d414a95b714a28a76073","Assets/Game/Sprites/ColorTiming/Hero/Sequence/Yidong/绿色移动_0000.png","Assets/Game/Sprites/ColorTiming/Hero/Sequences/Move/Front/英雄_移动_绿色_0000.png",""
"Move","7a23e5eb34152b843a09610c1acb91a6","Assets/Game/Sprites/ColorTiming/Hero/Sequence/Yidong/绿色移动_0001.png","Assets/Game/Sprites/ColorTiming/Hero/Sequences/Move/Front/英雄_移动_绿色_0001.png",""
"Move","ad261d4bfc5771743867bb75ada00de4","Assets/Game/Sprites/ColorTiming/Hero/Sequence/Yidong/绿色移动_0002.png","Assets/Game/Sprites/ColorTiming/Hero/Sequences/Move/Front/英雄_移动_绿色_0002.png",""
"Move","73f3f048c1d8de8419404f5c190e0b92","Assets/Game/Sprites/ColorTiming/Hero/Sequence/Yidong/绿色移动_0003.png","Assets/Game/Sprites/ColorTiming/Hero/Sequences/Move/Front/英雄_移动_绿色_0003.png",""
"Move","05c6bf6087bae924aba9928fcbe257b5","Assets/Game/Sprites/ColorTiming/Hero/Sequence/Yidong/绿色移动_0004.png","Assets/Game/Sprites/ColorTiming/Hero/Sequences/Move/Front/英雄_移动_绿色_0004.png",""
"Move","2fa1f9e1c54c9f541aeca576bb8faa91","Assets/Game/Sprites/ColorTiming/Hero/Sequence/Yidong/绿色移动_0005.png","Assets/Game/Sprites/ColorTiming/Hero/Sequences/Move/Front/英雄_移动_绿色_0005.png",""
"Move","18b43868c93926543a04175efbf87289","Assets/Game/Sprites/ColorTiming/Hero/Sequence/Zhadan/daiji/daiji_zhadan_hong.anim","Assets/Game/Sprites/ColorTiming/Hero/Sequences/Bomb/Idle/Hero_Bomb_Idle_Red.anim",""
"Move","8459114e23f0b744cb386cb9a8002704","Assets/Game/Sprites/ColorTiming/Hero/Sequence/Zhadan/daiji/daiji_zhadan_lv.anim","Assets/Game/Sprites/ColorTiming/Hero/Sequences/Bomb/Idle/Hero_Bomb_Idle_Green.anim",""
"Move","f9bf5d882ea75e94f9856395c3ff9b2d","Assets/Game/Sprites/ColorTiming/Hero/Sequence/Zhadan/daiji/daiji_zhadan_zi.anim","Assets/Game/Sprites/ColorTiming/Hero/Sequences/Bomb/Idle/Hero_Bomb_Idle_Purple.anim",""
"Move","edbd165b10d5d414a809bf524ec26450","Assets/Game/Sprites/ColorTiming/Hero/Sequence/Zhadan/daiji/紫色炸弹待机_0000.png","Assets/Game/Sprites/ColorTiming/Hero/Sequences/Bomb/Idle/英雄_炸弹_待机_紫色_0000.png",""
"Move","048f5e14ec3796f45bfeda1ed8dbcdf6","Assets/Game/Sprites/ColorTiming/Hero/Sequence/Zhadan/daiji/紫色炸弹待机_0001.png","Assets/Game/Sprites/ColorTiming/Hero/Sequences/Bomb/Idle/英雄_炸弹_待机_紫色_0001.png",""
"Move","9e1c1d4fcf7c62e49bb0b7abaf5a8cca","Assets/Game/Sprites/ColorTiming/Hero/Sequence/Zhadan/daiji/紫色炸弹待机_0002.png","Assets/Game/Sprites/ColorTiming/Hero/Sequences/Bomb/Idle/英雄_炸弹_待机_紫色_0002.png",""
"Move","0851eccdaf102c846887c8aefa7b1f20","Assets/Game/Sprites/ColorTiming/Hero/Sequence/Zhadan/daiji/紫色炸弹待机_0003.png","Assets/Game/Sprites/ColorTiming/Hero/Sequences/Bomb/Idle/英雄_炸弹_待机_紫色_0003.png",""
"Move","db99380aa4c53ce42a7956fb703728d3","Assets/Game/Sprites/ColorTiming/Hero/Sequence/Zhadan/daiji/紫色炸弹待机_0004.png","Assets/Game/Sprites/ColorTiming/Hero/Sequences/Bomb/Idle/英雄_炸弹_待机_紫色_0004.png",""
"Move","51abff12ca5e0d2429635baa43af882f","Assets/Game/Sprites/ColorTiming/Hero/Sequence/Zhadan/daiji/紫色炸弹待机_0005.png","Assets/Game/Sprites/ColorTiming/Hero/Sequences/Bomb/Idle/英雄_炸弹_待机_紫色_0005.png",""
"Move","3aed22b4833e52b4e83f158471d61cd4","Assets/Game/Sprites/ColorTiming/Hero/Sequence/Zhadan/daiji/紫色炸弹待机_0006.png","Assets/Game/Sprites/ColorTiming/Hero/Sequences/Bomb/Idle/英雄_炸弹_待机_紫色_0006.png",""
"Move","fb1e7e22abad6f04ba668acde6f4f0c1","Assets/Game/Sprites/ColorTiming/Hero/Sequence/Zhadan/daiji/紫色炸弹待机_0007.png","Assets/Game/Sprites/ColorTiming/Hero/Sequences/Bomb/Idle/英雄_炸弹_待机_紫色_0007.png",""
"Move","9e7809815183fc34bbbda0cadf0a5f56","Assets/Game/Sprites/ColorTiming/Hero/Sequence/Zhadan/daiji/紫色炸弹待机_0008.png","Assets/Game/Sprites/ColorTiming/Hero/Sequences/Bomb/Idle/英雄_炸弹_待机_紫色_0008.png",""
"Move","6cd50646639f87d44af3a1196efbb01c","Assets/Game/Sprites/ColorTiming/Hero/Sequence/Zhadan/daiji/紫色炸弹待机_0009.png","Assets/Game/Sprites/ColorTiming/Hero/Sequences/Bomb/Idle/英雄_炸弹_待机_紫色_0009.png",""
"Move","e40c5e6735196294c9f066eceb56687c","Assets/Game/Sprites/ColorTiming/Hero/Sequence/Zhadan/daiji/紫色炸弹待机_0010.png","Assets/Game/Sprites/ColorTiming/Hero/Sequences/Bomb/Idle/英雄_炸弹_待机_紫色_0010.png",""
"Move","4e5ba84631c0d0341845ec8275677b03","Assets/Game/Sprites/ColorTiming/Hero/Sequence/Zhadan/daiji/紫色炸弹待机_0011.png","Assets/Game/Sprites/ColorTiming/Hero/Sequences/Bomb/Idle/英雄_炸弹_待机_紫色_0011.png",""
"Move","7652968c8666e73459c5f270227f13b2","Assets/Game/Sprites/ColorTiming/Hero/Sequence/Zhadan/daiji/红色炸弹待机_0000.png","Assets/Game/Sprites/ColorTiming/Hero/Sequences/Bomb/Idle/英雄_炸弹_待机_红色_0000.png",""
"Move","748954f54ab57304eb5fd2870c5f7db6","Assets/Game/Sprites/ColorTiming/Hero/Sequence/Zhadan/daiji/红色炸弹待机_0001.png","Assets/Game/Sprites/ColorTiming/Hero/Sequences/Bomb/Idle/英雄_炸弹_待机_红色_0001.png",""
"Move","eba9251c63dee444ab1c5595bc8a5832","Assets/Game/Sprites/ColorTiming/Hero/Sequence/Zhadan/daiji/红色炸弹待机_0002.png","Assets/Game/Sprites/ColorTiming/Hero/Sequences/Bomb/Idle/英雄_炸弹_待机_红色_0002.png",""
"Move","1da92fdc420b9f54b871774622e0db63","Assets/Game/Sprites/ColorTiming/Hero/Sequence/Zhadan/daiji/红色炸弹待机_0003.png","Assets/Game/Sprites/ColorTiming/Hero/Sequences/Bomb/Idle/英雄_炸弹_待机_红色_0003.png",""
"Move","be8c8d3bd387c68418910ef3f2e7ad80","Assets/Game/Sprites/ColorTiming/Hero/Sequence/Zhadan/daiji/红色炸弹待机_0004.png","Assets/Game/Sprites/ColorTiming/Hero/Sequences/Bomb/Idle/英雄_炸弹_待机_红色_0004.png",""
"Move","c5f5d41a3a097e543b55ddf817ac1b4a","Assets/Game/Sprites/ColorTiming/Hero/Sequence/Zhadan/daiji/红色炸弹待机_0005.png","Assets/Game/Sprites/ColorTiming/Hero/Sequences/Bomb/Idle/英雄_炸弹_待机_红色_0005.png",""
"Move","d175f71defe9da949a49546657cd29be","Assets/Game/Sprites/ColorTiming/Hero/Sequence/Zhadan/daiji/红色炸弹待机_0006.png","Assets/Game/Sprites/ColorTiming/Hero/Sequences/Bomb/Idle/英雄_炸弹_待机_红色_0006.png",""
"Move","2a08f8558cd67204a9ae1285c5796e85","Assets/Game/Sprites/ColorTiming/Hero/Sequence/Zhadan/daiji/红色炸弹待机_0007.png","Assets/Game/Sprites/ColorTiming/Hero/Sequences/Bomb/Idle/英雄_炸弹_待机_红色_0007.png",""
"Move","f486e9322eb097d4dbc94dcbd14e8c34","Assets/Game/Sprites/ColorTiming/Hero/Sequence/Zhadan/daiji/红色炸弹待机_0008.png","Assets/Game/Sprites/ColorTiming/Hero/Sequences/Bomb/Idle/英雄_炸弹_待机_红色_0008.png",""
"Move","bb09104972ff262418e2a9b9eee80ceb","Assets/Game/Sprites/ColorTiming/Hero/Sequence/Zhadan/daiji/红色炸弹待机_0009.png","Assets/Game/Sprites/ColorTiming/Hero/Sequences/Bomb/Idle/英雄_炸弹_待机_红色_0009.png",""
"Move","fb9767a562686c44e89edaca7cc47977","Assets/Game/Sprites/ColorTiming/Hero/Sequence/Zhadan/daiji/红色炸弹待机_0010.png","Assets/Game/Sprites/ColorTiming/Hero/Sequences/Bomb/Idle/英雄_炸弹_待机_红色_0010.png",""
"Move","48fb9bbb14ab8ac4ba787bb872c8bdf6","Assets/Game/Sprites/ColorTiming/Hero/Sequence/Zhadan/daiji/红色炸弹待机_0011.png","Assets/Game/Sprites/ColorTiming/Hero/Sequences/Bomb/Idle/英雄_炸弹_待机_红色_0011.png",""
"Move","3377ecce20fae25468c4343046113726","Assets/Game/Sprites/ColorTiming/Hero/Sequence/Zhadan/daiji/绿色炸弹待机_0000.png","Assets/Game/Sprites/ColorTiming/Hero/Sequences/Bomb/Idle/英雄_炸弹_待机_绿色_0000.png",""
"Move","38c5d315c9e9f614f8e15e4f752a394a","Assets/Game/Sprites/ColorTiming/Hero/Sequence/Zhadan/daiji/绿色炸弹待机_0001.png","Assets/Game/Sprites/ColorTiming/Hero/Sequences/Bomb/Idle/英雄_炸弹_待机_绿色_0001.png",""
"Move","a8003c0cc75915941bca97a3c11890b8","Assets/Game/Sprites/ColorTiming/Hero/Sequence/Zhadan/daiji/绿色炸弹待机_0002.png","Assets/Game/Sprites/ColorTiming/Hero/Sequences/Bomb/Idle/英雄_炸弹_待机_绿色_0002.png",""
"Move","6ac2ad7c64de2774793dfe11c1686102","Assets/Game/Sprites/ColorTiming/Hero/Sequence/Zhadan/daiji/绿色炸弹待机_0003.png","Assets/Game/Sprites/ColorTiming/Hero/Sequences/Bomb/Idle/英雄_炸弹_待机_绿色_0003.png",""
"Move","73c879858c16f9d40b751b09e21c8aa0","Assets/Game/Sprites/ColorTiming/Hero/Sequence/Zhadan/daiji/绿色炸弹待机_0004.png","Assets/Game/Sprites/ColorTiming/Hero/Sequences/Bomb/Idle/英雄_炸弹_待机_绿色_0004.png",""
"Move","e5814e8510dddf245b8ade03df79e9b5","Assets/Game/Sprites/ColorTiming/Hero/Sequence/Zhadan/daiji/绿色炸弹待机_0005.png","Assets/Game/Sprites/ColorTiming/Hero/Sequences/Bomb/Idle/英雄_炸弹_待机_绿色_0005.png",""
"Move","a2ac571f3f9ce4841be649f7d7d5db42","Assets/Game/Sprites/ColorTiming/Hero/Sequence/Zhadan/daiji/绿色炸弹待机_0006.png","Assets/Game/Sprites/ColorTiming/Hero/Sequences/Bomb/Idle/英雄_炸弹_待机_绿色_0006.png",""
"Move","230c8a53998553248af1fa291d86233b","Assets/Game/Sprites/ColorTiming/Hero/Sequence/Zhadan/daiji/绿色炸弹待机_0007.png","Assets/Game/Sprites/ColorTiming/Hero/Sequences/Bomb/Idle/英雄_炸弹_待机_绿色_0007.png",""
"Move","16db9fed7cf1eb046a7e9dc8d93fd259","Assets/Game/Sprites/ColorTiming/Hero/Sequence/Zhadan/daiji/绿色炸弹待机_0008.png","Assets/Game/Sprites/ColorTiming/Hero/Sequences/Bomb/Idle/英雄_炸弹_待机_绿色_0008.png",""
"Move","b9b9708aeece1894292cdfc6be2d06f5","Assets/Game/Sprites/ColorTiming/Hero/Sequence/Zhadan/daiji/绿色炸弹待机_0009.png","Assets/Game/Sprites/ColorTiming/Hero/Sequences/Bomb/Idle/英雄_炸弹_待机_绿色_0009.png",""
"Move","2dac92aba94c71344a87a2f9eb3856ac","Assets/Game/Sprites/ColorTiming/Hero/Sequence/Zhadan/daiji/绿色炸弹待机_0010.png","Assets/Game/Sprites/ColorTiming/Hero/Sequences/Bomb/Idle/英雄_炸弹_待机_绿色_0010.png",""
"Move","c6ed668cf8bde974a8c22f432f3bfec7","Assets/Game/Sprites/ColorTiming/Hero/Sequence/Zhadan/daiji/绿色炸弹待机_0011.png","Assets/Game/Sprites/ColorTiming/Hero/Sequences/Bomb/Idle/英雄_炸弹_待机_绿色_0011.png",""
"Move","c39386e582045064a87f10fc1bfacdc5","Assets/Game/Sprites/ColorTiming/Hero/Sequence/Zhadan/gongji/gongji_zhadan_hong.anim","Assets/Game/Sprites/ColorTiming/Hero/Sequences/Bomb/Attack/Hero_Bomb_Attack_Red.anim",""
"Move","e01998621268377478aca4971eebaeb2","Assets/Game/Sprites/ColorTiming/Hero/Sequence/Zhadan/gongji/gongji_zhadan_lv.anim","Assets/Game/Sprites/ColorTiming/Hero/Sequences/Bomb/Attack/Hero_Bomb_Attack_Green.anim",""
"Move","21a0975927a72fd4e80c6b2ad2395535","Assets/Game/Sprites/ColorTiming/Hero/Sequence/Zhadan/gongji/gongji_zhadan_zi.anim","Assets/Game/Sprites/ColorTiming/Hero/Sequences/Bomb/Attack/Hero_Bomb_Attack_Purple.anim",""
"Move","67c6a23d6a1e0fc44ac426f319c9af40","Assets/Game/Sprites/ColorTiming/Hero/Sequence/Zhadan/gongji/投掷动作（红）_0000.png","Assets/Game/Sprites/ColorTiming/Hero/Sequences/Bomb/Attack/英雄_炸弹_投掷_动作_红色_0000.png",""
"Move","8106d463e2d133442a4621ee364943be","Assets/Game/Sprites/ColorTiming/Hero/Sequence/Zhadan/gongji/投掷动作（红）_0001.png","Assets/Game/Sprites/ColorTiming/Hero/Sequences/Bomb/Attack/英雄_炸弹_投掷_动作_红色_0001.png",""
"Move","2dafd28464d7ac94a8e02aa32f2b603f","Assets/Game/Sprites/ColorTiming/Hero/Sequence/Zhadan/gongji/投掷动作（红）_0002.png","Assets/Game/Sprites/ColorTiming/Hero/Sequences/Bomb/Attack/英雄_炸弹_投掷_动作_红色_0002.png",""
"Move","06493c48daaf48945b3371781545d510","Assets/Game/Sprites/ColorTiming/Hero/Sequence/Zhadan/gongji/投掷动作（红）_0003.png","Assets/Game/Sprites/ColorTiming/Hero/Sequences/Bomb/Attack/英雄_炸弹_投掷_动作_红色_0003.png",""
"Move","0aed0ed8e08200445acda962c7170749","Assets/Game/Sprites/ColorTiming/Hero/Sequence/Zhadan/gongji/投掷动作（红）_0004.png","Assets/Game/Sprites/ColorTiming/Hero/Sequences/Bomb/Attack/英雄_炸弹_投掷_动作_红色_0004.png",""
"Move","258d4fa19d787e5408577a815571016a","Assets/Game/Sprites/ColorTiming/Hero/Sequence/Zhadan/gongji/投掷动作（红）_0005.png","Assets/Game/Sprites/ColorTiming/Hero/Sequences/Bomb/Attack/英雄_炸弹_投掷_动作_红色_0005.png",""
"Move","62cfa5351b2715b4794aa125171aa4fa","Assets/Game/Sprites/ColorTiming/Hero/Sequence/Zhadan/gongji/投掷动作（红）_0006.png","Assets/Game/Sprites/ColorTiming/Hero/Sequences/Bomb/Attack/英雄_炸弹_投掷_动作_红色_0006.png",""
"Move","241b554cfd5e63747a92355006dd2255","Assets/Game/Sprites/ColorTiming/Hero/Sequence/Zhadan/gongji/投掷动作（红）_0007.png","Assets/Game/Sprites/ColorTiming/Hero/Sequences/Bomb/Attack/英雄_炸弹_投掷_动作_红色_0007.png",""
"Move","d1db3826dda8f514db33463235afd564","Assets/Game/Sprites/ColorTiming/Hero/Sequence/Zhadan/gongji/投掷动作（红）_0008.png","Assets/Game/Sprites/ColorTiming/Hero/Sequences/Bomb/Attack/英雄_炸弹_投掷_动作_红色_0008.png",""
"Move","c3bb6c4947d96e342839d7e30e1aa6ad","Assets/Game/Sprites/ColorTiming/Hero/Sequence/Zhadan/gongji/投掷动作（红）_0009.png","Assets/Game/Sprites/ColorTiming/Hero/Sequences/Bomb/Attack/英雄_炸弹_投掷_动作_红色_0009.png",""
"Move","cbaf71fba5004f142b95d4a37f1477f3","Assets/Game/Sprites/ColorTiming/Hero/Sequence/Zhadan/gongji/投掷动作（红）_0010.png","Assets/Game/Sprites/ColorTiming/Hero/Sequences/Bomb/Attack/英雄_炸弹_投掷_动作_红色_0010.png",""
"Move","bf8d7a91b5d71534e9d4edb01190bd95","Assets/Game/Sprites/ColorTiming/Hero/Sequence/Zhadan/gongji/投掷动作（红）_0011.png","Assets/Game/Sprites/ColorTiming/Hero/Sequences/Bomb/Attack/英雄_炸弹_投掷_动作_红色_0011.png",""
"Move","f7139ab5176981f4fb48e13e079cef1f","Assets/Game/Sprites/ColorTiming/Hero/Sequence/Zhadan/gongji/投掷（紫）_0000.png","Assets/Game/Sprites/ColorTiming/Hero/Sequences/Bomb/Attack/英雄_炸弹_投掷_紫色_0000.png",""
"Move","eccf6dc0edbdef246871efe520e4a384","Assets/Game/Sprites/ColorTiming/Hero/Sequence/Zhadan/gongji/投掷（紫）_0001.png","Assets/Game/Sprites/ColorTiming/Hero/Sequences/Bomb/Attack/英雄_炸弹_投掷_紫色_0001.png",""
"Move","40f78ed47c4d31c44a10b7854124e029","Assets/Game/Sprites/ColorTiming/Hero/Sequence/Zhadan/gongji/投掷（紫）_0002.png","Assets/Game/Sprites/ColorTiming/Hero/Sequences/Bomb/Attack/英雄_炸弹_投掷_紫色_0002.png",""
"Move","a60ae782a623a6c45ac75435fdf32410","Assets/Game/Sprites/ColorTiming/Hero/Sequence/Zhadan/gongji/投掷（紫）_0003.png","Assets/Game/Sprites/ColorTiming/Hero/Sequences/Bomb/Attack/英雄_炸弹_投掷_紫色_0003.png",""
"Move","03475af032488e54c99aa2445bbd5899","Assets/Game/Sprites/ColorTiming/Hero/Sequence/Zhadan/gongji/投掷（紫）_0004.png","Assets/Game/Sprites/ColorTiming/Hero/Sequences/Bomb/Attack/英雄_炸弹_投掷_紫色_0004.png",""
"Move","3c02425ec99adce4aa803821a48da034","Assets/Game/Sprites/ColorTiming/Hero/Sequence/Zhadan/gongji/投掷（紫）_0005.png","Assets/Game/Sprites/ColorTiming/Hero/Sequences/Bomb/Attack/英雄_炸弹_投掷_紫色_0005.png",""
"Move","91361f9d1984ba741a473a09c962631e","Assets/Game/Sprites/ColorTiming/Hero/Sequence/Zhadan/gongji/投掷（紫）_0006.png","Assets/Game/Sprites/ColorTiming/Hero/Sequences/Bomb/Attack/英雄_炸弹_投掷_紫色_0006.png",""
"Move","aaabaa29f3fbe3a41bde1b77672461d9","Assets/Game/Sprites/ColorTiming/Hero/Sequence/Zhadan/gongji/投掷（紫）_0007.png","Assets/Game/Sprites/ColorTiming/Hero/Sequences/Bomb/Attack/英雄_炸弹_投掷_紫色_0007.png",""
"Move","a572f132820fb5747b18a6fc0b5e8c52","Assets/Game/Sprites/ColorTiming/Hero/Sequence/Zhadan/gongji/投掷（紫）_0008.png","Assets/Game/Sprites/ColorTiming/Hero/Sequences/Bomb/Attack/英雄_炸弹_投掷_紫色_0008.png",""
"Move","61a3946ae04898146a5f8ea2bea89303","Assets/Game/Sprites/ColorTiming/Hero/Sequence/Zhadan/gongji/投掷（紫）_0009.png","Assets/Game/Sprites/ColorTiming/Hero/Sequences/Bomb/Attack/英雄_炸弹_投掷_紫色_0009.png",""
"Move","0ecee92ba96b6664fb0399c89a411fb8","Assets/Game/Sprites/ColorTiming/Hero/Sequence/Zhadan/gongji/投掷（紫）_0010.png","Assets/Game/Sprites/ColorTiming/Hero/Sequences/Bomb/Attack/英雄_炸弹_投掷_紫色_0010.png",""
"Move","2ca6bf15ccd83c44497cdbeb030147c0","Assets/Game/Sprites/ColorTiming/Hero/Sequence/Zhadan/gongji/投掷（紫）_0011.png","Assets/Game/Sprites/ColorTiming/Hero/Sequences/Bomb/Attack/英雄_炸弹_投掷_紫色_0011.png",""
"Move","022aada08db86544aaa580f09050a53c","Assets/Game/Sprites/ColorTiming/Hero/Sequence/Zhadan/gongji/投掷（绿）_0000.png","Assets/Game/Sprites/ColorTiming/Hero/Sequences/Bomb/Attack/英雄_炸弹_投掷_绿色_0000.png",""
"Move","559c59d7c35dcf3418cc753cb54d8323","Assets/Game/Sprites/ColorTiming/Hero/Sequence/Zhadan/gongji/投掷（绿）_0001.png","Assets/Game/Sprites/ColorTiming/Hero/Sequences/Bomb/Attack/英雄_炸弹_投掷_绿色_0001.png",""
"Move","327f9aeace464df4685a8117670cbef8","Assets/Game/Sprites/ColorTiming/Hero/Sequence/Zhadan/gongji/投掷（绿）_0002.png","Assets/Game/Sprites/ColorTiming/Hero/Sequences/Bomb/Attack/英雄_炸弹_投掷_绿色_0002.png",""
"Move","e1f35d7cc947f6849b0436a0a3762ffe","Assets/Game/Sprites/ColorTiming/Hero/Sequence/Zhadan/gongji/投掷（绿）_0003.png","Assets/Game/Sprites/ColorTiming/Hero/Sequences/Bomb/Attack/英雄_炸弹_投掷_绿色_0003.png",""
"Move","8d0952649e71d1142b6a26708578150b","Assets/Game/Sprites/ColorTiming/Hero/Sequence/Zhadan/gongji/投掷（绿）_0004.png","Assets/Game/Sprites/ColorTiming/Hero/Sequences/Bomb/Attack/英雄_炸弹_投掷_绿色_0004.png",""
"Move","c059650edc602bd409ce05e66b86ea83","Assets/Game/Sprites/ColorTiming/Hero/Sequence/Zhadan/gongji/投掷（绿）_0005.png","Assets/Game/Sprites/ColorTiming/Hero/Sequences/Bomb/Attack/英雄_炸弹_投掷_绿色_0005.png",""
"Move","9d7bebb20a71c764dbd8c82a4f5abe85","Assets/Game/Sprites/ColorTiming/Hero/Sequence/Zhadan/gongji/投掷（绿）_0006.png","Assets/Game/Sprites/ColorTiming/Hero/Sequences/Bomb/Attack/英雄_炸弹_投掷_绿色_0006.png",""
"Move","8ba7e46805fba8549a84cffb74660868","Assets/Game/Sprites/ColorTiming/Hero/Sequence/Zhadan/gongji/投掷（绿）_0007.png","Assets/Game/Sprites/ColorTiming/Hero/Sequences/Bomb/Attack/英雄_炸弹_投掷_绿色_0007.png",""
"Move","8b4239abe56b39748afe529e503c6e77","Assets/Game/Sprites/ColorTiming/Hero/Sequence/Zhadan/gongji/投掷（绿）_0008.png","Assets/Game/Sprites/ColorTiming/Hero/Sequences/Bomb/Attack/英雄_炸弹_投掷_绿色_0008.png",""
"Move","141ff7752abb76148a41492c53f76ff0","Assets/Game/Sprites/ColorTiming/Hero/Sequence/Zhadan/gongji/投掷（绿）_0009.png","Assets/Game/Sprites/ColorTiming/Hero/Sequences/Bomb/Attack/英雄_炸弹_投掷_绿色_0009.png",""
"Move","0ccb8942782f4274c8ce5ca06627bdb3","Assets/Game/Sprites/ColorTiming/Hero/Sequence/Zhadan/gongji/投掷（绿）_0010.png","Assets/Game/Sprites/ColorTiming/Hero/Sequences/Bomb/Attack/英雄_炸弹_投掷_绿色_0010.png",""
"Move","132e23a8232181b45b194b5a3cd4beda","Assets/Game/Sprites/ColorTiming/Hero/Sequence/Zhadan/gongji/投掷（绿）_0011.png","Assets/Game/Sprites/ColorTiming/Hero/Sequences/Bomb/Attack/英雄_炸弹_投掷_绿色_0011.png",""
"Move","c8cb6237649d77142b59f737588bbc07","Assets/Game/Sprites/ColorTiming/Hero/Sequence/Zhadan/skill/zhadan.controller","Assets/Game/Sprites/ColorTiming/Hero/Sequences/Bomb/Skill/Hero_Bomb_Skill.controller",""
"Move","62fa03aed2cc88c47b41fd26b85a2a2b","Assets/Game/Sprites/ColorTiming/Hero/Sequence/Zhadan/skill/zhadan_hong 1.anim","Assets/Game/Sprites/ColorTiming/Hero/Sequences/Bomb/Skill/Hero_Bomb_Explosion_Red.anim",""
"Move","52cdef31b53e1874984ce5002b2f2259","Assets/Game/Sprites/ColorTiming/Hero/Sequence/Zhadan/skill/zhadan_hong.anim","Assets/Game/Sprites/ColorTiming/Hero/Sequences/Bomb/Skill/Hero_Bomb_Airborne_Red.anim",""
"Move","71763f5e0325ccd4bbcb6b052d51cb3a","Assets/Game/Sprites/ColorTiming/Hero/Sequence/Zhadan/skill/zhadan_lv 1.anim","Assets/Game/Sprites/ColorTiming/Hero/Sequences/Bomb/Skill/Hero_Bomb_Explosion_Green.anim",""
"Move","f01eca6c51213df4cacb86161c91b451","Assets/Game/Sprites/ColorTiming/Hero/Sequence/Zhadan/skill/zhadan_lv.anim","Assets/Game/Sprites/ColorTiming/Hero/Sequences/Bomb/Skill/Hero_Bomb_Airborne_Green.anim",""
"Move","81c5be1a40d972f46b9c2d4e3def0bd9","Assets/Game/Sprites/ColorTiming/Hero/Sequence/Zhadan/skill/zhadan_zi 1.anim","Assets/Game/Sprites/ColorTiming/Hero/Sequences/Bomb/Skill/Hero_Bomb_Explosion_Purple.anim",""
"Move","c48001c8ee713b24da129c22f9a4888b","Assets/Game/Sprites/ColorTiming/Hero/Sequence/Zhadan/skill/zhadan_zi.anim","Assets/Game/Sprites/ColorTiming/Hero/Sequences/Bomb/Skill/Hero_Bomb_Airborne_Purple.anim",""
"Move","42cf749751b34c54199dc35da9eaf1e6","Assets/Game/Sprites/ColorTiming/Hero/Sequence/Zhadan/skill/爆炸特效（紫）_0000.png","Assets/Game/Sprites/ColorTiming/Hero/Sequences/Bomb/Skill/英雄_炸弹_爆炸_特效_紫色_0000.png",""
"Move","989ff05437ad7004c9c83d408d9715ef","Assets/Game/Sprites/ColorTiming/Hero/Sequence/Zhadan/skill/爆炸特效（紫）_0001.png","Assets/Game/Sprites/ColorTiming/Hero/Sequences/Bomb/Skill/英雄_炸弹_爆炸_特效_紫色_0001.png",""
"Move","d3eef258b4dd83446b2a0709f40e69b8","Assets/Game/Sprites/ColorTiming/Hero/Sequence/Zhadan/skill/爆炸特效（紫）_0002.png","Assets/Game/Sprites/ColorTiming/Hero/Sequences/Bomb/Skill/英雄_炸弹_爆炸_特效_紫色_0002.png",""
"Move","953ce5dba400ef24ea5c43486b6cb930","Assets/Game/Sprites/ColorTiming/Hero/Sequence/Zhadan/skill/爆炸特效（紫）_0003.png","Assets/Game/Sprites/ColorTiming/Hero/Sequences/Bomb/Skill/英雄_炸弹_爆炸_特效_紫色_0003.png",""
"Move","efb4ab06bca876b4085c3879cc3c6991","Assets/Game/Sprites/ColorTiming/Hero/Sequence/Zhadan/skill/爆炸特效（紫）_0004.png","Assets/Game/Sprites/ColorTiming/Hero/Sequences/Bomb/Skill/英雄_炸弹_爆炸_特效_紫色_0004.png",""
"Move","bba3c69e5258f9d4db5c180ac78e1255","Assets/Game/Sprites/ColorTiming/Hero/Sequence/Zhadan/skill/爆炸特效（紫）_0005.png","Assets/Game/Sprites/ColorTiming/Hero/Sequences/Bomb/Skill/英雄_炸弹_爆炸_特效_紫色_0005.png",""
"Move","f6262984b7e3c1441a4130746cecf430","Assets/Game/Sprites/ColorTiming/Hero/Sequence/Zhadan/skill/爆炸特效（紫）_0006.png","Assets/Game/Sprites/ColorTiming/Hero/Sequences/Bomb/Skill/英雄_炸弹_爆炸_特效_紫色_0006.png",""
"Move","06d5f4a1996bd904e8fe3ed9244de791","Assets/Game/Sprites/ColorTiming/Hero/Sequence/Zhadan/skill/爆炸特效（紫）_0007.png","Assets/Game/Sprites/ColorTiming/Hero/Sequences/Bomb/Skill/英雄_炸弹_爆炸_特效_紫色_0007.png",""
"Move","3cd9a07cda035a14299f39fb26b4e850","Assets/Game/Sprites/ColorTiming/Hero/Sequence/Zhadan/skill/爆炸特效（紫）_0008.png","Assets/Game/Sprites/ColorTiming/Hero/Sequences/Bomb/Skill/英雄_炸弹_爆炸_特效_紫色_0008.png",""
"Move","98929bdb4025c2a4eb873d1bf990dc2c","Assets/Game/Sprites/ColorTiming/Hero/Sequence/Zhadan/skill/爆炸特效（紫）_0009.png","Assets/Game/Sprites/ColorTiming/Hero/Sequences/Bomb/Skill/英雄_炸弹_爆炸_特效_紫色_0009.png",""
"Move","033a7bea7732aac4eb138534cfe4f300","Assets/Game/Sprites/ColorTiming/Hero/Sequence/Zhadan/skill/爆炸特效（紫）_0010.png","Assets/Game/Sprites/ColorTiming/Hero/Sequences/Bomb/Skill/英雄_炸弹_爆炸_特效_紫色_0010.png",""
"Move","ab00de3a43fd48d42ac41a326ba2d403","Assets/Game/Sprites/ColorTiming/Hero/Sequence/Zhadan/skill/爆炸特效（紫）_0011.png","Assets/Game/Sprites/ColorTiming/Hero/Sequences/Bomb/Skill/英雄_炸弹_爆炸_特效_紫色_0011.png",""
"Move","9b41bd81bb9daec4780941c6eb951a32","Assets/Game/Sprites/ColorTiming/Hero/Sequence/Zhadan/skill/爆炸特效（紫）_0012.png","Assets/Game/Sprites/ColorTiming/Hero/Sequences/Bomb/Skill/英雄_炸弹_爆炸_特效_紫色_0012.png",""
"Move","9c06275e2d7514a4fa829b0b0beb08df","Assets/Game/Sprites/ColorTiming/Hero/Sequence/Zhadan/skill/爆炸特效（紫）_0013.png","Assets/Game/Sprites/ColorTiming/Hero/Sequences/Bomb/Skill/英雄_炸弹_爆炸_特效_紫色_0013.png",""
"Move","a2efb25807a206b43b7d28fc4a7ff47f","Assets/Game/Sprites/ColorTiming/Hero/Sequence/Zhadan/skill/爆炸特效（紫）_0014.png","Assets/Game/Sprites/ColorTiming/Hero/Sequences/Bomb/Skill/英雄_炸弹_爆炸_特效_紫色_0014.png",""
"Move","1b8ef23de5224c0438ce71fb82fe3e7c","Assets/Game/Sprites/ColorTiming/Hero/Sequence/Zhadan/skill/爆炸特效（紫）_0015.png","Assets/Game/Sprites/ColorTiming/Hero/Sequences/Bomb/Skill/英雄_炸弹_爆炸_特效_紫色_0015.png",""
"Move","d781b30595eb896419763854d6b2ed83","Assets/Game/Sprites/ColorTiming/Hero/Sequence/Zhadan/skill/爆炸特效（紫）_0016.png","Assets/Game/Sprites/ColorTiming/Hero/Sequences/Bomb/Skill/英雄_炸弹_爆炸_特效_紫色_0016.png",""
"Move","1ab91b3aa1a02f74d926aa44a8814d00","Assets/Game/Sprites/ColorTiming/Hero/Sequence/Zhadan/skill/爆炸特效（紫）_0017.png","Assets/Game/Sprites/ColorTiming/Hero/Sequences/Bomb/Skill/英雄_炸弹_爆炸_特效_紫色_0017.png",""
"Move","f3f4ef2863d140646ada6357d0aec7d8","Assets/Game/Sprites/ColorTiming/Hero/Sequence/Zhadan/skill/爆炸特效（紫）_0018.png","Assets/Game/Sprites/ColorTiming/Hero/Sequences/Bomb/Skill/英雄_炸弹_爆炸_特效_紫色_0018.png",""
"Move","e8c2ce670d9ee3a42bc534c6d8344455","Assets/Game/Sprites/ColorTiming/Hero/Sequence/Zhadan/skill/爆炸特效（紫）_0019.png","Assets/Game/Sprites/ColorTiming/Hero/Sequences/Bomb/Skill/英雄_炸弹_爆炸_特效_紫色_0019.png",""
"Move","f708f7f917ed80a4fa4cc4f8746be408","Assets/Game/Sprites/ColorTiming/Hero/Sequence/Zhadan/skill/爆炸特效（紫）_0020.png","Assets/Game/Sprites/ColorTiming/Hero/Sequences/Bomb/Skill/英雄_炸弹_爆炸_特效_紫色_0020.png",""
"Move","5b3f7faae26f42846828caf292ba2bcc","Assets/Game/Sprites/ColorTiming/Hero/Sequence/Zhadan/skill/爆炸特效（紫）_0021.png","Assets/Game/Sprites/ColorTiming/Hero/Sequences/Bomb/Skill/英雄_炸弹_爆炸_特效_紫色_0021.png",""
"Move","d27bb5316464e0441aae4078e5b5225c","Assets/Game/Sprites/ColorTiming/Hero/Sequence/Zhadan/skill/爆炸特效（紫）_0022.png","Assets/Game/Sprites/ColorTiming/Hero/Sequences/Bomb/Skill/英雄_炸弹_爆炸_特效_紫色_0022.png",""
"Move","1d5fa773d485c254887f042859b20d77","Assets/Game/Sprites/ColorTiming/Hero/Sequence/Zhadan/skill/爆炸特效（紫）_0023.png","Assets/Game/Sprites/ColorTiming/Hero/Sequences/Bomb/Skill/英雄_炸弹_爆炸_特效_紫色_0023.png",""
"Move","d4cb6e26733e4804e8537fc3833fad53","Assets/Game/Sprites/ColorTiming/Hero/Sequence/Zhadan/skill/爆炸特效（红）_0000.png","Assets/Game/Sprites/ColorTiming/Hero/Sequences/Bomb/Skill/英雄_炸弹_爆炸_特效_红色_0000.png",""
"Move","d04e05be53e3f294289909525c46a241","Assets/Game/Sprites/ColorTiming/Hero/Sequence/Zhadan/skill/爆炸特效（红）_0001.png","Assets/Game/Sprites/ColorTiming/Hero/Sequences/Bomb/Skill/英雄_炸弹_爆炸_特效_红色_0001.png",""
"Move","750f6a36e3b21764a925c0c90f0c766e","Assets/Game/Sprites/ColorTiming/Hero/Sequence/Zhadan/skill/爆炸特效（红）_0002.png","Assets/Game/Sprites/ColorTiming/Hero/Sequences/Bomb/Skill/英雄_炸弹_爆炸_特效_红色_0002.png",""
"Move","2f352251a39791c47965e0087daade6f","Assets/Game/Sprites/ColorTiming/Hero/Sequence/Zhadan/skill/爆炸特效（红）_0003.png","Assets/Game/Sprites/ColorTiming/Hero/Sequences/Bomb/Skill/英雄_炸弹_爆炸_特效_红色_0003.png",""
"Move","e6d84e80d1c9a064da0be5c9c58d90cb","Assets/Game/Sprites/ColorTiming/Hero/Sequence/Zhadan/skill/爆炸特效（红）_0004.png","Assets/Game/Sprites/ColorTiming/Hero/Sequences/Bomb/Skill/英雄_炸弹_爆炸_特效_红色_0004.png",""
"Move","bea15f39a26bdac4a9de570b2505b999","Assets/Game/Sprites/ColorTiming/Hero/Sequence/Zhadan/skill/爆炸特效（红）_0005.png","Assets/Game/Sprites/ColorTiming/Hero/Sequences/Bomb/Skill/英雄_炸弹_爆炸_特效_红色_0005.png",""
"Move","4a07e899f0ae860489bc4e9824fc2a88","Assets/Game/Sprites/ColorTiming/Hero/Sequence/Zhadan/skill/爆炸特效（红）_0006.png","Assets/Game/Sprites/ColorTiming/Hero/Sequences/Bomb/Skill/英雄_炸弹_爆炸_特效_红色_0006.png",""
"Move","c8c53bc0809520a48b267df38f3a0456","Assets/Game/Sprites/ColorTiming/Hero/Sequence/Zhadan/skill/爆炸特效（红）_0007.png","Assets/Game/Sprites/ColorTiming/Hero/Sequences/Bomb/Skill/英雄_炸弹_爆炸_特效_红色_0007.png",""
"Move","81ba7ebea6c837947b775fec5aba22ea","Assets/Game/Sprites/ColorTiming/Hero/Sequence/Zhadan/skill/爆炸特效（红）_0008.png","Assets/Game/Sprites/ColorTiming/Hero/Sequences/Bomb/Skill/英雄_炸弹_爆炸_特效_红色_0008.png",""
"Move","4fc6bf0e4cf556f4791149cf60e48d05","Assets/Game/Sprites/ColorTiming/Hero/Sequence/Zhadan/skill/爆炸特效（红）_0009.png","Assets/Game/Sprites/ColorTiming/Hero/Sequences/Bomb/Skill/英雄_炸弹_爆炸_特效_红色_0009.png",""
"Move","d765574f93d5c0a43bac03e665db7cff","Assets/Game/Sprites/ColorTiming/Hero/Sequence/Zhadan/skill/爆炸特效（红）_0010.png","Assets/Game/Sprites/ColorTiming/Hero/Sequences/Bomb/Skill/英雄_炸弹_爆炸_特效_红色_0010.png",""
"Move","6e192964da3861442ba350b80366621f","Assets/Game/Sprites/ColorTiming/Hero/Sequence/Zhadan/skill/爆炸特效（红）_0011.png","Assets/Game/Sprites/ColorTiming/Hero/Sequences/Bomb/Skill/英雄_炸弹_爆炸_特效_红色_0011.png",""
"Move","d409f8911fef0b14089db625ed29e975","Assets/Game/Sprites/ColorTiming/Hero/Sequence/Zhadan/skill/爆炸特效（红）_0012.png","Assets/Game/Sprites/ColorTiming/Hero/Sequences/Bomb/Skill/英雄_炸弹_爆炸_特效_红色_0012.png",""
"Move","a2ec22265b77d45478404816650c501d","Assets/Game/Sprites/ColorTiming/Hero/Sequence/Zhadan/skill/爆炸特效（红）_0013.png","Assets/Game/Sprites/ColorTiming/Hero/Sequences/Bomb/Skill/英雄_炸弹_爆炸_特效_红色_0013.png",""
"Move","bd987f5ea0978a84eab30d6b58b6696e","Assets/Game/Sprites/ColorTiming/Hero/Sequence/Zhadan/skill/爆炸特效（红）_0014.png","Assets/Game/Sprites/ColorTiming/Hero/Sequences/Bomb/Skill/英雄_炸弹_爆炸_特效_红色_0014.png",""
"Move","9b7552a4991ba294c8ee27d7b79ec3a5","Assets/Game/Sprites/ColorTiming/Hero/Sequence/Zhadan/skill/爆炸特效（红）_0015.png","Assets/Game/Sprites/ColorTiming/Hero/Sequences/Bomb/Skill/英雄_炸弹_爆炸_特效_红色_0015.png",""
"Move","cc5f3bd1a7604da41a6786d1a56b43a5","Assets/Game/Sprites/ColorTiming/Hero/Sequence/Zhadan/skill/爆炸特效（红）_0016.png","Assets/Game/Sprites/ColorTiming/Hero/Sequences/Bomb/Skill/英雄_炸弹_爆炸_特效_红色_0016.png",""
"Move","97899f18f65751d499f6bc412a41c3ae","Assets/Game/Sprites/ColorTiming/Hero/Sequence/Zhadan/skill/爆炸特效（红）_0017.png","Assets/Game/Sprites/ColorTiming/Hero/Sequences/Bomb/Skill/英雄_炸弹_爆炸_特效_红色_0017.png",""
"Move","f678bb0398522604eb1e3316838a8fbe","Assets/Game/Sprites/ColorTiming/Hero/Sequence/Zhadan/skill/爆炸特效（红）_0018.png","Assets/Game/Sprites/ColorTiming/Hero/Sequences/Bomb/Skill/英雄_炸弹_爆炸_特效_红色_0018.png",""
"Move","2effa52a7b15fc84490d41f9eae266ab","Assets/Game/Sprites/ColorTiming/Hero/Sequence/Zhadan/skill/爆炸特效（红）_0019.png","Assets/Game/Sprites/ColorTiming/Hero/Sequences/Bomb/Skill/英雄_炸弹_爆炸_特效_红色_0019.png",""
"Move","f6ca46a3bca201e4d87695797bc75a97","Assets/Game/Sprites/ColorTiming/Hero/Sequence/Zhadan/skill/爆炸特效（红）_0020.png","Assets/Game/Sprites/ColorTiming/Hero/Sequences/Bomb/Skill/英雄_炸弹_爆炸_特效_红色_0020.png",""
"Move","3fdcdf594cce1c5499e269b734ebef45","Assets/Game/Sprites/ColorTiming/Hero/Sequence/Zhadan/skill/爆炸特效（红）_0021.png","Assets/Game/Sprites/ColorTiming/Hero/Sequences/Bomb/Skill/英雄_炸弹_爆炸_特效_红色_0021.png",""
"Move","1d51a0a84fb9d9247985840a81c44280","Assets/Game/Sprites/ColorTiming/Hero/Sequence/Zhadan/skill/爆炸特效（红）_0022.png","Assets/Game/Sprites/ColorTiming/Hero/Sequences/Bomb/Skill/英雄_炸弹_爆炸_特效_红色_0022.png",""
"Move","94c8397eecc4cdc45a574943c096817d","Assets/Game/Sprites/ColorTiming/Hero/Sequence/Zhadan/skill/爆炸特效（红）_0023.png","Assets/Game/Sprites/ColorTiming/Hero/Sequences/Bomb/Skill/英雄_炸弹_爆炸_特效_红色_0023.png",""
"Move","9c9267d49eb2a324da37116604a26a4d","Assets/Game/Sprites/ColorTiming/Hero/Sequence/Zhadan/skill/爆炸特效（绿）_0000.png","Assets/Game/Sprites/ColorTiming/Hero/Sequences/Bomb/Skill/英雄_炸弹_爆炸_特效_绿色_0000.png",""
"Move","d4149a45af1d8ca4da41666f6895bf2c","Assets/Game/Sprites/ColorTiming/Hero/Sequence/Zhadan/skill/爆炸特效（绿）_0001.png","Assets/Game/Sprites/ColorTiming/Hero/Sequences/Bomb/Skill/英雄_炸弹_爆炸_特效_绿色_0001.png",""
"Move","2eeaef74a0023434faac235367f90c32","Assets/Game/Sprites/ColorTiming/Hero/Sequence/Zhadan/skill/爆炸特效（绿）_0002.png","Assets/Game/Sprites/ColorTiming/Hero/Sequences/Bomb/Skill/英雄_炸弹_爆炸_特效_绿色_0002.png",""
"Move","d0bfcc4afcc7b64438d045597f68b6ea","Assets/Game/Sprites/ColorTiming/Hero/Sequence/Zhadan/skill/爆炸特效（绿）_0003.png","Assets/Game/Sprites/ColorTiming/Hero/Sequences/Bomb/Skill/英雄_炸弹_爆炸_特效_绿色_0003.png",""
"Move","6f2a0282ac8444647b56035c197d429b","Assets/Game/Sprites/ColorTiming/Hero/Sequence/Zhadan/skill/爆炸特效（绿）_0004.png","Assets/Game/Sprites/ColorTiming/Hero/Sequences/Bomb/Skill/英雄_炸弹_爆炸_特效_绿色_0004.png",""
"Move","5fe0111e7fd12904582b257a4539fa0b","Assets/Game/Sprites/ColorTiming/Hero/Sequence/Zhadan/skill/爆炸特效（绿）_0005.png","Assets/Game/Sprites/ColorTiming/Hero/Sequences/Bomb/Skill/英雄_炸弹_爆炸_特效_绿色_0005.png",""
"Move","f6c185b80748a4d4c814a88a76f62c6b","Assets/Game/Sprites/ColorTiming/Hero/Sequence/Zhadan/skill/爆炸特效（绿）_0006.png","Assets/Game/Sprites/ColorTiming/Hero/Sequences/Bomb/Skill/英雄_炸弹_爆炸_特效_绿色_0006.png",""
"Move","1bc3ec7656f564542b290ad5b6bc44eb","Assets/Game/Sprites/ColorTiming/Hero/Sequence/Zhadan/skill/爆炸特效（绿）_0007.png","Assets/Game/Sprites/ColorTiming/Hero/Sequences/Bomb/Skill/英雄_炸弹_爆炸_特效_绿色_0007.png",""
"Move","eb7596b04c3a35d45908b69ee52a9ba5","Assets/Game/Sprites/ColorTiming/Hero/Sequence/Zhadan/skill/爆炸特效（绿）_0008.png","Assets/Game/Sprites/ColorTiming/Hero/Sequences/Bomb/Skill/英雄_炸弹_爆炸_特效_绿色_0008.png",""
"Move","84857c39f249dbb4eba3dc2dd0ef1e7c","Assets/Game/Sprites/ColorTiming/Hero/Sequence/Zhadan/skill/爆炸特效（绿）_0009.png","Assets/Game/Sprites/ColorTiming/Hero/Sequences/Bomb/Skill/英雄_炸弹_爆炸_特效_绿色_0009.png",""
"Move","a4a03a3dc438b6243895ec6dd56dace7","Assets/Game/Sprites/ColorTiming/Hero/Sequence/Zhadan/skill/爆炸特效（绿）_0010.png","Assets/Game/Sprites/ColorTiming/Hero/Sequences/Bomb/Skill/英雄_炸弹_爆炸_特效_绿色_0010.png",""
"Move","6be83e208e7fc1e469d68ca70d46db06","Assets/Game/Sprites/ColorTiming/Hero/Sequence/Zhadan/skill/爆炸特效（绿）_0011.png","Assets/Game/Sprites/ColorTiming/Hero/Sequences/Bomb/Skill/英雄_炸弹_爆炸_特效_绿色_0011.png",""
"Move","85baeba17207f104a8b640d1a1ad52d5","Assets/Game/Sprites/ColorTiming/Hero/Sequence/Zhadan/skill/爆炸特效（绿）_0012.png","Assets/Game/Sprites/ColorTiming/Hero/Sequences/Bomb/Skill/英雄_炸弹_爆炸_特效_绿色_0012.png",""
"Move","6eb27ccabdada0b429fec82ddc185dc4","Assets/Game/Sprites/ColorTiming/Hero/Sequence/Zhadan/skill/爆炸特效（绿）_0013.png","Assets/Game/Sprites/ColorTiming/Hero/Sequences/Bomb/Skill/英雄_炸弹_爆炸_特效_绿色_0013.png",""
"Move","c95c79d9ab7a0c340aac50fbc353836e","Assets/Game/Sprites/ColorTiming/Hero/Sequence/Zhadan/skill/爆炸特效（绿）_0014.png","Assets/Game/Sprites/ColorTiming/Hero/Sequences/Bomb/Skill/英雄_炸弹_爆炸_特效_绿色_0014.png",""
"Move","9d08d2285da29f64cb161e82d206bb96","Assets/Game/Sprites/ColorTiming/Hero/Sequence/Zhadan/skill/爆炸特效（绿）_0015.png","Assets/Game/Sprites/ColorTiming/Hero/Sequences/Bomb/Skill/英雄_炸弹_爆炸_特效_绿色_0015.png",""
"Move","80604fb5c56be1a4da3c1fee2a199094","Assets/Game/Sprites/ColorTiming/Hero/Sequence/Zhadan/skill/爆炸特效（绿）_0016.png","Assets/Game/Sprites/ColorTiming/Hero/Sequences/Bomb/Skill/英雄_炸弹_爆炸_特效_绿色_0016.png",""
"Move","ef367ac8a5aa3dd4eb9abb6a28427a09","Assets/Game/Sprites/ColorTiming/Hero/Sequence/Zhadan/skill/爆炸特效（绿）_0017.png","Assets/Game/Sprites/ColorTiming/Hero/Sequences/Bomb/Skill/英雄_炸弹_爆炸_特效_绿色_0017.png",""
"Move","c12860e765fb98f4fa9b1d32f280691f","Assets/Game/Sprites/ColorTiming/Hero/Sequence/Zhadan/skill/爆炸特效（绿）_0018.png","Assets/Game/Sprites/ColorTiming/Hero/Sequences/Bomb/Skill/英雄_炸弹_爆炸_特效_绿色_0018.png",""
"Move","4b5ab769bb0ce2b44bcc8ed6b8f45274","Assets/Game/Sprites/ColorTiming/Hero/Sequence/Zhadan/skill/爆炸特效（绿）_0019.png","Assets/Game/Sprites/ColorTiming/Hero/Sequences/Bomb/Skill/英雄_炸弹_爆炸_特效_绿色_0019.png",""
"Move","d200a6cc19af4f24396f1840edf45fcd","Assets/Game/Sprites/ColorTiming/Hero/Sequence/Zhadan/skill/爆炸特效（绿）_0020.png","Assets/Game/Sprites/ColorTiming/Hero/Sequences/Bomb/Skill/英雄_炸弹_爆炸_特效_绿色_0020.png",""
"Move","0c5acfbe08e9fad4cac1f68ea0a7e6de","Assets/Game/Sprites/ColorTiming/Hero/Sequence/Zhadan/skill/爆炸特效（绿）_0021.png","Assets/Game/Sprites/ColorTiming/Hero/Sequences/Bomb/Skill/英雄_炸弹_爆炸_特效_绿色_0021.png",""
"Move","fa71cd4869af73449b13e248340b5278","Assets/Game/Sprites/ColorTiming/Hero/Sequence/Zhadan/skill/爆炸特效（绿）_0022.png","Assets/Game/Sprites/ColorTiming/Hero/Sequences/Bomb/Skill/英雄_炸弹_爆炸_特效_绿色_0022.png",""
"Move","4abba19d59a4a5347a5d474761e8ff6b","Assets/Game/Sprites/ColorTiming/Hero/Sequence/Zhadan/skill/爆炸特效（绿）_0023.png","Assets/Game/Sprites/ColorTiming/Hero/Sequences/Bomb/Skill/英雄_炸弹_爆炸_特效_绿色_0023.png",""
"Move","c0321e4014123ba458387301a528df8c","Assets/Game/Sprites/ColorTiming/Hero/Sequence/Zhadan/skill/空中炸弹紫_0000.png","Assets/Game/Sprites/ColorTiming/Hero/Sequences/Bomb/Skill/英雄_空中_炸弹_紫_0000.png",""
"Move","5c42830a7da620747a88b50f1e5dc41d","Assets/Game/Sprites/ColorTiming/Hero/Sequence/Zhadan/skill/空中炸弹紫_0001.png","Assets/Game/Sprites/ColorTiming/Hero/Sequences/Bomb/Skill/英雄_空中_炸弹_紫_0001.png",""
"Move","d0a172928c298a14eb3ab7ab7bdfdc82","Assets/Game/Sprites/ColorTiming/Hero/Sequence/Zhadan/skill/空中炸弹紫_0002.png","Assets/Game/Sprites/ColorTiming/Hero/Sequences/Bomb/Skill/英雄_空中_炸弹_紫_0002.png",""
"Move","4dceb13ec1c869d4ba7b16963c84468d","Assets/Game/Sprites/ColorTiming/Hero/Sequence/Zhadan/skill/空中炸弹紫_0003.png","Assets/Game/Sprites/ColorTiming/Hero/Sequences/Bomb/Skill/英雄_空中_炸弹_紫_0003.png",""
"Move","5434840e08f2ca14dba124a8e5197fe3","Assets/Game/Sprites/ColorTiming/Hero/Sequence/Zhadan/skill/空中炸弹红_0000.png","Assets/Game/Sprites/ColorTiming/Hero/Sequences/Bomb/Skill/英雄_空中_炸弹_红_0000.png",""
"Move","c7c1a4fe69392fb46a039d15f8f538fb","Assets/Game/Sprites/ColorTiming/Hero/Sequence/Zhadan/skill/空中炸弹红_0001.png","Assets/Game/Sprites/ColorTiming/Hero/Sequences/Bomb/Skill/英雄_空中_炸弹_红_0001.png",""
"Move","9f2bc9b88413a35478614532dc37aef5","Assets/Game/Sprites/ColorTiming/Hero/Sequence/Zhadan/skill/空中炸弹红_0002.png","Assets/Game/Sprites/ColorTiming/Hero/Sequences/Bomb/Skill/英雄_空中_炸弹_红_0002.png",""
"Move","e78e3148dbff4db42b20e3a95fecd948","Assets/Game/Sprites/ColorTiming/Hero/Sequence/Zhadan/skill/空中炸弹红_0003.png","Assets/Game/Sprites/ColorTiming/Hero/Sequences/Bomb/Skill/英雄_空中_炸弹_红_0003.png",""
"Move","27be2e72576180f4bb6cb77a2775cb37","Assets/Game/Sprites/ColorTiming/Hero/Sequence/Zhadan/skill/空中炸弹绿_0000.png","Assets/Game/Sprites/ColorTiming/Hero/Sequences/Bomb/Skill/英雄_空中_炸弹_绿_0000.png",""
"Move","66d11e02a29922946bc8173fbda80779","Assets/Game/Sprites/ColorTiming/Hero/Sequence/Zhadan/skill/空中炸弹绿_0001.png","Assets/Game/Sprites/ColorTiming/Hero/Sequences/Bomb/Skill/英雄_空中_炸弹_绿_0001.png",""
"Move","4fd66eb927d899b45aa4acf41033d644","Assets/Game/Sprites/ColorTiming/Hero/Sequence/Zhadan/skill/空中炸弹绿_0002.png","Assets/Game/Sprites/ColorTiming/Hero/Sequences/Bomb/Skill/英雄_空中_炸弹_绿_0002.png",""
"Move","dbc10cbfd2c8226489bd79144c2d4497","Assets/Game/Sprites/ColorTiming/Hero/Sequence/Zhadan/skill/空中炸弹绿_0003.png","Assets/Game/Sprites/ColorTiming/Hero/Sequences/Bomb/Skill/英雄_空中_炸弹_绿_0003.png",""
"Move","849b22c1670af564aa73378f3b74e8c1","Assets/Game/Sprites/ColorTiming/Hero/Sequence/Zhadan/yidong/yidong_zhadan_hong.anim","Assets/Game/Sprites/ColorTiming/Hero/Sequences/Bomb/Move/Hero_Bomb_Move_Red.anim",""
"Move","702653f01fdf74f4296f3a41d89d1db5","Assets/Game/Sprites/ColorTiming/Hero/Sequence/Zhadan/yidong/yidong_zhadan_lv.anim","Assets/Game/Sprites/ColorTiming/Hero/Sequences/Bomb/Move/Hero_Bomb_Move_Green.anim",""
"Move","e1b06b20f6071bf4094113c474eb2661","Assets/Game/Sprites/ColorTiming/Hero/Sequence/Zhadan/yidong/yidong_zhadan_zi.anim","Assets/Game/Sprites/ColorTiming/Hero/Sequences/Bomb/Move/Hero_Bomb_Move_Purple.anim",""
"Move","7d9b4999e1c41ff4289fa10c9a23a0e8","Assets/Game/Sprites/ColorTiming/Hero/Sequence/Zhadan/yidong/紫色炸弹移动_0000.png","Assets/Game/Sprites/ColorTiming/Hero/Sequences/Bomb/Move/英雄_炸弹_移动_紫色_0000.png",""
"Move","01b746c956c390a418e4c0a18a51dc8c","Assets/Game/Sprites/ColorTiming/Hero/Sequence/Zhadan/yidong/紫色炸弹移动_0001.png","Assets/Game/Sprites/ColorTiming/Hero/Sequences/Bomb/Move/英雄_炸弹_移动_紫色_0001.png",""
"Move","806973f1f1cfde146a68c5f56dc9b29e","Assets/Game/Sprites/ColorTiming/Hero/Sequence/Zhadan/yidong/紫色炸弹移动_0002.png","Assets/Game/Sprites/ColorTiming/Hero/Sequences/Bomb/Move/英雄_炸弹_移动_紫色_0002.png",""
"Move","934c4904871588e408bb57f360b8ee65","Assets/Game/Sprites/ColorTiming/Hero/Sequence/Zhadan/yidong/紫色炸弹移动_0003.png","Assets/Game/Sprites/ColorTiming/Hero/Sequences/Bomb/Move/英雄_炸弹_移动_紫色_0003.png",""
"Move","a4dc45d96ba79344eb38d6846594004c","Assets/Game/Sprites/ColorTiming/Hero/Sequence/Zhadan/yidong/紫色炸弹移动_0004.png","Assets/Game/Sprites/ColorTiming/Hero/Sequences/Bomb/Move/英雄_炸弹_移动_紫色_0004.png",""
"Move","23150b790e756d042b55d7cacbe4076e","Assets/Game/Sprites/ColorTiming/Hero/Sequence/Zhadan/yidong/紫色炸弹移动_0005.png","Assets/Game/Sprites/ColorTiming/Hero/Sequences/Bomb/Move/英雄_炸弹_移动_紫色_0005.png",""
"Move","cb9bb9516a75d72419d6dffbc55397e5","Assets/Game/Sprites/ColorTiming/Hero/Sequence/Zhadan/yidong/红色炸弹移动_0000.png","Assets/Game/Sprites/ColorTiming/Hero/Sequences/Bomb/Move/英雄_炸弹_移动_红色_0000.png",""
"Move","46096d2ccb96ca445b5576b41153a25a","Assets/Game/Sprites/ColorTiming/Hero/Sequence/Zhadan/yidong/红色炸弹移动_0001.png","Assets/Game/Sprites/ColorTiming/Hero/Sequences/Bomb/Move/英雄_炸弹_移动_红色_0001.png",""
"Move","ab4fbd492e9bced4d99bbf4e3ccd5f18","Assets/Game/Sprites/ColorTiming/Hero/Sequence/Zhadan/yidong/红色炸弹移动_0002.png","Assets/Game/Sprites/ColorTiming/Hero/Sequences/Bomb/Move/英雄_炸弹_移动_红色_0002.png",""
"Move","03589f3cfe2002644a18c942b7c7af84","Assets/Game/Sprites/ColorTiming/Hero/Sequence/Zhadan/yidong/红色炸弹移动_0003.png","Assets/Game/Sprites/ColorTiming/Hero/Sequences/Bomb/Move/英雄_炸弹_移动_红色_0003.png",""
"Move","091988b937fbb5245bd1475b8c9566fe","Assets/Game/Sprites/ColorTiming/Hero/Sequence/Zhadan/yidong/红色炸弹移动_0004.png","Assets/Game/Sprites/ColorTiming/Hero/Sequences/Bomb/Move/英雄_炸弹_移动_红色_0004.png",""
"Move","ed311e94e977e3b48ae46c39818237dc","Assets/Game/Sprites/ColorTiming/Hero/Sequence/Zhadan/yidong/红色炸弹移动_0005.png","Assets/Game/Sprites/ColorTiming/Hero/Sequences/Bomb/Move/英雄_炸弹_移动_红色_0005.png",""
"Move","5177a4c3d549b5049bcc7073c393e3d5","Assets/Game/Sprites/ColorTiming/Hero/Sequence/Zhadan/yidong/绿色炸弹移动_0000.png","Assets/Game/Sprites/ColorTiming/Hero/Sequences/Bomb/Move/英雄_炸弹_移动_绿色_0000.png",""
"Move","1fec15fbc46ea7c47834c54789f87de8","Assets/Game/Sprites/ColorTiming/Hero/Sequence/Zhadan/yidong/绿色炸弹移动_0001.png","Assets/Game/Sprites/ColorTiming/Hero/Sequences/Bomb/Move/英雄_炸弹_移动_绿色_0001.png",""
"Move","4972a26de8880f74db7bb912f85b06c1","Assets/Game/Sprites/ColorTiming/Hero/Sequence/Zhadan/yidong/绿色炸弹移动_0002.png","Assets/Game/Sprites/ColorTiming/Hero/Sequences/Bomb/Move/英雄_炸弹_移动_绿色_0002.png",""
"Move","1a0d849f36ee12f4baead22420348e09","Assets/Game/Sprites/ColorTiming/Hero/Sequence/Zhadan/yidong/绿色炸弹移动_0003.png","Assets/Game/Sprites/ColorTiming/Hero/Sequences/Bomb/Move/英雄_炸弹_移动_绿色_0003.png",""
"Move","09c3eed353ab610478da7e4da74af17a","Assets/Game/Sprites/ColorTiming/Hero/Sequence/Zhadan/yidong/绿色炸弹移动_0004.png","Assets/Game/Sprites/ColorTiming/Hero/Sequences/Bomb/Move/英雄_炸弹_移动_绿色_0004.png",""
"Move","a77aaa3e15c009448b7481b656eaf6d2","Assets/Game/Sprites/ColorTiming/Hero/Sequence/Zhadan/yidong/绿色炸弹移动_0005.png","Assets/Game/Sprites/ColorTiming/Hero/Sequences/Bomb/Move/英雄_炸弹_移动_绿色_0005.png",""
"Move","317b91a8e8b68ad419d4328ae2938df9","Assets/Game/Sprites/ColorTiming/Hero/Sequence/feiji/daiji/daiji_feiji_chen.anim","Assets/Game/Sprites/ColorTiming/Hero/Sequences/Plane/Idle/Hero_Plane_Idle_Orange.anim",""
"Move","ab9b09186f5e8d845be3b1d9c2e12b76","Assets/Game/Sprites/ColorTiming/Hero/Sequence/feiji/daiji/daiji_feiji_hong.anim","Assets/Game/Sprites/ColorTiming/Hero/Sequences/Plane/Idle/Hero_Plane_Idle_Red.anim",""
"Move","e9f708f63fd904a4eba74ffb1e10debe","Assets/Game/Sprites/ColorTiming/Hero/Sequence/feiji/daiji/daiji_feiji_lv.anim","Assets/Game/Sprites/ColorTiming/Hero/Sequences/Plane/Idle/Hero_Plane_Idle_Green.anim",""
"Move","80622d053c6792d4b88fd46e3ad42825","Assets/Game/Sprites/ColorTiming/Hero/Sequence/feiji/daiji/daiji_feiji_zi.anim","Assets/Game/Sprites/ColorTiming/Hero/Sequences/Plane/Idle/Hero_Plane_Idle_Purple.anim",""
"Move","63feb052ba9d51c46a9d18bd0ba708d1","Assets/Game/Sprites/ColorTiming/Hero/Sequence/feiji/daiji/橙色飞机待机_0000.png","Assets/Game/Sprites/ColorTiming/Hero/Sequences/Plane/Idle/英雄_飞机_待机_橙色_0000.png",""
"Move","1dbbf0cf44983e44183c797558872fa4","Assets/Game/Sprites/ColorTiming/Hero/Sequence/feiji/daiji/橙色飞机待机_0001.png","Assets/Game/Sprites/ColorTiming/Hero/Sequences/Plane/Idle/英雄_飞机_待机_橙色_0001.png",""
"Move","9b1349301f357fb45b97a5fe1164e9fe","Assets/Game/Sprites/ColorTiming/Hero/Sequence/feiji/daiji/橙色飞机待机_0002.png","Assets/Game/Sprites/ColorTiming/Hero/Sequences/Plane/Idle/英雄_飞机_待机_橙色_0002.png",""
"Move","b566566093c18eb47ac63743b96a85c0","Assets/Game/Sprites/ColorTiming/Hero/Sequence/feiji/daiji/橙色飞机待机_0003.png","Assets/Game/Sprites/ColorTiming/Hero/Sequences/Plane/Idle/英雄_飞机_待机_橙色_0003.png",""
"Move","a708f76508e9e6c41a58cb687c32fc31","Assets/Game/Sprites/ColorTiming/Hero/Sequence/feiji/daiji/橙色飞机待机_0004.png","Assets/Game/Sprites/ColorTiming/Hero/Sequences/Plane/Idle/英雄_飞机_待机_橙色_0004.png",""
"Move","acd4d2273574c1941bbbfc7f22625923","Assets/Game/Sprites/ColorTiming/Hero/Sequence/feiji/daiji/橙色飞机待机_0005.png","Assets/Game/Sprites/ColorTiming/Hero/Sequences/Plane/Idle/英雄_飞机_待机_橙色_0005.png",""
"Move","5175685fef3e0644ebe22e74978d3b30","Assets/Game/Sprites/ColorTiming/Hero/Sequence/feiji/daiji/橙色飞机待机_0006.png","Assets/Game/Sprites/ColorTiming/Hero/Sequences/Plane/Idle/英雄_飞机_待机_橙色_0006.png",""
"Move","1ea3c8c39d97b684b930819f4693575d","Assets/Game/Sprites/ColorTiming/Hero/Sequence/feiji/daiji/橙色飞机待机_0007.png","Assets/Game/Sprites/ColorTiming/Hero/Sequences/Plane/Idle/英雄_飞机_待机_橙色_0007.png",""
"Move","4f8d25a1ed9ebc74ab962d9d9d7c1456","Assets/Game/Sprites/ColorTiming/Hero/Sequence/feiji/daiji/橙色飞机待机_0008.png","Assets/Game/Sprites/ColorTiming/Hero/Sequences/Plane/Idle/英雄_飞机_待机_橙色_0008.png",""
"Move","3e028a00dd565b348b6b5bc025962940","Assets/Game/Sprites/ColorTiming/Hero/Sequence/feiji/daiji/橙色飞机待机_0009.png","Assets/Game/Sprites/ColorTiming/Hero/Sequences/Plane/Idle/英雄_飞机_待机_橙色_0009.png",""
"Move","97196a2d32bccf14180bf4c2d97f2c45","Assets/Game/Sprites/ColorTiming/Hero/Sequence/feiji/daiji/橙色飞机待机_0010.png","Assets/Game/Sprites/ColorTiming/Hero/Sequences/Plane/Idle/英雄_飞机_待机_橙色_0010.png",""
"Move","f20716fa4ed77e04ea7d6fceea9ae5fb","Assets/Game/Sprites/ColorTiming/Hero/Sequence/feiji/daiji/橙色飞机待机_0011.png","Assets/Game/Sprites/ColorTiming/Hero/Sequences/Plane/Idle/英雄_飞机_待机_橙色_0011.png",""
"Move","b844a79b38302f64eafdfd69f0bbb8ec","Assets/Game/Sprites/ColorTiming/Hero/Sequence/feiji/daiji/紫色飞机待机_0000.png","Assets/Game/Sprites/ColorTiming/Hero/Sequences/Plane/Idle/英雄_飞机_待机_紫色_0000.png",""
"Move","d1d23b11101244d49b94d67cf5e32d49","Assets/Game/Sprites/ColorTiming/Hero/Sequence/feiji/daiji/紫色飞机待机_0001.png","Assets/Game/Sprites/ColorTiming/Hero/Sequences/Plane/Idle/英雄_飞机_待机_紫色_0001.png",""
"Move","6be526629f4a68d46acf969609cedf2a","Assets/Game/Sprites/ColorTiming/Hero/Sequence/feiji/daiji/紫色飞机待机_0002.png","Assets/Game/Sprites/ColorTiming/Hero/Sequences/Plane/Idle/英雄_飞机_待机_紫色_0002.png",""
"Move","8f1c03fd75275e244a11217f453dd712","Assets/Game/Sprites/ColorTiming/Hero/Sequence/feiji/daiji/紫色飞机待机_0003.png","Assets/Game/Sprites/ColorTiming/Hero/Sequences/Plane/Idle/英雄_飞机_待机_紫色_0003.png",""
"Move","398ec9982d2d0904d8eb448cdd4700a1","Assets/Game/Sprites/ColorTiming/Hero/Sequence/feiji/daiji/紫色飞机待机_0004.png","Assets/Game/Sprites/ColorTiming/Hero/Sequences/Plane/Idle/英雄_飞机_待机_紫色_0004.png",""
"Move","600e9e5379ec5bd47bb682c8e46e593e","Assets/Game/Sprites/ColorTiming/Hero/Sequence/feiji/daiji/紫色飞机待机_0005.png","Assets/Game/Sprites/ColorTiming/Hero/Sequences/Plane/Idle/英雄_飞机_待机_紫色_0005.png",""
"Move","ac155c58c9666c445a68dc75ad3e0932","Assets/Game/Sprites/ColorTiming/Hero/Sequence/feiji/daiji/紫色飞机待机_0006.png","Assets/Game/Sprites/ColorTiming/Hero/Sequences/Plane/Idle/英雄_飞机_待机_紫色_0006.png",""
"Move","5faab98848540af4ebbc4093e06bac1e","Assets/Game/Sprites/ColorTiming/Hero/Sequence/feiji/daiji/紫色飞机待机_0007.png","Assets/Game/Sprites/ColorTiming/Hero/Sequences/Plane/Idle/英雄_飞机_待机_紫色_0007.png",""
"Move","92e8d0f287dbe7e468cb6c0326ef73c5","Assets/Game/Sprites/ColorTiming/Hero/Sequence/feiji/daiji/紫色飞机待机_0008.png","Assets/Game/Sprites/ColorTiming/Hero/Sequences/Plane/Idle/英雄_飞机_待机_紫色_0008.png",""
"Move","61568a02954698b4986b7288bae06d3b","Assets/Game/Sprites/ColorTiming/Hero/Sequence/feiji/daiji/紫色飞机待机_0009.png","Assets/Game/Sprites/ColorTiming/Hero/Sequences/Plane/Idle/英雄_飞机_待机_紫色_0009.png",""
"Move","158598d0c5685e8489c56f6d0e2ca42a","Assets/Game/Sprites/ColorTiming/Hero/Sequence/feiji/daiji/紫色飞机待机_0010.png","Assets/Game/Sprites/ColorTiming/Hero/Sequences/Plane/Idle/英雄_飞机_待机_紫色_0010.png",""
"Move","ad501531dedb7c446b04de5e2e8e8d7f","Assets/Game/Sprites/ColorTiming/Hero/Sequence/feiji/daiji/紫色飞机待机_0011.png","Assets/Game/Sprites/ColorTiming/Hero/Sequences/Plane/Idle/英雄_飞机_待机_紫色_0011.png",""
"Move","a86c3e494ba6a4247ade30973205cf05","Assets/Game/Sprites/ColorTiming/Hero/Sequence/feiji/daiji/红色飞机待机_0000.png","Assets/Game/Sprites/ColorTiming/Hero/Sequences/Plane/Idle/英雄_飞机_待机_红色_0000.png",""
"Move","f1e3b65a657c6dd4890228fc5c6050db","Assets/Game/Sprites/ColorTiming/Hero/Sequence/feiji/daiji/红色飞机待机_0001.png","Assets/Game/Sprites/ColorTiming/Hero/Sequences/Plane/Idle/英雄_飞机_待机_红色_0001.png",""
"Move","fbeb48880ca26ca4dad147ace6dbc381","Assets/Game/Sprites/ColorTiming/Hero/Sequence/feiji/daiji/红色飞机待机_0002.png","Assets/Game/Sprites/ColorTiming/Hero/Sequences/Plane/Idle/英雄_飞机_待机_红色_0002.png",""
"Move","4919725d53d1589489e79b351aedf7e6","Assets/Game/Sprites/ColorTiming/Hero/Sequence/feiji/daiji/红色飞机待机_0003.png","Assets/Game/Sprites/ColorTiming/Hero/Sequences/Plane/Idle/英雄_飞机_待机_红色_0003.png",""
"Move","b0cbfac8dc496b440bd01654fba7e634","Assets/Game/Sprites/ColorTiming/Hero/Sequence/feiji/daiji/红色飞机待机_0004.png","Assets/Game/Sprites/ColorTiming/Hero/Sequences/Plane/Idle/英雄_飞机_待机_红色_0004.png",""
"Move","1922ee9f5aa559841a944f39ae01f3df","Assets/Game/Sprites/ColorTiming/Hero/Sequence/feiji/daiji/红色飞机待机_0005.png","Assets/Game/Sprites/ColorTiming/Hero/Sequences/Plane/Idle/英雄_飞机_待机_红色_0005.png",""
"Move","a53c4f56aecf349489a424161af85c34","Assets/Game/Sprites/ColorTiming/Hero/Sequence/feiji/daiji/红色飞机待机_0006.png","Assets/Game/Sprites/ColorTiming/Hero/Sequences/Plane/Idle/英雄_飞机_待机_红色_0006.png",""
"Move","58cf240d3d4518a419a81541bd1aac7d","Assets/Game/Sprites/ColorTiming/Hero/Sequence/feiji/daiji/红色飞机待机_0007.png","Assets/Game/Sprites/ColorTiming/Hero/Sequences/Plane/Idle/英雄_飞机_待机_红色_0007.png",""
"Move","c9116c4803af80a41a2b2a905a79e0dc","Assets/Game/Sprites/ColorTiming/Hero/Sequence/feiji/daiji/红色飞机待机_0008.png","Assets/Game/Sprites/ColorTiming/Hero/Sequences/Plane/Idle/英雄_飞机_待机_红色_0008.png",""
"Move","3ce73654264908b419988d8e237300d1","Assets/Game/Sprites/ColorTiming/Hero/Sequence/feiji/daiji/红色飞机待机_0009.png","Assets/Game/Sprites/ColorTiming/Hero/Sequences/Plane/Idle/英雄_飞机_待机_红色_0009.png",""
"Move","761a387f9bd939d41acfd7b318b0bfea","Assets/Game/Sprites/ColorTiming/Hero/Sequence/feiji/daiji/红色飞机待机_0010.png","Assets/Game/Sprites/ColorTiming/Hero/Sequences/Plane/Idle/英雄_飞机_待机_红色_0010.png",""
"Move","d616eedb816f34d449bdd7c9658b2024","Assets/Game/Sprites/ColorTiming/Hero/Sequence/feiji/daiji/红色飞机待机_0011.png","Assets/Game/Sprites/ColorTiming/Hero/Sequences/Plane/Idle/英雄_飞机_待机_红色_0011.png",""
"Move","86fda312063714a4f8ea5720804ddab3","Assets/Game/Sprites/ColorTiming/Hero/Sequence/feiji/daiji/绿色飞机待机_0000.png","Assets/Game/Sprites/ColorTiming/Hero/Sequences/Plane/Idle/英雄_飞机_待机_绿色_0000.png",""
"Move","73b99a20f54c4ec4b9ee8fa14763d682","Assets/Game/Sprites/ColorTiming/Hero/Sequence/feiji/daiji/绿色飞机待机_0001.png","Assets/Game/Sprites/ColorTiming/Hero/Sequences/Plane/Idle/英雄_飞机_待机_绿色_0001.png",""
"Move","cc035580464e3fe4da934a3e5a64969c","Assets/Game/Sprites/ColorTiming/Hero/Sequence/feiji/daiji/绿色飞机待机_0002.png","Assets/Game/Sprites/ColorTiming/Hero/Sequences/Plane/Idle/英雄_飞机_待机_绿色_0002.png",""
"Move","1f43ddf26cd69464ab6018bc2192bbe0","Assets/Game/Sprites/ColorTiming/Hero/Sequence/feiji/daiji/绿色飞机待机_0003.png","Assets/Game/Sprites/ColorTiming/Hero/Sequences/Plane/Idle/英雄_飞机_待机_绿色_0003.png",""
"Move","81326fdcda1fdd2468ea01ac10e0e148","Assets/Game/Sprites/ColorTiming/Hero/Sequence/feiji/daiji/绿色飞机待机_0004.png","Assets/Game/Sprites/ColorTiming/Hero/Sequences/Plane/Idle/英雄_飞机_待机_绿色_0004.png",""
"Move","8059fb8502e83b84196d7d1f2153cdb1","Assets/Game/Sprites/ColorTiming/Hero/Sequence/feiji/daiji/绿色飞机待机_0005.png","Assets/Game/Sprites/ColorTiming/Hero/Sequences/Plane/Idle/英雄_飞机_待机_绿色_0005.png",""
"Move","f3fa91fb40d1af243b54b0cbb3d36d6f","Assets/Game/Sprites/ColorTiming/Hero/Sequence/feiji/daiji/绿色飞机待机_0006.png","Assets/Game/Sprites/ColorTiming/Hero/Sequences/Plane/Idle/英雄_飞机_待机_绿色_0006.png",""
"Move","1052826aea17f4a4da0c531d41c56212","Assets/Game/Sprites/ColorTiming/Hero/Sequence/feiji/daiji/绿色飞机待机_0007.png","Assets/Game/Sprites/ColorTiming/Hero/Sequences/Plane/Idle/英雄_飞机_待机_绿色_0007.png",""
"Move","cc96423bccb78334981eb196f0e1f263","Assets/Game/Sprites/ColorTiming/Hero/Sequence/feiji/daiji/绿色飞机待机_0008.png","Assets/Game/Sprites/ColorTiming/Hero/Sequences/Plane/Idle/英雄_飞机_待机_绿色_0008.png",""
"Move","797c7fcee4d9f0749908c15616878133","Assets/Game/Sprites/ColorTiming/Hero/Sequence/feiji/daiji/绿色飞机待机_0009.png","Assets/Game/Sprites/ColorTiming/Hero/Sequences/Plane/Idle/英雄_飞机_待机_绿色_0009.png",""
"Move","efcc0aec7572aaa43a7b1170ae3c33f0","Assets/Game/Sprites/ColorTiming/Hero/Sequence/feiji/daiji/绿色飞机待机_0010.png","Assets/Game/Sprites/ColorTiming/Hero/Sequences/Plane/Idle/英雄_飞机_待机_绿色_0010.png",""
"Move","55fbd20383a93f04f8711059b2492862","Assets/Game/Sprites/ColorTiming/Hero/Sequence/feiji/daiji/绿色飞机待机_0011.png","Assets/Game/Sprites/ColorTiming/Hero/Sequences/Plane/Idle/英雄_飞机_待机_绿色_0011.png",""
"Move","f889f73b52648da45b0f8972a5b49e7b","Assets/Game/Sprites/ColorTiming/Hero/Sequence/feiji/gongji/gongji_feiji_chen.anim","Assets/Game/Sprites/ColorTiming/Hero/Sequences/Plane/Attack/Hero_Plane_Attack_Orange.anim",""
"Move","7aef8cd8c2a76134ea42c5ee787560db","Assets/Game/Sprites/ColorTiming/Hero/Sequence/feiji/gongji/gongji_feiji_hong.anim","Assets/Game/Sprites/ColorTiming/Hero/Sequences/Plane/Attack/Hero_Plane_Attack_Red.anim",""
"Move","35d1ecc1cf85fbc4ca7406d9cdf025d4","Assets/Game/Sprites/ColorTiming/Hero/Sequence/feiji/gongji/gongji_feiji_lv.anim","Assets/Game/Sprites/ColorTiming/Hero/Sequences/Plane/Attack/Hero_Plane_Attack_Green.anim",""
"Move","a6557c83e9f86c14698e28fa3836f445","Assets/Game/Sprites/ColorTiming/Hero/Sequence/feiji/gongji/gongji_feiji_zi.anim","Assets/Game/Sprites/ColorTiming/Hero/Sequences/Plane/Attack/Hero_Plane_Attack_Purple.anim",""
"Move","9b2866e2c3b574b4bb5627933d146a92","Assets/Game/Sprites/ColorTiming/Hero/Sequence/feiji/gongji/橙色飞机投掷_0000.png","Assets/Game/Sprites/ColorTiming/Hero/Sequences/Plane/Attack/英雄_飞机_投掷_橙色_0000.png",""
"Move","10918bc9c97b0144b9fec9f96eeb0d12","Assets/Game/Sprites/ColorTiming/Hero/Sequence/feiji/gongji/橙色飞机投掷_0001.png","Assets/Game/Sprites/ColorTiming/Hero/Sequences/Plane/Attack/英雄_飞机_投掷_橙色_0001.png",""
"Move","1f88573f4a2803d4aad3c7916cb610c0","Assets/Game/Sprites/ColorTiming/Hero/Sequence/feiji/gongji/橙色飞机投掷_0002.png","Assets/Game/Sprites/ColorTiming/Hero/Sequences/Plane/Attack/英雄_飞机_投掷_橙色_0002.png",""
"Move","92cf788514eea994a9f842bc96f97283","Assets/Game/Sprites/ColorTiming/Hero/Sequence/feiji/gongji/橙色飞机投掷_0003.png","Assets/Game/Sprites/ColorTiming/Hero/Sequences/Plane/Attack/英雄_飞机_投掷_橙色_0003.png",""
"Move","7240f20ddc527cc4ea494083561573a4","Assets/Game/Sprites/ColorTiming/Hero/Sequence/feiji/gongji/橙色飞机投掷_0004.png","Assets/Game/Sprites/ColorTiming/Hero/Sequences/Plane/Attack/英雄_飞机_投掷_橙色_0004.png",""
"Move","f3995cdacb0cf7648926543f76a05e24","Assets/Game/Sprites/ColorTiming/Hero/Sequence/feiji/gongji/橙色飞机投掷_0005.png","Assets/Game/Sprites/ColorTiming/Hero/Sequences/Plane/Attack/英雄_飞机_投掷_橙色_0005.png",""
"Move","17ef33577a97e00499c50c8de9fa54c1","Assets/Game/Sprites/ColorTiming/Hero/Sequence/feiji/gongji/橙色飞机投掷_0006.png","Assets/Game/Sprites/ColorTiming/Hero/Sequences/Plane/Attack/英雄_飞机_投掷_橙色_0006.png",""
"Move","e09953211b012cc4e8ffa9ba65d9031f","Assets/Game/Sprites/ColorTiming/Hero/Sequence/feiji/gongji/橙色飞机投掷_0007.png","Assets/Game/Sprites/ColorTiming/Hero/Sequences/Plane/Attack/英雄_飞机_投掷_橙色_0007.png",""
"Move","09cadb0d75a54904896945ca87df01ad","Assets/Game/Sprites/ColorTiming/Hero/Sequence/feiji/gongji/橙色飞机投掷_0008.png","Assets/Game/Sprites/ColorTiming/Hero/Sequences/Plane/Attack/英雄_飞机_投掷_橙色_0008.png",""
"Move","2cfa94da9a420c244ac5da8a42f76fe3","Assets/Game/Sprites/ColorTiming/Hero/Sequence/feiji/gongji/橙色飞机投掷_0009.png","Assets/Game/Sprites/ColorTiming/Hero/Sequences/Plane/Attack/英雄_飞机_投掷_橙色_0009.png",""
"Move","2b3ae8aa7f020e64a98ef1cd610b850a","Assets/Game/Sprites/ColorTiming/Hero/Sequence/feiji/gongji/橙色飞机投掷_0010.png","Assets/Game/Sprites/ColorTiming/Hero/Sequences/Plane/Attack/英雄_飞机_投掷_橙色_0010.png",""
"Move","fed84f003c94f1441a5f08aa68fac439","Assets/Game/Sprites/ColorTiming/Hero/Sequence/feiji/gongji/橙色飞机投掷_0011.png","Assets/Game/Sprites/ColorTiming/Hero/Sequences/Plane/Attack/英雄_飞机_投掷_橙色_0011.png",""
"Move","5f95b21409b90f4499182e779a168317","Assets/Game/Sprites/ColorTiming/Hero/Sequence/feiji/gongji/橙色飞机投掷_0012.png","Assets/Game/Sprites/ColorTiming/Hero/Sequences/Plane/Attack/英雄_飞机_投掷_橙色_0012.png",""
"Move","56a9cb7f2929dee4da390e9a90416b6b","Assets/Game/Sprites/ColorTiming/Hero/Sequence/feiji/gongji/橙色飞机投掷_0013.png","Assets/Game/Sprites/ColorTiming/Hero/Sequences/Plane/Attack/英雄_飞机_投掷_橙色_0013.png",""
"Move","086dc331343618444b71fb1a1c11e843","Assets/Game/Sprites/ColorTiming/Hero/Sequence/feiji/gongji/橙色飞机投掷_0014.png","Assets/Game/Sprites/ColorTiming/Hero/Sequences/Plane/Attack/英雄_飞机_投掷_橙色_0014.png",""
"Move","e49cc9868ec947249b7356a37f4e7d97","Assets/Game/Sprites/ColorTiming/Hero/Sequence/feiji/gongji/橙色飞机投掷_0015.png","Assets/Game/Sprites/ColorTiming/Hero/Sequences/Plane/Attack/英雄_飞机_投掷_橙色_0015.png",""
"Move","9efa8c0b5f8ce3140a43ec6fce2e366e","Assets/Game/Sprites/ColorTiming/Hero/Sequence/feiji/gongji/橙色飞机投掷_0016.png","Assets/Game/Sprites/ColorTiming/Hero/Sequences/Plane/Attack/英雄_飞机_投掷_橙色_0016.png",""
"Move","1b12e80021bc25c4a82ce0887d0b712f","Assets/Game/Sprites/ColorTiming/Hero/Sequence/feiji/gongji/橙色飞机投掷_0017.png","Assets/Game/Sprites/ColorTiming/Hero/Sequences/Plane/Attack/英雄_飞机_投掷_橙色_0017.png",""
"Move","3ddd1cc0ab9a83e4982a2266d7548788","Assets/Game/Sprites/ColorTiming/Hero/Sequence/feiji/gongji/紫色飞机投掷_0000.png","Assets/Game/Sprites/ColorTiming/Hero/Sequences/Plane/Attack/英雄_飞机_投掷_紫色_0000.png",""
"Move","a46056b6c911d5446b2436a8b70658c7","Assets/Game/Sprites/ColorTiming/Hero/Sequence/feiji/gongji/紫色飞机投掷_0001.png","Assets/Game/Sprites/ColorTiming/Hero/Sequences/Plane/Attack/英雄_飞机_投掷_紫色_0001.png",""
"Move","022ed382acaf39344a7bcc3c896dabed","Assets/Game/Sprites/ColorTiming/Hero/Sequence/feiji/gongji/紫色飞机投掷_0002.png","Assets/Game/Sprites/ColorTiming/Hero/Sequences/Plane/Attack/英雄_飞机_投掷_紫色_0002.png",""
"Move","72dc78dc8bb3c224fbde560b9c4b62fb","Assets/Game/Sprites/ColorTiming/Hero/Sequence/feiji/gongji/紫色飞机投掷_0003.png","Assets/Game/Sprites/ColorTiming/Hero/Sequences/Plane/Attack/英雄_飞机_投掷_紫色_0003.png",""
"Move","3f82d5c4864dcf747b97be5d7760d2f4","Assets/Game/Sprites/ColorTiming/Hero/Sequence/feiji/gongji/紫色飞机投掷_0004.png","Assets/Game/Sprites/ColorTiming/Hero/Sequences/Plane/Attack/英雄_飞机_投掷_紫色_0004.png",""
"Move","01e9fafd2866c584bb8632a160b8a18a","Assets/Game/Sprites/ColorTiming/Hero/Sequence/feiji/gongji/紫色飞机投掷_0005.png","Assets/Game/Sprites/ColorTiming/Hero/Sequences/Plane/Attack/英雄_飞机_投掷_紫色_0005.png",""
"Move","c54adf96e9b27614d98ab8b53a7ccf55","Assets/Game/Sprites/ColorTiming/Hero/Sequence/feiji/gongji/紫色飞机投掷_0006.png","Assets/Game/Sprites/ColorTiming/Hero/Sequences/Plane/Attack/英雄_飞机_投掷_紫色_0006.png",""
"Move","767abc36fdadfd548b3b4698dd30fe08","Assets/Game/Sprites/ColorTiming/Hero/Sequence/feiji/gongji/紫色飞机投掷_0007.png","Assets/Game/Sprites/ColorTiming/Hero/Sequences/Plane/Attack/英雄_飞机_投掷_紫色_0007.png",""
"Move","477d3d223b3490d45861fce91d88d70d","Assets/Game/Sprites/ColorTiming/Hero/Sequence/feiji/gongji/紫色飞机投掷_0008.png","Assets/Game/Sprites/ColorTiming/Hero/Sequences/Plane/Attack/英雄_飞机_投掷_紫色_0008.png",""
"Move","3ca6ab84ed8430f498b66e9b5aadd13b","Assets/Game/Sprites/ColorTiming/Hero/Sequence/feiji/gongji/紫色飞机投掷_0009.png","Assets/Game/Sprites/ColorTiming/Hero/Sequences/Plane/Attack/英雄_飞机_投掷_紫色_0009.png",""
"Move","37d49c8721b4c9144a7690c7665c0efc","Assets/Game/Sprites/ColorTiming/Hero/Sequence/feiji/gongji/紫色飞机投掷_0010.png","Assets/Game/Sprites/ColorTiming/Hero/Sequences/Plane/Attack/英雄_飞机_投掷_紫色_0010.png",""
"Move","2e3b687503712bf40adcf733542a46f2","Assets/Game/Sprites/ColorTiming/Hero/Sequence/feiji/gongji/紫色飞机投掷_0011.png","Assets/Game/Sprites/ColorTiming/Hero/Sequences/Plane/Attack/英雄_飞机_投掷_紫色_0011.png",""
"Move","d1b56b660f58f1a40abb6663dd5d2c48","Assets/Game/Sprites/ColorTiming/Hero/Sequence/feiji/gongji/紫色飞机投掷_0012.png","Assets/Game/Sprites/ColorTiming/Hero/Sequences/Plane/Attack/英雄_飞机_投掷_紫色_0012.png",""
"Move","5258232706babf34b8ae347fc2f11e33","Assets/Game/Sprites/ColorTiming/Hero/Sequence/feiji/gongji/紫色飞机投掷_0013.png","Assets/Game/Sprites/ColorTiming/Hero/Sequences/Plane/Attack/英雄_飞机_投掷_紫色_0013.png",""
"Move","d2a66a92da6b435468967a96207fc704","Assets/Game/Sprites/ColorTiming/Hero/Sequence/feiji/gongji/紫色飞机投掷_0014.png","Assets/Game/Sprites/ColorTiming/Hero/Sequences/Plane/Attack/英雄_飞机_投掷_紫色_0014.png",""
"Move","0e0e62b40f209e94d99fe34b32ebd7f3","Assets/Game/Sprites/ColorTiming/Hero/Sequence/feiji/gongji/紫色飞机投掷_0015.png","Assets/Game/Sprites/ColorTiming/Hero/Sequences/Plane/Attack/英雄_飞机_投掷_紫色_0015.png",""
"Move","43f162bb3afc6824195f3eb09ffcb57a","Assets/Game/Sprites/ColorTiming/Hero/Sequence/feiji/gongji/紫色飞机投掷_0016.png","Assets/Game/Sprites/ColorTiming/Hero/Sequences/Plane/Attack/英雄_飞机_投掷_紫色_0016.png",""
"Move","0bda04fcd2ed91148bdaa49044a5954c","Assets/Game/Sprites/ColorTiming/Hero/Sequence/feiji/gongji/紫色飞机投掷_0017.png","Assets/Game/Sprites/ColorTiming/Hero/Sequences/Plane/Attack/英雄_飞机_投掷_紫色_0017.png",""
"Move","fdf7b57c72bb67147be2f8bdc2026ec1","Assets/Game/Sprites/ColorTiming/Hero/Sequence/feiji/gongji/红色飞机投掷_0000.png","Assets/Game/Sprites/ColorTiming/Hero/Sequences/Plane/Attack/英雄_飞机_投掷_红色_0000.png",""
"Move","4cc9d4be80225fe44a8007d5ff04b919","Assets/Game/Sprites/ColorTiming/Hero/Sequence/feiji/gongji/红色飞机投掷_0001.png","Assets/Game/Sprites/ColorTiming/Hero/Sequences/Plane/Attack/英雄_飞机_投掷_红色_0001.png",""
"Move","6a5a7f487dde2204693d0a7428a46feb","Assets/Game/Sprites/ColorTiming/Hero/Sequence/feiji/gongji/红色飞机投掷_0002.png","Assets/Game/Sprites/ColorTiming/Hero/Sequences/Plane/Attack/英雄_飞机_投掷_红色_0002.png",""
"Move","667c1a07447756e4087eddce423f9356","Assets/Game/Sprites/ColorTiming/Hero/Sequence/feiji/gongji/红色飞机投掷_0003.png","Assets/Game/Sprites/ColorTiming/Hero/Sequences/Plane/Attack/英雄_飞机_投掷_红色_0003.png",""
"Move","cdf08a11b91b3724a93d66a4b8dcff76","Assets/Game/Sprites/ColorTiming/Hero/Sequence/feiji/gongji/红色飞机投掷_0004.png","Assets/Game/Sprites/ColorTiming/Hero/Sequences/Plane/Attack/英雄_飞机_投掷_红色_0004.png",""
"Move","b73e450110ec29844914eb4457085ebd","Assets/Game/Sprites/ColorTiming/Hero/Sequence/feiji/gongji/红色飞机投掷_0005.png","Assets/Game/Sprites/ColorTiming/Hero/Sequences/Plane/Attack/英雄_飞机_投掷_红色_0005.png",""
"Move","e8ba7a4f16c65fe40b2c2c95ec7df64e","Assets/Game/Sprites/ColorTiming/Hero/Sequence/feiji/gongji/红色飞机投掷_0006.png","Assets/Game/Sprites/ColorTiming/Hero/Sequences/Plane/Attack/英雄_飞机_投掷_红色_0006.png",""
"Move","c08daa7e1aa386047a45b125dcd3e875","Assets/Game/Sprites/ColorTiming/Hero/Sequence/feiji/gongji/红色飞机投掷_0007.png","Assets/Game/Sprites/ColorTiming/Hero/Sequences/Plane/Attack/英雄_飞机_投掷_红色_0007.png",""
"Move","1294eaa746c84b4409ba7ece97ba686e","Assets/Game/Sprites/ColorTiming/Hero/Sequence/feiji/gongji/红色飞机投掷_0008.png","Assets/Game/Sprites/ColorTiming/Hero/Sequences/Plane/Attack/英雄_飞机_投掷_红色_0008.png",""
"Move","f424226d4a395f044831968795b189d2","Assets/Game/Sprites/ColorTiming/Hero/Sequence/feiji/gongji/红色飞机投掷_0009.png","Assets/Game/Sprites/ColorTiming/Hero/Sequences/Plane/Attack/英雄_飞机_投掷_红色_0009.png",""
"Move","14d6a725c64cad04bb8d68450bd51212","Assets/Game/Sprites/ColorTiming/Hero/Sequence/feiji/gongji/红色飞机投掷_0010.png","Assets/Game/Sprites/ColorTiming/Hero/Sequences/Plane/Attack/英雄_飞机_投掷_红色_0010.png",""
"Move","f4204bf4a71ce0444be94920c3fc3c95","Assets/Game/Sprites/ColorTiming/Hero/Sequence/feiji/gongji/红色飞机投掷_0011.png","Assets/Game/Sprites/ColorTiming/Hero/Sequences/Plane/Attack/英雄_飞机_投掷_红色_0011.png",""
"Move","8bc803f3a4658dc4f81352eb21dce505","Assets/Game/Sprites/ColorTiming/Hero/Sequence/feiji/gongji/红色飞机投掷_0012.png","Assets/Game/Sprites/ColorTiming/Hero/Sequences/Plane/Attack/英雄_飞机_投掷_红色_0012.png",""
"Move","e65a3beff601b424d8e4bda90523c1e4","Assets/Game/Sprites/ColorTiming/Hero/Sequence/feiji/gongji/红色飞机投掷_0013.png","Assets/Game/Sprites/ColorTiming/Hero/Sequences/Plane/Attack/英雄_飞机_投掷_红色_0013.png",""
"Move","f01cc01e4d671c842ab4a655df19d743","Assets/Game/Sprites/ColorTiming/Hero/Sequence/feiji/gongji/红色飞机投掷_0014.png","Assets/Game/Sprites/ColorTiming/Hero/Sequences/Plane/Attack/英雄_飞机_投掷_红色_0014.png",""
"Move","19a7070d32465974ea5d80d21c6793d0","Assets/Game/Sprites/ColorTiming/Hero/Sequence/feiji/gongji/红色飞机投掷_0015.png","Assets/Game/Sprites/ColorTiming/Hero/Sequences/Plane/Attack/英雄_飞机_投掷_红色_0015.png",""
"Move","c80b5ffb4ad30c743ab2fc86933dbd7f","Assets/Game/Sprites/ColorTiming/Hero/Sequence/feiji/gongji/红色飞机投掷_0016.png","Assets/Game/Sprites/ColorTiming/Hero/Sequences/Plane/Attack/英雄_飞机_投掷_红色_0016.png",""
"Move","10afb60fe98f288418499049347372de","Assets/Game/Sprites/ColorTiming/Hero/Sequence/feiji/gongji/红色飞机投掷_0017.png","Assets/Game/Sprites/ColorTiming/Hero/Sequences/Plane/Attack/英雄_飞机_投掷_红色_0017.png",""
"Move","72034998c6880944590ba3056546cc55","Assets/Game/Sprites/ColorTiming/Hero/Sequence/feiji/gongji/绿色飞机投掷_0000.png","Assets/Game/Sprites/ColorTiming/Hero/Sequences/Plane/Attack/英雄_飞机_投掷_绿色_0000.png",""
"Move","f7af8d3181e137b47927756ded8441fa","Assets/Game/Sprites/ColorTiming/Hero/Sequence/feiji/gongji/绿色飞机投掷_0001.png","Assets/Game/Sprites/ColorTiming/Hero/Sequences/Plane/Attack/英雄_飞机_投掷_绿色_0001.png",""
"Move","b78942fe17c5d3548baa1526efdbdb25","Assets/Game/Sprites/ColorTiming/Hero/Sequence/feiji/gongji/绿色飞机投掷_0002.png","Assets/Game/Sprites/ColorTiming/Hero/Sequences/Plane/Attack/英雄_飞机_投掷_绿色_0002.png",""
"Move","2b46c2b544a3fa84e9a869365a79a090","Assets/Game/Sprites/ColorTiming/Hero/Sequence/feiji/gongji/绿色飞机投掷_0003.png","Assets/Game/Sprites/ColorTiming/Hero/Sequences/Plane/Attack/英雄_飞机_投掷_绿色_0003.png",""
"Move","e086e8a3f4aa0a944a312466599486b0","Assets/Game/Sprites/ColorTiming/Hero/Sequence/feiji/gongji/绿色飞机投掷_0004.png","Assets/Game/Sprites/ColorTiming/Hero/Sequences/Plane/Attack/英雄_飞机_投掷_绿色_0004.png",""
"Move","7da6167ac809acc4b95a12609dddeda0","Assets/Game/Sprites/ColorTiming/Hero/Sequence/feiji/gongji/绿色飞机投掷_0005.png","Assets/Game/Sprites/ColorTiming/Hero/Sequences/Plane/Attack/英雄_飞机_投掷_绿色_0005.png",""
"Move","e662a81675c1ff34ab5ed841ea4acc69","Assets/Game/Sprites/ColorTiming/Hero/Sequence/feiji/gongji/绿色飞机投掷_0006.png","Assets/Game/Sprites/ColorTiming/Hero/Sequences/Plane/Attack/英雄_飞机_投掷_绿色_0006.png",""
"Move","0d6bbaa4349480249ac63c34f07aff8c","Assets/Game/Sprites/ColorTiming/Hero/Sequence/feiji/gongji/绿色飞机投掷_0007.png","Assets/Game/Sprites/ColorTiming/Hero/Sequences/Plane/Attack/英雄_飞机_投掷_绿色_0007.png",""
"Move","db7c7d00d92b32f4aa1a7d8aa7ec5b3f","Assets/Game/Sprites/ColorTiming/Hero/Sequence/feiji/gongji/绿色飞机投掷_0008.png","Assets/Game/Sprites/ColorTiming/Hero/Sequences/Plane/Attack/英雄_飞机_投掷_绿色_0008.png",""
"Move","10e76958608ed9342be19169d186ff0c","Assets/Game/Sprites/ColorTiming/Hero/Sequence/feiji/gongji/绿色飞机投掷_0009.png","Assets/Game/Sprites/ColorTiming/Hero/Sequences/Plane/Attack/英雄_飞机_投掷_绿色_0009.png",""
"Move","90ab198fb3a84d7498a196d3efdbd016","Assets/Game/Sprites/ColorTiming/Hero/Sequence/feiji/gongji/绿色飞机投掷_0010.png","Assets/Game/Sprites/ColorTiming/Hero/Sequences/Plane/Attack/英雄_飞机_投掷_绿色_0010.png",""
"Move","6a55f8c2824b525449bfcf87cb480cb2","Assets/Game/Sprites/ColorTiming/Hero/Sequence/feiji/gongji/绿色飞机投掷_0011.png","Assets/Game/Sprites/ColorTiming/Hero/Sequences/Plane/Attack/英雄_飞机_投掷_绿色_0011.png",""
"Move","e683d38852d61fb40a8c8b8120a8e479","Assets/Game/Sprites/ColorTiming/Hero/Sequence/feiji/gongji/绿色飞机投掷_0012.png","Assets/Game/Sprites/ColorTiming/Hero/Sequences/Plane/Attack/英雄_飞机_投掷_绿色_0012.png",""
"Move","32287876de2b810428b600b9934e8395","Assets/Game/Sprites/ColorTiming/Hero/Sequence/feiji/gongji/绿色飞机投掷_0013.png","Assets/Game/Sprites/ColorTiming/Hero/Sequences/Plane/Attack/英雄_飞机_投掷_绿色_0013.png",""
"Move","7489f2443eb87334bab5d9f2c682a525","Assets/Game/Sprites/ColorTiming/Hero/Sequence/feiji/gongji/绿色飞机投掷_0014.png","Assets/Game/Sprites/ColorTiming/Hero/Sequences/Plane/Attack/英雄_飞机_投掷_绿色_0014.png",""
"Move","e472a5f8619cf4a46850ffe2d021083b","Assets/Game/Sprites/ColorTiming/Hero/Sequence/feiji/gongji/绿色飞机投掷_0015.png","Assets/Game/Sprites/ColorTiming/Hero/Sequences/Plane/Attack/英雄_飞机_投掷_绿色_0015.png",""
"Move","363d9b2d3bf03304da360b203344a091","Assets/Game/Sprites/ColorTiming/Hero/Sequence/feiji/gongji/绿色飞机投掷_0016.png","Assets/Game/Sprites/ColorTiming/Hero/Sequences/Plane/Attack/英雄_飞机_投掷_绿色_0016.png",""
"Move","3e9a7c130936e3d4cbef734cc35c94fe","Assets/Game/Sprites/ColorTiming/Hero/Sequence/feiji/gongji/绿色飞机投掷_0017.png","Assets/Game/Sprites/ColorTiming/Hero/Sequences/Plane/Attack/英雄_飞机_投掷_绿色_0017.png",""
"Move","dfc0a005fe75c474a919dd7ab2bb1949","Assets/Game/Sprites/ColorTiming/Hero/Sequence/feiji/qi_feiji.anim","Assets/Game/Sprites/ColorTiming/Hero/Sequences/Plane/Hero_Plane_GetUp.anim",""
"Move","078ee69004fa8f541a8cad063f49f774","Assets/Game/Sprites/ColorTiming/Hero/Sequence/feiji/skill/feiji.controller","Assets/Game/Sprites/ColorTiming/Hero/Sequences/Plane/Skill/Hero_Plane_Skill.controller",""
"Move","2f4b18a3cc3f22b429d79a9d3fa8c51e","Assets/Game/Sprites/ColorTiming/Hero/Sequence/feiji/skill/feiji_chen 1.anim","Assets/Game/Sprites/ColorTiming/Hero/Sequences/Plane/Skill/Hero_Plane_Explosion_Orange.anim",""
"Move","158fe6c2cd70e81409182ff1776a3cf1","Assets/Game/Sprites/ColorTiming/Hero/Sequence/feiji/skill/feiji_chen.anim","Assets/Game/Sprites/ColorTiming/Hero/Sequences/Plane/Skill/Hero_Plane_Airborne_Orange.anim",""
"Move","8e6dda5463960f94b8857f50cc409cca","Assets/Game/Sprites/ColorTiming/Hero/Sequence/feiji/skill/feiji_hong 1.anim","Assets/Game/Sprites/ColorTiming/Hero/Sequences/Plane/Skill/Hero_Plane_Explosion_Red.anim",""
"Move","63bbc674c4e200e4e95a73f01169c7ed","Assets/Game/Sprites/ColorTiming/Hero/Sequence/feiji/skill/feiji_hong.anim","Assets/Game/Sprites/ColorTiming/Hero/Sequences/Plane/Skill/Hero_Plane_Airborne_Red.anim",""
"Move","941c8b36c1537f74e967390d29af807f","Assets/Game/Sprites/ColorTiming/Hero/Sequence/feiji/skill/feiji_lv 1.anim","Assets/Game/Sprites/ColorTiming/Hero/Sequences/Plane/Skill/Hero_Plane_Explosion_Green.anim",""
"Move","a1333ecb27f5c4d4f885456c6447d7e9","Assets/Game/Sprites/ColorTiming/Hero/Sequence/feiji/skill/feiji_lv.anim","Assets/Game/Sprites/ColorTiming/Hero/Sequences/Plane/Skill/Hero_Plane_Airborne_Green.anim",""
"Move","fc5a845d4a029ed4098c16600c84b22b","Assets/Game/Sprites/ColorTiming/Hero/Sequence/feiji/skill/feiji_zi 1.anim","Assets/Game/Sprites/ColorTiming/Hero/Sequences/Plane/Skill/Hero_Plane_Explosion_Purple.anim",""
"Move","c3a2d2eba09d9c540b44961a37f2814d","Assets/Game/Sprites/ColorTiming/Hero/Sequence/feiji/skill/feiji_zi.anim","Assets/Game/Sprites/ColorTiming/Hero/Sequences/Plane/Skill/Hero_Plane_Airborne_Purple.anim",""
"Move","56d0aed0f7abe2142b0301f4631cd984","Assets/Game/Sprites/ColorTiming/Hero/Sequence/feiji/skill/橙色飞机爆炸_0000.png","Assets/Game/Sprites/ColorTiming/Hero/Sequences/Plane/Skill/英雄_飞机_爆炸_橙色_0000.png",""
"Move","e0f4d44f86c56fb43808df76c995aabd","Assets/Game/Sprites/ColorTiming/Hero/Sequence/feiji/skill/橙色飞机爆炸_0001.png","Assets/Game/Sprites/ColorTiming/Hero/Sequences/Plane/Skill/英雄_飞机_爆炸_橙色_0001.png",""
"Move","8aaf24a13928a21468a3e1aa5d10b83e","Assets/Game/Sprites/ColorTiming/Hero/Sequence/feiji/skill/橙色飞机爆炸_0002.png","Assets/Game/Sprites/ColorTiming/Hero/Sequences/Plane/Skill/英雄_飞机_爆炸_橙色_0002.png",""
"Move","3dae0abd5be45ba4e8e7811b01d78c0d","Assets/Game/Sprites/ColorTiming/Hero/Sequence/feiji/skill/橙色飞机爆炸_0003.png","Assets/Game/Sprites/ColorTiming/Hero/Sequences/Plane/Skill/英雄_飞机_爆炸_橙色_0003.png",""
"Move","3e731bd4654c523419a785589a50de82","Assets/Game/Sprites/ColorTiming/Hero/Sequence/feiji/skill/橙色飞机爆炸_0004.png","Assets/Game/Sprites/ColorTiming/Hero/Sequences/Plane/Skill/英雄_飞机_爆炸_橙色_0004.png",""
"Move","eafb19b78c09b294990cc6629747e490","Assets/Game/Sprites/ColorTiming/Hero/Sequence/feiji/skill/橙色飞机爆炸_0005.png","Assets/Game/Sprites/ColorTiming/Hero/Sequences/Plane/Skill/英雄_飞机_爆炸_橙色_0005.png",""
"Move","04836df7a9b8e324f9cb322570cfb1fd","Assets/Game/Sprites/ColorTiming/Hero/Sequence/feiji/skill/橙色飞机爆炸_0006.png","Assets/Game/Sprites/ColorTiming/Hero/Sequences/Plane/Skill/英雄_飞机_爆炸_橙色_0006.png",""
"Move","32e24265dd4986243a404dccb8d238fd","Assets/Game/Sprites/ColorTiming/Hero/Sequence/feiji/skill/橙色飞机爆炸_0007.png","Assets/Game/Sprites/ColorTiming/Hero/Sequences/Plane/Skill/英雄_飞机_爆炸_橙色_0007.png",""
"Move","c3dc28b29e7c5c94e98931fc1d127abd","Assets/Game/Sprites/ColorTiming/Hero/Sequence/feiji/skill/橙色飞机爆炸_0008.png","Assets/Game/Sprites/ColorTiming/Hero/Sequences/Plane/Skill/英雄_飞机_爆炸_橙色_0008.png",""
"Move","076cd7c5f6f7ee84e84bda7193f9f830","Assets/Game/Sprites/ColorTiming/Hero/Sequence/feiji/skill/橙色飞机爆炸_0009.png","Assets/Game/Sprites/ColorTiming/Hero/Sequences/Plane/Skill/英雄_飞机_爆炸_橙色_0009.png",""
"Move","82658092ca8f00a468ae21680632bb5d","Assets/Game/Sprites/ColorTiming/Hero/Sequence/feiji/skill/橙色飞机爆炸_0010.png","Assets/Game/Sprites/ColorTiming/Hero/Sequences/Plane/Skill/英雄_飞机_爆炸_橙色_0010.png",""
"Move","c10cd188a5a45b84c9224cc1caed8c4d","Assets/Game/Sprites/ColorTiming/Hero/Sequence/feiji/skill/橙色飞机爆炸_0011.png","Assets/Game/Sprites/ColorTiming/Hero/Sequences/Plane/Skill/英雄_飞机_爆炸_橙色_0011.png",""
"Move","c99047d50504f444999ff2fcf25f9321","Assets/Game/Sprites/ColorTiming/Hero/Sequence/feiji/skill/橙色飞机爆炸_0012.png","Assets/Game/Sprites/ColorTiming/Hero/Sequences/Plane/Skill/英雄_飞机_爆炸_橙色_0012.png",""
"Move","f194ec465243f7b48b6d52eb23baeddc","Assets/Game/Sprites/ColorTiming/Hero/Sequence/feiji/skill/橙色飞机爆炸_0013.png","Assets/Game/Sprites/ColorTiming/Hero/Sequences/Plane/Skill/英雄_飞机_爆炸_橙色_0013.png",""
"Move","cd909c1e1461e4b42ac0cd34e8cb5690","Assets/Game/Sprites/ColorTiming/Hero/Sequence/feiji/skill/橙色飞机爆炸_0014.png","Assets/Game/Sprites/ColorTiming/Hero/Sequences/Plane/Skill/英雄_飞机_爆炸_橙色_0014.png",""
"Move","ea024657e3db6d54e9f6a82e9d2c020d","Assets/Game/Sprites/ColorTiming/Hero/Sequence/feiji/skill/橙色飞机爆炸_0015.png","Assets/Game/Sprites/ColorTiming/Hero/Sequences/Plane/Skill/英雄_飞机_爆炸_橙色_0015.png",""
"Move","6282fa6856c629e40adaea659ce3f1d7","Assets/Game/Sprites/ColorTiming/Hero/Sequence/feiji/skill/橙色飞机爆炸_0016.png","Assets/Game/Sprites/ColorTiming/Hero/Sequences/Plane/Skill/英雄_飞机_爆炸_橙色_0016.png",""
"Move","dce6b9c104a60ae4a828cabe5e423a6c","Assets/Game/Sprites/ColorTiming/Hero/Sequence/feiji/skill/橙色飞机爆炸_0017.png","Assets/Game/Sprites/ColorTiming/Hero/Sequences/Plane/Skill/英雄_飞机_爆炸_橙色_0017.png",""
"Move","58349537e49edce448b66f708c9119a8","Assets/Game/Sprites/ColorTiming/Hero/Sequence/feiji/skill/橙色飞机爆炸_0018.png","Assets/Game/Sprites/ColorTiming/Hero/Sequences/Plane/Skill/英雄_飞机_爆炸_橙色_0018.png",""
"Move","e200fcd4d7dd18b4ea47a1dec39853ef","Assets/Game/Sprites/ColorTiming/Hero/Sequence/feiji/skill/橙色飞机爆炸_0019.png","Assets/Game/Sprites/ColorTiming/Hero/Sequences/Plane/Skill/英雄_飞机_爆炸_橙色_0019.png",""
"Move","87068978fc426af48b6a5ec5298b9f11","Assets/Game/Sprites/ColorTiming/Hero/Sequence/feiji/skill/橙色飞机爆炸_0020.png","Assets/Game/Sprites/ColorTiming/Hero/Sequences/Plane/Skill/英雄_飞机_爆炸_橙色_0020.png",""
"Move","31f7a755cdf7531449f785059eed7aa9","Assets/Game/Sprites/ColorTiming/Hero/Sequence/feiji/skill/橙色飞机爆炸_0021.png","Assets/Game/Sprites/ColorTiming/Hero/Sequences/Plane/Skill/英雄_飞机_爆炸_橙色_0021.png",""
"Move","e494cefd26bfbff4db178b0effec86ea","Assets/Game/Sprites/ColorTiming/Hero/Sequence/feiji/skill/橙色飞机爆炸_0022.png","Assets/Game/Sprites/ColorTiming/Hero/Sequences/Plane/Skill/英雄_飞机_爆炸_橙色_0022.png",""
"Move","b143e31a9666d1544890bcca461774b1","Assets/Game/Sprites/ColorTiming/Hero/Sequence/feiji/skill/橙色飞机爆炸_0023.png","Assets/Game/Sprites/ColorTiming/Hero/Sequences/Plane/Skill/英雄_飞机_爆炸_橙色_0023.png",""
"Move","6b83e5ae3638ced4c87767601aa052dc","Assets/Game/Sprites/ColorTiming/Hero/Sequence/feiji/skill/橙色飞机（空中）_0000.png","Assets/Game/Sprites/ColorTiming/Hero/Sequences/Plane/Skill/英雄_飞机_空中_橙色_0000.png",""
"Move","cd9e7472eb00e2d4ea7f77b2b20440ad","Assets/Game/Sprites/ColorTiming/Hero/Sequence/feiji/skill/橙色飞机（空中）_0001.png","Assets/Game/Sprites/ColorTiming/Hero/Sequences/Plane/Skill/英雄_飞机_空中_橙色_0001.png",""
"Move","8d857b61b19aae24cb8171a7c2935d65","Assets/Game/Sprites/ColorTiming/Hero/Sequence/feiji/skill/橙色飞机（空中）_0002.png","Assets/Game/Sprites/ColorTiming/Hero/Sequences/Plane/Skill/英雄_飞机_空中_橙色_0002.png",""
"Move","00b46d6b5c4fd634397f87245cf42e60","Assets/Game/Sprites/ColorTiming/Hero/Sequence/feiji/skill/橙色飞机（空中）_0003.png","Assets/Game/Sprites/ColorTiming/Hero/Sequences/Plane/Skill/英雄_飞机_空中_橙色_0003.png",""
"Move","d98fa0b5956e8b740828529444ce7dfb","Assets/Game/Sprites/ColorTiming/Hero/Sequence/feiji/skill/紫色飞机爆炸_0000.png","Assets/Game/Sprites/ColorTiming/Hero/Sequences/Plane/Skill/英雄_飞机_爆炸_紫色_0000.png",""
"Move","444922ab3d58cf34e8c76e6366082b43","Assets/Game/Sprites/ColorTiming/Hero/Sequence/feiji/skill/紫色飞机爆炸_0001.png","Assets/Game/Sprites/ColorTiming/Hero/Sequences/Plane/Skill/英雄_飞机_爆炸_紫色_0001.png",""
"Move","61e3a00b9f7cebe46885a9bf2364383b","Assets/Game/Sprites/ColorTiming/Hero/Sequence/feiji/skill/紫色飞机爆炸_0002.png","Assets/Game/Sprites/ColorTiming/Hero/Sequences/Plane/Skill/英雄_飞机_爆炸_紫色_0002.png",""
"Move","55e541ff671df474d8055173c0954f18","Assets/Game/Sprites/ColorTiming/Hero/Sequence/feiji/skill/紫色飞机爆炸_0003.png","Assets/Game/Sprites/ColorTiming/Hero/Sequences/Plane/Skill/英雄_飞机_爆炸_紫色_0003.png",""
"Move","eb74f735d7602fa4d995b1223626003f","Assets/Game/Sprites/ColorTiming/Hero/Sequence/feiji/skill/紫色飞机爆炸_0004.png","Assets/Game/Sprites/ColorTiming/Hero/Sequences/Plane/Skill/英雄_飞机_爆炸_紫色_0004.png",""
"Move","81d29992a2b4fa240848d88d2d4e9e28","Assets/Game/Sprites/ColorTiming/Hero/Sequence/feiji/skill/紫色飞机爆炸_0005.png","Assets/Game/Sprites/ColorTiming/Hero/Sequences/Plane/Skill/英雄_飞机_爆炸_紫色_0005.png",""
"Move","51a9432f93af7cd4eba20eb552aa2f27","Assets/Game/Sprites/ColorTiming/Hero/Sequence/feiji/skill/紫色飞机爆炸_0006.png","Assets/Game/Sprites/ColorTiming/Hero/Sequences/Plane/Skill/英雄_飞机_爆炸_紫色_0006.png",""
"Move","9bd08c3d64bacc849a7bcd74f79065b4","Assets/Game/Sprites/ColorTiming/Hero/Sequence/feiji/skill/紫色飞机爆炸_0007.png","Assets/Game/Sprites/ColorTiming/Hero/Sequences/Plane/Skill/英雄_飞机_爆炸_紫色_0007.png",""
"Move","ebd7510435fca71499a861bfc9f003b2","Assets/Game/Sprites/ColorTiming/Hero/Sequence/feiji/skill/紫色飞机爆炸_0008.png","Assets/Game/Sprites/ColorTiming/Hero/Sequences/Plane/Skill/英雄_飞机_爆炸_紫色_0008.png",""
"Move","c06eac6ea19a5a54b81372e864ca5579","Assets/Game/Sprites/ColorTiming/Hero/Sequence/feiji/skill/紫色飞机爆炸_0009.png","Assets/Game/Sprites/ColorTiming/Hero/Sequences/Plane/Skill/英雄_飞机_爆炸_紫色_0009.png",""
"Move","a71283744eaec5d4a9c994d813b2d60e","Assets/Game/Sprites/ColorTiming/Hero/Sequence/feiji/skill/紫色飞机爆炸_0010.png","Assets/Game/Sprites/ColorTiming/Hero/Sequences/Plane/Skill/英雄_飞机_爆炸_紫色_0010.png",""
"Move","22fb84e491ac1cb4383ab0f94276aeb3","Assets/Game/Sprites/ColorTiming/Hero/Sequence/feiji/skill/紫色飞机爆炸_0011.png","Assets/Game/Sprites/ColorTiming/Hero/Sequences/Plane/Skill/英雄_飞机_爆炸_紫色_0011.png",""
"Move","e0395aaa726b29645bc006d6b6bf7695","Assets/Game/Sprites/ColorTiming/Hero/Sequence/feiji/skill/紫色飞机爆炸_0012.png","Assets/Game/Sprites/ColorTiming/Hero/Sequences/Plane/Skill/英雄_飞机_爆炸_紫色_0012.png",""
"Move","4fcfa5ba0c0a61d458d262e6f7a7701e","Assets/Game/Sprites/ColorTiming/Hero/Sequence/feiji/skill/紫色飞机爆炸_0013.png","Assets/Game/Sprites/ColorTiming/Hero/Sequences/Plane/Skill/英雄_飞机_爆炸_紫色_0013.png",""
"Move","81ac836b3a63f934783583a80a18f90e","Assets/Game/Sprites/ColorTiming/Hero/Sequence/feiji/skill/紫色飞机爆炸_0014.png","Assets/Game/Sprites/ColorTiming/Hero/Sequences/Plane/Skill/英雄_飞机_爆炸_紫色_0014.png",""
"Move","1df63a3e67b70004ab0116f71dbc301f","Assets/Game/Sprites/ColorTiming/Hero/Sequence/feiji/skill/紫色飞机爆炸_0015.png","Assets/Game/Sprites/ColorTiming/Hero/Sequences/Plane/Skill/英雄_飞机_爆炸_紫色_0015.png",""
"Move","e57a52cb23d88534d8b0c5c2b8adc6f3","Assets/Game/Sprites/ColorTiming/Hero/Sequence/feiji/skill/紫色飞机爆炸_0016.png","Assets/Game/Sprites/ColorTiming/Hero/Sequences/Plane/Skill/英雄_飞机_爆炸_紫色_0016.png",""
"Move","ae5d48465036c47448bb9453d2e5b954","Assets/Game/Sprites/ColorTiming/Hero/Sequence/feiji/skill/紫色飞机爆炸_0017.png","Assets/Game/Sprites/ColorTiming/Hero/Sequences/Plane/Skill/英雄_飞机_爆炸_紫色_0017.png",""
"Move","9b1924af12a24524aa354c3e104a4b24","Assets/Game/Sprites/ColorTiming/Hero/Sequence/feiji/skill/紫色飞机爆炸_0018.png","Assets/Game/Sprites/ColorTiming/Hero/Sequences/Plane/Skill/英雄_飞机_爆炸_紫色_0018.png",""
"Move","a942fcd66e2291e4da964c449dfb16f1","Assets/Game/Sprites/ColorTiming/Hero/Sequence/feiji/skill/紫色飞机爆炸_0019.png","Assets/Game/Sprites/ColorTiming/Hero/Sequences/Plane/Skill/英雄_飞机_爆炸_紫色_0019.png",""
"Move","2be68ec31c7cd864790d7fb67612b50d","Assets/Game/Sprites/ColorTiming/Hero/Sequence/feiji/skill/紫色飞机爆炸_0020.png","Assets/Game/Sprites/ColorTiming/Hero/Sequences/Plane/Skill/英雄_飞机_爆炸_紫色_0020.png",""
"Move","bc0e5d7363d41ba41a560cdf2f4b44e9","Assets/Game/Sprites/ColorTiming/Hero/Sequence/feiji/skill/紫色飞机爆炸_0021.png","Assets/Game/Sprites/ColorTiming/Hero/Sequences/Plane/Skill/英雄_飞机_爆炸_紫色_0021.png",""
"Move","932d49a9f989f3f4bb4c214eed4fc931","Assets/Game/Sprites/ColorTiming/Hero/Sequence/feiji/skill/紫色飞机爆炸_0022.png","Assets/Game/Sprites/ColorTiming/Hero/Sequences/Plane/Skill/英雄_飞机_爆炸_紫色_0022.png",""
"Move","09374c7c45672f44e913146159aae708","Assets/Game/Sprites/ColorTiming/Hero/Sequence/feiji/skill/紫色飞机爆炸_0023.png","Assets/Game/Sprites/ColorTiming/Hero/Sequences/Plane/Skill/英雄_飞机_爆炸_紫色_0023.png",""
"Move","7a996d73838379c418d2ab1be737fc2c","Assets/Game/Sprites/ColorTiming/Hero/Sequence/feiji/skill/紫色飞机（空中）_0000.png","Assets/Game/Sprites/ColorTiming/Hero/Sequences/Plane/Skill/英雄_飞机_空中_紫色_0000.png",""
"Move","be29a86498d1df1449e04c8f641e5fc8","Assets/Game/Sprites/ColorTiming/Hero/Sequence/feiji/skill/紫色飞机（空中）_0001.png","Assets/Game/Sprites/ColorTiming/Hero/Sequences/Plane/Skill/英雄_飞机_空中_紫色_0001.png",""
"Move","e5de8e8e2493aa2448d300d70cc15baa","Assets/Game/Sprites/ColorTiming/Hero/Sequence/feiji/skill/紫色飞机（空中）_0002.png","Assets/Game/Sprites/ColorTiming/Hero/Sequences/Plane/Skill/英雄_飞机_空中_紫色_0002.png",""
"Move","754cece7ee76e274e90c1a75f37f1141","Assets/Game/Sprites/ColorTiming/Hero/Sequence/feiji/skill/紫色飞机（空中）_0003.png","Assets/Game/Sprites/ColorTiming/Hero/Sequences/Plane/Skill/英雄_飞机_空中_紫色_0003.png",""
"Move","1fe6f857a64a98749ae628671962365a","Assets/Game/Sprites/ColorTiming/Hero/Sequence/feiji/skill/红色飞机爆炸_0000.png","Assets/Game/Sprites/ColorTiming/Hero/Sequences/Plane/Skill/英雄_飞机_爆炸_红色_0000.png",""
"Move","95ed30c6b48abc94d94bb5b2774e677c","Assets/Game/Sprites/ColorTiming/Hero/Sequence/feiji/skill/红色飞机爆炸_0001.png","Assets/Game/Sprites/ColorTiming/Hero/Sequences/Plane/Skill/英雄_飞机_爆炸_红色_0001.png",""
"Move","ef0f822453eb67d42b08b98e55b9765d","Assets/Game/Sprites/ColorTiming/Hero/Sequence/feiji/skill/红色飞机爆炸_0002.png","Assets/Game/Sprites/ColorTiming/Hero/Sequences/Plane/Skill/英雄_飞机_爆炸_红色_0002.png",""
"Move","01e60e194fa864b44ad7f98b3dd857e8","Assets/Game/Sprites/ColorTiming/Hero/Sequence/feiji/skill/红色飞机爆炸_0003.png","Assets/Game/Sprites/ColorTiming/Hero/Sequences/Plane/Skill/英雄_飞机_爆炸_红色_0003.png",""
"Move","beb5f1da1dfdc194b8329138d69a2a02","Assets/Game/Sprites/ColorTiming/Hero/Sequence/feiji/skill/红色飞机爆炸_0004.png","Assets/Game/Sprites/ColorTiming/Hero/Sequences/Plane/Skill/英雄_飞机_爆炸_红色_0004.png",""
"Move","1d3e603a12453584f858a1ea5d4ee3b2","Assets/Game/Sprites/ColorTiming/Hero/Sequence/feiji/skill/红色飞机爆炸_0005.png","Assets/Game/Sprites/ColorTiming/Hero/Sequences/Plane/Skill/英雄_飞机_爆炸_红色_0005.png",""
"Move","a670496f071b1af4dbb96fb3cd8f58a0","Assets/Game/Sprites/ColorTiming/Hero/Sequence/feiji/skill/红色飞机爆炸_0006.png","Assets/Game/Sprites/ColorTiming/Hero/Sequences/Plane/Skill/英雄_飞机_爆炸_红色_0006.png",""
"Move","2fdbf842fda950949a7ecd46468ac958","Assets/Game/Sprites/ColorTiming/Hero/Sequence/feiji/skill/红色飞机爆炸_0007.png","Assets/Game/Sprites/ColorTiming/Hero/Sequences/Plane/Skill/英雄_飞机_爆炸_红色_0007.png",""
"Move","8d3333a9a6715394681fb078174f454d","Assets/Game/Sprites/ColorTiming/Hero/Sequence/feiji/skill/红色飞机爆炸_0008.png","Assets/Game/Sprites/ColorTiming/Hero/Sequences/Plane/Skill/英雄_飞机_爆炸_红色_0008.png",""
"Move","ed4bdd7dbb3e90844850a4e38e5be667","Assets/Game/Sprites/ColorTiming/Hero/Sequence/feiji/skill/红色飞机爆炸_0009.png","Assets/Game/Sprites/ColorTiming/Hero/Sequences/Plane/Skill/英雄_飞机_爆炸_红色_0009.png",""
"Move","80fa569267da61b4987b48b5b3f75408","Assets/Game/Sprites/ColorTiming/Hero/Sequence/feiji/skill/红色飞机爆炸_0010.png","Assets/Game/Sprites/ColorTiming/Hero/Sequences/Plane/Skill/英雄_飞机_爆炸_红色_0010.png",""
"Move","a47beb9c4a4fa1f4db46bbfdc043664e","Assets/Game/Sprites/ColorTiming/Hero/Sequence/feiji/skill/红色飞机爆炸_0011.png","Assets/Game/Sprites/ColorTiming/Hero/Sequences/Plane/Skill/英雄_飞机_爆炸_红色_0011.png",""
"Move","1f00161f2b2712d42a1b9d2b9ac34d1a","Assets/Game/Sprites/ColorTiming/Hero/Sequence/feiji/skill/红色飞机爆炸_0012.png","Assets/Game/Sprites/ColorTiming/Hero/Sequences/Plane/Skill/英雄_飞机_爆炸_红色_0012.png",""
"Move","b950f28686f4cb846ab5f80f71dce7d6","Assets/Game/Sprites/ColorTiming/Hero/Sequence/feiji/skill/红色飞机爆炸_0013.png","Assets/Game/Sprites/ColorTiming/Hero/Sequences/Plane/Skill/英雄_飞机_爆炸_红色_0013.png",""
"Move","731249e29c3613e489636b53567971df","Assets/Game/Sprites/ColorTiming/Hero/Sequence/feiji/skill/红色飞机爆炸_0014.png","Assets/Game/Sprites/ColorTiming/Hero/Sequences/Plane/Skill/英雄_飞机_爆炸_红色_0014.png",""
"Move","4af0ec8a381d3ed46931977acd7ba703","Assets/Game/Sprites/ColorTiming/Hero/Sequence/feiji/skill/红色飞机爆炸_0015.png","Assets/Game/Sprites/ColorTiming/Hero/Sequences/Plane/Skill/英雄_飞机_爆炸_红色_0015.png",""
"Move","4e7bd6039bff1804aa9493c5a2aa90a0","Assets/Game/Sprites/ColorTiming/Hero/Sequence/feiji/skill/红色飞机爆炸_0016.png","Assets/Game/Sprites/ColorTiming/Hero/Sequences/Plane/Skill/英雄_飞机_爆炸_红色_0016.png",""
"Move","3df1048e85c59c1409f2e18c60dabdeb","Assets/Game/Sprites/ColorTiming/Hero/Sequence/feiji/skill/红色飞机爆炸_0017.png","Assets/Game/Sprites/ColorTiming/Hero/Sequences/Plane/Skill/英雄_飞机_爆炸_红色_0017.png",""
"Move","8675f5d093be496449c8dbcded3dd827","Assets/Game/Sprites/ColorTiming/Hero/Sequence/feiji/skill/红色飞机爆炸_0018.png","Assets/Game/Sprites/ColorTiming/Hero/Sequences/Plane/Skill/英雄_飞机_爆炸_红色_0018.png",""
"Move","a7d2f0d7b2e4d764e99af43928c6f494","Assets/Game/Sprites/ColorTiming/Hero/Sequence/feiji/skill/红色飞机爆炸_0019.png","Assets/Game/Sprites/ColorTiming/Hero/Sequences/Plane/Skill/英雄_飞机_爆炸_红色_0019.png",""
"Move","47a8159969e9b674384cf014f337c938","Assets/Game/Sprites/ColorTiming/Hero/Sequence/feiji/skill/红色飞机爆炸_0020.png","Assets/Game/Sprites/ColorTiming/Hero/Sequences/Plane/Skill/英雄_飞机_爆炸_红色_0020.png",""
"Move","8e9c7d269ca2a144c99795049da40d2c","Assets/Game/Sprites/ColorTiming/Hero/Sequence/feiji/skill/红色飞机爆炸_0021.png","Assets/Game/Sprites/ColorTiming/Hero/Sequences/Plane/Skill/英雄_飞机_爆炸_红色_0021.png",""
"Move","64b15fd15b2ae6342ab1f02240272ebf","Assets/Game/Sprites/ColorTiming/Hero/Sequence/feiji/skill/红色飞机爆炸_0022.png","Assets/Game/Sprites/ColorTiming/Hero/Sequences/Plane/Skill/英雄_飞机_爆炸_红色_0022.png",""
"Move","bf9acae19a2db98419ceef3332232864","Assets/Game/Sprites/ColorTiming/Hero/Sequence/feiji/skill/红色飞机爆炸_0023.png","Assets/Game/Sprites/ColorTiming/Hero/Sequences/Plane/Skill/英雄_飞机_爆炸_红色_0023.png",""
"Move","8665d5d7aec955249ab4268c010eefba","Assets/Game/Sprites/ColorTiming/Hero/Sequence/feiji/skill/红色飞机（空中）_0000.png","Assets/Game/Sprites/ColorTiming/Hero/Sequences/Plane/Skill/英雄_飞机_空中_红色_0000.png",""
"Move","071d35c9231d89643a51692dfb27d07e","Assets/Game/Sprites/ColorTiming/Hero/Sequence/feiji/skill/红色飞机（空中）_0001.png","Assets/Game/Sprites/ColorTiming/Hero/Sequences/Plane/Skill/英雄_飞机_空中_红色_0001.png",""
"Move","bb3776b0cee9cdb4e9f1bcb074d1aef8","Assets/Game/Sprites/ColorTiming/Hero/Sequence/feiji/skill/红色飞机（空中）_0002.png","Assets/Game/Sprites/ColorTiming/Hero/Sequences/Plane/Skill/英雄_飞机_空中_红色_0002.png",""
"Move","8f16fe4992776fb429bef606fe363f70","Assets/Game/Sprites/ColorTiming/Hero/Sequence/feiji/skill/红色飞机（空中）_0003.png","Assets/Game/Sprites/ColorTiming/Hero/Sequences/Plane/Skill/英雄_飞机_空中_红色_0003.png",""
"Move","9247e9655071dbf408eaea6321f5ac5b","Assets/Game/Sprites/ColorTiming/Hero/Sequence/feiji/skill/绿色飞机爆炸_0000.png","Assets/Game/Sprites/ColorTiming/Hero/Sequences/Plane/Skill/英雄_飞机_爆炸_绿色_0000.png",""
"Move","ba1ef91d43cbb2e4baaf1d9da8ef9885","Assets/Game/Sprites/ColorTiming/Hero/Sequence/feiji/skill/绿色飞机爆炸_0001.png","Assets/Game/Sprites/ColorTiming/Hero/Sequences/Plane/Skill/英雄_飞机_爆炸_绿色_0001.png",""
"Move","d2c5ae1552e9b8f47888e51b1d24a15f","Assets/Game/Sprites/ColorTiming/Hero/Sequence/feiji/skill/绿色飞机爆炸_0002.png","Assets/Game/Sprites/ColorTiming/Hero/Sequences/Plane/Skill/英雄_飞机_爆炸_绿色_0002.png",""
"Move","953f913339b744742bd32f3eaba02880","Assets/Game/Sprites/ColorTiming/Hero/Sequence/feiji/skill/绿色飞机爆炸_0003.png","Assets/Game/Sprites/ColorTiming/Hero/Sequences/Plane/Skill/英雄_飞机_爆炸_绿色_0003.png",""
"Move","c17625672bd734341b82ced21837b576","Assets/Game/Sprites/ColorTiming/Hero/Sequence/feiji/skill/绿色飞机爆炸_0004.png","Assets/Game/Sprites/ColorTiming/Hero/Sequences/Plane/Skill/英雄_飞机_爆炸_绿色_0004.png",""
"Move","7616190a8d03a424a8b8a05666e65e54","Assets/Game/Sprites/ColorTiming/Hero/Sequence/feiji/skill/绿色飞机爆炸_0005.png","Assets/Game/Sprites/ColorTiming/Hero/Sequences/Plane/Skill/英雄_飞机_爆炸_绿色_0005.png",""
"Move","32058607bcd763b48b4ec347f8cd577c","Assets/Game/Sprites/ColorTiming/Hero/Sequence/feiji/skill/绿色飞机爆炸_0006.png","Assets/Game/Sprites/ColorTiming/Hero/Sequences/Plane/Skill/英雄_飞机_爆炸_绿色_0006.png",""
"Move","4abe97677ed91ab40905d914b486d260","Assets/Game/Sprites/ColorTiming/Hero/Sequence/feiji/skill/绿色飞机爆炸_0007.png","Assets/Game/Sprites/ColorTiming/Hero/Sequences/Plane/Skill/英雄_飞机_爆炸_绿色_0007.png",""
"Move","6344489072f245441be9b7732320bb85","Assets/Game/Sprites/ColorTiming/Hero/Sequence/feiji/skill/绿色飞机爆炸_0008.png","Assets/Game/Sprites/ColorTiming/Hero/Sequences/Plane/Skill/英雄_飞机_爆炸_绿色_0008.png",""
"Move","32dfdd7fe61f0fd4fbef77a167ccbb7d","Assets/Game/Sprites/ColorTiming/Hero/Sequence/feiji/skill/绿色飞机爆炸_0009.png","Assets/Game/Sprites/ColorTiming/Hero/Sequences/Plane/Skill/英雄_飞机_爆炸_绿色_0009.png",""
"Move","609f075108834cd4badda0ce0375feee","Assets/Game/Sprites/ColorTiming/Hero/Sequence/feiji/skill/绿色飞机爆炸_0010.png","Assets/Game/Sprites/ColorTiming/Hero/Sequences/Plane/Skill/英雄_飞机_爆炸_绿色_0010.png",""
"Move","e4a9d4078bbe56e47b7e9809b4a626a3","Assets/Game/Sprites/ColorTiming/Hero/Sequence/feiji/skill/绿色飞机爆炸_0011.png","Assets/Game/Sprites/ColorTiming/Hero/Sequences/Plane/Skill/英雄_飞机_爆炸_绿色_0011.png",""
"Move","c0f88fddca6eea044b3029e3e1d49bdb","Assets/Game/Sprites/ColorTiming/Hero/Sequence/feiji/skill/绿色飞机爆炸_0012.png","Assets/Game/Sprites/ColorTiming/Hero/Sequences/Plane/Skill/英雄_飞机_爆炸_绿色_0012.png",""
"Move","43be04fe0423a7e4dbc37014a2b2915b","Assets/Game/Sprites/ColorTiming/Hero/Sequence/feiji/skill/绿色飞机爆炸_0013.png","Assets/Game/Sprites/ColorTiming/Hero/Sequences/Plane/Skill/英雄_飞机_爆炸_绿色_0013.png",""
"Move","5a5b1f730be0f1342a0a12bd9c0e040a","Assets/Game/Sprites/ColorTiming/Hero/Sequence/feiji/skill/绿色飞机爆炸_0014.png","Assets/Game/Sprites/ColorTiming/Hero/Sequences/Plane/Skill/英雄_飞机_爆炸_绿色_0014.png",""
"Move","df1027e8ef5b40c4a931be9091f966ee","Assets/Game/Sprites/ColorTiming/Hero/Sequence/feiji/skill/绿色飞机爆炸_0015.png","Assets/Game/Sprites/ColorTiming/Hero/Sequences/Plane/Skill/英雄_飞机_爆炸_绿色_0015.png",""
"Move","8d3a864633587314fbfb1cb1f4843cdf","Assets/Game/Sprites/ColorTiming/Hero/Sequence/feiji/skill/绿色飞机爆炸_0016.png","Assets/Game/Sprites/ColorTiming/Hero/Sequences/Plane/Skill/英雄_飞机_爆炸_绿色_0016.png",""
"Move","a3211f667028e5147aa8bf1792bf054a","Assets/Game/Sprites/ColorTiming/Hero/Sequence/feiji/skill/绿色飞机爆炸_0017.png","Assets/Game/Sprites/ColorTiming/Hero/Sequences/Plane/Skill/英雄_飞机_爆炸_绿色_0017.png",""
"Move","eafc66e32e514784eb2bba0092559529","Assets/Game/Sprites/ColorTiming/Hero/Sequence/feiji/skill/绿色飞机爆炸_0018.png","Assets/Game/Sprites/ColorTiming/Hero/Sequences/Plane/Skill/英雄_飞机_爆炸_绿色_0018.png",""
"Move","cc1d16c320d3aed4ebd0330aab196895","Assets/Game/Sprites/ColorTiming/Hero/Sequence/feiji/skill/绿色飞机爆炸_0019.png","Assets/Game/Sprites/ColorTiming/Hero/Sequences/Plane/Skill/英雄_飞机_爆炸_绿色_0019.png",""
"Move","9f2b68dc7f6f2fc4185d6f0d26bdb86b","Assets/Game/Sprites/ColorTiming/Hero/Sequence/feiji/skill/绿色飞机爆炸_0020.png","Assets/Game/Sprites/ColorTiming/Hero/Sequences/Plane/Skill/英雄_飞机_爆炸_绿色_0020.png",""
"Move","854518a28b6778b4399202e4eb669392","Assets/Game/Sprites/ColorTiming/Hero/Sequence/feiji/skill/绿色飞机爆炸_0021.png","Assets/Game/Sprites/ColorTiming/Hero/Sequences/Plane/Skill/英雄_飞机_爆炸_绿色_0021.png",""
"Move","54d0ead7e8c62f94c9c8dc1ab797cce9","Assets/Game/Sprites/ColorTiming/Hero/Sequence/feiji/skill/绿色飞机爆炸_0022.png","Assets/Game/Sprites/ColorTiming/Hero/Sequences/Plane/Skill/英雄_飞机_爆炸_绿色_0022.png",""
"Move","1e4f7c34360cfee4a9ec27674a7fa45f","Assets/Game/Sprites/ColorTiming/Hero/Sequence/feiji/skill/绿色飞机爆炸_0023.png","Assets/Game/Sprites/ColorTiming/Hero/Sequences/Plane/Skill/英雄_飞机_爆炸_绿色_0023.png",""
"Move","fc7894e719ba23544ac8b167e8c685f7","Assets/Game/Sprites/ColorTiming/Hero/Sequence/feiji/skill/绿色飞机（空中）_0000.png","Assets/Game/Sprites/ColorTiming/Hero/Sequences/Plane/Skill/英雄_飞机_空中_绿色_0000.png",""
"Move","67e62d4f393b08f4081b10a64f0b9ba1","Assets/Game/Sprites/ColorTiming/Hero/Sequence/feiji/skill/绿色飞机（空中）_0001.png","Assets/Game/Sprites/ColorTiming/Hero/Sequences/Plane/Skill/英雄_飞机_空中_绿色_0001.png",""
"Move","52d4fb630bd74e64a9bc6973494d5a25","Assets/Game/Sprites/ColorTiming/Hero/Sequence/feiji/skill/绿色飞机（空中）_0002.png","Assets/Game/Sprites/ColorTiming/Hero/Sequences/Plane/Skill/英雄_飞机_空中_绿色_0002.png",""
"Move","9aa384fc36cc47349b33516acdd817ce","Assets/Game/Sprites/ColorTiming/Hero/Sequence/feiji/skill/绿色飞机（空中）_0003.png","Assets/Game/Sprites/ColorTiming/Hero/Sequences/Plane/Skill/英雄_飞机_空中_绿色_0003.png",""
"Move","b3b711c13e6dbf344a5e80c947a7714d","Assets/Game/Sprites/ColorTiming/Hero/Sequence/feiji/yidong/yidong_feiji_chen.anim","Assets/Game/Sprites/ColorTiming/Hero/Sequences/Plane/Move/Hero_Plane_Move_Orange.anim",""
"Move","a26f012e8139309459f29e9d470839b9","Assets/Game/Sprites/ColorTiming/Hero/Sequence/feiji/yidong/yidong_feiji_hong.anim","Assets/Game/Sprites/ColorTiming/Hero/Sequences/Plane/Move/Hero_Plane_Move_Red.anim",""
"Move","aae2c8c7f2260af42b32b1b00f297668","Assets/Game/Sprites/ColorTiming/Hero/Sequence/feiji/yidong/yidong_feiji_lv.anim","Assets/Game/Sprites/ColorTiming/Hero/Sequences/Plane/Move/Hero_Plane_Move_Green.anim",""
"Move","cb08947fde136024c9fa429212b77a40","Assets/Game/Sprites/ColorTiming/Hero/Sequence/feiji/yidong/yidong_feiji_zi.anim","Assets/Game/Sprites/ColorTiming/Hero/Sequences/Plane/Move/Hero_Plane_Move_Purple.anim",""
"Move","11406a956f8f04746bc8e3142f6cf893","Assets/Game/Sprites/ColorTiming/Hero/Sequence/feiji/yidong/橙色飞机移动_0000.png","Assets/Game/Sprites/ColorTiming/Hero/Sequences/Plane/Move/英雄_飞机_移动_橙色_0000.png",""
"Move","5a2cc681a643b5745aab5d635a753cf0","Assets/Game/Sprites/ColorTiming/Hero/Sequence/feiji/yidong/橙色飞机移动_0001.png","Assets/Game/Sprites/ColorTiming/Hero/Sequences/Plane/Move/英雄_飞机_移动_橙色_0001.png",""
"Move","bdf397db9fc54024fa148f7a2a596e3e","Assets/Game/Sprites/ColorTiming/Hero/Sequence/feiji/yidong/橙色飞机移动_0002.png","Assets/Game/Sprites/ColorTiming/Hero/Sequences/Plane/Move/英雄_飞机_移动_橙色_0002.png",""
"Move","c844ce226a49a1e47af235e8eb02a871","Assets/Game/Sprites/ColorTiming/Hero/Sequence/feiji/yidong/橙色飞机移动_0003.png","Assets/Game/Sprites/ColorTiming/Hero/Sequences/Plane/Move/英雄_飞机_移动_橙色_0003.png",""
"Move","9663485bd10a2cf4da6a71f14e884f9c","Assets/Game/Sprites/ColorTiming/Hero/Sequence/feiji/yidong/橙色飞机移动_0004.png","Assets/Game/Sprites/ColorTiming/Hero/Sequences/Plane/Move/英雄_飞机_移动_橙色_0004.png",""
"Move","10b972efa79f03947b4e612f08b25fd6","Assets/Game/Sprites/ColorTiming/Hero/Sequence/feiji/yidong/橙色飞机移动_0005.png","Assets/Game/Sprites/ColorTiming/Hero/Sequences/Plane/Move/英雄_飞机_移动_橙色_0005.png",""
"Move","2c191c6c57baaae49b7e00e22b283c0b","Assets/Game/Sprites/ColorTiming/Hero/Sequence/feiji/yidong/紫色飞机移动_0000.png","Assets/Game/Sprites/ColorTiming/Hero/Sequences/Plane/Move/英雄_飞机_移动_紫色_0000.png",""
"Move","6039ddd5c4cfd5843a34dd50fecaf2e9","Assets/Game/Sprites/ColorTiming/Hero/Sequence/feiji/yidong/紫色飞机移动_0001.png","Assets/Game/Sprites/ColorTiming/Hero/Sequences/Plane/Move/英雄_飞机_移动_紫色_0001.png",""
"Move","e7d42597cdd95654eba02a83e502c714","Assets/Game/Sprites/ColorTiming/Hero/Sequence/feiji/yidong/紫色飞机移动_0002.png","Assets/Game/Sprites/ColorTiming/Hero/Sequences/Plane/Move/英雄_飞机_移动_紫色_0002.png",""
"Move","133003715a558a94bbacd678e189fb99","Assets/Game/Sprites/ColorTiming/Hero/Sequence/feiji/yidong/紫色飞机移动_0003.png","Assets/Game/Sprites/ColorTiming/Hero/Sequences/Plane/Move/英雄_飞机_移动_紫色_0003.png",""
"Move","15e447f375cebe3499ed40ab0165cd87","Assets/Game/Sprites/ColorTiming/Hero/Sequence/feiji/yidong/紫色飞机移动_0004.png","Assets/Game/Sprites/ColorTiming/Hero/Sequences/Plane/Move/英雄_飞机_移动_紫色_0004.png",""
"Move","39da194c963ee964bab745ded05231a8","Assets/Game/Sprites/ColorTiming/Hero/Sequence/feiji/yidong/紫色飞机移动_0005.png","Assets/Game/Sprites/ColorTiming/Hero/Sequences/Plane/Move/英雄_飞机_移动_紫色_0005.png",""
"Move","f8b19daf80915ba40916453110c7bbb8","Assets/Game/Sprites/ColorTiming/Hero/Sequence/feiji/yidong/红色飞机移动_0000.png","Assets/Game/Sprites/ColorTiming/Hero/Sequences/Plane/Move/英雄_飞机_移动_红色_0000.png",""
"Move","93b8ef557ce6f8942b545bada85445c8","Assets/Game/Sprites/ColorTiming/Hero/Sequence/feiji/yidong/红色飞机移动_0001.png","Assets/Game/Sprites/ColorTiming/Hero/Sequences/Plane/Move/英雄_飞机_移动_红色_0001.png",""
"Move","7b3dd21827a54ee419923a88e699ab10","Assets/Game/Sprites/ColorTiming/Hero/Sequence/feiji/yidong/红色飞机移动_0002.png","Assets/Game/Sprites/ColorTiming/Hero/Sequences/Plane/Move/英雄_飞机_移动_红色_0002.png",""
"Move","8ded08c3ff9144a48bf85bf3e91dc35b","Assets/Game/Sprites/ColorTiming/Hero/Sequence/feiji/yidong/红色飞机移动_0003.png","Assets/Game/Sprites/ColorTiming/Hero/Sequences/Plane/Move/英雄_飞机_移动_红色_0003.png",""
"Move","71deb051c8a9468448da438f7eb51342","Assets/Game/Sprites/ColorTiming/Hero/Sequence/feiji/yidong/红色飞机移动_0004.png","Assets/Game/Sprites/ColorTiming/Hero/Sequences/Plane/Move/英雄_飞机_移动_红色_0004.png",""
"Move","b94cac4c65eeaa14ab3ba34250042e3b","Assets/Game/Sprites/ColorTiming/Hero/Sequence/feiji/yidong/红色飞机移动_0005.png","Assets/Game/Sprites/ColorTiming/Hero/Sequences/Plane/Move/英雄_飞机_移动_红色_0005.png",""
"Move","efdaf06a59b066243acec347ee4bbfcf","Assets/Game/Sprites/ColorTiming/Hero/Sequence/feiji/yidong/绿色飞机移动_0000.png","Assets/Game/Sprites/ColorTiming/Hero/Sequences/Plane/Move/英雄_飞机_移动_绿色_0000.png",""
"Move","f021746ae0eeb5d4cad52a84ec5a95a6","Assets/Game/Sprites/ColorTiming/Hero/Sequence/feiji/yidong/绿色飞机移动_0001.png","Assets/Game/Sprites/ColorTiming/Hero/Sequences/Plane/Move/英雄_飞机_移动_绿色_0001.png",""
"Move","dbf6c1b7d3c0ac741bf3250c3334be63","Assets/Game/Sprites/ColorTiming/Hero/Sequence/feiji/yidong/绿色飞机移动_0002.png","Assets/Game/Sprites/ColorTiming/Hero/Sequences/Plane/Move/英雄_飞机_移动_绿色_0002.png",""
"Move","a68a4abbb8d323940933bb0d96041339","Assets/Game/Sprites/ColorTiming/Hero/Sequence/feiji/yidong/绿色飞机移动_0003.png","Assets/Game/Sprites/ColorTiming/Hero/Sequences/Plane/Move/英雄_飞机_移动_绿色_0003.png",""
"Move","eee197e64f8e6914cb526923645c4c24","Assets/Game/Sprites/ColorTiming/Hero/Sequence/feiji/yidong/绿色飞机移动_0004.png","Assets/Game/Sprites/ColorTiming/Hero/Sequences/Plane/Move/英雄_飞机_移动_绿色_0004.png",""
"Move","2b4cd24b45a938846bb6553896a7efc6","Assets/Game/Sprites/ColorTiming/Hero/Sequence/feiji/yidong/绿色飞机移动_0005.png","Assets/Game/Sprites/ColorTiming/Hero/Sequences/Plane/Move/英雄_飞机_移动_绿色_0005.png",""
"Move","c53b96515f9d281429cfdf135f16ac3d","Assets/Game/Sprites/ColorTiming/Hero/Sequence/feiji/摔倒后起身_0000.png","Assets/Game/Sprites/ColorTiming/Hero/Sequences/Plane/英雄_飞机_摔倒后起身_0000.png",""
"Move","17c476e67a4797e46993631afd3f2664","Assets/Game/Sprites/ColorTiming/Hero/Sequence/feiji/摔倒后起身_0001.png","Assets/Game/Sprites/ColorTiming/Hero/Sequences/Plane/英雄_飞机_摔倒后起身_0001.png",""
"Move","59f4ff1360a502b41a0c9049469fa17e","Assets/Game/Sprites/ColorTiming/Hero/Sequence/feiji/摔倒后起身_0002.png","Assets/Game/Sprites/ColorTiming/Hero/Sequences/Plane/英雄_飞机_摔倒后起身_0002.png",""
"Move","135ec53c1cf55ee40b334be64c69cc11","Assets/Game/Sprites/ColorTiming/Hero/Sequence/futou/daiji/daiji_futou_hong.anim","Assets/Game/Sprites/ColorTiming/Hero/Sequences/Axe/Idle/Hero_Axe_Idle_Red.anim",""
"Move","3b98b943ff530e141aa61c170d9b4a7e","Assets/Game/Sprites/ColorTiming/Hero/Sequence/futou/daiji/daiji_futou_lv.anim","Assets/Game/Sprites/ColorTiming/Hero/Sequences/Axe/Idle/Hero_Axe_Idle_Green.anim",""
"Move","3e6f18b060e51354e9185b12f0828936","Assets/Game/Sprites/ColorTiming/Hero/Sequence/futou/daiji/daiji_futoui_chen.anim","Assets/Game/Sprites/ColorTiming/Hero/Sequences/Axe/Idle/Hero_Axe_Idle_Orange.anim",""
"Move","32014e876f1a0b64486052f5b61feeb3","Assets/Game/Sprites/ColorTiming/Hero/Sequence/futou/daiji/daiji_futoui_zi.anim","Assets/Game/Sprites/ColorTiming/Hero/Sequences/Axe/Idle/Hero_Axe_Idle_Purple.anim",""
"Move","f54a873fc2bb48844a6503131c60688f","Assets/Game/Sprites/ColorTiming/Hero/Sequence/futou/daiji/橙色斧头待机_0000.png","Assets/Game/Sprites/ColorTiming/Hero/Sequences/Axe/Idle/英雄_斧头_待机_橙色_0000.png",""
"Move","8902b0f593bb1294eafe0b502a1e9834","Assets/Game/Sprites/ColorTiming/Hero/Sequence/futou/daiji/橙色斧头待机_0001.png","Assets/Game/Sprites/ColorTiming/Hero/Sequences/Axe/Idle/英雄_斧头_待机_橙色_0001.png",""
"Move","33f4cb0393491024d8ddc21fe68a1076","Assets/Game/Sprites/ColorTiming/Hero/Sequence/futou/daiji/橙色斧头待机_0002.png","Assets/Game/Sprites/ColorTiming/Hero/Sequences/Axe/Idle/英雄_斧头_待机_橙色_0002.png",""
"Move","b0a3c5e8e3d27994da9e3734db7c2d78","Assets/Game/Sprites/ColorTiming/Hero/Sequence/futou/daiji/橙色斧头待机_0003.png","Assets/Game/Sprites/ColorTiming/Hero/Sequences/Axe/Idle/英雄_斧头_待机_橙色_0003.png",""
"Move","4534467377bc0564da13a63134287ad3","Assets/Game/Sprites/ColorTiming/Hero/Sequence/futou/daiji/橙色斧头待机_0004.png","Assets/Game/Sprites/ColorTiming/Hero/Sequences/Axe/Idle/英雄_斧头_待机_橙色_0004.png",""
"Move","e5e0e6eba6c4fa24f92beb4886e2c57b","Assets/Game/Sprites/ColorTiming/Hero/Sequence/futou/daiji/橙色斧头待机_0005.png","Assets/Game/Sprites/ColorTiming/Hero/Sequences/Axe/Idle/英雄_斧头_待机_橙色_0005.png",""
"Move","3738d1e30a6aa5244832c27951cf27cb","Assets/Game/Sprites/ColorTiming/Hero/Sequence/futou/daiji/橙色斧头待机_0006.png","Assets/Game/Sprites/ColorTiming/Hero/Sequences/Axe/Idle/英雄_斧头_待机_橙色_0006.png",""
"Move","57d61fe27205f70458d5fd484040c74d","Assets/Game/Sprites/ColorTiming/Hero/Sequence/futou/daiji/橙色斧头待机_0007.png","Assets/Game/Sprites/ColorTiming/Hero/Sequences/Axe/Idle/英雄_斧头_待机_橙色_0007.png",""
"Move","b99c97bff7f3ba54d82ced06570b3a99","Assets/Game/Sprites/ColorTiming/Hero/Sequence/futou/daiji/橙色斧头待机_0008.png","Assets/Game/Sprites/ColorTiming/Hero/Sequences/Axe/Idle/英雄_斧头_待机_橙色_0008.png",""
"Move","a403c08dacda6ed4cb0e608e8ad2fc08","Assets/Game/Sprites/ColorTiming/Hero/Sequence/futou/daiji/橙色斧头待机_0009.png","Assets/Game/Sprites/ColorTiming/Hero/Sequences/Axe/Idle/英雄_斧头_待机_橙色_0009.png",""
"Move","6f16509d05c8a0549b0d0a2dbde35167","Assets/Game/Sprites/ColorTiming/Hero/Sequence/futou/daiji/橙色斧头待机_0010.png","Assets/Game/Sprites/ColorTiming/Hero/Sequences/Axe/Idle/英雄_斧头_待机_橙色_0010.png",""
"Move","1ea1f8c9e988999419a93de22384f368","Assets/Game/Sprites/ColorTiming/Hero/Sequence/futou/daiji/橙色斧头待机_0011.png","Assets/Game/Sprites/ColorTiming/Hero/Sequences/Axe/Idle/英雄_斧头_待机_橙色_0011.png",""
"Move","ab38d9c920c5f0846ad69c7c2fd24319","Assets/Game/Sprites/ColorTiming/Hero/Sequence/futou/daiji/紫色斧头待机_0000.png","Assets/Game/Sprites/ColorTiming/Hero/Sequences/Axe/Idle/英雄_斧头_待机_紫色_0000.png",""
"Move","87b2b9a575d32014db9cd1e41deccc91","Assets/Game/Sprites/ColorTiming/Hero/Sequence/futou/daiji/紫色斧头待机_0001.png","Assets/Game/Sprites/ColorTiming/Hero/Sequences/Axe/Idle/英雄_斧头_待机_紫色_0001.png",""
"Move","441366f13a49c8c40bf0c2d00b4fbb9e","Assets/Game/Sprites/ColorTiming/Hero/Sequence/futou/daiji/紫色斧头待机_0002.png","Assets/Game/Sprites/ColorTiming/Hero/Sequences/Axe/Idle/英雄_斧头_待机_紫色_0002.png",""
"Move","9f71d985a2474b64395d084210d32559","Assets/Game/Sprites/ColorTiming/Hero/Sequence/futou/daiji/紫色斧头待机_0003.png","Assets/Game/Sprites/ColorTiming/Hero/Sequences/Axe/Idle/英雄_斧头_待机_紫色_0003.png",""
"Move","a06c44670eaf153469ec60cbe4b171d0","Assets/Game/Sprites/ColorTiming/Hero/Sequence/futou/daiji/紫色斧头待机_0004.png","Assets/Game/Sprites/ColorTiming/Hero/Sequences/Axe/Idle/英雄_斧头_待机_紫色_0004.png",""
"Move","12e9223056dbca345b7f566f30576952","Assets/Game/Sprites/ColorTiming/Hero/Sequence/futou/daiji/紫色斧头待机_0005.png","Assets/Game/Sprites/ColorTiming/Hero/Sequences/Axe/Idle/英雄_斧头_待机_紫色_0005.png",""
"Move","555855c9301e31a47a7c7d660ef2338d","Assets/Game/Sprites/ColorTiming/Hero/Sequence/futou/daiji/紫色斧头待机_0006.png","Assets/Game/Sprites/ColorTiming/Hero/Sequences/Axe/Idle/英雄_斧头_待机_紫色_0006.png",""
"Move","460604d19730ecd4e9285f9b29836eb2","Assets/Game/Sprites/ColorTiming/Hero/Sequence/futou/daiji/紫色斧头待机_0007.png","Assets/Game/Sprites/ColorTiming/Hero/Sequences/Axe/Idle/英雄_斧头_待机_紫色_0007.png",""
"Move","be56c95415c9fb84f8250c6faea80add","Assets/Game/Sprites/ColorTiming/Hero/Sequence/futou/daiji/紫色斧头待机_0008.png","Assets/Game/Sprites/ColorTiming/Hero/Sequences/Axe/Idle/英雄_斧头_待机_紫色_0008.png",""
"Move","77f0893e4326572408b82a62142dd96c","Assets/Game/Sprites/ColorTiming/Hero/Sequence/futou/daiji/紫色斧头待机_0009.png","Assets/Game/Sprites/ColorTiming/Hero/Sequences/Axe/Idle/英雄_斧头_待机_紫色_0009.png",""
"Move","83f9da54eb97b994791e4daa790dfecf","Assets/Game/Sprites/ColorTiming/Hero/Sequence/futou/daiji/紫色斧头待机_0010.png","Assets/Game/Sprites/ColorTiming/Hero/Sequences/Axe/Idle/英雄_斧头_待机_紫色_0010.png",""
"Move","39313a90e95a0674f9565bc73168ac97","Assets/Game/Sprites/ColorTiming/Hero/Sequence/futou/daiji/紫色斧头待机_0011.png","Assets/Game/Sprites/ColorTiming/Hero/Sequences/Axe/Idle/英雄_斧头_待机_紫色_0011.png",""
"Move","938d22f21578a704c8b596c12664fe30","Assets/Game/Sprites/ColorTiming/Hero/Sequence/futou/daiji/红色斧头待机_0000.png","Assets/Game/Sprites/ColorTiming/Hero/Sequences/Axe/Idle/英雄_斧头_待机_红色_0000.png",""
"Move","9ab2a3e84ad8716458458787978794fe","Assets/Game/Sprites/ColorTiming/Hero/Sequence/futou/daiji/红色斧头待机_0001.png","Assets/Game/Sprites/ColorTiming/Hero/Sequences/Axe/Idle/英雄_斧头_待机_红色_0001.png",""
"Move","47059354470638242a84155d21253c52","Assets/Game/Sprites/ColorTiming/Hero/Sequence/futou/daiji/红色斧头待机_0002.png","Assets/Game/Sprites/ColorTiming/Hero/Sequences/Axe/Idle/英雄_斧头_待机_红色_0002.png",""
"Move","a63ab330f6d6de042a4be8b0724fd4ad","Assets/Game/Sprites/ColorTiming/Hero/Sequence/futou/daiji/红色斧头待机_0003.png","Assets/Game/Sprites/ColorTiming/Hero/Sequences/Axe/Idle/英雄_斧头_待机_红色_0003.png",""
"Move","c40b822cba28cb646a72ce57c95452a6","Assets/Game/Sprites/ColorTiming/Hero/Sequence/futou/daiji/红色斧头待机_0004.png","Assets/Game/Sprites/ColorTiming/Hero/Sequences/Axe/Idle/英雄_斧头_待机_红色_0004.png",""
"Move","dfc54d9f013104842ab9f03edc633f0e","Assets/Game/Sprites/ColorTiming/Hero/Sequence/futou/daiji/红色斧头待机_0005.png","Assets/Game/Sprites/ColorTiming/Hero/Sequences/Axe/Idle/英雄_斧头_待机_红色_0005.png",""
"Move","9aef1afddc2590347ae34adebf2c2f90","Assets/Game/Sprites/ColorTiming/Hero/Sequence/futou/daiji/红色斧头待机_0006.png","Assets/Game/Sprites/ColorTiming/Hero/Sequences/Axe/Idle/英雄_斧头_待机_红色_0006.png",""
"Move","bac87b1e3c6c35e4e9d5200af916e68a","Assets/Game/Sprites/ColorTiming/Hero/Sequence/futou/daiji/红色斧头待机_0007.png","Assets/Game/Sprites/ColorTiming/Hero/Sequences/Axe/Idle/英雄_斧头_待机_红色_0007.png",""
"Move","1f590dea976ed0c4ab2d7bf417472e8c","Assets/Game/Sprites/ColorTiming/Hero/Sequence/futou/daiji/红色斧头待机_0008.png","Assets/Game/Sprites/ColorTiming/Hero/Sequences/Axe/Idle/英雄_斧头_待机_红色_0008.png",""
"Move","43cc4a01c7cbe564ca3e71c8f4ccaa22","Assets/Game/Sprites/ColorTiming/Hero/Sequence/futou/daiji/红色斧头待机_0009.png","Assets/Game/Sprites/ColorTiming/Hero/Sequences/Axe/Idle/英雄_斧头_待机_红色_0009.png",""
"Move","aa71d5b72de17c0439f96508b6b0eaa1","Assets/Game/Sprites/ColorTiming/Hero/Sequence/futou/daiji/红色斧头待机_0010.png","Assets/Game/Sprites/ColorTiming/Hero/Sequences/Axe/Idle/英雄_斧头_待机_红色_0010.png",""
"Move","28089291b296df64a830de47ebc67811","Assets/Game/Sprites/ColorTiming/Hero/Sequence/futou/daiji/红色斧头待机_0011.png","Assets/Game/Sprites/ColorTiming/Hero/Sequences/Axe/Idle/英雄_斧头_待机_红色_0011.png",""
"Move","fa79873d1741dc34aaedc305549f139b","Assets/Game/Sprites/ColorTiming/Hero/Sequence/futou/daiji/绿色斧头待机_0000.png","Assets/Game/Sprites/ColorTiming/Hero/Sequences/Axe/Idle/英雄_斧头_待机_绿色_0000.png",""
"Move","937553d37278cd846aab5ff94ec8f9ce","Assets/Game/Sprites/ColorTiming/Hero/Sequence/futou/daiji/绿色斧头待机_0001.png","Assets/Game/Sprites/ColorTiming/Hero/Sequences/Axe/Idle/英雄_斧头_待机_绿色_0001.png",""
"Move","f2a0aedc23ee9204b9550ec0a13bfe4a","Assets/Game/Sprites/ColorTiming/Hero/Sequence/futou/daiji/绿色斧头待机_0002.png","Assets/Game/Sprites/ColorTiming/Hero/Sequences/Axe/Idle/英雄_斧头_待机_绿色_0002.png",""
"Move","76dd39754476c774289db384b88bedf0","Assets/Game/Sprites/ColorTiming/Hero/Sequence/futou/daiji/绿色斧头待机_0003.png","Assets/Game/Sprites/ColorTiming/Hero/Sequences/Axe/Idle/英雄_斧头_待机_绿色_0003.png",""
"Move","53b481cc05fd80344b566cf0b12da68a","Assets/Game/Sprites/ColorTiming/Hero/Sequence/futou/daiji/绿色斧头待机_0004.png","Assets/Game/Sprites/ColorTiming/Hero/Sequences/Axe/Idle/英雄_斧头_待机_绿色_0004.png",""
"Move","1f64609cf3d3da94f9b56288ff772130","Assets/Game/Sprites/ColorTiming/Hero/Sequence/futou/daiji/绿色斧头待机_0005.png","Assets/Game/Sprites/ColorTiming/Hero/Sequences/Axe/Idle/英雄_斧头_待机_绿色_0005.png",""
"Move","c46473fced8a06749acfb06a18767421","Assets/Game/Sprites/ColorTiming/Hero/Sequence/futou/daiji/绿色斧头待机_0006.png","Assets/Game/Sprites/ColorTiming/Hero/Sequences/Axe/Idle/英雄_斧头_待机_绿色_0006.png",""
"Move","d91fdb55368e565448f7baaff4979e66","Assets/Game/Sprites/ColorTiming/Hero/Sequence/futou/daiji/绿色斧头待机_0007.png","Assets/Game/Sprites/ColorTiming/Hero/Sequences/Axe/Idle/英雄_斧头_待机_绿色_0007.png",""
"Move","3168ebe15e89f4c4193fdb2aa7a9aa5b","Assets/Game/Sprites/ColorTiming/Hero/Sequence/futou/daiji/绿色斧头待机_0008.png","Assets/Game/Sprites/ColorTiming/Hero/Sequences/Axe/Idle/英雄_斧头_待机_绿色_0008.png",""
"Move","e3f70bd5e64c99e4f8e5d2211ca8ed88","Assets/Game/Sprites/ColorTiming/Hero/Sequence/futou/daiji/绿色斧头待机_0009.png","Assets/Game/Sprites/ColorTiming/Hero/Sequences/Axe/Idle/英雄_斧头_待机_绿色_0009.png",""
"Move","e56235043a29c494bb481465c58fb7b4","Assets/Game/Sprites/ColorTiming/Hero/Sequence/futou/daiji/绿色斧头待机_0010.png","Assets/Game/Sprites/ColorTiming/Hero/Sequences/Axe/Idle/英雄_斧头_待机_绿色_0010.png",""
"Move","ab888762ff1306f46a7d4bc08e719d1a","Assets/Game/Sprites/ColorTiming/Hero/Sequence/futou/daiji/绿色斧头待机_0011.png","Assets/Game/Sprites/ColorTiming/Hero/Sequences/Axe/Idle/英雄_斧头_待机_绿色_0011.png",""
"Move","9540024cfc82e00458db1aed61a54e7f","Assets/Game/Sprites/ColorTiming/Hero/Sequence/futou/gongji/chen/gongji_futou_chen.anim","Assets/Game/Sprites/ColorTiming/Hero/Sequences/Axe/Attack/Orange/Hero_Axe_Attack_Orange.anim",""
"Move","c506fa2c8ffd3874882c5709b3c36e60","Assets/Game/Sprites/ColorTiming/Hero/Sequence/futou/gongji/chen/xuli_do_f_chen.anim","Assets/Game/Sprites/ColorTiming/Hero/Sequences/Axe/Attack/Orange/Hero_Axe_Charge_Moving_Orange.anim",""
"Move","36b87e1f75681f04894ecbaa4d75d963","Assets/Game/Sprites/ColorTiming/Hero/Sequence/futou/gongji/chen/xuli_yu_f_chen.anim","Assets/Game/Sprites/ColorTiming/Hero/Sequences/Axe/Attack/Orange/Hero_Axe_Charge_Stationary_Orange.anim",""
"Move","138efca555129db4b974a350c928b3d1","Assets/Game/Sprites/ColorTiming/Hero/Sequence/futou/gongji/chen/xuliw_do_f_chen.anim","Assets/Game/Sprites/ColorTiming/Hero/Sequences/Axe/Attack/Orange/Hero_Axe_ChargeComplete_Moving_Orange.anim",""
"Move","f08eb0f484de85147833abdafa34c0f0","Assets/Game/Sprites/ColorTiming/Hero/Sequence/futou/gongji/chen/xuliw_yu_f_chen.anim","Assets/Game/Sprites/ColorTiming/Hero/Sequences/Axe/Attack/Orange/Hero_Axe_ChargeComplete_Stationary_Orange.anim",""
"Move","c77661403eb7fba468ed38556bb1146d","Assets/Game/Sprites/ColorTiming/Hero/Sequence/futou/gongji/chen/橙色斧头攻击_0000.png","Assets/Game/Sprites/ColorTiming/Hero/Sequences/Axe/Attack/Orange/英雄_斧头_攻击_橙色_0000.png",""
"Move","342eed70afbc1a841aa319be96120b73","Assets/Game/Sprites/ColorTiming/Hero/Sequence/futou/gongji/chen/橙色斧头攻击_0001.png","Assets/Game/Sprites/ColorTiming/Hero/Sequences/Axe/Attack/Orange/英雄_斧头_攻击_橙色_0001.png",""
"Move","cfcf28a1d777a9c4d9e0362669447009","Assets/Game/Sprites/ColorTiming/Hero/Sequence/futou/gongji/chen/橙色斧头攻击_0002.png","Assets/Game/Sprites/ColorTiming/Hero/Sequences/Axe/Attack/Orange/英雄_斧头_攻击_橙色_0002.png",""
"Move","9f74b2e96781897498c497b8a36766fb","Assets/Game/Sprites/ColorTiming/Hero/Sequence/futou/gongji/chen/橙色斧头攻击_0003.png","Assets/Game/Sprites/ColorTiming/Hero/Sequences/Axe/Attack/Orange/英雄_斧头_攻击_橙色_0003.png",""
"Move","4c34da6942ca8a146bf9c45de13a06a8","Assets/Game/Sprites/ColorTiming/Hero/Sequence/futou/gongji/chen/橙色斧头攻击_0004.png","Assets/Game/Sprites/ColorTiming/Hero/Sequences/Axe/Attack/Orange/英雄_斧头_攻击_橙色_0004.png",""
"Move","cf2d14047bedd67469a17616f1a8992a","Assets/Game/Sprites/ColorTiming/Hero/Sequence/futou/gongji/chen/橙色斧头攻击_0005.png","Assets/Game/Sprites/ColorTiming/Hero/Sequences/Axe/Attack/Orange/英雄_斧头_攻击_橙色_0005.png",""
"Move","3eb7b92ee48f1ec4cbfab5bdf9bdc4bf","Assets/Game/Sprites/ColorTiming/Hero/Sequence/futou/gongji/chen/橙色斧头攻击_0006.png","Assets/Game/Sprites/ColorTiming/Hero/Sequences/Axe/Attack/Orange/英雄_斧头_攻击_橙色_0006.png",""
"Move","4be42b01a6edc214884cd1ae41e5a884","Assets/Game/Sprites/ColorTiming/Hero/Sequence/futou/gongji/chen/橙色斧头攻击_0007.png","Assets/Game/Sprites/ColorTiming/Hero/Sequences/Axe/Attack/Orange/英雄_斧头_攻击_橙色_0007.png",""
"Move","8ff023f7931769b48822cf8c1eb046f9","Assets/Game/Sprites/ColorTiming/Hero/Sequence/futou/gongji/chen/橙色斧头攻击_0008.png","Assets/Game/Sprites/ColorTiming/Hero/Sequences/Axe/Attack/Orange/英雄_斧头_攻击_橙色_0008.png",""
"Move","61dd59a69fa0cb0409898c9bd14e4a50","Assets/Game/Sprites/ColorTiming/Hero/Sequence/futou/gongji/chen/橙色斧头攻击_0009.png","Assets/Game/Sprites/ColorTiming/Hero/Sequences/Axe/Attack/Orange/英雄_斧头_攻击_橙色_0009.png",""
"Move","caa6ee09b0a098b4a9901c3e5a0c31f8","Assets/Game/Sprites/ColorTiming/Hero/Sequence/futou/gongji/chen/橙色斧头攻击_0010.png","Assets/Game/Sprites/ColorTiming/Hero/Sequences/Axe/Attack/Orange/英雄_斧头_攻击_橙色_0010.png",""
"Move","05490b0732fda7b4c9c49ec5fbdd1cef","Assets/Game/Sprites/ColorTiming/Hero/Sequence/futou/gongji/chen/橙色斧头攻击_0011.png","Assets/Game/Sprites/ColorTiming/Hero/Sequences/Axe/Attack/Orange/英雄_斧头_攻击_橙色_0011.png",""
"Move","0b98294c1ad61b84abfa79c399f53f84","Assets/Game/Sprites/ColorTiming/Hero/Sequence/futou/gongji/chen/橙色斧头攻击_0012.png","Assets/Game/Sprites/ColorTiming/Hero/Sequences/Axe/Attack/Orange/英雄_斧头_攻击_橙色_0012.png",""
"Move","abc33708dbd4ac24894c9ed97790f5fd","Assets/Game/Sprites/ColorTiming/Hero/Sequence/futou/gongji/chen/橙色斧头攻击_0013.png","Assets/Game/Sprites/ColorTiming/Hero/Sequences/Axe/Attack/Orange/英雄_斧头_攻击_橙色_0013.png",""
"Move","671c8071c878e584fa64a0b0725a92df","Assets/Game/Sprites/ColorTiming/Hero/Sequence/futou/gongji/chen/橙色斧头攻击_0014.png","Assets/Game/Sprites/ColorTiming/Hero/Sequences/Axe/Attack/Orange/英雄_斧头_攻击_橙色_0014.png",""
"Move","c22a9979aa4b46241aa751b39ccab3ed","Assets/Game/Sprites/ColorTiming/Hero/Sequence/futou/gongji/chen/橙色斧头攻击_0015.png","Assets/Game/Sprites/ColorTiming/Hero/Sequences/Axe/Attack/Orange/英雄_斧头_攻击_橙色_0015.png",""
"Move","95c3219442146634a8209fc7cc5f6d92","Assets/Game/Sprites/ColorTiming/Hero/Sequence/futou/gongji/chen/橙色斧头攻击_0016.png","Assets/Game/Sprites/ColorTiming/Hero/Sequences/Axe/Attack/Orange/英雄_斧头_攻击_橙色_0016.png",""
"Move","d1161cbc05a7e6049ad9c12b46befc34","Assets/Game/Sprites/ColorTiming/Hero/Sequence/futou/gongji/chen/橙色斧头蓄力完成（原地）_0000.png","Assets/Game/Sprites/ColorTiming/Hero/Sequences/Axe/Attack/Orange/英雄_斧头_蓄力_完成_原地_橙色_0000.png",""
"Move","9fdd15905603b4043abb9f168f0c20a8","Assets/Game/Sprites/ColorTiming/Hero/Sequence/futou/gongji/chen/橙色斧头蓄力完成（原地）_0001.png","Assets/Game/Sprites/ColorTiming/Hero/Sequences/Axe/Attack/Orange/英雄_斧头_蓄力_完成_原地_橙色_0001.png",""
"Move","89fe26a43ed409f408afc1959905ce7b","Assets/Game/Sprites/ColorTiming/Hero/Sequence/futou/gongji/chen/橙色斧头蓄力完成（原地）_0002.png","Assets/Game/Sprites/ColorTiming/Hero/Sequences/Axe/Attack/Orange/英雄_斧头_蓄力_完成_原地_橙色_0002.png",""
"Move","7ea49bb59bc5ab4408379e428d151274","Assets/Game/Sprites/ColorTiming/Hero/Sequence/futou/gongji/chen/橙色斧头蓄力完成（原地）_0003.png","Assets/Game/Sprites/ColorTiming/Hero/Sequences/Axe/Attack/Orange/英雄_斧头_蓄力_完成_原地_橙色_0003.png",""
"Move","55b0ad2df7b99ff4680b6ea59f9f77ce","Assets/Game/Sprites/ColorTiming/Hero/Sequence/futou/gongji/chen/橙色斧头蓄力完成（移动）_0000.png","Assets/Game/Sprites/ColorTiming/Hero/Sequences/Axe/Attack/Orange/英雄_斧头_蓄力_完成_移动_橙色_0000.png",""
"Move","fb58cd361d7b6ab4d97b212b26f18fc1","Assets/Game/Sprites/ColorTiming/Hero/Sequence/futou/gongji/chen/橙色斧头蓄力完成（移动）_0001.png","Assets/Game/Sprites/ColorTiming/Hero/Sequences/Axe/Attack/Orange/英雄_斧头_蓄力_完成_移动_橙色_0001.png",""
"Move","b4eb2a33105030d4e92adb0b3b79d0bd","Assets/Game/Sprites/ColorTiming/Hero/Sequence/futou/gongji/chen/橙色斧头蓄力完成（移动）_0002.png","Assets/Game/Sprites/ColorTiming/Hero/Sequences/Axe/Attack/Orange/英雄_斧头_蓄力_完成_移动_橙色_0002.png",""
"Move","2b3af942457f1704cb26d140f4acf74f","Assets/Game/Sprites/ColorTiming/Hero/Sequence/futou/gongji/chen/橙色斧头蓄力完成（移动）_0003.png","Assets/Game/Sprites/ColorTiming/Hero/Sequences/Axe/Attack/Orange/英雄_斧头_蓄力_完成_移动_橙色_0003.png",""
"Move","e2e402da2aa4212429c4880bcc4f1039","Assets/Game/Sprites/ColorTiming/Hero/Sequence/futou/gongji/chen/橙色斧头蓄力完成（移动）_0004.png","Assets/Game/Sprites/ColorTiming/Hero/Sequences/Axe/Attack/Orange/英雄_斧头_蓄力_完成_移动_橙色_0004.png",""
"Move","4d1e4ea18747c064e8501e926982d571","Assets/Game/Sprites/ColorTiming/Hero/Sequence/futou/gongji/chen/橙色斧头蓄力完成（移动）_0005.png","Assets/Game/Sprites/ColorTiming/Hero/Sequences/Axe/Attack/Orange/英雄_斧头_蓄力_完成_移动_橙色_0005.png",""
"Move","00fd1918eec384648b40eeadb38014ee","Assets/Game/Sprites/ColorTiming/Hero/Sequence/futou/gongji/chen/橙色斧头蓄力（原地）_0000.png","Assets/Game/Sprites/ColorTiming/Hero/Sequences/Axe/Attack/Orange/英雄_斧头_蓄力_原地_橙色_0000.png",""
"Move","9534c65a8a837104b963190a43479d7a","Assets/Game/Sprites/ColorTiming/Hero/Sequence/futou/gongji/chen/橙色斧头蓄力（原地）_0001.png","Assets/Game/Sprites/ColorTiming/Hero/Sequences/Axe/Attack/Orange/英雄_斧头_蓄力_原地_橙色_0001.png",""
"Move","030bc86d04c86d44ea8715ec61482331","Assets/Game/Sprites/ColorTiming/Hero/Sequence/futou/gongji/chen/橙色斧头蓄力（原地）_0002.png","Assets/Game/Sprites/ColorTiming/Hero/Sequences/Axe/Attack/Orange/英雄_斧头_蓄力_原地_橙色_0002.png",""
"Move","ba1aaf31e4c0d1c4f801d1ad995c2937","Assets/Game/Sprites/ColorTiming/Hero/Sequence/futou/gongji/chen/橙色斧头蓄力（原地）_0003.png","Assets/Game/Sprites/ColorTiming/Hero/Sequences/Axe/Attack/Orange/英雄_斧头_蓄力_原地_橙色_0003.png",""
"Move","8f8c8e82e9bfdd74184c93cd8713ed5f","Assets/Game/Sprites/ColorTiming/Hero/Sequence/futou/gongji/chen/橙色斧头蓄力（原地）_0004.png","Assets/Game/Sprites/ColorTiming/Hero/Sequences/Axe/Attack/Orange/英雄_斧头_蓄力_原地_橙色_0004.png",""
"Move","959f779c36fc84e41a795795394de3b1","Assets/Game/Sprites/ColorTiming/Hero/Sequence/futou/gongji/chen/橙色斧头蓄力（原地）_0005.png","Assets/Game/Sprites/ColorTiming/Hero/Sequences/Axe/Attack/Orange/英雄_斧头_蓄力_原地_橙色_0005.png",""
"Move","0166d5fad050e704e9ca487060650448","Assets/Game/Sprites/ColorTiming/Hero/Sequence/futou/gongji/chen/橙色斧头蓄力（原地）_0006.png","Assets/Game/Sprites/ColorTiming/Hero/Sequences/Axe/Attack/Orange/英雄_斧头_蓄力_原地_橙色_0006.png",""
"Move","e5156b60b982c4f44bce315a457151f1","Assets/Game/Sprites/ColorTiming/Hero/Sequence/futou/gongji/chen/橙色斧头蓄力（原地）_0007.png","Assets/Game/Sprites/ColorTiming/Hero/Sequences/Axe/Attack/Orange/英雄_斧头_蓄力_原地_橙色_0007.png",""
"Move","df74684529ac2eb47adff3d821741dc6","Assets/Game/Sprites/ColorTiming/Hero/Sequence/futou/gongji/chen/橙色斧头蓄力（原地）_0008.png","Assets/Game/Sprites/ColorTiming/Hero/Sequences/Axe/Attack/Orange/英雄_斧头_蓄力_原地_橙色_0008.png",""
"Move","0d533d5cc5915f34bb834842540fb18f","Assets/Game/Sprites/ColorTiming/Hero/Sequence/futou/gongji/chen/橙色斧头蓄力（原地）_0009.png","Assets/Game/Sprites/ColorTiming/Hero/Sequences/Axe/Attack/Orange/英雄_斧头_蓄力_原地_橙色_0009.png",""
"Move","e2a501ef56cf0c746b457ba514af42a9","Assets/Game/Sprites/ColorTiming/Hero/Sequence/futou/gongji/chen/橙色斧头蓄力（原地）_0010.png","Assets/Game/Sprites/ColorTiming/Hero/Sequences/Axe/Attack/Orange/英雄_斧头_蓄力_原地_橙色_0010.png",""
"Move","ce448bf2bd3e3b6438d3d7191f42e1c2","Assets/Game/Sprites/ColorTiming/Hero/Sequence/futou/gongji/chen/橙色斧头蓄力（原地）_0011.png","Assets/Game/Sprites/ColorTiming/Hero/Sequences/Axe/Attack/Orange/英雄_斧头_蓄力_原地_橙色_0011.png",""
"Move","917fb5355ff587f4a9606a51f4a785fc","Assets/Game/Sprites/ColorTiming/Hero/Sequence/futou/gongji/chen/橙色斧头蓄力（原地）_0012.png","Assets/Game/Sprites/ColorTiming/Hero/Sequences/Axe/Attack/Orange/英雄_斧头_蓄力_原地_橙色_0012.png",""
"Move","63e6fee949b6b974797852729d273aad","Assets/Game/Sprites/ColorTiming/Hero/Sequence/futou/gongji/chen/橙色斧头蓄力（原地）_0013.png","Assets/Game/Sprites/ColorTiming/Hero/Sequences/Axe/Attack/Orange/英雄_斧头_蓄力_原地_橙色_0013.png",""
"Move","45146e45c4397df44938da4af2751cb2","Assets/Game/Sprites/ColorTiming/Hero/Sequence/futou/gongji/chen/橙色斧头蓄力（原地）_0014.png","Assets/Game/Sprites/ColorTiming/Hero/Sequences/Axe/Attack/Orange/英雄_斧头_蓄力_原地_橙色_0014.png",""
"Move","e31c59df140a6a040b70fb18f687a7b4","Assets/Game/Sprites/ColorTiming/Hero/Sequence/futou/gongji/chen/橙色斧头蓄力（原地）_0015.png","Assets/Game/Sprites/ColorTiming/Hero/Sequences/Axe/Attack/Orange/英雄_斧头_蓄力_原地_橙色_0015.png",""
"Move","25256ec9e30a41e469fd5e369d503693","Assets/Game/Sprites/ColorTiming/Hero/Sequence/futou/gongji/chen/橙色斧头蓄力（原地）_0016.png","Assets/Game/Sprites/ColorTiming/Hero/Sequences/Axe/Attack/Orange/英雄_斧头_蓄力_原地_橙色_0016.png",""
"Move","1c0e4111850b483409e55ec87857b80d","Assets/Game/Sprites/ColorTiming/Hero/Sequence/futou/gongji/chen/橙色斧头蓄力（原地）_0017.png","Assets/Game/Sprites/ColorTiming/Hero/Sequences/Axe/Attack/Orange/英雄_斧头_蓄力_原地_橙色_0017.png",""
"Move","1d17f3fbe27e4ad49a538f2877d224b2","Assets/Game/Sprites/ColorTiming/Hero/Sequence/futou/gongji/chen/橙色斧头蓄力（移动）_0000.png","Assets/Game/Sprites/ColorTiming/Hero/Sequences/Axe/Attack/Orange/英雄_斧头_蓄力_移动_橙色_0000.png",""
"Move","68bd462e5e6971e4bbe8d76f9c8de79d","Assets/Game/Sprites/ColorTiming/Hero/Sequence/futou/gongji/chen/橙色斧头蓄力（移动）_0001.png","Assets/Game/Sprites/ColorTiming/Hero/Sequences/Axe/Attack/Orange/英雄_斧头_蓄力_移动_橙色_0001.png",""
"Move","683a416262c509348a3e1015ec249d5f","Assets/Game/Sprites/ColorTiming/Hero/Sequence/futou/gongji/chen/橙色斧头蓄力（移动）_0002.png","Assets/Game/Sprites/ColorTiming/Hero/Sequences/Axe/Attack/Orange/英雄_斧头_蓄力_移动_橙色_0002.png",""
"Move","e55f80aef76fcfd47865c1d6cda561ff","Assets/Game/Sprites/ColorTiming/Hero/Sequence/futou/gongji/chen/橙色斧头蓄力（移动）_0003.png","Assets/Game/Sprites/ColorTiming/Hero/Sequences/Axe/Attack/Orange/英雄_斧头_蓄力_移动_橙色_0003.png",""
"Move","31e2db4e4789aa9499cafb3e7111c855","Assets/Game/Sprites/ColorTiming/Hero/Sequence/futou/gongji/chen/橙色斧头蓄力（移动）_0004.png","Assets/Game/Sprites/ColorTiming/Hero/Sequences/Axe/Attack/Orange/英雄_斧头_蓄力_移动_橙色_0004.png",""
"Move","ac2a78cb6353a4e43a0ca8653291a8a2","Assets/Game/Sprites/ColorTiming/Hero/Sequence/futou/gongji/chen/橙色斧头蓄力（移动）_0005.png","Assets/Game/Sprites/ColorTiming/Hero/Sequences/Axe/Attack/Orange/英雄_斧头_蓄力_移动_橙色_0005.png",""
"Move","57d180f7368adbe4e9e6fa1e66f6c87c","Assets/Game/Sprites/ColorTiming/Hero/Sequence/futou/gongji/chen/橙色斧头蓄力（移动）_0006.png","Assets/Game/Sprites/ColorTiming/Hero/Sequences/Axe/Attack/Orange/英雄_斧头_蓄力_移动_橙色_0006.png",""
"Move","81b36352206151d45b13c5ad099d5bd7","Assets/Game/Sprites/ColorTiming/Hero/Sequence/futou/gongji/chen/橙色斧头蓄力（移动）_0007.png","Assets/Game/Sprites/ColorTiming/Hero/Sequences/Axe/Attack/Orange/英雄_斧头_蓄力_移动_橙色_0007.png",""
"Move","a813eb5b7b481df4a9806e3bd2a40dd5","Assets/Game/Sprites/ColorTiming/Hero/Sequence/futou/gongji/chen/橙色斧头蓄力（移动）_0008.png","Assets/Game/Sprites/ColorTiming/Hero/Sequences/Axe/Attack/Orange/英雄_斧头_蓄力_移动_橙色_0008.png",""
"Move","dee7d4ff6009e0848a33f738ae423952","Assets/Game/Sprites/ColorTiming/Hero/Sequence/futou/gongji/chen/橙色斧头蓄力（移动）_0009.png","Assets/Game/Sprites/ColorTiming/Hero/Sequences/Axe/Attack/Orange/英雄_斧头_蓄力_移动_橙色_0009.png",""
"Move","dfc3a0edae08b444f8885442c8618f3b","Assets/Game/Sprites/ColorTiming/Hero/Sequence/futou/gongji/chen/橙色斧头蓄力（移动）_0010.png","Assets/Game/Sprites/ColorTiming/Hero/Sequences/Axe/Attack/Orange/英雄_斧头_蓄力_移动_橙色_0010.png",""
"Move","63cbd8d920092f742ba1975c8081ee5a","Assets/Game/Sprites/ColorTiming/Hero/Sequence/futou/gongji/chen/橙色斧头蓄力（移动）_0011.png","Assets/Game/Sprites/ColorTiming/Hero/Sequences/Axe/Attack/Orange/英雄_斧头_蓄力_移动_橙色_0011.png",""
"Move","23e4d456d2902b144a9f5ee97dac4ee3","Assets/Game/Sprites/ColorTiming/Hero/Sequence/futou/gongji/chen/橙色斧头蓄力（移动）_0012.png","Assets/Game/Sprites/ColorTiming/Hero/Sequences/Axe/Attack/Orange/英雄_斧头_蓄力_移动_橙色_0012.png",""
"Move","d64a9e3e4dea9ac4daf7a40afd64b2e7","Assets/Game/Sprites/ColorTiming/Hero/Sequence/futou/gongji/chen/橙色斧头蓄力（移动）_0013.png","Assets/Game/Sprites/ColorTiming/Hero/Sequences/Axe/Attack/Orange/英雄_斧头_蓄力_移动_橙色_0013.png",""
"Move","98b2d6eb19f3ae5449f4c81999b6827e","Assets/Game/Sprites/ColorTiming/Hero/Sequence/futou/gongji/chen/橙色斧头蓄力（移动）_0014.png","Assets/Game/Sprites/ColorTiming/Hero/Sequences/Axe/Attack/Orange/英雄_斧头_蓄力_移动_橙色_0014.png",""
"Move","78aa0e4eace3da245b861db1de35dc4c","Assets/Game/Sprites/ColorTiming/Hero/Sequence/futou/gongji/chen/橙色斧头蓄力（移动）_0015.png","Assets/Game/Sprites/ColorTiming/Hero/Sequences/Axe/Attack/Orange/英雄_斧头_蓄力_移动_橙色_0015.png",""
"Move","c80c91329447f6143a6afee07658880c","Assets/Game/Sprites/ColorTiming/Hero/Sequence/futou/gongji/chen/橙色斧头蓄力（移动）_0016.png","Assets/Game/Sprites/ColorTiming/Hero/Sequences/Axe/Attack/Orange/英雄_斧头_蓄力_移动_橙色_0016.png",""
"Move","e0d85291264f06d4a8bc63b9448589e6","Assets/Game/Sprites/ColorTiming/Hero/Sequence/futou/gongji/chen/橙色斧头蓄力（移动）_0017.png","Assets/Game/Sprites/ColorTiming/Hero/Sequences/Axe/Attack/Orange/英雄_斧头_蓄力_移动_橙色_0017.png",""
"Move","8cc1dc6e0ff02eb46ad6a7dc7b8bb65a","Assets/Game/Sprites/ColorTiming/Hero/Sequence/futou/gongji/hong/gongji_futou_hong.anim","Assets/Game/Sprites/ColorTiming/Hero/Sequences/Axe/Attack/Red/Hero_Axe_Attack_Red.anim",""
"Move","e724722cc4e342149ba206c90f0dc508","Assets/Game/Sprites/ColorTiming/Hero/Sequence/futou/gongji/hong/xuli_do_f_hong.anim","Assets/Game/Sprites/ColorTiming/Hero/Sequences/Axe/Attack/Red/Hero_Axe_Charge_Moving_Red.anim",""
"Move","be42d41559315274685da642fd85fc7d","Assets/Game/Sprites/ColorTiming/Hero/Sequence/futou/gongji/hong/xuli_yu_f_hong.anim","Assets/Game/Sprites/ColorTiming/Hero/Sequences/Axe/Attack/Red/Hero_Axe_Charge_Stationary_Red.anim",""
"Move","016efb82a5e10e747a191e1d87e32a58","Assets/Game/Sprites/ColorTiming/Hero/Sequence/futou/gongji/hong/xuliw_do_f_hong.anim","Assets/Game/Sprites/ColorTiming/Hero/Sequences/Axe/Attack/Red/Hero_Axe_ChargeComplete_Moving_Red.anim",""
"Move","ea1cde545d433fc458c791a9d523da0d","Assets/Game/Sprites/ColorTiming/Hero/Sequence/futou/gongji/hong/xuliw_yu_f_hong.anim","Assets/Game/Sprites/ColorTiming/Hero/Sequences/Axe/Attack/Red/Hero_Axe_ChargeComplete_Stationary_Red.anim",""
"Move","e9e27e70c999a374e8eb7e7d792acd3e","Assets/Game/Sprites/ColorTiming/Hero/Sequence/futou/gongji/hong/红色斧头攻击_0000.png","Assets/Game/Sprites/ColorTiming/Hero/Sequences/Axe/Attack/Red/英雄_斧头_攻击_红色_0000.png",""
"Move","8373b3e7bded38144b92aa370e29ac54","Assets/Game/Sprites/ColorTiming/Hero/Sequence/futou/gongji/hong/红色斧头攻击_0001.png","Assets/Game/Sprites/ColorTiming/Hero/Sequences/Axe/Attack/Red/英雄_斧头_攻击_红色_0001.png",""
"Move","8537a446be4bcff419f44ff4a17b6b0a","Assets/Game/Sprites/ColorTiming/Hero/Sequence/futou/gongji/hong/红色斧头攻击_0002.png","Assets/Game/Sprites/ColorTiming/Hero/Sequences/Axe/Attack/Red/英雄_斧头_攻击_红色_0002.png",""
"Move","ab26b59fc7febe947a61a05e7cc90717","Assets/Game/Sprites/ColorTiming/Hero/Sequence/futou/gongji/hong/红色斧头攻击_0003.png","Assets/Game/Sprites/ColorTiming/Hero/Sequences/Axe/Attack/Red/英雄_斧头_攻击_红色_0003.png",""
"Move","b03580aeffee821479670d414ae7fade","Assets/Game/Sprites/ColorTiming/Hero/Sequence/futou/gongji/hong/红色斧头攻击_0004.png","Assets/Game/Sprites/ColorTiming/Hero/Sequences/Axe/Attack/Red/英雄_斧头_攻击_红色_0004.png",""
"Move","18756fae71b1f3b4fb99992c6cc1ae47","Assets/Game/Sprites/ColorTiming/Hero/Sequence/futou/gongji/hong/红色斧头攻击_0005.png","Assets/Game/Sprites/ColorTiming/Hero/Sequences/Axe/Attack/Red/英雄_斧头_攻击_红色_0005.png",""
"Move","a23cc5a81f02a0f4f83751026ad5eca9","Assets/Game/Sprites/ColorTiming/Hero/Sequence/futou/gongji/hong/红色斧头攻击_0006.png","Assets/Game/Sprites/ColorTiming/Hero/Sequences/Axe/Attack/Red/英雄_斧头_攻击_红色_0006.png",""
"Move","45f33694af3ccb940986eff6add745ce","Assets/Game/Sprites/ColorTiming/Hero/Sequence/futou/gongji/hong/红色斧头攻击_0007.png","Assets/Game/Sprites/ColorTiming/Hero/Sequences/Axe/Attack/Red/英雄_斧头_攻击_红色_0007.png",""
"Move","6a1136a19b42d9343bbb740327f03976","Assets/Game/Sprites/ColorTiming/Hero/Sequence/futou/gongji/hong/红色斧头攻击_0008.png","Assets/Game/Sprites/ColorTiming/Hero/Sequences/Axe/Attack/Red/英雄_斧头_攻击_红色_0008.png",""
"Move","90a31a1c90ab01645bd3cd9859ff5729","Assets/Game/Sprites/ColorTiming/Hero/Sequence/futou/gongji/hong/红色斧头攻击_0009.png","Assets/Game/Sprites/ColorTiming/Hero/Sequences/Axe/Attack/Red/英雄_斧头_攻击_红色_0009.png",""
"Move","73d92f0d6e39a9042b11b07b663eab62","Assets/Game/Sprites/ColorTiming/Hero/Sequence/futou/gongji/hong/红色斧头攻击_0010.png","Assets/Game/Sprites/ColorTiming/Hero/Sequences/Axe/Attack/Red/英雄_斧头_攻击_红色_0010.png",""
"Move","e626e7abf90d8264baf9fd6fd5616fc1","Assets/Game/Sprites/ColorTiming/Hero/Sequence/futou/gongji/hong/红色斧头攻击_0011.png","Assets/Game/Sprites/ColorTiming/Hero/Sequences/Axe/Attack/Red/英雄_斧头_攻击_红色_0011.png",""
"Move","60aeba6b6ffd3a54dad657b7b34bc218","Assets/Game/Sprites/ColorTiming/Hero/Sequence/futou/gongji/hong/红色斧头攻击_0012.png","Assets/Game/Sprites/ColorTiming/Hero/Sequences/Axe/Attack/Red/英雄_斧头_攻击_红色_0012.png",""
"Move","5f8758d6137b21a49861442269f16cee","Assets/Game/Sprites/ColorTiming/Hero/Sequence/futou/gongji/hong/红色斧头攻击_0013.png","Assets/Game/Sprites/ColorTiming/Hero/Sequences/Axe/Attack/Red/英雄_斧头_攻击_红色_0013.png",""
"Move","763c0edbcc501324980946cfd6eb688b","Assets/Game/Sprites/ColorTiming/Hero/Sequence/futou/gongji/hong/红色斧头攻击_0014.png","Assets/Game/Sprites/ColorTiming/Hero/Sequences/Axe/Attack/Red/英雄_斧头_攻击_红色_0014.png",""
"Move","790913599159d3243b7aaad10e6ef56b","Assets/Game/Sprites/ColorTiming/Hero/Sequence/futou/gongji/hong/红色斧头攻击_0015.png","Assets/Game/Sprites/ColorTiming/Hero/Sequences/Axe/Attack/Red/英雄_斧头_攻击_红色_0015.png",""
"Move","89f670b5c8ce7294d816ac5351759c8f","Assets/Game/Sprites/ColorTiming/Hero/Sequence/futou/gongji/hong/红色斧头攻击_0016.png","Assets/Game/Sprites/ColorTiming/Hero/Sequences/Axe/Attack/Red/英雄_斧头_攻击_红色_0016.png",""
"Move","42441cb36384787468ee3eae64fe68b1","Assets/Game/Sprites/ColorTiming/Hero/Sequence/futou/gongji/hong/红色斧头蓄力完成（原地）_0000.png","Assets/Game/Sprites/ColorTiming/Hero/Sequences/Axe/Attack/Red/英雄_斧头_蓄力_完成_原地_红色_0000.png",""
"Move","b3377968a06c23d429f24d98e2dc0c97","Assets/Game/Sprites/ColorTiming/Hero/Sequence/futou/gongji/hong/红色斧头蓄力完成（原地）_0001.png","Assets/Game/Sprites/ColorTiming/Hero/Sequences/Axe/Attack/Red/英雄_斧头_蓄力_完成_原地_红色_0001.png",""
"Move","a485d70ede077b04b854a3367eeb05f3","Assets/Game/Sprites/ColorTiming/Hero/Sequence/futou/gongji/hong/红色斧头蓄力完成（原地）_0002.png","Assets/Game/Sprites/ColorTiming/Hero/Sequences/Axe/Attack/Red/英雄_斧头_蓄力_完成_原地_红色_0002.png",""
"Move","9dc82d5a7a57bdd45a341ecdbaf26180","Assets/Game/Sprites/ColorTiming/Hero/Sequence/futou/gongji/hong/红色斧头蓄力完成（原地）_0003.png","Assets/Game/Sprites/ColorTiming/Hero/Sequences/Axe/Attack/Red/英雄_斧头_蓄力_完成_原地_红色_0003.png",""
"Move","c2998034db01a24498bbe9d68805bb33","Assets/Game/Sprites/ColorTiming/Hero/Sequence/futou/gongji/hong/红色斧头蓄力完成（移动）_0000.png","Assets/Game/Sprites/ColorTiming/Hero/Sequences/Axe/Attack/Red/英雄_斧头_蓄力_完成_移动_红色_0000.png",""
"Move","2d7152b5efc7a5348a1eb214d59fc0d6","Assets/Game/Sprites/ColorTiming/Hero/Sequence/futou/gongji/hong/红色斧头蓄力完成（移动）_0001.png","Assets/Game/Sprites/ColorTiming/Hero/Sequences/Axe/Attack/Red/英雄_斧头_蓄力_完成_移动_红色_0001.png",""
"Move","7330e137c4350fa41a231d6878ce70af","Assets/Game/Sprites/ColorTiming/Hero/Sequence/futou/gongji/hong/红色斧头蓄力完成（移动）_0002.png","Assets/Game/Sprites/ColorTiming/Hero/Sequences/Axe/Attack/Red/英雄_斧头_蓄力_完成_移动_红色_0002.png",""
"Move","346eeedc28ba4a240a505b64fbc77ba2","Assets/Game/Sprites/ColorTiming/Hero/Sequence/futou/gongji/hong/红色斧头蓄力完成（移动）_0003.png","Assets/Game/Sprites/ColorTiming/Hero/Sequences/Axe/Attack/Red/英雄_斧头_蓄力_完成_移动_红色_0003.png",""
"Move","4c266cbe816239e4896947f60f521ea8","Assets/Game/Sprites/ColorTiming/Hero/Sequence/futou/gongji/hong/红色斧头蓄力完成（移动）_0004.png","Assets/Game/Sprites/ColorTiming/Hero/Sequences/Axe/Attack/Red/英雄_斧头_蓄力_完成_移动_红色_0004.png",""
"Move","f3147933906051d4cb531311cc9b1c90","Assets/Game/Sprites/ColorTiming/Hero/Sequence/futou/gongji/hong/红色斧头蓄力完成（移动）_0005.png","Assets/Game/Sprites/ColorTiming/Hero/Sequences/Axe/Attack/Red/英雄_斧头_蓄力_完成_移动_红色_0005.png",""
"Move","56d60001e312fe24a87f8e413c41e1a2","Assets/Game/Sprites/ColorTiming/Hero/Sequence/futou/gongji/hong/红色斧头蓄力（原地）_0000.png","Assets/Game/Sprites/ColorTiming/Hero/Sequences/Axe/Attack/Red/英雄_斧头_蓄力_原地_红色_0000.png",""
"Move","557cfba030cded645b832b0314ed295b","Assets/Game/Sprites/ColorTiming/Hero/Sequence/futou/gongji/hong/红色斧头蓄力（原地）_0001.png","Assets/Game/Sprites/ColorTiming/Hero/Sequences/Axe/Attack/Red/英雄_斧头_蓄力_原地_红色_0001.png",""
"Move","fab8b580e48ea074991a2bcc6fbe677a","Assets/Game/Sprites/ColorTiming/Hero/Sequence/futou/gongji/hong/红色斧头蓄力（原地）_0002.png","Assets/Game/Sprites/ColorTiming/Hero/Sequences/Axe/Attack/Red/英雄_斧头_蓄力_原地_红色_0002.png",""
"Move","43ab576e72ad4fc40ab4c3c843329f0c","Assets/Game/Sprites/ColorTiming/Hero/Sequence/futou/gongji/hong/红色斧头蓄力（原地）_0003.png","Assets/Game/Sprites/ColorTiming/Hero/Sequences/Axe/Attack/Red/英雄_斧头_蓄力_原地_红色_0003.png",""
"Move","b28a6e97793dcfb46825ecd909a04629","Assets/Game/Sprites/ColorTiming/Hero/Sequence/futou/gongji/hong/红色斧头蓄力（原地）_0004.png","Assets/Game/Sprites/ColorTiming/Hero/Sequences/Axe/Attack/Red/英雄_斧头_蓄力_原地_红色_0004.png",""
"Move","4a854efb72abd584982943179bd4a10a","Assets/Game/Sprites/ColorTiming/Hero/Sequence/futou/gongji/hong/红色斧头蓄力（原地）_0005.png","Assets/Game/Sprites/ColorTiming/Hero/Sequences/Axe/Attack/Red/英雄_斧头_蓄力_原地_红色_0005.png",""
"Move","a4a139e16601c3e4c8c317a41b4b11bc","Assets/Game/Sprites/ColorTiming/Hero/Sequence/futou/gongji/hong/红色斧头蓄力（原地）_0006.png","Assets/Game/Sprites/ColorTiming/Hero/Sequences/Axe/Attack/Red/英雄_斧头_蓄力_原地_红色_0006.png",""
"Move","6b9b8d4f15780a94dbfc06fb429ad504","Assets/Game/Sprites/ColorTiming/Hero/Sequence/futou/gongji/hong/红色斧头蓄力（原地）_0007.png","Assets/Game/Sprites/ColorTiming/Hero/Sequences/Axe/Attack/Red/英雄_斧头_蓄力_原地_红色_0007.png",""
"Move","88903eddd2af4d14e97bfd36b13ec822","Assets/Game/Sprites/ColorTiming/Hero/Sequence/futou/gongji/hong/红色斧头蓄力（原地）_0008.png","Assets/Game/Sprites/ColorTiming/Hero/Sequences/Axe/Attack/Red/英雄_斧头_蓄力_原地_红色_0008.png",""
"Move","6b5910e1334a127459a32acac3f36db4","Assets/Game/Sprites/ColorTiming/Hero/Sequence/futou/gongji/hong/红色斧头蓄力（原地）_0009.png","Assets/Game/Sprites/ColorTiming/Hero/Sequences/Axe/Attack/Red/英雄_斧头_蓄力_原地_红色_0009.png",""
"Move","d91b6b37825daf64a8c938de77cefc4f","Assets/Game/Sprites/ColorTiming/Hero/Sequence/futou/gongji/hong/红色斧头蓄力（原地）_0010.png","Assets/Game/Sprites/ColorTiming/Hero/Sequences/Axe/Attack/Red/英雄_斧头_蓄力_原地_红色_0010.png",""
"Move","c3cd4d18ccc0cf24a98b5f6dccc7fa60","Assets/Game/Sprites/ColorTiming/Hero/Sequence/futou/gongji/hong/红色斧头蓄力（原地）_0011.png","Assets/Game/Sprites/ColorTiming/Hero/Sequences/Axe/Attack/Red/英雄_斧头_蓄力_原地_红色_0011.png",""
"Move","62679450ff68ef943adfb001e2da5a8e","Assets/Game/Sprites/ColorTiming/Hero/Sequence/futou/gongji/hong/红色斧头蓄力（原地）_0012.png","Assets/Game/Sprites/ColorTiming/Hero/Sequences/Axe/Attack/Red/英雄_斧头_蓄力_原地_红色_0012.png",""
"Move","7c4a7223389cc2c48a74c32d4e9354ac","Assets/Game/Sprites/ColorTiming/Hero/Sequence/futou/gongji/hong/红色斧头蓄力（原地）_0013.png","Assets/Game/Sprites/ColorTiming/Hero/Sequences/Axe/Attack/Red/英雄_斧头_蓄力_原地_红色_0013.png",""
"Move","8d77bd88f80d1b54c9e808c8586ac072","Assets/Game/Sprites/ColorTiming/Hero/Sequence/futou/gongji/hong/红色斧头蓄力（原地）_0014.png","Assets/Game/Sprites/ColorTiming/Hero/Sequences/Axe/Attack/Red/英雄_斧头_蓄力_原地_红色_0014.png",""
"Move","06b949c374533cc4eb8b365057a992c1","Assets/Game/Sprites/ColorTiming/Hero/Sequence/futou/gongji/hong/红色斧头蓄力（原地）_0015.png","Assets/Game/Sprites/ColorTiming/Hero/Sequences/Axe/Attack/Red/英雄_斧头_蓄力_原地_红色_0015.png",""
"Move","97a06070a51f76e44a4659e9ee002964","Assets/Game/Sprites/ColorTiming/Hero/Sequence/futou/gongji/hong/红色斧头蓄力（原地）_0016.png","Assets/Game/Sprites/ColorTiming/Hero/Sequences/Axe/Attack/Red/英雄_斧头_蓄力_原地_红色_0016.png",""
"Move","f9c2cd01c1b925a438bf241cc423a7da","Assets/Game/Sprites/ColorTiming/Hero/Sequence/futou/gongji/hong/红色斧头蓄力（原地）_0017.png","Assets/Game/Sprites/ColorTiming/Hero/Sequences/Axe/Attack/Red/英雄_斧头_蓄力_原地_红色_0017.png",""
"Move","3b6b930330071144ba699fa67cc662d1","Assets/Game/Sprites/ColorTiming/Hero/Sequence/futou/gongji/hong/红色斧头蓄力（移动）_0000.png","Assets/Game/Sprites/ColorTiming/Hero/Sequences/Axe/Attack/Red/英雄_斧头_蓄力_移动_红色_0000.png",""
"Move","7fdfd735236acb2498189ded252a02ee","Assets/Game/Sprites/ColorTiming/Hero/Sequence/futou/gongji/hong/红色斧头蓄力（移动）_0001.png","Assets/Game/Sprites/ColorTiming/Hero/Sequences/Axe/Attack/Red/英雄_斧头_蓄力_移动_红色_0001.png",""
"Move","82d376c336745334ea327b990aa39991","Assets/Game/Sprites/ColorTiming/Hero/Sequence/futou/gongji/hong/红色斧头蓄力（移动）_0002.png","Assets/Game/Sprites/ColorTiming/Hero/Sequences/Axe/Attack/Red/英雄_斧头_蓄力_移动_红色_0002.png",""
"Move","bdf9f1eb0d332394b84695df6941e725","Assets/Game/Sprites/ColorTiming/Hero/Sequence/futou/gongji/hong/红色斧头蓄力（移动）_0003.png","Assets/Game/Sprites/ColorTiming/Hero/Sequences/Axe/Attack/Red/英雄_斧头_蓄力_移动_红色_0003.png",""
"Move","b4dbac9249db9a642bb71f9b5e16f6e2","Assets/Game/Sprites/ColorTiming/Hero/Sequence/futou/gongji/hong/红色斧头蓄力（移动）_0004.png","Assets/Game/Sprites/ColorTiming/Hero/Sequences/Axe/Attack/Red/英雄_斧头_蓄力_移动_红色_0004.png",""
"Move","69ed452999f79d04f919207c35c79c60","Assets/Game/Sprites/ColorTiming/Hero/Sequence/futou/gongji/hong/红色斧头蓄力（移动）_0005.png","Assets/Game/Sprites/ColorTiming/Hero/Sequences/Axe/Attack/Red/英雄_斧头_蓄力_移动_红色_0005.png",""
"Move","0b9101c6ee89450478ecd2a2d9928b6c","Assets/Game/Sprites/ColorTiming/Hero/Sequence/futou/gongji/hong/红色斧头蓄力（移动）_0006.png","Assets/Game/Sprites/ColorTiming/Hero/Sequences/Axe/Attack/Red/英雄_斧头_蓄力_移动_红色_0006.png",""
"Move","b4949ac5bec7c214698aae4346e224e4","Assets/Game/Sprites/ColorTiming/Hero/Sequence/futou/gongji/hong/红色斧头蓄力（移动）_0007.png","Assets/Game/Sprites/ColorTiming/Hero/Sequences/Axe/Attack/Red/英雄_斧头_蓄力_移动_红色_0007.png",""
"Move","98d8dc8645ccc0d44b2c66032bb3ba86","Assets/Game/Sprites/ColorTiming/Hero/Sequence/futou/gongji/hong/红色斧头蓄力（移动）_0008.png","Assets/Game/Sprites/ColorTiming/Hero/Sequences/Axe/Attack/Red/英雄_斧头_蓄力_移动_红色_0008.png",""
"Move","c3009f3737355b849aa4ce115364b993","Assets/Game/Sprites/ColorTiming/Hero/Sequence/futou/gongji/hong/红色斧头蓄力（移动）_0009.png","Assets/Game/Sprites/ColorTiming/Hero/Sequences/Axe/Attack/Red/英雄_斧头_蓄力_移动_红色_0009.png",""
"Move","cca834147e233644ab3b4d3dcc38f27d","Assets/Game/Sprites/ColorTiming/Hero/Sequence/futou/gongji/hong/红色斧头蓄力（移动）_0010.png","Assets/Game/Sprites/ColorTiming/Hero/Sequences/Axe/Attack/Red/英雄_斧头_蓄力_移动_红色_0010.png",""
"Move","ba3d79b237ba20945ba09783e3a21a04","Assets/Game/Sprites/ColorTiming/Hero/Sequence/futou/gongji/hong/红色斧头蓄力（移动）_0011.png","Assets/Game/Sprites/ColorTiming/Hero/Sequences/Axe/Attack/Red/英雄_斧头_蓄力_移动_红色_0011.png",""
"Move","5efa614f708962644bc345ec01b193d5","Assets/Game/Sprites/ColorTiming/Hero/Sequence/futou/gongji/hong/红色斧头蓄力（移动）_0012.png","Assets/Game/Sprites/ColorTiming/Hero/Sequences/Axe/Attack/Red/英雄_斧头_蓄力_移动_红色_0012.png",""
"Move","760801c70ae34fd4dba19e6b5df37863","Assets/Game/Sprites/ColorTiming/Hero/Sequence/futou/gongji/hong/红色斧头蓄力（移动）_0013.png","Assets/Game/Sprites/ColorTiming/Hero/Sequences/Axe/Attack/Red/英雄_斧头_蓄力_移动_红色_0013.png",""
"Move","93d9a5dcec56fe046bf4b8d0e541005f","Assets/Game/Sprites/ColorTiming/Hero/Sequence/futou/gongji/hong/红色斧头蓄力（移动）_0014.png","Assets/Game/Sprites/ColorTiming/Hero/Sequences/Axe/Attack/Red/英雄_斧头_蓄力_移动_红色_0014.png",""
"Move","bd8e5aee7c982d14dba4a26c8201e23f","Assets/Game/Sprites/ColorTiming/Hero/Sequence/futou/gongji/hong/红色斧头蓄力（移动）_0015.png","Assets/Game/Sprites/ColorTiming/Hero/Sequences/Axe/Attack/Red/英雄_斧头_蓄力_移动_红色_0015.png",""
"Move","e9629aa2064ab634d98aafe4876ef9ab","Assets/Game/Sprites/ColorTiming/Hero/Sequence/futou/gongji/hong/红色斧头蓄力（移动）_0016.png","Assets/Game/Sprites/ColorTiming/Hero/Sequences/Axe/Attack/Red/英雄_斧头_蓄力_移动_红色_0016.png",""
"Move","ff2162e79a2a3464ebf4344abfd7e9a1","Assets/Game/Sprites/ColorTiming/Hero/Sequence/futou/gongji/hong/红色斧头蓄力（移动）_0017.png","Assets/Game/Sprites/ColorTiming/Hero/Sequences/Axe/Attack/Red/英雄_斧头_蓄力_移动_红色_0017.png",""
"Move","585aed92062117c4e837bd05cd3e3bce","Assets/Game/Sprites/ColorTiming/Hero/Sequence/futou/gongji/lv/gongji_futou_lv.anim","Assets/Game/Sprites/ColorTiming/Hero/Sequences/Axe/Attack/Green/Hero_Axe_Attack_Green.anim",""
"Move","a9025f7b89aabb4419125a1a2b2a2368","Assets/Game/Sprites/ColorTiming/Hero/Sequence/futou/gongji/lv/xuli_do_f_lv.anim","Assets/Game/Sprites/ColorTiming/Hero/Sequences/Axe/Attack/Green/Hero_Axe_Charge_Moving_Green.anim",""
"Move","b3c90da36e3c780438dc46c79a8fa4a6","Assets/Game/Sprites/ColorTiming/Hero/Sequence/futou/gongji/lv/xuli_yu_f_lv.anim","Assets/Game/Sprites/ColorTiming/Hero/Sequences/Axe/Attack/Green/Hero_Axe_Charge_Stationary_Green.anim",""
"Move","3d55dc92213cd004287e3c16fbcd8183","Assets/Game/Sprites/ColorTiming/Hero/Sequence/futou/gongji/lv/xuliw_do_f_lv.anim","Assets/Game/Sprites/ColorTiming/Hero/Sequences/Axe/Attack/Green/Hero_Axe_ChargeComplete_Moving_Green.anim",""
"Move","6c1a45b3c784073419ac55de05c0500c","Assets/Game/Sprites/ColorTiming/Hero/Sequence/futou/gongji/lv/xuliw_yu_f_lv.anim","Assets/Game/Sprites/ColorTiming/Hero/Sequences/Axe/Attack/Green/Hero_Axe_ChargeComplete_Stationary_Green.anim",""
"Move","b79ac9ecf210e6d4d980379d3fe300e9","Assets/Game/Sprites/ColorTiming/Hero/Sequence/futou/gongji/lv/绿色斧头攻击_0000.png","Assets/Game/Sprites/ColorTiming/Hero/Sequences/Axe/Attack/Green/英雄_斧头_攻击_绿色_0000.png",""
"Move","56aa59fb70658bf4abe0a4168bc32500","Assets/Game/Sprites/ColorTiming/Hero/Sequence/futou/gongji/lv/绿色斧头攻击_0001.png","Assets/Game/Sprites/ColorTiming/Hero/Sequences/Axe/Attack/Green/英雄_斧头_攻击_绿色_0001.png",""
"Move","b93d2380c72fa8243b03f627c1cd8ece","Assets/Game/Sprites/ColorTiming/Hero/Sequence/futou/gongji/lv/绿色斧头攻击_0002.png","Assets/Game/Sprites/ColorTiming/Hero/Sequences/Axe/Attack/Green/英雄_斧头_攻击_绿色_0002.png",""
"Move","148c2b8abe202414b86129a7f772f16d","Assets/Game/Sprites/ColorTiming/Hero/Sequence/futou/gongji/lv/绿色斧头攻击_0003.png","Assets/Game/Sprites/ColorTiming/Hero/Sequences/Axe/Attack/Green/英雄_斧头_攻击_绿色_0003.png",""
"Move","b19e53f6602cb4b4480747e8f411e25e","Assets/Game/Sprites/ColorTiming/Hero/Sequence/futou/gongji/lv/绿色斧头攻击_0004.png","Assets/Game/Sprites/ColorTiming/Hero/Sequences/Axe/Attack/Green/英雄_斧头_攻击_绿色_0004.png",""
"Move","bd89943ff30b1ce48ab90a1a2df04556","Assets/Game/Sprites/ColorTiming/Hero/Sequence/futou/gongji/lv/绿色斧头攻击_0005.png","Assets/Game/Sprites/ColorTiming/Hero/Sequences/Axe/Attack/Green/英雄_斧头_攻击_绿色_0005.png",""
"Move","54ff5a51702aa8d4b8a34598b0efb896","Assets/Game/Sprites/ColorTiming/Hero/Sequence/futou/gongji/lv/绿色斧头攻击_0006.png","Assets/Game/Sprites/ColorTiming/Hero/Sequences/Axe/Attack/Green/英雄_斧头_攻击_绿色_0006.png",""
"Move","702e9ce2d8d062042864628ee3af8b7f","Assets/Game/Sprites/ColorTiming/Hero/Sequence/futou/gongji/lv/绿色斧头攻击_0007.png","Assets/Game/Sprites/ColorTiming/Hero/Sequences/Axe/Attack/Green/英雄_斧头_攻击_绿色_0007.png",""
"Move","bf4b83af8f281d647b527f3016fb4a8f","Assets/Game/Sprites/ColorTiming/Hero/Sequence/futou/gongji/lv/绿色斧头攻击_0008.png","Assets/Game/Sprites/ColorTiming/Hero/Sequences/Axe/Attack/Green/英雄_斧头_攻击_绿色_0008.png",""
"Move","966145785b5772043b2c8c6f6c764690","Assets/Game/Sprites/ColorTiming/Hero/Sequence/futou/gongji/lv/绿色斧头攻击_0009.png","Assets/Game/Sprites/ColorTiming/Hero/Sequences/Axe/Attack/Green/英雄_斧头_攻击_绿色_0009.png",""
"Move","05cf4c1ed1de4e946af032323de87d0f","Assets/Game/Sprites/ColorTiming/Hero/Sequence/futou/gongji/lv/绿色斧头攻击_0010.png","Assets/Game/Sprites/ColorTiming/Hero/Sequences/Axe/Attack/Green/英雄_斧头_攻击_绿色_0010.png",""
"Move","10ff6436d4cbf164bbab20b69fe285ed","Assets/Game/Sprites/ColorTiming/Hero/Sequence/futou/gongji/lv/绿色斧头攻击_0011.png","Assets/Game/Sprites/ColorTiming/Hero/Sequences/Axe/Attack/Green/英雄_斧头_攻击_绿色_0011.png",""
"Move","5099e9fd32cd61d46b083edee15efc81","Assets/Game/Sprites/ColorTiming/Hero/Sequence/futou/gongji/lv/绿色斧头攻击_0012.png","Assets/Game/Sprites/ColorTiming/Hero/Sequences/Axe/Attack/Green/英雄_斧头_攻击_绿色_0012.png",""
"Move","8250cc9d5f3558147a46f83336fb85eb","Assets/Game/Sprites/ColorTiming/Hero/Sequence/futou/gongji/lv/绿色斧头攻击_0013.png","Assets/Game/Sprites/ColorTiming/Hero/Sequences/Axe/Attack/Green/英雄_斧头_攻击_绿色_0013.png",""
"Move","88cbbc6b816efd14a9dbeab0c6bbcf2d","Assets/Game/Sprites/ColorTiming/Hero/Sequence/futou/gongji/lv/绿色斧头攻击_0014.png","Assets/Game/Sprites/ColorTiming/Hero/Sequences/Axe/Attack/Green/英雄_斧头_攻击_绿色_0014.png",""
"Move","f43c8b482d1c9c049b2841cf71746ca1","Assets/Game/Sprites/ColorTiming/Hero/Sequence/futou/gongji/lv/绿色斧头攻击_0015.png","Assets/Game/Sprites/ColorTiming/Hero/Sequences/Axe/Attack/Green/英雄_斧头_攻击_绿色_0015.png",""
"Move","72fd3f5c5c41b424db8910ac0e3e9a36","Assets/Game/Sprites/ColorTiming/Hero/Sequence/futou/gongji/lv/绿色斧头攻击_0016.png","Assets/Game/Sprites/ColorTiming/Hero/Sequences/Axe/Attack/Green/英雄_斧头_攻击_绿色_0016.png",""
"Move","e6067aed617ffc941aca7e848de4b54a","Assets/Game/Sprites/ColorTiming/Hero/Sequence/futou/gongji/lv/绿色斧头蓄力完成（原地）_0000.png","Assets/Game/Sprites/ColorTiming/Hero/Sequences/Axe/Attack/Green/英雄_斧头_蓄力_完成_原地_绿色_0000.png",""
"Move","a48c5047e7c873647a9dd78b0c1ecb42","Assets/Game/Sprites/ColorTiming/Hero/Sequence/futou/gongji/lv/绿色斧头蓄力完成（原地）_0001.png","Assets/Game/Sprites/ColorTiming/Hero/Sequences/Axe/Attack/Green/英雄_斧头_蓄力_完成_原地_绿色_0001.png",""
"Move","98327d50e065e3d46baeff753d4e4a3f","Assets/Game/Sprites/ColorTiming/Hero/Sequence/futou/gongji/lv/绿色斧头蓄力完成（原地）_0002.png","Assets/Game/Sprites/ColorTiming/Hero/Sequences/Axe/Attack/Green/英雄_斧头_蓄力_完成_原地_绿色_0002.png",""
"Move","fd10baa67442a5e44b22954bb0c71faa","Assets/Game/Sprites/ColorTiming/Hero/Sequence/futou/gongji/lv/绿色斧头蓄力完成（原地）_0003.png","Assets/Game/Sprites/ColorTiming/Hero/Sequences/Axe/Attack/Green/英雄_斧头_蓄力_完成_原地_绿色_0003.png",""
"Move","40ab0f25f37619b4a9b199af185b7482","Assets/Game/Sprites/ColorTiming/Hero/Sequence/futou/gongji/lv/绿色斧头蓄力完成（移动）_0000.png","Assets/Game/Sprites/ColorTiming/Hero/Sequences/Axe/Attack/Green/英雄_斧头_蓄力_完成_移动_绿色_0000.png",""
"Move","e3460c754130fc249a0d775a4be0c9c4","Assets/Game/Sprites/ColorTiming/Hero/Sequence/futou/gongji/lv/绿色斧头蓄力完成（移动）_0001.png","Assets/Game/Sprites/ColorTiming/Hero/Sequences/Axe/Attack/Green/英雄_斧头_蓄力_完成_移动_绿色_0001.png",""
"Move","8566090a53b42b443be8e1efe416c32f","Assets/Game/Sprites/ColorTiming/Hero/Sequence/futou/gongji/lv/绿色斧头蓄力完成（移动）_0002.png","Assets/Game/Sprites/ColorTiming/Hero/Sequences/Axe/Attack/Green/英雄_斧头_蓄力_完成_移动_绿色_0002.png",""
"Move","422c5bfe6da9f194f92ab76ef3575468","Assets/Game/Sprites/ColorTiming/Hero/Sequence/futou/gongji/lv/绿色斧头蓄力完成（移动）_0003.png","Assets/Game/Sprites/ColorTiming/Hero/Sequences/Axe/Attack/Green/英雄_斧头_蓄力_完成_移动_绿色_0003.png",""
"Move","2953f0c1c408a004195fc6f50f3bf28a","Assets/Game/Sprites/ColorTiming/Hero/Sequence/futou/gongji/lv/绿色斧头蓄力完成（移动）_0004.png","Assets/Game/Sprites/ColorTiming/Hero/Sequences/Axe/Attack/Green/英雄_斧头_蓄力_完成_移动_绿色_0004.png",""
"Move","a1f07844681fab940b6d741887cc9258","Assets/Game/Sprites/ColorTiming/Hero/Sequence/futou/gongji/lv/绿色斧头蓄力完成（移动）_0005.png","Assets/Game/Sprites/ColorTiming/Hero/Sequences/Axe/Attack/Green/英雄_斧头_蓄力_完成_移动_绿色_0005.png",""
"Move","67959c13759f5eb4f8f9f6fc2380754a","Assets/Game/Sprites/ColorTiming/Hero/Sequence/futou/gongji/lv/绿色斧头蓄力（原地）_0000.png","Assets/Game/Sprites/ColorTiming/Hero/Sequences/Axe/Attack/Green/英雄_斧头_蓄力_原地_绿色_0000.png",""
"Move","e98cc87ec60ea064fb5167d550ff7b8a","Assets/Game/Sprites/ColorTiming/Hero/Sequence/futou/gongji/lv/绿色斧头蓄力（原地）_0001.png","Assets/Game/Sprites/ColorTiming/Hero/Sequences/Axe/Attack/Green/英雄_斧头_蓄力_原地_绿色_0001.png",""
"Move","774563ba564e53c4fa8ba92f46cbe8f8","Assets/Game/Sprites/ColorTiming/Hero/Sequence/futou/gongji/lv/绿色斧头蓄力（原地）_0002.png","Assets/Game/Sprites/ColorTiming/Hero/Sequences/Axe/Attack/Green/英雄_斧头_蓄力_原地_绿色_0002.png",""
"Move","f1d40ece675e73d41abc3a02f6f41e0a","Assets/Game/Sprites/ColorTiming/Hero/Sequence/futou/gongji/lv/绿色斧头蓄力（原地）_0003.png","Assets/Game/Sprites/ColorTiming/Hero/Sequences/Axe/Attack/Green/英雄_斧头_蓄力_原地_绿色_0003.png",""
"Move","98abf00e98f3d364cb1568b815ed7a83","Assets/Game/Sprites/ColorTiming/Hero/Sequence/futou/gongji/lv/绿色斧头蓄力（原地）_0004.png","Assets/Game/Sprites/ColorTiming/Hero/Sequences/Axe/Attack/Green/英雄_斧头_蓄力_原地_绿色_0004.png",""
"Move","0646169f86164494eba9bcfa07eb6e74","Assets/Game/Sprites/ColorTiming/Hero/Sequence/futou/gongji/lv/绿色斧头蓄力（原地）_0005.png","Assets/Game/Sprites/ColorTiming/Hero/Sequences/Axe/Attack/Green/英雄_斧头_蓄力_原地_绿色_0005.png",""
"Move","15298f8579e7f924c8712b02b29894ba","Assets/Game/Sprites/ColorTiming/Hero/Sequence/futou/gongji/lv/绿色斧头蓄力（原地）_0006.png","Assets/Game/Sprites/ColorTiming/Hero/Sequences/Axe/Attack/Green/英雄_斧头_蓄力_原地_绿色_0006.png",""
"Move","558d8de9d0504a94ba246e7ac7606fb1","Assets/Game/Sprites/ColorTiming/Hero/Sequence/futou/gongji/lv/绿色斧头蓄力（原地）_0007.png","Assets/Game/Sprites/ColorTiming/Hero/Sequences/Axe/Attack/Green/英雄_斧头_蓄力_原地_绿色_0007.png",""
"Move","ad3bf16419b396d4e99245c66c0d7ea6","Assets/Game/Sprites/ColorTiming/Hero/Sequence/futou/gongji/lv/绿色斧头蓄力（原地）_0008.png","Assets/Game/Sprites/ColorTiming/Hero/Sequences/Axe/Attack/Green/英雄_斧头_蓄力_原地_绿色_0008.png",""
"Move","7ae0d1e7d5de6fa4ba4179b7db97c0c6","Assets/Game/Sprites/ColorTiming/Hero/Sequence/futou/gongji/lv/绿色斧头蓄力（原地）_0009.png","Assets/Game/Sprites/ColorTiming/Hero/Sequences/Axe/Attack/Green/英雄_斧头_蓄力_原地_绿色_0009.png",""
"Move","6d8594390258d1041a1a43cfeb92d18e","Assets/Game/Sprites/ColorTiming/Hero/Sequence/futou/gongji/lv/绿色斧头蓄力（原地）_0010.png","Assets/Game/Sprites/ColorTiming/Hero/Sequences/Axe/Attack/Green/英雄_斧头_蓄力_原地_绿色_0010.png",""
"Move","381672ea5dd0769448d27e42a298a113","Assets/Game/Sprites/ColorTiming/Hero/Sequence/futou/gongji/lv/绿色斧头蓄力（原地）_0011.png","Assets/Game/Sprites/ColorTiming/Hero/Sequences/Axe/Attack/Green/英雄_斧头_蓄力_原地_绿色_0011.png",""
"Move","b7d805ddb051b8b44b23d841033c0d4d","Assets/Game/Sprites/ColorTiming/Hero/Sequence/futou/gongji/lv/绿色斧头蓄力（原地）_0012.png","Assets/Game/Sprites/ColorTiming/Hero/Sequences/Axe/Attack/Green/英雄_斧头_蓄力_原地_绿色_0012.png",""
"Move","95900fcd3521dba4cae056fe139772da","Assets/Game/Sprites/ColorTiming/Hero/Sequence/futou/gongji/lv/绿色斧头蓄力（原地）_0013.png","Assets/Game/Sprites/ColorTiming/Hero/Sequences/Axe/Attack/Green/英雄_斧头_蓄力_原地_绿色_0013.png",""
"Move","1b973c41c5dc5b845b405106da7b569f","Assets/Game/Sprites/ColorTiming/Hero/Sequence/futou/gongji/lv/绿色斧头蓄力（原地）_0014.png","Assets/Game/Sprites/ColorTiming/Hero/Sequences/Axe/Attack/Green/英雄_斧头_蓄力_原地_绿色_0014.png",""
"Move","c980d29921299614e9d91977e6493127","Assets/Game/Sprites/ColorTiming/Hero/Sequence/futou/gongji/lv/绿色斧头蓄力（原地）_0015.png","Assets/Game/Sprites/ColorTiming/Hero/Sequences/Axe/Attack/Green/英雄_斧头_蓄力_原地_绿色_0015.png",""
"Move","6d78e2ea942a5e14c8fa755ea6b7d2b5","Assets/Game/Sprites/ColorTiming/Hero/Sequence/futou/gongji/lv/绿色斧头蓄力（原地）_0016.png","Assets/Game/Sprites/ColorTiming/Hero/Sequences/Axe/Attack/Green/英雄_斧头_蓄力_原地_绿色_0016.png",""
"Move","8cdc7f065f1d3db4a9e4df7e900887c6","Assets/Game/Sprites/ColorTiming/Hero/Sequence/futou/gongji/lv/绿色斧头蓄力（原地）_0017.png","Assets/Game/Sprites/ColorTiming/Hero/Sequences/Axe/Attack/Green/英雄_斧头_蓄力_原地_绿色_0017.png",""
"Move","90a5353974fcbf044b3dc5a9f5a62896","Assets/Game/Sprites/ColorTiming/Hero/Sequence/futou/gongji/lv/绿色斧头蓄力（移动）_0000.png","Assets/Game/Sprites/ColorTiming/Hero/Sequences/Axe/Attack/Green/英雄_斧头_蓄力_移动_绿色_0000.png",""
"Move","6d96bedf05ed5f64fa3827caeb87e4c3","Assets/Game/Sprites/ColorTiming/Hero/Sequence/futou/gongji/lv/绿色斧头蓄力（移动）_0001.png","Assets/Game/Sprites/ColorTiming/Hero/Sequences/Axe/Attack/Green/英雄_斧头_蓄力_移动_绿色_0001.png",""
"Move","083b1d56c8b28614ebe8dfcd11f6801f","Assets/Game/Sprites/ColorTiming/Hero/Sequence/futou/gongji/lv/绿色斧头蓄力（移动）_0002.png","Assets/Game/Sprites/ColorTiming/Hero/Sequences/Axe/Attack/Green/英雄_斧头_蓄力_移动_绿色_0002.png",""
"Move","4b581c463b133bb418144b531f44ec26","Assets/Game/Sprites/ColorTiming/Hero/Sequence/futou/gongji/lv/绿色斧头蓄力（移动）_0003.png","Assets/Game/Sprites/ColorTiming/Hero/Sequences/Axe/Attack/Green/英雄_斧头_蓄力_移动_绿色_0003.png",""
"Move","25e33964e4ec77c4188c7a56e3f5e0b1","Assets/Game/Sprites/ColorTiming/Hero/Sequence/futou/gongji/lv/绿色斧头蓄力（移动）_0004.png","Assets/Game/Sprites/ColorTiming/Hero/Sequences/Axe/Attack/Green/英雄_斧头_蓄力_移动_绿色_0004.png",""
"Move","ea9878606dccf154b801ea9387931eaa","Assets/Game/Sprites/ColorTiming/Hero/Sequence/futou/gongji/lv/绿色斧头蓄力（移动）_0005.png","Assets/Game/Sprites/ColorTiming/Hero/Sequences/Axe/Attack/Green/英雄_斧头_蓄力_移动_绿色_0005.png",""
"Move","57df94d2fca7c7849bcf65e418160f2c","Assets/Game/Sprites/ColorTiming/Hero/Sequence/futou/gongji/lv/绿色斧头蓄力（移动）_0006.png","Assets/Game/Sprites/ColorTiming/Hero/Sequences/Axe/Attack/Green/英雄_斧头_蓄力_移动_绿色_0006.png",""
"Move","221db8f10bf8e61458e3aa5f17b2c4c0","Assets/Game/Sprites/ColorTiming/Hero/Sequence/futou/gongji/lv/绿色斧头蓄力（移动）_0007.png","Assets/Game/Sprites/ColorTiming/Hero/Sequences/Axe/Attack/Green/英雄_斧头_蓄力_移动_绿色_0007.png",""
"Move","14786e8dced2ffa4c85aaec3710cbf03","Assets/Game/Sprites/ColorTiming/Hero/Sequence/futou/gongji/lv/绿色斧头蓄力（移动）_0008.png","Assets/Game/Sprites/ColorTiming/Hero/Sequences/Axe/Attack/Green/英雄_斧头_蓄力_移动_绿色_0008.png",""
"Move","64e312b882783f94890416f983297018","Assets/Game/Sprites/ColorTiming/Hero/Sequence/futou/gongji/lv/绿色斧头蓄力（移动）_0009.png","Assets/Game/Sprites/ColorTiming/Hero/Sequences/Axe/Attack/Green/英雄_斧头_蓄力_移动_绿色_0009.png",""
"Move","d8f1149f8f724fd4e838f89473ccf280","Assets/Game/Sprites/ColorTiming/Hero/Sequence/futou/gongji/lv/绿色斧头蓄力（移动）_0010.png","Assets/Game/Sprites/ColorTiming/Hero/Sequences/Axe/Attack/Green/英雄_斧头_蓄力_移动_绿色_0010.png",""
"Move","488426a843884b246bcae11b846977d3","Assets/Game/Sprites/ColorTiming/Hero/Sequence/futou/gongji/lv/绿色斧头蓄力（移动）_0011.png","Assets/Game/Sprites/ColorTiming/Hero/Sequences/Axe/Attack/Green/英雄_斧头_蓄力_移动_绿色_0011.png",""
"Move","6b8c4c130e66de64281b3d0d4a0b8e86","Assets/Game/Sprites/ColorTiming/Hero/Sequence/futou/gongji/lv/绿色斧头蓄力（移动）_0012.png","Assets/Game/Sprites/ColorTiming/Hero/Sequences/Axe/Attack/Green/英雄_斧头_蓄力_移动_绿色_0012.png",""
"Move","f35ae10e2c347e44eac84cde7c04b548","Assets/Game/Sprites/ColorTiming/Hero/Sequence/futou/gongji/lv/绿色斧头蓄力（移动）_0013.png","Assets/Game/Sprites/ColorTiming/Hero/Sequences/Axe/Attack/Green/英雄_斧头_蓄力_移动_绿色_0013.png",""
"Move","efe89df10c73cf74e90f1d56414eda5e","Assets/Game/Sprites/ColorTiming/Hero/Sequence/futou/gongji/lv/绿色斧头蓄力（移动）_0014.png","Assets/Game/Sprites/ColorTiming/Hero/Sequences/Axe/Attack/Green/英雄_斧头_蓄力_移动_绿色_0014.png",""
"Move","96f30c217bdedda4c8025e03809b278e","Assets/Game/Sprites/ColorTiming/Hero/Sequence/futou/gongji/lv/绿色斧头蓄力（移动）_0015.png","Assets/Game/Sprites/ColorTiming/Hero/Sequences/Axe/Attack/Green/英雄_斧头_蓄力_移动_绿色_0015.png",""
"Move","1f07974a417b6194fad030fb7771e33f","Assets/Game/Sprites/ColorTiming/Hero/Sequence/futou/gongji/lv/绿色斧头蓄力（移动）_0016.png","Assets/Game/Sprites/ColorTiming/Hero/Sequences/Axe/Attack/Green/英雄_斧头_蓄力_移动_绿色_0016.png",""
"Move","2f76983770ab1874395f1ccc8659ea95","Assets/Game/Sprites/ColorTiming/Hero/Sequence/futou/gongji/lv/绿色斧头蓄力（移动）_0017.png","Assets/Game/Sprites/ColorTiming/Hero/Sequences/Axe/Attack/Green/英雄_斧头_蓄力_移动_绿色_0017.png",""
"Move","108de40890c46f94399a90ad6348e3f0","Assets/Game/Sprites/ColorTiming/Hero/Sequence/futou/gongji/skill/sk_futou.anim","Assets/Game/Sprites/ColorTiming/Hero/Sequences/Axe/Skill/Hero_Axe_Skill.anim",""
"Move","a63be7d0f84829b43a52d1a32a54a7d5","Assets/Game/Sprites/ColorTiming/Hero/Sequence/futou/gongji/skill/sk_futou.controller","Assets/Game/Sprites/ColorTiming/Hero/Sequences/Axe/Skill/Hero_Axe_Skill.controller",""
"Move","24ab35a5d28b0ee419ed43abedac56c4","Assets/Game/Sprites/ColorTiming/Hero/Sequence/futou/gongji/zhi/gongji_futou_zhi.anim","Assets/Game/Sprites/ColorTiming/Hero/Sequences/Axe/Attack/Purple/Hero_Axe_Attack_Purple.anim",""
"Move","f2ce63319c1878840832d145512c101b","Assets/Game/Sprites/ColorTiming/Hero/Sequence/futou/gongji/zhi/xuli_do_f_zhi.anim","Assets/Game/Sprites/ColorTiming/Hero/Sequences/Axe/Attack/Purple/Hero_Axe_Charge_Moving_Purple.anim",""
"Move","151fe6410cb029c4196b75804221607d","Assets/Game/Sprites/ColorTiming/Hero/Sequence/futou/gongji/zhi/xuli_yu_f_zhi.anim","Assets/Game/Sprites/ColorTiming/Hero/Sequences/Axe/Attack/Purple/Hero_Axe_Charge_Stationary_Purple.anim",""
"Move","996a06d9ea3abae45aaf518d6d1cfea4","Assets/Game/Sprites/ColorTiming/Hero/Sequence/futou/gongji/zhi/xuliw_do_f_zhi.anim","Assets/Game/Sprites/ColorTiming/Hero/Sequences/Axe/Attack/Purple/Hero_Axe_ChargeComplete_Moving_Purple.anim",""
"Move","6ebda736d5351c944b2ca2e298d19a8c","Assets/Game/Sprites/ColorTiming/Hero/Sequence/futou/gongji/zhi/xuliw_yu_f_zhi.anim","Assets/Game/Sprites/ColorTiming/Hero/Sequences/Axe/Attack/Purple/Hero_Axe_ChargeComplete_Stationary_Purple.anim",""
"Move","31ec097f0ac8d5b499a5f1d274e491db","Assets/Game/Sprites/ColorTiming/Hero/Sequence/futou/gongji/zhi/紫色斧头攻击_0000.png","Assets/Game/Sprites/ColorTiming/Hero/Sequences/Axe/Attack/Purple/英雄_斧头_攻击_紫色_0000.png",""
"Move","9216f5f99b608e148b17f0fddbacc510","Assets/Game/Sprites/ColorTiming/Hero/Sequence/futou/gongji/zhi/紫色斧头攻击_0001.png","Assets/Game/Sprites/ColorTiming/Hero/Sequences/Axe/Attack/Purple/英雄_斧头_攻击_紫色_0001.png",""
"Move","bd9d6faf7772a164fa15808313b7f37e","Assets/Game/Sprites/ColorTiming/Hero/Sequence/futou/gongji/zhi/紫色斧头攻击_0002.png","Assets/Game/Sprites/ColorTiming/Hero/Sequences/Axe/Attack/Purple/英雄_斧头_攻击_紫色_0002.png",""
"Move","78e2abb9f6c21df4e955604daa2df899","Assets/Game/Sprites/ColorTiming/Hero/Sequence/futou/gongji/zhi/紫色斧头攻击_0003.png","Assets/Game/Sprites/ColorTiming/Hero/Sequences/Axe/Attack/Purple/英雄_斧头_攻击_紫色_0003.png",""
"Move","9a7d472cadd3f764d9717e67a9eeecde","Assets/Game/Sprites/ColorTiming/Hero/Sequence/futou/gongji/zhi/紫色斧头攻击_0004.png","Assets/Game/Sprites/ColorTiming/Hero/Sequences/Axe/Attack/Purple/英雄_斧头_攻击_紫色_0004.png",""
"Move","3a7fda44e43c0d7469c00e3f61d17991","Assets/Game/Sprites/ColorTiming/Hero/Sequence/futou/gongji/zhi/紫色斧头攻击_0005.png","Assets/Game/Sprites/ColorTiming/Hero/Sequences/Axe/Attack/Purple/英雄_斧头_攻击_紫色_0005.png",""
"Move","ea725e0b4efb4574aa2ebd0d91d21bc3","Assets/Game/Sprites/ColorTiming/Hero/Sequence/futou/gongji/zhi/紫色斧头攻击_0006.png","Assets/Game/Sprites/ColorTiming/Hero/Sequences/Axe/Attack/Purple/英雄_斧头_攻击_紫色_0006.png",""
"Move","76ee61ab00eb8544b8a74ff49cf211b2","Assets/Game/Sprites/ColorTiming/Hero/Sequence/futou/gongji/zhi/紫色斧头攻击_0007.png","Assets/Game/Sprites/ColorTiming/Hero/Sequences/Axe/Attack/Purple/英雄_斧头_攻击_紫色_0007.png",""
"Move","f72ca609c7268544ba4fb3c54c721114","Assets/Game/Sprites/ColorTiming/Hero/Sequence/futou/gongji/zhi/紫色斧头攻击_0008.png","Assets/Game/Sprites/ColorTiming/Hero/Sequences/Axe/Attack/Purple/英雄_斧头_攻击_紫色_0008.png",""
"Move","7677989e16f0c0b4793d2984f716a64d","Assets/Game/Sprites/ColorTiming/Hero/Sequence/futou/gongji/zhi/紫色斧头攻击_0009.png","Assets/Game/Sprites/ColorTiming/Hero/Sequences/Axe/Attack/Purple/英雄_斧头_攻击_紫色_0009.png",""
"Move","c43144aab06ae4045afbce949dd70509","Assets/Game/Sprites/ColorTiming/Hero/Sequence/futou/gongji/zhi/紫色斧头攻击_0010.png","Assets/Game/Sprites/ColorTiming/Hero/Sequences/Axe/Attack/Purple/英雄_斧头_攻击_紫色_0010.png",""
"Move","26e99b8ac4088b4478f0413169a81446","Assets/Game/Sprites/ColorTiming/Hero/Sequence/futou/gongji/zhi/紫色斧头攻击_0011.png","Assets/Game/Sprites/ColorTiming/Hero/Sequences/Axe/Attack/Purple/英雄_斧头_攻击_紫色_0011.png",""
"Move","0a41382aa0e254547bbff09187f7c1f4","Assets/Game/Sprites/ColorTiming/Hero/Sequence/futou/gongji/zhi/紫色斧头攻击_0012.png","Assets/Game/Sprites/ColorTiming/Hero/Sequences/Axe/Attack/Purple/英雄_斧头_攻击_紫色_0012.png",""
"Move","981c46a3ce15d9842ae47a325a82d48a","Assets/Game/Sprites/ColorTiming/Hero/Sequence/futou/gongji/zhi/紫色斧头攻击_0013.png","Assets/Game/Sprites/ColorTiming/Hero/Sequences/Axe/Attack/Purple/英雄_斧头_攻击_紫色_0013.png",""
"Move","c8907184e2dd56541868feb9779ded04","Assets/Game/Sprites/ColorTiming/Hero/Sequence/futou/gongji/zhi/紫色斧头攻击_0014.png","Assets/Game/Sprites/ColorTiming/Hero/Sequences/Axe/Attack/Purple/英雄_斧头_攻击_紫色_0014.png",""
"Move","ccdc59eb554d87f4bb48df5ada3a1890","Assets/Game/Sprites/ColorTiming/Hero/Sequence/futou/gongji/zhi/紫色斧头攻击_0015.png","Assets/Game/Sprites/ColorTiming/Hero/Sequences/Axe/Attack/Purple/英雄_斧头_攻击_紫色_0015.png",""
"Move","91c43f1268d96cd4fbc33e76a0662205","Assets/Game/Sprites/ColorTiming/Hero/Sequence/futou/gongji/zhi/紫色斧头攻击_0016.png","Assets/Game/Sprites/ColorTiming/Hero/Sequences/Axe/Attack/Purple/英雄_斧头_攻击_紫色_0016.png",""
"Move","b1781f6bf5158994e9cd39b6b475fc2f","Assets/Game/Sprites/ColorTiming/Hero/Sequence/futou/gongji/zhi/紫色斧头蓄力(原地）_0004.png","Assets/Game/Sprites/ColorTiming/Hero/Sequences/Axe/Attack/Purple/英雄_斧头_蓄力_原地_紫色_重复副本_0004.png",""
"Move","f0eee939ae982cf4e83d3dd9c8a2f1a6","Assets/Game/Sprites/ColorTiming/Hero/Sequence/futou/gongji/zhi/紫色斧头蓄力完成（原地）_0000.png","Assets/Game/Sprites/ColorTiming/Hero/Sequences/Axe/Attack/Purple/英雄_斧头_蓄力_完成_原地_紫色_0000.png",""
"Move","15e7287cd43d8ec44b17b3a97a31912c","Assets/Game/Sprites/ColorTiming/Hero/Sequence/futou/gongji/zhi/紫色斧头蓄力完成（原地）_0001.png","Assets/Game/Sprites/ColorTiming/Hero/Sequences/Axe/Attack/Purple/英雄_斧头_蓄力_完成_原地_紫色_0001.png",""
"Move","992bc2cb4c3a8d44f811f432221567a3","Assets/Game/Sprites/ColorTiming/Hero/Sequence/futou/gongji/zhi/紫色斧头蓄力完成（原地）_0002.png","Assets/Game/Sprites/ColorTiming/Hero/Sequences/Axe/Attack/Purple/英雄_斧头_蓄力_完成_原地_紫色_0002.png",""
"Move","7b34a46089b017f4bbac1e3c826656cf","Assets/Game/Sprites/ColorTiming/Hero/Sequence/futou/gongji/zhi/紫色斧头蓄力完成（原地）_0003.png","Assets/Game/Sprites/ColorTiming/Hero/Sequences/Axe/Attack/Purple/英雄_斧头_蓄力_完成_原地_紫色_0003.png",""
"Move","99f8047237c20ff41bcc8c58c927302e","Assets/Game/Sprites/ColorTiming/Hero/Sequence/futou/gongji/zhi/紫色斧头蓄力完成（移动）_0000.png","Assets/Game/Sprites/ColorTiming/Hero/Sequences/Axe/Attack/Purple/英雄_斧头_蓄力_完成_移动_紫色_0000.png",""
"Move","da2930bfa1f10384696b8c8ef09962cf","Assets/Game/Sprites/ColorTiming/Hero/Sequence/futou/gongji/zhi/紫色斧头蓄力完成（移动）_0001.png","Assets/Game/Sprites/ColorTiming/Hero/Sequences/Axe/Attack/Purple/英雄_斧头_蓄力_完成_移动_紫色_0001.png",""
"Move","8ce7049d46fb9b349a691ef3c40e5103","Assets/Game/Sprites/ColorTiming/Hero/Sequence/futou/gongji/zhi/紫色斧头蓄力完成（移动）_0002.png","Assets/Game/Sprites/ColorTiming/Hero/Sequences/Axe/Attack/Purple/英雄_斧头_蓄力_完成_移动_紫色_0002.png",""
"Move","8eb621a60c6a6f243b6c18d51bd7195b","Assets/Game/Sprites/ColorTiming/Hero/Sequence/futou/gongji/zhi/紫色斧头蓄力完成（移动）_0003.png","Assets/Game/Sprites/ColorTiming/Hero/Sequences/Axe/Attack/Purple/英雄_斧头_蓄力_完成_移动_紫色_0003.png",""
"Move","cc909b7daac114248aef5a45675b6ef4","Assets/Game/Sprites/ColorTiming/Hero/Sequence/futou/gongji/zhi/紫色斧头蓄力完成（移动）_0004.png","Assets/Game/Sprites/ColorTiming/Hero/Sequences/Axe/Attack/Purple/英雄_斧头_蓄力_完成_移动_紫色_0004.png",""
"Move","04a241620b502104ab8588deb4b83f3d","Assets/Game/Sprites/ColorTiming/Hero/Sequence/futou/gongji/zhi/紫色斧头蓄力完成（移动）_0005.png","Assets/Game/Sprites/ColorTiming/Hero/Sequences/Axe/Attack/Purple/英雄_斧头_蓄力_完成_移动_紫色_0005.png",""
"Move","9981367f1723cd2468d774c8ae595ae5","Assets/Game/Sprites/ColorTiming/Hero/Sequence/futou/gongji/zhi/紫色斧头蓄力（原地）_0000.png","Assets/Game/Sprites/ColorTiming/Hero/Sequences/Axe/Attack/Purple/英雄_斧头_蓄力_原地_紫色_0000.png",""
"Move","160b562d86a139c46b91753a864a718b","Assets/Game/Sprites/ColorTiming/Hero/Sequence/futou/gongji/zhi/紫色斧头蓄力（原地）_0001.png","Assets/Game/Sprites/ColorTiming/Hero/Sequences/Axe/Attack/Purple/英雄_斧头_蓄力_原地_紫色_0001.png",""
"Move","f0c6fb798c17831479ef3713ad0298d6","Assets/Game/Sprites/ColorTiming/Hero/Sequence/futou/gongji/zhi/紫色斧头蓄力（原地）_0002.png","Assets/Game/Sprites/ColorTiming/Hero/Sequences/Axe/Attack/Purple/英雄_斧头_蓄力_原地_紫色_0002.png",""
"Move","3754ad44a958f41499124004d1b5e675","Assets/Game/Sprites/ColorTiming/Hero/Sequence/futou/gongji/zhi/紫色斧头蓄力（原地）_0003.png","Assets/Game/Sprites/ColorTiming/Hero/Sequences/Axe/Attack/Purple/英雄_斧头_蓄力_原地_紫色_0003.png",""
"Move","4bb0e64815385b049ae22e1379c5683b","Assets/Game/Sprites/ColorTiming/Hero/Sequence/futou/gongji/zhi/紫色斧头蓄力（原地）_0004.png","Assets/Game/Sprites/ColorTiming/Hero/Sequences/Axe/Attack/Purple/英雄_斧头_蓄力_原地_紫色_0004.png",""
"Move","ecf48e6e6ea16024da2f104bc873e789","Assets/Game/Sprites/ColorTiming/Hero/Sequence/futou/gongji/zhi/紫色斧头蓄力（原地）_0005.png","Assets/Game/Sprites/ColorTiming/Hero/Sequences/Axe/Attack/Purple/英雄_斧头_蓄力_原地_紫色_0005.png",""
"Move","cc4b62b5eef14d24386f03cad07059c2","Assets/Game/Sprites/ColorTiming/Hero/Sequence/futou/gongji/zhi/紫色斧头蓄力（原地）_0006.png","Assets/Game/Sprites/ColorTiming/Hero/Sequences/Axe/Attack/Purple/英雄_斧头_蓄力_原地_紫色_0006.png",""
"Move","44bf0c1c51482cd4ba6020df512118ba","Assets/Game/Sprites/ColorTiming/Hero/Sequence/futou/gongji/zhi/紫色斧头蓄力（原地）_0007.png","Assets/Game/Sprites/ColorTiming/Hero/Sequences/Axe/Attack/Purple/英雄_斧头_蓄力_原地_紫色_0007.png",""
"Move","a178c186fadad3042b6cad2cf6fddd43","Assets/Game/Sprites/ColorTiming/Hero/Sequence/futou/gongji/zhi/紫色斧头蓄力（原地）_0008.png","Assets/Game/Sprites/ColorTiming/Hero/Sequences/Axe/Attack/Purple/英雄_斧头_蓄力_原地_紫色_0008.png",""
"Move","1a22fd56eae0a8a47bd943b48a0d15de","Assets/Game/Sprites/ColorTiming/Hero/Sequence/futou/gongji/zhi/紫色斧头蓄力（原地）_0009.png","Assets/Game/Sprites/ColorTiming/Hero/Sequences/Axe/Attack/Purple/英雄_斧头_蓄力_原地_紫色_0009.png",""
"Move","e180af445862c094cbe45876c6277786","Assets/Game/Sprites/ColorTiming/Hero/Sequence/futou/gongji/zhi/紫色斧头蓄力（原地）_0010.png","Assets/Game/Sprites/ColorTiming/Hero/Sequences/Axe/Attack/Purple/英雄_斧头_蓄力_原地_紫色_0010.png",""
"Move","5f2f3284895421b4a9119b34eacb5491","Assets/Game/Sprites/ColorTiming/Hero/Sequence/futou/gongji/zhi/紫色斧头蓄力（原地）_0011.png","Assets/Game/Sprites/ColorTiming/Hero/Sequences/Axe/Attack/Purple/英雄_斧头_蓄力_原地_紫色_0011.png",""
"Move","e9d4840d6075d6449a2660cfecad59bb","Assets/Game/Sprites/ColorTiming/Hero/Sequence/futou/gongji/zhi/紫色斧头蓄力（原地）_0012.png","Assets/Game/Sprites/ColorTiming/Hero/Sequences/Axe/Attack/Purple/英雄_斧头_蓄力_原地_紫色_0012.png",""
"Move","fb4a4e371834c46408c63df6628c4d92","Assets/Game/Sprites/ColorTiming/Hero/Sequence/futou/gongji/zhi/紫色斧头蓄力（原地）_0013.png","Assets/Game/Sprites/ColorTiming/Hero/Sequences/Axe/Attack/Purple/英雄_斧头_蓄力_原地_紫色_0013.png",""
"Move","e9008119572d90a44a62bc7b5efba51d","Assets/Game/Sprites/ColorTiming/Hero/Sequence/futou/gongji/zhi/紫色斧头蓄力（原地）_0014.png","Assets/Game/Sprites/ColorTiming/Hero/Sequences/Axe/Attack/Purple/英雄_斧头_蓄力_原地_紫色_0014.png",""
"Move","5249c5d6e0eb61b4d93bc34cd49b3739","Assets/Game/Sprites/ColorTiming/Hero/Sequence/futou/gongji/zhi/紫色斧头蓄力（原地）_0015.png","Assets/Game/Sprites/ColorTiming/Hero/Sequences/Axe/Attack/Purple/英雄_斧头_蓄力_原地_紫色_0015.png",""
"Move","eea4cb11557456848b29f7579572f2ae","Assets/Game/Sprites/ColorTiming/Hero/Sequence/futou/gongji/zhi/紫色斧头蓄力（原地）_0016.png","Assets/Game/Sprites/ColorTiming/Hero/Sequences/Axe/Attack/Purple/英雄_斧头_蓄力_原地_紫色_0016.png",""
"Move","a7418ec8b2a40b045aa7445855942df7","Assets/Game/Sprites/ColorTiming/Hero/Sequence/futou/gongji/zhi/紫色斧头蓄力（原地）_0017.png","Assets/Game/Sprites/ColorTiming/Hero/Sequences/Axe/Attack/Purple/英雄_斧头_蓄力_原地_紫色_0017.png",""
"Move","6eedfdf55c8fe124ea0b7dc6d02bb101","Assets/Game/Sprites/ColorTiming/Hero/Sequence/futou/gongji/zhi/紫色斧头蓄力（移动）_0000.png","Assets/Game/Sprites/ColorTiming/Hero/Sequences/Axe/Attack/Purple/英雄_斧头_蓄力_移动_紫色_0000.png",""
"Move","75208aba006895f4d8761f2322b6c94d","Assets/Game/Sprites/ColorTiming/Hero/Sequence/futou/gongji/zhi/紫色斧头蓄力（移动）_0001.png","Assets/Game/Sprites/ColorTiming/Hero/Sequences/Axe/Attack/Purple/英雄_斧头_蓄力_移动_紫色_0001.png",""
"Move","99f182eed1c30144c85ed763d64a8280","Assets/Game/Sprites/ColorTiming/Hero/Sequence/futou/gongji/zhi/紫色斧头蓄力（移动）_0002.png","Assets/Game/Sprites/ColorTiming/Hero/Sequences/Axe/Attack/Purple/英雄_斧头_蓄力_移动_紫色_0002.png",""
"Move","247c52a2277a176419a4d777e5bc03ba","Assets/Game/Sprites/ColorTiming/Hero/Sequence/futou/gongji/zhi/紫色斧头蓄力（移动）_0003.png","Assets/Game/Sprites/ColorTiming/Hero/Sequences/Axe/Attack/Purple/英雄_斧头_蓄力_移动_紫色_0003.png",""
"Move","8de2a288dfbc4864b9b7ce404157f5e0","Assets/Game/Sprites/ColorTiming/Hero/Sequence/futou/gongji/zhi/紫色斧头蓄力（移动）_0004.png","Assets/Game/Sprites/ColorTiming/Hero/Sequences/Axe/Attack/Purple/英雄_斧头_蓄力_移动_紫色_0004.png",""
"Move","6ca1d70c201563d40a5accfbc86486b0","Assets/Game/Sprites/ColorTiming/Hero/Sequence/futou/gongji/zhi/紫色斧头蓄力（移动）_0005.png","Assets/Game/Sprites/ColorTiming/Hero/Sequences/Axe/Attack/Purple/英雄_斧头_蓄力_移动_紫色_0005.png",""
"Move","a4918a42d768ed04d8ff5e0b1f16fdef","Assets/Game/Sprites/ColorTiming/Hero/Sequence/futou/gongji/zhi/紫色斧头蓄力（移动）_0006.png","Assets/Game/Sprites/ColorTiming/Hero/Sequences/Axe/Attack/Purple/英雄_斧头_蓄力_移动_紫色_0006.png",""
"Move","3b36572dc62eafa43b35a85d3742e1b2","Assets/Game/Sprites/ColorTiming/Hero/Sequence/futou/gongji/zhi/紫色斧头蓄力（移动）_0007.png","Assets/Game/Sprites/ColorTiming/Hero/Sequences/Axe/Attack/Purple/英雄_斧头_蓄力_移动_紫色_0007.png",""
"Move","2fb5e0d44f096ec419694d66d2f4f940","Assets/Game/Sprites/ColorTiming/Hero/Sequence/futou/gongji/zhi/紫色斧头蓄力（移动）_0008.png","Assets/Game/Sprites/ColorTiming/Hero/Sequences/Axe/Attack/Purple/英雄_斧头_蓄力_移动_紫色_0008.png",""
"Move","23eb51f7d6a4150479007b11592810c7","Assets/Game/Sprites/ColorTiming/Hero/Sequence/futou/gongji/zhi/紫色斧头蓄力（移动）_0009.png","Assets/Game/Sprites/ColorTiming/Hero/Sequences/Axe/Attack/Purple/英雄_斧头_蓄力_移动_紫色_0009.png",""
"Move","80da3857c819ff842975f924942be795","Assets/Game/Sprites/ColorTiming/Hero/Sequence/futou/gongji/zhi/紫色斧头蓄力（移动）_0010.png","Assets/Game/Sprites/ColorTiming/Hero/Sequences/Axe/Attack/Purple/英雄_斧头_蓄力_移动_紫色_0010.png",""
"Move","1be50a42dba5b7141a6ef692417e86e0","Assets/Game/Sprites/ColorTiming/Hero/Sequence/futou/gongji/zhi/紫色斧头蓄力（移动）_0011.png","Assets/Game/Sprites/ColorTiming/Hero/Sequences/Axe/Attack/Purple/英雄_斧头_蓄力_移动_紫色_0011.png",""
"Move","9ef18c649e579c94e92a6ec9707cead7","Assets/Game/Sprites/ColorTiming/Hero/Sequence/futou/gongji/zhi/紫色斧头蓄力（移动）_0012.png","Assets/Game/Sprites/ColorTiming/Hero/Sequences/Axe/Attack/Purple/英雄_斧头_蓄力_移动_紫色_0012.png",""
"Move","bc7a34498b3dfe24f81b567f503c22a2","Assets/Game/Sprites/ColorTiming/Hero/Sequence/futou/gongji/zhi/紫色斧头蓄力（移动）_0013.png","Assets/Game/Sprites/ColorTiming/Hero/Sequences/Axe/Attack/Purple/英雄_斧头_蓄力_移动_紫色_0013.png",""
"Move","86590a35b4d48df46bbffbfc1bd2e043","Assets/Game/Sprites/ColorTiming/Hero/Sequence/futou/gongji/zhi/紫色斧头蓄力（移动）_0014.png","Assets/Game/Sprites/ColorTiming/Hero/Sequences/Axe/Attack/Purple/英雄_斧头_蓄力_移动_紫色_0014.png",""
"Move","806aa37c0e0839545a1bde346a7f3baf","Assets/Game/Sprites/ColorTiming/Hero/Sequence/futou/gongji/zhi/紫色斧头蓄力（移动）_0015.png","Assets/Game/Sprites/ColorTiming/Hero/Sequences/Axe/Attack/Purple/英雄_斧头_蓄力_移动_紫色_0015.png",""
"Move","217f9fa102c36ba458066e2c8d21e026","Assets/Game/Sprites/ColorTiming/Hero/Sequence/futou/gongji/zhi/紫色斧头蓄力（移动）_0016.png","Assets/Game/Sprites/ColorTiming/Hero/Sequences/Axe/Attack/Purple/英雄_斧头_蓄力_移动_紫色_0016.png",""
"Move","2620cddbf61f87f4090e6a18cc47077a","Assets/Game/Sprites/ColorTiming/Hero/Sequence/futou/gongji/zhi/紫色斧头蓄力（移动）_0017.png","Assets/Game/Sprites/ColorTiming/Hero/Sequences/Axe/Attack/Purple/英雄_斧头_蓄力_移动_紫色_0017.png",""
"Move","637f8dbf2b1c6e54882aeceb013382f3","Assets/Game/Sprites/ColorTiming/Hero/Sequence/futou/yidong/yidong_futou_chen.anim","Assets/Game/Sprites/ColorTiming/Hero/Sequences/Axe/Move/Hero_Axe_Move_Orange.anim",""
"Move","be8e7fc51f0f40b4b83e2381879ec4e6","Assets/Game/Sprites/ColorTiming/Hero/Sequence/futou/yidong/yidong_futou_hong.anim","Assets/Game/Sprites/ColorTiming/Hero/Sequences/Axe/Move/Hero_Axe_Move_Red.anim",""
"Move","9b2fc78c3e1c83e4091b4d4f1b3c5503","Assets/Game/Sprites/ColorTiming/Hero/Sequence/futou/yidong/yidong_futou_lv.anim","Assets/Game/Sprites/ColorTiming/Hero/Sequences/Axe/Move/Hero_Axe_Move_Green.anim",""
"Move","6f2dbf6c4dad098478f9575c8b7702a8","Assets/Game/Sprites/ColorTiming/Hero/Sequence/futou/yidong/yidong_futou_zi.anim","Assets/Game/Sprites/ColorTiming/Hero/Sequences/Axe/Move/Hero_Axe_Move_Purple.anim",""
"Move","8677e8f3da02c1f4299595af3300441c","Assets/Game/Sprites/ColorTiming/Hero/Sequence/futou/yidong/橙色斧头移动_0000.png","Assets/Game/Sprites/ColorTiming/Hero/Sequences/Axe/Move/英雄_斧头_移动_橙色_0000.png",""
"Move","d7c5e0c2f89f6e94b9e60504394ed457","Assets/Game/Sprites/ColorTiming/Hero/Sequence/futou/yidong/橙色斧头移动_0001.png","Assets/Game/Sprites/ColorTiming/Hero/Sequences/Axe/Move/英雄_斧头_移动_橙色_0001.png",""
"Move","207f16ea29e0b3344b2e327d55864ed6","Assets/Game/Sprites/ColorTiming/Hero/Sequence/futou/yidong/橙色斧头移动_0002.png","Assets/Game/Sprites/ColorTiming/Hero/Sequences/Axe/Move/英雄_斧头_移动_橙色_0002.png",""
"Move","b0a6069424574164bbea5a70add9db50","Assets/Game/Sprites/ColorTiming/Hero/Sequence/futou/yidong/橙色斧头移动_0003.png","Assets/Game/Sprites/ColorTiming/Hero/Sequences/Axe/Move/英雄_斧头_移动_橙色_0003.png",""
"Move","50c7fcfd1fdd89f43919e9d2bd752647","Assets/Game/Sprites/ColorTiming/Hero/Sequence/futou/yidong/橙色斧头移动_0004.png","Assets/Game/Sprites/ColorTiming/Hero/Sequences/Axe/Move/英雄_斧头_移动_橙色_0004.png",""
"Move","619e460222170ad4bb33bd2dac08938b","Assets/Game/Sprites/ColorTiming/Hero/Sequence/futou/yidong/橙色斧头移动_0005.png","Assets/Game/Sprites/ColorTiming/Hero/Sequences/Axe/Move/英雄_斧头_移动_橙色_0005.png",""
"Move","fe2cd296da4b89e489ec1892133a9d7f","Assets/Game/Sprites/ColorTiming/Hero/Sequence/futou/yidong/紫色斧头移动_0000.png","Assets/Game/Sprites/ColorTiming/Hero/Sequences/Axe/Move/英雄_斧头_移动_紫色_0000.png",""
"Move","2128a21b89c44a0438f02cf6a1cb7af0","Assets/Game/Sprites/ColorTiming/Hero/Sequence/futou/yidong/紫色斧头移动_0001.png","Assets/Game/Sprites/ColorTiming/Hero/Sequences/Axe/Move/英雄_斧头_移动_紫色_0001.png",""
"Move","b420164a2486fb342b90e722b00a0338","Assets/Game/Sprites/ColorTiming/Hero/Sequence/futou/yidong/紫色斧头移动_0002.png","Assets/Game/Sprites/ColorTiming/Hero/Sequences/Axe/Move/英雄_斧头_移动_紫色_0002.png",""
"Move","d138c86ae31377f42af2c52022871ff7","Assets/Game/Sprites/ColorTiming/Hero/Sequence/futou/yidong/紫色斧头移动_0003.png","Assets/Game/Sprites/ColorTiming/Hero/Sequences/Axe/Move/英雄_斧头_移动_紫色_0003.png",""
"Move","9ec0218046e19e844811efd1ea270706","Assets/Game/Sprites/ColorTiming/Hero/Sequence/futou/yidong/紫色斧头移动_0004.png","Assets/Game/Sprites/ColorTiming/Hero/Sequences/Axe/Move/英雄_斧头_移动_紫色_0004.png",""
"Move","23fd0c83b7639d64cbd8174275e7bfd4","Assets/Game/Sprites/ColorTiming/Hero/Sequence/futou/yidong/紫色斧头移动_0005.png","Assets/Game/Sprites/ColorTiming/Hero/Sequences/Axe/Move/英雄_斧头_移动_紫色_0005.png",""
"Move","9410d63d965aaae48a3d3a6434ce366a","Assets/Game/Sprites/ColorTiming/Hero/Sequence/futou/yidong/红色斧头移动_0000.png","Assets/Game/Sprites/ColorTiming/Hero/Sequences/Axe/Move/英雄_斧头_移动_红色_0000.png",""
"Move","2e0d58d35257c704880c50b95a6294ee","Assets/Game/Sprites/ColorTiming/Hero/Sequence/futou/yidong/红色斧头移动_0001.png","Assets/Game/Sprites/ColorTiming/Hero/Sequences/Axe/Move/英雄_斧头_移动_红色_0001.png",""
"Move","41220099b9a1c7344852fe13aafe6af8","Assets/Game/Sprites/ColorTiming/Hero/Sequence/futou/yidong/红色斧头移动_0002.png","Assets/Game/Sprites/ColorTiming/Hero/Sequences/Axe/Move/英雄_斧头_移动_红色_0002.png",""
"Move","bed86f17cc6503f4e89029fa95d8a689","Assets/Game/Sprites/ColorTiming/Hero/Sequence/futou/yidong/红色斧头移动_0003.png","Assets/Game/Sprites/ColorTiming/Hero/Sequences/Axe/Move/英雄_斧头_移动_红色_0003.png",""
"Move","66eec0862b5784f4c8921eb6296e620e","Assets/Game/Sprites/ColorTiming/Hero/Sequence/futou/yidong/红色斧头移动_0004.png","Assets/Game/Sprites/ColorTiming/Hero/Sequences/Axe/Move/英雄_斧头_移动_红色_0004.png",""
"Move","00dd83d916ae6e8499db8145550aea83","Assets/Game/Sprites/ColorTiming/Hero/Sequence/futou/yidong/红色斧头移动_0005.png","Assets/Game/Sprites/ColorTiming/Hero/Sequences/Axe/Move/英雄_斧头_移动_红色_0005.png",""
"Move","31a3b2e6b1cd69a4ba590a934be5cfec","Assets/Game/Sprites/ColorTiming/Hero/Sequence/futou/yidong/绿色斧头移动_0000.png","Assets/Game/Sprites/ColorTiming/Hero/Sequences/Axe/Move/英雄_斧头_移动_绿色_0000.png",""
"Move","7ce25c511ee67d14ca205a1a39acfe66","Assets/Game/Sprites/ColorTiming/Hero/Sequence/futou/yidong/绿色斧头移动_0001.png","Assets/Game/Sprites/ColorTiming/Hero/Sequences/Axe/Move/英雄_斧头_移动_绿色_0001.png",""
"Move","2924a2fd0470db74ca636839b7790079","Assets/Game/Sprites/ColorTiming/Hero/Sequence/futou/yidong/绿色斧头移动_0002.png","Assets/Game/Sprites/ColorTiming/Hero/Sequences/Axe/Move/英雄_斧头_移动_绿色_0002.png",""
"Move","3b8d53ab04eead74bb8365ee16ae2f4d","Assets/Game/Sprites/ColorTiming/Hero/Sequence/futou/yidong/绿色斧头移动_0003.png","Assets/Game/Sprites/ColorTiming/Hero/Sequences/Axe/Move/英雄_斧头_移动_绿色_0003.png",""
"Move","8f4b50c0baf1b6644874e116a7483045","Assets/Game/Sprites/ColorTiming/Hero/Sequence/futou/yidong/绿色斧头移动_0004.png","Assets/Game/Sprites/ColorTiming/Hero/Sequences/Axe/Move/英雄_斧头_移动_绿色_0004.png",""
"Move","248043a55663cf941801589ee9db8b54","Assets/Game/Sprites/ColorTiming/Hero/Sequence/futou/yidong/绿色斧头移动_0005.png","Assets/Game/Sprites/ColorTiming/Hero/Sequences/Axe/Move/英雄_斧头_移动_绿色_0005.png",""
"Move","421ea62f30ab3d64f93b4d60e70aaaca","Assets/Game/Sprites/ColorTiming/Hero/Sequence/jiandao/daiji/daiji_jiandao_hong.anim","Assets/Game/Sprites/ColorTiming/Hero/Sequences/Scissors/Idle/Hero_Scissors_Idle_Red.anim",""
"Move","d0aaf5e0801176d4f93b65f95f6fd75e","Assets/Game/Sprites/ColorTiming/Hero/Sequence/jiandao/daiji/daiji_jiandao_lv.anim","Assets/Game/Sprites/ColorTiming/Hero/Sequences/Scissors/Idle/Hero_Scissors_Idle_Green.anim",""
"Move","bdc4e70c25a0cfe48aa40e227ed13bbb","Assets/Game/Sprites/ColorTiming/Hero/Sequence/jiandao/daiji/daiji_jiandao_zi.anim","Assets/Game/Sprites/ColorTiming/Hero/Sequences/Scissors/Idle/Hero_Scissors_Idle_Purple.anim",""
"Move","e8f745ca6440b1548a850d0c2b9e561a","Assets/Game/Sprites/ColorTiming/Hero/Sequence/jiandao/daiji/紫色剪刀待机_0000.png","Assets/Game/Sprites/ColorTiming/Hero/Sequences/Scissors/Idle/英雄_剪刀_待机_紫色_0000.png",""
"Move","9393f4e134f39914fbe734f6bc7af0ae","Assets/Game/Sprites/ColorTiming/Hero/Sequence/jiandao/daiji/紫色剪刀待机_0001.png","Assets/Game/Sprites/ColorTiming/Hero/Sequences/Scissors/Idle/英雄_剪刀_待机_紫色_0001.png",""
"Move","ed6813788da17ec42a61f52ff2be6ea3","Assets/Game/Sprites/ColorTiming/Hero/Sequence/jiandao/daiji/紫色剪刀待机_0002.png","Assets/Game/Sprites/ColorTiming/Hero/Sequences/Scissors/Idle/英雄_剪刀_待机_紫色_0002.png",""
"Move","ef04267ed3d81f64db30fd076d89ab9c","Assets/Game/Sprites/ColorTiming/Hero/Sequence/jiandao/daiji/紫色剪刀待机_0003.png","Assets/Game/Sprites/ColorTiming/Hero/Sequences/Scissors/Idle/英雄_剪刀_待机_紫色_0003.png",""
"Move","e58ed635848adfa499044da8c9564978","Assets/Game/Sprites/ColorTiming/Hero/Sequence/jiandao/daiji/紫色剪刀待机_0004.png","Assets/Game/Sprites/ColorTiming/Hero/Sequences/Scissors/Idle/英雄_剪刀_待机_紫色_0004.png",""
"Move","1a29a09812bf57348b20499b72df5efb","Assets/Game/Sprites/ColorTiming/Hero/Sequence/jiandao/daiji/紫色剪刀待机_0005.png","Assets/Game/Sprites/ColorTiming/Hero/Sequences/Scissors/Idle/英雄_剪刀_待机_紫色_0005.png",""
"Move","3e2263732167a114f9e5de11e79d0f3e","Assets/Game/Sprites/ColorTiming/Hero/Sequence/jiandao/daiji/紫色剪刀待机_0006.png","Assets/Game/Sprites/ColorTiming/Hero/Sequences/Scissors/Idle/英雄_剪刀_待机_紫色_0006.png",""
"Move","37a147568f883c6488b2cf055b8b6671","Assets/Game/Sprites/ColorTiming/Hero/Sequence/jiandao/daiji/紫色剪刀待机_0007.png","Assets/Game/Sprites/ColorTiming/Hero/Sequences/Scissors/Idle/英雄_剪刀_待机_紫色_0007.png",""
"Move","b996c5ed31e093348bbad0ebef679414","Assets/Game/Sprites/ColorTiming/Hero/Sequence/jiandao/daiji/紫色剪刀待机_0008.png","Assets/Game/Sprites/ColorTiming/Hero/Sequences/Scissors/Idle/英雄_剪刀_待机_紫色_0008.png",""
"Move","c4729e2e7e6c1c7439c64be09591bf72","Assets/Game/Sprites/ColorTiming/Hero/Sequence/jiandao/daiji/紫色剪刀待机_0009.png","Assets/Game/Sprites/ColorTiming/Hero/Sequences/Scissors/Idle/英雄_剪刀_待机_紫色_0009.png",""
"Move","a5485e20faaee96469f0621d18109f30","Assets/Game/Sprites/ColorTiming/Hero/Sequence/jiandao/daiji/紫色剪刀待机_0010.png","Assets/Game/Sprites/ColorTiming/Hero/Sequences/Scissors/Idle/英雄_剪刀_待机_紫色_0010.png",""
"Move","e8c29f56a9fe0fc459ab5bc142191c12","Assets/Game/Sprites/ColorTiming/Hero/Sequence/jiandao/daiji/紫色剪刀待机_0011.png","Assets/Game/Sprites/ColorTiming/Hero/Sequences/Scissors/Idle/英雄_剪刀_待机_紫色_0011.png",""
"Move","2e87381dbd5eb6e41aead76c5d7b6738","Assets/Game/Sprites/ColorTiming/Hero/Sequence/jiandao/daiji/红色剪刀待机_0000.png","Assets/Game/Sprites/ColorTiming/Hero/Sequences/Scissors/Idle/英雄_剪刀_待机_红色_0000.png",""
"Move","79e3c1b0980dc134981d2f9a73b53f72","Assets/Game/Sprites/ColorTiming/Hero/Sequence/jiandao/daiji/红色剪刀待机_0001.png","Assets/Game/Sprites/ColorTiming/Hero/Sequences/Scissors/Idle/英雄_剪刀_待机_红色_0001.png",""
"Move","409a1b4d84e5e3144a40fac345e97963","Assets/Game/Sprites/ColorTiming/Hero/Sequence/jiandao/daiji/红色剪刀待机_0002.png","Assets/Game/Sprites/ColorTiming/Hero/Sequences/Scissors/Idle/英雄_剪刀_待机_红色_0002.png",""
"Move","3109ddd838d987c42ba1d6a6878632e3","Assets/Game/Sprites/ColorTiming/Hero/Sequence/jiandao/daiji/红色剪刀待机_0003.png","Assets/Game/Sprites/ColorTiming/Hero/Sequences/Scissors/Idle/英雄_剪刀_待机_红色_0003.png",""
"Move","7d7d8403e23fc5244aed51036c9222a2","Assets/Game/Sprites/ColorTiming/Hero/Sequence/jiandao/daiji/红色剪刀待机_0004.png","Assets/Game/Sprites/ColorTiming/Hero/Sequences/Scissors/Idle/英雄_剪刀_待机_红色_0004.png",""
"Move","8eb18d829764f3b4c8b397efb2bdd49b","Assets/Game/Sprites/ColorTiming/Hero/Sequence/jiandao/daiji/红色剪刀待机_0005.png","Assets/Game/Sprites/ColorTiming/Hero/Sequences/Scissors/Idle/英雄_剪刀_待机_红色_0005.png",""
"Move","b786678a18148bb46a861460cb9db09d","Assets/Game/Sprites/ColorTiming/Hero/Sequence/jiandao/daiji/红色剪刀待机_0006.png","Assets/Game/Sprites/ColorTiming/Hero/Sequences/Scissors/Idle/英雄_剪刀_待机_红色_0006.png",""
"Move","de5e27c349f72624f9b688b3c83f47d4","Assets/Game/Sprites/ColorTiming/Hero/Sequence/jiandao/daiji/红色剪刀待机_0007.png","Assets/Game/Sprites/ColorTiming/Hero/Sequences/Scissors/Idle/英雄_剪刀_待机_红色_0007.png",""
"Move","02abca97c1086ab469afd8b6874f697a","Assets/Game/Sprites/ColorTiming/Hero/Sequence/jiandao/daiji/红色剪刀待机_0008.png","Assets/Game/Sprites/ColorTiming/Hero/Sequences/Scissors/Idle/英雄_剪刀_待机_红色_0008.png",""
"Move","b70b27bd6062a66498b87d60493b2baf","Assets/Game/Sprites/ColorTiming/Hero/Sequence/jiandao/daiji/红色剪刀待机_0009.png","Assets/Game/Sprites/ColorTiming/Hero/Sequences/Scissors/Idle/英雄_剪刀_待机_红色_0009.png",""
"Move","654f875c7a732a2439a62428264c2208","Assets/Game/Sprites/ColorTiming/Hero/Sequence/jiandao/daiji/红色剪刀待机_0010.png","Assets/Game/Sprites/ColorTiming/Hero/Sequences/Scissors/Idle/英雄_剪刀_待机_红色_0010.png",""
"Move","5340d6beb3e69244b9ec469d40280a2c","Assets/Game/Sprites/ColorTiming/Hero/Sequence/jiandao/daiji/红色剪刀待机_0011.png","Assets/Game/Sprites/ColorTiming/Hero/Sequences/Scissors/Idle/英雄_剪刀_待机_红色_0011.png",""
"Move","4aeb30b9d975d4e478178039aa8a6325","Assets/Game/Sprites/ColorTiming/Hero/Sequence/jiandao/daiji/绿色剪刀待机_0000.png","Assets/Game/Sprites/ColorTiming/Hero/Sequences/Scissors/Idle/英雄_剪刀_待机_绿色_0000.png",""
"Move","c2e9de5bb1c5ab84b98f000d6939c469","Assets/Game/Sprites/ColorTiming/Hero/Sequence/jiandao/daiji/绿色剪刀待机_0001.png","Assets/Game/Sprites/ColorTiming/Hero/Sequences/Scissors/Idle/英雄_剪刀_待机_绿色_0001.png",""
"Move","2afb116888a997f49822a5ca84f5c21c","Assets/Game/Sprites/ColorTiming/Hero/Sequence/jiandao/daiji/绿色剪刀待机_0002.png","Assets/Game/Sprites/ColorTiming/Hero/Sequences/Scissors/Idle/英雄_剪刀_待机_绿色_0002.png",""
"Move","052a56793de1f014a9cf929f9604425b","Assets/Game/Sprites/ColorTiming/Hero/Sequence/jiandao/daiji/绿色剪刀待机_0003.png","Assets/Game/Sprites/ColorTiming/Hero/Sequences/Scissors/Idle/英雄_剪刀_待机_绿色_0003.png",""
"Move","ae390dbf818ce374aa194657daff3acf","Assets/Game/Sprites/ColorTiming/Hero/Sequence/jiandao/daiji/绿色剪刀待机_0004.png","Assets/Game/Sprites/ColorTiming/Hero/Sequences/Scissors/Idle/英雄_剪刀_待机_绿色_0004.png",""
"Move","3f8386d95fbba7f45aca8c2ceb41b106","Assets/Game/Sprites/ColorTiming/Hero/Sequence/jiandao/daiji/绿色剪刀待机_0005.png","Assets/Game/Sprites/ColorTiming/Hero/Sequences/Scissors/Idle/英雄_剪刀_待机_绿色_0005.png",""
"Move","9134ba2862bb02448a1a1ca090ef5312","Assets/Game/Sprites/ColorTiming/Hero/Sequence/jiandao/daiji/绿色剪刀待机_0006.png","Assets/Game/Sprites/ColorTiming/Hero/Sequences/Scissors/Idle/英雄_剪刀_待机_绿色_0006.png",""
"Move","55db3fb40188fc94ea2077ea8f6092ef","Assets/Game/Sprites/ColorTiming/Hero/Sequence/jiandao/daiji/绿色剪刀待机_0007.png","Assets/Game/Sprites/ColorTiming/Hero/Sequences/Scissors/Idle/英雄_剪刀_待机_绿色_0007.png",""
"Move","92b0f859839203240a58b9026898470f","Assets/Game/Sprites/ColorTiming/Hero/Sequence/jiandao/daiji/绿色剪刀待机_0008.png","Assets/Game/Sprites/ColorTiming/Hero/Sequences/Scissors/Idle/英雄_剪刀_待机_绿色_0008.png",""
"Move","cda053cb54b75424db71cd9011ff5932","Assets/Game/Sprites/ColorTiming/Hero/Sequence/jiandao/daiji/绿色剪刀待机_0009.png","Assets/Game/Sprites/ColorTiming/Hero/Sequences/Scissors/Idle/英雄_剪刀_待机_绿色_0009.png",""
"Move","e7a22edc54e73cf4886d4c982a8bbe7e","Assets/Game/Sprites/ColorTiming/Hero/Sequence/jiandao/daiji/绿色剪刀待机_0010.png","Assets/Game/Sprites/ColorTiming/Hero/Sequences/Scissors/Idle/英雄_剪刀_待机_绿色_0010.png",""
"Move","7c49d99d2285e694b9eb793a2d7a0234","Assets/Game/Sprites/ColorTiming/Hero/Sequence/jiandao/daiji/绿色剪刀待机_0011.png","Assets/Game/Sprites/ColorTiming/Hero/Sequences/Scissors/Idle/英雄_剪刀_待机_绿色_0011.png",""
"Move","05f86b91682177d46ad27ce5c8d984e7","Assets/Game/Sprites/ColorTiming/Hero/Sequence/jiandao/gongji/Skill/HitFX_Jiandao1.anim","Assets/Game/Sprites/ColorTiming/Hero/Sequences/Scissors/HitEffects/Hero_Scissors_HitEffect01.anim",""
"Move","841935fba8c15d343b8c541dd4abeeed","Assets/Game/Sprites/ColorTiming/Hero/Sequence/jiandao/gongji/Skill/HitFX_Jiandao2.anim","Assets/Game/Sprites/ColorTiming/Hero/Sequences/Scissors/HitEffects/Hero_Scissors_HitEffect02.anim",""
"Move","70f25fadb7a86494fb21f527afe0d6f5","Assets/Game/Sprites/ColorTiming/Hero/Sequence/jiandao/gongji/Skill/HitFX_jd_ 2.controller","Assets/Game/Sprites/ColorTiming/Hero/Sequences/Scissors/HitEffects/Hero_Scissors_HitEffect02.controller",""
"Move","5d117b18005b3954980add6393fe33ef","Assets/Game/Sprites/ColorTiming/Hero/Sequence/jiandao/gongji/Skill/HitFX_jd_.controller","Assets/Game/Sprites/ColorTiming/Hero/Sequences/Scissors/HitEffects/Hero_Scissors_HitEffect01.controller",""
"Move","a3cb6bca91d233143b719b86b7a33e6b","Assets/Game/Sprites/ColorTiming/Hero/Sequence/jiandao/gongji/Skill/剪刀命中特效1_0000.png","Assets/Game/Sprites/ColorTiming/Hero/Sequences/Scissors/HitEffects/英雄_剪刀_命中_特效_1_0000.png",""
"Move","bd6ed59ecf22e904fbfe2c5b7a704deb","Assets/Game/Sprites/ColorTiming/Hero/Sequence/jiandao/gongji/Skill/剪刀命中特效1_0001.png","Assets/Game/Sprites/ColorTiming/Hero/Sequences/Scissors/HitEffects/英雄_剪刀_命中_特效_1_0001.png",""
"Move","384375925178e834f9af45d2db5d365b","Assets/Game/Sprites/ColorTiming/Hero/Sequence/jiandao/gongji/Skill/剪刀命中特效1_0002.png","Assets/Game/Sprites/ColorTiming/Hero/Sequences/Scissors/HitEffects/英雄_剪刀_命中_特效_1_0002.png",""
"Move","703ca70c67139d6428754bf3f7863b77","Assets/Game/Sprites/ColorTiming/Hero/Sequence/jiandao/gongji/Skill/剪刀命中特效1_0003.png","Assets/Game/Sprites/ColorTiming/Hero/Sequences/Scissors/HitEffects/英雄_剪刀_命中_特效_1_0003.png",""
"Move","1b0052363529b5b4c9eab71b091d18ea","Assets/Game/Sprites/ColorTiming/Hero/Sequence/jiandao/gongji/Skill/剪刀命中特效1_0004.png","Assets/Game/Sprites/ColorTiming/Hero/Sequences/Scissors/HitEffects/英雄_剪刀_命中_特效_1_0004.png",""
"Move","e37ac4059f18a704badb91ac1a4709fa","Assets/Game/Sprites/ColorTiming/Hero/Sequence/jiandao/gongji/Skill/剪刀命中特效2_0000.png","Assets/Game/Sprites/ColorTiming/Hero/Sequences/Scissors/HitEffects/英雄_剪刀_命中_特效_2_0000.png",""
"Move","e43e5b08fff46e64784e26cd8b3b2a26","Assets/Game/Sprites/ColorTiming/Hero/Sequence/jiandao/gongji/Skill/剪刀命中特效2_0001.png","Assets/Game/Sprites/ColorTiming/Hero/Sequences/Scissors/HitEffects/英雄_剪刀_命中_特效_2_0001.png",""
"Move","2656e4ff9976495418c3da34157d7526","Assets/Game/Sprites/ColorTiming/Hero/Sequence/jiandao/gongji/Skill/剪刀命中特效2_0002.png","Assets/Game/Sprites/ColorTiming/Hero/Sequences/Scissors/HitEffects/英雄_剪刀_命中_特效_2_0002.png",""
"Move","8bc08eaa6f64cc54a969dd323964db8a","Assets/Game/Sprites/ColorTiming/Hero/Sequence/jiandao/gongji/Skill/剪刀命中特效2_0003.png","Assets/Game/Sprites/ColorTiming/Hero/Sequences/Scissors/HitEffects/英雄_剪刀_命中_特效_2_0003.png",""
"Move","c71f38eb6f12d0e42a84b72483298601","Assets/Game/Sprites/ColorTiming/Hero/Sequence/jiandao/gongji/Skill/剪刀命中特效2_0004.png","Assets/Game/Sprites/ColorTiming/Hero/Sequences/Scissors/HitEffects/英雄_剪刀_命中_特效_2_0004.png",""
"Move","52d3cd10bc92ef34c83769ab58c7d7d8","Assets/Game/Sprites/ColorTiming/Hero/Sequence/jiandao/gongji/gongji_jiandao_hong.anim","Assets/Game/Sprites/ColorTiming/Hero/Sequences/Scissors/Attack/Hero_Scissors_Attack_Red.anim",""
"Move","9f71bffbbfa552d4c952edfa3b0430bb","Assets/Game/Sprites/ColorTiming/Hero/Sequence/jiandao/gongji/gongji_jiandao_lv.anim","Assets/Game/Sprites/ColorTiming/Hero/Sequences/Scissors/Attack/Hero_Scissors_Attack_Green.anim",""
"Move","2beef1938d18cda4fb6f9a2b3908f71e","Assets/Game/Sprites/ColorTiming/Hero/Sequence/jiandao/gongji/gongji_jiandao_zi.anim","Assets/Game/Sprites/ColorTiming/Hero/Sequences/Scissors/Attack/Hero_Scissors_Attack_Purple.anim",""
"Move","d5a0e24f264f95c43bec9fbe5aa66b16","Assets/Game/Sprites/ColorTiming/Hero/Sequence/jiandao/gongji/紫色剪刀攻击_0000.png","Assets/Game/Sprites/ColorTiming/Hero/Sequences/Scissors/Attack/英雄_剪刀_攻击_紫色_0000.png",""
"Move","578b3e5907a6eb74e91d38c5dee3de04","Assets/Game/Sprites/ColorTiming/Hero/Sequence/jiandao/gongji/紫色剪刀攻击_0001.png","Assets/Game/Sprites/ColorTiming/Hero/Sequences/Scissors/Attack/英雄_剪刀_攻击_紫色_0001.png",""
"Move","20302dc1f61e8534781fc119d588e3d7","Assets/Game/Sprites/ColorTiming/Hero/Sequence/jiandao/gongji/紫色剪刀攻击_0002.png","Assets/Game/Sprites/ColorTiming/Hero/Sequences/Scissors/Attack/英雄_剪刀_攻击_紫色_0002.png",""
"Move","ecf0aa61c4ff6ca45905c997ce477b96","Assets/Game/Sprites/ColorTiming/Hero/Sequence/jiandao/gongji/紫色剪刀攻击_0003.png","Assets/Game/Sprites/ColorTiming/Hero/Sequences/Scissors/Attack/英雄_剪刀_攻击_紫色_0003.png",""
"Move","c9bc74422d70db045a953e7ea66d6d21","Assets/Game/Sprites/ColorTiming/Hero/Sequence/jiandao/gongji/紫色剪刀攻击_0004.png","Assets/Game/Sprites/ColorTiming/Hero/Sequences/Scissors/Attack/英雄_剪刀_攻击_紫色_0004.png",""
"Move","1f867cf5c3ab98e41b10cd34ef829c03","Assets/Game/Sprites/ColorTiming/Hero/Sequence/jiandao/gongji/紫色剪刀攻击_0005.png","Assets/Game/Sprites/ColorTiming/Hero/Sequences/Scissors/Attack/英雄_剪刀_攻击_紫色_0005.png",""
"Move","97147c089b934e04bbb9b0b5a3279b0d","Assets/Game/Sprites/ColorTiming/Hero/Sequence/jiandao/gongji/紫色剪刀攻击_0006.png","Assets/Game/Sprites/ColorTiming/Hero/Sequences/Scissors/Attack/英雄_剪刀_攻击_紫色_0006.png",""
"Move","3c27be246406d714bb0811dd82c1378d","Assets/Game/Sprites/ColorTiming/Hero/Sequence/jiandao/gongji/紫色剪刀攻击_0007.png","Assets/Game/Sprites/ColorTiming/Hero/Sequences/Scissors/Attack/英雄_剪刀_攻击_紫色_0007.png",""
"Move","75d00ba5f2432c646b1fd810e939ea2c","Assets/Game/Sprites/ColorTiming/Hero/Sequence/jiandao/gongji/紫色剪刀攻击_0008.png","Assets/Game/Sprites/ColorTiming/Hero/Sequences/Scissors/Attack/英雄_剪刀_攻击_紫色_0008.png",""
"Move","9f7b67b33f0cb9f47a050e8c074236a7","Assets/Game/Sprites/ColorTiming/Hero/Sequence/jiandao/gongji/紫色剪刀攻击_0009.png","Assets/Game/Sprites/ColorTiming/Hero/Sequences/Scissors/Attack/英雄_剪刀_攻击_紫色_0009.png",""
"Move","43e0c52959ebaca4a815f614b2a46498","Assets/Game/Sprites/ColorTiming/Hero/Sequence/jiandao/gongji/紫色剪刀攻击_0010.png","Assets/Game/Sprites/ColorTiming/Hero/Sequences/Scissors/Attack/英雄_剪刀_攻击_紫色_0010.png",""
"Move","c765f188f20ebeb4db723243b75cf076","Assets/Game/Sprites/ColorTiming/Hero/Sequence/jiandao/gongji/紫色剪刀攻击_0011.png","Assets/Game/Sprites/ColorTiming/Hero/Sequences/Scissors/Attack/英雄_剪刀_攻击_紫色_0011.png",""
"Move","f420811d4d5ed5b419e6175ce51a8e6a","Assets/Game/Sprites/ColorTiming/Hero/Sequence/jiandao/gongji/紫色剪刀攻击_0012.png","Assets/Game/Sprites/ColorTiming/Hero/Sequences/Scissors/Attack/英雄_剪刀_攻击_紫色_0012.png",""
"Move","11b254cce9ca0324882eeab251e8f257","Assets/Game/Sprites/ColorTiming/Hero/Sequence/jiandao/gongji/紫色剪刀攻击_0013.png","Assets/Game/Sprites/ColorTiming/Hero/Sequences/Scissors/Attack/英雄_剪刀_攻击_紫色_0013.png",""
"Move","5bc2d8bd38ac6dd45ba409c3dedd6909","Assets/Game/Sprites/ColorTiming/Hero/Sequence/jiandao/gongji/紫色剪刀攻击_0014.png","Assets/Game/Sprites/ColorTiming/Hero/Sequences/Scissors/Attack/英雄_剪刀_攻击_紫色_0014.png",""
"Move","03980cd7735f2134c8ad1a5b44c5ea32","Assets/Game/Sprites/ColorTiming/Hero/Sequence/jiandao/gongji/紫色剪刀攻击_0015.png","Assets/Game/Sprites/ColorTiming/Hero/Sequences/Scissors/Attack/英雄_剪刀_攻击_紫色_0015.png",""
"Move","4d32b83bd3d8979469df6578f4d8d942","Assets/Game/Sprites/ColorTiming/Hero/Sequence/jiandao/gongji/紫色剪刀攻击_0016.png","Assets/Game/Sprites/ColorTiming/Hero/Sequences/Scissors/Attack/英雄_剪刀_攻击_紫色_0016.png",""
"Move","fe7004349e343ba40b00f36213515163","Assets/Game/Sprites/ColorTiming/Hero/Sequence/jiandao/gongji/紫色剪刀攻击_0017.png","Assets/Game/Sprites/ColorTiming/Hero/Sequences/Scissors/Attack/英雄_剪刀_攻击_紫色_0017.png",""
"Move","30bd7f3185f776544b999bd1056fc4f2","Assets/Game/Sprites/ColorTiming/Hero/Sequence/jiandao/gongji/紫色剪刀攻击_0018.png","Assets/Game/Sprites/ColorTiming/Hero/Sequences/Scissors/Attack/英雄_剪刀_攻击_紫色_0018.png",""
"Move","e08afe8aa53125d4bba7b70c96c0c1f9","Assets/Game/Sprites/ColorTiming/Hero/Sequence/jiandao/gongji/紫色剪刀攻击_0019.png","Assets/Game/Sprites/ColorTiming/Hero/Sequences/Scissors/Attack/英雄_剪刀_攻击_紫色_0019.png",""
"Move","6bcc40482d5a6324683d634a014978af","Assets/Game/Sprites/ColorTiming/Hero/Sequence/jiandao/gongji/紫色剪刀攻击_0020.png","Assets/Game/Sprites/ColorTiming/Hero/Sequences/Scissors/Attack/英雄_剪刀_攻击_紫色_0020.png",""
"Move","ef61bb046c8ba114b9bc6fa4788ad435","Assets/Game/Sprites/ColorTiming/Hero/Sequence/jiandao/gongji/紫色剪刀攻击_0021.png","Assets/Game/Sprites/ColorTiming/Hero/Sequences/Scissors/Attack/英雄_剪刀_攻击_紫色_0021.png",""
"Move","068d571d46866f74fb2a559303b1cb6d","Assets/Game/Sprites/ColorTiming/Hero/Sequence/jiandao/gongji/红色剪刀攻击_0000.png","Assets/Game/Sprites/ColorTiming/Hero/Sequences/Scissors/Attack/英雄_剪刀_攻击_红色_0000.png",""
"Move","f4d841f80402f3e43bd5fec097dae8a8","Assets/Game/Sprites/ColorTiming/Hero/Sequence/jiandao/gongji/红色剪刀攻击_0001.png","Assets/Game/Sprites/ColorTiming/Hero/Sequences/Scissors/Attack/英雄_剪刀_攻击_红色_0001.png",""
"Move","296c582aefe02d94ab3a326abf335fac","Assets/Game/Sprites/ColorTiming/Hero/Sequence/jiandao/gongji/红色剪刀攻击_0002.png","Assets/Game/Sprites/ColorTiming/Hero/Sequences/Scissors/Attack/英雄_剪刀_攻击_红色_0002.png",""
"Move","8e0e8ccb257b49b41b8413df07f3442d","Assets/Game/Sprites/ColorTiming/Hero/Sequence/jiandao/gongji/红色剪刀攻击_0003.png","Assets/Game/Sprites/ColorTiming/Hero/Sequences/Scissors/Attack/英雄_剪刀_攻击_红色_0003.png",""
"Move","9b45e9cc1dde3284d9bc365bb4b3edb4","Assets/Game/Sprites/ColorTiming/Hero/Sequence/jiandao/gongji/红色剪刀攻击_0004.png","Assets/Game/Sprites/ColorTiming/Hero/Sequences/Scissors/Attack/英雄_剪刀_攻击_红色_0004.png",""
"Move","40d33339e576bc244835d3feaf667677","Assets/Game/Sprites/ColorTiming/Hero/Sequence/jiandao/gongji/红色剪刀攻击_0005.png","Assets/Game/Sprites/ColorTiming/Hero/Sequences/Scissors/Attack/英雄_剪刀_攻击_红色_0005.png",""
"Move","6db620af97e73ee4d8d2b78282579885","Assets/Game/Sprites/ColorTiming/Hero/Sequence/jiandao/gongji/红色剪刀攻击_0006.png","Assets/Game/Sprites/ColorTiming/Hero/Sequences/Scissors/Attack/英雄_剪刀_攻击_红色_0006.png",""
"Move","64e85cbbd5be40e42bb23d9c9d572345","Assets/Game/Sprites/ColorTiming/Hero/Sequence/jiandao/gongji/红色剪刀攻击_0007.png","Assets/Game/Sprites/ColorTiming/Hero/Sequences/Scissors/Attack/英雄_剪刀_攻击_红色_0007.png",""
"Move","eb13f48a2bbe2974a823053d403fbca6","Assets/Game/Sprites/ColorTiming/Hero/Sequence/jiandao/gongji/红色剪刀攻击_0008.png","Assets/Game/Sprites/ColorTiming/Hero/Sequences/Scissors/Attack/英雄_剪刀_攻击_红色_0008.png",""
"Move","d712e8eb9c64987429483b19fea27fe5","Assets/Game/Sprites/ColorTiming/Hero/Sequence/jiandao/gongji/红色剪刀攻击_0009.png","Assets/Game/Sprites/ColorTiming/Hero/Sequences/Scissors/Attack/英雄_剪刀_攻击_红色_0009.png",""
"Move","840381323edf98a4b9c8d03fcb0362dc","Assets/Game/Sprites/ColorTiming/Hero/Sequence/jiandao/gongji/红色剪刀攻击_0010.png","Assets/Game/Sprites/ColorTiming/Hero/Sequences/Scissors/Attack/英雄_剪刀_攻击_红色_0010.png",""
"Move","d67269b7bdb3e794ba13fbb843208976","Assets/Game/Sprites/ColorTiming/Hero/Sequence/jiandao/gongji/红色剪刀攻击_0011.png","Assets/Game/Sprites/ColorTiming/Hero/Sequences/Scissors/Attack/英雄_剪刀_攻击_红色_0011.png",""
"Move","2b056793cec9ebd499ad001ccdbdcb6c","Assets/Game/Sprites/ColorTiming/Hero/Sequence/jiandao/gongji/红色剪刀攻击_0012.png","Assets/Game/Sprites/ColorTiming/Hero/Sequences/Scissors/Attack/英雄_剪刀_攻击_红色_0012.png",""
"Move","54b5111fbe188fb4e9461a10ed5bfc57","Assets/Game/Sprites/ColorTiming/Hero/Sequence/jiandao/gongji/红色剪刀攻击_0013.png","Assets/Game/Sprites/ColorTiming/Hero/Sequences/Scissors/Attack/英雄_剪刀_攻击_红色_0013.png",""
"Move","1557ca20ff712fe4497dcdf7d365286f","Assets/Game/Sprites/ColorTiming/Hero/Sequence/jiandao/gongji/红色剪刀攻击_0014.png","Assets/Game/Sprites/ColorTiming/Hero/Sequences/Scissors/Attack/英雄_剪刀_攻击_红色_0014.png",""
"Move","3c378d09c7d4edc4eb610c5a56194415","Assets/Game/Sprites/ColorTiming/Hero/Sequence/jiandao/gongji/红色剪刀攻击_0015.png","Assets/Game/Sprites/ColorTiming/Hero/Sequences/Scissors/Attack/英雄_剪刀_攻击_红色_0015.png",""
"Move","3a18b0013ebcd0b46a8a61d1f3f6d70c","Assets/Game/Sprites/ColorTiming/Hero/Sequence/jiandao/gongji/红色剪刀攻击_0016.png","Assets/Game/Sprites/ColorTiming/Hero/Sequences/Scissors/Attack/英雄_剪刀_攻击_红色_0016.png",""
"Move","db7bb9ab03e92454aa5d2fe78b78e810","Assets/Game/Sprites/ColorTiming/Hero/Sequence/jiandao/gongji/红色剪刀攻击_0017.png","Assets/Game/Sprites/ColorTiming/Hero/Sequences/Scissors/Attack/英雄_剪刀_攻击_红色_0017.png",""
"Move","078375279bfa7be45bd8c16d466d593b","Assets/Game/Sprites/ColorTiming/Hero/Sequence/jiandao/gongji/红色剪刀攻击_0018.png","Assets/Game/Sprites/ColorTiming/Hero/Sequences/Scissors/Attack/英雄_剪刀_攻击_红色_0018.png",""
"Move","d7f175cc6e40d794696608312dbf6604","Assets/Game/Sprites/ColorTiming/Hero/Sequence/jiandao/gongji/红色剪刀攻击_0019.png","Assets/Game/Sprites/ColorTiming/Hero/Sequences/Scissors/Attack/英雄_剪刀_攻击_红色_0019.png",""
"Move","927db3b0e0f28a940a6c3b2761c6d13c","Assets/Game/Sprites/ColorTiming/Hero/Sequence/jiandao/gongji/红色剪刀攻击_0020.png","Assets/Game/Sprites/ColorTiming/Hero/Sequences/Scissors/Attack/英雄_剪刀_攻击_红色_0020.png",""
"Move","95c9c385fd0ea9345a0cecaf36b5d140","Assets/Game/Sprites/ColorTiming/Hero/Sequence/jiandao/gongji/红色剪刀攻击_0021.png","Assets/Game/Sprites/ColorTiming/Hero/Sequences/Scissors/Attack/英雄_剪刀_攻击_红色_0021.png",""
"Move","9f65120d8390da84f88f72803467b3d2","Assets/Game/Sprites/ColorTiming/Hero/Sequence/jiandao/gongji/绿色剪刀攻击_0000.png","Assets/Game/Sprites/ColorTiming/Hero/Sequences/Scissors/Attack/英雄_剪刀_攻击_绿色_0000.png",""
"Move","ac080d8dd417b584d98a97641be4405a","Assets/Game/Sprites/ColorTiming/Hero/Sequence/jiandao/gongji/绿色剪刀攻击_0001.png","Assets/Game/Sprites/ColorTiming/Hero/Sequences/Scissors/Attack/英雄_剪刀_攻击_绿色_0001.png",""
"Move","98805719a148f534993210a79d142ece","Assets/Game/Sprites/ColorTiming/Hero/Sequence/jiandao/gongji/绿色剪刀攻击_0002.png","Assets/Game/Sprites/ColorTiming/Hero/Sequences/Scissors/Attack/英雄_剪刀_攻击_绿色_0002.png",""
"Move","b2ad34dd15c7c834ba907a0696f000d0","Assets/Game/Sprites/ColorTiming/Hero/Sequence/jiandao/gongji/绿色剪刀攻击_0003.png","Assets/Game/Sprites/ColorTiming/Hero/Sequences/Scissors/Attack/英雄_剪刀_攻击_绿色_0003.png",""
"Move","917bbca22db3f684c8a6b9e20d381073","Assets/Game/Sprites/ColorTiming/Hero/Sequence/jiandao/gongji/绿色剪刀攻击_0004.png","Assets/Game/Sprites/ColorTiming/Hero/Sequences/Scissors/Attack/英雄_剪刀_攻击_绿色_0004.png",""
"Move","2c23c190f99da2142b677951e12743f0","Assets/Game/Sprites/ColorTiming/Hero/Sequence/jiandao/gongji/绿色剪刀攻击_0005.png","Assets/Game/Sprites/ColorTiming/Hero/Sequences/Scissors/Attack/英雄_剪刀_攻击_绿色_0005.png",""
"Move","416fb2c6e30e4054eb688a09251a0c76","Assets/Game/Sprites/ColorTiming/Hero/Sequence/jiandao/gongji/绿色剪刀攻击_0006.png","Assets/Game/Sprites/ColorTiming/Hero/Sequences/Scissors/Attack/英雄_剪刀_攻击_绿色_0006.png",""
"Move","4ef8d0b7463baf8458a2fe19e6276d6d","Assets/Game/Sprites/ColorTiming/Hero/Sequence/jiandao/gongji/绿色剪刀攻击_0007.png","Assets/Game/Sprites/ColorTiming/Hero/Sequences/Scissors/Attack/英雄_剪刀_攻击_绿色_0007.png",""
"Move","53d46e7b6021f32448f24c1da8ae1ae9","Assets/Game/Sprites/ColorTiming/Hero/Sequence/jiandao/gongji/绿色剪刀攻击_0008.png","Assets/Game/Sprites/ColorTiming/Hero/Sequences/Scissors/Attack/英雄_剪刀_攻击_绿色_0008.png",""
"Move","04f4424e8c074ef4c8e0888088b7f62a","Assets/Game/Sprites/ColorTiming/Hero/Sequence/jiandao/gongji/绿色剪刀攻击_0009.png","Assets/Game/Sprites/ColorTiming/Hero/Sequences/Scissors/Attack/英雄_剪刀_攻击_绿色_0009.png",""
"Move","e1f83cb4f96843b4fac5f8833a6c6e4e","Assets/Game/Sprites/ColorTiming/Hero/Sequence/jiandao/gongji/绿色剪刀攻击_0010.png","Assets/Game/Sprites/ColorTiming/Hero/Sequences/Scissors/Attack/英雄_剪刀_攻击_绿色_0010.png",""
"Move","dd196d097a6158441a13b3b05a2bb9cb","Assets/Game/Sprites/ColorTiming/Hero/Sequence/jiandao/gongji/绿色剪刀攻击_0011.png","Assets/Game/Sprites/ColorTiming/Hero/Sequences/Scissors/Attack/英雄_剪刀_攻击_绿色_0011.png",""
"Move","ff95f6fbbb04108479ef86c4c5dbb1ea","Assets/Game/Sprites/ColorTiming/Hero/Sequence/jiandao/gongji/绿色剪刀攻击_0012.png","Assets/Game/Sprites/ColorTiming/Hero/Sequences/Scissors/Attack/英雄_剪刀_攻击_绿色_0012.png",""
"Move","92b44f62496ebcc4fa25f784c44b91f0","Assets/Game/Sprites/ColorTiming/Hero/Sequence/jiandao/gongji/绿色剪刀攻击_0013.png","Assets/Game/Sprites/ColorTiming/Hero/Sequences/Scissors/Attack/英雄_剪刀_攻击_绿色_0013.png",""
"Move","501c0bc9a379ebb458013d02e7625126","Assets/Game/Sprites/ColorTiming/Hero/Sequence/jiandao/gongji/绿色剪刀攻击_0014.png","Assets/Game/Sprites/ColorTiming/Hero/Sequences/Scissors/Attack/英雄_剪刀_攻击_绿色_0014.png",""
"Move","f1c8eeab35b9fd8458f8991906238f5a","Assets/Game/Sprites/ColorTiming/Hero/Sequence/jiandao/gongji/绿色剪刀攻击_0015.png","Assets/Game/Sprites/ColorTiming/Hero/Sequences/Scissors/Attack/英雄_剪刀_攻击_绿色_0015.png",""
"Move","c60ef29950796004db08a853732e9630","Assets/Game/Sprites/ColorTiming/Hero/Sequence/jiandao/gongji/绿色剪刀攻击_0016.png","Assets/Game/Sprites/ColorTiming/Hero/Sequences/Scissors/Attack/英雄_剪刀_攻击_绿色_0016.png",""
"Move","7d4aec25e703a5640b224b3e4dec74ab","Assets/Game/Sprites/ColorTiming/Hero/Sequence/jiandao/gongji/绿色剪刀攻击_0017.png","Assets/Game/Sprites/ColorTiming/Hero/Sequences/Scissors/Attack/英雄_剪刀_攻击_绿色_0017.png",""
"Move","cfc86953f6b73c84088c367acb30492a","Assets/Game/Sprites/ColorTiming/Hero/Sequence/jiandao/gongji/绿色剪刀攻击_0018.png","Assets/Game/Sprites/ColorTiming/Hero/Sequences/Scissors/Attack/英雄_剪刀_攻击_绿色_0018.png",""
"Move","9fd193d0ec75217408ea5a1e14648d73","Assets/Game/Sprites/ColorTiming/Hero/Sequence/jiandao/gongji/绿色剪刀攻击_0019.png","Assets/Game/Sprites/ColorTiming/Hero/Sequences/Scissors/Attack/英雄_剪刀_攻击_绿色_0019.png",""
"Move","d49c2ffe1fc81ad4ebf3fccf7965602a","Assets/Game/Sprites/ColorTiming/Hero/Sequence/jiandao/gongji/绿色剪刀攻击_0020.png","Assets/Game/Sprites/ColorTiming/Hero/Sequences/Scissors/Attack/英雄_剪刀_攻击_绿色_0020.png",""
"Move","f47ce785bdd79f744a69e9a220fee88b","Assets/Game/Sprites/ColorTiming/Hero/Sequence/jiandao/gongji/绿色剪刀攻击_0021.png","Assets/Game/Sprites/ColorTiming/Hero/Sequences/Scissors/Attack/英雄_剪刀_攻击_绿色_0021.png",""
"Move","be8a1006eb68d6344a23bbf21f3d1daf","Assets/Game/Sprites/ColorTiming/Hero/Sequence/jiandao/yidong/yidong_jiandao_hong.anim","Assets/Game/Sprites/ColorTiming/Hero/Sequences/Scissors/Move/Hero_Scissors_Move_Red.anim",""
"Move","97f1f5a7ad26429458cfb1acc6d678cc","Assets/Game/Sprites/ColorTiming/Hero/Sequence/jiandao/yidong/yidong_jiandao_lv.anim","Assets/Game/Sprites/ColorTiming/Hero/Sequences/Scissors/Move/Hero_Scissors_Move_Green.anim",""
"Move","4a50f1c6f9c17654f9da652aada3a409","Assets/Game/Sprites/ColorTiming/Hero/Sequence/jiandao/yidong/yidong_jiandao_zi.anim","Assets/Game/Sprites/ColorTiming/Hero/Sequences/Scissors/Move/Hero_Scissors_Move_Purple.anim",""
"Move","d013e8e7d10f7654faf9c1e3d9f9c44f","Assets/Game/Sprites/ColorTiming/Hero/Sequence/jiandao/yidong/紫色剪刀移动_0000.png","Assets/Game/Sprites/ColorTiming/Hero/Sequences/Scissors/Move/英雄_剪刀_移动_紫色_0000.png",""
"Move","450819de4d4b0de46af3396e45502945","Assets/Game/Sprites/ColorTiming/Hero/Sequence/jiandao/yidong/紫色剪刀移动_0001.png","Assets/Game/Sprites/ColorTiming/Hero/Sequences/Scissors/Move/英雄_剪刀_移动_紫色_0001.png",""
"Move","7854af490785f3146b74ace889f3eb6d","Assets/Game/Sprites/ColorTiming/Hero/Sequence/jiandao/yidong/紫色剪刀移动_0002.png","Assets/Game/Sprites/ColorTiming/Hero/Sequences/Scissors/Move/英雄_剪刀_移动_紫色_0002.png",""
"Move","678331d31bf5c9c4d9fdd2c50cc5f344","Assets/Game/Sprites/ColorTiming/Hero/Sequence/jiandao/yidong/紫色剪刀移动_0003.png","Assets/Game/Sprites/ColorTiming/Hero/Sequences/Scissors/Move/英雄_剪刀_移动_紫色_0003.png",""
"Move","9b90c445d49d26949a2a77470bf97df8","Assets/Game/Sprites/ColorTiming/Hero/Sequence/jiandao/yidong/紫色剪刀移动_0004.png","Assets/Game/Sprites/ColorTiming/Hero/Sequences/Scissors/Move/英雄_剪刀_移动_紫色_0004.png",""
"Move","569e6e6b3d348c045b62fd95fd6786f2","Assets/Game/Sprites/ColorTiming/Hero/Sequence/jiandao/yidong/紫色剪刀移动_0005.png","Assets/Game/Sprites/ColorTiming/Hero/Sequences/Scissors/Move/英雄_剪刀_移动_紫色_0005.png",""
"Move","1df093dc1c6893d45b1549697705fddf","Assets/Game/Sprites/ColorTiming/Hero/Sequence/jiandao/yidong/红色剪刀移动_0000.png","Assets/Game/Sprites/ColorTiming/Hero/Sequences/Scissors/Move/英雄_剪刀_移动_红色_0000.png",""
"Move","3e5d1e267fa73a04fb7a2aab34e089b1","Assets/Game/Sprites/ColorTiming/Hero/Sequence/jiandao/yidong/红色剪刀移动_0001.png","Assets/Game/Sprites/ColorTiming/Hero/Sequences/Scissors/Move/英雄_剪刀_移动_红色_0001.png",""
"Move","7f8d5b251ac1265479350094e516c03b","Assets/Game/Sprites/ColorTiming/Hero/Sequence/jiandao/yidong/红色剪刀移动_0002.png","Assets/Game/Sprites/ColorTiming/Hero/Sequences/Scissors/Move/英雄_剪刀_移动_红色_0002.png",""
"Move","7d3026cfc5eebff42a51f540ba9039dc","Assets/Game/Sprites/ColorTiming/Hero/Sequence/jiandao/yidong/红色剪刀移动_0003.png","Assets/Game/Sprites/ColorTiming/Hero/Sequences/Scissors/Move/英雄_剪刀_移动_红色_0003.png",""
"Move","28c97840991ea2440919000c18fd4ec9","Assets/Game/Sprites/ColorTiming/Hero/Sequence/jiandao/yidong/红色剪刀移动_0004.png","Assets/Game/Sprites/ColorTiming/Hero/Sequences/Scissors/Move/英雄_剪刀_移动_红色_0004.png",""
"Move","e4d9a8252a0191b46ae997da33697ab8","Assets/Game/Sprites/ColorTiming/Hero/Sequence/jiandao/yidong/红色剪刀移动_0005.png","Assets/Game/Sprites/ColorTiming/Hero/Sequences/Scissors/Move/英雄_剪刀_移动_红色_0005.png",""
"Move","06d7af0080c0954409ba507318ea3381","Assets/Game/Sprites/ColorTiming/Hero/Sequence/jiandao/yidong/绿色剪刀移动_0000.png","Assets/Game/Sprites/ColorTiming/Hero/Sequences/Scissors/Move/英雄_剪刀_移动_绿色_0000.png",""
"Move","19d19408c17df7947b4a0e642d57ac30","Assets/Game/Sprites/ColorTiming/Hero/Sequence/jiandao/yidong/绿色剪刀移动_0001.png","Assets/Game/Sprites/ColorTiming/Hero/Sequences/Scissors/Move/英雄_剪刀_移动_绿色_0001.png",""
"Move","ccd5e664f2478134c918d98f96bd96c4","Assets/Game/Sprites/ColorTiming/Hero/Sequence/jiandao/yidong/绿色剪刀移动_0002.png","Assets/Game/Sprites/ColorTiming/Hero/Sequences/Scissors/Move/英雄_剪刀_移动_绿色_0002.png",""
"Move","9de8085bafdc6c74b94e1be24ee7a42b","Assets/Game/Sprites/ColorTiming/Hero/Sequence/jiandao/yidong/绿色剪刀移动_0003.png","Assets/Game/Sprites/ColorTiming/Hero/Sequences/Scissors/Move/英雄_剪刀_移动_绿色_0003.png",""
"Move","dc7927d4b444812408b5716f9b795d77","Assets/Game/Sprites/ColorTiming/Hero/Sequence/jiandao/yidong/绿色剪刀移动_0004.png","Assets/Game/Sprites/ColorTiming/Hero/Sequences/Scissors/Move/英雄_剪刀_移动_绿色_0004.png",""
"Move","3167332b34901d54385b121002f3392c","Assets/Game/Sprites/ColorTiming/Hero/Sequence/jiandao/yidong/绿色剪刀移动_0005.png","Assets/Game/Sprites/ColorTiming/Hero/Sequences/Scissors/Move/英雄_剪刀_移动_绿色_0005.png",""
"Keep","17761dbbadac2ed4493d798c6d0b1acc","Assets/Game/Sprites/ColorTiming/Hero/白色.png","Assets/Game/Sprites/ColorTiming/Hero/白色.png","用户确认保持原名"
"Move","f8a2a4a8b5afa774b9c90cab2a62c7a3","Assets/Game/Sprites/ColorTiming/Loding/加载时背景图.png","Assets/Game/Sprites/ColorTiming/UI/Loading/加载_背景_图.png",""
"Move","581414a5691b14244a714af973cbd51f","Assets/Game/Sprites/ColorTiming/Loding/进度条-球.png","Assets/Game/Sprites/ColorTiming/UI/Loading/加载_进度条_球.png",""
"Move","0302e3eca1486a041af96c28b4c2bf08","Assets/Game/Sprites/ColorTiming/Loding/进度条.png","Assets/Game/Sprites/ColorTiming/UI/Loading/加载_进度条.png",""
"Move","147f1f0bcec7f2e4a9997935a08db4bb","Assets/Game/Sprites/ColorTiming/Mouse/剑-橙色.png","Assets/Game/Sprites/ColorTiming/Cursors/光标_剑_橙色.png",""
"Move","5d9f89ef069a42b44b7997ff01930546","Assets/Game/Sprites/ColorTiming/Mouse/剑-紫色.png","Assets/Game/Sprites/ColorTiming/Cursors/光标_剑_紫色.png",""
"Move","07d45f58416d501479b6130b64d75b49","Assets/Game/Sprites/ColorTiming/Mouse/剑-红色.png","Assets/Game/Sprites/ColorTiming/Cursors/光标_剑_红色.png",""
"Move","61d62858af474744181ac26020866e86","Assets/Game/Sprites/ColorTiming/Mouse/剑-绿色.png","Assets/Game/Sprites/ColorTiming/Cursors/光标_剑_绿色.png",""
"Move","d8ced145311db2b48b18fd38b5356b55","Assets/Game/Sprites/ColorTiming/Mouse/手1.png","Assets/Game/Sprites/ColorTiming/Cursors/光标_手_0001.png",""
"Move","cf52e74ef677e12488a33b0fac89b210","Assets/Game/Sprites/ColorTiming/Mouse/手2.png","Assets/Game/Sprites/ColorTiming/Cursors/光标_手_0002.png",""
"Move","5835159079c1abf4ea6441e44c5143be","Assets/Game/Sprites/ColorTiming/Mouse/手3.png","Assets/Game/Sprites/ColorTiming/Cursors/光标_手_0003.png",""
"Move","15461f5accf48584a9594daffd71497a","Assets/Game/Sprites/ColorTiming/Scene/B1/a1/a1_cao.anim","Assets/Game/Sprites/ColorTiming/Scenes/Boss1/Grass01/Boss1_Grass01_Idle.anim",""
"Move","515bce24191f9114aaf337143a750e07","Assets/Game/Sprites/ColorTiming/Scene/B1/a1/a1_cao.controller","Assets/Game/Sprites/ColorTiming/Scenes/Boss1/Grass01/Boss1_Grass01_Controller.controller",""
"Move","a2e80764351b9f04eb467015c33fbc2c","Assets/Game/Sprites/ColorTiming/Scene/B1/a1/a1待_00.png","Assets/Game/Sprites/ColorTiming/Scenes/Boss1/Grass01/首领1场景_草丛01_待机_0000.png",""
"Move","9ee793f17bd7f6f49a911e957be948ce","Assets/Game/Sprites/ColorTiming/Scene/B1/a1/a1待_01.png","Assets/Game/Sprites/ColorTiming/Scenes/Boss1/Grass01/首领1场景_草丛01_待机_0001.png",""
"Move","b3c0ba81d9a876243a5ee8e6283d7e25","Assets/Game/Sprites/ColorTiming/Scene/B1/a1/a1待_02.png","Assets/Game/Sprites/ColorTiming/Scenes/Boss1/Grass01/首领1场景_草丛01_待机_0002.png",""
"Move","728a065a093ddb946b202d681fc696b5","Assets/Game/Sprites/ColorTiming/Scene/B1/a1/a1待_03.png","Assets/Game/Sprites/ColorTiming/Scenes/Boss1/Grass01/首领1场景_草丛01_待机_0003.png",""
"Move","0aa1cfab13abbf54cb0edee01cee9e50","Assets/Game/Sprites/ColorTiming/Scene/B1/a1/a1待_04.png","Assets/Game/Sprites/ColorTiming/Scenes/Boss1/Grass01/首领1场景_草丛01_待机_0004.png",""
"Move","7a5daad5b867a354c931eee32b81d621","Assets/Game/Sprites/ColorTiming/Scene/B1/a1/a1待_05.png","Assets/Game/Sprites/ColorTiming/Scenes/Boss1/Grass01/首领1场景_草丛01_待机_0005.png",""
"Move","6ca20da8891ea07489029069489eff62","Assets/Game/Sprites/ColorTiming/Scene/B1/a1/a1待_06.png","Assets/Game/Sprites/ColorTiming/Scenes/Boss1/Grass01/首领1场景_草丛01_待机_0006.png",""
"Move","3709be0ad400d394ba27437e44f50a65","Assets/Game/Sprites/ColorTiming/Scene/B1/a1/a1待_07.png","Assets/Game/Sprites/ColorTiming/Scenes/Boss1/Grass01/首领1场景_草丛01_待机_0007.png",""
"Move","fa0f62ba24d37b34c92a41074665cca7","Assets/Game/Sprites/ColorTiming/Scene/B1/a1/a1待_08.png","Assets/Game/Sprites/ColorTiming/Scenes/Boss1/Grass01/首领1场景_草丛01_待机_0008.png",""
"Move","1339c59ed0d500c469d247fe9e3c36f4","Assets/Game/Sprites/ColorTiming/Scene/B1/a1/a1待_09.png","Assets/Game/Sprites/ColorTiming/Scenes/Boss1/Grass01/首领1场景_草丛01_待机_0009.png",""
"Move","287f853d7810b3b47b1c7d8aa94db9e9","Assets/Game/Sprites/ColorTiming/Scene/B1/a1/a1待_10.png","Assets/Game/Sprites/ColorTiming/Scenes/Boss1/Grass01/首领1场景_草丛01_待机_0010.png",""
"Move","7f6478be428b0454eb08b2edecbcec46","Assets/Game/Sprites/ColorTiming/Scene/B1/a1/a1待_11.png","Assets/Game/Sprites/ColorTiming/Scenes/Boss1/Grass01/首领1场景_草丛01_待机_0011.png",""
"Move","c2401c1575dbdc04388c3afaa9309d63","Assets/Game/Sprites/ColorTiming/Scene/B1/a1/a1待_12.png","Assets/Game/Sprites/ColorTiming/Scenes/Boss1/Grass01/首领1场景_草丛01_待机_0012.png",""
"Move","c964002c86c572b45b22082f5b6d28ce","Assets/Game/Sprites/ColorTiming/Scene/B1/a1/a1待_13.png","Assets/Game/Sprites/ColorTiming/Scenes/Boss1/Grass01/首领1场景_草丛01_待机_0013.png",""
"Move","8852ce0ab3070a4428c0814171214f5c","Assets/Game/Sprites/ColorTiming/Scene/B1/a1/a1待_14.png","Assets/Game/Sprites/ColorTiming/Scenes/Boss1/Grass01/首领1场景_草丛01_待机_0014.png",""
"Move","8fb90192c33140c4bbf705528a3934c1","Assets/Game/Sprites/ColorTiming/Scene/B1/a1/a1待_15.png","Assets/Game/Sprites/ColorTiming/Scenes/Boss1/Grass01/首领1场景_草丛01_待机_0015.png",""
"Move","8b73ce9686be48041bd958f1b490c800","Assets/Game/Sprites/ColorTiming/Scene/B1/a1/a1待_16.png","Assets/Game/Sprites/ColorTiming/Scenes/Boss1/Grass01/首领1场景_草丛01_待机_0016.png",""
"Move","9eab3e4c091158d47add35f2d251bbc5","Assets/Game/Sprites/ColorTiming/Scene/B1/a1/a1待_17.png","Assets/Game/Sprites/ColorTiming/Scenes/Boss1/Grass01/首领1场景_草丛01_待机_0017.png",""
"Move","1c9a464762b05804b8ca1597256511e6","Assets/Game/Sprites/ColorTiming/Scene/B1/a1/a1待_18.png","Assets/Game/Sprites/ColorTiming/Scenes/Boss1/Grass01/首领1场景_草丛01_待机_0018.png",""
"Move","5c85394810bbbcc42b7a8c96f2f81fad","Assets/Game/Sprites/ColorTiming/Scene/B1/a1/a1待_19.png","Assets/Game/Sprites/ColorTiming/Scenes/Boss1/Grass01/首领1场景_草丛01_待机_0019.png",""
"Move","3e29f2595262d3e48be14e5fb0737849","Assets/Game/Sprites/ColorTiming/Scene/B1/a1/a1待_20.png","Assets/Game/Sprites/ColorTiming/Scenes/Boss1/Grass01/首领1场景_草丛01_待机_0020.png",""
"Move","dd57b9456b312b0408d01de99c831c80","Assets/Game/Sprites/ColorTiming/Scene/B1/a1/a1待_21.png","Assets/Game/Sprites/ColorTiming/Scenes/Boss1/Grass01/首领1场景_草丛01_待机_0021.png",""
"Move","b68e042b82f5a564c9535be2cd8d2aa8","Assets/Game/Sprites/ColorTiming/Scene/B1/a1/a1待_22.png","Assets/Game/Sprites/ColorTiming/Scenes/Boss1/Grass01/首领1场景_草丛01_待机_0022.png",""
"Move","00926a2bf348b6d47a7178adaeed18e7","Assets/Game/Sprites/ColorTiming/Scene/B1/a1/a1待_23.png","Assets/Game/Sprites/ColorTiming/Scenes/Boss1/Grass01/首领1场景_草丛01_待机_0023.png",""
"Move","2dd2f07a1ca81574782da2b96ca20cfd","Assets/Game/Sprites/ColorTiming/Scene/B1/a1/a1待_24.png","Assets/Game/Sprites/ColorTiming/Scenes/Boss1/Grass01/首领1场景_草丛01_待机_0024.png",""
"Move","262ab66e64b4b59449e96c95f7250d32","Assets/Game/Sprites/ColorTiming/Scene/B1/a1/a1待_25.png","Assets/Game/Sprites/ColorTiming/Scenes/Boss1/Grass01/首领1场景_草丛01_待机_0025.png",""
"Move","63b3c273ad4bea846901495ebc7937e7","Assets/Game/Sprites/ColorTiming/Scene/B1/a1/a1待_26.png","Assets/Game/Sprites/ColorTiming/Scenes/Boss1/Grass01/首领1场景_草丛01_待机_0026.png",""
"Move","6045217e887d52e43b0f9c09ddff46f1","Assets/Game/Sprites/ColorTiming/Scene/B1/a1/a1待_27.png","Assets/Game/Sprites/ColorTiming/Scenes/Boss1/Grass01/首领1场景_草丛01_待机_0027.png",""
"Move","0688f91a0b8c49140b1b912ad858499b","Assets/Game/Sprites/ColorTiming/Scene/B1/a1/a1待_28.png","Assets/Game/Sprites/ColorTiming/Scenes/Boss1/Grass01/首领1场景_草丛01_待机_0028.png",""
"Move","d52e0cd0b90566e4391427cf40cb5fcd","Assets/Game/Sprites/ColorTiming/Scene/B1/a1/a1待_29.png","Assets/Game/Sprites/ColorTiming/Scenes/Boss1/Grass01/首领1场景_草丛01_待机_0029.png",""
"Move","e5972142cef497442a0128ca9e99ed9f","Assets/Game/Sprites/ColorTiming/Scene/B1/a1/a1待_30.png","Assets/Game/Sprites/ColorTiming/Scenes/Boss1/Grass01/首领1场景_草丛01_待机_0030.png",""
"Move","6ab3a99c5da3a6c4cbf14a6d3025c98f","Assets/Game/Sprites/ColorTiming/Scene/B1/a1/a1待_31.png","Assets/Game/Sprites/ColorTiming/Scenes/Boss1/Grass01/首领1场景_草丛01_待机_0031.png",""
"Move","5fa8995fd3fc4784488c2063dc5e6490","Assets/Game/Sprites/ColorTiming/Scene/B1/a1/a1待_32.png","Assets/Game/Sprites/ColorTiming/Scenes/Boss1/Grass01/首领1场景_草丛01_待机_0032.png",""
"Move","7509b9a64cf254e47bf96826a5800dc6","Assets/Game/Sprites/ColorTiming/Scene/B1/a1/a1待_33.png","Assets/Game/Sprites/ColorTiming/Scenes/Boss1/Grass01/首领1场景_草丛01_待机_0033.png",""
"Move","c2c92c43010284a49bdfde096b747647","Assets/Game/Sprites/ColorTiming/Scene/B1/a1/a1待_34.png","Assets/Game/Sprites/ColorTiming/Scenes/Boss1/Grass01/首领1场景_草丛01_待机_0034.png",""
"Move","41f74d08d3fb1fd4298e0ce1b55901c3","Assets/Game/Sprites/ColorTiming/Scene/B1/a1/a1待_35.png","Assets/Game/Sprites/ColorTiming/Scenes/Boss1/Grass01/首领1场景_草丛01_待机_0035.png",""
"Move","8720b03898bf91749b48d804fe391d58","Assets/Game/Sprites/ColorTiming/Scene/B1/a1/a1待_36.png","Assets/Game/Sprites/ColorTiming/Scenes/Boss1/Grass01/首领1场景_草丛01_待机_0036.png",""
"Move","b077b46215f45d24688a3625704cacae","Assets/Game/Sprites/ColorTiming/Scene/B1/a1/a1待_37.png","Assets/Game/Sprites/ColorTiming/Scenes/Boss1/Grass01/首领1场景_草丛01_待机_0037.png",""
"Move","6f7c7638c7abe214c8a3b2bd6d64882a","Assets/Game/Sprites/ColorTiming/Scene/B1/a1/a1待_38.png","Assets/Game/Sprites/ColorTiming/Scenes/Boss1/Grass01/首领1场景_草丛01_待机_0038.png",""
"Move","5d88238f2f7012e4b9cacf0531376d58","Assets/Game/Sprites/ColorTiming/Scene/B1/a1/a1待_39.png","Assets/Game/Sprites/ColorTiming/Scenes/Boss1/Grass01/首领1场景_草丛01_待机_0039.png",""
"Move","b2db8a7595f33b042adbe764e36a6f7c","Assets/Game/Sprites/ColorTiming/Scene/B1/a1/a1待_40.png","Assets/Game/Sprites/ColorTiming/Scenes/Boss1/Grass01/首领1场景_草丛01_待机_0040.png",""
"Move","74f57ccfc03ed2b4bba69e83316e2641","Assets/Game/Sprites/ColorTiming/Scene/B1/a1/a1待_41.png","Assets/Game/Sprites/ColorTiming/Scenes/Boss1/Grass01/首领1场景_草丛01_待机_0041.png",""
"Move","f4c065d9d04121841be03ce9c0ff254e","Assets/Game/Sprites/ColorTiming/Scene/B1/a1/a1待_42.png","Assets/Game/Sprites/ColorTiming/Scenes/Boss1/Grass01/首领1场景_草丛01_待机_0042.png",""
"Move","acc73d3f2fe51d446bb645ed512659ae","Assets/Game/Sprites/ColorTiming/Scene/B1/a1/a1待_43.png","Assets/Game/Sprites/ColorTiming/Scenes/Boss1/Grass01/首领1场景_草丛01_待机_0043.png",""
"Move","446619ed16571e34282c737d975287c4","Assets/Game/Sprites/ColorTiming/Scene/B1/a1/a1待_44.png","Assets/Game/Sprites/ColorTiming/Scenes/Boss1/Grass01/首领1场景_草丛01_待机_0044.png",""
"Move","c403f8ee8a95bad42b4f0e6a8a9b167b","Assets/Game/Sprites/ColorTiming/Scene/B1/a1/a1待_45.png","Assets/Game/Sprites/ColorTiming/Scenes/Boss1/Grass01/首领1场景_草丛01_待机_0045.png",""
"Move","99b9cacfff57761448fe6edf20af565f","Assets/Game/Sprites/ColorTiming/Scene/B1/a1/a1待_46.png","Assets/Game/Sprites/ColorTiming/Scenes/Boss1/Grass01/首领1场景_草丛01_待机_0046.png",""
"Move","da29e3fa280f61d46a2e3307d4f0794c","Assets/Game/Sprites/ColorTiming/Scene/B1/a1/a1待_47.png","Assets/Game/Sprites/ColorTiming/Scenes/Boss1/Grass01/首领1场景_草丛01_待机_0047.png",""
"Move","3f002f95c86e5ca41bbac55cff197a30","Assets/Game/Sprites/ColorTiming/Scene/B1/a1/a1待_48.png","Assets/Game/Sprites/ColorTiming/Scenes/Boss1/Grass01/首领1场景_草丛01_待机_0048.png",""
"Move","8302d293e769ca94b8a12cf1260c62f3","Assets/Game/Sprites/ColorTiming/Scene/B1/a1/a1待_49.png","Assets/Game/Sprites/ColorTiming/Scenes/Boss1/Grass01/首领1场景_草丛01_待机_0049.png",""
"Move","846f970ad434dbb4b8d64aa72609a426","Assets/Game/Sprites/ColorTiming/Scene/B1/a1/a1待_50.png","Assets/Game/Sprites/ColorTiming/Scenes/Boss1/Grass01/首领1场景_草丛01_待机_0050.png",""
"Move","2b4662dfa4278b948bf44044606361f5","Assets/Game/Sprites/ColorTiming/Scene/B1/a1/a1待_51.png","Assets/Game/Sprites/ColorTiming/Scenes/Boss1/Grass01/首领1场景_草丛01_待机_0051.png",""
"Move","784f4fde06ad8f948974d1eb3d91539e","Assets/Game/Sprites/ColorTiming/Scene/B1/a1/a1待_52.png","Assets/Game/Sprites/ColorTiming/Scenes/Boss1/Grass01/首领1场景_草丛01_待机_0052.png",""
"Move","9eb038b85644987459181efdd315bef7","Assets/Game/Sprites/ColorTiming/Scene/B1/a1/a1待_53.png","Assets/Game/Sprites/ColorTiming/Scenes/Boss1/Grass01/首领1场景_草丛01_待机_0053.png",""
"Move","68403e03ba0d7984aae1a3dfb79bc7f1","Assets/Game/Sprites/ColorTiming/Scene/B1/a1/a1待_54.png","Assets/Game/Sprites/ColorTiming/Scenes/Boss1/Grass01/首领1场景_草丛01_待机_0054.png",""
"Move","d6e56e7fd72d9674f8847025b95360d8","Assets/Game/Sprites/ColorTiming/Scene/B1/a1/a1待_55.png","Assets/Game/Sprites/ColorTiming/Scenes/Boss1/Grass01/首领1场景_草丛01_待机_0055.png",""
"Move","57dd91c97dbbea74f9be1b1cb043b518","Assets/Game/Sprites/ColorTiming/Scene/B1/a1/a1待_56.png","Assets/Game/Sprites/ColorTiming/Scenes/Boss1/Grass01/首领1场景_草丛01_待机_0056.png",""
"Move","f9ee28ec5d3601d41b098a5bbef61723","Assets/Game/Sprites/ColorTiming/Scene/B1/a1/a1待_57.png","Assets/Game/Sprites/ColorTiming/Scenes/Boss1/Grass01/首领1场景_草丛01_待机_0057.png",""
"Move","0b0b0d5a5fd355c4688576f419dd6a6b","Assets/Game/Sprites/ColorTiming/Scene/B1/a1/a1待_58.png","Assets/Game/Sprites/ColorTiming/Scenes/Boss1/Grass01/首领1场景_草丛01_待机_0058.png",""
"Move","88aa73cb8e6275246a7083ca98f3b2ed","Assets/Game/Sprites/ColorTiming/Scene/B1/a1/a1待_59.png","Assets/Game/Sprites/ColorTiming/Scenes/Boss1/Grass01/首领1场景_草丛01_待机_0059.png",""
"Move","8c19eca6134e20845bcb197e6a21f580","Assets/Game/Sprites/ColorTiming/Scene/B1/a1/a1待_60.png","Assets/Game/Sprites/ColorTiming/Scenes/Boss1/Grass01/首领1场景_草丛01_待机_0060.png",""
"Move","7955d3b7b8adee1458db97cef06799d7","Assets/Game/Sprites/ColorTiming/Scene/B1/a1/a1待_61.png","Assets/Game/Sprites/ColorTiming/Scenes/Boss1/Grass01/首领1场景_草丛01_待机_0061.png",""
"Move","41c592d68acef274c816344c85b1bdf0","Assets/Game/Sprites/ColorTiming/Scene/B1/a1/a1待_62.png","Assets/Game/Sprites/ColorTiming/Scenes/Boss1/Grass01/首领1场景_草丛01_待机_0062.png",""
"Move","e01385f309fea2841a4b629530949fc9","Assets/Game/Sprites/ColorTiming/Scene/B1/a1/a1待_63.png","Assets/Game/Sprites/ColorTiming/Scenes/Boss1/Grass01/首领1场景_草丛01_待机_0063.png",""
"Move","eb1c89d967a0e5242aaaf91e022d1997","Assets/Game/Sprites/ColorTiming/Scene/B1/a1/a1待_64.png","Assets/Game/Sprites/ColorTiming/Scenes/Boss1/Grass01/首领1场景_草丛01_待机_0064.png",""
"Move","8c16006ec02b17b4a8afb5826238fe4b","Assets/Game/Sprites/ColorTiming/Scene/B1/a1/a1待_65.png","Assets/Game/Sprites/ColorTiming/Scenes/Boss1/Grass01/首领1场景_草丛01_待机_0065.png",""
"Move","66a6c2aeab2b86148890a3304e6346a6","Assets/Game/Sprites/ColorTiming/Scene/B1/a1/a1待_66.png","Assets/Game/Sprites/ColorTiming/Scenes/Boss1/Grass01/首领1场景_草丛01_待机_0066.png",""
"Move","cc1b61dd3656be848b0cf64be41bb941","Assets/Game/Sprites/ColorTiming/Scene/B1/a1/a1待_67.png","Assets/Game/Sprites/ColorTiming/Scenes/Boss1/Grass01/首领1场景_草丛01_待机_0067.png",""
"Move","3c60b6e91e22b5a41891fbc91c01d0df","Assets/Game/Sprites/ColorTiming/Scene/B1/a1/a1待_68.png","Assets/Game/Sprites/ColorTiming/Scenes/Boss1/Grass01/首领1场景_草丛01_待机_0068.png",""
"Move","2d36f159e21a5b44eb4d8a3e4a54450e","Assets/Game/Sprites/ColorTiming/Scene/B1/a1/a1待_69.png","Assets/Game/Sprites/ColorTiming/Scenes/Boss1/Grass01/首领1场景_草丛01_待机_0069.png",""
"Move","d7d4969f4d36cc54fbcd7ac3513e47c0","Assets/Game/Sprites/ColorTiming/Scene/B1/a1/a1待_70.png","Assets/Game/Sprites/ColorTiming/Scenes/Boss1/Grass01/首领1场景_草丛01_待机_0070.png",""
"Move","89c6a677186e8ac43974164976d84406","Assets/Game/Sprites/ColorTiming/Scene/B1/a1/a1待_71.png","Assets/Game/Sprites/ColorTiming/Scenes/Boss1/Grass01/首领1场景_草丛01_待机_0071.png",""
"Move","006014ab4365a334da2ad48457598132","Assets/Game/Sprites/ColorTiming/Scene/B1/a1/a1待_72.png","Assets/Game/Sprites/ColorTiming/Scenes/Boss1/Grass01/首领1场景_草丛01_待机_0072.png",""
"Move","3826830f67172904e90cf016faa923b6","Assets/Game/Sprites/ColorTiming/Scene/B1/a1/a1待_73.png","Assets/Game/Sprites/ColorTiming/Scenes/Boss1/Grass01/首领1场景_草丛01_待机_0073.png",""
"Move","b07e18a98f62db343972e812435f1ecc","Assets/Game/Sprites/ColorTiming/Scene/B1/a1/a1待_74.png","Assets/Game/Sprites/ColorTiming/Scenes/Boss1/Grass01/首领1场景_草丛01_待机_0074.png",""
"Move","24bb6fa176f0ba440ad1e4091de9d16f","Assets/Game/Sprites/ColorTiming/Scene/B1/a1/a1待_75.png","Assets/Game/Sprites/ColorTiming/Scenes/Boss1/Grass01/首领1场景_草丛01_待机_0075.png",""
"Move","dcf5048f72d248844be9c5b948a8355b","Assets/Game/Sprites/ColorTiming/Scene/B1/a1/a1待_76.png","Assets/Game/Sprites/ColorTiming/Scenes/Boss1/Grass01/首领1场景_草丛01_待机_0076.png",""
"Move","b5bf4a39062f7dc4599652968f6522fb","Assets/Game/Sprites/ColorTiming/Scene/B1/a1/a1待_77.png","Assets/Game/Sprites/ColorTiming/Scenes/Boss1/Grass01/首领1场景_草丛01_待机_0077.png",""
"Move","8bcc3045fe2ed2641a4eeae3d96ef8dc","Assets/Game/Sprites/ColorTiming/Scene/B1/a1/a1待_78.png","Assets/Game/Sprites/ColorTiming/Scenes/Boss1/Grass01/首领1场景_草丛01_待机_0078.png",""
"Move","46cb11d2802a2fb469815fc47919390c","Assets/Game/Sprites/ColorTiming/Scene/B1/a1/a1待_79.png","Assets/Game/Sprites/ColorTiming/Scenes/Boss1/Grass01/首领1场景_草丛01_待机_0079.png",""
"Move","5422e1239e404dc49937e8eec023f302","Assets/Game/Sprites/ColorTiming/Scene/B1/a1/a1待_80.png","Assets/Game/Sprites/ColorTiming/Scenes/Boss1/Grass01/首领1场景_草丛01_待机_0080.png",""
"Move","ae8ca336e79f4464aba2670bb7da9ebb","Assets/Game/Sprites/ColorTiming/Scene/B1/a1/a1待_81.png","Assets/Game/Sprites/ColorTiming/Scenes/Boss1/Grass01/首领1场景_草丛01_待机_0081.png",""
"Move","b52ca5add949e714a802b610ddff7d57","Assets/Game/Sprites/ColorTiming/Scene/B1/a1/a1待_82.png","Assets/Game/Sprites/ColorTiming/Scenes/Boss1/Grass01/首领1场景_草丛01_待机_0082.png",""
"Move","55f9cba4b3ad70a46a75796087e06bfb","Assets/Game/Sprites/ColorTiming/Scene/B1/a1/a1待_83.png","Assets/Game/Sprites/ColorTiming/Scenes/Boss1/Grass01/首领1场景_草丛01_待机_0083.png",""
"Move","409f4c48917a3404cbf85d69f01effc9","Assets/Game/Sprites/ColorTiming/Scene/B1/a1/a1待_84.png","Assets/Game/Sprites/ColorTiming/Scenes/Boss1/Grass01/首领1场景_草丛01_待机_0084.png",""
"Move","3d43edc169e0ba14187c01bea001004c","Assets/Game/Sprites/ColorTiming/Scene/B1/a1/a1待_85.png","Assets/Game/Sprites/ColorTiming/Scenes/Boss1/Grass01/首领1场景_草丛01_待机_0085.png",""
"Move","541753991a0ac2b498066ef22d1e0d21","Assets/Game/Sprites/ColorTiming/Scene/B1/a1/a1待_86.png","Assets/Game/Sprites/ColorTiming/Scenes/Boss1/Grass01/首领1场景_草丛01_待机_0086.png",""
"Move","c96f50fefa4d65747ac50f42acadc2d8","Assets/Game/Sprites/ColorTiming/Scene/B1/a1/a1待_87.png","Assets/Game/Sprites/ColorTiming/Scenes/Boss1/Grass01/首领1场景_草丛01_待机_0087.png",""
"Move","17c32f759f4824247b219816109ad53f","Assets/Game/Sprites/ColorTiming/Scene/B1/a1/a1待_88.png","Assets/Game/Sprites/ColorTiming/Scenes/Boss1/Grass01/首领1场景_草丛01_待机_0088.png",""
"Move","702dfa08babde9c45852744caadc5d52","Assets/Game/Sprites/ColorTiming/Scene/B1/a1/a1待_89.png","Assets/Game/Sprites/ColorTiming/Scenes/Boss1/Grass01/首领1场景_草丛01_待机_0089.png",""
"Move","80ba6789f5c125448a4078360e88d5a8","Assets/Game/Sprites/ColorTiming/Scene/B1/a1/a1待_90.png","Assets/Game/Sprites/ColorTiming/Scenes/Boss1/Grass01/首领1场景_草丛01_待机_0090.png",""
"Move","52550fb75e3b2224183945e6a54272a7","Assets/Game/Sprites/ColorTiming/Scene/B1/a1/a1待_91.png","Assets/Game/Sprites/ColorTiming/Scenes/Boss1/Grass01/首领1场景_草丛01_待机_0091.png",""
"Move","20a0465122d79514093212fe107e759c","Assets/Game/Sprites/ColorTiming/Scene/B1/a1/a1待_92.png","Assets/Game/Sprites/ColorTiming/Scenes/Boss1/Grass01/首领1场景_草丛01_待机_0092.png",""
"Move","330026e8262d4aa4d8b7eff957aede34","Assets/Game/Sprites/ColorTiming/Scene/B1/a1/a1待_93.png","Assets/Game/Sprites/ColorTiming/Scenes/Boss1/Grass01/首领1场景_草丛01_待机_0093.png",""
"Move","336617cda2a2a5549b4a686ed2dc3b86","Assets/Game/Sprites/ColorTiming/Scene/B1/a2/a2_cao.controller","Assets/Game/Sprites/ColorTiming/Scenes/Boss1/Grass02/Boss1_Grass02_Controller.controller",""
"Move","db8c4c70726169540b53fef75cce2939","Assets/Game/Sprites/ColorTiming/Scene/B1/a2/a2_cao_c.anim","Assets/Game/Sprites/ColorTiming/Scenes/Boss1/Grass02/Boss1_Grass02_Motion.anim",""
"Move","9a194562a9046d145a13aa4606952057","Assets/Game/Sprites/ColorTiming/Scene/B1/a2/a2_cao_dj.anim","Assets/Game/Sprites/ColorTiming/Scenes/Boss1/Grass02/Boss1_Grass02_Idle.anim",""
"Move","fe88d90f38f146244a84262f02216012","Assets/Game/Sprites/ColorTiming/Scene/B1/a2/c/a2草动_00.png","Assets/Game/Sprites/ColorTiming/Scenes/Boss1/Grass02/Motion/首领1场景_草丛02_摆动_0000.png",""
"Move","efb8b2cf67c512e4c91cae7193773ff1","Assets/Game/Sprites/ColorTiming/Scene/B1/a2/c/a2草动_01.png","Assets/Game/Sprites/ColorTiming/Scenes/Boss1/Grass02/Motion/首领1场景_草丛02_摆动_0001.png",""
"Move","79398d630a6e0b84bb55ec6c504dbebd","Assets/Game/Sprites/ColorTiming/Scene/B1/a2/c/a2草动_02.png","Assets/Game/Sprites/ColorTiming/Scenes/Boss1/Grass02/Motion/首领1场景_草丛02_摆动_0002.png",""
"Move","957834a7921fbd849a127004764bde4d","Assets/Game/Sprites/ColorTiming/Scene/B1/a2/c/a2草动_03.png","Assets/Game/Sprites/ColorTiming/Scenes/Boss1/Grass02/Motion/首领1场景_草丛02_摆动_0003.png",""
"Move","4689e9109c3645347a67171512d0d870","Assets/Game/Sprites/ColorTiming/Scene/B1/a2/c/a2草动_04.png","Assets/Game/Sprites/ColorTiming/Scenes/Boss1/Grass02/Motion/首领1场景_草丛02_摆动_0004.png",""
"Move","960b2d817cf373b46ad69dc99336f9b5","Assets/Game/Sprites/ColorTiming/Scene/B1/a2/c/a2草动_05.png","Assets/Game/Sprites/ColorTiming/Scenes/Boss1/Grass02/Motion/首领1场景_草丛02_摆动_0005.png",""
"Move","dd02dea9e5091f34fbeb5a9890fadd72","Assets/Game/Sprites/ColorTiming/Scene/B1/a2/c/a2草动_06.png","Assets/Game/Sprites/ColorTiming/Scenes/Boss1/Grass02/Motion/首领1场景_草丛02_摆动_0006.png",""
"Move","d4e6869e2e66f5f48b349d42f180f1ac","Assets/Game/Sprites/ColorTiming/Scene/B1/a2/c/a2草动_07.png","Assets/Game/Sprites/ColorTiming/Scenes/Boss1/Grass02/Motion/首领1场景_草丛02_摆动_0007.png",""
"Move","d0d56bef59a16e7488ecb9a8896032f7","Assets/Game/Sprites/ColorTiming/Scene/B1/a2/c/a2草动_08.png","Assets/Game/Sprites/ColorTiming/Scenes/Boss1/Grass02/Motion/首领1场景_草丛02_摆动_0008.png",""
"Move","40d2638d3c6d21144a5e03ac8a37de65","Assets/Game/Sprites/ColorTiming/Scene/B1/a2/c/a2草动_09.png","Assets/Game/Sprites/ColorTiming/Scenes/Boss1/Grass02/Motion/首领1场景_草丛02_摆动_0009.png",""
"Move","01f559a4089a54645b50298f35e7efcc","Assets/Game/Sprites/ColorTiming/Scene/B1/a2/c/a2草动_10.png","Assets/Game/Sprites/ColorTiming/Scenes/Boss1/Grass02/Motion/首领1场景_草丛02_摆动_0010.png",""
"Move","b3b6f541f560d24469faaae50b4fdb1d","Assets/Game/Sprites/ColorTiming/Scene/B1/a2/c/a2草动_11.png","Assets/Game/Sprites/ColorTiming/Scenes/Boss1/Grass02/Motion/首领1场景_草丛02_摆动_0011.png",""
"Move","ab2b99fac798e9047817a7b0ddee3d98","Assets/Game/Sprites/ColorTiming/Scene/B1/a2/c/a2草动_12.png","Assets/Game/Sprites/ColorTiming/Scenes/Boss1/Grass02/Motion/首领1场景_草丛02_摆动_0012.png",""
"Move","03f1fb643906b024db947eeae4df25f5","Assets/Game/Sprites/ColorTiming/Scene/B1/a2/c/a2草动_13.png","Assets/Game/Sprites/ColorTiming/Scenes/Boss1/Grass02/Motion/首领1场景_草丛02_摆动_0013.png",""
"Move","69574b6459d11aa469ecf1dda04edeab","Assets/Game/Sprites/ColorTiming/Scene/B1/a2/c/a2草动_14.png","Assets/Game/Sprites/ColorTiming/Scenes/Boss1/Grass02/Motion/首领1场景_草丛02_摆动_0014.png",""
"Move","e51e209b9b3f05f45bbad35c08192c02","Assets/Game/Sprites/ColorTiming/Scene/B1/a2/c/a2草动_15.png","Assets/Game/Sprites/ColorTiming/Scenes/Boss1/Grass02/Motion/首领1场景_草丛02_摆动_0015.png",""
"Move","74a848c7cd5bbf64ea1e942326fc44e2","Assets/Game/Sprites/ColorTiming/Scene/B1/a2/c/a2草动_16.png","Assets/Game/Sprites/ColorTiming/Scenes/Boss1/Grass02/Motion/首领1场景_草丛02_摆动_0016.png",""
"Move","39cc567cfaa5dca4695cfcc396be0c3f","Assets/Game/Sprites/ColorTiming/Scene/B1/a2/c/a2草动_17.png","Assets/Game/Sprites/ColorTiming/Scenes/Boss1/Grass02/Motion/首领1场景_草丛02_摆动_0017.png",""
"Move","e10f5ac96361e3e478cfd32349d25368","Assets/Game/Sprites/ColorTiming/Scene/B1/a2/c/a2草动_18.png","Assets/Game/Sprites/ColorTiming/Scenes/Boss1/Grass02/Motion/首领1场景_草丛02_摆动_0018.png",""
"Move","991c649549e22c94f9381b21ce525e48","Assets/Game/Sprites/ColorTiming/Scene/B1/a2/c/a2草动_19.png","Assets/Game/Sprites/ColorTiming/Scenes/Boss1/Grass02/Motion/首领1场景_草丛02_摆动_0019.png",""
"Move","8ea75275be2d2e6469e1ff05d8225756","Assets/Game/Sprites/ColorTiming/Scene/B1/a2/c/a2草动_20.png","Assets/Game/Sprites/ColorTiming/Scenes/Boss1/Grass02/Motion/首领1场景_草丛02_摆动_0020.png",""
"Move","3bee9083cb2cf8849bdda31a644238e7","Assets/Game/Sprites/ColorTiming/Scene/B1/a2/c/a2草动_21.png","Assets/Game/Sprites/ColorTiming/Scenes/Boss1/Grass02/Motion/首领1场景_草丛02_摆动_0021.png",""
"Move","aa2ea6c75f088e04a8d5806eb301d03d","Assets/Game/Sprites/ColorTiming/Scene/B1/a2/c/a2草动_22.png","Assets/Game/Sprites/ColorTiming/Scenes/Boss1/Grass02/Motion/首领1场景_草丛02_摆动_0022.png",""
"Move","2826c9eaf4c08b44b9f716bae4fa0a17","Assets/Game/Sprites/ColorTiming/Scene/B1/a2/c/a2草动_23.png","Assets/Game/Sprites/ColorTiming/Scenes/Boss1/Grass02/Motion/首领1场景_草丛02_摆动_0023.png",""
"Move","446b7c001e9acb74ca30616b0d7bff6b","Assets/Game/Sprites/ColorTiming/Scene/B1/a2/c/a2草动_24.png","Assets/Game/Sprites/ColorTiming/Scenes/Boss1/Grass02/Motion/首领1场景_草丛02_摆动_0024.png",""
"Move","cb3c9fb91d8d9d745a0c10a826c7464b","Assets/Game/Sprites/ColorTiming/Scene/B1/a2/c/a2草动_25.png","Assets/Game/Sprites/ColorTiming/Scenes/Boss1/Grass02/Motion/首领1场景_草丛02_摆动_0025.png",""
"Move","ff5445a7bbcc8234796f1b5636df7ca3","Assets/Game/Sprites/ColorTiming/Scene/B1/a2/c/a2草动_26.png","Assets/Game/Sprites/ColorTiming/Scenes/Boss1/Grass02/Motion/首领1场景_草丛02_摆动_0026.png",""
"Move","ba290be87986f8547a35ed07e69f7f54","Assets/Game/Sprites/ColorTiming/Scene/B1/a2/c/a2草动_27.png","Assets/Game/Sprites/ColorTiming/Scenes/Boss1/Grass02/Motion/首领1场景_草丛02_摆动_0027.png",""
"Move","056aff215c2f3bb44858f643adce33da","Assets/Game/Sprites/ColorTiming/Scene/B1/a2/c/a2草动_28.png","Assets/Game/Sprites/ColorTiming/Scenes/Boss1/Grass02/Motion/首领1场景_草丛02_摆动_0028.png",""
"Move","6cb17b55c181c9e4b81ca72d2e979349","Assets/Game/Sprites/ColorTiming/Scene/B1/a2/c/a2草动_29.png","Assets/Game/Sprites/ColorTiming/Scenes/Boss1/Grass02/Motion/首领1场景_草丛02_摆动_0029.png",""
"Move","186aaf2c84767c642b0b1755f3527db0","Assets/Game/Sprites/ColorTiming/Scene/B1/a2/c/a2草动_30.png","Assets/Game/Sprites/ColorTiming/Scenes/Boss1/Grass02/Motion/首领1场景_草丛02_摆动_0030.png",""
"Move","6cebe4f711dfb214486aa73728319e5a","Assets/Game/Sprites/ColorTiming/Scene/B1/a2/c/a2草动_31.png","Assets/Game/Sprites/ColorTiming/Scenes/Boss1/Grass02/Motion/首领1场景_草丛02_摆动_0031.png",""
"Move","9309d4f4ff8f73742a13c2b2298fed66","Assets/Game/Sprites/ColorTiming/Scene/B1/a2/c/a2草动_32.png","Assets/Game/Sprites/ColorTiming/Scenes/Boss1/Grass02/Motion/首领1场景_草丛02_摆动_0032.png",""
"Move","f29ff050e9da78d4fa158bc9dbbb77ed","Assets/Game/Sprites/ColorTiming/Scene/B1/a2/c/a2草动_33.png","Assets/Game/Sprites/ColorTiming/Scenes/Boss1/Grass02/Motion/首领1场景_草丛02_摆动_0033.png",""
"Move","d05c6f575fb5459489c1586586837e15","Assets/Game/Sprites/ColorTiming/Scene/B1/a2/c/a2草动_34.png","Assets/Game/Sprites/ColorTiming/Scenes/Boss1/Grass02/Motion/首领1场景_草丛02_摆动_0034.png",""
"Move","4506d34b99059bb4e8fe3739c2529a6b","Assets/Game/Sprites/ColorTiming/Scene/B1/a2/c/a2草动_35.png","Assets/Game/Sprites/ColorTiming/Scenes/Boss1/Grass02/Motion/首领1场景_草丛02_摆动_0035.png",""
"Move","153121cb4329e8c46828de96860a80b9","Assets/Game/Sprites/ColorTiming/Scene/B1/a2/c/a2草动_36.png","Assets/Game/Sprites/ColorTiming/Scenes/Boss1/Grass02/Motion/首领1场景_草丛02_摆动_0036.png",""
"Move","39de2216acb289740904b50ddbf2ede1","Assets/Game/Sprites/ColorTiming/Scene/B1/a2/c/a2草动_37.png","Assets/Game/Sprites/ColorTiming/Scenes/Boss1/Grass02/Motion/首领1场景_草丛02_摆动_0037.png",""
"Move","53f2b0252af2b4f4d87d5d48b272fb2f","Assets/Game/Sprites/ColorTiming/Scene/B1/a2/c/a2草动_38.png","Assets/Game/Sprites/ColorTiming/Scenes/Boss1/Grass02/Motion/首领1场景_草丛02_摆动_0038.png",""
"Move","caa75317550be254d9bea6f4a994825b","Assets/Game/Sprites/ColorTiming/Scene/B1/a2/c/a2草动_39.png","Assets/Game/Sprites/ColorTiming/Scenes/Boss1/Grass02/Motion/首领1场景_草丛02_摆动_0039.png",""
"Move","9a0605dcf04bb6a40be9e8a293e3fe1f","Assets/Game/Sprites/ColorTiming/Scene/B1/a2/c/a2草动_40.png","Assets/Game/Sprites/ColorTiming/Scenes/Boss1/Grass02/Motion/首领1场景_草丛02_摆动_0040.png",""
"Move","f74268a808fbb954f982311a259137b5","Assets/Game/Sprites/ColorTiming/Scene/B1/a2/c/a2草动_41.png","Assets/Game/Sprites/ColorTiming/Scenes/Boss1/Grass02/Motion/首领1场景_草丛02_摆动_0041.png",""
"Move","5c00cbe1f1c1e8e4d9513913fbacda10","Assets/Game/Sprites/ColorTiming/Scene/B1/a2/c/a2草动_42.png","Assets/Game/Sprites/ColorTiming/Scenes/Boss1/Grass02/Motion/首领1场景_草丛02_摆动_0042.png",""
"Move","226e81da32429ab43b75466e5b4bdf1c","Assets/Game/Sprites/ColorTiming/Scene/B1/a2/c/a2草动_43.png","Assets/Game/Sprites/ColorTiming/Scenes/Boss1/Grass02/Motion/首领1场景_草丛02_摆动_0043.png",""
"Move","d936bafbb1f771540ac4df4036f795c2","Assets/Game/Sprites/ColorTiming/Scene/B1/a2/c/a2草动_44.png","Assets/Game/Sprites/ColorTiming/Scenes/Boss1/Grass02/Motion/首领1场景_草丛02_摆动_0044.png",""
"Move","af68f89987d899d499d42eab71a43d37","Assets/Game/Sprites/ColorTiming/Scene/B1/a2/c/a2草动_45.png","Assets/Game/Sprites/ColorTiming/Scenes/Boss1/Grass02/Motion/首领1场景_草丛02_摆动_0045.png",""
"Move","b5266d6f61714694b920755149018525","Assets/Game/Sprites/ColorTiming/Scene/B1/a2/c/a2草动_46.png","Assets/Game/Sprites/ColorTiming/Scenes/Boss1/Grass02/Motion/首领1场景_草丛02_摆动_0046.png",""
"Move","409db029c7c340b458b1a5c01b11796e","Assets/Game/Sprites/ColorTiming/Scene/B1/a2/c/a2草动_47.png","Assets/Game/Sprites/ColorTiming/Scenes/Boss1/Grass02/Motion/首领1场景_草丛02_摆动_0047.png",""
"Move","8632b1b4856c3d747891c291a586d907","Assets/Game/Sprites/ColorTiming/Scene/B1/a2/c/a2草动_48.png","Assets/Game/Sprites/ColorTiming/Scenes/Boss1/Grass02/Motion/首领1场景_草丛02_摆动_0048.png",""
"Move","b7ad017f921643f418a20fa2b486a83f","Assets/Game/Sprites/ColorTiming/Scene/B1/a2/c/a2草动_49.png","Assets/Game/Sprites/ColorTiming/Scenes/Boss1/Grass02/Motion/首领1场景_草丛02_摆动_0049.png",""
"Move","fdec68df549f918488bbff4a764b9a04","Assets/Game/Sprites/ColorTiming/Scene/B1/a2/c/a2草动_50.png","Assets/Game/Sprites/ColorTiming/Scenes/Boss1/Grass02/Motion/首领1场景_草丛02_摆动_0050.png",""
"Move","5c20cbdb00328e544b11124f745e1c92","Assets/Game/Sprites/ColorTiming/Scene/B1/a2/c/a2草动_51.png","Assets/Game/Sprites/ColorTiming/Scenes/Boss1/Grass02/Motion/首领1场景_草丛02_摆动_0051.png",""
"Move","b86e429eb01f24a47998c10d2090aee6","Assets/Game/Sprites/ColorTiming/Scene/B1/a2/c/a2草动_52.png","Assets/Game/Sprites/ColorTiming/Scenes/Boss1/Grass02/Motion/首领1场景_草丛02_摆动_0052.png",""
"Move","602d6666e759de74fabaf56af5231c5a","Assets/Game/Sprites/ColorTiming/Scene/B1/a2/c/a2草动_53.png","Assets/Game/Sprites/ColorTiming/Scenes/Boss1/Grass02/Motion/首领1场景_草丛02_摆动_0053.png",""
"Move","eda4a21c2d211e34c826ce8880130c4f","Assets/Game/Sprites/ColorTiming/Scene/B1/a2/c/a2草动_54.png","Assets/Game/Sprites/ColorTiming/Scenes/Boss1/Grass02/Motion/首领1场景_草丛02_摆动_0054.png",""
"Move","3e402d4eeedb51349ab767a2d2c0cba9","Assets/Game/Sprites/ColorTiming/Scene/B1/a2/c/a2草动_55.png","Assets/Game/Sprites/ColorTiming/Scenes/Boss1/Grass02/Motion/首领1场景_草丛02_摆动_0055.png",""
"Move","5fd2137c3ce88bf4185a5aea12b9ed00","Assets/Game/Sprites/ColorTiming/Scene/B1/a2/c/a2草动_56.png","Assets/Game/Sprites/ColorTiming/Scenes/Boss1/Grass02/Motion/首领1场景_草丛02_摆动_0056.png",""
"Move","7bd5e4826596c9047920b5bf7b0db0f4","Assets/Game/Sprites/ColorTiming/Scene/B1/a2/c/a2草动_57.png","Assets/Game/Sprites/ColorTiming/Scenes/Boss1/Grass02/Motion/首领1场景_草丛02_摆动_0057.png",""
"Move","7365e2050a9dcc9488b460a060495769","Assets/Game/Sprites/ColorTiming/Scene/B1/a2/c/a2草动_58.png","Assets/Game/Sprites/ColorTiming/Scenes/Boss1/Grass02/Motion/首领1场景_草丛02_摆动_0058.png",""
"Move","387b9c7a14c4b9d48a883a039973081e","Assets/Game/Sprites/ColorTiming/Scene/B1/a2/c/a2草动_59.png","Assets/Game/Sprites/ColorTiming/Scenes/Boss1/Grass02/Motion/首领1场景_草丛02_摆动_0059.png",""
"Move","05c3f974330cc144cb53dac693665164","Assets/Game/Sprites/ColorTiming/Scene/B1/a2/c/a2草动_60.png","Assets/Game/Sprites/ColorTiming/Scenes/Boss1/Grass02/Motion/首领1场景_草丛02_摆动_0060.png",""
"Move","11177811e89d18d46a865590acf1d6f1","Assets/Game/Sprites/ColorTiming/Scene/B1/a2/c/a2草动_61.png","Assets/Game/Sprites/ColorTiming/Scenes/Boss1/Grass02/Motion/首领1场景_草丛02_摆动_0061.png",""
"Move","8ab25ccd2b0b220499706f6cb57fe1d1","Assets/Game/Sprites/ColorTiming/Scene/B1/a2/c/a2草动_62.png","Assets/Game/Sprites/ColorTiming/Scenes/Boss1/Grass02/Motion/首领1场景_草丛02_摆动_0062.png",""
"Move","95e43a71616095e4a87da15e0d0550a2","Assets/Game/Sprites/ColorTiming/Scene/B1/a2/c/a2草动_63.png","Assets/Game/Sprites/ColorTiming/Scenes/Boss1/Grass02/Motion/首领1场景_草丛02_摆动_0063.png",""
"Move","52335c85e6a4f9d4e995273106fd6f28","Assets/Game/Sprites/ColorTiming/Scene/B1/a2/c/a2草动_64.png","Assets/Game/Sprites/ColorTiming/Scenes/Boss1/Grass02/Motion/首领1场景_草丛02_摆动_0064.png",""
"Move","63c3daf0720047843acb923513633092","Assets/Game/Sprites/ColorTiming/Scene/B1/a2/c/a2草动_65.png","Assets/Game/Sprites/ColorTiming/Scenes/Boss1/Grass02/Motion/首领1场景_草丛02_摆动_0065.png",""
"Move","13ac2a2eec4ee8f468ffce6814b3ce79","Assets/Game/Sprites/ColorTiming/Scene/B1/a2/c/a2草动_66.png","Assets/Game/Sprites/ColorTiming/Scenes/Boss1/Grass02/Motion/首领1场景_草丛02_摆动_0066.png",""
"Move","2a76111d7564da346847f1821f0062d7","Assets/Game/Sprites/ColorTiming/Scene/B1/a2/c/a2草动_67.png","Assets/Game/Sprites/ColorTiming/Scenes/Boss1/Grass02/Motion/首领1场景_草丛02_摆动_0067.png",""
"Move","d25e9a89b5b53f243aa24db4cc529f5a","Assets/Game/Sprites/ColorTiming/Scene/B1/a2/c/a2草动_68.png","Assets/Game/Sprites/ColorTiming/Scenes/Boss1/Grass02/Motion/首领1场景_草丛02_摆动_0068.png",""
"Move","1ef38056da4937942b53ecc0b62df278","Assets/Game/Sprites/ColorTiming/Scene/B1/a2/c/a2草动_69.png","Assets/Game/Sprites/ColorTiming/Scenes/Boss1/Grass02/Motion/首领1场景_草丛02_摆动_0069.png",""
"Move","fcdbd47a88349994f8e3acb5df3a2130","Assets/Game/Sprites/ColorTiming/Scene/B1/a2/dj/a2草待机_00.png","Assets/Game/Sprites/ColorTiming/Scenes/Boss1/Grass02/Idle/首领1场景_草丛02_待机_0000.png",""
"Move","0bd7e72d41d03474abe2cecde3f2ccde","Assets/Game/Sprites/ColorTiming/Scene/B1/a2/dj/a2草待机_01.png","Assets/Game/Sprites/ColorTiming/Scenes/Boss1/Grass02/Idle/首领1场景_草丛02_待机_0001.png",""
"Move","03fed4e4719002846af6b0490b93fa76","Assets/Game/Sprites/ColorTiming/Scene/B1/a2/dj/a2草待机_02.png","Assets/Game/Sprites/ColorTiming/Scenes/Boss1/Grass02/Idle/首领1场景_草丛02_待机_0002.png",""
"Move","95744f64db5526945a06a113c6ea1c42","Assets/Game/Sprites/ColorTiming/Scene/B1/a2/dj/a2草待机_03.png","Assets/Game/Sprites/ColorTiming/Scenes/Boss1/Grass02/Idle/首领1场景_草丛02_待机_0003.png",""
"Move","1545e00bd9e8a7945963800ecb7838aa","Assets/Game/Sprites/ColorTiming/Scene/B1/a2/dj/a2草待机_04.png","Assets/Game/Sprites/ColorTiming/Scenes/Boss1/Grass02/Idle/首领1场景_草丛02_待机_0004.png",""
"Move","4434f434efd12a445ae8ee7c91ea84da","Assets/Game/Sprites/ColorTiming/Scene/B1/a2/dj/a2草待机_05.png","Assets/Game/Sprites/ColorTiming/Scenes/Boss1/Grass02/Idle/首领1场景_草丛02_待机_0005.png",""
"Move","452b369ff56346344b81afc252ef4cb6","Assets/Game/Sprites/ColorTiming/Scene/B1/a2/dj/a2草待机_06.png","Assets/Game/Sprites/ColorTiming/Scenes/Boss1/Grass02/Idle/首领1场景_草丛02_待机_0006.png",""
"Move","97256b4b73005c04cbb0b85f4b25e107","Assets/Game/Sprites/ColorTiming/Scene/B1/a2/dj/a2草待机_07.png","Assets/Game/Sprites/ColorTiming/Scenes/Boss1/Grass02/Idle/首领1场景_草丛02_待机_0007.png",""
"Move","c773def9637cb694abb194db63dce48b","Assets/Game/Sprites/ColorTiming/Scene/B1/a2/dj/a2草待机_08.png","Assets/Game/Sprites/ColorTiming/Scenes/Boss1/Grass02/Idle/首领1场景_草丛02_待机_0008.png",""
"Move","bb515c32ee88050439b063105ed85f00","Assets/Game/Sprites/ColorTiming/Scene/B1/a2/dj/a2草待机_09.png","Assets/Game/Sprites/ColorTiming/Scenes/Boss1/Grass02/Idle/首领1场景_草丛02_待机_0009.png",""
"Move","eda23a8a4f557f142aa46164d0b3854e","Assets/Game/Sprites/ColorTiming/Scene/B1/a2/dj/a2草待机_10.png","Assets/Game/Sprites/ColorTiming/Scenes/Boss1/Grass02/Idle/首领1场景_草丛02_待机_0010.png",""
"Move","009f6feab39e35f449579815f1552cc9","Assets/Game/Sprites/ColorTiming/Scene/B1/a2/dj/a2草待机_11.png","Assets/Game/Sprites/ColorTiming/Scenes/Boss1/Grass02/Idle/首领1场景_草丛02_待机_0011.png",""
"Move","5ab16bdd23159f849a55565b2787a6f0","Assets/Game/Sprites/ColorTiming/Scene/B1/a2/dj/a2草待机_12.png","Assets/Game/Sprites/ColorTiming/Scenes/Boss1/Grass02/Idle/首领1场景_草丛02_待机_0012.png",""
"Move","50cc637d46dc9b24aba74616c1064dff","Assets/Game/Sprites/ColorTiming/Scene/B1/a2/dj/a2草待机_13.png","Assets/Game/Sprites/ColorTiming/Scenes/Boss1/Grass02/Idle/首领1场景_草丛02_待机_0013.png",""
"Move","69d3ae2f469914f4ab8f1376070a7c60","Assets/Game/Sprites/ColorTiming/Scene/B1/a2/dj/a2草待机_14.png","Assets/Game/Sprites/ColorTiming/Scenes/Boss1/Grass02/Idle/首领1场景_草丛02_待机_0014.png",""
"Move","b308177f77746494892bc02d6fead1d7","Assets/Game/Sprites/ColorTiming/Scene/B1/a2/dj/a2草待机_15.png","Assets/Game/Sprites/ColorTiming/Scenes/Boss1/Grass02/Idle/首领1场景_草丛02_待机_0015.png",""
"Move","062927aa23491ab41816064e9829d276","Assets/Game/Sprites/ColorTiming/Scene/B1/a2/dj/a2草待机_16.png","Assets/Game/Sprites/ColorTiming/Scenes/Boss1/Grass02/Idle/首领1场景_草丛02_待机_0016.png",""
"Move","5676c41d1235eca4b85dde4bce6e94cc","Assets/Game/Sprites/ColorTiming/Scene/B1/a2/dj/a2草待机_17.png","Assets/Game/Sprites/ColorTiming/Scenes/Boss1/Grass02/Idle/首领1场景_草丛02_待机_0017.png",""
"Move","d3fa970678590294ba9e3be1edf20b35","Assets/Game/Sprites/ColorTiming/Scene/B1/a2/dj/a2草待机_18.png","Assets/Game/Sprites/ColorTiming/Scenes/Boss1/Grass02/Idle/首领1场景_草丛02_待机_0018.png",""
"Move","a0d1fdd7b61d194478e92845074c4a2a","Assets/Game/Sprites/ColorTiming/Scene/B1/a2/dj/a2草待机_19.png","Assets/Game/Sprites/ColorTiming/Scenes/Boss1/Grass02/Idle/首领1场景_草丛02_待机_0019.png",""
"Move","f2a8bf622fa9ea941a28e40d0fb66913","Assets/Game/Sprites/ColorTiming/Scene/B1/a2/dj/a2草待机_20.png","Assets/Game/Sprites/ColorTiming/Scenes/Boss1/Grass02/Idle/首领1场景_草丛02_待机_0020.png",""
"Move","12c72a590472c0342a94140737b48575","Assets/Game/Sprites/ColorTiming/Scene/B1/a2/dj/a2草待机_21.png","Assets/Game/Sprites/ColorTiming/Scenes/Boss1/Grass02/Idle/首领1场景_草丛02_待机_0021.png",""
"Move","ac8e5f70d4fa0834eaca2ceb2950c00b","Assets/Game/Sprites/ColorTiming/Scene/B1/a2/dj/a2草待机_22.png","Assets/Game/Sprites/ColorTiming/Scenes/Boss1/Grass02/Idle/首领1场景_草丛02_待机_0022.png",""
"Move","08582c61e18af97438942bb97afc61e0","Assets/Game/Sprites/ColorTiming/Scene/B1/a2/dj/a2草待机_23.png","Assets/Game/Sprites/ColorTiming/Scenes/Boss1/Grass02/Idle/首领1场景_草丛02_待机_0023.png",""
"Move","1285de0c22c19b5479981de89928011b","Assets/Game/Sprites/ColorTiming/Scene/B1/a2/dj/a2草待机_24.png","Assets/Game/Sprites/ColorTiming/Scenes/Boss1/Grass02/Idle/首领1场景_草丛02_待机_0024.png",""
"Move","84f2de14e4d74c44abacbae3b627804d","Assets/Game/Sprites/ColorTiming/Scene/B1/a2/dj/a2草待机_25.png","Assets/Game/Sprites/ColorTiming/Scenes/Boss1/Grass02/Idle/首领1场景_草丛02_待机_0025.png",""
"Move","aae7d666988a3e84ca16b4a717d5acbf","Assets/Game/Sprites/ColorTiming/Scene/B1/a2/dj/a2草待机_26.png","Assets/Game/Sprites/ColorTiming/Scenes/Boss1/Grass02/Idle/首领1场景_草丛02_待机_0026.png",""
"Move","7ed3709101eb4d24cae4a4d8de2ab1d7","Assets/Game/Sprites/ColorTiming/Scene/B1/a2/dj/a2草待机_27.png","Assets/Game/Sprites/ColorTiming/Scenes/Boss1/Grass02/Idle/首领1场景_草丛02_待机_0027.png",""
"Move","c6c45ecfd828fdf4bab6eeaa5d99061a","Assets/Game/Sprites/ColorTiming/Scene/B1/a2/dj/a2草待机_28.png","Assets/Game/Sprites/ColorTiming/Scenes/Boss1/Grass02/Idle/首领1场景_草丛02_待机_0028.png",""
"Move","128e3dc92c019d5448d93566affd3c0b","Assets/Game/Sprites/ColorTiming/Scene/B1/a2/dj/a2草待机_29.png","Assets/Game/Sprites/ColorTiming/Scenes/Boss1/Grass02/Idle/首领1场景_草丛02_待机_0029.png",""
"Move","09f440b58a173f048a4ace1668aa70ed","Assets/Game/Sprites/ColorTiming/Scene/B1/a2/dj/a2草待机_30.png","Assets/Game/Sprites/ColorTiming/Scenes/Boss1/Grass02/Idle/首领1场景_草丛02_待机_0030.png",""
"Move","dc33b5f27af7b5c4ca795599198f1bfa","Assets/Game/Sprites/ColorTiming/Scene/B1/a2/dj/a2草待机_31.png","Assets/Game/Sprites/ColorTiming/Scenes/Boss1/Grass02/Idle/首领1场景_草丛02_待机_0031.png",""
"Move","7ecea09ca0f00ad4b9d3dc27f3bf9155","Assets/Game/Sprites/ColorTiming/Scene/B1/a2/dj/a2草待机_32.png","Assets/Game/Sprites/ColorTiming/Scenes/Boss1/Grass02/Idle/首领1场景_草丛02_待机_0032.png",""
"Move","ef414777e1b867b43ba14713d47dd956","Assets/Game/Sprites/ColorTiming/Scene/B1/a2/dj/a2草待机_33.png","Assets/Game/Sprites/ColorTiming/Scenes/Boss1/Grass02/Idle/首领1场景_草丛02_待机_0033.png",""
"Move","dbdaf76e2626c584b80f01f8a8cb12f9","Assets/Game/Sprites/ColorTiming/Scene/B1/a2/dj/a2草待机_34.png","Assets/Game/Sprites/ColorTiming/Scenes/Boss1/Grass02/Idle/首领1场景_草丛02_待机_0034.png",""
"Move","a82ca1898f3ab6c4b8df9e03fda35206","Assets/Game/Sprites/ColorTiming/Scene/B1/a2/dj/a2草待机_35.png","Assets/Game/Sprites/ColorTiming/Scenes/Boss1/Grass02/Idle/首领1场景_草丛02_待机_0035.png",""
"Move","9fdfd53fd9d25a242bacfd36fa444015","Assets/Game/Sprites/ColorTiming/Scene/B1/a2/dj/a2草待机_36.png","Assets/Game/Sprites/ColorTiming/Scenes/Boss1/Grass02/Idle/首领1场景_草丛02_待机_0036.png",""
"Move","c9de48be7d7e46447ae7da3b4c8aebbb","Assets/Game/Sprites/ColorTiming/Scene/B1/a2/dj/a2草待机_37.png","Assets/Game/Sprites/ColorTiming/Scenes/Boss1/Grass02/Idle/首领1场景_草丛02_待机_0037.png",""
"Move","c81db9d1a581d274a969865cd790251f","Assets/Game/Sprites/ColorTiming/Scene/B1/a2/dj/a2草待机_38.png","Assets/Game/Sprites/ColorTiming/Scenes/Boss1/Grass02/Idle/首领1场景_草丛02_待机_0038.png",""
"Move","0261f7b352eed944ebdabcb235f80022","Assets/Game/Sprites/ColorTiming/Scene/B1/a2/dj/a2草待机_39.png","Assets/Game/Sprites/ColorTiming/Scenes/Boss1/Grass02/Idle/首领1场景_草丛02_待机_0039.png",""
"Move","9cca41904d3d58c49bef178d6949a4fb","Assets/Game/Sprites/ColorTiming/Scene/B1/a2/dj/a2草待机_40.png","Assets/Game/Sprites/ColorTiming/Scenes/Boss1/Grass02/Idle/首领1场景_草丛02_待机_0040.png",""
"Move","ca67fd35880c78342b031598b4edeb1b","Assets/Game/Sprites/ColorTiming/Scene/B1/a2/dj/a2草待机_41.png","Assets/Game/Sprites/ColorTiming/Scenes/Boss1/Grass02/Idle/首领1场景_草丛02_待机_0041.png",""
"Move","cca10a36d53fe8d49899a535a05b8cd0","Assets/Game/Sprites/ColorTiming/Scene/B1/a2/dj/a2草待机_42.png","Assets/Game/Sprites/ColorTiming/Scenes/Boss1/Grass02/Idle/首领1场景_草丛02_待机_0042.png",""
"Move","4ce91687638a2b447b494d4e5087dcc6","Assets/Game/Sprites/ColorTiming/Scene/B1/a2/dj/a2草待机_43.png","Assets/Game/Sprites/ColorTiming/Scenes/Boss1/Grass02/Idle/首领1场景_草丛02_待机_0043.png",""
"Move","e707e9bda8a7d974983c1947d258f49f","Assets/Game/Sprites/ColorTiming/Scene/B1/a2/dj/a2草待机_44.png","Assets/Game/Sprites/ColorTiming/Scenes/Boss1/Grass02/Idle/首领1场景_草丛02_待机_0044.png",""
"Move","2aef237eab76cba4ebc8cd23409b29cf","Assets/Game/Sprites/ColorTiming/Scene/B1/a2/dj/a2草待机_45.png","Assets/Game/Sprites/ColorTiming/Scenes/Boss1/Grass02/Idle/首领1场景_草丛02_待机_0045.png",""
"Move","64d2fa77408da8341a39417ddfb2cf7b","Assets/Game/Sprites/ColorTiming/Scene/B1/a2/dj/a2草待机_46.png","Assets/Game/Sprites/ColorTiming/Scenes/Boss1/Grass02/Idle/首领1场景_草丛02_待机_0046.png",""
"Move","f288495675806d8459b1af4ad852a65f","Assets/Game/Sprites/ColorTiming/Scene/B1/a2/dj/a2草待机_47.png","Assets/Game/Sprites/ColorTiming/Scenes/Boss1/Grass02/Idle/首领1场景_草丛02_待机_0047.png",""
"Move","ee5e2984661d1874ea430447aeb98acc","Assets/Game/Sprites/ColorTiming/Scene/B1/a2/dj/a2草待机_48.png","Assets/Game/Sprites/ColorTiming/Scenes/Boss1/Grass02/Idle/首领1场景_草丛02_待机_0048.png",""
"Move","c72b46ac5289fd5458e53319133f0bd4","Assets/Game/Sprites/ColorTiming/Scene/B1/a2/dj/a2草待机_49.png","Assets/Game/Sprites/ColorTiming/Scenes/Boss1/Grass02/Idle/首领1场景_草丛02_待机_0049.png",""
"Move","1fac37e076a42a446840cad78cd927d0","Assets/Game/Sprites/ColorTiming/Scene/B1/a2/dj/a2草待机_50.png","Assets/Game/Sprites/ColorTiming/Scenes/Boss1/Grass02/Idle/首领1场景_草丛02_待机_0050.png",""
"Move","ab6720f84b04c0a44801c78115c99128","Assets/Game/Sprites/ColorTiming/Scene/B1/a2/dj/a2草待机_51.png","Assets/Game/Sprites/ColorTiming/Scenes/Boss1/Grass02/Idle/首领1场景_草丛02_待机_0051.png",""
"Move","1231d3f2750760b438d6687d6bc69d55","Assets/Game/Sprites/ColorTiming/Scene/B1/a2/dj/a2草待机_52.png","Assets/Game/Sprites/ColorTiming/Scenes/Boss1/Grass02/Idle/首领1场景_草丛02_待机_0052.png",""
"Move","895af34491435fb43a4fdd245ccc9302","Assets/Game/Sprites/ColorTiming/Scene/B1/a2/dj/a2草待机_53.png","Assets/Game/Sprites/ColorTiming/Scenes/Boss1/Grass02/Idle/首领1场景_草丛02_待机_0053.png",""
"Move","ffc9642ebf91d5b488e667bc674ee4f0","Assets/Game/Sprites/ColorTiming/Scene/B1/a2/dj/a2草待机_54.png","Assets/Game/Sprites/ColorTiming/Scenes/Boss1/Grass02/Idle/首领1场景_草丛02_待机_0054.png",""
"Move","20eea542c358e304c899a07493cd29ec","Assets/Game/Sprites/ColorTiming/Scene/B1/a2/dj/a2草待机_55.png","Assets/Game/Sprites/ColorTiming/Scenes/Boss1/Grass02/Idle/首领1场景_草丛02_待机_0055.png",""
"Move","bf9725ae1b4251948bee3afb53d7536b","Assets/Game/Sprites/ColorTiming/Scene/B1/a2/dj/a2草待机_56.png","Assets/Game/Sprites/ColorTiming/Scenes/Boss1/Grass02/Idle/首领1场景_草丛02_待机_0056.png",""
"Move","2e8e251fbfbc6a742a22dcb631930533","Assets/Game/Sprites/ColorTiming/Scene/B1/a2/dj/a2草待机_57.png","Assets/Game/Sprites/ColorTiming/Scenes/Boss1/Grass02/Idle/首领1场景_草丛02_待机_0057.png",""
"Move","27ce22a9225bf0b419ee38af21c0c464","Assets/Game/Sprites/ColorTiming/Scene/B1/a2/dj/a2草待机_58.png","Assets/Game/Sprites/ColorTiming/Scenes/Boss1/Grass02/Idle/首领1场景_草丛02_待机_0058.png",""
"Move","a60e658a39f75f84e895abdab3147d25","Assets/Game/Sprites/ColorTiming/Scene/B1/a2/dj/a2草待机_59.png","Assets/Game/Sprites/ColorTiming/Scenes/Boss1/Grass02/Idle/首领1场景_草丛02_待机_0059.png",""
"Move","c9327eacc41a6a54b919a47a92df0118","Assets/Game/Sprites/ColorTiming/Scene/B1/a2/dj/a2草待机_60.png","Assets/Game/Sprites/ColorTiming/Scenes/Boss1/Grass02/Idle/首领1场景_草丛02_待机_0060.png",""
"Move","94cc6f6cecb54ec4fb55b8055284b871","Assets/Game/Sprites/ColorTiming/Scene/B1/a2/dj/a2草待机_61.png","Assets/Game/Sprites/ColorTiming/Scenes/Boss1/Grass02/Idle/首领1场景_草丛02_待机_0061.png",""
"Move","78ad42fdd0f35d745b7dedd9dac64606","Assets/Game/Sprites/ColorTiming/Scene/B1/a2/dj/a2草待机_62.png","Assets/Game/Sprites/ColorTiming/Scenes/Boss1/Grass02/Idle/首领1场景_草丛02_待机_0062.png",""
"Move","2d353197da438d14eab69a6c64a21ce9","Assets/Game/Sprites/ColorTiming/Scene/B1/a2/dj/a2草待机_63.png","Assets/Game/Sprites/ColorTiming/Scenes/Boss1/Grass02/Idle/首领1场景_草丛02_待机_0063.png",""
"Move","ef942441ae8bf6d4991af9dd5aa772a5","Assets/Game/Sprites/ColorTiming/Scene/B1/a2/dj/a2草待机_64.png","Assets/Game/Sprites/ColorTiming/Scenes/Boss1/Grass02/Idle/首领1场景_草丛02_待机_0064.png",""
"Move","133d1e36f27b8c64cabeb9ac9324eabb","Assets/Game/Sprites/ColorTiming/Scene/B1/a2/dj/a2草待机_65.png","Assets/Game/Sprites/ColorTiming/Scenes/Boss1/Grass02/Idle/首领1场景_草丛02_待机_0065.png",""
"Move","db1d1374edba93647b652abf6283b7f7","Assets/Game/Sprites/ColorTiming/Scene/B1/a2/dj/a2草待机_66.png","Assets/Game/Sprites/ColorTiming/Scenes/Boss1/Grass02/Idle/首领1场景_草丛02_待机_0066.png",""
"Move","e8f060df7228e0045bd7d7a3aeef125a","Assets/Game/Sprites/ColorTiming/Scene/B1/a2/dj/a2草待机_67.png","Assets/Game/Sprites/ColorTiming/Scenes/Boss1/Grass02/Idle/首领1场景_草丛02_待机_0067.png",""
"Move","4d82c51e6fd592e47b90cd2900754293","Assets/Game/Sprites/ColorTiming/Scene/B1/a2/dj/a2草待机_68.png","Assets/Game/Sprites/ColorTiming/Scenes/Boss1/Grass02/Idle/首领1场景_草丛02_待机_0068.png",""
"Move","900196e3ee8b52b42b5730298acb12e3","Assets/Game/Sprites/ColorTiming/Scene/B1/a2/dj/a2草待机_69.png","Assets/Game/Sprites/ColorTiming/Scenes/Boss1/Grass02/Idle/首领1场景_草丛02_待机_0069.png",""
"Move","c6730f169673a08499a291e921eda2c5","Assets/Game/Sprites/ColorTiming/Scene/B1/a2/dj/a2草待机_70.png","Assets/Game/Sprites/ColorTiming/Scenes/Boss1/Grass02/Idle/首领1场景_草丛02_待机_0070.png",""
"Move","76553ee93201e7c40b1301ff5567547f","Assets/Game/Sprites/ColorTiming/Scene/B1/a2/dj/a2草待机_71.png","Assets/Game/Sprites/ColorTiming/Scenes/Boss1/Grass02/Idle/首领1场景_草丛02_待机_0071.png",""
"Move","5cfb9c5f79718334993500e44a0e045a","Assets/Game/Sprites/ColorTiming/Scene/B1/a2/dj/a2草待机_72.png","Assets/Game/Sprites/ColorTiming/Scenes/Boss1/Grass02/Idle/首领1场景_草丛02_待机_0072.png",""
"Move","ab172b2ad20f6f14285f1505ce176d5e","Assets/Game/Sprites/ColorTiming/Scene/B1/a2/dj/a2草待机_73.png","Assets/Game/Sprites/ColorTiming/Scenes/Boss1/Grass02/Idle/首领1场景_草丛02_待机_0073.png",""
"Move","8ad108eb0e38eb04fabb4d2446955f4a","Assets/Game/Sprites/ColorTiming/Scene/B1/a2/dj/a2草待机_74.png","Assets/Game/Sprites/ColorTiming/Scenes/Boss1/Grass02/Idle/首领1场景_草丛02_待机_0074.png",""
"Move","3585737e5cede764da576f511c3327a6","Assets/Game/Sprites/ColorTiming/Scene/B1/a2/dj/a2草待机_75.png","Assets/Game/Sprites/ColorTiming/Scenes/Boss1/Grass02/Idle/首领1场景_草丛02_待机_0075.png",""
"Move","30c4add7af04b0a41ad62c20c8bf5a5d","Assets/Game/Sprites/ColorTiming/Scene/B1/a2/dj/a2草待机_76.png","Assets/Game/Sprites/ColorTiming/Scenes/Boss1/Grass02/Idle/首领1场景_草丛02_待机_0076.png",""
"Move","b1efb6c8bd6173f4c9380253227d4929","Assets/Game/Sprites/ColorTiming/Scene/B1/a2/dj/a2草待机_77.png","Assets/Game/Sprites/ColorTiming/Scenes/Boss1/Grass02/Idle/首领1场景_草丛02_待机_0077.png",""
"Move","225a72490ee5b2e499968d156ce40d61","Assets/Game/Sprites/ColorTiming/Scene/B1/a2/dj/a2草待机_78.png","Assets/Game/Sprites/ColorTiming/Scenes/Boss1/Grass02/Idle/首领1场景_草丛02_待机_0078.png",""
"Move","0a4987a23b1d0a04e83cef38e4ad87f5","Assets/Game/Sprites/ColorTiming/Scene/B1/a2/dj/a2草待机_79.png","Assets/Game/Sprites/ColorTiming/Scenes/Boss1/Grass02/Idle/首领1场景_草丛02_待机_0079.png",""
"Move","a9e23950640d42e42a3fa3590af912aa","Assets/Game/Sprites/ColorTiming/Scene/B1/a2/dj/a2草待机_80.png","Assets/Game/Sprites/ColorTiming/Scenes/Boss1/Grass02/Idle/首领1场景_草丛02_待机_0080.png",""
"Move","f53b60c993e46c047b3271b835380183","Assets/Game/Sprites/ColorTiming/Scene/B1/a2/dj/a2草待机_81.png","Assets/Game/Sprites/ColorTiming/Scenes/Boss1/Grass02/Idle/首领1场景_草丛02_待机_0081.png",""
"Move","92f142d83bb5c2c48bcd4c7028dddd63","Assets/Game/Sprites/ColorTiming/Scene/B1/a2/dj/a2草待机_82.png","Assets/Game/Sprites/ColorTiming/Scenes/Boss1/Grass02/Idle/首领1场景_草丛02_待机_0082.png",""
"Move","132d27de07f39784e93535125c51ea55","Assets/Game/Sprites/ColorTiming/Scene/B1/a2/dj/a2草待机_83.png","Assets/Game/Sprites/ColorTiming/Scenes/Boss1/Grass02/Idle/首领1场景_草丛02_待机_0083.png",""
"Move","03002475503960f4eb1a95f0abc69c86","Assets/Game/Sprites/ColorTiming/Scene/B1/a2/dj/a2草待机_84.png","Assets/Game/Sprites/ColorTiming/Scenes/Boss1/Grass02/Idle/首领1场景_草丛02_待机_0084.png",""
"Move","a8f4f525ed902d84caa794e5ac7d2da4","Assets/Game/Sprites/ColorTiming/Scene/B1/a2/dj/a2草待机_85.png","Assets/Game/Sprites/ColorTiming/Scenes/Boss1/Grass02/Idle/首领1场景_草丛02_待机_0085.png",""
"Move","7d63778bda60b9441893cfdab549019d","Assets/Game/Sprites/ColorTiming/Scene/B1/a2/dj/a2草待机_86.png","Assets/Game/Sprites/ColorTiming/Scenes/Boss1/Grass02/Idle/首领1场景_草丛02_待机_0086.png",""
"Move","1a9cb7a5f06fb164eb32278a25f8ef79","Assets/Game/Sprites/ColorTiming/Scene/B1/a2/dj/a2草待机_87.png","Assets/Game/Sprites/ColorTiming/Scenes/Boss1/Grass02/Idle/首领1场景_草丛02_待机_0087.png",""
"Move","080f8715284783e488220c54f5875299","Assets/Game/Sprites/ColorTiming/Scene/B1/a2/dj/a2草待机_88.png","Assets/Game/Sprites/ColorTiming/Scenes/Boss1/Grass02/Idle/首领1场景_草丛02_待机_0088.png",""
"Move","2bfb092fa7d86c04c88a4c165d023dff","Assets/Game/Sprites/ColorTiming/Scene/B1/a2/dj/a2草待机_89.png","Assets/Game/Sprites/ColorTiming/Scenes/Boss1/Grass02/Idle/首领1场景_草丛02_待机_0089.png",""
"Move","23838e7b5b44fac4fbb6c1bfe073e4c2","Assets/Game/Sprites/ColorTiming/Scene/B1/a2/dj/a2草待机_90.png","Assets/Game/Sprites/ColorTiming/Scenes/Boss1/Grass02/Idle/首领1场景_草丛02_待机_0090.png",""
"Move","f9587a8b23d1d3643bfd9e892b5fee53","Assets/Game/Sprites/ColorTiming/Scene/B1/a2/dj/a2草待机_91.png","Assets/Game/Sprites/ColorTiming/Scenes/Boss1/Grass02/Idle/首领1场景_草丛02_待机_0091.png",""
"Move","9e25c5cd8b813f1438be60cc4e4f60ca","Assets/Game/Sprites/ColorTiming/Scene/B1/a2/dj/a2草待机_92.png","Assets/Game/Sprites/ColorTiming/Scenes/Boss1/Grass02/Idle/首领1场景_草丛02_待机_0092.png",""
"Move","31615b3e92d12614d85abd04f9847723","Assets/Game/Sprites/ColorTiming/Scene/B1/a2/dj/a2草待机_93.png","Assets/Game/Sprites/ColorTiming/Scenes/Boss1/Grass02/Idle/首领1场景_草丛02_待机_0093.png",""
"Move","eeef570e291742343910d86578dab38f","Assets/Game/Sprites/ColorTiming/Scene/B1/a2/dj/a2草待机_94.png","Assets/Game/Sprites/ColorTiming/Scenes/Boss1/Grass02/Idle/首领1场景_草丛02_待机_0094.png",""
"Move","5c332d122b1ed144e829aafc22b4395e","Assets/Game/Sprites/ColorTiming/Scene/B1/a2/dj/a2草待机_95.png","Assets/Game/Sprites/ColorTiming/Scenes/Boss1/Grass02/Idle/首领1场景_草丛02_待机_0095.png",""
"Move","4ddf82bf49e8e9042b376adee71a74cf","Assets/Game/Sprites/ColorTiming/Scene/B1/a2/dj/a2草待机_96.png","Assets/Game/Sprites/ColorTiming/Scenes/Boss1/Grass02/Idle/首领1场景_草丛02_待机_0096.png",""
"Move","9ff09127fcf756446a5b81054e6e16f9","Assets/Game/Sprites/ColorTiming/Scene/B1/a2/dj/a2草待机_97.png","Assets/Game/Sprites/ColorTiming/Scenes/Boss1/Grass02/Idle/首领1场景_草丛02_待机_0097.png",""
"Move","9b017e437db979f4fadf9c0e28119cd8","Assets/Game/Sprites/ColorTiming/Scene/B1/a3/a3_cao.controller","Assets/Game/Sprites/ColorTiming/Scenes/Boss1/Grass03/Boss1_Grass03_Controller.controller",""
"Move","42f96e0833096354ebbe533ed3e20b1a","Assets/Game/Sprites/ColorTiming/Scene/B1/a3/a3_cao_c.anim","Assets/Game/Sprites/ColorTiming/Scenes/Boss1/Grass03/Boss1_Grass03_Motion.anim",""
"Move","ef05e63a77e8ca7468051a9a6b147da8","Assets/Game/Sprites/ColorTiming/Scene/B1/a3/a3_cao_dj.anim","Assets/Game/Sprites/ColorTiming/Scenes/Boss1/Grass03/Boss1_Grass03_Idle.anim",""
"Move","dca2562ed19a960428990b5060cca212","Assets/Game/Sprites/ColorTiming/Scene/B1/a3/c/a3草动_00.png","Assets/Game/Sprites/ColorTiming/Scenes/Boss1/Grass03/Motion/首领1场景_草丛03_摆动_0000.png",""
"Move","4aecda967d3a7154dbeb98d503521fdb","Assets/Game/Sprites/ColorTiming/Scene/B1/a3/c/a3草动_01.png","Assets/Game/Sprites/ColorTiming/Scenes/Boss1/Grass03/Motion/首领1场景_草丛03_摆动_0001.png",""
"Move","c4b9d715357b7f54c977029b6354e0b4","Assets/Game/Sprites/ColorTiming/Scene/B1/a3/c/a3草动_02.png","Assets/Game/Sprites/ColorTiming/Scenes/Boss1/Grass03/Motion/首领1场景_草丛03_摆动_0002.png",""
"Move","e2768a61812395441aaaa5b8ddb450ca","Assets/Game/Sprites/ColorTiming/Scene/B1/a3/c/a3草动_03.png","Assets/Game/Sprites/ColorTiming/Scenes/Boss1/Grass03/Motion/首领1场景_草丛03_摆动_0003.png",""
"Move","7adb263f90a4cff40a4d8357a13f6873","Assets/Game/Sprites/ColorTiming/Scene/B1/a3/c/a3草动_04.png","Assets/Game/Sprites/ColorTiming/Scenes/Boss1/Grass03/Motion/首领1场景_草丛03_摆动_0004.png",""
"Move","905a849a3062dd3428b30b670f97e297","Assets/Game/Sprites/ColorTiming/Scene/B1/a3/c/a3草动_05.png","Assets/Game/Sprites/ColorTiming/Scenes/Boss1/Grass03/Motion/首领1场景_草丛03_摆动_0005.png",""
"Move","bf15dac6dc476e543b12b8be757943d7","Assets/Game/Sprites/ColorTiming/Scene/B1/a3/c/a3草动_06.png","Assets/Game/Sprites/ColorTiming/Scenes/Boss1/Grass03/Motion/首领1场景_草丛03_摆动_0006.png",""
"Move","fadc7170c63268a4f8fe30c8cd53d1b6","Assets/Game/Sprites/ColorTiming/Scene/B1/a3/c/a3草动_07.png","Assets/Game/Sprites/ColorTiming/Scenes/Boss1/Grass03/Motion/首领1场景_草丛03_摆动_0007.png",""
"Move","4e4db40bcf66b9543a04263c50c202e6","Assets/Game/Sprites/ColorTiming/Scene/B1/a3/c/a3草动_08.png","Assets/Game/Sprites/ColorTiming/Scenes/Boss1/Grass03/Motion/首领1场景_草丛03_摆动_0008.png",""
"Move","10bae4665c297694d844b691ae479301","Assets/Game/Sprites/ColorTiming/Scene/B1/a3/c/a3草动_09.png","Assets/Game/Sprites/ColorTiming/Scenes/Boss1/Grass03/Motion/首领1场景_草丛03_摆动_0009.png",""
"Move","e2c6698bd74a1ed4eb2bf353afc70faf","Assets/Game/Sprites/ColorTiming/Scene/B1/a3/c/a3草动_10.png","Assets/Game/Sprites/ColorTiming/Scenes/Boss1/Grass03/Motion/首领1场景_草丛03_摆动_0010.png",""
"Move","3c661cb51ff88a14aadc3e6f79db56f0","Assets/Game/Sprites/ColorTiming/Scene/B1/a3/c/a3草动_11.png","Assets/Game/Sprites/ColorTiming/Scenes/Boss1/Grass03/Motion/首领1场景_草丛03_摆动_0011.png",""
"Move","ae85619cf97abbd4bb6f527c2f43b8d7","Assets/Game/Sprites/ColorTiming/Scene/B1/a3/c/a3草动_12.png","Assets/Game/Sprites/ColorTiming/Scenes/Boss1/Grass03/Motion/首领1场景_草丛03_摆动_0012.png",""
"Move","c3ab9285dc4a9c1428db05373e115d62","Assets/Game/Sprites/ColorTiming/Scene/B1/a3/c/a3草动_13.png","Assets/Game/Sprites/ColorTiming/Scenes/Boss1/Grass03/Motion/首领1场景_草丛03_摆动_0013.png",""
"Move","a7e05bea1a81a634b80dee2696bbe6de","Assets/Game/Sprites/ColorTiming/Scene/B1/a3/c/a3草动_14.png","Assets/Game/Sprites/ColorTiming/Scenes/Boss1/Grass03/Motion/首领1场景_草丛03_摆动_0014.png",""
"Move","8c2d31963b2093040b4b115290faa95b","Assets/Game/Sprites/ColorTiming/Scene/B1/a3/c/a3草动_15.png","Assets/Game/Sprites/ColorTiming/Scenes/Boss1/Grass03/Motion/首领1场景_草丛03_摆动_0015.png",""
"Move","216f7fd7a2aef60408c38f3bb6fab0ca","Assets/Game/Sprites/ColorTiming/Scene/B1/a3/c/a3草动_16.png","Assets/Game/Sprites/ColorTiming/Scenes/Boss1/Grass03/Motion/首领1场景_草丛03_摆动_0016.png",""
"Move","f0271926a18b87843ab132cccabb491b","Assets/Game/Sprites/ColorTiming/Scene/B1/a3/c/a3草动_17.png","Assets/Game/Sprites/ColorTiming/Scenes/Boss1/Grass03/Motion/首领1场景_草丛03_摆动_0017.png",""
"Move","7a92f66998866e04e89cf3675753a98c","Assets/Game/Sprites/ColorTiming/Scene/B1/a3/c/a3草动_18.png","Assets/Game/Sprites/ColorTiming/Scenes/Boss1/Grass03/Motion/首领1场景_草丛03_摆动_0018.png",""
"Move","bfec173344be67545bca95d5a76b6f54","Assets/Game/Sprites/ColorTiming/Scene/B1/a3/c/a3草动_19.png","Assets/Game/Sprites/ColorTiming/Scenes/Boss1/Grass03/Motion/首领1场景_草丛03_摆动_0019.png",""
"Move","497e1021612270543ba7a7ddac6e480e","Assets/Game/Sprites/ColorTiming/Scene/B1/a3/c/a3草动_20.png","Assets/Game/Sprites/ColorTiming/Scenes/Boss1/Grass03/Motion/首领1场景_草丛03_摆动_0020.png",""
"Move","de2d21f28dc67334e821561a8f50a8bd","Assets/Game/Sprites/ColorTiming/Scene/B1/a3/c/a3草动_21.png","Assets/Game/Sprites/ColorTiming/Scenes/Boss1/Grass03/Motion/首领1场景_草丛03_摆动_0021.png",""
"Move","0fa75f90b9fc4f24f8cfc0f1cc5a0a1f","Assets/Game/Sprites/ColorTiming/Scene/B1/a3/c/a3草动_22.png","Assets/Game/Sprites/ColorTiming/Scenes/Boss1/Grass03/Motion/首领1场景_草丛03_摆动_0022.png",""
"Move","99cac71edd438d24d872bd6bb05fa506","Assets/Game/Sprites/ColorTiming/Scene/B1/a3/c/a3草动_23.png","Assets/Game/Sprites/ColorTiming/Scenes/Boss1/Grass03/Motion/首领1场景_草丛03_摆动_0023.png",""
"Move","f2600f4ca60cda74c9dc8379622cc7eb","Assets/Game/Sprites/ColorTiming/Scene/B1/a3/c/a3草动_24.png","Assets/Game/Sprites/ColorTiming/Scenes/Boss1/Grass03/Motion/首领1场景_草丛03_摆动_0024.png",""
"Move","db0d118833319824daf66e4e2405ca63","Assets/Game/Sprites/ColorTiming/Scene/B1/a3/c/a3草动_25.png","Assets/Game/Sprites/ColorTiming/Scenes/Boss1/Grass03/Motion/首领1场景_草丛03_摆动_0025.png",""
"Move","407eba9037d29374f8450876c92af35e","Assets/Game/Sprites/ColorTiming/Scene/B1/a3/c/a3草动_26.png","Assets/Game/Sprites/ColorTiming/Scenes/Boss1/Grass03/Motion/首领1场景_草丛03_摆动_0026.png",""
"Move","8d6c95577d6b64844a1d0350097f56f4","Assets/Game/Sprites/ColorTiming/Scene/B1/a3/c/a3草动_27.png","Assets/Game/Sprites/ColorTiming/Scenes/Boss1/Grass03/Motion/首领1场景_草丛03_摆动_0027.png",""
"Move","2a9f3a2dd28f0cd49b262f1f72d25b7e","Assets/Game/Sprites/ColorTiming/Scene/B1/a3/c/a3草动_28.png","Assets/Game/Sprites/ColorTiming/Scenes/Boss1/Grass03/Motion/首领1场景_草丛03_摆动_0028.png",""
"Move","5efc281ba81591346a138f99844354a4","Assets/Game/Sprites/ColorTiming/Scene/B1/a3/c/a3草动_29.png","Assets/Game/Sprites/ColorTiming/Scenes/Boss1/Grass03/Motion/首领1场景_草丛03_摆动_0029.png",""
"Move","763ee3e5c4628544087af92eaa4310df","Assets/Game/Sprites/ColorTiming/Scene/B1/a3/c/a3草动_30.png","Assets/Game/Sprites/ColorTiming/Scenes/Boss1/Grass03/Motion/首领1场景_草丛03_摆动_0030.png",""
"Move","ca22dcafcde752146ba7dd0c14fb0e7b","Assets/Game/Sprites/ColorTiming/Scene/B1/a3/c/a3草动_31.png","Assets/Game/Sprites/ColorTiming/Scenes/Boss1/Grass03/Motion/首领1场景_草丛03_摆动_0031.png",""
"Move","8cc0f8a028aa5034b988b81c41587b07","Assets/Game/Sprites/ColorTiming/Scene/B1/a3/c/a3草动_32.png","Assets/Game/Sprites/ColorTiming/Scenes/Boss1/Grass03/Motion/首领1场景_草丛03_摆动_0032.png",""
"Move","560ecb1f806417742810dab435c79e52","Assets/Game/Sprites/ColorTiming/Scene/B1/a3/c/a3草动_33.png","Assets/Game/Sprites/ColorTiming/Scenes/Boss1/Grass03/Motion/首领1场景_草丛03_摆动_0033.png",""
"Move","33d3eaaa0b9eb3d4c95d4b553a253de7","Assets/Game/Sprites/ColorTiming/Scene/B1/a3/c/a3草动_34.png","Assets/Game/Sprites/ColorTiming/Scenes/Boss1/Grass03/Motion/首领1场景_草丛03_摆动_0034.png",""
"Move","bd910485b54924b4cb233f8fce858df4","Assets/Game/Sprites/ColorTiming/Scene/B1/a3/c/a3草动_35.png","Assets/Game/Sprites/ColorTiming/Scenes/Boss1/Grass03/Motion/首领1场景_草丛03_摆动_0035.png",""
"Move","cfbfd3abd1c044d49a2ad1539e9acdf8","Assets/Game/Sprites/ColorTiming/Scene/B1/a3/c/a3草动_36.png","Assets/Game/Sprites/ColorTiming/Scenes/Boss1/Grass03/Motion/首领1场景_草丛03_摆动_0036.png",""
"Move","f2d6449b01a35e341adda2f4ce153e33","Assets/Game/Sprites/ColorTiming/Scene/B1/a3/c/a3草动_37.png","Assets/Game/Sprites/ColorTiming/Scenes/Boss1/Grass03/Motion/首领1场景_草丛03_摆动_0037.png",""
"Move","ca6126cb993b6ee4485515f0665e0897","Assets/Game/Sprites/ColorTiming/Scene/B1/a3/c/a3草动_38.png","Assets/Game/Sprites/ColorTiming/Scenes/Boss1/Grass03/Motion/首领1场景_草丛03_摆动_0038.png",""
"Move","500e30a5e954f7745bebf3f3a5514c9e","Assets/Game/Sprites/ColorTiming/Scene/B1/a3/c/a3草动_39.png","Assets/Game/Sprites/ColorTiming/Scenes/Boss1/Grass03/Motion/首领1场景_草丛03_摆动_0039.png",""
"Move","7596e1184e7330d4996dea2237c6ceab","Assets/Game/Sprites/ColorTiming/Scene/B1/a3/c/a3草动_40.png","Assets/Game/Sprites/ColorTiming/Scenes/Boss1/Grass03/Motion/首领1场景_草丛03_摆动_0040.png",""
"Move","f7a8545b81057a04fa5238dafd84c58b","Assets/Game/Sprites/ColorTiming/Scene/B1/a3/c/a3草动_41.png","Assets/Game/Sprites/ColorTiming/Scenes/Boss1/Grass03/Motion/首领1场景_草丛03_摆动_0041.png",""
"Move","2586f3ce1f1552d4ab6ab62428d829a6","Assets/Game/Sprites/ColorTiming/Scene/B1/a3/c/a3草动_42.png","Assets/Game/Sprites/ColorTiming/Scenes/Boss1/Grass03/Motion/首领1场景_草丛03_摆动_0042.png",""
"Move","31047bc5a23e4a5479b511c5e17bc4f7","Assets/Game/Sprites/ColorTiming/Scene/B1/a3/c/a3草动_43.png","Assets/Game/Sprites/ColorTiming/Scenes/Boss1/Grass03/Motion/首领1场景_草丛03_摆动_0043.png",""
"Move","ed099c7f9723cbe40a10e3f197c0598b","Assets/Game/Sprites/ColorTiming/Scene/B1/a3/c/a3草动_44.png","Assets/Game/Sprites/ColorTiming/Scenes/Boss1/Grass03/Motion/首领1场景_草丛03_摆动_0044.png",""
"Move","780a761707c14f34892b62003a3c3b1e","Assets/Game/Sprites/ColorTiming/Scene/B1/a3/c/a3草动_45.png","Assets/Game/Sprites/ColorTiming/Scenes/Boss1/Grass03/Motion/首领1场景_草丛03_摆动_0045.png",""
"Move","230bf89fe90a2cd469be8113f11c70e0","Assets/Game/Sprites/ColorTiming/Scene/B1/a3/c/a3草动_46.png","Assets/Game/Sprites/ColorTiming/Scenes/Boss1/Grass03/Motion/首领1场景_草丛03_摆动_0046.png",""
"Move","ce657a5c4951215489092a08cd2e0d4b","Assets/Game/Sprites/ColorTiming/Scene/B1/a3/c/a3草动_47.png","Assets/Game/Sprites/ColorTiming/Scenes/Boss1/Grass03/Motion/首领1场景_草丛03_摆动_0047.png",""
"Move","1bb51f920e9e4a443b857eccdb5034df","Assets/Game/Sprites/ColorTiming/Scene/B1/a3/c/a3草动_48.png","Assets/Game/Sprites/ColorTiming/Scenes/Boss1/Grass03/Motion/首领1场景_草丛03_摆动_0048.png",""
"Move","87df3fe6f3b2edc459561a952afe24ac","Assets/Game/Sprites/ColorTiming/Scene/B1/a3/c/a3草动_49.png","Assets/Game/Sprites/ColorTiming/Scenes/Boss1/Grass03/Motion/首领1场景_草丛03_摆动_0049.png",""
"Move","4029bb6ef5a42ae45a50b30336cccecb","Assets/Game/Sprites/ColorTiming/Scene/B1/a3/c/a3草动_50.png","Assets/Game/Sprites/ColorTiming/Scenes/Boss1/Grass03/Motion/首领1场景_草丛03_摆动_0050.png",""
"Move","a92136cfc98af484f8d31675475f57ff","Assets/Game/Sprites/ColorTiming/Scene/B1/a3/c/a3草动_51.png","Assets/Game/Sprites/ColorTiming/Scenes/Boss1/Grass03/Motion/首领1场景_草丛03_摆动_0051.png",""
"Move","6b1feebb12378b34c9af3234d15ca142","Assets/Game/Sprites/ColorTiming/Scene/B1/a3/c/a3草动_52.png","Assets/Game/Sprites/ColorTiming/Scenes/Boss1/Grass03/Motion/首领1场景_草丛03_摆动_0052.png",""
"Move","4a176ab7fa67cfd4ca728c31bd1ffde4","Assets/Game/Sprites/ColorTiming/Scene/B1/a3/c/a3草动_53.png","Assets/Game/Sprites/ColorTiming/Scenes/Boss1/Grass03/Motion/首领1场景_草丛03_摆动_0053.png",""
"Move","657923cbb3c1c794486ec3539dfc1015","Assets/Game/Sprites/ColorTiming/Scene/B1/a3/c/a3草动_54.png","Assets/Game/Sprites/ColorTiming/Scenes/Boss1/Grass03/Motion/首领1场景_草丛03_摆动_0054.png",""
"Move","23e0998c0ee94c947b4ae3deeb884ab4","Assets/Game/Sprites/ColorTiming/Scene/B1/a3/c/a3草动_55.png","Assets/Game/Sprites/ColorTiming/Scenes/Boss1/Grass03/Motion/首领1场景_草丛03_摆动_0055.png",""
"Move","8412abdf59d965b4a84a190b45453c9a","Assets/Game/Sprites/ColorTiming/Scene/B1/a3/c/a3草动_56.png","Assets/Game/Sprites/ColorTiming/Scenes/Boss1/Grass03/Motion/首领1场景_草丛03_摆动_0056.png",""
"Move","27820a11583232b43ad77d5429c26416","Assets/Game/Sprites/ColorTiming/Scene/B1/a3/c/a3草动_57.png","Assets/Game/Sprites/ColorTiming/Scenes/Boss1/Grass03/Motion/首领1场景_草丛03_摆动_0057.png",""
"Move","0a8cd6f0e99a897468209a9c8b86b8ee","Assets/Game/Sprites/ColorTiming/Scene/B1/a3/c/a3草动_58.png","Assets/Game/Sprites/ColorTiming/Scenes/Boss1/Grass03/Motion/首领1场景_草丛03_摆动_0058.png",""
"Move","08844f81b19a9ab48837de6ef7b3b6da","Assets/Game/Sprites/ColorTiming/Scene/B1/a3/c/a3草动_59.png","Assets/Game/Sprites/ColorTiming/Scenes/Boss1/Grass03/Motion/首领1场景_草丛03_摆动_0059.png",""
"Move","58e79c97b6c2d474b8f37e4f331ae49c","Assets/Game/Sprites/ColorTiming/Scene/B1/a3/c/a3草动_60.png","Assets/Game/Sprites/ColorTiming/Scenes/Boss1/Grass03/Motion/首领1场景_草丛03_摆动_0060.png",""
"Move","78bcd9a06269b3e44a98d58b2d2fab9a","Assets/Game/Sprites/ColorTiming/Scene/B1/a3/c/a3草动_61.png","Assets/Game/Sprites/ColorTiming/Scenes/Boss1/Grass03/Motion/首领1场景_草丛03_摆动_0061.png",""
"Move","b20ad81dfd1996e4d9161de81187a147","Assets/Game/Sprites/ColorTiming/Scene/B1/a3/c/a3草动_62.png","Assets/Game/Sprites/ColorTiming/Scenes/Boss1/Grass03/Motion/首领1场景_草丛03_摆动_0062.png",""
"Move","940188cd303c0774b9027bdbb9a524a5","Assets/Game/Sprites/ColorTiming/Scene/B1/a3/c/a3草动_63.png","Assets/Game/Sprites/ColorTiming/Scenes/Boss1/Grass03/Motion/首领1场景_草丛03_摆动_0063.png",""
"Move","78283c08733ef2540a4009685d5f8e1f","Assets/Game/Sprites/ColorTiming/Scene/B1/a3/c/a3草动_64.png","Assets/Game/Sprites/ColorTiming/Scenes/Boss1/Grass03/Motion/首领1场景_草丛03_摆动_0064.png",""
"Move","02deae80e5fda1244b7513bcfc1ed34d","Assets/Game/Sprites/ColorTiming/Scene/B1/a3/c/a3草动_65.png","Assets/Game/Sprites/ColorTiming/Scenes/Boss1/Grass03/Motion/首领1场景_草丛03_摆动_0065.png",""
"Move","36df535c1fd781744b2b8bb51c58aa3f","Assets/Game/Sprites/ColorTiming/Scene/B1/a3/c/a3草动_66.png","Assets/Game/Sprites/ColorTiming/Scenes/Boss1/Grass03/Motion/首领1场景_草丛03_摆动_0066.png",""
"Move","d2e280be5a64ccd4c92bdd8e614d85b5","Assets/Game/Sprites/ColorTiming/Scene/B1/a3/c/a3草动_67.png","Assets/Game/Sprites/ColorTiming/Scenes/Boss1/Grass03/Motion/首领1场景_草丛03_摆动_0067.png",""
"Move","d1dd3daaee67b994a996accae699fad2","Assets/Game/Sprites/ColorTiming/Scene/B1/a3/c/a3草动_68.png","Assets/Game/Sprites/ColorTiming/Scenes/Boss1/Grass03/Motion/首领1场景_草丛03_摆动_0068.png",""
"Move","f9520ee9f1cfe4b4e8221d7831bbaee8","Assets/Game/Sprites/ColorTiming/Scene/B1/a3/c/a3草动_69.png","Assets/Game/Sprites/ColorTiming/Scenes/Boss1/Grass03/Motion/首领1场景_草丛03_摆动_0069.png",""
"Move","cd6b1af426fe0b7459b0b8eb5b7d57c9","Assets/Game/Sprites/ColorTiming/Scene/B1/a3/c/a3草动_70.png","Assets/Game/Sprites/ColorTiming/Scenes/Boss1/Grass03/Motion/首领1场景_草丛03_摆动_0070.png",""
"Move","ae0473767f7cc9b44b638e034b33eab5","Assets/Game/Sprites/ColorTiming/Scene/B1/a3/c/a3草动_71.png","Assets/Game/Sprites/ColorTiming/Scenes/Boss1/Grass03/Motion/首领1场景_草丛03_摆动_0071.png",""
"Move","f5f948e7961d8754ab0fad346e4384ec","Assets/Game/Sprites/ColorTiming/Scene/B1/a3/c/a3草动_72.png","Assets/Game/Sprites/ColorTiming/Scenes/Boss1/Grass03/Motion/首领1场景_草丛03_摆动_0072.png",""
"Move","f00f2aefe27a3574da2b9b9986b96fe5","Assets/Game/Sprites/ColorTiming/Scene/B1/a3/c/a3草动_73.png","Assets/Game/Sprites/ColorTiming/Scenes/Boss1/Grass03/Motion/首领1场景_草丛03_摆动_0073.png",""
"Move","6415dcede6b9a4b4681ceec43fb2a82a","Assets/Game/Sprites/ColorTiming/Scene/B1/a3/c/a3草动_74.png","Assets/Game/Sprites/ColorTiming/Scenes/Boss1/Grass03/Motion/首领1场景_草丛03_摆动_0074.png",""
"Move","d47d79e12be52774f8ee88527f31bbb6","Assets/Game/Sprites/ColorTiming/Scene/B1/a3/dj/a3草待机_000.png","Assets/Game/Sprites/ColorTiming/Scenes/Boss1/Grass03/Idle/首领1场景_草丛03_待机_0000.png",""
"Move","70ac3bb4065482a489fa7982401e0838","Assets/Game/Sprites/ColorTiming/Scene/B1/a3/dj/a3草待机_001.png","Assets/Game/Sprites/ColorTiming/Scenes/Boss1/Grass03/Idle/首领1场景_草丛03_待机_0001.png",""
"Move","d0eefa2c7556808469bd6665581443e5","Assets/Game/Sprites/ColorTiming/Scene/B1/a3/dj/a3草待机_002.png","Assets/Game/Sprites/ColorTiming/Scenes/Boss1/Grass03/Idle/首领1场景_草丛03_待机_0002.png",""
"Move","f3e1fec938784f1499f405e8b8909342","Assets/Game/Sprites/ColorTiming/Scene/B1/a3/dj/a3草待机_003.png","Assets/Game/Sprites/ColorTiming/Scenes/Boss1/Grass03/Idle/首领1场景_草丛03_待机_0003.png",""
"Move","10fa2ad8a6b6d514e907c9b1815379d8","Assets/Game/Sprites/ColorTiming/Scene/B1/a3/dj/a3草待机_004.png","Assets/Game/Sprites/ColorTiming/Scenes/Boss1/Grass03/Idle/首领1场景_草丛03_待机_0004.png",""
"Move","f6354fa7bd95ecc4dafafe334a9ef03d","Assets/Game/Sprites/ColorTiming/Scene/B1/a3/dj/a3草待机_005.png","Assets/Game/Sprites/ColorTiming/Scenes/Boss1/Grass03/Idle/首领1场景_草丛03_待机_0005.png",""
"Move","6ba76f75f009f7e4997ba4a653c26385","Assets/Game/Sprites/ColorTiming/Scene/B1/a3/dj/a3草待机_006.png","Assets/Game/Sprites/ColorTiming/Scenes/Boss1/Grass03/Idle/首领1场景_草丛03_待机_0006.png",""
"Move","21868061edf2aa0469b9d31304d63b9d","Assets/Game/Sprites/ColorTiming/Scene/B1/a3/dj/a3草待机_007.png","Assets/Game/Sprites/ColorTiming/Scenes/Boss1/Grass03/Idle/首领1场景_草丛03_待机_0007.png",""
"Move","72b0a13b028d4e545945173659015788","Assets/Game/Sprites/ColorTiming/Scene/B1/a3/dj/a3草待机_008.png","Assets/Game/Sprites/ColorTiming/Scenes/Boss1/Grass03/Idle/首领1场景_草丛03_待机_0008.png",""
"Move","83f76952cc7a66e4dbb45f13ba9240d4","Assets/Game/Sprites/ColorTiming/Scene/B1/a3/dj/a3草待机_009.png","Assets/Game/Sprites/ColorTiming/Scenes/Boss1/Grass03/Idle/首领1场景_草丛03_待机_0009.png",""
"Move","7d9e3597ccccf1543935633280da8813","Assets/Game/Sprites/ColorTiming/Scene/B1/a3/dj/a3草待机_010.png","Assets/Game/Sprites/ColorTiming/Scenes/Boss1/Grass03/Idle/首领1场景_草丛03_待机_0010.png",""
"Move","0f8d13f5bc0f3704b9ce23026c5b34dd","Assets/Game/Sprites/ColorTiming/Scene/B1/a3/dj/a3草待机_011.png","Assets/Game/Sprites/ColorTiming/Scenes/Boss1/Grass03/Idle/首领1场景_草丛03_待机_0011.png",""
"Move","60cb57ceaa206124096659a8931e4ca4","Assets/Game/Sprites/ColorTiming/Scene/B1/a3/dj/a3草待机_012.png","Assets/Game/Sprites/ColorTiming/Scenes/Boss1/Grass03/Idle/首领1场景_草丛03_待机_0012.png",""
"Move","5ccdc34ad2f5f7e428b0690da35a6615","Assets/Game/Sprites/ColorTiming/Scene/B1/a3/dj/a3草待机_013.png","Assets/Game/Sprites/ColorTiming/Scenes/Boss1/Grass03/Idle/首领1场景_草丛03_待机_0013.png",""
"Move","268b5f62ba7fa74438790adda5b55a15","Assets/Game/Sprites/ColorTiming/Scene/B1/a3/dj/a3草待机_014.png","Assets/Game/Sprites/ColorTiming/Scenes/Boss1/Grass03/Idle/首领1场景_草丛03_待机_0014.png",""
"Move","37658a4e8d7c8c5489fbf3598fb88b0d","Assets/Game/Sprites/ColorTiming/Scene/B1/a3/dj/a3草待机_015.png","Assets/Game/Sprites/ColorTiming/Scenes/Boss1/Grass03/Idle/首领1场景_草丛03_待机_0015.png",""
"Move","f46bf21f61b274e4cab320e38e0ba115","Assets/Game/Sprites/ColorTiming/Scene/B1/a3/dj/a3草待机_016.png","Assets/Game/Sprites/ColorTiming/Scenes/Boss1/Grass03/Idle/首领1场景_草丛03_待机_0016.png",""
"Move","6362bd5c7eb66764ab489f6edc056edd","Assets/Game/Sprites/ColorTiming/Scene/B1/a3/dj/a3草待机_017.png","Assets/Game/Sprites/ColorTiming/Scenes/Boss1/Grass03/Idle/首领1场景_草丛03_待机_0017.png",""
"Move","3909524f75639204985293cb75ec571e","Assets/Game/Sprites/ColorTiming/Scene/B1/a3/dj/a3草待机_018.png","Assets/Game/Sprites/ColorTiming/Scenes/Boss1/Grass03/Idle/首领1场景_草丛03_待机_0018.png",""
"Move","0ece47f9d82433d4c95f432efe9e2e88","Assets/Game/Sprites/ColorTiming/Scene/B1/a3/dj/a3草待机_019.png","Assets/Game/Sprites/ColorTiming/Scenes/Boss1/Grass03/Idle/首领1场景_草丛03_待机_0019.png",""
"Move","90be42c7776828f47a91efa1b634989a","Assets/Game/Sprites/ColorTiming/Scene/B1/a3/dj/a3草待机_020.png","Assets/Game/Sprites/ColorTiming/Scenes/Boss1/Grass03/Idle/首领1场景_草丛03_待机_0020.png",""
"Move","acae3bc5c1f4d7f438976ef15428eb57","Assets/Game/Sprites/ColorTiming/Scene/B1/a3/dj/a3草待机_021.png","Assets/Game/Sprites/ColorTiming/Scenes/Boss1/Grass03/Idle/首领1场景_草丛03_待机_0021.png",""
"Move","93ef914af92c67c41b856fed409713a5","Assets/Game/Sprites/ColorTiming/Scene/B1/a3/dj/a3草待机_022.png","Assets/Game/Sprites/ColorTiming/Scenes/Boss1/Grass03/Idle/首领1场景_草丛03_待机_0022.png",""
"Move","1d321adf698683a43b8686a048110f2a","Assets/Game/Sprites/ColorTiming/Scene/B1/a3/dj/a3草待机_023.png","Assets/Game/Sprites/ColorTiming/Scenes/Boss1/Grass03/Idle/首领1场景_草丛03_待机_0023.png",""
"Move","530da1f9e2ca9a4469e45b043d2bdde6","Assets/Game/Sprites/ColorTiming/Scene/B1/a3/dj/a3草待机_024.png","Assets/Game/Sprites/ColorTiming/Scenes/Boss1/Grass03/Idle/首领1场景_草丛03_待机_0024.png",""
"Move","bffa65031595b104fb8aa969797805c8","Assets/Game/Sprites/ColorTiming/Scene/B1/a3/dj/a3草待机_025.png","Assets/Game/Sprites/ColorTiming/Scenes/Boss1/Grass03/Idle/首领1场景_草丛03_待机_0025.png",""
"Move","fd8581f53f4d71a4e8d320ad2db2552b","Assets/Game/Sprites/ColorTiming/Scene/B1/a3/dj/a3草待机_026.png","Assets/Game/Sprites/ColorTiming/Scenes/Boss1/Grass03/Idle/首领1场景_草丛03_待机_0026.png",""
"Move","7cfe2d8375c485444826052d14f8df21","Assets/Game/Sprites/ColorTiming/Scene/B1/a3/dj/a3草待机_027.png","Assets/Game/Sprites/ColorTiming/Scenes/Boss1/Grass03/Idle/首领1场景_草丛03_待机_0027.png",""
"Move","bb961c57f4240224898ee2203426a815","Assets/Game/Sprites/ColorTiming/Scene/B1/a3/dj/a3草待机_028.png","Assets/Game/Sprites/ColorTiming/Scenes/Boss1/Grass03/Idle/首领1场景_草丛03_待机_0028.png",""
"Move","189e0a9e4def0bc49a50d848bb810a9b","Assets/Game/Sprites/ColorTiming/Scene/B1/a3/dj/a3草待机_029.png","Assets/Game/Sprites/ColorTiming/Scenes/Boss1/Grass03/Idle/首领1场景_草丛03_待机_0029.png",""
"Move","0274864acf6c7084a9ad324fac26e2b7","Assets/Game/Sprites/ColorTiming/Scene/B1/a3/dj/a3草待机_030.png","Assets/Game/Sprites/ColorTiming/Scenes/Boss1/Grass03/Idle/首领1场景_草丛03_待机_0030.png",""
"Move","cc9e921666343104fa067d3d91ae38ea","Assets/Game/Sprites/ColorTiming/Scene/B1/a3/dj/a3草待机_031.png","Assets/Game/Sprites/ColorTiming/Scenes/Boss1/Grass03/Idle/首领1场景_草丛03_待机_0031.png",""
"Move","346491a427ddaa646830fc00f92d430b","Assets/Game/Sprites/ColorTiming/Scene/B1/a3/dj/a3草待机_032.png","Assets/Game/Sprites/ColorTiming/Scenes/Boss1/Grass03/Idle/首领1场景_草丛03_待机_0032.png",""
"Move","40fcbea4a82784a4e9800656200e7396","Assets/Game/Sprites/ColorTiming/Scene/B1/a3/dj/a3草待机_033.png","Assets/Game/Sprites/ColorTiming/Scenes/Boss1/Grass03/Idle/首领1场景_草丛03_待机_0033.png",""
"Move","8732587c588b90b478a31b260bd72e0a","Assets/Game/Sprites/ColorTiming/Scene/B1/a3/dj/a3草待机_034.png","Assets/Game/Sprites/ColorTiming/Scenes/Boss1/Grass03/Idle/首领1场景_草丛03_待机_0034.png",""
"Move","616db021ee3736d49a1052e10d23fcc7","Assets/Game/Sprites/ColorTiming/Scene/B1/a3/dj/a3草待机_035.png","Assets/Game/Sprites/ColorTiming/Scenes/Boss1/Grass03/Idle/首领1场景_草丛03_待机_0035.png",""
"Move","ed48da4528f18cd46b5d6daf08682788","Assets/Game/Sprites/ColorTiming/Scene/B1/a3/dj/a3草待机_036.png","Assets/Game/Sprites/ColorTiming/Scenes/Boss1/Grass03/Idle/首领1场景_草丛03_待机_0036.png",""
"Move","056a001560c600c49b2d71d285b9530a","Assets/Game/Sprites/ColorTiming/Scene/B1/a3/dj/a3草待机_037.png","Assets/Game/Sprites/ColorTiming/Scenes/Boss1/Grass03/Idle/首领1场景_草丛03_待机_0037.png",""
"Move","a99febc4280a8784dab0d9f8b3a95911","Assets/Game/Sprites/ColorTiming/Scene/B1/a3/dj/a3草待机_038.png","Assets/Game/Sprites/ColorTiming/Scenes/Boss1/Grass03/Idle/首领1场景_草丛03_待机_0038.png",""
"Move","492d29bf4e27e2e498e0e1183e9b25d1","Assets/Game/Sprites/ColorTiming/Scene/B1/a3/dj/a3草待机_039.png","Assets/Game/Sprites/ColorTiming/Scenes/Boss1/Grass03/Idle/首领1场景_草丛03_待机_0039.png",""
"Move","0c7e8f216a0848b4fa2716c19c186be7","Assets/Game/Sprites/ColorTiming/Scene/B1/a3/dj/a3草待机_040.png","Assets/Game/Sprites/ColorTiming/Scenes/Boss1/Grass03/Idle/首领1场景_草丛03_待机_0040.png",""
"Move","0292286376470b94fa17d6879300e322","Assets/Game/Sprites/ColorTiming/Scene/B1/a3/dj/a3草待机_041.png","Assets/Game/Sprites/ColorTiming/Scenes/Boss1/Grass03/Idle/首领1场景_草丛03_待机_0041.png",""
"Move","a401729dcc12b8641a6a0c710eb145ea","Assets/Game/Sprites/ColorTiming/Scene/B1/a3/dj/a3草待机_042.png","Assets/Game/Sprites/ColorTiming/Scenes/Boss1/Grass03/Idle/首领1场景_草丛03_待机_0042.png",""
"Move","99742101cb31734428954a33bd2a734b","Assets/Game/Sprites/ColorTiming/Scene/B1/a3/dj/a3草待机_043.png","Assets/Game/Sprites/ColorTiming/Scenes/Boss1/Grass03/Idle/首领1场景_草丛03_待机_0043.png",""
"Move","1aa62c3dd2389174cb27fe06b090fd13","Assets/Game/Sprites/ColorTiming/Scene/B1/a3/dj/a3草待机_044.png","Assets/Game/Sprites/ColorTiming/Scenes/Boss1/Grass03/Idle/首领1场景_草丛03_待机_0044.png",""
"Move","12d3640e55a431142ba6871d7147105a","Assets/Game/Sprites/ColorTiming/Scene/B1/a3/dj/a3草待机_045.png","Assets/Game/Sprites/ColorTiming/Scenes/Boss1/Grass03/Idle/首领1场景_草丛03_待机_0045.png",""
"Move","fc3886de2f8908b46b8a44d6a839dfee","Assets/Game/Sprites/ColorTiming/Scene/B1/a3/dj/a3草待机_046.png","Assets/Game/Sprites/ColorTiming/Scenes/Boss1/Grass03/Idle/首领1场景_草丛03_待机_0046.png",""
"Move","654128df9b6234149ae5103e4b69eca6","Assets/Game/Sprites/ColorTiming/Scene/B1/a3/dj/a3草待机_047.png","Assets/Game/Sprites/ColorTiming/Scenes/Boss1/Grass03/Idle/首领1场景_草丛03_待机_0047.png",""
"Move","b33bf58f71d78f842a56ec208c5f364e","Assets/Game/Sprites/ColorTiming/Scene/B1/a3/dj/a3草待机_048.png","Assets/Game/Sprites/ColorTiming/Scenes/Boss1/Grass03/Idle/首领1场景_草丛03_待机_0048.png",""
"Move","bb5526bafab802b4fbf9ae91a82d2a3e","Assets/Game/Sprites/ColorTiming/Scene/B1/a3/dj/a3草待机_049.png","Assets/Game/Sprites/ColorTiming/Scenes/Boss1/Grass03/Idle/首领1场景_草丛03_待机_0049.png",""
"Move","75e589d25e69cdf4ba6b0b760dcae9cb","Assets/Game/Sprites/ColorTiming/Scene/B1/a3/dj/a3草待机_050.png","Assets/Game/Sprites/ColorTiming/Scenes/Boss1/Grass03/Idle/首领1场景_草丛03_待机_0050.png",""
"Move","90e1091d3789c7441954ada88aefa1db","Assets/Game/Sprites/ColorTiming/Scene/B1/a3/dj/a3草待机_051.png","Assets/Game/Sprites/ColorTiming/Scenes/Boss1/Grass03/Idle/首领1场景_草丛03_待机_0051.png",""
"Move","5292dddfa4a67f5419224df948ae7d48","Assets/Game/Sprites/ColorTiming/Scene/B1/a3/dj/a3草待机_052.png","Assets/Game/Sprites/ColorTiming/Scenes/Boss1/Grass03/Idle/首领1场景_草丛03_待机_0052.png",""
"Move","7ad3776a8c7da88429fa161e5cb2d5fd","Assets/Game/Sprites/ColorTiming/Scene/B1/a3/dj/a3草待机_053.png","Assets/Game/Sprites/ColorTiming/Scenes/Boss1/Grass03/Idle/首领1场景_草丛03_待机_0053.png",""
"Move","deaf33bf1884d5142adb6517faad0ed2","Assets/Game/Sprites/ColorTiming/Scene/B1/a3/dj/a3草待机_054.png","Assets/Game/Sprites/ColorTiming/Scenes/Boss1/Grass03/Idle/首领1场景_草丛03_待机_0054.png",""
"Move","07c57d14881be5e47bfffa6dfaed497b","Assets/Game/Sprites/ColorTiming/Scene/B1/a3/dj/a3草待机_055.png","Assets/Game/Sprites/ColorTiming/Scenes/Boss1/Grass03/Idle/首领1场景_草丛03_待机_0055.png",""
"Move","f70dc4bd99cf8d1469b99c205982a09a","Assets/Game/Sprites/ColorTiming/Scene/B1/a3/dj/a3草待机_056.png","Assets/Game/Sprites/ColorTiming/Scenes/Boss1/Grass03/Idle/首领1场景_草丛03_待机_0056.png",""
"Move","d1512d96f00f2f04a85d8007a20d28f5","Assets/Game/Sprites/ColorTiming/Scene/B1/a3/dj/a3草待机_057.png","Assets/Game/Sprites/ColorTiming/Scenes/Boss1/Grass03/Idle/首领1场景_草丛03_待机_0057.png",""
"Move","aaa5cedb2d6972945b75fdb029c513bf","Assets/Game/Sprites/ColorTiming/Scene/B1/a3/dj/a3草待机_058.png","Assets/Game/Sprites/ColorTiming/Scenes/Boss1/Grass03/Idle/首领1场景_草丛03_待机_0058.png",""
"Move","7bd6255fddbe64e42913c81b936f25be","Assets/Game/Sprites/ColorTiming/Scene/B1/a3/dj/a3草待机_059.png","Assets/Game/Sprites/ColorTiming/Scenes/Boss1/Grass03/Idle/首领1场景_草丛03_待机_0059.png",""
"Move","b4bfe39b419dd92498b37d5cb104fe17","Assets/Game/Sprites/ColorTiming/Scene/B1/a3/dj/a3草待机_060.png","Assets/Game/Sprites/ColorTiming/Scenes/Boss1/Grass03/Idle/首领1场景_草丛03_待机_0060.png",""
"Move","afdcc13094654fc4ea4a9a72560c83b9","Assets/Game/Sprites/ColorTiming/Scene/B1/a3/dj/a3草待机_061.png","Assets/Game/Sprites/ColorTiming/Scenes/Boss1/Grass03/Idle/首领1场景_草丛03_待机_0061.png",""
"Move","73560a8f827524b4e9ac067d38a5b7d3","Assets/Game/Sprites/ColorTiming/Scene/B1/a3/dj/a3草待机_062.png","Assets/Game/Sprites/ColorTiming/Scenes/Boss1/Grass03/Idle/首领1场景_草丛03_待机_0062.png",""
"Move","c5855dc3ec703c4419c24b7d505764d9","Assets/Game/Sprites/ColorTiming/Scene/B1/a3/dj/a3草待机_063.png","Assets/Game/Sprites/ColorTiming/Scenes/Boss1/Grass03/Idle/首领1场景_草丛03_待机_0063.png",""
"Move","6d206a4733e580348a107f7421f992d4","Assets/Game/Sprites/ColorTiming/Scene/B1/a3/dj/a3草待机_064.png","Assets/Game/Sprites/ColorTiming/Scenes/Boss1/Grass03/Idle/首领1场景_草丛03_待机_0064.png",""
"Move","ec33cd5619b13d4458db23153a4e1e0a","Assets/Game/Sprites/ColorTiming/Scene/B1/a3/dj/a3草待机_065.png","Assets/Game/Sprites/ColorTiming/Scenes/Boss1/Grass03/Idle/首领1场景_草丛03_待机_0065.png",""
"Move","6400fe14b88cd0347b8329e287f6ee42","Assets/Game/Sprites/ColorTiming/Scene/B1/a3/dj/a3草待机_066.png","Assets/Game/Sprites/ColorTiming/Scenes/Boss1/Grass03/Idle/首领1场景_草丛03_待机_0066.png",""
"Move","ecbd85ff8fd703a45b5bd0842be99bba","Assets/Game/Sprites/ColorTiming/Scene/B1/a3/dj/a3草待机_067.png","Assets/Game/Sprites/ColorTiming/Scenes/Boss1/Grass03/Idle/首领1场景_草丛03_待机_0067.png",""
"Move","c816696eb73fc0c44802ec763eebc663","Assets/Game/Sprites/ColorTiming/Scene/B1/a3/dj/a3草待机_068.png","Assets/Game/Sprites/ColorTiming/Scenes/Boss1/Grass03/Idle/首领1场景_草丛03_待机_0068.png",""
"Move","b859b87938ebe524ba19a0022ad75034","Assets/Game/Sprites/ColorTiming/Scene/B1/a3/dj/a3草待机_069.png","Assets/Game/Sprites/ColorTiming/Scenes/Boss1/Grass03/Idle/首领1场景_草丛03_待机_0069.png",""
"Move","9f088bc7b8f0d0047be18cce2d0677b4","Assets/Game/Sprites/ColorTiming/Scene/B1/a3/dj/a3草待机_070.png","Assets/Game/Sprites/ColorTiming/Scenes/Boss1/Grass03/Idle/首领1场景_草丛03_待机_0070.png",""
"Move","399b61b93ff18f94a919e989cdcaa07d","Assets/Game/Sprites/ColorTiming/Scene/B1/a3/dj/a3草待机_071.png","Assets/Game/Sprites/ColorTiming/Scenes/Boss1/Grass03/Idle/首领1场景_草丛03_待机_0071.png",""
"Move","3c87113f618f2404babe84c77f842497","Assets/Game/Sprites/ColorTiming/Scene/B1/a3/dj/a3草待机_072.png","Assets/Game/Sprites/ColorTiming/Scenes/Boss1/Grass03/Idle/首领1场景_草丛03_待机_0072.png",""
"Move","2a4e20ccbbce3af448543180838a52cc","Assets/Game/Sprites/ColorTiming/Scene/B1/a3/dj/a3草待机_073.png","Assets/Game/Sprites/ColorTiming/Scenes/Boss1/Grass03/Idle/首领1场景_草丛03_待机_0073.png",""
"Move","da9a33cad77d1df4ea67f4f8fa90d1d9","Assets/Game/Sprites/ColorTiming/Scene/B1/a3/dj/a3草待机_074.png","Assets/Game/Sprites/ColorTiming/Scenes/Boss1/Grass03/Idle/首领1场景_草丛03_待机_0074.png",""
"Move","1bc84584af4aab244829748dd7b37ce2","Assets/Game/Sprites/ColorTiming/Scene/B1/a3/dj/a3草待机_075.png","Assets/Game/Sprites/ColorTiming/Scenes/Boss1/Grass03/Idle/首领1场景_草丛03_待机_0075.png",""
"Move","2ecf5f158ff6c24499c1e03c3c49e177","Assets/Game/Sprites/ColorTiming/Scene/B1/a3/dj/a3草待机_076.png","Assets/Game/Sprites/ColorTiming/Scenes/Boss1/Grass03/Idle/首领1场景_草丛03_待机_0076.png",""
"Move","6ec600bd223caaf43b5998c2f296a501","Assets/Game/Sprites/ColorTiming/Scene/B1/a3/dj/a3草待机_077.png","Assets/Game/Sprites/ColorTiming/Scenes/Boss1/Grass03/Idle/首领1场景_草丛03_待机_0077.png",""
"Move","6e39d377b0d90d544b98d75293f4e9ba","Assets/Game/Sprites/ColorTiming/Scene/B1/a3/dj/a3草待机_078.png","Assets/Game/Sprites/ColorTiming/Scenes/Boss1/Grass03/Idle/首领1场景_草丛03_待机_0078.png",""
"Move","7ff9dc79fccb97d4aade6fac162e1289","Assets/Game/Sprites/ColorTiming/Scene/B1/a3/dj/a3草待机_079.png","Assets/Game/Sprites/ColorTiming/Scenes/Boss1/Grass03/Idle/首领1场景_草丛03_待机_0079.png",""
"Move","2594a6f7190b9ec4c90ec23a59328af2","Assets/Game/Sprites/ColorTiming/Scene/B1/a3/dj/a3草待机_080.png","Assets/Game/Sprites/ColorTiming/Scenes/Boss1/Grass03/Idle/首领1场景_草丛03_待机_0080.png",""
"Move","9b1d5c029564ace4c85061f89eb6a4e7","Assets/Game/Sprites/ColorTiming/Scene/B1/a3/dj/a3草待机_081.png","Assets/Game/Sprites/ColorTiming/Scenes/Boss1/Grass03/Idle/首领1场景_草丛03_待机_0081.png",""
"Move","178eb9f6327e79e4396bf233a5ef5feb","Assets/Game/Sprites/ColorTiming/Scene/B1/a3/dj/a3草待机_082.png","Assets/Game/Sprites/ColorTiming/Scenes/Boss1/Grass03/Idle/首领1场景_草丛03_待机_0082.png",""
"Move","9159d05b7c4796c4b81e410e0953137d","Assets/Game/Sprites/ColorTiming/Scene/B1/a3/dj/a3草待机_083.png","Assets/Game/Sprites/ColorTiming/Scenes/Boss1/Grass03/Idle/首领1场景_草丛03_待机_0083.png",""
"Move","4a70403c40414594fb5076dbba54d1d8","Assets/Game/Sprites/ColorTiming/Scene/B1/a3/dj/a3草待机_084.png","Assets/Game/Sprites/ColorTiming/Scenes/Boss1/Grass03/Idle/首领1场景_草丛03_待机_0084.png",""
"Move","c189a3c2bfe5a1744ab4476b1d95f6c9","Assets/Game/Sprites/ColorTiming/Scene/B1/a3/dj/a3草待机_085.png","Assets/Game/Sprites/ColorTiming/Scenes/Boss1/Grass03/Idle/首领1场景_草丛03_待机_0085.png",""
"Move","e64ba457496a2b949b316c444f8d668d","Assets/Game/Sprites/ColorTiming/Scene/B1/a3/dj/a3草待机_086.png","Assets/Game/Sprites/ColorTiming/Scenes/Boss1/Grass03/Idle/首领1场景_草丛03_待机_0086.png",""
"Move","35194e3074565e84e9a3993cc0dd0f83","Assets/Game/Sprites/ColorTiming/Scene/B1/a3/dj/a3草待机_087.png","Assets/Game/Sprites/ColorTiming/Scenes/Boss1/Grass03/Idle/首领1场景_草丛03_待机_0087.png",""
"Move","c1a74e8f6755ff24d969083bd689ce90","Assets/Game/Sprites/ColorTiming/Scene/B1/a3/dj/a3草待机_088.png","Assets/Game/Sprites/ColorTiming/Scenes/Boss1/Grass03/Idle/首领1场景_草丛03_待机_0088.png",""
"Move","54d08936ba789c34d9bb4f5a56e3f4ca","Assets/Game/Sprites/ColorTiming/Scene/B1/a3/dj/a3草待机_089.png","Assets/Game/Sprites/ColorTiming/Scenes/Boss1/Grass03/Idle/首领1场景_草丛03_待机_0089.png",""
"Move","482a8bb9b6d044a4ab60e37491f2d496","Assets/Game/Sprites/ColorTiming/Scene/B1/a3/dj/a3草待机_090.png","Assets/Game/Sprites/ColorTiming/Scenes/Boss1/Grass03/Idle/首领1场景_草丛03_待机_0090.png",""
"Move","3b204da76dbaa6a43b1d2119d72ef687","Assets/Game/Sprites/ColorTiming/Scene/B1/a3/dj/a3草待机_091.png","Assets/Game/Sprites/ColorTiming/Scenes/Boss1/Grass03/Idle/首领1场景_草丛03_待机_0091.png",""
"Move","4b1073fdbb0aff94d8eed2799af08a35","Assets/Game/Sprites/ColorTiming/Scene/B1/a3/dj/a3草待机_092.png","Assets/Game/Sprites/ColorTiming/Scenes/Boss1/Grass03/Idle/首领1场景_草丛03_待机_0092.png",""
"Move","11059b8313b55be4baa450d226ef8555","Assets/Game/Sprites/ColorTiming/Scene/B1/a3/dj/a3草待机_093.png","Assets/Game/Sprites/ColorTiming/Scenes/Boss1/Grass03/Idle/首领1场景_草丛03_待机_0093.png",""
"Move","6501868e044ff1642b8076582b3e1e4a","Assets/Game/Sprites/ColorTiming/Scene/B1/a3/dj/a3草待机_094.png","Assets/Game/Sprites/ColorTiming/Scenes/Boss1/Grass03/Idle/首领1场景_草丛03_待机_0094.png",""
"Move","53c7cff10e435b94a9af24be6b4cf6b7","Assets/Game/Sprites/ColorTiming/Scene/B1/a3/dj/a3草待机_095.png","Assets/Game/Sprites/ColorTiming/Scenes/Boss1/Grass03/Idle/首领1场景_草丛03_待机_0095.png",""
"Move","321d46b365a8ed849b23c9fbc28f8d2a","Assets/Game/Sprites/ColorTiming/Scene/B1/a3/dj/a3草待机_096.png","Assets/Game/Sprites/ColorTiming/Scenes/Boss1/Grass03/Idle/首领1场景_草丛03_待机_0096.png",""
"Move","3b1d9bef1c3072e4a9b228745628a3c5","Assets/Game/Sprites/ColorTiming/Scene/B1/a3/dj/a3草待机_097.png","Assets/Game/Sprites/ColorTiming/Scenes/Boss1/Grass03/Idle/首领1场景_草丛03_待机_0097.png",""
"Move","10030637fba46cf429054040c7eab914","Assets/Game/Sprites/ColorTiming/Scene/B1/a3/dj/a3草待机_098.png","Assets/Game/Sprites/ColorTiming/Scenes/Boss1/Grass03/Idle/首领1场景_草丛03_待机_0098.png",""
"Move","0a4dd35de13f03d4e8820492bee974a1","Assets/Game/Sprites/ColorTiming/Scene/B1/a3/dj/a3草待机_099.png","Assets/Game/Sprites/ColorTiming/Scenes/Boss1/Grass03/Idle/首领1场景_草丛03_待机_0099.png",""
"Move","4828ef75f13312b489265d2e60d1ec61","Assets/Game/Sprites/ColorTiming/Scene/B1/a3/dj/a3草待机_100.png","Assets/Game/Sprites/ColorTiming/Scenes/Boss1/Grass03/Idle/首领1场景_草丛03_待机_0100.png",""
"Move","d68c063765374e844b86955bde10a241","Assets/Game/Sprites/ColorTiming/Scene/B1/a3/dj/a3草待机_101.png","Assets/Game/Sprites/ColorTiming/Scenes/Boss1/Grass03/Idle/首领1场景_草丛03_待机_0101.png",""
"Move","f73e780aefddbc14690f96b960dc70f4","Assets/Game/Sprites/ColorTiming/Scene/B1/a3/dj/a3草待机_102.png","Assets/Game/Sprites/ColorTiming/Scenes/Boss1/Grass03/Idle/首领1场景_草丛03_待机_0102.png",""
"Move","e33e409f49dd2d24e9bbf68fa55c3ed8","Assets/Game/Sprites/ColorTiming/Scene/B1/a3/dj/a3草待机_103.png","Assets/Game/Sprites/ColorTiming/Scenes/Boss1/Grass03/Idle/首领1场景_草丛03_待机_0103.png",""
"Move","28dcc57f36566524aac8083a44f171f6","Assets/Game/Sprites/ColorTiming/Scene/B1/a3/dj/a3草待机_104.png","Assets/Game/Sprites/ColorTiming/Scenes/Boss1/Grass03/Idle/首领1场景_草丛03_待机_0104.png",""
"Move","09fafc09fe326cc48bc2568a9365dd73","Assets/Game/Sprites/ColorTiming/Scene/B1/a3/dj/a3草待机_105.png","Assets/Game/Sprites/ColorTiming/Scenes/Boss1/Grass03/Idle/首领1场景_草丛03_待机_0105.png",""
"Move","c6ea5781ed64ec94f9ae700c86f65d62","Assets/Game/Sprites/ColorTiming/Scene/B1/a3/dj/a3草待机_106.png","Assets/Game/Sprites/ColorTiming/Scenes/Boss1/Grass03/Idle/首领1场景_草丛03_待机_0106.png",""
"Move","dce20a0541f64c34ea56f98c3d30866d","Assets/Game/Sprites/ColorTiming/Scene/B1/a3/dj/a3草待机_107.png","Assets/Game/Sprites/ColorTiming/Scenes/Boss1/Grass03/Idle/首领1场景_草丛03_待机_0107.png",""
"Move","8bd713f3cc91a0d43b10885389cfd7b5","Assets/Game/Sprites/ColorTiming/Scene/B1/a3/dj/a3草待机_108.png","Assets/Game/Sprites/ColorTiming/Scenes/Boss1/Grass03/Idle/首领1场景_草丛03_待机_0108.png",""
"Move","35c64d65f925d80488806ca04f893e37","Assets/Game/Sprites/ColorTiming/Scene/B1/a3/dj/a3草待机_109.png","Assets/Game/Sprites/ColorTiming/Scenes/Boss1/Grass03/Idle/首领1场景_草丛03_待机_0109.png",""
"Move","f721191d6319fe34088f38ff9720cf8c","Assets/Game/Sprites/ColorTiming/Scene/B1/a3/dj/a3草待机_110.png","Assets/Game/Sprites/ColorTiming/Scenes/Boss1/Grass03/Idle/首领1场景_草丛03_待机_0110.png",""
"Move","7054e2a378f4f0b4c9059e27cd9eca6c","Assets/Game/Sprites/ColorTiming/Scene/B1/a3/dj/a3草待机_111.png","Assets/Game/Sprites/ColorTiming/Scenes/Boss1/Grass03/Idle/首领1场景_草丛03_待机_0111.png",""
"Move","aecedd30cfe4b9043831ad08c6a7be16","Assets/Game/Sprites/ColorTiming/Scene/B1/a3/dj/a3草待机_112.png","Assets/Game/Sprites/ColorTiming/Scenes/Boss1/Grass03/Idle/首领1场景_草丛03_待机_0112.png",""
"Move","9a460ebf0fe941544a386e58157d6aae","Assets/Game/Sprites/ColorTiming/Scene/B1/a3/dj/a3草待机_113.png","Assets/Game/Sprites/ColorTiming/Scenes/Boss1/Grass03/Idle/首领1场景_草丛03_待机_0113.png",""
"Move","94c6e6b74fe2021439d56d71dabf861b","Assets/Game/Sprites/ColorTiming/Scene/B1/a3/dj/a3草待机_114.png","Assets/Game/Sprites/ColorTiming/Scenes/Boss1/Grass03/Idle/首领1场景_草丛03_待机_0114.png",""
"Move","d4c4cbb2b3856cb429289816ef4c34d5","Assets/Game/Sprites/ColorTiming/Scene/B1/a3/dj/a3草待机_115.png","Assets/Game/Sprites/ColorTiming/Scenes/Boss1/Grass03/Idle/首领1场景_草丛03_待机_0115.png",""
"Move","e9de769bbea634a4da4b0b58347e8e9a","Assets/Game/Sprites/ColorTiming/Scene/B1/a3/dj/a3草待机_116.png","Assets/Game/Sprites/ColorTiming/Scenes/Boss1/Grass03/Idle/首领1场景_草丛03_待机_0116.png",""
"Move","55e87c03e35ad5b4c877ebe32b470430","Assets/Game/Sprites/ColorTiming/Scene/B1/a3/dj/a3草待机_117.png","Assets/Game/Sprites/ColorTiming/Scenes/Boss1/Grass03/Idle/首领1场景_草丛03_待机_0117.png",""
"Move","38f749400b3c1ca4088f0441e3faf448","Assets/Game/Sprites/ColorTiming/Scene/B1/a3/dj/a3草待机_118.png","Assets/Game/Sprites/ColorTiming/Scenes/Boss1/Grass03/Idle/首领1场景_草丛03_待机_0118.png",""
"Move","709bfbbfc570f4640973fed8f512a990","Assets/Game/Sprites/ColorTiming/Scene/B1/a3/dj/a3草待机_119.png","Assets/Game/Sprites/ColorTiming/Scenes/Boss1/Grass03/Idle/首领1场景_草丛03_待机_0119.png",""
"Move","ca5009ef30519824e8c1251c34cffff5","Assets/Game/Sprites/ColorTiming/Scene/B1/a3/dj/a3草待机_120.png","Assets/Game/Sprites/ColorTiming/Scenes/Boss1/Grass03/Idle/首领1场景_草丛03_待机_0120.png",""
"Move","e885e6822d3d6c84dbf7472fd28e6b5b","Assets/Game/Sprites/ColorTiming/Scene/B1/a3/dj/a3草待机_121.png","Assets/Game/Sprites/ColorTiming/Scenes/Boss1/Grass03/Idle/首领1场景_草丛03_待机_0121.png",""
"Move","e6daa06dec6f09e42918cb310d31f875","Assets/Game/Sprites/ColorTiming/Scene/B1/a3/dj/a3草待机_122.png","Assets/Game/Sprites/ColorTiming/Scenes/Boss1/Grass03/Idle/首领1场景_草丛03_待机_0122.png",""
"Move","17a01232747f0cf4eaf649a2f9aa336e","Assets/Game/Sprites/ColorTiming/Scene/B1/a3/dj/a3草待机_123.png","Assets/Game/Sprites/ColorTiming/Scenes/Boss1/Grass03/Idle/首领1场景_草丛03_待机_0123.png",""
"Move","6589ad33b5abcd342a1e6882e4ba2352","Assets/Game/Sprites/ColorTiming/Scene/B1/a3/dj/a3草待机_124.png","Assets/Game/Sprites/ColorTiming/Scenes/Boss1/Grass03/Idle/首领1场景_草丛03_待机_0124.png",""
"Move","6f14720de29bf684e8c3925df3480860","Assets/Game/Sprites/ColorTiming/Scene/B1/a3/dj/a3草待机_125.png","Assets/Game/Sprites/ColorTiming/Scenes/Boss1/Grass03/Idle/首领1场景_草丛03_待机_0125.png",""
"Move","66d0274d800935747bfc27b56c8244d1","Assets/Game/Sprites/ColorTiming/Scene/B1/a3/dj/a3草待机_126.png","Assets/Game/Sprites/ColorTiming/Scenes/Boss1/Grass03/Idle/首领1场景_草丛03_待机_0126.png",""
"Move","a02f4b7e2b5bb96418b233bc9e9b597b","Assets/Game/Sprites/ColorTiming/Scene/B1/a3/dj/a3草待机_127.png","Assets/Game/Sprites/ColorTiming/Scenes/Boss1/Grass03/Idle/首领1场景_草丛03_待机_0127.png",""
"Move","8b8e79d3ecef7e44da252b2765a8ba11","Assets/Game/Sprites/ColorTiming/Scene/B1/a3/dj/a3草待机_128.png","Assets/Game/Sprites/ColorTiming/Scenes/Boss1/Grass03/Idle/首领1场景_草丛03_待机_0128.png",""
"Move","d08d4eb61de193d4aa7eab6bd0a7b4b4","Assets/Game/Sprites/ColorTiming/Scene/B1/a3/dj/a3草待机_129.png","Assets/Game/Sprites/ColorTiming/Scenes/Boss1/Grass03/Idle/首领1场景_草丛03_待机_0129.png",""
"Move","481dd030fe583f846a385f23738c7854","Assets/Game/Sprites/ColorTiming/Scene/B1/a4/a4_cao.controller","Assets/Game/Sprites/ColorTiming/Scenes/Boss1/Grass04/Boss1_Grass04_Controller.controller",""
"Move","afd1f2989fecf6344b7430a3d28a33cb","Assets/Game/Sprites/ColorTiming/Scene/B1/a4/a4_cao_c.anim","Assets/Game/Sprites/ColorTiming/Scenes/Boss1/Grass04/Boss1_Grass04_Motion.anim",""
"Move","01654d40a6cf1e049824b4478cfbadc1","Assets/Game/Sprites/ColorTiming/Scene/B1/a4/a4_cao_dj.anim","Assets/Game/Sprites/ColorTiming/Scenes/Boss1/Grass04/Boss1_Grass04_Idle.anim",""
"Move","0a49685f6ca12b6409d4268825d7054d","Assets/Game/Sprites/ColorTiming/Scene/B1/a4/c/a4草动_00.png","Assets/Game/Sprites/ColorTiming/Scenes/Boss1/Grass04/Motion/首领1场景_草丛04_摆动_0000.png",""
"Move","68b89e767f571eb49b94b103820cc243","Assets/Game/Sprites/ColorTiming/Scene/B1/a4/c/a4草动_01.png","Assets/Game/Sprites/ColorTiming/Scenes/Boss1/Grass04/Motion/首领1场景_草丛04_摆动_0001.png",""
"Move","4641bcf4a63ea65449360972c1606f3d","Assets/Game/Sprites/ColorTiming/Scene/B1/a4/c/a4草动_02.png","Assets/Game/Sprites/ColorTiming/Scenes/Boss1/Grass04/Motion/首领1场景_草丛04_摆动_0002.png",""
"Move","184772dda87ba464daea8bd9b100e203","Assets/Game/Sprites/ColorTiming/Scene/B1/a4/c/a4草动_03.png","Assets/Game/Sprites/ColorTiming/Scenes/Boss1/Grass04/Motion/首领1场景_草丛04_摆动_0003.png",""
"Move","84477539e95371e45869760a3a9e16f9","Assets/Game/Sprites/ColorTiming/Scene/B1/a4/c/a4草动_04.png","Assets/Game/Sprites/ColorTiming/Scenes/Boss1/Grass04/Motion/首领1场景_草丛04_摆动_0004.png",""
"Move","42c90d512c839df418b208707323907f","Assets/Game/Sprites/ColorTiming/Scene/B1/a4/c/a4草动_05.png","Assets/Game/Sprites/ColorTiming/Scenes/Boss1/Grass04/Motion/首领1场景_草丛04_摆动_0005.png",""
"Move","6a7e09b0fd88e6b4198646800559dc7c","Assets/Game/Sprites/ColorTiming/Scene/B1/a4/c/a4草动_06.png","Assets/Game/Sprites/ColorTiming/Scenes/Boss1/Grass04/Motion/首领1场景_草丛04_摆动_0006.png",""
"Move","223b3ad0b240716459b536a4ab39001a","Assets/Game/Sprites/ColorTiming/Scene/B1/a4/c/a4草动_07.png","Assets/Game/Sprites/ColorTiming/Scenes/Boss1/Grass04/Motion/首领1场景_草丛04_摆动_0007.png",""
"Move","da3416339732aa746a999d835955e8d7","Assets/Game/Sprites/ColorTiming/Scene/B1/a4/c/a4草动_08.png","Assets/Game/Sprites/ColorTiming/Scenes/Boss1/Grass04/Motion/首领1场景_草丛04_摆动_0008.png",""
"Move","afc54c8bea8435845a6b13ee71bc031b","Assets/Game/Sprites/ColorTiming/Scene/B1/a4/c/a4草动_09.png","Assets/Game/Sprites/ColorTiming/Scenes/Boss1/Grass04/Motion/首领1场景_草丛04_摆动_0009.png",""
"Move","a088f619b96cc954d85e9bc8300be749","Assets/Game/Sprites/ColorTiming/Scene/B1/a4/c/a4草动_10.png","Assets/Game/Sprites/ColorTiming/Scenes/Boss1/Grass04/Motion/首领1场景_草丛04_摆动_0010.png",""
"Move","2629675db0c957445a3445da413137fa","Assets/Game/Sprites/ColorTiming/Scene/B1/a4/c/a4草动_11.png","Assets/Game/Sprites/ColorTiming/Scenes/Boss1/Grass04/Motion/首领1场景_草丛04_摆动_0011.png",""
"Move","f6f5756a44e83734cba5a0e40c06f883","Assets/Game/Sprites/ColorTiming/Scene/B1/a4/c/a4草动_12.png","Assets/Game/Sprites/ColorTiming/Scenes/Boss1/Grass04/Motion/首领1场景_草丛04_摆动_0012.png",""
"Move","59b530a98c85670418f4c255a95b48b8","Assets/Game/Sprites/ColorTiming/Scene/B1/a4/c/a4草动_13.png","Assets/Game/Sprites/ColorTiming/Scenes/Boss1/Grass04/Motion/首领1场景_草丛04_摆动_0013.png",""
"Move","2a2e45726e4d4654bacb25fd8bb32224","Assets/Game/Sprites/ColorTiming/Scene/B1/a4/c/a4草动_14.png","Assets/Game/Sprites/ColorTiming/Scenes/Boss1/Grass04/Motion/首领1场景_草丛04_摆动_0014.png",""
"Move","6a5b60916f9440547bc5a5106f182574","Assets/Game/Sprites/ColorTiming/Scene/B1/a4/c/a4草动_15.png","Assets/Game/Sprites/ColorTiming/Scenes/Boss1/Grass04/Motion/首领1场景_草丛04_摆动_0015.png",""
"Move","c6e1a567266d9034da51ccc848a156dd","Assets/Game/Sprites/ColorTiming/Scene/B1/a4/c/a4草动_16.png","Assets/Game/Sprites/ColorTiming/Scenes/Boss1/Grass04/Motion/首领1场景_草丛04_摆动_0016.png",""
"Move","64e25aaa9ab6fd74d9c66a42f20d4bce","Assets/Game/Sprites/ColorTiming/Scene/B1/a4/c/a4草动_17.png","Assets/Game/Sprites/ColorTiming/Scenes/Boss1/Grass04/Motion/首领1场景_草丛04_摆动_0017.png",""
"Move","7df5cf680c4e7c04a86bf8b44ea86906","Assets/Game/Sprites/ColorTiming/Scene/B1/a4/c/a4草动_18.png","Assets/Game/Sprites/ColorTiming/Scenes/Boss1/Grass04/Motion/首领1场景_草丛04_摆动_0018.png",""
"Move","5b7e143e4b0486c4c82f57168a9a9698","Assets/Game/Sprites/ColorTiming/Scene/B1/a4/c/a4草动_19.png","Assets/Game/Sprites/ColorTiming/Scenes/Boss1/Grass04/Motion/首领1场景_草丛04_摆动_0019.png",""
"Move","671a62a82beca2540819963318b2a05a","Assets/Game/Sprites/ColorTiming/Scene/B1/a4/c/a4草动_20.png","Assets/Game/Sprites/ColorTiming/Scenes/Boss1/Grass04/Motion/首领1场景_草丛04_摆动_0020.png",""
"Move","78f031a5e862b8844a16c8607b33d0df","Assets/Game/Sprites/ColorTiming/Scene/B1/a4/c/a4草动_21.png","Assets/Game/Sprites/ColorTiming/Scenes/Boss1/Grass04/Motion/首领1场景_草丛04_摆动_0021.png",""
"Move","1197e4d6ade1f384b90eb4ddacfd1fe5","Assets/Game/Sprites/ColorTiming/Scene/B1/a4/c/a4草动_22.png","Assets/Game/Sprites/ColorTiming/Scenes/Boss1/Grass04/Motion/首领1场景_草丛04_摆动_0022.png",""
"Move","1918b4387e118844c9c87b97ab85e5c0","Assets/Game/Sprites/ColorTiming/Scene/B1/a4/c/a4草动_23.png","Assets/Game/Sprites/ColorTiming/Scenes/Boss1/Grass04/Motion/首领1场景_草丛04_摆动_0023.png",""
"Move","3efe8019ba926054394c1785b1d86eb8","Assets/Game/Sprites/ColorTiming/Scene/B1/a4/c/a4草动_24.png","Assets/Game/Sprites/ColorTiming/Scenes/Boss1/Grass04/Motion/首领1场景_草丛04_摆动_0024.png",""
"Move","398eed628dd27d745b43969a9535a38b","Assets/Game/Sprites/ColorTiming/Scene/B1/a4/c/a4草动_25.png","Assets/Game/Sprites/ColorTiming/Scenes/Boss1/Grass04/Motion/首领1场景_草丛04_摆动_0025.png",""
"Move","2c210e84e7bb85f42b87bcc06d1d6c04","Assets/Game/Sprites/ColorTiming/Scene/B1/a4/c/a4草动_26.png","Assets/Game/Sprites/ColorTiming/Scenes/Boss1/Grass04/Motion/首领1场景_草丛04_摆动_0026.png",""
"Move","de051a44df7326d44b899734decefb12","Assets/Game/Sprites/ColorTiming/Scene/B1/a4/c/a4草动_27.png","Assets/Game/Sprites/ColorTiming/Scenes/Boss1/Grass04/Motion/首领1场景_草丛04_摆动_0027.png",""
"Move","56706e173365b3d4c9f8cf1abba1dcf8","Assets/Game/Sprites/ColorTiming/Scene/B1/a4/c/a4草动_28.png","Assets/Game/Sprites/ColorTiming/Scenes/Boss1/Grass04/Motion/首领1场景_草丛04_摆动_0028.png",""
"Move","fea61d961166689429a4061bfcac4557","Assets/Game/Sprites/ColorTiming/Scene/B1/a4/c/a4草动_29.png","Assets/Game/Sprites/ColorTiming/Scenes/Boss1/Grass04/Motion/首领1场景_草丛04_摆动_0029.png",""
"Move","39958894a785be749b5c736edc0b01f0","Assets/Game/Sprites/ColorTiming/Scene/B1/a4/c/a4草动_30.png","Assets/Game/Sprites/ColorTiming/Scenes/Boss1/Grass04/Motion/首领1场景_草丛04_摆动_0030.png",""
"Move","acce754b70351b54a9235d9044942746","Assets/Game/Sprites/ColorTiming/Scene/B1/a4/c/a4草动_31.png","Assets/Game/Sprites/ColorTiming/Scenes/Boss1/Grass04/Motion/首领1场景_草丛04_摆动_0031.png",""
"Move","ebf1df3bef2011b4a834bcb7ebb55a9a","Assets/Game/Sprites/ColorTiming/Scene/B1/a4/c/a4草动_32.png","Assets/Game/Sprites/ColorTiming/Scenes/Boss1/Grass04/Motion/首领1场景_草丛04_摆动_0032.png",""
"Move","6797b47db50727a4780f35507243f91d","Assets/Game/Sprites/ColorTiming/Scene/B1/a4/c/a4草动_33.png","Assets/Game/Sprites/ColorTiming/Scenes/Boss1/Grass04/Motion/首领1场景_草丛04_摆动_0033.png",""
"Move","ec00f6f7a7bb58a4581e491ebedb4139","Assets/Game/Sprites/ColorTiming/Scene/B1/a4/c/a4草动_34.png","Assets/Game/Sprites/ColorTiming/Scenes/Boss1/Grass04/Motion/首领1场景_草丛04_摆动_0034.png",""
"Move","0129ccf938eb5114f8abd56784fd78f9","Assets/Game/Sprites/ColorTiming/Scene/B1/a4/c/a4草动_35.png","Assets/Game/Sprites/ColorTiming/Scenes/Boss1/Grass04/Motion/首领1场景_草丛04_摆动_0035.png",""
"Move","fd14019d81f20414fb1cd1c3f9db0185","Assets/Game/Sprites/ColorTiming/Scene/B1/a4/c/a4草动_36.png","Assets/Game/Sprites/ColorTiming/Scenes/Boss1/Grass04/Motion/首领1场景_草丛04_摆动_0036.png",""
"Move","3e103721d08ddb941b5949d707073c9f","Assets/Game/Sprites/ColorTiming/Scene/B1/a4/c/a4草动_37.png","Assets/Game/Sprites/ColorTiming/Scenes/Boss1/Grass04/Motion/首领1场景_草丛04_摆动_0037.png",""
"Move","652301ba5bb5b9248b49b55c5409bc0c","Assets/Game/Sprites/ColorTiming/Scene/B1/a4/c/a4草动_38.png","Assets/Game/Sprites/ColorTiming/Scenes/Boss1/Grass04/Motion/首领1场景_草丛04_摆动_0038.png",""
"Move","40afdcb2874f3b7449f89dde69075efd","Assets/Game/Sprites/ColorTiming/Scene/B1/a4/c/a4草动_39.png","Assets/Game/Sprites/ColorTiming/Scenes/Boss1/Grass04/Motion/首领1场景_草丛04_摆动_0039.png",""
"Move","9a618a55c3ea749408c7d7c501bd04c8","Assets/Game/Sprites/ColorTiming/Scene/B1/a4/c/a4草动_40.png","Assets/Game/Sprites/ColorTiming/Scenes/Boss1/Grass04/Motion/首领1场景_草丛04_摆动_0040.png",""
"Move","9ca173c19e78fb640ba7b6a9f2231c9e","Assets/Game/Sprites/ColorTiming/Scene/B1/a4/c/a4草动_41.png","Assets/Game/Sprites/ColorTiming/Scenes/Boss1/Grass04/Motion/首领1场景_草丛04_摆动_0041.png",""
"Move","5836ece3d26522a48819f932532b4387","Assets/Game/Sprites/ColorTiming/Scene/B1/a4/c/a4草动_42.png","Assets/Game/Sprites/ColorTiming/Scenes/Boss1/Grass04/Motion/首领1场景_草丛04_摆动_0042.png",""
"Move","39149424c83dc5d43b7132f067472b30","Assets/Game/Sprites/ColorTiming/Scene/B1/a4/c/a4草动_43.png","Assets/Game/Sprites/ColorTiming/Scenes/Boss1/Grass04/Motion/首领1场景_草丛04_摆动_0043.png",""
"Move","b13b54cdf5a892f429c67e6e50623a59","Assets/Game/Sprites/ColorTiming/Scene/B1/a4/c/a4草动_44.png","Assets/Game/Sprites/ColorTiming/Scenes/Boss1/Grass04/Motion/首领1场景_草丛04_摆动_0044.png",""
"Move","48dc6b28b079d214eb15eb3f9baec4a9","Assets/Game/Sprites/ColorTiming/Scene/B1/a4/c/a4草动_45.png","Assets/Game/Sprites/ColorTiming/Scenes/Boss1/Grass04/Motion/首领1场景_草丛04_摆动_0045.png",""
"Move","eb2750a14d8372545be3bc4b73d17cdc","Assets/Game/Sprites/ColorTiming/Scene/B1/a4/c/a4草动_46.png","Assets/Game/Sprites/ColorTiming/Scenes/Boss1/Grass04/Motion/首领1场景_草丛04_摆动_0046.png",""
"Move","243e01999bbd9cf4b848401e0e6080cd","Assets/Game/Sprites/ColorTiming/Scene/B1/a4/c/a4草动_47.png","Assets/Game/Sprites/ColorTiming/Scenes/Boss1/Grass04/Motion/首领1场景_草丛04_摆动_0047.png",""
"Move","2bf5a1ad72c64da4e8a0c46175929027","Assets/Game/Sprites/ColorTiming/Scene/B1/a4/c/a4草动_48.png","Assets/Game/Sprites/ColorTiming/Scenes/Boss1/Grass04/Motion/首领1场景_草丛04_摆动_0048.png",""
"Move","2c20d23fb4806f242b7dc5a585b0e175","Assets/Game/Sprites/ColorTiming/Scene/B1/a4/c/a4草动_49.png","Assets/Game/Sprites/ColorTiming/Scenes/Boss1/Grass04/Motion/首领1场景_草丛04_摆动_0049.png",""
"Move","ccf020016699d054389bd1d31c443af2","Assets/Game/Sprites/ColorTiming/Scene/B1/a4/c/a4草动_50.png","Assets/Game/Sprites/ColorTiming/Scenes/Boss1/Grass04/Motion/首领1场景_草丛04_摆动_0050.png",""
"Move","d15deba51664fc94daee8131a6dc5f09","Assets/Game/Sprites/ColorTiming/Scene/B1/a4/c/a4草动_51.png","Assets/Game/Sprites/ColorTiming/Scenes/Boss1/Grass04/Motion/首领1场景_草丛04_摆动_0051.png",""
"Move","3cfbb065064443149817d22ac3634cd6","Assets/Game/Sprites/ColorTiming/Scene/B1/a4/c/a4草动_52.png","Assets/Game/Sprites/ColorTiming/Scenes/Boss1/Grass04/Motion/首领1场景_草丛04_摆动_0052.png",""
"Move","ab21dd8fe466c0846aec4a897b057e65","Assets/Game/Sprites/ColorTiming/Scene/B1/a4/c/a4草动_53.png","Assets/Game/Sprites/ColorTiming/Scenes/Boss1/Grass04/Motion/首领1场景_草丛04_摆动_0053.png",""
"Move","5ffe7cde8ec759144ac003a4a0eaf3aa","Assets/Game/Sprites/ColorTiming/Scene/B1/a4/c/a4草动_54.png","Assets/Game/Sprites/ColorTiming/Scenes/Boss1/Grass04/Motion/首领1场景_草丛04_摆动_0054.png",""
"Move","521e9cd54a3ff9042baf175905d6b088","Assets/Game/Sprites/ColorTiming/Scene/B1/a4/c/a4草动_55.png","Assets/Game/Sprites/ColorTiming/Scenes/Boss1/Grass04/Motion/首领1场景_草丛04_摆动_0055.png",""
"Move","ec6d7f73e1dbb7c47968df5a3cf63861","Assets/Game/Sprites/ColorTiming/Scene/B1/a4/c/a4草动_56.png","Assets/Game/Sprites/ColorTiming/Scenes/Boss1/Grass04/Motion/首领1场景_草丛04_摆动_0056.png",""
"Move","a95172cf31fc83f48ab6bfa0d646b998","Assets/Game/Sprites/ColorTiming/Scene/B1/a4/c/a4草动_57.png","Assets/Game/Sprites/ColorTiming/Scenes/Boss1/Grass04/Motion/首领1场景_草丛04_摆动_0057.png",""
"Move","aea89515d026f6c44b760c6e64c1c509","Assets/Game/Sprites/ColorTiming/Scene/B1/a4/c/a4草动_58.png","Assets/Game/Sprites/ColorTiming/Scenes/Boss1/Grass04/Motion/首领1场景_草丛04_摆动_0058.png",""
"Move","a669ca1402aab7642871d2e71b371fe4","Assets/Game/Sprites/ColorTiming/Scene/B1/a4/c/a4草动_59.png","Assets/Game/Sprites/ColorTiming/Scenes/Boss1/Grass04/Motion/首领1场景_草丛04_摆动_0059.png",""
"Move","8ec4263ecccf85e4aafc0e94141d530a","Assets/Game/Sprites/ColorTiming/Scene/B1/a4/c/a4草动_60.png","Assets/Game/Sprites/ColorTiming/Scenes/Boss1/Grass04/Motion/首领1场景_草丛04_摆动_0060.png",""
"Move","26fa8effe05bc074f8239048ad147d33","Assets/Game/Sprites/ColorTiming/Scene/B1/a4/c/a4草动_61.png","Assets/Game/Sprites/ColorTiming/Scenes/Boss1/Grass04/Motion/首领1场景_草丛04_摆动_0061.png",""
"Move","22e672c35e97f3b4982dd1e612f3734a","Assets/Game/Sprites/ColorTiming/Scene/B1/a4/c/a4草动_62.png","Assets/Game/Sprites/ColorTiming/Scenes/Boss1/Grass04/Motion/首领1场景_草丛04_摆动_0062.png",""
"Move","88b278f6d99e0e245b8d19d02f63767c","Assets/Game/Sprites/ColorTiming/Scene/B1/a4/c/a4草动_63.png","Assets/Game/Sprites/ColorTiming/Scenes/Boss1/Grass04/Motion/首领1场景_草丛04_摆动_0063.png",""
"Move","4623643dd2384824ca965caf96156d22","Assets/Game/Sprites/ColorTiming/Scene/B1/a4/c/a4草动_64.png","Assets/Game/Sprites/ColorTiming/Scenes/Boss1/Grass04/Motion/首领1场景_草丛04_摆动_0064.png",""
"Move","eb6daa77453abd4408a3b0098453fb9f","Assets/Game/Sprites/ColorTiming/Scene/B1/a4/c/a4草动_65.png","Assets/Game/Sprites/ColorTiming/Scenes/Boss1/Grass04/Motion/首领1场景_草丛04_摆动_0065.png",""
"Move","4f846710873b4004ea8feeff0598c89f","Assets/Game/Sprites/ColorTiming/Scene/B1/a4/c/a4草动_66.png","Assets/Game/Sprites/ColorTiming/Scenes/Boss1/Grass04/Motion/首领1场景_草丛04_摆动_0066.png",""
"Move","e35a437b4c35a17419d661ad208ccaf4","Assets/Game/Sprites/ColorTiming/Scene/B1/a4/c/a4草动_67.png","Assets/Game/Sprites/ColorTiming/Scenes/Boss1/Grass04/Motion/首领1场景_草丛04_摆动_0067.png",""
"Move","c1f8544293d9ce244b17921ebe18c2f1","Assets/Game/Sprites/ColorTiming/Scene/B1/a4/c/a4草动_68.png","Assets/Game/Sprites/ColorTiming/Scenes/Boss1/Grass04/Motion/首领1场景_草丛04_摆动_0068.png",""
"Move","eddebe1d124bb6d4bae2d8dec09bbb4c","Assets/Game/Sprites/ColorTiming/Scene/B1/a4/c/a4草动_69.png","Assets/Game/Sprites/ColorTiming/Scenes/Boss1/Grass04/Motion/首领1场景_草丛04_摆动_0069.png",""
"Move","53bed5ed30840594ba56a0ca9905850b","Assets/Game/Sprites/ColorTiming/Scene/B1/a4/c/a4草动_70.png","Assets/Game/Sprites/ColorTiming/Scenes/Boss1/Grass04/Motion/首领1场景_草丛04_摆动_0070.png",""
"Move","6584b13d3c7e016459c9a42febe83da9","Assets/Game/Sprites/ColorTiming/Scene/B1/a4/c/a4草动_71.png","Assets/Game/Sprites/ColorTiming/Scenes/Boss1/Grass04/Motion/首领1场景_草丛04_摆动_0071.png",""
"Move","4534c7dce2b48fc4390f76c456156c02","Assets/Game/Sprites/ColorTiming/Scene/B1/a4/c/a4草动_72.png","Assets/Game/Sprites/ColorTiming/Scenes/Boss1/Grass04/Motion/首领1场景_草丛04_摆动_0072.png",""
"Move","f912a92a6ba9fa04483c4ae9e29bd3d5","Assets/Game/Sprites/ColorTiming/Scene/B1/a4/c/a4草动_73.png","Assets/Game/Sprites/ColorTiming/Scenes/Boss1/Grass04/Motion/首领1场景_草丛04_摆动_0073.png",""
"Move","253491407d7815a409407f60cbde55e0","Assets/Game/Sprites/ColorTiming/Scene/B1/a4/c/a4草动_74.png","Assets/Game/Sprites/ColorTiming/Scenes/Boss1/Grass04/Motion/首领1场景_草丛04_摆动_0074.png",""
"Move","a2677c27406c4db4c920e9b6c19446b1","Assets/Game/Sprites/ColorTiming/Scene/B1/a4/dj/skeleton-animation_000.png","Assets/Game/Sprites/ColorTiming/Scenes/Boss1/Grass04/Idle/首领1场景_草丛04_待机_0000.png",""
"Move","d503c7d3f3d33ea408b6c0a01ac12393","Assets/Game/Sprites/ColorTiming/Scene/B1/a4/dj/skeleton-animation_001.png","Assets/Game/Sprites/ColorTiming/Scenes/Boss1/Grass04/Idle/首领1场景_草丛04_待机_0001.png",""
"Move","2abc9a38c296ecc468495a28450f3a32","Assets/Game/Sprites/ColorTiming/Scene/B1/a4/dj/skeleton-animation_002.png","Assets/Game/Sprites/ColorTiming/Scenes/Boss1/Grass04/Idle/首领1场景_草丛04_待机_0002.png",""
"Move","347a9bac313c2a2439db629c946abd78","Assets/Game/Sprites/ColorTiming/Scene/B1/a4/dj/skeleton-animation_003.png","Assets/Game/Sprites/ColorTiming/Scenes/Boss1/Grass04/Idle/首领1场景_草丛04_待机_0003.png",""
"Move","a5e1249125a52de4b80312445bde0171","Assets/Game/Sprites/ColorTiming/Scene/B1/a4/dj/skeleton-animation_004.png","Assets/Game/Sprites/ColorTiming/Scenes/Boss1/Grass04/Idle/首领1场景_草丛04_待机_0004.png",""
"Move","1408c96b832ba334685a828433ba5961","Assets/Game/Sprites/ColorTiming/Scene/B1/a4/dj/skeleton-animation_005.png","Assets/Game/Sprites/ColorTiming/Scenes/Boss1/Grass04/Idle/首领1场景_草丛04_待机_0005.png",""
"Move","4e27954e5af65554d97607948edc59de","Assets/Game/Sprites/ColorTiming/Scene/B1/a4/dj/skeleton-animation_006.png","Assets/Game/Sprites/ColorTiming/Scenes/Boss1/Grass04/Idle/首领1场景_草丛04_待机_0006.png",""
"Move","0555d0dd96126e943ab0a572ac582945","Assets/Game/Sprites/ColorTiming/Scene/B1/a4/dj/skeleton-animation_007.png","Assets/Game/Sprites/ColorTiming/Scenes/Boss1/Grass04/Idle/首领1场景_草丛04_待机_0007.png",""
"Move","5358a425ddae7184ea07f012c4f31e26","Assets/Game/Sprites/ColorTiming/Scene/B1/a4/dj/skeleton-animation_008.png","Assets/Game/Sprites/ColorTiming/Scenes/Boss1/Grass04/Idle/首领1场景_草丛04_待机_0008.png",""
"Move","c7351d1198c68f9498a99d0bede82e3a","Assets/Game/Sprites/ColorTiming/Scene/B1/a4/dj/skeleton-animation_009.png","Assets/Game/Sprites/ColorTiming/Scenes/Boss1/Grass04/Idle/首领1场景_草丛04_待机_0009.png",""
"Move","3935e16db657552429e3f9768303808d","Assets/Game/Sprites/ColorTiming/Scene/B1/a4/dj/skeleton-animation_010.png","Assets/Game/Sprites/ColorTiming/Scenes/Boss1/Grass04/Idle/首领1场景_草丛04_待机_0010.png",""
"Move","ced2ac106b3fea145a73174aa0eb8872","Assets/Game/Sprites/ColorTiming/Scene/B1/a4/dj/skeleton-animation_011.png","Assets/Game/Sprites/ColorTiming/Scenes/Boss1/Grass04/Idle/首领1场景_草丛04_待机_0011.png",""
"Move","c85b08537a81edd489ade0ca9b131450","Assets/Game/Sprites/ColorTiming/Scene/B1/a4/dj/skeleton-animation_012.png","Assets/Game/Sprites/ColorTiming/Scenes/Boss1/Grass04/Idle/首领1场景_草丛04_待机_0012.png",""
"Move","6f58ea6d634cf6a4ab80782e7061391d","Assets/Game/Sprites/ColorTiming/Scene/B1/a4/dj/skeleton-animation_013.png","Assets/Game/Sprites/ColorTiming/Scenes/Boss1/Grass04/Idle/首领1场景_草丛04_待机_0013.png",""
"Move","5dcbd12706bd15b41bb8a2eee3a5ce61","Assets/Game/Sprites/ColorTiming/Scene/B1/a4/dj/skeleton-animation_014.png","Assets/Game/Sprites/ColorTiming/Scenes/Boss1/Grass04/Idle/首领1场景_草丛04_待机_0014.png",""
"Move","3222414f80f30f44e8e307fa45e87c39","Assets/Game/Sprites/ColorTiming/Scene/B1/a4/dj/skeleton-animation_015.png","Assets/Game/Sprites/ColorTiming/Scenes/Boss1/Grass04/Idle/首领1场景_草丛04_待机_0015.png",""
"Move","9ed52c3ed34e48c439608f3c19be7be9","Assets/Game/Sprites/ColorTiming/Scene/B1/a4/dj/skeleton-animation_016.png","Assets/Game/Sprites/ColorTiming/Scenes/Boss1/Grass04/Idle/首领1场景_草丛04_待机_0016.png",""
"Move","12fbe11aff8719149bc4f0e4d736068f","Assets/Game/Sprites/ColorTiming/Scene/B1/a4/dj/skeleton-animation_017.png","Assets/Game/Sprites/ColorTiming/Scenes/Boss1/Grass04/Idle/首领1场景_草丛04_待机_0017.png",""
"Move","d18a8ede4892d384b961d8a1e33d8168","Assets/Game/Sprites/ColorTiming/Scene/B1/a4/dj/skeleton-animation_018.png","Assets/Game/Sprites/ColorTiming/Scenes/Boss1/Grass04/Idle/首领1场景_草丛04_待机_0018.png",""
"Move","b27071f8ca85eed49ae5d78ee766bf1b","Assets/Game/Sprites/ColorTiming/Scene/B1/a4/dj/skeleton-animation_019.png","Assets/Game/Sprites/ColorTiming/Scenes/Boss1/Grass04/Idle/首领1场景_草丛04_待机_0019.png",""
"Move","4298c2786fd8a8a4593520c5f91ecec4","Assets/Game/Sprites/ColorTiming/Scene/B1/a4/dj/skeleton-animation_020.png","Assets/Game/Sprites/ColorTiming/Scenes/Boss1/Grass04/Idle/首领1场景_草丛04_待机_0020.png",""
"Move","30dbe3602840fb8459476b43ea4c7d74","Assets/Game/Sprites/ColorTiming/Scene/B1/a4/dj/skeleton-animation_021.png","Assets/Game/Sprites/ColorTiming/Scenes/Boss1/Grass04/Idle/首领1场景_草丛04_待机_0021.png",""
"Move","9508df5aea3b29f4d8b0c290e60ba0d7","Assets/Game/Sprites/ColorTiming/Scene/B1/a4/dj/skeleton-animation_022.png","Assets/Game/Sprites/ColorTiming/Scenes/Boss1/Grass04/Idle/首领1场景_草丛04_待机_0022.png",""
"Move","9c651dc601e85fe49916ac7e3b5ab2f3","Assets/Game/Sprites/ColorTiming/Scene/B1/a4/dj/skeleton-animation_023.png","Assets/Game/Sprites/ColorTiming/Scenes/Boss1/Grass04/Idle/首领1场景_草丛04_待机_0023.png",""
"Move","0fd69f0300b18b54d8855dd006ec04ca","Assets/Game/Sprites/ColorTiming/Scene/B1/a4/dj/skeleton-animation_024.png","Assets/Game/Sprites/ColorTiming/Scenes/Boss1/Grass04/Idle/首领1场景_草丛04_待机_0024.png",""
"Move","2459d1aa6f0b13d4a9b8f51771711408","Assets/Game/Sprites/ColorTiming/Scene/B1/a4/dj/skeleton-animation_025.png","Assets/Game/Sprites/ColorTiming/Scenes/Boss1/Grass04/Idle/首领1场景_草丛04_待机_0025.png",""
"Move","ea1957609aa493a429ae906520b50788","Assets/Game/Sprites/ColorTiming/Scene/B1/a4/dj/skeleton-animation_026.png","Assets/Game/Sprites/ColorTiming/Scenes/Boss1/Grass04/Idle/首领1场景_草丛04_待机_0026.png",""
"Move","53eca9245ec19944a99b4c3da3aaef7e","Assets/Game/Sprites/ColorTiming/Scene/B1/a4/dj/skeleton-animation_027.png","Assets/Game/Sprites/ColorTiming/Scenes/Boss1/Grass04/Idle/首领1场景_草丛04_待机_0027.png",""
"Move","4e342b62f929ced4faef1bf32e2c7651","Assets/Game/Sprites/ColorTiming/Scene/B1/a4/dj/skeleton-animation_028.png","Assets/Game/Sprites/ColorTiming/Scenes/Boss1/Grass04/Idle/首领1场景_草丛04_待机_0028.png",""
"Move","45042fe6c301ce94e8abceb2fd311b9e","Assets/Game/Sprites/ColorTiming/Scene/B1/a4/dj/skeleton-animation_029.png","Assets/Game/Sprites/ColorTiming/Scenes/Boss1/Grass04/Idle/首领1场景_草丛04_待机_0029.png",""
"Move","8ab94c14b3b796f42aaa11482d2c26f1","Assets/Game/Sprites/ColorTiming/Scene/B1/a4/dj/skeleton-animation_030.png","Assets/Game/Sprites/ColorTiming/Scenes/Boss1/Grass04/Idle/首领1场景_草丛04_待机_0030.png",""
"Move","b226c5194a99122418a0904f5bf73fc3","Assets/Game/Sprites/ColorTiming/Scene/B1/a4/dj/skeleton-animation_031.png","Assets/Game/Sprites/ColorTiming/Scenes/Boss1/Grass04/Idle/首领1场景_草丛04_待机_0031.png",""
"Move","06e7c8bba29a4ef48844925c4977ba5f","Assets/Game/Sprites/ColorTiming/Scene/B1/a4/dj/skeleton-animation_032.png","Assets/Game/Sprites/ColorTiming/Scenes/Boss1/Grass04/Idle/首领1场景_草丛04_待机_0032.png",""
"Move","792d7cff7d2ee7643a3ec472d4d824c2","Assets/Game/Sprites/ColorTiming/Scene/B1/a4/dj/skeleton-animation_033.png","Assets/Game/Sprites/ColorTiming/Scenes/Boss1/Grass04/Idle/首领1场景_草丛04_待机_0033.png",""
"Move","2595bcc6bbd7c8d4eb432764594e8bd1","Assets/Game/Sprites/ColorTiming/Scene/B1/a4/dj/skeleton-animation_034.png","Assets/Game/Sprites/ColorTiming/Scenes/Boss1/Grass04/Idle/首领1场景_草丛04_待机_0034.png",""
"Move","09db8a3b07ccd2a488399d493edcaded","Assets/Game/Sprites/ColorTiming/Scene/B1/a4/dj/skeleton-animation_035.png","Assets/Game/Sprites/ColorTiming/Scenes/Boss1/Grass04/Idle/首领1场景_草丛04_待机_0035.png",""
"Move","79c4555151378de469f0ff757f2d44ee","Assets/Game/Sprites/ColorTiming/Scene/B1/a4/dj/skeleton-animation_036.png","Assets/Game/Sprites/ColorTiming/Scenes/Boss1/Grass04/Idle/首领1场景_草丛04_待机_0036.png",""
"Move","bac28617d5ddc95409ec9b267ad8ff41","Assets/Game/Sprites/ColorTiming/Scene/B1/a4/dj/skeleton-animation_037.png","Assets/Game/Sprites/ColorTiming/Scenes/Boss1/Grass04/Idle/首领1场景_草丛04_待机_0037.png",""
"Move","f2de1dbc7f0975842967ee9a99ac7183","Assets/Game/Sprites/ColorTiming/Scene/B1/a4/dj/skeleton-animation_038.png","Assets/Game/Sprites/ColorTiming/Scenes/Boss1/Grass04/Idle/首领1场景_草丛04_待机_0038.png",""
"Move","f9521430346dc56459bf2c77b89aa736","Assets/Game/Sprites/ColorTiming/Scene/B1/a4/dj/skeleton-animation_039.png","Assets/Game/Sprites/ColorTiming/Scenes/Boss1/Grass04/Idle/首领1场景_草丛04_待机_0039.png",""
"Move","a37f6c45bd9bcca449731d5827971f49","Assets/Game/Sprites/ColorTiming/Scene/B1/a4/dj/skeleton-animation_040.png","Assets/Game/Sprites/ColorTiming/Scenes/Boss1/Grass04/Idle/首领1场景_草丛04_待机_0040.png",""
"Move","a04429b9e86f5aa4c89d51b7ae45426c","Assets/Game/Sprites/ColorTiming/Scene/B1/a4/dj/skeleton-animation_041.png","Assets/Game/Sprites/ColorTiming/Scenes/Boss1/Grass04/Idle/首领1场景_草丛04_待机_0041.png",""
"Move","00e46ffe52e71f74483eeb2d5ce09d4a","Assets/Game/Sprites/ColorTiming/Scene/B1/a4/dj/skeleton-animation_042.png","Assets/Game/Sprites/ColorTiming/Scenes/Boss1/Grass04/Idle/首领1场景_草丛04_待机_0042.png",""
"Move","7b4a9f9044aeda54cbb548d8325f7c2a","Assets/Game/Sprites/ColorTiming/Scene/B1/a4/dj/skeleton-animation_043.png","Assets/Game/Sprites/ColorTiming/Scenes/Boss1/Grass04/Idle/首领1场景_草丛04_待机_0043.png",""
"Move","bd60532ac6385e34baf57b836b5fd7af","Assets/Game/Sprites/ColorTiming/Scene/B1/a4/dj/skeleton-animation_044.png","Assets/Game/Sprites/ColorTiming/Scenes/Boss1/Grass04/Idle/首领1场景_草丛04_待机_0044.png",""
"Move","aac8b91e3ab41d4489d5b84b3ad06b71","Assets/Game/Sprites/ColorTiming/Scene/B1/a4/dj/skeleton-animation_045.png","Assets/Game/Sprites/ColorTiming/Scenes/Boss1/Grass04/Idle/首领1场景_草丛04_待机_0045.png",""
"Move","0b226dbd068f66a42ad3da022603a8f8","Assets/Game/Sprites/ColorTiming/Scene/B1/a4/dj/skeleton-animation_046.png","Assets/Game/Sprites/ColorTiming/Scenes/Boss1/Grass04/Idle/首领1场景_草丛04_待机_0046.png",""
"Move","6367f2b4a8911fd4b9bf4e88750444fa","Assets/Game/Sprites/ColorTiming/Scene/B1/a4/dj/skeleton-animation_047.png","Assets/Game/Sprites/ColorTiming/Scenes/Boss1/Grass04/Idle/首领1场景_草丛04_待机_0047.png",""
"Move","217683f4b781e5742ab959f0a8736327","Assets/Game/Sprites/ColorTiming/Scene/B1/a4/dj/skeleton-animation_048.png","Assets/Game/Sprites/ColorTiming/Scenes/Boss1/Grass04/Idle/首领1场景_草丛04_待机_0048.png",""
"Move","e738d52e1520623488ec643a9d86b00a","Assets/Game/Sprites/ColorTiming/Scene/B1/a4/dj/skeleton-animation_049.png","Assets/Game/Sprites/ColorTiming/Scenes/Boss1/Grass04/Idle/首领1场景_草丛04_待机_0049.png",""
"Move","7a2284ce0b1fa6f4886796bd0863a4b8","Assets/Game/Sprites/ColorTiming/Scene/B1/a4/dj/skeleton-animation_050.png","Assets/Game/Sprites/ColorTiming/Scenes/Boss1/Grass04/Idle/首领1场景_草丛04_待机_0050.png",""
"Move","8d9cb6d1c361da9438d07a4be651e14e","Assets/Game/Sprites/ColorTiming/Scene/B1/a4/dj/skeleton-animation_051.png","Assets/Game/Sprites/ColorTiming/Scenes/Boss1/Grass04/Idle/首领1场景_草丛04_待机_0051.png",""
"Move","760264952452e4a4a8c9e49386a86e2a","Assets/Game/Sprites/ColorTiming/Scene/B1/a4/dj/skeleton-animation_052.png","Assets/Game/Sprites/ColorTiming/Scenes/Boss1/Grass04/Idle/首领1场景_草丛04_待机_0052.png",""
"Move","7d614fb7004c966488f04a4cc9f0ccf7","Assets/Game/Sprites/ColorTiming/Scene/B1/a4/dj/skeleton-animation_053.png","Assets/Game/Sprites/ColorTiming/Scenes/Boss1/Grass04/Idle/首领1场景_草丛04_待机_0053.png",""
"Move","8c65faa905f0276448f78e68e676f136","Assets/Game/Sprites/ColorTiming/Scene/B1/a4/dj/skeleton-animation_054.png","Assets/Game/Sprites/ColorTiming/Scenes/Boss1/Grass04/Idle/首领1场景_草丛04_待机_0054.png",""
"Move","59194eab24131f446a8a0ccd421ae7fa","Assets/Game/Sprites/ColorTiming/Scene/B1/a4/dj/skeleton-animation_055.png","Assets/Game/Sprites/ColorTiming/Scenes/Boss1/Grass04/Idle/首领1场景_草丛04_待机_0055.png",""
"Move","df07afd8e79e15e46b2a031551265984","Assets/Game/Sprites/ColorTiming/Scene/B1/a4/dj/skeleton-animation_056.png","Assets/Game/Sprites/ColorTiming/Scenes/Boss1/Grass04/Idle/首领1场景_草丛04_待机_0056.png",""
"Move","e70872d7a0af1904585efa29030c3bef","Assets/Game/Sprites/ColorTiming/Scene/B1/a4/dj/skeleton-animation_057.png","Assets/Game/Sprites/ColorTiming/Scenes/Boss1/Grass04/Idle/首领1场景_草丛04_待机_0057.png",""
"Move","03d76adcd07dbb446aa748e545a4ea26","Assets/Game/Sprites/ColorTiming/Scene/B1/a4/dj/skeleton-animation_058.png","Assets/Game/Sprites/ColorTiming/Scenes/Boss1/Grass04/Idle/首领1场景_草丛04_待机_0058.png",""
"Move","505ae5afa964bfc458cd55b67c6dc30a","Assets/Game/Sprites/ColorTiming/Scene/B1/a4/dj/skeleton-animation_059.png","Assets/Game/Sprites/ColorTiming/Scenes/Boss1/Grass04/Idle/首领1场景_草丛04_待机_0059.png",""
"Move","c651003b9a96bc143b5c0aa1eaa43656","Assets/Game/Sprites/ColorTiming/Scene/B1/a4/dj/skeleton-animation_060.png","Assets/Game/Sprites/ColorTiming/Scenes/Boss1/Grass04/Idle/首领1场景_草丛04_待机_0060.png",""
"Move","7dae853b938668b4dac9ae373d989246","Assets/Game/Sprites/ColorTiming/Scene/B1/a4/dj/skeleton-animation_061.png","Assets/Game/Sprites/ColorTiming/Scenes/Boss1/Grass04/Idle/首领1场景_草丛04_待机_0061.png",""
"Move","235f2dbd4f7fb0a47a155d32c5a8ace1","Assets/Game/Sprites/ColorTiming/Scene/B1/a4/dj/skeleton-animation_062.png","Assets/Game/Sprites/ColorTiming/Scenes/Boss1/Grass04/Idle/首领1场景_草丛04_待机_0062.png",""
"Move","01595709fe876584cba15a6f9430b1e9","Assets/Game/Sprites/ColorTiming/Scene/B1/a4/dj/skeleton-animation_063.png","Assets/Game/Sprites/ColorTiming/Scenes/Boss1/Grass04/Idle/首领1场景_草丛04_待机_0063.png",""
"Move","fbcd31d360905584ba729ed2a435f8b6","Assets/Game/Sprites/ColorTiming/Scene/B1/a4/dj/skeleton-animation_064.png","Assets/Game/Sprites/ColorTiming/Scenes/Boss1/Grass04/Idle/首领1场景_草丛04_待机_0064.png",""
"Move","7a7d3e7192526ef4cb110d56c0bafb0b","Assets/Game/Sprites/ColorTiming/Scene/B1/a4/dj/skeleton-animation_065.png","Assets/Game/Sprites/ColorTiming/Scenes/Boss1/Grass04/Idle/首领1场景_草丛04_待机_0065.png",""
"Move","a94406ae56af7234f83ad9823cfee8f4","Assets/Game/Sprites/ColorTiming/Scene/B1/a4/dj/skeleton-animation_066.png","Assets/Game/Sprites/ColorTiming/Scenes/Boss1/Grass04/Idle/首领1场景_草丛04_待机_0066.png",""
"Move","1b56401d2192ad14586bf832f367b739","Assets/Game/Sprites/ColorTiming/Scene/B1/a4/dj/skeleton-animation_067.png","Assets/Game/Sprites/ColorTiming/Scenes/Boss1/Grass04/Idle/首领1场景_草丛04_待机_0067.png",""
"Move","64807dd6bc367004c98c74f4ed2544c0","Assets/Game/Sprites/ColorTiming/Scene/B1/a4/dj/skeleton-animation_068.png","Assets/Game/Sprites/ColorTiming/Scenes/Boss1/Grass04/Idle/首领1场景_草丛04_待机_0068.png",""
"Move","f29a5a0c80a863a48aa24c7f263a0c21","Assets/Game/Sprites/ColorTiming/Scene/B1/a4/dj/skeleton-animation_069.png","Assets/Game/Sprites/ColorTiming/Scenes/Boss1/Grass04/Idle/首领1场景_草丛04_待机_0069.png",""
"Move","9aacea1555b8dab42baa89efc1bf6e16","Assets/Game/Sprites/ColorTiming/Scene/B1/a4/dj/skeleton-animation_070.png","Assets/Game/Sprites/ColorTiming/Scenes/Boss1/Grass04/Idle/首领1场景_草丛04_待机_0070.png",""
"Move","58571a624fc70ee45b61ae1fb0b4cce5","Assets/Game/Sprites/ColorTiming/Scene/B1/a4/dj/skeleton-animation_071.png","Assets/Game/Sprites/ColorTiming/Scenes/Boss1/Grass04/Idle/首领1场景_草丛04_待机_0071.png",""
"Move","199f2c85d21be8c4bb311dc474b71931","Assets/Game/Sprites/ColorTiming/Scene/B1/a4/dj/skeleton-animation_072.png","Assets/Game/Sprites/ColorTiming/Scenes/Boss1/Grass04/Idle/首领1场景_草丛04_待机_0072.png",""
"Move","bd054be102957ba4883d8b6a8c3553f3","Assets/Game/Sprites/ColorTiming/Scene/B1/a4/dj/skeleton-animation_073.png","Assets/Game/Sprites/ColorTiming/Scenes/Boss1/Grass04/Idle/首领1场景_草丛04_待机_0073.png",""
"Move","2b5610ce7a4ddcb47b8ca02aa418fe8a","Assets/Game/Sprites/ColorTiming/Scene/B1/a4/dj/skeleton-animation_074.png","Assets/Game/Sprites/ColorTiming/Scenes/Boss1/Grass04/Idle/首领1场景_草丛04_待机_0074.png",""
"Move","41821bb725190c543a068b8533cd4eb8","Assets/Game/Sprites/ColorTiming/Scene/B1/a4/dj/skeleton-animation_075.png","Assets/Game/Sprites/ColorTiming/Scenes/Boss1/Grass04/Idle/首领1场景_草丛04_待机_0075.png",""
"Move","223fc913f9d10a24cbdc97fe3f930f3d","Assets/Game/Sprites/ColorTiming/Scene/B1/a4/dj/skeleton-animation_076.png","Assets/Game/Sprites/ColorTiming/Scenes/Boss1/Grass04/Idle/首领1场景_草丛04_待机_0076.png",""
"Move","6f1e64007f5f707419f7d7409718950f","Assets/Game/Sprites/ColorTiming/Scene/B1/a4/dj/skeleton-animation_077.png","Assets/Game/Sprites/ColorTiming/Scenes/Boss1/Grass04/Idle/首领1场景_草丛04_待机_0077.png",""
"Move","440e5919dff9a2e4297e7c0015bca499","Assets/Game/Sprites/ColorTiming/Scene/B1/a4/dj/skeleton-animation_078.png","Assets/Game/Sprites/ColorTiming/Scenes/Boss1/Grass04/Idle/首领1场景_草丛04_待机_0078.png",""
"Move","272cfe3398d470c42ab2b92d1bd4cb0b","Assets/Game/Sprites/ColorTiming/Scene/B1/a4/dj/skeleton-animation_079.png","Assets/Game/Sprites/ColorTiming/Scenes/Boss1/Grass04/Idle/首领1场景_草丛04_待机_0079.png",""
"Move","fa2ecfab533171c418cc1293efbaacdb","Assets/Game/Sprites/ColorTiming/Scene/B1/a4/dj/skeleton-animation_080.png","Assets/Game/Sprites/ColorTiming/Scenes/Boss1/Grass04/Idle/首领1场景_草丛04_待机_0080.png",""
"Move","e1becd2898b46f541883405e9676ad86","Assets/Game/Sprites/ColorTiming/Scene/B1/a4/dj/skeleton-animation_081.png","Assets/Game/Sprites/ColorTiming/Scenes/Boss1/Grass04/Idle/首领1场景_草丛04_待机_0081.png",""
"Move","077f80db690ada340bd6f9f3c983723a","Assets/Game/Sprites/ColorTiming/Scene/B1/a4/dj/skeleton-animation_082.png","Assets/Game/Sprites/ColorTiming/Scenes/Boss1/Grass04/Idle/首领1场景_草丛04_待机_0082.png",""
"Move","76dc9207cf24f3a4ea4975fed54d33f1","Assets/Game/Sprites/ColorTiming/Scene/B1/a4/dj/skeleton-animation_083.png","Assets/Game/Sprites/ColorTiming/Scenes/Boss1/Grass04/Idle/首领1场景_草丛04_待机_0083.png",""
"Move","eb564d0bfeb64814b8eaeeedd6091f9e","Assets/Game/Sprites/ColorTiming/Scene/B1/a4/dj/skeleton-animation_084.png","Assets/Game/Sprites/ColorTiming/Scenes/Boss1/Grass04/Idle/首领1场景_草丛04_待机_0084.png",""
"Move","e6da1d00c3208ee47bd1b04ee3a96110","Assets/Game/Sprites/ColorTiming/Scene/B1/a4/dj/skeleton-animation_085.png","Assets/Game/Sprites/ColorTiming/Scenes/Boss1/Grass04/Idle/首领1场景_草丛04_待机_0085.png",""
"Move","bf7d4cb1fd28fcd4699627afb1dfdda1","Assets/Game/Sprites/ColorTiming/Scene/B1/a4/dj/skeleton-animation_086.png","Assets/Game/Sprites/ColorTiming/Scenes/Boss1/Grass04/Idle/首领1场景_草丛04_待机_0086.png",""
"Move","a8936b9800283c5419f29f4b08721b32","Assets/Game/Sprites/ColorTiming/Scene/B1/a4/dj/skeleton-animation_087.png","Assets/Game/Sprites/ColorTiming/Scenes/Boss1/Grass04/Idle/首领1场景_草丛04_待机_0087.png",""
"Move","1aa907e43e00d594cabf71a2ce274a62","Assets/Game/Sprites/ColorTiming/Scene/B1/a4/dj/skeleton-animation_088.png","Assets/Game/Sprites/ColorTiming/Scenes/Boss1/Grass04/Idle/首领1场景_草丛04_待机_0088.png",""
"Move","4f0294b3a5fcbaa4ba3305dd57251b90","Assets/Game/Sprites/ColorTiming/Scene/B1/a4/dj/skeleton-animation_089.png","Assets/Game/Sprites/ColorTiming/Scenes/Boss1/Grass04/Idle/首领1场景_草丛04_待机_0089.png",""
"Move","32ecbff03a2c7fd41828b4381d386f17","Assets/Game/Sprites/ColorTiming/Scene/B1/a4/dj/skeleton-animation_090.png","Assets/Game/Sprites/ColorTiming/Scenes/Boss1/Grass04/Idle/首领1场景_草丛04_待机_0090.png",""
"Move","624ef95ed5829bc4faeb1d06ecc8bf3d","Assets/Game/Sprites/ColorTiming/Scene/B1/a4/dj/skeleton-animation_091.png","Assets/Game/Sprites/ColorTiming/Scenes/Boss1/Grass04/Idle/首领1场景_草丛04_待机_0091.png",""
"Move","156bd862815a5a1489becf9418969357","Assets/Game/Sprites/ColorTiming/Scene/B1/a4/dj/skeleton-animation_092.png","Assets/Game/Sprites/ColorTiming/Scenes/Boss1/Grass04/Idle/首领1场景_草丛04_待机_0092.png",""
"Move","77175d499d40777428c741a9ad821494","Assets/Game/Sprites/ColorTiming/Scene/B1/a4/dj/skeleton-animation_093.png","Assets/Game/Sprites/ColorTiming/Scenes/Boss1/Grass04/Idle/首领1场景_草丛04_待机_0093.png",""
"Move","e590eb9fa805e0b4c970ebfb61e0f089","Assets/Game/Sprites/ColorTiming/Scene/B1/a4/dj/skeleton-animation_094.png","Assets/Game/Sprites/ColorTiming/Scenes/Boss1/Grass04/Idle/首领1场景_草丛04_待机_0094.png",""
"Move","3e093d8a082851540aadd7de019f5770","Assets/Game/Sprites/ColorTiming/Scene/B1/a4/dj/skeleton-animation_095.png","Assets/Game/Sprites/ColorTiming/Scenes/Boss1/Grass04/Idle/首领1场景_草丛04_待机_0095.png",""
"Move","95c7621a62e01a24385031b132e791f1","Assets/Game/Sprites/ColorTiming/Scene/B1/a4/dj/skeleton-animation_096.png","Assets/Game/Sprites/ColorTiming/Scenes/Boss1/Grass04/Idle/首领1场景_草丛04_待机_0096.png",""
"Move","7ca79f9109835464d90e8534d95682e1","Assets/Game/Sprites/ColorTiming/Scene/B1/a4/dj/skeleton-animation_097.png","Assets/Game/Sprites/ColorTiming/Scenes/Boss1/Grass04/Idle/首领1场景_草丛04_待机_0097.png",""
"Move","ce64af5b1a5e48447b00ceab00188dfe","Assets/Game/Sprites/ColorTiming/Scene/B1/a4/dj/skeleton-animation_098.png","Assets/Game/Sprites/ColorTiming/Scenes/Boss1/Grass04/Idle/首领1场景_草丛04_待机_0098.png",""
"Move","b7bc892840eadb04eac2293d9e036577","Assets/Game/Sprites/ColorTiming/Scene/B1/a4/dj/skeleton-animation_099.png","Assets/Game/Sprites/ColorTiming/Scenes/Boss1/Grass04/Idle/首领1场景_草丛04_待机_0099.png",""
"Move","68588e701b08d8646832fea6454c67fc","Assets/Game/Sprites/ColorTiming/Scene/B1/a4/dj/skeleton-animation_100.png","Assets/Game/Sprites/ColorTiming/Scenes/Boss1/Grass04/Idle/首领1场景_草丛04_待机_0100.png",""
"Move","5c9fe3c31be50a2479282ef8757beacd","Assets/Game/Sprites/ColorTiming/Scene/B1/a4/dj/skeleton-animation_101.png","Assets/Game/Sprites/ColorTiming/Scenes/Boss1/Grass04/Idle/首领1场景_草丛04_待机_0101.png",""
"Move","58daa35e1ba7b744d953dcfb454dae08","Assets/Game/Sprites/ColorTiming/Scene/B1/a4/dj/skeleton-animation_102.png","Assets/Game/Sprites/ColorTiming/Scenes/Boss1/Grass04/Idle/首领1场景_草丛04_待机_0102.png",""
"Move","bf000bd05f963cd4eb7daff54a6c8c0b","Assets/Game/Sprites/ColorTiming/Scene/B1/a4/dj/skeleton-animation_103.png","Assets/Game/Sprites/ColorTiming/Scenes/Boss1/Grass04/Idle/首领1场景_草丛04_待机_0103.png",""
"Move","9a1db251a1726444d881c44c4afd43c6","Assets/Game/Sprites/ColorTiming/Scene/B1/a4/dj/skeleton-animation_104.png","Assets/Game/Sprites/ColorTiming/Scenes/Boss1/Grass04/Idle/首领1场景_草丛04_待机_0104.png",""
"Move","e93e1ec5077163843a6aa3234610a043","Assets/Game/Sprites/ColorTiming/Scene/B1/a4/dj/skeleton-animation_105.png","Assets/Game/Sprites/ColorTiming/Scenes/Boss1/Grass04/Idle/首领1场景_草丛04_待机_0105.png",""
"Move","69e84e06df218554390a93afcab63409","Assets/Game/Sprites/ColorTiming/Scene/B1/a4/dj/skeleton-animation_106.png","Assets/Game/Sprites/ColorTiming/Scenes/Boss1/Grass04/Idle/首领1场景_草丛04_待机_0106.png",""
"Move","d9c896b4cef006c44b68a5a780c068b4","Assets/Game/Sprites/ColorTiming/Scene/B1/a4/dj/skeleton-animation_107.png","Assets/Game/Sprites/ColorTiming/Scenes/Boss1/Grass04/Idle/首领1场景_草丛04_待机_0107.png",""
"Move","84a3be852a710e54f87b02df5c0f4241","Assets/Game/Sprites/ColorTiming/Scene/B1/a4/dj/skeleton-animation_108.png","Assets/Game/Sprites/ColorTiming/Scenes/Boss1/Grass04/Idle/首领1场景_草丛04_待机_0108.png",""
"Move","654784be3ad3ae34c82793f95b62ab37","Assets/Game/Sprites/ColorTiming/Scene/B1/a4/dj/skeleton-animation_109.png","Assets/Game/Sprites/ColorTiming/Scenes/Boss1/Grass04/Idle/首领1场景_草丛04_待机_0109.png",""
"Move","0dd1b633f35fd61439a85f1268473381","Assets/Game/Sprites/ColorTiming/Scene/B1/a4/dj/skeleton-animation_110.png","Assets/Game/Sprites/ColorTiming/Scenes/Boss1/Grass04/Idle/首领1场景_草丛04_待机_0110.png",""
"Move","9d4a6954c55af0f4890c5578d081d2d2","Assets/Game/Sprites/ColorTiming/Scene/B1/a4/dj/skeleton-animation_111.png","Assets/Game/Sprites/ColorTiming/Scenes/Boss1/Grass04/Idle/首领1场景_草丛04_待机_0111.png",""
"Move","2172e4c68b8fada4ca47ad675bc88016","Assets/Game/Sprites/ColorTiming/Scene/B1/a4/dj/skeleton-animation_112.png","Assets/Game/Sprites/ColorTiming/Scenes/Boss1/Grass04/Idle/首领1场景_草丛04_待机_0112.png",""
"Move","6bd72e3f0dd43f04b8ebb4cecad6b72e","Assets/Game/Sprites/ColorTiming/Scene/B1/a4/dj/skeleton-animation_113.png","Assets/Game/Sprites/ColorTiming/Scenes/Boss1/Grass04/Idle/首领1场景_草丛04_待机_0113.png",""
"Move","3db98d624f5386849ae280501fdfadf3","Assets/Game/Sprites/ColorTiming/Scene/B1/a4/dj/skeleton-animation_114.png","Assets/Game/Sprites/ColorTiming/Scenes/Boss1/Grass04/Idle/首领1场景_草丛04_待机_0114.png",""
"Move","e2d3a21ed441ca74da0ca02788583973","Assets/Game/Sprites/ColorTiming/Scene/B1/a4/dj/skeleton-animation_115.png","Assets/Game/Sprites/ColorTiming/Scenes/Boss1/Grass04/Idle/首领1场景_草丛04_待机_0115.png",""
"Move","7c7000a74b9fff54e95d46a2e796c124","Assets/Game/Sprites/ColorTiming/Scene/B1/a4/dj/skeleton-animation_116.png","Assets/Game/Sprites/ColorTiming/Scenes/Boss1/Grass04/Idle/首领1场景_草丛04_待机_0116.png",""
"Move","6a7e2eda6af7b06438b2276436775c0f","Assets/Game/Sprites/ColorTiming/Scene/B1/a4/dj/skeleton-animation_117.png","Assets/Game/Sprites/ColorTiming/Scenes/Boss1/Grass04/Idle/首领1场景_草丛04_待机_0117.png",""
"Move","b21b686ffb07bd344bf8455144c22273","Assets/Game/Sprites/ColorTiming/Scene/B1/a4/dj/skeleton-animation_118.png","Assets/Game/Sprites/ColorTiming/Scenes/Boss1/Grass04/Idle/首领1场景_草丛04_待机_0118.png",""
"Move","155e83e413dac244683f626f9950ab36","Assets/Game/Sprites/ColorTiming/Scene/B1/a4/dj/skeleton-animation_119.png","Assets/Game/Sprites/ColorTiming/Scenes/Boss1/Grass04/Idle/首领1场景_草丛04_待机_0119.png",""
"Move","beed3466dea70354da1e1833a9ed0167","Assets/Game/Sprites/ColorTiming/Scene/B1/a4/dj/skeleton-animation_120.png","Assets/Game/Sprites/ColorTiming/Scenes/Boss1/Grass04/Idle/首领1场景_草丛04_待机_0120.png",""
"Move","da57beb53f2358d48b5632e09ce9c8e6","Assets/Game/Sprites/ColorTiming/Scene/B1/a4/dj/skeleton-animation_121.png","Assets/Game/Sprites/ColorTiming/Scenes/Boss1/Grass04/Idle/首领1场景_草丛04_待机_0121.png",""
"Move","241de205359a49744a69e9d37bdfbdd3","Assets/Game/Sprites/ColorTiming/Scene/B1/a4/dj/skeleton-animation_122.png","Assets/Game/Sprites/ColorTiming/Scenes/Boss1/Grass04/Idle/首领1场景_草丛04_待机_0122.png",""
"Move","82f9c65809f79354788c7321169fe169","Assets/Game/Sprites/ColorTiming/Scene/B1/a4/dj/skeleton-animation_123.png","Assets/Game/Sprites/ColorTiming/Scenes/Boss1/Grass04/Idle/首领1场景_草丛04_待机_0123.png",""
"Move","85caea5d60abc2f468a87cac3a3c8c40","Assets/Game/Sprites/ColorTiming/Scene/B1/a4/dj/skeleton-animation_124.png","Assets/Game/Sprites/ColorTiming/Scenes/Boss1/Grass04/Idle/首领1场景_草丛04_待机_0124.png",""
"Move","856169f3d9b35714b8552e1bfa46c4cc","Assets/Game/Sprites/ColorTiming/Scene/B1/a4/dj/skeleton-animation_125.png","Assets/Game/Sprites/ColorTiming/Scenes/Boss1/Grass04/Idle/首领1场景_草丛04_待机_0125.png",""
"Move","446b554efe72b00439d58a96c0254853","Assets/Game/Sprites/ColorTiming/Scene/B1/a4/dj/skeleton-animation_126.png","Assets/Game/Sprites/ColorTiming/Scenes/Boss1/Grass04/Idle/首领1场景_草丛04_待机_0126.png",""
"Move","0a96676f41a2ca544b83b1bcb9fa9d40","Assets/Game/Sprites/ColorTiming/Scene/B1/a4/dj/skeleton-animation_127.png","Assets/Game/Sprites/ColorTiming/Scenes/Boss1/Grass04/Idle/首领1场景_草丛04_待机_0127.png",""
"Move","fb9f3bde87a374d48bb865c32dcb5a07","Assets/Game/Sprites/ColorTiming/Scene/B1/a4/dj/skeleton-animation_128.png","Assets/Game/Sprites/ColorTiming/Scenes/Boss1/Grass04/Idle/首领1场景_草丛04_待机_0128.png",""
"Move","2d4759809071ea54e9c089d9506178c9","Assets/Game/Sprites/ColorTiming/Scene/B1/a4/dj/skeleton-animation_129.png","Assets/Game/Sprites/ColorTiming/Scenes/Boss1/Grass04/Idle/首领1场景_草丛04_待机_0129.png",""
"Move","384564933168e2b4095ecb8e97b545c9","Assets/Game/Sprites/ColorTiming/Scene/B1/a5/a5_cao.controller","Assets/Game/Sprites/ColorTiming/Scenes/Boss1/Grass05/Boss1_Grass05_Controller.controller",""
"Move","1bf3fc848905c314196f779dcf30bbab","Assets/Game/Sprites/ColorTiming/Scene/B1/a5/a5_cao_c.anim","Assets/Game/Sprites/ColorTiming/Scenes/Boss1/Grass05/Boss1_Grass05_Motion.anim",""
"Move","d27e4568cf8a6ac49852a57d19df67a1","Assets/Game/Sprites/ColorTiming/Scene/B1/a5/a5_cao_dj.anim","Assets/Game/Sprites/ColorTiming/Scenes/Boss1/Grass05/Boss1_Grass05_Idle.anim",""
"Move","5b85f494f6db18a48897f78ade1abb75","Assets/Game/Sprites/ColorTiming/Scene/B1/a5/c/a5草动_00.png","Assets/Game/Sprites/ColorTiming/Scenes/Boss1/Grass05/Motion/首领1场景_草丛05_摆动_0000.png",""
"Move","fcc54b3a11d78474c826de648499fba5","Assets/Game/Sprites/ColorTiming/Scene/B1/a5/c/a5草动_01.png","Assets/Game/Sprites/ColorTiming/Scenes/Boss1/Grass05/Motion/首领1场景_草丛05_摆动_0001.png",""
"Move","4745c94a3f45599498cd14220ebfedf7","Assets/Game/Sprites/ColorTiming/Scene/B1/a5/c/a5草动_02.png","Assets/Game/Sprites/ColorTiming/Scenes/Boss1/Grass05/Motion/首领1场景_草丛05_摆动_0002.png",""
"Move","1ba22d5da3e9d274db4cc2cd5d80ffd6","Assets/Game/Sprites/ColorTiming/Scene/B1/a5/c/a5草动_03.png","Assets/Game/Sprites/ColorTiming/Scenes/Boss1/Grass05/Motion/首领1场景_草丛05_摆动_0003.png",""
"Move","60409627e19a6f04e939dea1becb237a","Assets/Game/Sprites/ColorTiming/Scene/B1/a5/c/a5草动_04.png","Assets/Game/Sprites/ColorTiming/Scenes/Boss1/Grass05/Motion/首领1场景_草丛05_摆动_0004.png",""
"Move","58bee0ba819af5b46bd08bf3f02fdfda","Assets/Game/Sprites/ColorTiming/Scene/B1/a5/c/a5草动_05.png","Assets/Game/Sprites/ColorTiming/Scenes/Boss1/Grass05/Motion/首领1场景_草丛05_摆动_0005.png",""
"Move","f5da84a920816354cb238442106cc303","Assets/Game/Sprites/ColorTiming/Scene/B1/a5/c/a5草动_06.png","Assets/Game/Sprites/ColorTiming/Scenes/Boss1/Grass05/Motion/首领1场景_草丛05_摆动_0006.png",""
"Move","f58a0ce53125eca4f8530b32fdbcf83b","Assets/Game/Sprites/ColorTiming/Scene/B1/a5/c/a5草动_07.png","Assets/Game/Sprites/ColorTiming/Scenes/Boss1/Grass05/Motion/首领1场景_草丛05_摆动_0007.png",""
"Move","b76cf142bb3549e44b469685e8bac984","Assets/Game/Sprites/ColorTiming/Scene/B1/a5/c/a5草动_08.png","Assets/Game/Sprites/ColorTiming/Scenes/Boss1/Grass05/Motion/首领1场景_草丛05_摆动_0008.png",""
"Move","4350b3168bd908e4a8fb7c0bffc629e1","Assets/Game/Sprites/ColorTiming/Scene/B1/a5/c/a5草动_09.png","Assets/Game/Sprites/ColorTiming/Scenes/Boss1/Grass05/Motion/首领1场景_草丛05_摆动_0009.png",""
"Move","6c11858ffd2842c409358dd0754c9f17","Assets/Game/Sprites/ColorTiming/Scene/B1/a5/c/a5草动_10.png","Assets/Game/Sprites/ColorTiming/Scenes/Boss1/Grass05/Motion/首领1场景_草丛05_摆动_0010.png",""
"Move","46e1be7f85322ed439b05b424f092f20","Assets/Game/Sprites/ColorTiming/Scene/B1/a5/c/a5草动_11.png","Assets/Game/Sprites/ColorTiming/Scenes/Boss1/Grass05/Motion/首领1场景_草丛05_摆动_0011.png",""
"Move","0d1366db928f485459eaffa794fe23d8","Assets/Game/Sprites/ColorTiming/Scene/B1/a5/c/a5草动_12.png","Assets/Game/Sprites/ColorTiming/Scenes/Boss1/Grass05/Motion/首领1场景_草丛05_摆动_0012.png",""
"Move","bc7dd8d1b9f25ad468e49d2beaab682f","Assets/Game/Sprites/ColorTiming/Scene/B1/a5/c/a5草动_13.png","Assets/Game/Sprites/ColorTiming/Scenes/Boss1/Grass05/Motion/首领1场景_草丛05_摆动_0013.png",""
"Move","40d926c205f14f640be1e7a83edf0c62","Assets/Game/Sprites/ColorTiming/Scene/B1/a5/c/a5草动_14.png","Assets/Game/Sprites/ColorTiming/Scenes/Boss1/Grass05/Motion/首领1场景_草丛05_摆动_0014.png",""
"Move","efd4d76027d064940bd4c2695bef6a27","Assets/Game/Sprites/ColorTiming/Scene/B1/a5/c/a5草动_15.png","Assets/Game/Sprites/ColorTiming/Scenes/Boss1/Grass05/Motion/首领1场景_草丛05_摆动_0015.png",""
"Move","3fa212b0cfb27d740ac1040d1d4a0bd3","Assets/Game/Sprites/ColorTiming/Scene/B1/a5/c/a5草动_16.png","Assets/Game/Sprites/ColorTiming/Scenes/Boss1/Grass05/Motion/首领1场景_草丛05_摆动_0016.png",""
"Move","abde3fa1b3f45e54899bb0357ab7e34b","Assets/Game/Sprites/ColorTiming/Scene/B1/a5/c/a5草动_17.png","Assets/Game/Sprites/ColorTiming/Scenes/Boss1/Grass05/Motion/首领1场景_草丛05_摆动_0017.png",""
"Move","89f2eaad23986d14f8d69a14e57770e5","Assets/Game/Sprites/ColorTiming/Scene/B1/a5/c/a5草动_18.png","Assets/Game/Sprites/ColorTiming/Scenes/Boss1/Grass05/Motion/首领1场景_草丛05_摆动_0018.png",""
"Move","c3e7996369978564381c47da14977fd0","Assets/Game/Sprites/ColorTiming/Scene/B1/a5/c/a5草动_19.png","Assets/Game/Sprites/ColorTiming/Scenes/Boss1/Grass05/Motion/首领1场景_草丛05_摆动_0019.png",""
"Move","de37262894374a645859e53dcfe503d3","Assets/Game/Sprites/ColorTiming/Scene/B1/a5/c/a5草动_20.png","Assets/Game/Sprites/ColorTiming/Scenes/Boss1/Grass05/Motion/首领1场景_草丛05_摆动_0020.png",""
"Move","4406007bc6c949c40a61b244b1b7c287","Assets/Game/Sprites/ColorTiming/Scene/B1/a5/c/a5草动_21.png","Assets/Game/Sprites/ColorTiming/Scenes/Boss1/Grass05/Motion/首领1场景_草丛05_摆动_0021.png",""
"Move","a902457f431e08b4297c27e0a23bb541","Assets/Game/Sprites/ColorTiming/Scene/B1/a5/c/a5草动_22.png","Assets/Game/Sprites/ColorTiming/Scenes/Boss1/Grass05/Motion/首领1场景_草丛05_摆动_0022.png",""
"Move","e6d34a614edda4841892ac6169c11d84","Assets/Game/Sprites/ColorTiming/Scene/B1/a5/c/a5草动_23.png","Assets/Game/Sprites/ColorTiming/Scenes/Boss1/Grass05/Motion/首领1场景_草丛05_摆动_0023.png",""
"Move","a38c664cc418b384f9f19b7958bbf294","Assets/Game/Sprites/ColorTiming/Scene/B1/a5/c/a5草动_24.png","Assets/Game/Sprites/ColorTiming/Scenes/Boss1/Grass05/Motion/首领1场景_草丛05_摆动_0024.png",""
"Move","254a8822a6ae5b14c8bdcd7c0de06c75","Assets/Game/Sprites/ColorTiming/Scene/B1/a5/c/a5草动_25.png","Assets/Game/Sprites/ColorTiming/Scenes/Boss1/Grass05/Motion/首领1场景_草丛05_摆动_0025.png",""
"Move","ce53b967133b2bd46904686298aca9b1","Assets/Game/Sprites/ColorTiming/Scene/B1/a5/c/a5草动_26.png","Assets/Game/Sprites/ColorTiming/Scenes/Boss1/Grass05/Motion/首领1场景_草丛05_摆动_0026.png",""
"Move","b8bddf0680c1c004d826c9a4876d4ba8","Assets/Game/Sprites/ColorTiming/Scene/B1/a5/c/a5草动_27.png","Assets/Game/Sprites/ColorTiming/Scenes/Boss1/Grass05/Motion/首领1场景_草丛05_摆动_0027.png",""
"Move","febf8196d833d2441b1ea0b34014aed1","Assets/Game/Sprites/ColorTiming/Scene/B1/a5/c/a5草动_28.png","Assets/Game/Sprites/ColorTiming/Scenes/Boss1/Grass05/Motion/首领1场景_草丛05_摆动_0028.png",""
"Move","fdbbf093b7f0ce2449bbc9e7eec6a935","Assets/Game/Sprites/ColorTiming/Scene/B1/a5/c/a5草动_29.png","Assets/Game/Sprites/ColorTiming/Scenes/Boss1/Grass05/Motion/首领1场景_草丛05_摆动_0029.png",""
"Move","8124a55febe53db4c89e5986ec532814","Assets/Game/Sprites/ColorTiming/Scene/B1/a5/c/a5草动_30.png","Assets/Game/Sprites/ColorTiming/Scenes/Boss1/Grass05/Motion/首领1场景_草丛05_摆动_0030.png",""
"Move","ee54c30d33711c3488bf986502da4829","Assets/Game/Sprites/ColorTiming/Scene/B1/a5/c/a5草动_31.png","Assets/Game/Sprites/ColorTiming/Scenes/Boss1/Grass05/Motion/首领1场景_草丛05_摆动_0031.png",""
"Move","5b9713c481da79049b2a2a4b50ed7312","Assets/Game/Sprites/ColorTiming/Scene/B1/a5/c/a5草动_32.png","Assets/Game/Sprites/ColorTiming/Scenes/Boss1/Grass05/Motion/首领1场景_草丛05_摆动_0032.png",""
"Move","da9df1d95c2d2fc45b784c9fec830193","Assets/Game/Sprites/ColorTiming/Scene/B1/a5/c/a5草动_33.png","Assets/Game/Sprites/ColorTiming/Scenes/Boss1/Grass05/Motion/首领1场景_草丛05_摆动_0033.png",""
"Move","6a704112668357a4788c3024741f369f","Assets/Game/Sprites/ColorTiming/Scene/B1/a5/c/a5草动_34.png","Assets/Game/Sprites/ColorTiming/Scenes/Boss1/Grass05/Motion/首领1场景_草丛05_摆动_0034.png",""
"Move","9869f9834d5d7c845b5bf90d1d97643b","Assets/Game/Sprites/ColorTiming/Scene/B1/a5/c/a5草动_35.png","Assets/Game/Sprites/ColorTiming/Scenes/Boss1/Grass05/Motion/首领1场景_草丛05_摆动_0035.png",""
"Move","05025b62337a14b4e8cf61dbe1e113ef","Assets/Game/Sprites/ColorTiming/Scene/B1/a5/c/a5草动_36.png","Assets/Game/Sprites/ColorTiming/Scenes/Boss1/Grass05/Motion/首领1场景_草丛05_摆动_0036.png",""
"Move","9ec49f454b62ef740bfcc769f144d154","Assets/Game/Sprites/ColorTiming/Scene/B1/a5/c/a5草动_37.png","Assets/Game/Sprites/ColorTiming/Scenes/Boss1/Grass05/Motion/首领1场景_草丛05_摆动_0037.png",""
"Move","405e374e8cd61b343bb05e29f7aef627","Assets/Game/Sprites/ColorTiming/Scene/B1/a5/c/a5草动_38.png","Assets/Game/Sprites/ColorTiming/Scenes/Boss1/Grass05/Motion/首领1场景_草丛05_摆动_0038.png",""
"Move","e873b72fe2b7f68409abcae6d0aeb0fe","Assets/Game/Sprites/ColorTiming/Scene/B1/a5/c/a5草动_39.png","Assets/Game/Sprites/ColorTiming/Scenes/Boss1/Grass05/Motion/首领1场景_草丛05_摆动_0039.png",""
"Move","9b834cb0615d24a449e30426cc35267c","Assets/Game/Sprites/ColorTiming/Scene/B1/a5/c/a5草动_40.png","Assets/Game/Sprites/ColorTiming/Scenes/Boss1/Grass05/Motion/首领1场景_草丛05_摆动_0040.png",""
"Move","47514401873cef64786821f253266bbd","Assets/Game/Sprites/ColorTiming/Scene/B1/a5/c/a5草动_41.png","Assets/Game/Sprites/ColorTiming/Scenes/Boss1/Grass05/Motion/首领1场景_草丛05_摆动_0041.png",""
"Move","192d9231f703a1a4cbae9f9271643812","Assets/Game/Sprites/ColorTiming/Scene/B1/a5/c/a5草动_42.png","Assets/Game/Sprites/ColorTiming/Scenes/Boss1/Grass05/Motion/首领1场景_草丛05_摆动_0042.png",""
"Move","9a44bd7ecd3809d42b35cceffbef90b6","Assets/Game/Sprites/ColorTiming/Scene/B1/a5/c/a5草动_43.png","Assets/Game/Sprites/ColorTiming/Scenes/Boss1/Grass05/Motion/首领1场景_草丛05_摆动_0043.png",""
"Move","f25bc4c05038b5140aa35a663b7a91ed","Assets/Game/Sprites/ColorTiming/Scene/B1/a5/c/a5草动_44.png","Assets/Game/Sprites/ColorTiming/Scenes/Boss1/Grass05/Motion/首领1场景_草丛05_摆动_0044.png",""
"Move","a493d42bb4ef11143b3b0fba5c2ae47d","Assets/Game/Sprites/ColorTiming/Scene/B1/a5/c/a5草动_45.png","Assets/Game/Sprites/ColorTiming/Scenes/Boss1/Grass05/Motion/首领1场景_草丛05_摆动_0045.png",""
"Move","4933f0355d8a0a047825c8d0ef71cd83","Assets/Game/Sprites/ColorTiming/Scene/B1/a5/c/a5草动_46.png","Assets/Game/Sprites/ColorTiming/Scenes/Boss1/Grass05/Motion/首领1场景_草丛05_摆动_0046.png",""
"Move","dffa96bd9c55cdb4796e3bcc158df049","Assets/Game/Sprites/ColorTiming/Scene/B1/a5/c/a5草动_47.png","Assets/Game/Sprites/ColorTiming/Scenes/Boss1/Grass05/Motion/首领1场景_草丛05_摆动_0047.png",""
"Move","9383cc9713dcc8e459f2865482184f22","Assets/Game/Sprites/ColorTiming/Scene/B1/a5/c/a5草动_48.png","Assets/Game/Sprites/ColorTiming/Scenes/Boss1/Grass05/Motion/首领1场景_草丛05_摆动_0048.png",""
"Move","99c1580661f2fbe43a09eb76be11e8d1","Assets/Game/Sprites/ColorTiming/Scene/B1/a5/c/a5草动_49.png","Assets/Game/Sprites/ColorTiming/Scenes/Boss1/Grass05/Motion/首领1场景_草丛05_摆动_0049.png",""
"Move","55eddfde4a14ed946a67c2e463971ac1","Assets/Game/Sprites/ColorTiming/Scene/B1/a5/c/a5草动_50.png","Assets/Game/Sprites/ColorTiming/Scenes/Boss1/Grass05/Motion/首领1场景_草丛05_摆动_0050.png",""
"Move","76084268bc62a1044ba61596ca0fdcb6","Assets/Game/Sprites/ColorTiming/Scene/B1/a5/c/a5草动_51.png","Assets/Game/Sprites/ColorTiming/Scenes/Boss1/Grass05/Motion/首领1场景_草丛05_摆动_0051.png",""
"Move","5af21f633133b2b4282f27b265da74cd","Assets/Game/Sprites/ColorTiming/Scene/B1/a5/c/a5草动_52.png","Assets/Game/Sprites/ColorTiming/Scenes/Boss1/Grass05/Motion/首领1场景_草丛05_摆动_0052.png",""
"Move","d1cb7d067f813694d9b2a6cba728dbf2","Assets/Game/Sprites/ColorTiming/Scene/B1/a5/c/a5草动_53.png","Assets/Game/Sprites/ColorTiming/Scenes/Boss1/Grass05/Motion/首领1场景_草丛05_摆动_0053.png",""
"Move","88c74f569c91a9e47b1b0ecded53bdde","Assets/Game/Sprites/ColorTiming/Scene/B1/a5/c/a5草动_54.png","Assets/Game/Sprites/ColorTiming/Scenes/Boss1/Grass05/Motion/首领1场景_草丛05_摆动_0054.png",""
"Move","4339433725f39a14b82faefb9571885a","Assets/Game/Sprites/ColorTiming/Scene/B1/a5/c/a5草动_55.png","Assets/Game/Sprites/ColorTiming/Scenes/Boss1/Grass05/Motion/首领1场景_草丛05_摆动_0055.png",""
"Move","0168ee1596d4daa4f9df6e3bdd2c0352","Assets/Game/Sprites/ColorTiming/Scene/B1/a5/c/a5草动_56.png","Assets/Game/Sprites/ColorTiming/Scenes/Boss1/Grass05/Motion/首领1场景_草丛05_摆动_0056.png",""
"Move","8b0eb57031b1ebe47b24fbf0da5f5dfd","Assets/Game/Sprites/ColorTiming/Scene/B1/a5/c/a5草动_57.png","Assets/Game/Sprites/ColorTiming/Scenes/Boss1/Grass05/Motion/首领1场景_草丛05_摆动_0057.png",""
"Move","662ed1cab50cae94aaa31e19b31b1df2","Assets/Game/Sprites/ColorTiming/Scene/B1/a5/c/a5草动_58.png","Assets/Game/Sprites/ColorTiming/Scenes/Boss1/Grass05/Motion/首领1场景_草丛05_摆动_0058.png",""
"Move","50197ff5ce0ee004496ca761f4722ab6","Assets/Game/Sprites/ColorTiming/Scene/B1/a5/c/a5草动_59.png","Assets/Game/Sprites/ColorTiming/Scenes/Boss1/Grass05/Motion/首领1场景_草丛05_摆动_0059.png",""
"Move","7afc5067294d50a4aa58c696b4b0c963","Assets/Game/Sprites/ColorTiming/Scene/B1/a5/c/a5草动_60.png","Assets/Game/Sprites/ColorTiming/Scenes/Boss1/Grass05/Motion/首领1场景_草丛05_摆动_0060.png",""
"Move","c560c56ce1491014cabb742241a03a0a","Assets/Game/Sprites/ColorTiming/Scene/B1/a5/c/a5草动_61.png","Assets/Game/Sprites/ColorTiming/Scenes/Boss1/Grass05/Motion/首领1场景_草丛05_摆动_0061.png",""
"Move","ce069e318c939994e88127b46c77604a","Assets/Game/Sprites/ColorTiming/Scene/B1/a5/c/a5草动_62.png","Assets/Game/Sprites/ColorTiming/Scenes/Boss1/Grass05/Motion/首领1场景_草丛05_摆动_0062.png",""
"Move","47d3247ab7f01314ea6d70fa1bc238e4","Assets/Game/Sprites/ColorTiming/Scene/B1/a5/c/a5草动_63.png","Assets/Game/Sprites/ColorTiming/Scenes/Boss1/Grass05/Motion/首领1场景_草丛05_摆动_0063.png",""
"Move","1abe798de302f844fa1740a6ff009517","Assets/Game/Sprites/ColorTiming/Scene/B1/a5/c/a5草动_64.png","Assets/Game/Sprites/ColorTiming/Scenes/Boss1/Grass05/Motion/首领1场景_草丛05_摆动_0064.png",""
"Move","e971460b0cb104b4e93d562ce1e5a48f","Assets/Game/Sprites/ColorTiming/Scene/B1/a5/c/a5草动_65.png","Assets/Game/Sprites/ColorTiming/Scenes/Boss1/Grass05/Motion/首领1场景_草丛05_摆动_0065.png",""
"Move","8b3c0568d9119254fac6e5567276db6c","Assets/Game/Sprites/ColorTiming/Scene/B1/a5/c/a5草动_66.png","Assets/Game/Sprites/ColorTiming/Scenes/Boss1/Grass05/Motion/首领1场景_草丛05_摆动_0066.png",""
"Move","b932639ec5165004b86ed301d2f49b99","Assets/Game/Sprites/ColorTiming/Scene/B1/a5/c/a5草动_67.png","Assets/Game/Sprites/ColorTiming/Scenes/Boss1/Grass05/Motion/首领1场景_草丛05_摆动_0067.png",""
"Move","c0ff395148e9dba44b4ffcaad04375ab","Assets/Game/Sprites/ColorTiming/Scene/B1/a5/c/a5草动_68.png","Assets/Game/Sprites/ColorTiming/Scenes/Boss1/Grass05/Motion/首领1场景_草丛05_摆动_0068.png",""
"Move","3459026873d27a349b26e608ff2ee5d0","Assets/Game/Sprites/ColorTiming/Scene/B1/a5/c/a5草动_69.png","Assets/Game/Sprites/ColorTiming/Scenes/Boss1/Grass05/Motion/首领1场景_草丛05_摆动_0069.png",""
"Move","6bd4c37dbcd87f44ebf8628dbc4f868b","Assets/Game/Sprites/ColorTiming/Scene/B1/a5/c/a5草动_70.png","Assets/Game/Sprites/ColorTiming/Scenes/Boss1/Grass05/Motion/首领1场景_草丛05_摆动_0070.png",""
"Move","231e4561992b7be4ab38e9def53c922c","Assets/Game/Sprites/ColorTiming/Scene/B1/a5/c/a5草动_71.png","Assets/Game/Sprites/ColorTiming/Scenes/Boss1/Grass05/Motion/首领1场景_草丛05_摆动_0071.png",""
"Move","f165f01030501f3489a68f7b2ed9235c","Assets/Game/Sprites/ColorTiming/Scene/B1/a5/c/a5草动_72.png","Assets/Game/Sprites/ColorTiming/Scenes/Boss1/Grass05/Motion/首领1场景_草丛05_摆动_0072.png",""
"Move","c1dd970046b160d40a275cc62f43498e","Assets/Game/Sprites/ColorTiming/Scene/B1/a5/c/a5草动_73.png","Assets/Game/Sprites/ColorTiming/Scenes/Boss1/Grass05/Motion/首领1场景_草丛05_摆动_0073.png",""
"Move","9056f656c542eab42a66b724120d45a7","Assets/Game/Sprites/ColorTiming/Scene/B1/a5/c/a5草动_74.png","Assets/Game/Sprites/ColorTiming/Scenes/Boss1/Grass05/Motion/首领1场景_草丛05_摆动_0074.png",""
"Move","9967b2c931bf57945bd8783ceb36401c","Assets/Game/Sprites/ColorTiming/Scene/B1/a5/dj/skeleton-animation_000.png","Assets/Game/Sprites/ColorTiming/Scenes/Boss1/Grass05/Idle/首领1场景_草丛05_待机_0000.png",""
"Move","b38d4589804a44d46bee9f916843c3a9","Assets/Game/Sprites/ColorTiming/Scene/B1/a5/dj/skeleton-animation_001.png","Assets/Game/Sprites/ColorTiming/Scenes/Boss1/Grass05/Idle/首领1场景_草丛05_待机_0001.png",""
"Move","972553636be49bf438039920090b6333","Assets/Game/Sprites/ColorTiming/Scene/B1/a5/dj/skeleton-animation_002.png","Assets/Game/Sprites/ColorTiming/Scenes/Boss1/Grass05/Idle/首领1场景_草丛05_待机_0002.png",""
"Move","4127fc7987db3d84d87e2c475834e957","Assets/Game/Sprites/ColorTiming/Scene/B1/a5/dj/skeleton-animation_003.png","Assets/Game/Sprites/ColorTiming/Scenes/Boss1/Grass05/Idle/首领1场景_草丛05_待机_0003.png",""
"Move","78cb5803a57a1dd4b967663d2b1f534d","Assets/Game/Sprites/ColorTiming/Scene/B1/a5/dj/skeleton-animation_004.png","Assets/Game/Sprites/ColorTiming/Scenes/Boss1/Grass05/Idle/首领1场景_草丛05_待机_0004.png",""
"Move","9ebf1f26f9dea734eaf1e18f1f84477f","Assets/Game/Sprites/ColorTiming/Scene/B1/a5/dj/skeleton-animation_005.png","Assets/Game/Sprites/ColorTiming/Scenes/Boss1/Grass05/Idle/首领1场景_草丛05_待机_0005.png",""
"Move","dee9478f6e0200c44b0e60efc5e26f80","Assets/Game/Sprites/ColorTiming/Scene/B1/a5/dj/skeleton-animation_006.png","Assets/Game/Sprites/ColorTiming/Scenes/Boss1/Grass05/Idle/首领1场景_草丛05_待机_0006.png",""
"Move","97e0af0c4524ed3448bfdf3d17f082ce","Assets/Game/Sprites/ColorTiming/Scene/B1/a5/dj/skeleton-animation_007.png","Assets/Game/Sprites/ColorTiming/Scenes/Boss1/Grass05/Idle/首领1场景_草丛05_待机_0007.png",""
"Move","7c9ffcf305e8d1a45b67798ce42923fb","Assets/Game/Sprites/ColorTiming/Scene/B1/a5/dj/skeleton-animation_008.png","Assets/Game/Sprites/ColorTiming/Scenes/Boss1/Grass05/Idle/首领1场景_草丛05_待机_0008.png",""
"Move","d4a9d0d5c7ea05c4780a9e8b78dfd37a","Assets/Game/Sprites/ColorTiming/Scene/B1/a5/dj/skeleton-animation_009.png","Assets/Game/Sprites/ColorTiming/Scenes/Boss1/Grass05/Idle/首领1场景_草丛05_待机_0009.png",""
"Move","dc52a9bdcc1e7e348879b16477595dc5","Assets/Game/Sprites/ColorTiming/Scene/B1/a5/dj/skeleton-animation_010.png","Assets/Game/Sprites/ColorTiming/Scenes/Boss1/Grass05/Idle/首领1场景_草丛05_待机_0010.png",""
"Move","2ab2fd684637057428ec79839f9c966e","Assets/Game/Sprites/ColorTiming/Scene/B1/a5/dj/skeleton-animation_011.png","Assets/Game/Sprites/ColorTiming/Scenes/Boss1/Grass05/Idle/首领1场景_草丛05_待机_0011.png",""
"Move","e1d29235820a07a4fa132c3736a40942","Assets/Game/Sprites/ColorTiming/Scene/B1/a5/dj/skeleton-animation_012.png","Assets/Game/Sprites/ColorTiming/Scenes/Boss1/Grass05/Idle/首领1场景_草丛05_待机_0012.png",""
"Move","a7c08f78275d66341ac970368f29e996","Assets/Game/Sprites/ColorTiming/Scene/B1/a5/dj/skeleton-animation_013.png","Assets/Game/Sprites/ColorTiming/Scenes/Boss1/Grass05/Idle/首领1场景_草丛05_待机_0013.png",""
"Move","6be156a4d519b17489d601490a86f2a1","Assets/Game/Sprites/ColorTiming/Scene/B1/a5/dj/skeleton-animation_014.png","Assets/Game/Sprites/ColorTiming/Scenes/Boss1/Grass05/Idle/首领1场景_草丛05_待机_0014.png",""
"Move","5ed4d9abdabbc2c4b89d33e169169113","Assets/Game/Sprites/ColorTiming/Scene/B1/a5/dj/skeleton-animation_015.png","Assets/Game/Sprites/ColorTiming/Scenes/Boss1/Grass05/Idle/首领1场景_草丛05_待机_0015.png",""
"Move","5da04d3a04f56c641b1a6acfc749db64","Assets/Game/Sprites/ColorTiming/Scene/B1/a5/dj/skeleton-animation_016.png","Assets/Game/Sprites/ColorTiming/Scenes/Boss1/Grass05/Idle/首领1场景_草丛05_待机_0016.png",""
"Move","a58818b7ab75c1342aa7cb406af23612","Assets/Game/Sprites/ColorTiming/Scene/B1/a5/dj/skeleton-animation_017.png","Assets/Game/Sprites/ColorTiming/Scenes/Boss1/Grass05/Idle/首领1场景_草丛05_待机_0017.png",""
"Move","5807120b927a02a4c8ac5f9456cf8b2c","Assets/Game/Sprites/ColorTiming/Scene/B1/a5/dj/skeleton-animation_018.png","Assets/Game/Sprites/ColorTiming/Scenes/Boss1/Grass05/Idle/首领1场景_草丛05_待机_0018.png",""
"Move","33e532f7466af0842854c9d366eb60ad","Assets/Game/Sprites/ColorTiming/Scene/B1/a5/dj/skeleton-animation_019.png","Assets/Game/Sprites/ColorTiming/Scenes/Boss1/Grass05/Idle/首领1场景_草丛05_待机_0019.png",""
"Move","a1a184df16346ac4d8e0a7a4b3e1eec1","Assets/Game/Sprites/ColorTiming/Scene/B1/a5/dj/skeleton-animation_020.png","Assets/Game/Sprites/ColorTiming/Scenes/Boss1/Grass05/Idle/首领1场景_草丛05_待机_0020.png",""
"Move","db0ee75dcf6bd424f8a71d649fd5aaa7","Assets/Game/Sprites/ColorTiming/Scene/B1/a5/dj/skeleton-animation_021.png","Assets/Game/Sprites/ColorTiming/Scenes/Boss1/Grass05/Idle/首领1场景_草丛05_待机_0021.png",""
"Move","49347b302476a7943bcaaed1d06a208b","Assets/Game/Sprites/ColorTiming/Scene/B1/a5/dj/skeleton-animation_022.png","Assets/Game/Sprites/ColorTiming/Scenes/Boss1/Grass05/Idle/首领1场景_草丛05_待机_0022.png",""
"Move","fc896bed4a365894bb9c92cd209e77d3","Assets/Game/Sprites/ColorTiming/Scene/B1/a5/dj/skeleton-animation_023.png","Assets/Game/Sprites/ColorTiming/Scenes/Boss1/Grass05/Idle/首领1场景_草丛05_待机_0023.png",""
"Move","a22bbb3418c85d74680dbf6102873f03","Assets/Game/Sprites/ColorTiming/Scene/B1/a5/dj/skeleton-animation_024.png","Assets/Game/Sprites/ColorTiming/Scenes/Boss1/Grass05/Idle/首领1场景_草丛05_待机_0024.png",""
"Move","74e0e0511c952cb4a8292b89d56f7a46","Assets/Game/Sprites/ColorTiming/Scene/B1/a5/dj/skeleton-animation_025.png","Assets/Game/Sprites/ColorTiming/Scenes/Boss1/Grass05/Idle/首领1场景_草丛05_待机_0025.png",""
"Move","13dee88451fe0e140b735a6024b86e97","Assets/Game/Sprites/ColorTiming/Scene/B1/a5/dj/skeleton-animation_026.png","Assets/Game/Sprites/ColorTiming/Scenes/Boss1/Grass05/Idle/首领1场景_草丛05_待机_0026.png",""
"Move","c03c2af305f1b62458b4e0bdf9ac4d9a","Assets/Game/Sprites/ColorTiming/Scene/B1/a5/dj/skeleton-animation_027.png","Assets/Game/Sprites/ColorTiming/Scenes/Boss1/Grass05/Idle/首领1场景_草丛05_待机_0027.png",""
"Move","8044c8d27762a7044a97f50b0a87e1d1","Assets/Game/Sprites/ColorTiming/Scene/B1/a5/dj/skeleton-animation_028.png","Assets/Game/Sprites/ColorTiming/Scenes/Boss1/Grass05/Idle/首领1场景_草丛05_待机_0028.png",""
"Move","4f16380f01f01394886b0587267a7fda","Assets/Game/Sprites/ColorTiming/Scene/B1/a5/dj/skeleton-animation_029.png","Assets/Game/Sprites/ColorTiming/Scenes/Boss1/Grass05/Idle/首领1场景_草丛05_待机_0029.png",""
"Move","1df2078b97f3c1d47a8a3c0e3b75aeb1","Assets/Game/Sprites/ColorTiming/Scene/B1/a5/dj/skeleton-animation_030.png","Assets/Game/Sprites/ColorTiming/Scenes/Boss1/Grass05/Idle/首领1场景_草丛05_待机_0030.png",""
"Move","bf4d18ee14f69374da19e7f08f128d34","Assets/Game/Sprites/ColorTiming/Scene/B1/a5/dj/skeleton-animation_031.png","Assets/Game/Sprites/ColorTiming/Scenes/Boss1/Grass05/Idle/首领1场景_草丛05_待机_0031.png",""
"Move","8894335a3cac6f44ebc219bbb7b3ab90","Assets/Game/Sprites/ColorTiming/Scene/B1/a5/dj/skeleton-animation_032.png","Assets/Game/Sprites/ColorTiming/Scenes/Boss1/Grass05/Idle/首领1场景_草丛05_待机_0032.png",""
"Move","35966ec3812d3e54aa7217271ffd94fd","Assets/Game/Sprites/ColorTiming/Scene/B1/a5/dj/skeleton-animation_033.png","Assets/Game/Sprites/ColorTiming/Scenes/Boss1/Grass05/Idle/首领1场景_草丛05_待机_0033.png",""
"Move","0b1e94588dce34d45afe28e13e4cbdb2","Assets/Game/Sprites/ColorTiming/Scene/B1/a5/dj/skeleton-animation_034.png","Assets/Game/Sprites/ColorTiming/Scenes/Boss1/Grass05/Idle/首领1场景_草丛05_待机_0034.png",""
"Move","de28001d57efada46ac4234bb1c67453","Assets/Game/Sprites/ColorTiming/Scene/B1/a5/dj/skeleton-animation_035.png","Assets/Game/Sprites/ColorTiming/Scenes/Boss1/Grass05/Idle/首领1场景_草丛05_待机_0035.png",""
"Move","28307ea6827afe74f8bda56b26716c9b","Assets/Game/Sprites/ColorTiming/Scene/B1/a5/dj/skeleton-animation_036.png","Assets/Game/Sprites/ColorTiming/Scenes/Boss1/Grass05/Idle/首领1场景_草丛05_待机_0036.png",""
"Move","cdeeb36a527c44348925ec47972dace6","Assets/Game/Sprites/ColorTiming/Scene/B1/a5/dj/skeleton-animation_037.png","Assets/Game/Sprites/ColorTiming/Scenes/Boss1/Grass05/Idle/首领1场景_草丛05_待机_0037.png",""
"Move","9a4a4f6a95d20c446b99890d8502f7b3","Assets/Game/Sprites/ColorTiming/Scene/B1/a5/dj/skeleton-animation_038.png","Assets/Game/Sprites/ColorTiming/Scenes/Boss1/Grass05/Idle/首领1场景_草丛05_待机_0038.png",""
"Move","eb4ccc515d1463f409081595c693a26a","Assets/Game/Sprites/ColorTiming/Scene/B1/a5/dj/skeleton-animation_039.png","Assets/Game/Sprites/ColorTiming/Scenes/Boss1/Grass05/Idle/首领1场景_草丛05_待机_0039.png",""
"Move","fe2b24fa30039084ab1e3420da2790b8","Assets/Game/Sprites/ColorTiming/Scene/B1/a5/dj/skeleton-animation_040.png","Assets/Game/Sprites/ColorTiming/Scenes/Boss1/Grass05/Idle/首领1场景_草丛05_待机_0040.png",""
"Move","3984df91955e1944c8f40b0253fea08d","Assets/Game/Sprites/ColorTiming/Scene/B1/a5/dj/skeleton-animation_041.png","Assets/Game/Sprites/ColorTiming/Scenes/Boss1/Grass05/Idle/首领1场景_草丛05_待机_0041.png",""
"Move","321557083e09ee04e8f4978767c45e5a","Assets/Game/Sprites/ColorTiming/Scene/B1/a5/dj/skeleton-animation_042.png","Assets/Game/Sprites/ColorTiming/Scenes/Boss1/Grass05/Idle/首领1场景_草丛05_待机_0042.png",""
"Move","953838676ee82e84d91d5f4fd71d0dba","Assets/Game/Sprites/ColorTiming/Scene/B1/a5/dj/skeleton-animation_043.png","Assets/Game/Sprites/ColorTiming/Scenes/Boss1/Grass05/Idle/首领1场景_草丛05_待机_0043.png",""
"Move","5f5d811541c7a6342acda4cc8e9989f8","Assets/Game/Sprites/ColorTiming/Scene/B1/a5/dj/skeleton-animation_044.png","Assets/Game/Sprites/ColorTiming/Scenes/Boss1/Grass05/Idle/首领1场景_草丛05_待机_0044.png",""
"Move","3cc3c36de8cee9746882ffb60fa1adbd","Assets/Game/Sprites/ColorTiming/Scene/B1/a5/dj/skeleton-animation_045.png","Assets/Game/Sprites/ColorTiming/Scenes/Boss1/Grass05/Idle/首领1场景_草丛05_待机_0045.png",""
"Move","236402c5f73df9742a4e6c62d9f5ae66","Assets/Game/Sprites/ColorTiming/Scene/B1/a5/dj/skeleton-animation_046.png","Assets/Game/Sprites/ColorTiming/Scenes/Boss1/Grass05/Idle/首领1场景_草丛05_待机_0046.png",""
"Move","2477bfea33a4012458bc4a6b8a8afa25","Assets/Game/Sprites/ColorTiming/Scene/B1/a5/dj/skeleton-animation_047.png","Assets/Game/Sprites/ColorTiming/Scenes/Boss1/Grass05/Idle/首领1场景_草丛05_待机_0047.png",""
"Move","b54b4fefca2276b40af0ff6049bf6a65","Assets/Game/Sprites/ColorTiming/Scene/B1/a5/dj/skeleton-animation_048.png","Assets/Game/Sprites/ColorTiming/Scenes/Boss1/Grass05/Idle/首领1场景_草丛05_待机_0048.png",""
"Move","f338359e68f921a489de615d0adadcc9","Assets/Game/Sprites/ColorTiming/Scene/B1/a5/dj/skeleton-animation_049.png","Assets/Game/Sprites/ColorTiming/Scenes/Boss1/Grass05/Idle/首领1场景_草丛05_待机_0049.png",""
"Move","41a20faac90a6a640bb89c7a0be86482","Assets/Game/Sprites/ColorTiming/Scene/B1/a5/dj/skeleton-animation_050.png","Assets/Game/Sprites/ColorTiming/Scenes/Boss1/Grass05/Idle/首领1场景_草丛05_待机_0050.png",""
"Move","55cc50e999a336f4883796d6fedbf7d9","Assets/Game/Sprites/ColorTiming/Scene/B1/a5/dj/skeleton-animation_051.png","Assets/Game/Sprites/ColorTiming/Scenes/Boss1/Grass05/Idle/首领1场景_草丛05_待机_0051.png",""
"Move","9dbe927db01979a41a28dad12a242aff","Assets/Game/Sprites/ColorTiming/Scene/B1/a5/dj/skeleton-animation_052.png","Assets/Game/Sprites/ColorTiming/Scenes/Boss1/Grass05/Idle/首领1场景_草丛05_待机_0052.png",""
"Move","71260808b76cd0b4d926f12361ef5eae","Assets/Game/Sprites/ColorTiming/Scene/B1/a5/dj/skeleton-animation_053.png","Assets/Game/Sprites/ColorTiming/Scenes/Boss1/Grass05/Idle/首领1场景_草丛05_待机_0053.png",""
"Move","5aa404f18bba28141bd80c585f275333","Assets/Game/Sprites/ColorTiming/Scene/B1/a5/dj/skeleton-animation_054.png","Assets/Game/Sprites/ColorTiming/Scenes/Boss1/Grass05/Idle/首领1场景_草丛05_待机_0054.png",""
"Move","342d532961045d245a63798b845d0826","Assets/Game/Sprites/ColorTiming/Scene/B1/a5/dj/skeleton-animation_055.png","Assets/Game/Sprites/ColorTiming/Scenes/Boss1/Grass05/Idle/首领1场景_草丛05_待机_0055.png",""
"Move","8d5f886b03f6b4042ad0e22b8a571f2b","Assets/Game/Sprites/ColorTiming/Scene/B1/a5/dj/skeleton-animation_056.png","Assets/Game/Sprites/ColorTiming/Scenes/Boss1/Grass05/Idle/首领1场景_草丛05_待机_0056.png",""
"Move","5649338b0c9a84b4ab410035ea615c57","Assets/Game/Sprites/ColorTiming/Scene/B1/a5/dj/skeleton-animation_057.png","Assets/Game/Sprites/ColorTiming/Scenes/Boss1/Grass05/Idle/首领1场景_草丛05_待机_0057.png",""
"Move","a23f1d6b7b8071f44b2d7a671db12fdf","Assets/Game/Sprites/ColorTiming/Scene/B1/a5/dj/skeleton-animation_058.png","Assets/Game/Sprites/ColorTiming/Scenes/Boss1/Grass05/Idle/首领1场景_草丛05_待机_0058.png",""
"Move","0910c29183a46f94b9e83cc61f0fe408","Assets/Game/Sprites/ColorTiming/Scene/B1/a5/dj/skeleton-animation_059.png","Assets/Game/Sprites/ColorTiming/Scenes/Boss1/Grass05/Idle/首领1场景_草丛05_待机_0059.png",""
"Move","58482d45c6fa49341aca5e530ce25d33","Assets/Game/Sprites/ColorTiming/Scene/B1/a5/dj/skeleton-animation_060.png","Assets/Game/Sprites/ColorTiming/Scenes/Boss1/Grass05/Idle/首领1场景_草丛05_待机_0060.png",""
"Move","0b7e99f53bdd7d1409a61a9da4cf1b11","Assets/Game/Sprites/ColorTiming/Scene/B1/a5/dj/skeleton-animation_061.png","Assets/Game/Sprites/ColorTiming/Scenes/Boss1/Grass05/Idle/首领1场景_草丛05_待机_0061.png",""
"Move","e64df7f3fcd48674480be0c6c144b8bc","Assets/Game/Sprites/ColorTiming/Scene/B1/a5/dj/skeleton-animation_062.png","Assets/Game/Sprites/ColorTiming/Scenes/Boss1/Grass05/Idle/首领1场景_草丛05_待机_0062.png",""
"Move","01a8c90df788d654cb08fbf39af12d4a","Assets/Game/Sprites/ColorTiming/Scene/B1/a5/dj/skeleton-animation_063.png","Assets/Game/Sprites/ColorTiming/Scenes/Boss1/Grass05/Idle/首领1场景_草丛05_待机_0063.png",""
"Move","9ee43d52dc9e2c649a347949325f9f34","Assets/Game/Sprites/ColorTiming/Scene/B1/a5/dj/skeleton-animation_064.png","Assets/Game/Sprites/ColorTiming/Scenes/Boss1/Grass05/Idle/首领1场景_草丛05_待机_0064.png",""
"Move","f3da86b66b656ef43b96524853969b43","Assets/Game/Sprites/ColorTiming/Scene/B1/a5/dj/skeleton-animation_065.png","Assets/Game/Sprites/ColorTiming/Scenes/Boss1/Grass05/Idle/首领1场景_草丛05_待机_0065.png",""
"Move","b4e00d10d424bfa4382ffabe8038757a","Assets/Game/Sprites/ColorTiming/Scene/B1/a5/dj/skeleton-animation_066.png","Assets/Game/Sprites/ColorTiming/Scenes/Boss1/Grass05/Idle/首领1场景_草丛05_待机_0066.png",""
"Move","e8689ee18b0584a4c9e383954cf31d6a","Assets/Game/Sprites/ColorTiming/Scene/B1/a5/dj/skeleton-animation_067.png","Assets/Game/Sprites/ColorTiming/Scenes/Boss1/Grass05/Idle/首领1场景_草丛05_待机_0067.png",""
"Move","9c2c4581664f2a54492012a7d04bf9fb","Assets/Game/Sprites/ColorTiming/Scene/B1/a5/dj/skeleton-animation_068.png","Assets/Game/Sprites/ColorTiming/Scenes/Boss1/Grass05/Idle/首领1场景_草丛05_待机_0068.png",""
"Move","ec7787cf6eb56414abc2b53c2231d621","Assets/Game/Sprites/ColorTiming/Scene/B1/a5/dj/skeleton-animation_069.png","Assets/Game/Sprites/ColorTiming/Scenes/Boss1/Grass05/Idle/首领1场景_草丛05_待机_0069.png",""
"Move","d9c451ee1d59de143ac0caf9bd51f334","Assets/Game/Sprites/ColorTiming/Scene/B1/a5/dj/skeleton-animation_070.png","Assets/Game/Sprites/ColorTiming/Scenes/Boss1/Grass05/Idle/首领1场景_草丛05_待机_0070.png",""
"Move","8600833b4dfa0fd4ebc6d81d5a762011","Assets/Game/Sprites/ColorTiming/Scene/B1/a5/dj/skeleton-animation_071.png","Assets/Game/Sprites/ColorTiming/Scenes/Boss1/Grass05/Idle/首领1场景_草丛05_待机_0071.png",""
"Move","ea6fb2456808e4546b04cd40fd26ea6f","Assets/Game/Sprites/ColorTiming/Scene/B1/a5/dj/skeleton-animation_072.png","Assets/Game/Sprites/ColorTiming/Scenes/Boss1/Grass05/Idle/首领1场景_草丛05_待机_0072.png",""
"Move","cefbf25054e00d54a88c91d93dd5ee82","Assets/Game/Sprites/ColorTiming/Scene/B1/a5/dj/skeleton-animation_073.png","Assets/Game/Sprites/ColorTiming/Scenes/Boss1/Grass05/Idle/首领1场景_草丛05_待机_0073.png",""
"Move","89296b4e59adfbf4e80528f3e29e45d3","Assets/Game/Sprites/ColorTiming/Scene/B1/a5/dj/skeleton-animation_074.png","Assets/Game/Sprites/ColorTiming/Scenes/Boss1/Grass05/Idle/首领1场景_草丛05_待机_0074.png",""
"Move","d2be3044bdd871b4fba4c452641ad80c","Assets/Game/Sprites/ColorTiming/Scene/B1/a5/dj/skeleton-animation_075.png","Assets/Game/Sprites/ColorTiming/Scenes/Boss1/Grass05/Idle/首领1场景_草丛05_待机_0075.png",""
"Move","feaee464c4cdf484cbe2f4bb961512e5","Assets/Game/Sprites/ColorTiming/Scene/B1/a5/dj/skeleton-animation_076.png","Assets/Game/Sprites/ColorTiming/Scenes/Boss1/Grass05/Idle/首领1场景_草丛05_待机_0076.png",""
"Move","beb784b05db052b4cbb31ca0c71f03d1","Assets/Game/Sprites/ColorTiming/Scene/B1/a5/dj/skeleton-animation_077.png","Assets/Game/Sprites/ColorTiming/Scenes/Boss1/Grass05/Idle/首领1场景_草丛05_待机_0077.png",""
"Move","77909d7ece571414d9ab6423e4de30e8","Assets/Game/Sprites/ColorTiming/Scene/B1/a5/dj/skeleton-animation_078.png","Assets/Game/Sprites/ColorTiming/Scenes/Boss1/Grass05/Idle/首领1场景_草丛05_待机_0078.png",""
"Move","52b3f3775822b874c94155f940df1057","Assets/Game/Sprites/ColorTiming/Scene/B1/a5/dj/skeleton-animation_079.png","Assets/Game/Sprites/ColorTiming/Scenes/Boss1/Grass05/Idle/首领1场景_草丛05_待机_0079.png",""
"Move","833e5860cdc557147a06dbe5c279ac37","Assets/Game/Sprites/ColorTiming/Scene/B1/a5/dj/skeleton-animation_080.png","Assets/Game/Sprites/ColorTiming/Scenes/Boss1/Grass05/Idle/首领1场景_草丛05_待机_0080.png",""
"Move","e089ed1232b7cd34fafab0eecab65993","Assets/Game/Sprites/ColorTiming/Scene/B1/a5/dj/skeleton-animation_081.png","Assets/Game/Sprites/ColorTiming/Scenes/Boss1/Grass05/Idle/首领1场景_草丛05_待机_0081.png",""
"Move","238a87477d7817449b4b190d04542bfd","Assets/Game/Sprites/ColorTiming/Scene/B1/a5/dj/skeleton-animation_082.png","Assets/Game/Sprites/ColorTiming/Scenes/Boss1/Grass05/Idle/首领1场景_草丛05_待机_0082.png",""
"Move","40cce43c74990834e8ba8f2d62454ab6","Assets/Game/Sprites/ColorTiming/Scene/B1/a5/dj/skeleton-animation_083.png","Assets/Game/Sprites/ColorTiming/Scenes/Boss1/Grass05/Idle/首领1场景_草丛05_待机_0083.png",""
"Move","48eab057cdd991b4385f9b34877387b5","Assets/Game/Sprites/ColorTiming/Scene/B1/a5/dj/skeleton-animation_084.png","Assets/Game/Sprites/ColorTiming/Scenes/Boss1/Grass05/Idle/首领1场景_草丛05_待机_0084.png",""
"Move","ad771eed1489b8747bbb9e6e753cfc71","Assets/Game/Sprites/ColorTiming/Scene/B1/a5/dj/skeleton-animation_085.png","Assets/Game/Sprites/ColorTiming/Scenes/Boss1/Grass05/Idle/首领1场景_草丛05_待机_0085.png",""
"Move","b725e991c16457c4f83024c8c8aaec93","Assets/Game/Sprites/ColorTiming/Scene/B1/a5/dj/skeleton-animation_086.png","Assets/Game/Sprites/ColorTiming/Scenes/Boss1/Grass05/Idle/首领1场景_草丛05_待机_0086.png",""
"Move","ea99c0be627bc7348b48780f16f2d917","Assets/Game/Sprites/ColorTiming/Scene/B1/a5/dj/skeleton-animation_087.png","Assets/Game/Sprites/ColorTiming/Scenes/Boss1/Grass05/Idle/首领1场景_草丛05_待机_0087.png",""
"Move","282ea8b0d48dbda4bb669f3e84df22b8","Assets/Game/Sprites/ColorTiming/Scene/B1/a5/dj/skeleton-animation_088.png","Assets/Game/Sprites/ColorTiming/Scenes/Boss1/Grass05/Idle/首领1场景_草丛05_待机_0088.png",""
"Move","8ec800caeff77f042bba2a57c7f44734","Assets/Game/Sprites/ColorTiming/Scene/B1/a5/dj/skeleton-animation_089.png","Assets/Game/Sprites/ColorTiming/Scenes/Boss1/Grass05/Idle/首领1场景_草丛05_待机_0089.png",""
"Move","119f9a712017d2f4789cf9b2de0dc200","Assets/Game/Sprites/ColorTiming/Scene/B1/a5/dj/skeleton-animation_090.png","Assets/Game/Sprites/ColorTiming/Scenes/Boss1/Grass05/Idle/首领1场景_草丛05_待机_0090.png",""
"Move","52de5a93da6b1c2449ae0e80213aa0fb","Assets/Game/Sprites/ColorTiming/Scene/B1/a5/dj/skeleton-animation_091.png","Assets/Game/Sprites/ColorTiming/Scenes/Boss1/Grass05/Idle/首领1场景_草丛05_待机_0091.png",""
"Move","58a3671e50da00b4ab658fb1421364e4","Assets/Game/Sprites/ColorTiming/Scene/B1/a5/dj/skeleton-animation_092.png","Assets/Game/Sprites/ColorTiming/Scenes/Boss1/Grass05/Idle/首领1场景_草丛05_待机_0092.png",""
"Move","6efd319fd5fc88f44855b93492458848","Assets/Game/Sprites/ColorTiming/Scene/B1/a5/dj/skeleton-animation_093.png","Assets/Game/Sprites/ColorTiming/Scenes/Boss1/Grass05/Idle/首领1场景_草丛05_待机_0093.png",""
"Move","1b778cca83c6953468ad2be54745c969","Assets/Game/Sprites/ColorTiming/Scene/B1/a5/dj/skeleton-animation_094.png","Assets/Game/Sprites/ColorTiming/Scenes/Boss1/Grass05/Idle/首领1场景_草丛05_待机_0094.png",""
"Move","1d7ebd202f50f5744ae074cd1d5ef8be","Assets/Game/Sprites/ColorTiming/Scene/B1/a5/dj/skeleton-animation_095.png","Assets/Game/Sprites/ColorTiming/Scenes/Boss1/Grass05/Idle/首领1场景_草丛05_待机_0095.png",""
"Move","35694b5e1fa33a04abffd3fc4b3b30f5","Assets/Game/Sprites/ColorTiming/Scene/B1/a5/dj/skeleton-animation_096.png","Assets/Game/Sprites/ColorTiming/Scenes/Boss1/Grass05/Idle/首领1场景_草丛05_待机_0096.png",""
"Move","bd181628ddbe9a748b9e1deeeb7a06b7","Assets/Game/Sprites/ColorTiming/Scene/B1/a5/dj/skeleton-animation_097.png","Assets/Game/Sprites/ColorTiming/Scenes/Boss1/Grass05/Idle/首领1场景_草丛05_待机_0097.png",""
"Move","0e53ebe47422f1f40a271a15f933db20","Assets/Game/Sprites/ColorTiming/Scene/B1/a5/dj/skeleton-animation_098.png","Assets/Game/Sprites/ColorTiming/Scenes/Boss1/Grass05/Idle/首领1场景_草丛05_待机_0098.png",""
"Move","311b60bb987bd234e8383383d802a2ab","Assets/Game/Sprites/ColorTiming/Scene/B1/a5/dj/skeleton-animation_099.png","Assets/Game/Sprites/ColorTiming/Scenes/Boss1/Grass05/Idle/首领1场景_草丛05_待机_0099.png",""
"Move","1e9d4e5a661910440a103c9fac70ee1b","Assets/Game/Sprites/ColorTiming/Scene/B1/a5/dj/skeleton-animation_100.png","Assets/Game/Sprites/ColorTiming/Scenes/Boss1/Grass05/Idle/首领1场景_草丛05_待机_0100.png",""
"Move","860b6cbb53d48144597c25d347548512","Assets/Game/Sprites/ColorTiming/Scene/B1/a5/dj/skeleton-animation_101.png","Assets/Game/Sprites/ColorTiming/Scenes/Boss1/Grass05/Idle/首领1场景_草丛05_待机_0101.png",""
"Move","2bcc8f4e8cc48be4db921845889c538b","Assets/Game/Sprites/ColorTiming/Scene/B1/a5/dj/skeleton-animation_102.png","Assets/Game/Sprites/ColorTiming/Scenes/Boss1/Grass05/Idle/首领1场景_草丛05_待机_0102.png",""
"Move","bba69bc79091b434582ac7b5111ddb33","Assets/Game/Sprites/ColorTiming/Scene/B1/a5/dj/skeleton-animation_103.png","Assets/Game/Sprites/ColorTiming/Scenes/Boss1/Grass05/Idle/首领1场景_草丛05_待机_0103.png",""
"Move","a83d13883d4ccf542b8d87557961e4b6","Assets/Game/Sprites/ColorTiming/Scene/B1/a5/dj/skeleton-animation_104.png","Assets/Game/Sprites/ColorTiming/Scenes/Boss1/Grass05/Idle/首领1场景_草丛05_待机_0104.png",""
"Move","3f7b70256b00a8e4eb5934834b72a28a","Assets/Game/Sprites/ColorTiming/Scene/B1/a5/dj/skeleton-animation_105.png","Assets/Game/Sprites/ColorTiming/Scenes/Boss1/Grass05/Idle/首领1场景_草丛05_待机_0105.png",""
"Move","df571e512311ff547863559da451a67e","Assets/Game/Sprites/ColorTiming/Scene/B1/a5/dj/skeleton-animation_106.png","Assets/Game/Sprites/ColorTiming/Scenes/Boss1/Grass05/Idle/首领1场景_草丛05_待机_0106.png",""
"Move","7c6011327a92eb2489ceb7f43cce3b83","Assets/Game/Sprites/ColorTiming/Scene/B1/a5/dj/skeleton-animation_107.png","Assets/Game/Sprites/ColorTiming/Scenes/Boss1/Grass05/Idle/首领1场景_草丛05_待机_0107.png",""
"Move","d7fc09af89a9fce448c9c3f79249d8f0","Assets/Game/Sprites/ColorTiming/Scene/B1/a5/dj/skeleton-animation_108.png","Assets/Game/Sprites/ColorTiming/Scenes/Boss1/Grass05/Idle/首领1场景_草丛05_待机_0108.png",""
"Move","534c503326ef43c41b2bac55ba71e77f","Assets/Game/Sprites/ColorTiming/Scene/B1/a5/dj/skeleton-animation_109.png","Assets/Game/Sprites/ColorTiming/Scenes/Boss1/Grass05/Idle/首领1场景_草丛05_待机_0109.png",""
"Move","c96d71770ed12ec47b37ac26806f6ca4","Assets/Game/Sprites/ColorTiming/Scene/B1/a5/dj/skeleton-animation_110.png","Assets/Game/Sprites/ColorTiming/Scenes/Boss1/Grass05/Idle/首领1场景_草丛05_待机_0110.png",""
"Move","b5cfee09255136d4e8f0d8f6840ab133","Assets/Game/Sprites/ColorTiming/Scene/B1/a5/dj/skeleton-animation_111.png","Assets/Game/Sprites/ColorTiming/Scenes/Boss1/Grass05/Idle/首领1场景_草丛05_待机_0111.png",""
"Move","5087635ff7370b8449af92d4ded9c064","Assets/Game/Sprites/ColorTiming/Scene/B1/a5/dj/skeleton-animation_112.png","Assets/Game/Sprites/ColorTiming/Scenes/Boss1/Grass05/Idle/首领1场景_草丛05_待机_0112.png",""
"Move","93f5c80b671f6de4589645f76e9c4e4c","Assets/Game/Sprites/ColorTiming/Scene/B1/a5/dj/skeleton-animation_113.png","Assets/Game/Sprites/ColorTiming/Scenes/Boss1/Grass05/Idle/首领1场景_草丛05_待机_0113.png",""
"Move","13ed30de306713844baa26542eade3e2","Assets/Game/Sprites/ColorTiming/Scene/B1/a5/dj/skeleton-animation_114.png","Assets/Game/Sprites/ColorTiming/Scenes/Boss1/Grass05/Idle/首领1场景_草丛05_待机_0114.png",""
"Move","fa6ff4e07c48b284388a5d4f57982fe1","Assets/Game/Sprites/ColorTiming/Scene/B1/a5/dj/skeleton-animation_115.png","Assets/Game/Sprites/ColorTiming/Scenes/Boss1/Grass05/Idle/首领1场景_草丛05_待机_0115.png",""
"Move","c975e60c5502e0443a22d384d8316f2c","Assets/Game/Sprites/ColorTiming/Scene/B1/a5/dj/skeleton-animation_116.png","Assets/Game/Sprites/ColorTiming/Scenes/Boss1/Grass05/Idle/首领1场景_草丛05_待机_0116.png",""
"Move","a4219d8356d846e47b00293d926aa1fb","Assets/Game/Sprites/ColorTiming/Scene/B1/a5/dj/skeleton-animation_117.png","Assets/Game/Sprites/ColorTiming/Scenes/Boss1/Grass05/Idle/首领1场景_草丛05_待机_0117.png",""
"Move","4c5ba2c8ac5fe5e4995b6610f3fcaef8","Assets/Game/Sprites/ColorTiming/Scene/B1/a5/dj/skeleton-animation_118.png","Assets/Game/Sprites/ColorTiming/Scenes/Boss1/Grass05/Idle/首领1场景_草丛05_待机_0118.png",""
"Move","618a180ae77d9f945899905bd7989eb2","Assets/Game/Sprites/ColorTiming/Scene/B1/a5/dj/skeleton-animation_119.png","Assets/Game/Sprites/ColorTiming/Scenes/Boss1/Grass05/Idle/首领1场景_草丛05_待机_0119.png",""
"Move","62b6906da5cd7264693100d22936d40c","Assets/Game/Sprites/ColorTiming/Scene/B1/a5/dj/skeleton-animation_120.png","Assets/Game/Sprites/ColorTiming/Scenes/Boss1/Grass05/Idle/首领1场景_草丛05_待机_0120.png",""
"Move","265cf63c6a4b61841bf2424f684ed6fc","Assets/Game/Sprites/ColorTiming/Scene/B1/a5/dj/skeleton-animation_121.png","Assets/Game/Sprites/ColorTiming/Scenes/Boss1/Grass05/Idle/首领1场景_草丛05_待机_0121.png",""
"Move","81c09922fa1f58f4bb99d68f60227bed","Assets/Game/Sprites/ColorTiming/Scene/B1/a5/dj/skeleton-animation_122.png","Assets/Game/Sprites/ColorTiming/Scenes/Boss1/Grass05/Idle/首领1场景_草丛05_待机_0122.png",""
"Move","01ac847cf6d387c41939611a7a871fbe","Assets/Game/Sprites/ColorTiming/Scene/B1/a5/dj/skeleton-animation_123.png","Assets/Game/Sprites/ColorTiming/Scenes/Boss1/Grass05/Idle/首领1场景_草丛05_待机_0123.png",""
"Move","47e9268e619251141948f0c5af0c5b51","Assets/Game/Sprites/ColorTiming/Scene/B1/a5/dj/skeleton-animation_124.png","Assets/Game/Sprites/ColorTiming/Scenes/Boss1/Grass05/Idle/首领1场景_草丛05_待机_0124.png",""
"Move","b807b05ece352184c9c9260f2de05b00","Assets/Game/Sprites/ColorTiming/Scene/B1/a5/dj/skeleton-animation_125.png","Assets/Game/Sprites/ColorTiming/Scenes/Boss1/Grass05/Idle/首领1场景_草丛05_待机_0125.png",""
"Move","f700fbad6c49f3046aa8de134d94798a","Assets/Game/Sprites/ColorTiming/Scene/B1/a5/dj/skeleton-animation_126.png","Assets/Game/Sprites/ColorTiming/Scenes/Boss1/Grass05/Idle/首领1场景_草丛05_待机_0126.png",""
"Move","a0f62293456bb2d4b919970230a9f8ba","Assets/Game/Sprites/ColorTiming/Scene/B1/a5/dj/skeleton-animation_127.png","Assets/Game/Sprites/ColorTiming/Scenes/Boss1/Grass05/Idle/首领1场景_草丛05_待机_0127.png",""
"Move","eb879bed09b121b4a9b3008627570eef","Assets/Game/Sprites/ColorTiming/Scene/B1/a5/dj/skeleton-animation_128.png","Assets/Game/Sprites/ColorTiming/Scenes/Boss1/Grass05/Idle/首领1场景_草丛05_待机_0128.png",""
"Move","5dc2836f9e52e39408545b4e1287020a","Assets/Game/Sprites/ColorTiming/Scene/B1/a5/dj/skeleton-animation_129.png","Assets/Game/Sprites/ColorTiming/Scenes/Boss1/Grass05/Idle/首领1场景_草丛05_待机_0129.png",""
"Move","d8cef2443b30a5f41a05461c48e1f854","Assets/Game/Sprites/ColorTiming/Scene/B1/a6/a6_cao.controller","Assets/Game/Sprites/ColorTiming/Scenes/Boss1/Grass06/Boss1_Grass06_Controller.controller",""
"Move","3a0e294fc39d13c4ab311b2ecba5711e","Assets/Game/Sprites/ColorTiming/Scene/B1/a6/a6_cao_c.anim","Assets/Game/Sprites/ColorTiming/Scenes/Boss1/Grass06/Boss1_Grass06_Motion.anim",""
"Move","d785524664ade6c46938b8da414a3259","Assets/Game/Sprites/ColorTiming/Scene/B1/a6/a6_cao_dj.anim","Assets/Game/Sprites/ColorTiming/Scenes/Boss1/Grass06/Boss1_Grass06_Idle.anim",""
"Move","ac2276bb0e87e30448e5b5271d5d5605","Assets/Game/Sprites/ColorTiming/Scene/B1/a6/c/a6草动_00.png","Assets/Game/Sprites/ColorTiming/Scenes/Boss1/Grass06/Motion/首领1场景_草丛06_摆动_0000.png",""
"Move","31209f159230c3140a6b18661ebb98dd","Assets/Game/Sprites/ColorTiming/Scene/B1/a6/c/a6草动_01.png","Assets/Game/Sprites/ColorTiming/Scenes/Boss1/Grass06/Motion/首领1场景_草丛06_摆动_0001.png",""
"Move","f080d1c5b71fb7d4b980bca40107ed12","Assets/Game/Sprites/ColorTiming/Scene/B1/a6/c/a6草动_02.png","Assets/Game/Sprites/ColorTiming/Scenes/Boss1/Grass06/Motion/首领1场景_草丛06_摆动_0002.png",""
"Move","d7851e654e47b534e98b5c17c94339c9","Assets/Game/Sprites/ColorTiming/Scene/B1/a6/c/a6草动_03.png","Assets/Game/Sprites/ColorTiming/Scenes/Boss1/Grass06/Motion/首领1场景_草丛06_摆动_0003.png",""
"Move","aeda369cff1e89a42bc18e4ad37311ec","Assets/Game/Sprites/ColorTiming/Scene/B1/a6/c/a6草动_04.png","Assets/Game/Sprites/ColorTiming/Scenes/Boss1/Grass06/Motion/首领1场景_草丛06_摆动_0004.png",""
"Move","5ccd298a6d0886d4f8ceae333e29c010","Assets/Game/Sprites/ColorTiming/Scene/B1/a6/c/a6草动_05.png","Assets/Game/Sprites/ColorTiming/Scenes/Boss1/Grass06/Motion/首领1场景_草丛06_摆动_0005.png",""
"Move","77c81acc5bb4dd1468b797d62565a46d","Assets/Game/Sprites/ColorTiming/Scene/B1/a6/c/a6草动_06.png","Assets/Game/Sprites/ColorTiming/Scenes/Boss1/Grass06/Motion/首领1场景_草丛06_摆动_0006.png",""
"Move","9760dc133ae36a149b1a2a881ee27337","Assets/Game/Sprites/ColorTiming/Scene/B1/a6/c/a6草动_07.png","Assets/Game/Sprites/ColorTiming/Scenes/Boss1/Grass06/Motion/首领1场景_草丛06_摆动_0007.png",""
"Move","9d6f4bac520dc9341a9ee079aa9d82d8","Assets/Game/Sprites/ColorTiming/Scene/B1/a6/c/a6草动_08.png","Assets/Game/Sprites/ColorTiming/Scenes/Boss1/Grass06/Motion/首领1场景_草丛06_摆动_0008.png",""
"Move","a3d35c18d7b52ef489619173209673ba","Assets/Game/Sprites/ColorTiming/Scene/B1/a6/c/a6草动_09.png","Assets/Game/Sprites/ColorTiming/Scenes/Boss1/Grass06/Motion/首领1场景_草丛06_摆动_0009.png",""
"Move","b5ac3acb613c31446a3c201d200ab016","Assets/Game/Sprites/ColorTiming/Scene/B1/a6/c/a6草动_10.png","Assets/Game/Sprites/ColorTiming/Scenes/Boss1/Grass06/Motion/首领1场景_草丛06_摆动_0010.png",""
"Move","364141336565cb84a9e34af548486cc5","Assets/Game/Sprites/ColorTiming/Scene/B1/a6/c/a6草动_11.png","Assets/Game/Sprites/ColorTiming/Scenes/Boss1/Grass06/Motion/首领1场景_草丛06_摆动_0011.png",""
"Move","a7ed6dea0469648429fcf89a3c4a9d8d","Assets/Game/Sprites/ColorTiming/Scene/B1/a6/c/a6草动_12.png","Assets/Game/Sprites/ColorTiming/Scenes/Boss1/Grass06/Motion/首领1场景_草丛06_摆动_0012.png",""
"Move","daa980c98f1bb42449c581257e2dfbe5","Assets/Game/Sprites/ColorTiming/Scene/B1/a6/c/a6草动_13.png","Assets/Game/Sprites/ColorTiming/Scenes/Boss1/Grass06/Motion/首领1场景_草丛06_摆动_0013.png",""
"Move","6c018d496f4930147a44e0ad6e57d70d","Assets/Game/Sprites/ColorTiming/Scene/B1/a6/c/a6草动_14.png","Assets/Game/Sprites/ColorTiming/Scenes/Boss1/Grass06/Motion/首领1场景_草丛06_摆动_0014.png",""
"Move","807a14228a52bf14da88b0decbc9a647","Assets/Game/Sprites/ColorTiming/Scene/B1/a6/c/a6草动_15.png","Assets/Game/Sprites/ColorTiming/Scenes/Boss1/Grass06/Motion/首领1场景_草丛06_摆动_0015.png",""
"Move","d3045520a1934d6459f0141881de4fe2","Assets/Game/Sprites/ColorTiming/Scene/B1/a6/c/a6草动_16.png","Assets/Game/Sprites/ColorTiming/Scenes/Boss1/Grass06/Motion/首领1场景_草丛06_摆动_0016.png",""
"Move","bd75762943454ae4d8ea76a3a2a7f87c","Assets/Game/Sprites/ColorTiming/Scene/B1/a6/c/a6草动_17.png","Assets/Game/Sprites/ColorTiming/Scenes/Boss1/Grass06/Motion/首领1场景_草丛06_摆动_0017.png",""
"Move","98e62c274bf35f749b76dbb8d7b51815","Assets/Game/Sprites/ColorTiming/Scene/B1/a6/c/a6草动_18.png","Assets/Game/Sprites/ColorTiming/Scenes/Boss1/Grass06/Motion/首领1场景_草丛06_摆动_0018.png",""
"Move","c1a8d9adc4f732048a7717761b0d3990","Assets/Game/Sprites/ColorTiming/Scene/B1/a6/c/a6草动_19.png","Assets/Game/Sprites/ColorTiming/Scenes/Boss1/Grass06/Motion/首领1场景_草丛06_摆动_0019.png",""
"Move","1485af4f5d7c73c44bac1ec439bc5a29","Assets/Game/Sprites/ColorTiming/Scene/B1/a6/c/a6草动_20.png","Assets/Game/Sprites/ColorTiming/Scenes/Boss1/Grass06/Motion/首领1场景_草丛06_摆动_0020.png",""
"Move","a8c3ccf8b8b662c4e90c539dc94da080","Assets/Game/Sprites/ColorTiming/Scene/B1/a6/c/a6草动_21.png","Assets/Game/Sprites/ColorTiming/Scenes/Boss1/Grass06/Motion/首领1场景_草丛06_摆动_0021.png",""
"Move","c777f109b57cc5b4da12381a3a4b120d","Assets/Game/Sprites/ColorTiming/Scene/B1/a6/c/a6草动_22.png","Assets/Game/Sprites/ColorTiming/Scenes/Boss1/Grass06/Motion/首领1场景_草丛06_摆动_0022.png",""
"Move","a3a73e62eb1d2ac4f98adc6c87a9ab31","Assets/Game/Sprites/ColorTiming/Scene/B1/a6/c/a6草动_23.png","Assets/Game/Sprites/ColorTiming/Scenes/Boss1/Grass06/Motion/首领1场景_草丛06_摆动_0023.png",""
"Move","449867134eca00543b862455633d40af","Assets/Game/Sprites/ColorTiming/Scene/B1/a6/c/a6草动_24.png","Assets/Game/Sprites/ColorTiming/Scenes/Boss1/Grass06/Motion/首领1场景_草丛06_摆动_0024.png",""
"Move","f3f1461bcf967e6479ac90c5164cf4ef","Assets/Game/Sprites/ColorTiming/Scene/B1/a6/c/a6草动_25.png","Assets/Game/Sprites/ColorTiming/Scenes/Boss1/Grass06/Motion/首领1场景_草丛06_摆动_0025.png",""
"Move","c495a393c07ff9744a1d5bfa17867127","Assets/Game/Sprites/ColorTiming/Scene/B1/a6/c/a6草动_26.png","Assets/Game/Sprites/ColorTiming/Scenes/Boss1/Grass06/Motion/首领1场景_草丛06_摆动_0026.png",""
"Move","c9b3f3f37714a864f97bca445aecf666","Assets/Game/Sprites/ColorTiming/Scene/B1/a6/c/a6草动_27.png","Assets/Game/Sprites/ColorTiming/Scenes/Boss1/Grass06/Motion/首领1场景_草丛06_摆动_0027.png",""
"Move","4108decc3e4297349b16079305d253f9","Assets/Game/Sprites/ColorTiming/Scene/B1/a6/c/a6草动_28.png","Assets/Game/Sprites/ColorTiming/Scenes/Boss1/Grass06/Motion/首领1场景_草丛06_摆动_0028.png",""
"Move","1e4f1eaf763d9854da97b331adf81c0b","Assets/Game/Sprites/ColorTiming/Scene/B1/a6/c/a6草动_29.png","Assets/Game/Sprites/ColorTiming/Scenes/Boss1/Grass06/Motion/首领1场景_草丛06_摆动_0029.png",""
"Move","dea7eea9e2598694a81044026143a081","Assets/Game/Sprites/ColorTiming/Scene/B1/a6/c/a6草动_30.png","Assets/Game/Sprites/ColorTiming/Scenes/Boss1/Grass06/Motion/首领1场景_草丛06_摆动_0030.png",""
"Move","6df21c29f69bf464bae98cc47387d6c7","Assets/Game/Sprites/ColorTiming/Scene/B1/a6/c/a6草动_31.png","Assets/Game/Sprites/ColorTiming/Scenes/Boss1/Grass06/Motion/首领1场景_草丛06_摆动_0031.png",""
"Move","a05ea699b89d0144198def0127c09d68","Assets/Game/Sprites/ColorTiming/Scene/B1/a6/c/a6草动_32.png","Assets/Game/Sprites/ColorTiming/Scenes/Boss1/Grass06/Motion/首领1场景_草丛06_摆动_0032.png",""
"Move","3ebd0a7e4f1a5eb42a638c68e0f0a52a","Assets/Game/Sprites/ColorTiming/Scene/B1/a6/c/a6草动_33.png","Assets/Game/Sprites/ColorTiming/Scenes/Boss1/Grass06/Motion/首领1场景_草丛06_摆动_0033.png",""
"Move","c8e092c164d8c3442b5032e8caebd3df","Assets/Game/Sprites/ColorTiming/Scene/B1/a6/c/a6草动_34.png","Assets/Game/Sprites/ColorTiming/Scenes/Boss1/Grass06/Motion/首领1场景_草丛06_摆动_0034.png",""
"Move","5e298c2881f33874d9df2bb1e6ac0ab0","Assets/Game/Sprites/ColorTiming/Scene/B1/a6/c/a6草动_35.png","Assets/Game/Sprites/ColorTiming/Scenes/Boss1/Grass06/Motion/首领1场景_草丛06_摆动_0035.png",""
"Move","d292dfaff8d79fc44955891b9de09927","Assets/Game/Sprites/ColorTiming/Scene/B1/a6/c/a6草动_36.png","Assets/Game/Sprites/ColorTiming/Scenes/Boss1/Grass06/Motion/首领1场景_草丛06_摆动_0036.png",""
"Move","aee90699c643d5845b74adee5d0812fc","Assets/Game/Sprites/ColorTiming/Scene/B1/a6/c/a6草动_37.png","Assets/Game/Sprites/ColorTiming/Scenes/Boss1/Grass06/Motion/首领1场景_草丛06_摆动_0037.png",""
"Move","c4a06760b9315074cb184c9c9246b34d","Assets/Game/Sprites/ColorTiming/Scene/B1/a6/c/a6草动_38.png","Assets/Game/Sprites/ColorTiming/Scenes/Boss1/Grass06/Motion/首领1场景_草丛06_摆动_0038.png",""
"Move","a96dec275522f824e9499a9b4a502487","Assets/Game/Sprites/ColorTiming/Scene/B1/a6/c/a6草动_39.png","Assets/Game/Sprites/ColorTiming/Scenes/Boss1/Grass06/Motion/首领1场景_草丛06_摆动_0039.png",""
"Move","e7accf6143cdc2240ac6ed69081fc3ec","Assets/Game/Sprites/ColorTiming/Scene/B1/a6/c/a6草动_40.png","Assets/Game/Sprites/ColorTiming/Scenes/Boss1/Grass06/Motion/首领1场景_草丛06_摆动_0040.png",""
"Move","aa807f1a91f6efb46be7837869bc6f63","Assets/Game/Sprites/ColorTiming/Scene/B1/a6/c/a6草动_41.png","Assets/Game/Sprites/ColorTiming/Scenes/Boss1/Grass06/Motion/首领1场景_草丛06_摆动_0041.png",""
"Move","d4a2386749ddd254f94b542c5c95d288","Assets/Game/Sprites/ColorTiming/Scene/B1/a6/c/a6草动_42.png","Assets/Game/Sprites/ColorTiming/Scenes/Boss1/Grass06/Motion/首领1场景_草丛06_摆动_0042.png",""
"Move","716e21f9728cb224ea20caf82dc1eaee","Assets/Game/Sprites/ColorTiming/Scene/B1/a6/c/a6草动_43.png","Assets/Game/Sprites/ColorTiming/Scenes/Boss1/Grass06/Motion/首领1场景_草丛06_摆动_0043.png",""
"Move","628f3ed0e74868d48baffe4fd357db84","Assets/Game/Sprites/ColorTiming/Scene/B1/a6/c/a6草动_44.png","Assets/Game/Sprites/ColorTiming/Scenes/Boss1/Grass06/Motion/首领1场景_草丛06_摆动_0044.png",""
"Move","20588b97cad224d4ca49afdcf6f7e9ea","Assets/Game/Sprites/ColorTiming/Scene/B1/a6/c/a6草动_45.png","Assets/Game/Sprites/ColorTiming/Scenes/Boss1/Grass06/Motion/首领1场景_草丛06_摆动_0045.png",""
"Move","131aa0633c1bb5b43949ac9cd3162bf9","Assets/Game/Sprites/ColorTiming/Scene/B1/a6/c/a6草动_46.png","Assets/Game/Sprites/ColorTiming/Scenes/Boss1/Grass06/Motion/首领1场景_草丛06_摆动_0046.png",""
"Move","7f7d92b8b61a01744982acc7e9a97f47","Assets/Game/Sprites/ColorTiming/Scene/B1/a6/c/a6草动_47.png","Assets/Game/Sprites/ColorTiming/Scenes/Boss1/Grass06/Motion/首领1场景_草丛06_摆动_0047.png",""
"Move","fa29498e1a764c3409450630163073a7","Assets/Game/Sprites/ColorTiming/Scene/B1/a6/c/a6草动_48.png","Assets/Game/Sprites/ColorTiming/Scenes/Boss1/Grass06/Motion/首领1场景_草丛06_摆动_0048.png",""
"Move","f1312d15cd6f37044b0e5080858f8797","Assets/Game/Sprites/ColorTiming/Scene/B1/a6/c/a6草动_49.png","Assets/Game/Sprites/ColorTiming/Scenes/Boss1/Grass06/Motion/首领1场景_草丛06_摆动_0049.png",""
"Move","7847d18352d6b8c40a9c686916abc261","Assets/Game/Sprites/ColorTiming/Scene/B1/a6/c/a6草动_50.png","Assets/Game/Sprites/ColorTiming/Scenes/Boss1/Grass06/Motion/首领1场景_草丛06_摆动_0050.png",""
"Move","a11da3149b7854d4289a83df6ccea28d","Assets/Game/Sprites/ColorTiming/Scene/B1/a6/c/a6草动_51.png","Assets/Game/Sprites/ColorTiming/Scenes/Boss1/Grass06/Motion/首领1场景_草丛06_摆动_0051.png",""
"Move","bc21ccac673604e47979a09561cb0a79","Assets/Game/Sprites/ColorTiming/Scene/B1/a6/c/a6草动_52.png","Assets/Game/Sprites/ColorTiming/Scenes/Boss1/Grass06/Motion/首领1场景_草丛06_摆动_0052.png",""
"Move","61573a8b30c48d640bb1275eb4f8f782","Assets/Game/Sprites/ColorTiming/Scene/B1/a6/c/a6草动_53.png","Assets/Game/Sprites/ColorTiming/Scenes/Boss1/Grass06/Motion/首领1场景_草丛06_摆动_0053.png",""
"Move","f46cefb770e51d54cb6e34868ad0ecb4","Assets/Game/Sprites/ColorTiming/Scene/B1/a6/c/a6草动_54.png","Assets/Game/Sprites/ColorTiming/Scenes/Boss1/Grass06/Motion/首领1场景_草丛06_摆动_0054.png",""
"Move","a2a636215d7666f4a80050f71d77f1ba","Assets/Game/Sprites/ColorTiming/Scene/B1/a6/c/a6草动_55.png","Assets/Game/Sprites/ColorTiming/Scenes/Boss1/Grass06/Motion/首领1场景_草丛06_摆动_0055.png",""
"Move","c8df4a1480d55b542bf73edd940840d2","Assets/Game/Sprites/ColorTiming/Scene/B1/a6/c/a6草动_56.png","Assets/Game/Sprites/ColorTiming/Scenes/Boss1/Grass06/Motion/首领1场景_草丛06_摆动_0056.png",""
"Move","4832a59ef99e2b143bec6316f12ad857","Assets/Game/Sprites/ColorTiming/Scene/B1/a6/c/a6草动_57.png","Assets/Game/Sprites/ColorTiming/Scenes/Boss1/Grass06/Motion/首领1场景_草丛06_摆动_0057.png",""
"Move","dacedabeb7a1dfa47ba84e1fbcb236e1","Assets/Game/Sprites/ColorTiming/Scene/B1/a6/c/a6草动_58.png","Assets/Game/Sprites/ColorTiming/Scenes/Boss1/Grass06/Motion/首领1场景_草丛06_摆动_0058.png",""
"Move","456ead846a0d39048959e4cde49c538d","Assets/Game/Sprites/ColorTiming/Scene/B1/a6/c/a6草动_59.png","Assets/Game/Sprites/ColorTiming/Scenes/Boss1/Grass06/Motion/首领1场景_草丛06_摆动_0059.png",""
"Move","3cee9ce273506b64eb8cf76efba10497","Assets/Game/Sprites/ColorTiming/Scene/B1/a6/c/a6草动_60.png","Assets/Game/Sprites/ColorTiming/Scenes/Boss1/Grass06/Motion/首领1场景_草丛06_摆动_0060.png",""
"Move","9a736b881f22320409e540b4eb4a1ebc","Assets/Game/Sprites/ColorTiming/Scene/B1/a6/c/a6草动_61.png","Assets/Game/Sprites/ColorTiming/Scenes/Boss1/Grass06/Motion/首领1场景_草丛06_摆动_0061.png",""
"Move","d8096773ee4ffa64b9d13b4d27276a93","Assets/Game/Sprites/ColorTiming/Scene/B1/a6/c/a6草动_62.png","Assets/Game/Sprites/ColorTiming/Scenes/Boss1/Grass06/Motion/首领1场景_草丛06_摆动_0062.png",""
"Move","4d2ab9e37e453604c974a33c6c656636","Assets/Game/Sprites/ColorTiming/Scene/B1/a6/c/a6草动_63.png","Assets/Game/Sprites/ColorTiming/Scenes/Boss1/Grass06/Motion/首领1场景_草丛06_摆动_0063.png",""
"Move","5e45fcf721cce0b409c7c215a980fc04","Assets/Game/Sprites/ColorTiming/Scene/B1/a6/c/a6草动_64.png","Assets/Game/Sprites/ColorTiming/Scenes/Boss1/Grass06/Motion/首领1场景_草丛06_摆动_0064.png",""
"Move","1977d4ff9c46ba84e89b788dd651e18f","Assets/Game/Sprites/ColorTiming/Scene/B1/a6/c/a6草动_65.png","Assets/Game/Sprites/ColorTiming/Scenes/Boss1/Grass06/Motion/首领1场景_草丛06_摆动_0065.png",""
"Move","d181219d90a617c46a36731fecc38c78","Assets/Game/Sprites/ColorTiming/Scene/B1/a6/c/a6草动_66.png","Assets/Game/Sprites/ColorTiming/Scenes/Boss1/Grass06/Motion/首领1场景_草丛06_摆动_0066.png",""
"Move","a5f2b24aba9d3c64a8ec630433c873ee","Assets/Game/Sprites/ColorTiming/Scene/B1/a6/c/a6草动_67.png","Assets/Game/Sprites/ColorTiming/Scenes/Boss1/Grass06/Motion/首领1场景_草丛06_摆动_0067.png",""
"Move","e63ab56019109e24d85a48f1696ef892","Assets/Game/Sprites/ColorTiming/Scene/B1/a6/c/a6草动_68.png","Assets/Game/Sprites/ColorTiming/Scenes/Boss1/Grass06/Motion/首领1场景_草丛06_摆动_0068.png",""
"Move","3267beb53bca8b946806f71daf0831ae","Assets/Game/Sprites/ColorTiming/Scene/B1/a6/c/a6草动_69.png","Assets/Game/Sprites/ColorTiming/Scenes/Boss1/Grass06/Motion/首领1场景_草丛06_摆动_0069.png",""
"Move","eab334d958ae4474eb225cbcb3d28ea6","Assets/Game/Sprites/ColorTiming/Scene/B1/a6/c/a6草动_70.png","Assets/Game/Sprites/ColorTiming/Scenes/Boss1/Grass06/Motion/首领1场景_草丛06_摆动_0070.png",""
"Move","81812306a48593d4db4e855ca36f20b7","Assets/Game/Sprites/ColorTiming/Scene/B1/a6/c/a6草动_71.png","Assets/Game/Sprites/ColorTiming/Scenes/Boss1/Grass06/Motion/首领1场景_草丛06_摆动_0071.png",""
"Move","2c0615a77d42f8145bacebf4df345fe1","Assets/Game/Sprites/ColorTiming/Scene/B1/a6/c/a6草动_72.png","Assets/Game/Sprites/ColorTiming/Scenes/Boss1/Grass06/Motion/首领1场景_草丛06_摆动_0072.png",""
"Move","561dbecfadeb0904b9da9664bd8d5b67","Assets/Game/Sprites/ColorTiming/Scene/B1/a6/c/a6草动_73.png","Assets/Game/Sprites/ColorTiming/Scenes/Boss1/Grass06/Motion/首领1场景_草丛06_摆动_0073.png",""
"Move","24db3b21103d2a14ea1f12a1e629e412","Assets/Game/Sprites/ColorTiming/Scene/B1/a6/c/a6草动_74.png","Assets/Game/Sprites/ColorTiming/Scenes/Boss1/Grass06/Motion/首领1场景_草丛06_摆动_0074.png",""
"Move","a80ce2482a9fa7e4fa7909f400ceb6ce","Assets/Game/Sprites/ColorTiming/Scene/B1/a6/dj/a6草待机_000.png","Assets/Game/Sprites/ColorTiming/Scenes/Boss1/Grass06/Idle/首领1场景_草丛06_待机_0000.png",""
"Move","63681b2d8573bab439c1d5ce00e7fa87","Assets/Game/Sprites/ColorTiming/Scene/B1/a6/dj/a6草待机_001.png","Assets/Game/Sprites/ColorTiming/Scenes/Boss1/Grass06/Idle/首领1场景_草丛06_待机_0001.png",""
"Move","79f66dfabe4093f459cb4ae2b1bd14f6","Assets/Game/Sprites/ColorTiming/Scene/B1/a6/dj/a6草待机_002.png","Assets/Game/Sprites/ColorTiming/Scenes/Boss1/Grass06/Idle/首领1场景_草丛06_待机_0002.png",""
"Move","2654e491035aadc47be5fefc8dd64854","Assets/Game/Sprites/ColorTiming/Scene/B1/a6/dj/a6草待机_003.png","Assets/Game/Sprites/ColorTiming/Scenes/Boss1/Grass06/Idle/首领1场景_草丛06_待机_0003.png",""
"Move","85b726356fdb88a429f6206d73d74a99","Assets/Game/Sprites/ColorTiming/Scene/B1/a6/dj/a6草待机_004.png","Assets/Game/Sprites/ColorTiming/Scenes/Boss1/Grass06/Idle/首领1场景_草丛06_待机_0004.png",""
"Move","5b06d7be2be5c8e479261e2e0fbb362a","Assets/Game/Sprites/ColorTiming/Scene/B1/a6/dj/a6草待机_005.png","Assets/Game/Sprites/ColorTiming/Scenes/Boss1/Grass06/Idle/首领1场景_草丛06_待机_0005.png",""
"Move","d7cf14e1e9c19894c92ae3c93bc91fc6","Assets/Game/Sprites/ColorTiming/Scene/B1/a6/dj/a6草待机_006.png","Assets/Game/Sprites/ColorTiming/Scenes/Boss1/Grass06/Idle/首领1场景_草丛06_待机_0006.png",""
"Move","9dad6f323b2430f4aaaa9ba352354b09","Assets/Game/Sprites/ColorTiming/Scene/B1/a6/dj/a6草待机_007.png","Assets/Game/Sprites/ColorTiming/Scenes/Boss1/Grass06/Idle/首领1场景_草丛06_待机_0007.png",""
"Move","09f7ec3edc49e6341b49ca09678b7d5a","Assets/Game/Sprites/ColorTiming/Scene/B1/a6/dj/a6草待机_008.png","Assets/Game/Sprites/ColorTiming/Scenes/Boss1/Grass06/Idle/首领1场景_草丛06_待机_0008.png",""
"Move","261b8e118d357a44da13e10b9bff2729","Assets/Game/Sprites/ColorTiming/Scene/B1/a6/dj/a6草待机_009.png","Assets/Game/Sprites/ColorTiming/Scenes/Boss1/Grass06/Idle/首领1场景_草丛06_待机_0009.png",""
"Move","65aac865b8fe8424e9dd093b0695815f","Assets/Game/Sprites/ColorTiming/Scene/B1/a6/dj/a6草待机_010.png","Assets/Game/Sprites/ColorTiming/Scenes/Boss1/Grass06/Idle/首领1场景_草丛06_待机_0010.png",""
"Move","52e2fd6ddaa5e064aaa37c3c432d5da4","Assets/Game/Sprites/ColorTiming/Scene/B1/a6/dj/a6草待机_011.png","Assets/Game/Sprites/ColorTiming/Scenes/Boss1/Grass06/Idle/首领1场景_草丛06_待机_0011.png",""
"Move","e0511183ed3be8344860ed4ba1a8d98e","Assets/Game/Sprites/ColorTiming/Scene/B1/a6/dj/a6草待机_012.png","Assets/Game/Sprites/ColorTiming/Scenes/Boss1/Grass06/Idle/首领1场景_草丛06_待机_0012.png",""
"Move","4a12595f685677a4c9b49d1ce5656f1a","Assets/Game/Sprites/ColorTiming/Scene/B1/a6/dj/a6草待机_013.png","Assets/Game/Sprites/ColorTiming/Scenes/Boss1/Grass06/Idle/首领1场景_草丛06_待机_0013.png",""
"Move","1587efb490c0da848a7af27ef8c7e2d0","Assets/Game/Sprites/ColorTiming/Scene/B1/a6/dj/a6草待机_014.png","Assets/Game/Sprites/ColorTiming/Scenes/Boss1/Grass06/Idle/首领1场景_草丛06_待机_0014.png",""
"Move","18be3cfb48664b049867b5937b3417e8","Assets/Game/Sprites/ColorTiming/Scene/B1/a6/dj/a6草待机_015.png","Assets/Game/Sprites/ColorTiming/Scenes/Boss1/Grass06/Idle/首领1场景_草丛06_待机_0015.png",""
"Move","efa48f3f1c5ea6b45884dcd5fedcdfb9","Assets/Game/Sprites/ColorTiming/Scene/B1/a6/dj/a6草待机_016.png","Assets/Game/Sprites/ColorTiming/Scenes/Boss1/Grass06/Idle/首领1场景_草丛06_待机_0016.png",""
"Move","e7faa2d58ba4c604eac2acc40a5fab7d","Assets/Game/Sprites/ColorTiming/Scene/B1/a6/dj/a6草待机_017.png","Assets/Game/Sprites/ColorTiming/Scenes/Boss1/Grass06/Idle/首领1场景_草丛06_待机_0017.png",""
"Move","0242c0aa42e27964eb8f3ea9bf4475a9","Assets/Game/Sprites/ColorTiming/Scene/B1/a6/dj/a6草待机_018.png","Assets/Game/Sprites/ColorTiming/Scenes/Boss1/Grass06/Idle/首领1场景_草丛06_待机_0018.png",""
"Move","4690feec4f35076418b9bfc7e361c45b","Assets/Game/Sprites/ColorTiming/Scene/B1/a6/dj/a6草待机_019.png","Assets/Game/Sprites/ColorTiming/Scenes/Boss1/Grass06/Idle/首领1场景_草丛06_待机_0019.png",""
"Move","3adba80be49421844a017b9c62777c92","Assets/Game/Sprites/ColorTiming/Scene/B1/a6/dj/a6草待机_020.png","Assets/Game/Sprites/ColorTiming/Scenes/Boss1/Grass06/Idle/首领1场景_草丛06_待机_0020.png",""
"Move","384a03f3ff36a744387a1a84729f98f9","Assets/Game/Sprites/ColorTiming/Scene/B1/a6/dj/a6草待机_021.png","Assets/Game/Sprites/ColorTiming/Scenes/Boss1/Grass06/Idle/首领1场景_草丛06_待机_0021.png",""
"Move","6f3319d56e623764c9bd66a1a2b521a0","Assets/Game/Sprites/ColorTiming/Scene/B1/a6/dj/a6草待机_022.png","Assets/Game/Sprites/ColorTiming/Scenes/Boss1/Grass06/Idle/首领1场景_草丛06_待机_0022.png",""
"Move","c80b370828ddb03409886da7f063783f","Assets/Game/Sprites/ColorTiming/Scene/B1/a6/dj/a6草待机_023.png","Assets/Game/Sprites/ColorTiming/Scenes/Boss1/Grass06/Idle/首领1场景_草丛06_待机_0023.png",""
"Move","b7341f820ec400d4f9877f293a0aaef5","Assets/Game/Sprites/ColorTiming/Scene/B1/a6/dj/a6草待机_024.png","Assets/Game/Sprites/ColorTiming/Scenes/Boss1/Grass06/Idle/首领1场景_草丛06_待机_0024.png",""
"Move","d70c0e3856dfbe845974e849778e4b91","Assets/Game/Sprites/ColorTiming/Scene/B1/a6/dj/a6草待机_025.png","Assets/Game/Sprites/ColorTiming/Scenes/Boss1/Grass06/Idle/首领1场景_草丛06_待机_0025.png",""
"Move","8209ce87166d6a94784dca49e26d6229","Assets/Game/Sprites/ColorTiming/Scene/B1/a6/dj/a6草待机_026.png","Assets/Game/Sprites/ColorTiming/Scenes/Boss1/Grass06/Idle/首领1场景_草丛06_待机_0026.png",""
"Move","91ff24315a440cb4289a2d0da07e7f6d","Assets/Game/Sprites/ColorTiming/Scene/B1/a6/dj/a6草待机_027.png","Assets/Game/Sprites/ColorTiming/Scenes/Boss1/Grass06/Idle/首领1场景_草丛06_待机_0027.png",""
"Move","e1843f798637a1544807ceea496cdf3f","Assets/Game/Sprites/ColorTiming/Scene/B1/a6/dj/a6草待机_028.png","Assets/Game/Sprites/ColorTiming/Scenes/Boss1/Grass06/Idle/首领1场景_草丛06_待机_0028.png",""
"Move","0171a9be5f0865a46859d98b45c67441","Assets/Game/Sprites/ColorTiming/Scene/B1/a6/dj/a6草待机_029.png","Assets/Game/Sprites/ColorTiming/Scenes/Boss1/Grass06/Idle/首领1场景_草丛06_待机_0029.png",""
"Move","9ea4f7d5626b23946ad296b6cc6451ab","Assets/Game/Sprites/ColorTiming/Scene/B1/a6/dj/a6草待机_030.png","Assets/Game/Sprites/ColorTiming/Scenes/Boss1/Grass06/Idle/首领1场景_草丛06_待机_0030.png",""
"Move","1b20936b00037ce4e8fa8edd652c4059","Assets/Game/Sprites/ColorTiming/Scene/B1/a6/dj/a6草待机_031.png","Assets/Game/Sprites/ColorTiming/Scenes/Boss1/Grass06/Idle/首领1场景_草丛06_待机_0031.png",""
"Move","182d78bceebd0b34bb6dd158d7f33511","Assets/Game/Sprites/ColorTiming/Scene/B1/a6/dj/a6草待机_032.png","Assets/Game/Sprites/ColorTiming/Scenes/Boss1/Grass06/Idle/首领1场景_草丛06_待机_0032.png",""
"Move","6870d3da6dc1e164985da12024617345","Assets/Game/Sprites/ColorTiming/Scene/B1/a6/dj/a6草待机_033.png","Assets/Game/Sprites/ColorTiming/Scenes/Boss1/Grass06/Idle/首领1场景_草丛06_待机_0033.png",""
"Move","6efb2bbac2584f94d815387a2ec0e04b","Assets/Game/Sprites/ColorTiming/Scene/B1/a6/dj/a6草待机_034.png","Assets/Game/Sprites/ColorTiming/Scenes/Boss1/Grass06/Idle/首领1场景_草丛06_待机_0034.png",""
"Move","3e82c2b45f692cc44a534c85cafcaa2c","Assets/Game/Sprites/ColorTiming/Scene/B1/a6/dj/a6草待机_035.png","Assets/Game/Sprites/ColorTiming/Scenes/Boss1/Grass06/Idle/首领1场景_草丛06_待机_0035.png",""
"Move","cec49cb809c705445b0ea493458dcd0a","Assets/Game/Sprites/ColorTiming/Scene/B1/a6/dj/a6草待机_036.png","Assets/Game/Sprites/ColorTiming/Scenes/Boss1/Grass06/Idle/首领1场景_草丛06_待机_0036.png",""
"Move","f1e98f570851f324ba953ee753fc3917","Assets/Game/Sprites/ColorTiming/Scene/B1/a6/dj/a6草待机_037.png","Assets/Game/Sprites/ColorTiming/Scenes/Boss1/Grass06/Idle/首领1场景_草丛06_待机_0037.png",""
"Move","b0f72f47bdadfc74d9d56c5f40e11f5b","Assets/Game/Sprites/ColorTiming/Scene/B1/a6/dj/a6草待机_038.png","Assets/Game/Sprites/ColorTiming/Scenes/Boss1/Grass06/Idle/首领1场景_草丛06_待机_0038.png",""
"Move","bf48b1f570f35b445aa626db09ea4c2c","Assets/Game/Sprites/ColorTiming/Scene/B1/a6/dj/a6草待机_039.png","Assets/Game/Sprites/ColorTiming/Scenes/Boss1/Grass06/Idle/首领1场景_草丛06_待机_0039.png",""
"Move","a7e8bed05666a52499d8d35faf2a7d60","Assets/Game/Sprites/ColorTiming/Scene/B1/a6/dj/a6草待机_040.png","Assets/Game/Sprites/ColorTiming/Scenes/Boss1/Grass06/Idle/首领1场景_草丛06_待机_0040.png",""
"Move","2332e652b2dd8334986e86917ce6dee9","Assets/Game/Sprites/ColorTiming/Scene/B1/a6/dj/a6草待机_041.png","Assets/Game/Sprites/ColorTiming/Scenes/Boss1/Grass06/Idle/首领1场景_草丛06_待机_0041.png",""
"Move","64ee6307241fce44c9f1f75f456d4fa8","Assets/Game/Sprites/ColorTiming/Scene/B1/a6/dj/a6草待机_042.png","Assets/Game/Sprites/ColorTiming/Scenes/Boss1/Grass06/Idle/首领1场景_草丛06_待机_0042.png",""
"Move","bdf3c10c22325a443bdb909fc07b22a6","Assets/Game/Sprites/ColorTiming/Scene/B1/a6/dj/a6草待机_043.png","Assets/Game/Sprites/ColorTiming/Scenes/Boss1/Grass06/Idle/首领1场景_草丛06_待机_0043.png",""
"Move","0d8d185bd7013a2419defd5c17967cfb","Assets/Game/Sprites/ColorTiming/Scene/B1/a6/dj/a6草待机_044.png","Assets/Game/Sprites/ColorTiming/Scenes/Boss1/Grass06/Idle/首领1场景_草丛06_待机_0044.png",""
"Move","a50ede23589283346a13e5a49b1a414a","Assets/Game/Sprites/ColorTiming/Scene/B1/a6/dj/a6草待机_045.png","Assets/Game/Sprites/ColorTiming/Scenes/Boss1/Grass06/Idle/首领1场景_草丛06_待机_0045.png",""
"Move","c35b62872b4ec8b4aaa50bdcb7f37464","Assets/Game/Sprites/ColorTiming/Scene/B1/a6/dj/a6草待机_046.png","Assets/Game/Sprites/ColorTiming/Scenes/Boss1/Grass06/Idle/首领1场景_草丛06_待机_0046.png",""
"Move","b3132a7386d3fe949be24c60ea251e01","Assets/Game/Sprites/ColorTiming/Scene/B1/a6/dj/a6草待机_047.png","Assets/Game/Sprites/ColorTiming/Scenes/Boss1/Grass06/Idle/首领1场景_草丛06_待机_0047.png",""
"Move","eded00c602171cb49b6c45e589afd9ef","Assets/Game/Sprites/ColorTiming/Scene/B1/a6/dj/a6草待机_048.png","Assets/Game/Sprites/ColorTiming/Scenes/Boss1/Grass06/Idle/首领1场景_草丛06_待机_0048.png",""
"Move","410acfbe407b56744b973a36759ffcf0","Assets/Game/Sprites/ColorTiming/Scene/B1/a6/dj/a6草待机_049.png","Assets/Game/Sprites/ColorTiming/Scenes/Boss1/Grass06/Idle/首领1场景_草丛06_待机_0049.png",""
"Move","625fba4611e31c243a7bd835776fd27b","Assets/Game/Sprites/ColorTiming/Scene/B1/a6/dj/a6草待机_050.png","Assets/Game/Sprites/ColorTiming/Scenes/Boss1/Grass06/Idle/首领1场景_草丛06_待机_0050.png",""
"Move","7efb9f18913c77c42ab8d97439964bde","Assets/Game/Sprites/ColorTiming/Scene/B1/a6/dj/a6草待机_051.png","Assets/Game/Sprites/ColorTiming/Scenes/Boss1/Grass06/Idle/首领1场景_草丛06_待机_0051.png",""
"Move","ec77c6c338326a94cad3e19490168134","Assets/Game/Sprites/ColorTiming/Scene/B1/a6/dj/a6草待机_052.png","Assets/Game/Sprites/ColorTiming/Scenes/Boss1/Grass06/Idle/首领1场景_草丛06_待机_0052.png",""
"Move","98d13e5b1bf08be42a8a9b065b1c7ad7","Assets/Game/Sprites/ColorTiming/Scene/B1/a6/dj/a6草待机_053.png","Assets/Game/Sprites/ColorTiming/Scenes/Boss1/Grass06/Idle/首领1场景_草丛06_待机_0053.png",""
"Move","3fe9a0c94cd83a74d9e21f8ed980ec91","Assets/Game/Sprites/ColorTiming/Scene/B1/a6/dj/a6草待机_054.png","Assets/Game/Sprites/ColorTiming/Scenes/Boss1/Grass06/Idle/首领1场景_草丛06_待机_0054.png",""
"Move","8620284432a51374ba5ba239ce220b6b","Assets/Game/Sprites/ColorTiming/Scene/B1/a6/dj/a6草待机_055.png","Assets/Game/Sprites/ColorTiming/Scenes/Boss1/Grass06/Idle/首领1场景_草丛06_待机_0055.png",""
"Move","8f5cd807102c7cc4197dbc7c1defa0ac","Assets/Game/Sprites/ColorTiming/Scene/B1/a6/dj/a6草待机_056.png","Assets/Game/Sprites/ColorTiming/Scenes/Boss1/Grass06/Idle/首领1场景_草丛06_待机_0056.png",""
"Move","f3581417cd0cf8a43b5caaa747ab4728","Assets/Game/Sprites/ColorTiming/Scene/B1/a6/dj/a6草待机_057.png","Assets/Game/Sprites/ColorTiming/Scenes/Boss1/Grass06/Idle/首领1场景_草丛06_待机_0057.png",""
"Move","fab6a830b66ecfe45903b11f97ce3b0f","Assets/Game/Sprites/ColorTiming/Scene/B1/a6/dj/a6草待机_058.png","Assets/Game/Sprites/ColorTiming/Scenes/Boss1/Grass06/Idle/首领1场景_草丛06_待机_0058.png",""
"Move","b5fb83bf0d655d94c9fbb09dbeef2e7d","Assets/Game/Sprites/ColorTiming/Scene/B1/a6/dj/a6草待机_059.png","Assets/Game/Sprites/ColorTiming/Scenes/Boss1/Grass06/Idle/首领1场景_草丛06_待机_0059.png",""
"Move","69a5a229056bbee4d8d747d346994f17","Assets/Game/Sprites/ColorTiming/Scene/B1/a6/dj/a6草待机_060.png","Assets/Game/Sprites/ColorTiming/Scenes/Boss1/Grass06/Idle/首领1场景_草丛06_待机_0060.png",""
"Move","67cc014216a62e34ea3a23719da873dd","Assets/Game/Sprites/ColorTiming/Scene/B1/a6/dj/a6草待机_061.png","Assets/Game/Sprites/ColorTiming/Scenes/Boss1/Grass06/Idle/首领1场景_草丛06_待机_0061.png",""
"Move","3673ade32059f8b499f110a1e3409bf0","Assets/Game/Sprites/ColorTiming/Scene/B1/a6/dj/a6草待机_062.png","Assets/Game/Sprites/ColorTiming/Scenes/Boss1/Grass06/Idle/首领1场景_草丛06_待机_0062.png",""
"Move","f5d3ee95b8da69b4094412d15324d7ef","Assets/Game/Sprites/ColorTiming/Scene/B1/a6/dj/a6草待机_063.png","Assets/Game/Sprites/ColorTiming/Scenes/Boss1/Grass06/Idle/首领1场景_草丛06_待机_0063.png",""
"Move","47b318940157e2a4194f5b9ef09e9b6e","Assets/Game/Sprites/ColorTiming/Scene/B1/a6/dj/a6草待机_064.png","Assets/Game/Sprites/ColorTiming/Scenes/Boss1/Grass06/Idle/首领1场景_草丛06_待机_0064.png",""
"Move","4c9248d69947b3d4bbc661e81e86eb85","Assets/Game/Sprites/ColorTiming/Scene/B1/a6/dj/a6草待机_065.png","Assets/Game/Sprites/ColorTiming/Scenes/Boss1/Grass06/Idle/首领1场景_草丛06_待机_0065.png",""
"Move","f5ef71f9845e24f48b73133c79c402ad","Assets/Game/Sprites/ColorTiming/Scene/B1/a6/dj/a6草待机_066.png","Assets/Game/Sprites/ColorTiming/Scenes/Boss1/Grass06/Idle/首领1场景_草丛06_待机_0066.png",""
"Move","8235d26b7ddb5ea4cb9412dd87d2bf63","Assets/Game/Sprites/ColorTiming/Scene/B1/a6/dj/a6草待机_067.png","Assets/Game/Sprites/ColorTiming/Scenes/Boss1/Grass06/Idle/首领1场景_草丛06_待机_0067.png",""
"Move","0b53245ee077f9547a65e3bc0f69fee7","Assets/Game/Sprites/ColorTiming/Scene/B1/a6/dj/a6草待机_068.png","Assets/Game/Sprites/ColorTiming/Scenes/Boss1/Grass06/Idle/首领1场景_草丛06_待机_0068.png",""
"Move","82920b171a95792498178b906343756d","Assets/Game/Sprites/ColorTiming/Scene/B1/a6/dj/a6草待机_069.png","Assets/Game/Sprites/ColorTiming/Scenes/Boss1/Grass06/Idle/首领1场景_草丛06_待机_0069.png",""
"Move","ff099ca73c1e0b345869f27d00f89682","Assets/Game/Sprites/ColorTiming/Scene/B1/a6/dj/a6草待机_070.png","Assets/Game/Sprites/ColorTiming/Scenes/Boss1/Grass06/Idle/首领1场景_草丛06_待机_0070.png",""
"Move","cc98f0d11ec208746b1488ea703f96c4","Assets/Game/Sprites/ColorTiming/Scene/B1/a6/dj/a6草待机_071.png","Assets/Game/Sprites/ColorTiming/Scenes/Boss1/Grass06/Idle/首领1场景_草丛06_待机_0071.png",""
"Move","989efe97d480a7d409d2fa9ee8df8ea9","Assets/Game/Sprites/ColorTiming/Scene/B1/a6/dj/a6草待机_072.png","Assets/Game/Sprites/ColorTiming/Scenes/Boss1/Grass06/Idle/首领1场景_草丛06_待机_0072.png",""
"Move","023eeb2739ad7f442a37abde0361f507","Assets/Game/Sprites/ColorTiming/Scene/B1/a6/dj/a6草待机_073.png","Assets/Game/Sprites/ColorTiming/Scenes/Boss1/Grass06/Idle/首领1场景_草丛06_待机_0073.png",""
"Move","43a62c890b27b6c44955d379f35618a3","Assets/Game/Sprites/ColorTiming/Scene/B1/a6/dj/a6草待机_074.png","Assets/Game/Sprites/ColorTiming/Scenes/Boss1/Grass06/Idle/首领1场景_草丛06_待机_0074.png",""
"Move","1a1b45a7f2953274ba06ec6eea1e5635","Assets/Game/Sprites/ColorTiming/Scene/B1/a6/dj/a6草待机_075.png","Assets/Game/Sprites/ColorTiming/Scenes/Boss1/Grass06/Idle/首领1场景_草丛06_待机_0075.png",""
"Move","b052d03fce7fb2a4a8f7885df75e5e7f","Assets/Game/Sprites/ColorTiming/Scene/B1/a6/dj/a6草待机_076.png","Assets/Game/Sprites/ColorTiming/Scenes/Boss1/Grass06/Idle/首领1场景_草丛06_待机_0076.png",""
"Move","1d23c485af9ff1543a0c6c3c61faeeb7","Assets/Game/Sprites/ColorTiming/Scene/B1/a6/dj/a6草待机_077.png","Assets/Game/Sprites/ColorTiming/Scenes/Boss1/Grass06/Idle/首领1场景_草丛06_待机_0077.png",""
"Move","eb26c9419f042ee44be1786e8f7ea092","Assets/Game/Sprites/ColorTiming/Scene/B1/a6/dj/a6草待机_078.png","Assets/Game/Sprites/ColorTiming/Scenes/Boss1/Grass06/Idle/首领1场景_草丛06_待机_0078.png",""
"Move","b40a7e83012492a438a64e9b30fdb70a","Assets/Game/Sprites/ColorTiming/Scene/B1/a6/dj/a6草待机_079.png","Assets/Game/Sprites/ColorTiming/Scenes/Boss1/Grass06/Idle/首领1场景_草丛06_待机_0079.png",""
"Move","5ca55da4e64005b4b95fb6dd6ee5bb11","Assets/Game/Sprites/ColorTiming/Scene/B1/a6/dj/a6草待机_080.png","Assets/Game/Sprites/ColorTiming/Scenes/Boss1/Grass06/Idle/首领1场景_草丛06_待机_0080.png",""
"Move","5d9c1be41a8baac4c9b07504c8188b9c","Assets/Game/Sprites/ColorTiming/Scene/B1/a6/dj/a6草待机_081.png","Assets/Game/Sprites/ColorTiming/Scenes/Boss1/Grass06/Idle/首领1场景_草丛06_待机_0081.png",""
"Move","baff73091636930419ff09e0915591be","Assets/Game/Sprites/ColorTiming/Scene/B1/a6/dj/a6草待机_082.png","Assets/Game/Sprites/ColorTiming/Scenes/Boss1/Grass06/Idle/首领1场景_草丛06_待机_0082.png",""
"Move","ff9d9bc7d0658384190c4c7ab6b6b1a6","Assets/Game/Sprites/ColorTiming/Scene/B1/a6/dj/a6草待机_083.png","Assets/Game/Sprites/ColorTiming/Scenes/Boss1/Grass06/Idle/首领1场景_草丛06_待机_0083.png",""
"Move","f5c128d478d26d24daa62415879fba59","Assets/Game/Sprites/ColorTiming/Scene/B1/a6/dj/a6草待机_084.png","Assets/Game/Sprites/ColorTiming/Scenes/Boss1/Grass06/Idle/首领1场景_草丛06_待机_0084.png",""
"Move","0dc99a40220ec6d428010ae6882633b2","Assets/Game/Sprites/ColorTiming/Scene/B1/a6/dj/a6草待机_085.png","Assets/Game/Sprites/ColorTiming/Scenes/Boss1/Grass06/Idle/首领1场景_草丛06_待机_0085.png",""
"Move","7387e4fb2e265ac4f8ac7db585155f76","Assets/Game/Sprites/ColorTiming/Scene/B1/a6/dj/a6草待机_086.png","Assets/Game/Sprites/ColorTiming/Scenes/Boss1/Grass06/Idle/首领1场景_草丛06_待机_0086.png",""
"Move","fe2ca282cc150744aa6a1fbab9934ea6","Assets/Game/Sprites/ColorTiming/Scene/B1/a6/dj/a6草待机_087.png","Assets/Game/Sprites/ColorTiming/Scenes/Boss1/Grass06/Idle/首领1场景_草丛06_待机_0087.png",""
"Move","f473c4a10741b0d49b3defc5c3730f3a","Assets/Game/Sprites/ColorTiming/Scene/B1/a6/dj/a6草待机_088.png","Assets/Game/Sprites/ColorTiming/Scenes/Boss1/Grass06/Idle/首领1场景_草丛06_待机_0088.png",""
"Move","e71462eb7763f1e4aa290264fddc235e","Assets/Game/Sprites/ColorTiming/Scene/B1/a6/dj/a6草待机_089.png","Assets/Game/Sprites/ColorTiming/Scenes/Boss1/Grass06/Idle/首领1场景_草丛06_待机_0089.png",""
"Move","7b203aa7b521ad0428df1c89083637a0","Assets/Game/Sprites/ColorTiming/Scene/B1/a6/dj/a6草待机_090.png","Assets/Game/Sprites/ColorTiming/Scenes/Boss1/Grass06/Idle/首领1场景_草丛06_待机_0090.png",""
"Move","17509e2097253b544a41c23b25f4ba70","Assets/Game/Sprites/ColorTiming/Scene/B1/a6/dj/a6草待机_091.png","Assets/Game/Sprites/ColorTiming/Scenes/Boss1/Grass06/Idle/首领1场景_草丛06_待机_0091.png",""
"Move","e9d1299b1f2178f4eb804ddd6c881725","Assets/Game/Sprites/ColorTiming/Scene/B1/a6/dj/a6草待机_092.png","Assets/Game/Sprites/ColorTiming/Scenes/Boss1/Grass06/Idle/首领1场景_草丛06_待机_0092.png",""
"Move","85a5723d16b41894eb59e9e40b34f0f9","Assets/Game/Sprites/ColorTiming/Scene/B1/a6/dj/a6草待机_093.png","Assets/Game/Sprites/ColorTiming/Scenes/Boss1/Grass06/Idle/首领1场景_草丛06_待机_0093.png",""
"Move","6346c041eeae0e74eb2a5fef159a90ef","Assets/Game/Sprites/ColorTiming/Scene/B1/a6/dj/a6草待机_094.png","Assets/Game/Sprites/ColorTiming/Scenes/Boss1/Grass06/Idle/首领1场景_草丛06_待机_0094.png",""
"Move","3e29db998d932a142bedd02a3490bb04","Assets/Game/Sprites/ColorTiming/Scene/B1/a6/dj/a6草待机_095.png","Assets/Game/Sprites/ColorTiming/Scenes/Boss1/Grass06/Idle/首领1场景_草丛06_待机_0095.png",""
"Move","f256df3fe124d8d4a8a8d554180f5775","Assets/Game/Sprites/ColorTiming/Scene/B1/a6/dj/a6草待机_096.png","Assets/Game/Sprites/ColorTiming/Scenes/Boss1/Grass06/Idle/首领1场景_草丛06_待机_0096.png",""
"Move","408809d0d1e0a3b41b03bb32d74cc7be","Assets/Game/Sprites/ColorTiming/Scene/B1/a6/dj/a6草待机_097.png","Assets/Game/Sprites/ColorTiming/Scenes/Boss1/Grass06/Idle/首领1场景_草丛06_待机_0097.png",""
"Move","54e93208190232a4f9e6bfc4ecf8b37b","Assets/Game/Sprites/ColorTiming/Scene/B1/a6/dj/a6草待机_098.png","Assets/Game/Sprites/ColorTiming/Scenes/Boss1/Grass06/Idle/首领1场景_草丛06_待机_0098.png",""
"Move","748c14d9dd0a6fc4b8582af4141fb97a","Assets/Game/Sprites/ColorTiming/Scene/B1/a6/dj/a6草待机_099.png","Assets/Game/Sprites/ColorTiming/Scenes/Boss1/Grass06/Idle/首领1场景_草丛06_待机_0099.png",""
"Move","f570442acc7d5934188bb646959580a8","Assets/Game/Sprites/ColorTiming/Scene/B1/a6/dj/a6草待机_100.png","Assets/Game/Sprites/ColorTiming/Scenes/Boss1/Grass06/Idle/首领1场景_草丛06_待机_0100.png",""
"Move","5db348026d3e60e4ba71e9b765f08bc7","Assets/Game/Sprites/ColorTiming/Scene/B1/a6/dj/a6草待机_101.png","Assets/Game/Sprites/ColorTiming/Scenes/Boss1/Grass06/Idle/首领1场景_草丛06_待机_0101.png",""
"Move","319ae31fbf9db0c46bc7f4e1662e1dd3","Assets/Game/Sprites/ColorTiming/Scene/B1/a6/dj/a6草待机_102.png","Assets/Game/Sprites/ColorTiming/Scenes/Boss1/Grass06/Idle/首领1场景_草丛06_待机_0102.png",""
"Move","e8fad44d9c8ae0f4f98923f5443463e9","Assets/Game/Sprites/ColorTiming/Scene/B1/a6/dj/a6草待机_103.png","Assets/Game/Sprites/ColorTiming/Scenes/Boss1/Grass06/Idle/首领1场景_草丛06_待机_0103.png",""
"Move","b53653d3062381b48a571aa18c76939b","Assets/Game/Sprites/ColorTiming/Scene/B1/a6/dj/a6草待机_104.png","Assets/Game/Sprites/ColorTiming/Scenes/Boss1/Grass06/Idle/首领1场景_草丛06_待机_0104.png",""
"Move","1eedf594c4b10b24593d164b6f1cb532","Assets/Game/Sprites/ColorTiming/Scene/B1/a6/dj/a6草待机_105.png","Assets/Game/Sprites/ColorTiming/Scenes/Boss1/Grass06/Idle/首领1场景_草丛06_待机_0105.png",""
"Move","d5922609e23b81c4582ab90a34b0f02b","Assets/Game/Sprites/ColorTiming/Scene/B1/a6/dj/a6草待机_106.png","Assets/Game/Sprites/ColorTiming/Scenes/Boss1/Grass06/Idle/首领1场景_草丛06_待机_0106.png",""
"Move","284a03de5bd18a64bbc72cd57e701e71","Assets/Game/Sprites/ColorTiming/Scene/B1/a6/dj/a6草待机_107.png","Assets/Game/Sprites/ColorTiming/Scenes/Boss1/Grass06/Idle/首领1场景_草丛06_待机_0107.png",""
"Move","45e1fd9d554b82d4bb6424a1e23e1932","Assets/Game/Sprites/ColorTiming/Scene/B1/a6/dj/a6草待机_108.png","Assets/Game/Sprites/ColorTiming/Scenes/Boss1/Grass06/Idle/首领1场景_草丛06_待机_0108.png",""
"Move","5ce6749b5302d9042af4b31a9a0e6c2b","Assets/Game/Sprites/ColorTiming/Scene/B1/a6/dj/a6草待机_109.png","Assets/Game/Sprites/ColorTiming/Scenes/Boss1/Grass06/Idle/首领1场景_草丛06_待机_0109.png",""
"Move","6847422bd77ce274ba7c4580af9b30b1","Assets/Game/Sprites/ColorTiming/Scene/B1/a6/dj/a6草待机_110.png","Assets/Game/Sprites/ColorTiming/Scenes/Boss1/Grass06/Idle/首领1场景_草丛06_待机_0110.png",""
"Move","c7c752e4ef7441041ba628cb45bb75b5","Assets/Game/Sprites/ColorTiming/Scene/B1/a6/dj/a6草待机_111.png","Assets/Game/Sprites/ColorTiming/Scenes/Boss1/Grass06/Idle/首领1场景_草丛06_待机_0111.png",""
"Move","879fb2cfffae0c0449eddc6e04ecc0c8","Assets/Game/Sprites/ColorTiming/Scene/B1/a6/dj/a6草待机_112.png","Assets/Game/Sprites/ColorTiming/Scenes/Boss1/Grass06/Idle/首领1场景_草丛06_待机_0112.png",""
"Move","04918e2871858f942b1753dde73c5be2","Assets/Game/Sprites/ColorTiming/Scene/B1/a6/dj/a6草待机_113.png","Assets/Game/Sprites/ColorTiming/Scenes/Boss1/Grass06/Idle/首领1场景_草丛06_待机_0113.png",""
"Move","6a87b0a44f570894296c3b48bb3c8603","Assets/Game/Sprites/ColorTiming/Scene/B1/a6/dj/a6草待机_114.png","Assets/Game/Sprites/ColorTiming/Scenes/Boss1/Grass06/Idle/首领1场景_草丛06_待机_0114.png",""
"Move","dce191497fe5eb04fb3778dff8e9cca5","Assets/Game/Sprites/ColorTiming/Scene/B1/a6/dj/a6草待机_115.png","Assets/Game/Sprites/ColorTiming/Scenes/Boss1/Grass06/Idle/首领1场景_草丛06_待机_0115.png",""
"Move","2d4bd9bb077a8d14dbec814ea8307f4c","Assets/Game/Sprites/ColorTiming/Scene/B1/a6/dj/a6草待机_116.png","Assets/Game/Sprites/ColorTiming/Scenes/Boss1/Grass06/Idle/首领1场景_草丛06_待机_0116.png",""
"Move","0c2c718c517a44848a2bdcb8b4799ec1","Assets/Game/Sprites/ColorTiming/Scene/B1/a6/dj/a6草待机_117.png","Assets/Game/Sprites/ColorTiming/Scenes/Boss1/Grass06/Idle/首领1场景_草丛06_待机_0117.png",""
"Move","f5cc031aa7eb57746bd226cd2705a218","Assets/Game/Sprites/ColorTiming/Scene/B1/a6/dj/a6草待机_118.png","Assets/Game/Sprites/ColorTiming/Scenes/Boss1/Grass06/Idle/首领1场景_草丛06_待机_0118.png",""
"Move","20a8b5d6c9b5c2d44b40c07689d4e92c","Assets/Game/Sprites/ColorTiming/Scene/B1/a6/dj/a6草待机_119.png","Assets/Game/Sprites/ColorTiming/Scenes/Boss1/Grass06/Idle/首领1场景_草丛06_待机_0119.png",""
"Move","cf5a52c829edaaf4b84bf42745ebc679","Assets/Game/Sprites/ColorTiming/Scene/B1/a6/dj/a6草待机_120.png","Assets/Game/Sprites/ColorTiming/Scenes/Boss1/Grass06/Idle/首领1场景_草丛06_待机_0120.png",""
"Move","e89d890d4f1f40d4090002e243b2149e","Assets/Game/Sprites/ColorTiming/Scene/B1/a6/dj/a6草待机_121.png","Assets/Game/Sprites/ColorTiming/Scenes/Boss1/Grass06/Idle/首领1场景_草丛06_待机_0121.png",""
"Move","4de4b62cb69bcd34f8cbc3d4f7139459","Assets/Game/Sprites/ColorTiming/Scene/B1/a6/dj/a6草待机_122.png","Assets/Game/Sprites/ColorTiming/Scenes/Boss1/Grass06/Idle/首领1场景_草丛06_待机_0122.png",""
"Move","1307f7b5c44e2194f97d4e3cf65acc7c","Assets/Game/Sprites/ColorTiming/Scene/B1/a6/dj/a6草待机_123.png","Assets/Game/Sprites/ColorTiming/Scenes/Boss1/Grass06/Idle/首领1场景_草丛06_待机_0123.png",""
"Move","801ec14076dece3429ed7e1f72800f97","Assets/Game/Sprites/ColorTiming/Scene/B1/a6/dj/a6草待机_124.png","Assets/Game/Sprites/ColorTiming/Scenes/Boss1/Grass06/Idle/首领1场景_草丛06_待机_0124.png",""
"Move","e29a48da15d4ee94eb3d85f738b32eff","Assets/Game/Sprites/ColorTiming/Scene/B1/a6/dj/a6草待机_125.png","Assets/Game/Sprites/ColorTiming/Scenes/Boss1/Grass06/Idle/首领1场景_草丛06_待机_0125.png",""
"Move","362db094f714fe94aaec36d4a211f511","Assets/Game/Sprites/ColorTiming/Scene/B1/a6/dj/a6草待机_126.png","Assets/Game/Sprites/ColorTiming/Scenes/Boss1/Grass06/Idle/首领1场景_草丛06_待机_0126.png",""
"Move","fefd68802d1af2f4483965b0bdd4658e","Assets/Game/Sprites/ColorTiming/Scene/B1/a6/dj/a6草待机_127.png","Assets/Game/Sprites/ColorTiming/Scenes/Boss1/Grass06/Idle/首领1场景_草丛06_待机_0127.png",""
"Move","06d6f9d437cf6b547ae4d0bda23f2724","Assets/Game/Sprites/ColorTiming/Scene/B1/a6/dj/a6草待机_128.png","Assets/Game/Sprites/ColorTiming/Scenes/Boss1/Grass06/Idle/首领1场景_草丛06_待机_0128.png",""
"Move","18662073983fc3146b6265df9e0c56d8","Assets/Game/Sprites/ColorTiming/Scene/B1/a6/dj/a6草待机_129.png","Assets/Game/Sprites/ColorTiming/Scenes/Boss1/Grass06/Idle/首领1场景_草丛06_待机_0129.png",""
"Move","5401348bef5985241bb3be94f2cff08c","Assets/Game/Sprites/ColorTiming/Scene/B1/a6/dj/a6草待机_130.png","Assets/Game/Sprites/ColorTiming/Scenes/Boss1/Grass06/Idle/首领1场景_草丛06_待机_0130.png",""
"Move","a205750dcf104a2468a0804182c85df8","Assets/Game/Sprites/ColorTiming/Scene/B1/a6/dj/a6草待机_131.png","Assets/Game/Sprites/ColorTiming/Scenes/Boss1/Grass06/Idle/首领1场景_草丛06_待机_0131.png",""
"Move","4ce20a6254c0b584c941e76ee3e4cd38","Assets/Game/Sprites/ColorTiming/Scene/B1/a6/dj/a6草待机_132.png","Assets/Game/Sprites/ColorTiming/Scenes/Boss1/Grass06/Idle/首领1场景_草丛06_待机_0132.png",""
"Move","a46cf5493172e1f439d5537220ff1480","Assets/Game/Sprites/ColorTiming/Scene/B1/a6/dj/a6草待机_133.png","Assets/Game/Sprites/ColorTiming/Scenes/Boss1/Grass06/Idle/首领1场景_草丛06_待机_0133.png",""
"Move","0b8b71abea48e2740b6e499ab56867ed","Assets/Game/Sprites/ColorTiming/Scene/B1/a6/dj/a6草待机_134.png","Assets/Game/Sprites/ColorTiming/Scenes/Boss1/Grass06/Idle/首领1场景_草丛06_待机_0134.png",""
"Move","3dd57496afa74cb4db62b90b68862796","Assets/Game/Sprites/ColorTiming/Scene/B1/jianci/b1.png","Assets/Game/Sprites/ColorTiming/Scenes/Boss1/Thorns/首领1场景_尖刺_0001.png",""
"Move","17e763ca89682714fbcf191a24953c76","Assets/Game/Sprites/ColorTiming/Scene/B1/jianci/b2.png","Assets/Game/Sprites/ColorTiming/Scenes/Boss1/Thorns/首领1场景_尖刺_0002.png",""
"Move","9cdeef9d07322954fa79d2fcd46eb08f","Assets/Game/Sprites/ColorTiming/Scene/B1/jianci/b3.png","Assets/Game/Sprites/ColorTiming/Scenes/Boss1/Thorns/首领1场景_尖刺_0003.png",""
"Move","6b4c6bb45ae023a469e80a2813d1a4c4","Assets/Game/Sprites/ColorTiming/Scene/B1/jianci/b4.png","Assets/Game/Sprites/ColorTiming/Scenes/Boss1/Thorns/首领1场景_尖刺_0004.png",""
"Move","34343a0f65018a94d9406502d39c7c64","Assets/Game/Sprites/ColorTiming/Scene/B1/jianci/b5.png","Assets/Game/Sprites/ColorTiming/Scenes/Boss1/Thorns/首领1场景_尖刺_0005.png",""
"Move","b18709d862c96124ebd4c433d9783a80","Assets/Game/Sprites/ColorTiming/Scene/B1/jianci/b6.png","Assets/Game/Sprites/ColorTiming/Scenes/Boss1/Thorns/首领1场景_尖刺_0006.png",""
"Move","55ee44de79fb8734693e656e7f95b6c5","Assets/Game/Sprites/ColorTiming/Scene/B1/jianci/b7.png","Assets/Game/Sprites/ColorTiming/Scenes/Boss1/Thorns/首领1场景_尖刺_0007.png",""
"Move","a52695139706731479ba3c6e15a3a157","Assets/Game/Sprites/ColorTiming/Scene/B1/jianci/b8.png","Assets/Game/Sprites/ColorTiming/Scenes/Boss1/Thorns/首领1场景_尖刺_0008.png",""
"Move","e7993fea574d0ed4f84ed9796d300637","Assets/Game/Sprites/ColorTiming/Scene/B1/jianci/b9.png","Assets/Game/Sprites/ColorTiming/Scenes/Boss1/Thorns/首领1场景_尖刺_0009.png",""
"Move","d0d33b093130bb548b5b99b54b46e805","Assets/Game/Sprites/ColorTiming/Scene/B1/jianci/摆放图（注意前后）.png","Assets/Game/Sprites/ColorTiming/Scenes/Boss1/Thorns/首领1场景_尖刺_摆放图_制作参考_前后层级.png",""
"Move","f210d2baf4684c24f918472edd17dac1","Assets/Game/Sprites/ColorTiming/Scene/B1/地板.png","Assets/Game/Sprites/ColorTiming/Scenes/Boss1/首领1场景_地板.png",""
"Delete","7e382f747a2df494ea9a3ae1c5252602","Assets/Game/Sprites/ColorTiming/Scene/B1/摆放图（注意前后）.png","","用户确认的未使用制作参考资源"
"Move","b0373acf119065148a7106d8dbfbc62a","Assets/Game/Sprites/ColorTiming/Scene/B1/暗角.png","Assets/Game/Sprites/ColorTiming/Scenes/Boss1/首领1场景_暗角.png",""
"Move","7ea2d391d9ab9bb4985b6fd8c870b531","Assets/Game/Sprites/ColorTiming/Scene/B1/背景第一层.png","Assets/Game/Sprites/ColorTiming/Scenes/Boss1/首领1场景_背景_第一层.png",""
"Move","53575ecd9fb7bdd4785520baa0bb57d4","Assets/Game/Sprites/ColorTiming/Scene/B1/背景第二层.png","Assets/Game/Sprites/ColorTiming/Scenes/Boss1/首领1场景_背景_第二层.png",""
"Move","7a2a1f0197c47c14081e9a8788c0fdc6","Assets/Game/Sprites/ColorTiming/Scene/B1/花草.png","Assets/Game/Sprites/ColorTiming/Scenes/Boss1/首领1场景_花草.png",""
"Move","ee9cfd29f78ad214fb6bb48a3bad8f18","Assets/Game/Sprites/ColorTiming/Scene/B1/草丛摆放图.png","Assets/Game/Sprites/ColorTiming/Scenes/Boss1/首领1场景_草丛摆放图.png",""
"Move","df69c3970616da047948b73076dbdecd","Assets/Game/Sprites/ColorTiming/Scene/B1/锤子.png","Assets/Game/Sprites/ColorTiming/Scenes/Boss1/首领1场景_锤子.png",""
"Move","51a4a8ea8047774488b9d0fbcbe17782","Assets/Game/Sprites/ColorTiming/Scene/B1/黑底.png","Assets/Game/Sprites/ColorTiming/Scenes/Boss1/首领1场景_黑底.png",""
"Move","86e3e4ae6f6d133408f9fb788d0ff41f","Assets/Game/Sprites/ColorTiming/Scene/B2/BOSS房合并示意图.jpg","Assets/Game/Sprites/ColorTiming/Scenes/Boss2/首领2场景_首领房合并示意图.jpg",""
"Move","aeee1ebca88c5d645b5f05709b27fcd4","Assets/Game/Sprites/ColorTiming/Scene/B2/cao/A1.png","Assets/Game/Sprites/ColorTiming/Scenes/Boss2/Grass/首领2场景_草丛_组A_0001.png",""
"Move","0a568e9129f39ef4195e7eca9e0a0620","Assets/Game/Sprites/ColorTiming/Scene/B2/cao/A2.png","Assets/Game/Sprites/ColorTiming/Scenes/Boss2/Grass/首领2场景_草丛_组A_0002.png",""
"Move","41458b5564463fa4d94c9bc85fc2e0b9","Assets/Game/Sprites/ColorTiming/Scene/B2/cao/B1.png","Assets/Game/Sprites/ColorTiming/Scenes/Boss2/Grass/首领2场景_草丛_组B_0001.png",""
"Move","9ab3359eeab565847ba7b97d8bb82ead","Assets/Game/Sprites/ColorTiming/Scene/B2/cao/B2.png","Assets/Game/Sprites/ColorTiming/Scenes/Boss2/Grass/首领2场景_草丛_组B_0002.png",""
"Move","54f8a08eee9241d4ab9835643b8d4e26","Assets/Game/Sprites/ColorTiming/Scene/B2/cao/C1.png","Assets/Game/Sprites/ColorTiming/Scenes/Boss2/Grass/首领2场景_草丛_组C_0001.png",""
"Move","e724cdf4649bc594c8f5c05d3868b584","Assets/Game/Sprites/ColorTiming/Scene/B2/cao/C2.png","Assets/Game/Sprites/ColorTiming/Scenes/Boss2/Grass/首领2场景_草丛_组C_0002.png",""
"Move","d67c4b88d12cb2d41b930282ffa01717","Assets/Game/Sprites/ColorTiming/Scene/B2/cao/D1.png","Assets/Game/Sprites/ColorTiming/Scenes/Boss2/Grass/首领2场景_草丛_组D_0001.png",""
"Move","c8a086f59beae1e43a691211a87beff2","Assets/Game/Sprites/ColorTiming/Scene/B2/cao/D2.png","Assets/Game/Sprites/ColorTiming/Scenes/Boss2/Grass/首领2场景_草丛_组D_0002.png",""
"Move","4baa04d44203b0748987d24298affeea","Assets/Game/Sprites/ColorTiming/Scene/B2/cao/D3.png","Assets/Game/Sprites/ColorTiming/Scenes/Boss2/Grass/首领2场景_草丛_组D_0003.png",""
"Move","2d1ecd5d1fd67b74d83a5fdbae82b095","Assets/Game/Sprites/ColorTiming/Scene/B2/cao/E.png","Assets/Game/Sprites/ColorTiming/Scenes/Boss2/Grass/首领2场景_草丛_组E.png",""
"Move","b7a911e876bba60429540f6e2747390c","Assets/Game/Sprites/ColorTiming/Scene/B2/cao/F.png","Assets/Game/Sprites/ColorTiming/Scenes/Boss2/Grass/首领2场景_草丛_组F.png",""
"Move","d03f4581c0442fc4c847b4c318c467ac","Assets/Game/Sprites/ColorTiming/Scene/B2/层级1.png","Assets/Game/Sprites/ColorTiming/Scenes/Boss2/首领2场景_层级_0001.png",""
"Move","ff8421b88a68df84c9bd42f3b9f9f3f1","Assets/Game/Sprites/ColorTiming/Scene/B2/层级2.png","Assets/Game/Sprites/ColorTiming/Scenes/Boss2/首领2场景_层级_0002.png",""
"Move","4b20660d01a5e3a439f4bfafcf1537c3","Assets/Game/Sprites/ColorTiming/Scene/B2/层级3.png","Assets/Game/Sprites/ColorTiming/Scenes/Boss2/首领2场景_层级_0003.png",""
"Move","e84a005adbbdb2d44934c25e765c462c","Assets/Game/Sprites/ColorTiming/Scene/B2/层级4.png","Assets/Game/Sprites/ColorTiming/Scenes/Boss2/首领2场景_层级_0004.png",""
"Move","3ed2b6a19579e1b46b45b82fce5377b7","Assets/Game/Sprites/ColorTiming/Scene/B2/摆放位置（注意前后位置和左右方向）.jpg","Assets/Game/Sprites/ColorTiming/Scenes/Boss2/首领2场景_摆放位置_注意前后位置和左右方向.jpg",""
"Move","e81698656c450b34a887ca5f8cc15b81","Assets/Game/Sprites/ColorTiming/Scene/B2/暗角.png","Assets/Game/Sprites/ColorTiming/Scenes/Boss2/首领2场景_暗角.png",""
"Delete","79b743e4354a6944d8b8294e7ab19a56","Assets/Game/Sprites/ColorTiming/Scene/B2/标注.jpg","","用户确认的未使用制作参考资源"
"Move","fa3c78b58021205459ebf59a521bfa70","Assets/Game/Sprites/ColorTiming/Scene/B2/玩家、BOSS移动范围.jpg","Assets/Game/Sprites/ColorTiming/Scenes/Boss2/首领2场景_玩家_首领_移动_范围.jpg",""
"Move","61f109b9184303643b4057b8123f052c","Assets/Game/Sprites/ColorTiming/Scene/B2/第二关.jpg","Assets/Game/Sprites/ColorTiming/Scenes/Boss2/首领2场景_第二关.jpg",""
"Delete","3aeaca9f61b44424fb69a4ee3f342b4c","Assets/Game/Sprites/ColorTiming/Scene/B2/第二关BOSS拆分3.png","","用户确认的未使用制作参考资源"
"Move","2abae86b7e7a05e43b2ab819175236af","Assets/Game/Sprites/ColorTiming/Scene/B2/第二关效果图.jpg","Assets/Game/Sprites/ColorTiming/Scenes/Boss2/首领2场景_第二关效果图.jpg",""
"Move","2d26f19bad8c5ea43ac3bc7ab64fafe3","Assets/Game/Sprites/ColorTiming/Scene/B2/纸片1.png","Assets/Game/Sprites/ColorTiming/Scenes/Boss2/首领2场景_纸片_0001.png",""
"Move","2b5316fab01dc9a4095a558bce99da15","Assets/Game/Sprites/ColorTiming/Scene/B2/纸片2.png","Assets/Game/Sprites/ColorTiming/Scenes/Boss2/首领2场景_纸片_0002.png",""
"Move","ecba966a453943f4bbe6d7f4ab9a0a01","Assets/Game/Sprites/ColorTiming/Scene/B2/纸片3.png","Assets/Game/Sprites/ColorTiming/Scenes/Boss2/首领2场景_纸片_0003.png",""
"Move","8a83b543a85c58441bf72738d7f8ff68","Assets/Game/Sprites/ColorTiming/Scene/B2/纸片4.png","Assets/Game/Sprites/ColorTiming/Scenes/Boss2/首领2场景_纸片_0004.png",""
"Move","5f0203428d4312045ba6ca429104ed46","Assets/Game/Sprites/ColorTiming/Scene/B2/铅笔.png","Assets/Game/Sprites/ColorTiming/Scenes/Boss2/首领2场景_铅笔.png",""
"Delete","eaf6fbcfd9aa446488690e0fb811382d","Assets/Game/Sprites/ColorTiming/System/tongguan.png","","用户确认的未使用制作参考资源"
"Move","fa7c38f4c201ad0498a4a87c8550d7cb","Assets/Game/Sprites/ColorTiming/System/游戏logo.png","Assets/Game/Sprites/ColorTiming/UI/MainMenu/游戏标志.png",""
"Move","7ca444f3f2315e943a4424c7fcfa96d0","Assets/Game/Sprites/ColorTiming/UI_ESC/关闭提示弹窗（悬停）.png","Assets/Game/Sprites/ColorTiming/UI/PauseMenu/按钮_关闭提示弹窗_悬停.png",""
"Move","87d99bdc99566154c80dbc1c9b380bd8","Assets/Game/Sprites/ColorTiming/UI_ESC/关闭提示弹窗（按下）.png","Assets/Game/Sprites/ColorTiming/UI/PauseMenu/按钮_关闭提示弹窗_按下.png",""
"Move","1833a20bc3177824980975d2edde3ab8","Assets/Game/Sprites/ColorTiming/UI_ESC/关闭提示弹窗（正常）.png","Assets/Game/Sprites/ColorTiming/UI/PauseMenu/按钮_关闭提示弹窗_正常.png",""
"Move","6196d9d0f31861143910a64bf176e046","Assets/Game/Sprites/ColorTiming/UI_ESC/开启提示弹窗（悬停）.png","Assets/Game/Sprites/ColorTiming/UI/PauseMenu/按钮_开启提示弹窗_悬停.png",""
"Move","95d2dbada82b8b047bcb2e895787add0","Assets/Game/Sprites/ColorTiming/UI_ESC/开启提示弹窗（按下）.png","Assets/Game/Sprites/ColorTiming/UI/PauseMenu/按钮_开启提示弹窗_按下.png",""
"Move","c2e84c0d05249e840b7d5c116c29b14e","Assets/Game/Sprites/ColorTiming/UI_ESC/开始提示弹窗（正常）.png","Assets/Game/Sprites/ColorTiming/UI/PauseMenu/按钮_开启提示弹窗_正常.png",""
"Move","304d61c61eacafa4ca58017842420714","Assets/Game/Sprites/ColorTiming/UI_ESC/返回上一关（悬停）.png","Assets/Game/Sprites/ColorTiming/UI/PauseMenu/按钮_返回上一关_悬停.png",""
"Move","6933a95c62d96464d87988223776549c","Assets/Game/Sprites/ColorTiming/UI_ESC/返回上一关（按下）.png","Assets/Game/Sprites/ColorTiming/UI/PauseMenu/按钮_返回上一关_按下.png",""
"Move","b8623d25f9125944aa6d59b1618e424d","Assets/Game/Sprites/ColorTiming/UI_ESC/返回上一关（正常）.png","Assets/Game/Sprites/ColorTiming/UI/PauseMenu/按钮_返回上一关_正常.png",""
"Move","a2f98eba194478a4a82e9bce1c30ddfb","Assets/Game/Sprites/ColorTiming/UI_ESC/返回主菜单（悬停）.png","Assets/Game/Sprites/ColorTiming/UI/PauseMenu/按钮_返回主菜单_悬停.png",""
"Move","0e1fd62858e73a2469bd5fe3a6856902","Assets/Game/Sprites/ColorTiming/UI_ESC/返回主菜单（按下）.png","Assets/Game/Sprites/ColorTiming/UI/PauseMenu/按钮_返回主菜单_按下.png",""
"Move","5533ce6931f1cda4b9df8e241cd41299","Assets/Game/Sprites/ColorTiming/UI_ESC/返回主菜单（正常）.png","Assets/Game/Sprites/ColorTiming/UI/PauseMenu/按钮_返回主菜单_正常.png",""
"Move","e3cc574260c6da94c93f696d7110b78c","Assets/Game/Sprites/ColorTiming/UI_ESC/进入下一关（悬停）.png","Assets/Game/Sprites/ColorTiming/UI/PauseMenu/按钮_进入下一关_悬停.png",""
"Move","e7342a885e0bf684fb76f137a65cda22","Assets/Game/Sprites/ColorTiming/UI_ESC/进入下一关（按下）.png","Assets/Game/Sprites/ColorTiming/UI/PauseMenu/按钮_进入下一关_按下.png",""
"Move","d333e6d165ec4244f867721fbc574451","Assets/Game/Sprites/ColorTiming/UI_ESC/进入下一关（正常）.png","Assets/Game/Sprites/ColorTiming/UI/PauseMenu/按钮_进入下一关_正常.png",""
"Move","36b3cb8fc2cf2f746bd9a4f23ef9a8b1","Assets/Game/Sprites/ColorTiming/UI_Set/关闭音乐（悬停）.png","Assets/Game/Sprites/ColorTiming/UI/Settings/按钮_关闭音乐_悬停.png",""
"Move","e73aa7e183e6b204e98b66dc722cd171","Assets/Game/Sprites/ColorTiming/UI_Set/关闭音乐（按下）.png","Assets/Game/Sprites/ColorTiming/UI/Settings/按钮_关闭音乐_按下.png",""
"Move","b520ac15fa097a04f8a9363b69616e0b","Assets/Game/Sprites/ColorTiming/UI_Set/关闭音乐（正常）.png","Assets/Game/Sprites/ColorTiming/UI/Settings/按钮_关闭音乐_正常.png",""
"Move","70e76b9626386184aadba92b56a4e856","Assets/Game/Sprites/ColorTiming/UI_Set/关闭音效（悬停）.png","Assets/Game/Sprites/ColorTiming/UI/Settings/按钮_关闭音效_悬停.png",""
"Move","344592caf9cd3a24f8d6b2ae711f3cc7","Assets/Game/Sprites/ColorTiming/UI_Set/关闭音效（按下）.png","Assets/Game/Sprites/ColorTiming/UI/Settings/按钮_关闭音效_按下.png",""
"Move","f8baeed30aa9c63409aec0fa815be9bc","Assets/Game/Sprites/ColorTiming/UI_Set/关闭音效（正常）.png","Assets/Game/Sprites/ColorTiming/UI/Settings/按钮_关闭音效_正常.png",""
"Move","2ad5c3adf5a85e94d875bd46e10759f0","Assets/Game/Sprites/ColorTiming/UI_Set/开启音乐（悬停）.png","Assets/Game/Sprites/ColorTiming/UI/Settings/按钮_开启音乐_悬停.png",""
"Move","5ab9b975f85a2dd48adc49cdad8faafc","Assets/Game/Sprites/ColorTiming/UI_Set/开启音乐（按下）.png","Assets/Game/Sprites/ColorTiming/UI/Settings/按钮_开启音乐_按下.png",""
"Move","3f555dcde64e3164e91b646075791eb6","Assets/Game/Sprites/ColorTiming/UI_Set/开启音乐（正常）.png","Assets/Game/Sprites/ColorTiming/UI/Settings/按钮_开启音乐_正常.png",""
"Move","ff59e3fb7ff84034b831d936e4efbb07","Assets/Game/Sprites/ColorTiming/UI_Set/开启音效（悬停）.png","Assets/Game/Sprites/ColorTiming/UI/Settings/按钮_开启音效_悬停.png",""
"Move","eadbfbba2f95ded44871ee886d392b75","Assets/Game/Sprites/ColorTiming/UI_Set/开启音效（按下）.png","Assets/Game/Sprites/ColorTiming/UI/Settings/按钮_开启音效_按下.png",""
"Move","642e1756f4a40444e998dca3aae419bb","Assets/Game/Sprites/ColorTiming/UI_Set/开启音效（正常）.png","Assets/Game/Sprites/ColorTiming/UI/Settings/按钮_开启音效_正常.png",""
"Move","c6ab14c863df0294090e5c91db250ab1","Assets/Game/Sprites/ColorTiming/UI_Set/返回（悬停）.png","Assets/Game/Sprites/ColorTiming/UI/Settings/按钮_返回_悬停.png",""
"Move","c92fbc62c7ea45d45b258f537bb707d4","Assets/Game/Sprites/ColorTiming/UI_Set/返回（按下）.png","Assets/Game/Sprites/ColorTiming/UI/Settings/按钮_返回_按下.png",""
"Move","e059614e32701d9459e1bd759a07a708","Assets/Game/Sprites/ColorTiming/UI_Set/返回（正常）.png","Assets/Game/Sprites/ColorTiming/UI/Settings/按钮_返回_正常.png",""
"Move","5c4afa9528c6cbd40832402fb14b2030","Assets/Game/Sprites/ColorTiming/UI_Start/封面.png","Assets/Game/Sprites/ColorTiming/UI/MainMenu/封面.png",""
"Move","18d95e83c34883741bedbf0afb8ffbc5","Assets/Game/Sprites/ColorTiming/UI_Start/开始游戏（悬停）.png","Assets/Game/Sprites/ColorTiming/UI/MainMenu/按钮_开始游戏_悬停.png",""
"Move","d068e7e0f69794948860e4b6bff106d1","Assets/Game/Sprites/ColorTiming/UI_Start/开始游戏（按下）.png","Assets/Game/Sprites/ColorTiming/UI/MainMenu/按钮_开始游戏_按下.png",""
"Move","26b0e3ce935a77547b786d645c8ff81a","Assets/Game/Sprites/ColorTiming/UI_Start/开始游戏（正常）.png","Assets/Game/Sprites/ColorTiming/UI/MainMenu/按钮_开始游戏_正常.png",""
"Move","410144f7896217748bea26d662a7a481","Assets/Game/Sprites/ColorTiming/UI_Start/标题.png","Assets/Game/Sprites/ColorTiming/UI/MainMenu/标题.png",""
"Move","a2f23323f7495c848b099796aa9be11c","Assets/Game/Sprites/ColorTiming/UI_Start/菜单页面1.jpg","Assets/Game/Sprites/ColorTiming/UI/MainMenu/菜单页面_0001.jpg",""
"Move","ff4db8f6bc5c99a46979bbe7da329c05","Assets/Game/Sprites/ColorTiming/UI_Start/菜单页面2.jpg","Assets/Game/Sprites/ColorTiming/UI/MainMenu/菜单页面_0002.jpg",""
"Move","58df30ce8471b5344a9755886f88eef9","Assets/Game/Sprites/ColorTiming/UI_Start/设置（悬停）.png","Assets/Game/Sprites/ColorTiming/UI/MainMenu/按钮_设置_悬停.png",""
"Move","bbc769bc108c09e468a3c40103d72094","Assets/Game/Sprites/ColorTiming/UI_Start/设置（按下）.png","Assets/Game/Sprites/ColorTiming/UI/MainMenu/按钮_设置_按下.png",""
"Move","b1ec9e0bf26272b46b3522ba4d389dbb","Assets/Game/Sprites/ColorTiming/UI_Start/设置（正常）.png","Assets/Game/Sprites/ColorTiming/UI/MainMenu/按钮_设置_正常.png",""
"Move","7a22368325b4de64a8cfed63f9ddb194","Assets/Game/Sprites/ColorTiming/UI_Start/试玩关卡1（悬停）.png","Assets/Game/Sprites/ColorTiming/UI/MainMenu/按钮_试玩关卡1_悬停.png",""
"Move","10134197fb3d38641abbab09b4c899ac","Assets/Game/Sprites/ColorTiming/UI_Start/试玩关卡1（按下）.png","Assets/Game/Sprites/ColorTiming/UI/MainMenu/按钮_试玩关卡1_按下.png",""
"Move","a5f4c114e2f61074d924e02ffe99002e","Assets/Game/Sprites/ColorTiming/UI_Start/试玩关卡1（正常）.png","Assets/Game/Sprites/ColorTiming/UI/MainMenu/按钮_试玩关卡1_正常.png",""
"Move","ce4122a9ae89842418c2eb4ec2a08cd7","Assets/Game/Sprites/ColorTiming/UI_Start/试玩关卡2（悬停）.png","Assets/Game/Sprites/ColorTiming/UI/MainMenu/按钮_试玩关卡2_悬停.png",""
"Move","f8263859e121ef64c82540f1695362f4","Assets/Game/Sprites/ColorTiming/UI_Start/试玩关卡2（按下）.png","Assets/Game/Sprites/ColorTiming/UI/MainMenu/按钮_试玩关卡2_按下.png",""
"Move","0c6295b095da26d45b15192402b16df7","Assets/Game/Sprites/ColorTiming/UI_Start/试玩关卡2（正常）.png","Assets/Game/Sprites/ColorTiming/UI/MainMenu/按钮_试玩关卡2_正常.png",""
"Move","9d72e7ece15a6834d9717b4c722c0240","Assets/Game/Sprites/ColorTiming/UI_Start/返回（悬停）.png","Assets/Game/Sprites/ColorTiming/UI/MainMenu/按钮_返回_悬停.png",""
"Move","336fdeb54fd82594dad8d7948a841c8d","Assets/Game/Sprites/ColorTiming/UI_Start/返回（按下）.png","Assets/Game/Sprites/ColorTiming/UI/MainMenu/按钮_返回_按下.png",""
"Move","4d6a55e42717d33478a4497f79b4f9db","Assets/Game/Sprites/ColorTiming/UI_Start/返回（正常）.png","Assets/Game/Sprites/ColorTiming/UI/MainMenu/按钮_返回_正常.png",""
"Move","897f2fe2d4711fb4a8a3560a65614174","Assets/Game/Sprites/ColorTiming/UI_Start/退出游戏（悬停）.png","Assets/Game/Sprites/ColorTiming/UI/MainMenu/按钮_退出游戏_悬停.png",""
"Move","f40efdfab63d7194295aff8d1d54bced","Assets/Game/Sprites/ColorTiming/UI_Start/退出游戏（按下）.png","Assets/Game/Sprites/ColorTiming/UI/MainMenu/按钮_退出游戏_按下.png",""
"Move","621f283994683ad4493bc407be0deb41","Assets/Game/Sprites/ColorTiming/UI_Start/退出游戏（正常）.png","Assets/Game/Sprites/ColorTiming/UI/MainMenu/按钮_退出游戏_正常.png",""
"Move","4d10478ee930bbd4894e8e11384abe55","Assets/Game/Sprites/ColorTiming/Weapon/Tip1/HpTip.anim","Assets/Game/Sprites/ColorTiming/Weapons/Tutorial/Boss1/Boss1_HealthTip.anim",""
"Move","18fb80eb32b8e5448a8a7e98eba79036","Assets/Game/Sprites/ColorTiming/Weapon/Tip1/HpTip1.controller","Assets/Game/Sprites/ColorTiming/Weapons/Tutorial/Boss1/Boss1_HealthTip.controller",""
"Move","04bac387d58d30545ba1c025c93dc0c2","Assets/Game/Sprites/ColorTiming/Weapon/Tip1/WeaponTip1.anim","Assets/Game/Sprites/ColorTiming/Weapons/Tutorial/Boss1/Boss1_WeaponTip.anim",""
"Move","9d57f9b88d6f3164c9b49eb171b9e432","Assets/Game/Sprites/ColorTiming/Weapon/Tip1/WeaponTip1.controller","Assets/Game/Sprites/ColorTiming/Weapons/Tutorial/Boss1/Boss1_WeaponTip.controller",""
"Move","8cb134d825cbd064895884816bb485f5","Assets/Game/Sprites/ColorTiming/Weapon/Tip1/提示圈-第一章_0000.png","Assets/Game/Sprites/ColorTiming/Weapons/Tutorial/Boss1/首领1_提示圈_第一章_0000.png",""
"Move","d074e6ea2d5733e4baf802e22b8d460f","Assets/Game/Sprites/ColorTiming/Weapon/Tip1/提示圈-第一章_0001.png","Assets/Game/Sprites/ColorTiming/Weapons/Tutorial/Boss1/首领1_提示圈_第一章_0001.png",""
"Move","5383e2a9579895e41aa9c40ca27b39e5","Assets/Game/Sprites/ColorTiming/Weapon/Tip1/提示圈-第一章_0002.png","Assets/Game/Sprites/ColorTiming/Weapons/Tutorial/Boss1/首领1_提示圈_第一章_0002.png",""
"Move","ef5d1c71239df0c47b1293a0c862c831","Assets/Game/Sprites/ColorTiming/Weapon/Tip1/提示圈-第一章_0003.png","Assets/Game/Sprites/ColorTiming/Weapons/Tutorial/Boss1/首领1_提示圈_第一章_0003.png",""
"Move","a2a9c4bfc39626f4798212aea6bc66f7","Assets/Game/Sprites/ColorTiming/Weapon/Tip1/提示圈-第一章_0004.png","Assets/Game/Sprites/ColorTiming/Weapons/Tutorial/Boss1/首领1_提示圈_第一章_0004.png",""
"Move","79be98b9cd068274bac53315c821c638","Assets/Game/Sprites/ColorTiming/Weapon/Tip1/提示圈-第一章_0005.png","Assets/Game/Sprites/ColorTiming/Weapons/Tutorial/Boss1/首领1_提示圈_第一章_0005.png",""
"Move","2fe49fda870dd9744b0aa9caad7b500b","Assets/Game/Sprites/ColorTiming/Weapon/Tip1/提示圈-第一章_0006.png","Assets/Game/Sprites/ColorTiming/Weapons/Tutorial/Boss1/首领1_提示圈_第一章_0006.png",""
"Move","377e2e6dfaf03dc4890ab88491bfdfd9","Assets/Game/Sprites/ColorTiming/Weapon/Tip1/提示圈-第一章_0007.png","Assets/Game/Sprites/ColorTiming/Weapons/Tutorial/Boss1/首领1_提示圈_第一章_0007.png",""
"Move","34bbea5431e0a3d458beda0bd2aee4b9","Assets/Game/Sprites/ColorTiming/Weapon/Tip1/提示圈-第一章_0008.png","Assets/Game/Sprites/ColorTiming/Weapons/Tutorial/Boss1/首领1_提示圈_第一章_0008.png",""
"Move","ab6f8c5a2594e524580f2a913b249f49","Assets/Game/Sprites/ColorTiming/Weapon/Tip1/提示圈-第一章_0009.png","Assets/Game/Sprites/ColorTiming/Weapons/Tutorial/Boss1/首领1_提示圈_第一章_0009.png",""
"Move","2e66453e94afaf64eafb3de25f7a7f86","Assets/Game/Sprites/ColorTiming/Weapon/Tip1/提示圈-第一章_0010.png","Assets/Game/Sprites/ColorTiming/Weapons/Tutorial/Boss1/首领1_提示圈_第一章_0010.png",""
"Move","6ef18574d7195c14dacd31301610b5ed","Assets/Game/Sprites/ColorTiming/Weapon/Tip1/提示圈-第一章_0011.png","Assets/Game/Sprites/ColorTiming/Weapons/Tutorial/Boss1/首领1_提示圈_第一章_0011.png",""
"Move","b7633a67e65f4b8409b0e65d962dba86","Assets/Game/Sprites/ColorTiming/Weapon/Tip1/提示圈-第一章_0012.png","Assets/Game/Sprites/ColorTiming/Weapons/Tutorial/Boss1/首领1_提示圈_第一章_0012.png",""
"Move","7129c2d724c70db4b86615d93bb0d41e","Assets/Game/Sprites/ColorTiming/Weapon/Tip1/提示圈-第一章_0013.png","Assets/Game/Sprites/ColorTiming/Weapons/Tutorial/Boss1/首领1_提示圈_第一章_0013.png",""
"Move","53f696213a0f2bf40b115c22c5159730","Assets/Game/Sprites/ColorTiming/Weapon/Tip1/提示圈-第一章_0014.png","Assets/Game/Sprites/ColorTiming/Weapons/Tutorial/Boss1/首领1_提示圈_第一章_0014.png",""
"Move","76a6405e6a247374196763d71ea14efb","Assets/Game/Sprites/ColorTiming/Weapon/Tip1/提示圈-第一章_0015.png","Assets/Game/Sprites/ColorTiming/Weapons/Tutorial/Boss1/首领1_提示圈_第一章_0015.png",""
"Move","d94dea48560c67b419906981090ceba8","Assets/Game/Sprites/ColorTiming/Weapon/Tip1/提示圈-第一章_0016.png","Assets/Game/Sprites/ColorTiming/Weapons/Tutorial/Boss1/首领1_提示圈_第一章_0016.png",""
"Move","4483265b5729d5848a8d8b9e19f40b0f","Assets/Game/Sprites/ColorTiming/Weapon/Tip1/提示圈-第一章_0017.png","Assets/Game/Sprites/ColorTiming/Weapons/Tutorial/Boss1/首领1_提示圈_第一章_0017.png",""
"Move","a80f32f8fc15f0040a75c3ff51e28794","Assets/Game/Sprites/ColorTiming/Weapon/Tip1/提示圈-第一章_0018.png","Assets/Game/Sprites/ColorTiming/Weapons/Tutorial/Boss1/首领1_提示圈_第一章_0018.png",""
"Move","9404bd09f4aef8544b55ebbcee6b18a2","Assets/Game/Sprites/ColorTiming/Weapon/Tip1/提示圈-第一章_0019.png","Assets/Game/Sprites/ColorTiming/Weapons/Tutorial/Boss1/首领1_提示圈_第一章_0019.png",""
"Move","7fbe038d177a678478c239252d0d0b96","Assets/Game/Sprites/ColorTiming/Weapon/Tip1/提示圈-第一章_0020.png","Assets/Game/Sprites/ColorTiming/Weapons/Tutorial/Boss1/首领1_提示圈_第一章_0020.png",""
"Move","cf7da4ac10ea4e841b428e2970353f51","Assets/Game/Sprites/ColorTiming/Weapon/Tip1/提示圈-第一章_0021.png","Assets/Game/Sprites/ColorTiming/Weapons/Tutorial/Boss1/首领1_提示圈_第一章_0021.png",""
"Move","23da4b201c1332348960e81c904f2050","Assets/Game/Sprites/ColorTiming/Weapon/Tip1/提示圈-第一章_0022.png","Assets/Game/Sprites/ColorTiming/Weapons/Tutorial/Boss1/首领1_提示圈_第一章_0022.png",""
"Move","b69b54e9e5ae6184eae8645987ace079","Assets/Game/Sprites/ColorTiming/Weapon/Tip1/提示圈-第一章_0023.png","Assets/Game/Sprites/ColorTiming/Weapons/Tutorial/Boss1/首领1_提示圈_第一章_0023.png",""
"Move","931a300a4444e354e8db4cebdc3a0faa","Assets/Game/Sprites/ColorTiming/Weapon/Tip1/提示圈-第一章_0024.png","Assets/Game/Sprites/ColorTiming/Weapons/Tutorial/Boss1/首领1_提示圈_第一章_0024.png",""
"Move","da91bc60215bb0342a55457753c74243","Assets/Game/Sprites/ColorTiming/Weapon/Tip1/提示圈-第一章_0025.png","Assets/Game/Sprites/ColorTiming/Weapons/Tutorial/Boss1/首领1_提示圈_第一章_0025.png",""
"Move","dc1ab213a927f0e448b52cec23f2f3d8","Assets/Game/Sprites/ColorTiming/Weapon/Tip1/提示圈-第一章_0026.png","Assets/Game/Sprites/ColorTiming/Weapons/Tutorial/Boss1/首领1_提示圈_第一章_0026.png",""
"Move","92ec7079bd39db64f852b21ca7931e2f","Assets/Game/Sprites/ColorTiming/Weapon/Tip1/提示圈-第一章_0027.png","Assets/Game/Sprites/ColorTiming/Weapons/Tutorial/Boss1/首领1_提示圈_第一章_0027.png",""
"Move","f7b0b3160b62de9419829c52e8011cdb","Assets/Game/Sprites/ColorTiming/Weapon/Tip1/提示圈-第一章_0028.png","Assets/Game/Sprites/ColorTiming/Weapons/Tutorial/Boss1/首领1_提示圈_第一章_0028.png",""
"Move","1b1fdd0117b2d4c4db0e7cfee6dcbb59","Assets/Game/Sprites/ColorTiming/Weapon/Tip1/提示圈-第一章_0029.png","Assets/Game/Sprites/ColorTiming/Weapons/Tutorial/Boss1/首领1_提示圈_第一章_0029.png",""
"Move","0ed0bc1787f26cc4a848c7ce5770bbbd","Assets/Game/Sprites/ColorTiming/Weapon/Tip1/提示圈-第一章_0030.png","Assets/Game/Sprites/ColorTiming/Weapons/Tutorial/Boss1/首领1_提示圈_第一章_0030.png",""
"Move","ec05cbc36f9e0a0468f1a63f65fb6c27","Assets/Game/Sprites/ColorTiming/Weapon/Tip1/提示圈-第一章_0031.png","Assets/Game/Sprites/ColorTiming/Weapons/Tutorial/Boss1/首领1_提示圈_第一章_0031.png",""
"Move","5ad7b7e256390ae4996e3309e2e17cad","Assets/Game/Sprites/ColorTiming/Weapon/Tip1/提示圈-第一章_0032.png","Assets/Game/Sprites/ColorTiming/Weapons/Tutorial/Boss1/首领1_提示圈_第一章_0032.png",""
"Move","c5dd6e9428673634e95ff0a8fa636f05","Assets/Game/Sprites/ColorTiming/Weapon/Tip1/提示圈-第一章_0033.png","Assets/Game/Sprites/ColorTiming/Weapons/Tutorial/Boss1/首领1_提示圈_第一章_0033.png",""
"Move","8b73b51a73b982347aa0e3c29fb9fb36","Assets/Game/Sprites/ColorTiming/Weapon/Tip1/提示圈-第一章_0034.png","Assets/Game/Sprites/ColorTiming/Weapons/Tutorial/Boss1/首领1_提示圈_第一章_0034.png",""
"Move","e208e63f1c677de42b45ae47295f8c75","Assets/Game/Sprites/ColorTiming/Weapon/Tip1/提示圈-第一章_0035.png","Assets/Game/Sprites/ColorTiming/Weapons/Tutorial/Boss1/首领1_提示圈_第一章_0035.png",""
"Move","00df05c99dcc1e6479fca109de528687","Assets/Game/Sprites/ColorTiming/Weapon/Tip1/提示圈-第一章_0036.png","Assets/Game/Sprites/ColorTiming/Weapons/Tutorial/Boss1/首领1_提示圈_第一章_0036.png",""
"Move","1edd058a72587c14b98337e84b1b2d07","Assets/Game/Sprites/ColorTiming/Weapon/Tip1/提示圈-第一章_0037.png","Assets/Game/Sprites/ColorTiming/Weapons/Tutorial/Boss1/首领1_提示圈_第一章_0037.png",""
"Move","ecc4670c77caa6f4797f890baf213553","Assets/Game/Sprites/ColorTiming/Weapon/Tip1/提示圈-第一章_0038.png","Assets/Game/Sprites/ColorTiming/Weapons/Tutorial/Boss1/首领1_提示圈_第一章_0038.png",""
"Move","a1805766eda60d548a5bdc8467b1ea78","Assets/Game/Sprites/ColorTiming/Weapon/Tip1/提示圈-第一章_0039.png","Assets/Game/Sprites/ColorTiming/Weapons/Tutorial/Boss1/首领1_提示圈_第一章_0039.png",""
"Move","1b490a5c1970d18448a455d9d8b660e9","Assets/Game/Sprites/ColorTiming/Weapon/Tip2/HPTip2.anim","Assets/Game/Sprites/ColorTiming/Weapons/Tutorial/Boss2/Boss2_HealthTip.anim",""
"Move","29ad17d52bb5a7840b0eae50cedf4a1b","Assets/Game/Sprites/ColorTiming/Weapon/Tip2/HPTip2.controller","Assets/Game/Sprites/ColorTiming/Weapons/Tutorial/Boss2/Boss2_HealthTip.controller",""
"Move","531eb75d3ac8e2b44945a2342c76f355","Assets/Game/Sprites/ColorTiming/Weapon/Tip2/Tip2.controller","Assets/Game/Sprites/ColorTiming/Weapons/Tutorial/Boss2/Boss2_WeaponTip.controller",""
"Move","63b73d4bcc3fc84438729d28d391b383","Assets/Game/Sprites/ColorTiming/Weapon/Tip2/WeaponTip2.anim","Assets/Game/Sprites/ColorTiming/Weapons/Tutorial/Boss2/Boss2_WeaponTip.anim",""
"Move","fcd95fca10ab6c54d92e10b93b313a47","Assets/Game/Sprites/ColorTiming/Weapon/Tip2/提示圈-第二章_0000.png","Assets/Game/Sprites/ColorTiming/Weapons/Tutorial/Boss2/首领2_提示圈_第二章_0000.png",""
"Move","b365acf08c673ce47a74f4eab0d587dd","Assets/Game/Sprites/ColorTiming/Weapon/Tip2/提示圈-第二章_0001.png","Assets/Game/Sprites/ColorTiming/Weapons/Tutorial/Boss2/首领2_提示圈_第二章_0001.png",""
"Move","65eb4f9b3b827c241a75b8de2e01b815","Assets/Game/Sprites/ColorTiming/Weapon/Tip2/提示圈-第二章_0002.png","Assets/Game/Sprites/ColorTiming/Weapons/Tutorial/Boss2/首领2_提示圈_第二章_0002.png",""
"Move","fd0042b1a53745644863a823aaceda90","Assets/Game/Sprites/ColorTiming/Weapon/Tip2/提示圈-第二章_0003.png","Assets/Game/Sprites/ColorTiming/Weapons/Tutorial/Boss2/首领2_提示圈_第二章_0003.png",""
"Move","56cdcac380e1de244bf8cb3cc5c9e53f","Assets/Game/Sprites/ColorTiming/Weapon/Tip2/提示圈-第二章_0004.png","Assets/Game/Sprites/ColorTiming/Weapons/Tutorial/Boss2/首领2_提示圈_第二章_0004.png",""
"Move","d7e77e5397b6d264b80a9dff80d37090","Assets/Game/Sprites/ColorTiming/Weapon/Tip2/提示圈-第二章_0005.png","Assets/Game/Sprites/ColorTiming/Weapons/Tutorial/Boss2/首领2_提示圈_第二章_0005.png",""
"Move","a2b28cc1efaee8d4f82fd9e7c1b2df5a","Assets/Game/Sprites/ColorTiming/Weapon/Tip2/提示圈-第二章_0006.png","Assets/Game/Sprites/ColorTiming/Weapons/Tutorial/Boss2/首领2_提示圈_第二章_0006.png",""
"Move","1d5ff45d8b6117845ac207093469fed4","Assets/Game/Sprites/ColorTiming/Weapon/Tip2/提示圈-第二章_0007.png","Assets/Game/Sprites/ColorTiming/Weapons/Tutorial/Boss2/首领2_提示圈_第二章_0007.png",""
"Move","fd3945cbc92d2ba4eb475331f6974108","Assets/Game/Sprites/ColorTiming/Weapon/Tip2/提示圈-第二章_0008.png","Assets/Game/Sprites/ColorTiming/Weapons/Tutorial/Boss2/首领2_提示圈_第二章_0008.png",""
"Move","7540cf2fc369cac4882ac6fe9f4d65ce","Assets/Game/Sprites/ColorTiming/Weapon/Tip2/提示圈-第二章_0009.png","Assets/Game/Sprites/ColorTiming/Weapons/Tutorial/Boss2/首领2_提示圈_第二章_0009.png",""
"Move","af632ee81ea4ec04a9125c390440a216","Assets/Game/Sprites/ColorTiming/Weapon/Tip2/提示圈-第二章_0010.png","Assets/Game/Sprites/ColorTiming/Weapons/Tutorial/Boss2/首领2_提示圈_第二章_0010.png",""
"Move","a9f21c4c61bca3f4ead455865d0e6abd","Assets/Game/Sprites/ColorTiming/Weapon/Tip2/提示圈-第二章_0011.png","Assets/Game/Sprites/ColorTiming/Weapons/Tutorial/Boss2/首领2_提示圈_第二章_0011.png",""
"Move","522405fbdd0607c40866acad9042e4bc","Assets/Game/Sprites/ColorTiming/Weapon/Tip2/提示圈-第二章_0012.png","Assets/Game/Sprites/ColorTiming/Weapons/Tutorial/Boss2/首领2_提示圈_第二章_0012.png",""
"Move","09870a13c39db3e4882b99f9244fff55","Assets/Game/Sprites/ColorTiming/Weapon/Tip2/提示圈-第二章_0013.png","Assets/Game/Sprites/ColorTiming/Weapons/Tutorial/Boss2/首领2_提示圈_第二章_0013.png",""
"Move","3b7e0c4d04a0360418b72eb24526213e","Assets/Game/Sprites/ColorTiming/Weapon/Tip2/提示圈-第二章_0014.png","Assets/Game/Sprites/ColorTiming/Weapons/Tutorial/Boss2/首领2_提示圈_第二章_0014.png",""
"Move","21271c7b684ecdb4ba81fe8db76376e4","Assets/Game/Sprites/ColorTiming/Weapon/Tip2/提示圈-第二章_0015.png","Assets/Game/Sprites/ColorTiming/Weapons/Tutorial/Boss2/首领2_提示圈_第二章_0015.png",""
"Move","d29986a401f943c40b9beffd2e029f6a","Assets/Game/Sprites/ColorTiming/Weapon/Tip2/提示圈-第二章_0016.png","Assets/Game/Sprites/ColorTiming/Weapons/Tutorial/Boss2/首领2_提示圈_第二章_0016.png",""
"Move","a5a124625aeefc147b572e266bbbf4bf","Assets/Game/Sprites/ColorTiming/Weapon/Tip2/提示圈-第二章_0017.png","Assets/Game/Sprites/ColorTiming/Weapons/Tutorial/Boss2/首领2_提示圈_第二章_0017.png",""
"Move","532b442b0242db24680f0d27f9449c82","Assets/Game/Sprites/ColorTiming/Weapon/Tip2/提示圈-第二章_0018.png","Assets/Game/Sprites/ColorTiming/Weapons/Tutorial/Boss2/首领2_提示圈_第二章_0018.png",""
"Move","d43df3e36de353b4e8b0080c40e0a8a7","Assets/Game/Sprites/ColorTiming/Weapon/Tip2/提示圈-第二章_0019.png","Assets/Game/Sprites/ColorTiming/Weapons/Tutorial/Boss2/首领2_提示圈_第二章_0019.png",""
"Move","604bda9241c6f794e90158d5f4075e73","Assets/Game/Sprites/ColorTiming/Weapon/Tip2/提示圈-第二章_0020.png","Assets/Game/Sprites/ColorTiming/Weapons/Tutorial/Boss2/首领2_提示圈_第二章_0020.png",""
"Move","c15bc7f61e98cff4b872d7137c6304e5","Assets/Game/Sprites/ColorTiming/Weapon/Tip2/提示圈-第二章_0021.png","Assets/Game/Sprites/ColorTiming/Weapons/Tutorial/Boss2/首领2_提示圈_第二章_0021.png",""
"Move","c27d36db4645e854c958f09a557bcb9b","Assets/Game/Sprites/ColorTiming/Weapon/Tip2/提示圈-第二章_0022.png","Assets/Game/Sprites/ColorTiming/Weapons/Tutorial/Boss2/首领2_提示圈_第二章_0022.png",""
"Move","026e7ef17d0f20c42bcf8636edc186a5","Assets/Game/Sprites/ColorTiming/Weapon/Tip2/提示圈-第二章_0023.png","Assets/Game/Sprites/ColorTiming/Weapons/Tutorial/Boss2/首领2_提示圈_第二章_0023.png",""
"Move","f8a761af865b92948b38179def7c3bc1","Assets/Game/Sprites/ColorTiming/Weapon/Tip2/提示圈-第二章_0024.png","Assets/Game/Sprites/ColorTiming/Weapons/Tutorial/Boss2/首领2_提示圈_第二章_0024.png",""
"Move","273d176366b54bc48bf849a1280f1d34","Assets/Game/Sprites/ColorTiming/Weapon/Tip2/提示圈-第二章_0025.png","Assets/Game/Sprites/ColorTiming/Weapons/Tutorial/Boss2/首领2_提示圈_第二章_0025.png",""
"Move","412fb0cd68faec8489fcf187dd52d456","Assets/Game/Sprites/ColorTiming/Weapon/Tip2/提示圈-第二章_0026.png","Assets/Game/Sprites/ColorTiming/Weapons/Tutorial/Boss2/首领2_提示圈_第二章_0026.png",""
"Move","dd4b58642b1432642bb8c3f23aeb3583","Assets/Game/Sprites/ColorTiming/Weapon/Tip2/提示圈-第二章_0027.png","Assets/Game/Sprites/ColorTiming/Weapons/Tutorial/Boss2/首领2_提示圈_第二章_0027.png",""
"Move","7600dcb46d7058a4ca0e8535aa845ca1","Assets/Game/Sprites/ColorTiming/Weapon/Tip2/提示圈-第二章_0028.png","Assets/Game/Sprites/ColorTiming/Weapons/Tutorial/Boss2/首领2_提示圈_第二章_0028.png",""
"Move","ad529f64380ce30499747835205439e0","Assets/Game/Sprites/ColorTiming/Weapon/Tip2/提示圈-第二章_0029.png","Assets/Game/Sprites/ColorTiming/Weapons/Tutorial/Boss2/首领2_提示圈_第二章_0029.png",""
"Move","18e957026e596e44aa81fb86e4e422ea","Assets/Game/Sprites/ColorTiming/Weapon/Tip2/提示圈-第二章_0030.png","Assets/Game/Sprites/ColorTiming/Weapons/Tutorial/Boss2/首领2_提示圈_第二章_0030.png",""
"Move","e060ad6444d9f2c46acf7f6b8bcb1cc6","Assets/Game/Sprites/ColorTiming/Weapon/Tip2/提示圈-第二章_0031.png","Assets/Game/Sprites/ColorTiming/Weapons/Tutorial/Boss2/首领2_提示圈_第二章_0031.png",""
"Move","bbbbac8f94bb341459013c55ab38c974","Assets/Game/Sprites/ColorTiming/Weapon/Tip2/提示圈-第二章_0032.png","Assets/Game/Sprites/ColorTiming/Weapons/Tutorial/Boss2/首领2_提示圈_第二章_0032.png",""
"Move","e5037386a766f864b8da033828084fab","Assets/Game/Sprites/ColorTiming/Weapon/Tip2/提示圈-第二章_0033.png","Assets/Game/Sprites/ColorTiming/Weapons/Tutorial/Boss2/首领2_提示圈_第二章_0033.png",""
"Move","dc5e28687feba784598cac30275ff29a","Assets/Game/Sprites/ColorTiming/Weapon/Tip2/提示圈-第二章_0034.png","Assets/Game/Sprites/ColorTiming/Weapons/Tutorial/Boss2/首领2_提示圈_第二章_0034.png",""
"Move","6e7ace2202155054c974a2a93a8d59cb","Assets/Game/Sprites/ColorTiming/Weapon/Tip2/提示圈-第二章_0035.png","Assets/Game/Sprites/ColorTiming/Weapons/Tutorial/Boss2/首领2_提示圈_第二章_0035.png",""
"Move","b84c530fe0a21494ca24fd0b131a5cba","Assets/Game/Sprites/ColorTiming/Weapon/Tip2/提示圈-第二章_0036.png","Assets/Game/Sprites/ColorTiming/Weapons/Tutorial/Boss2/首领2_提示圈_第二章_0036.png",""
"Move","d2daab60a1c4bb349854b381688a4fd7","Assets/Game/Sprites/ColorTiming/Weapon/Tip2/提示圈-第二章_0037.png","Assets/Game/Sprites/ColorTiming/Weapons/Tutorial/Boss2/首领2_提示圈_第二章_0037.png",""
"Move","2fd7b652f3c549840acfe6b82b8011f5","Assets/Game/Sprites/ColorTiming/Weapon/Tip2/提示圈-第二章_0038.png","Assets/Game/Sprites/ColorTiming/Weapons/Tutorial/Boss2/首领2_提示圈_第二章_0038.png",""
"Move","2119f4fcdb30eb7438f3e1da29a02d38","Assets/Game/Sprites/ColorTiming/Weapon/Tip2/提示圈-第二章_0039.png","Assets/Game/Sprites/ColorTiming/Weapons/Tutorial/Boss2/首领2_提示圈_第二章_0039.png",""
"Move","e6be3b0e4ca02f54d9e33d63245f763d","Assets/Game/Sprites/ColorTiming/Weapon/刀1.png","Assets/Game/Sprites/ColorTiming/Weapons/Icons/武器图标_戒刀_01_默认.png",""
"Move","1b0248ab0febbe146b298ae960625b73","Assets/Game/Sprites/ColorTiming/Weapon/刀1带白边.png","Assets/Game/Sprites/ColorTiming/Weapons/Icons/武器图标_戒刀_01_选中.png",""
"Move","4d01459517b684641bcefff9206080e8","Assets/Game/Sprites/ColorTiming/Weapon/刀2.png","Assets/Game/Sprites/ColorTiming/Weapons/Icons/武器图标_戒刀_02_默认.png",""
"Move","86ff299b4d389714882f50ba7d2de1d7","Assets/Game/Sprites/ColorTiming/Weapon/刀2带白边.png","Assets/Game/Sprites/ColorTiming/Weapons/Icons/武器图标_戒刀_02_选中.png",""
"Move","e24499bd06a592a49beddf1b9fca7fb4","Assets/Game/Sprites/ColorTiming/Weapon/刀3.png","Assets/Game/Sprites/ColorTiming/Weapons/Icons/武器图标_戒刀_03_默认.png",""
"Move","76b5d297b6b13214aa9ddd594df385e8","Assets/Game/Sprites/ColorTiming/Weapon/刀3带白边.png","Assets/Game/Sprites/ColorTiming/Weapons/Icons/武器图标_戒刀_03_选中.png",""
"Move","a370813468d26a3459c2618ede9fdd02","Assets/Game/Sprites/ColorTiming/Weapon/刀4.png","Assets/Game/Sprites/ColorTiming/Weapons/Icons/武器图标_戒刀_04_默认.png",""
"Move","f4ae4155a63567b499b1649cd0a5e037","Assets/Game/Sprites/ColorTiming/Weapon/刀4带白边.png","Assets/Game/Sprites/ColorTiming/Weapons/Icons/武器图标_戒刀_04_选中.png",""
"Move","0253bb3cda65edd43b86506b20cf1546","Assets/Game/Sprites/ColorTiming/Weapon/剪1.png","Assets/Game/Sprites/ColorTiming/Weapons/Icons/武器图标_剪刀_01_默认.png",""
"Move","4615054d1f9bc464b833c6ed69e8c564","Assets/Game/Sprites/ColorTiming/Weapon/剪1亮.png","Assets/Game/Sprites/ColorTiming/Weapons/Icons/武器图标_剪刀_01_选中.png",""
"Move","4fa6dc2f2599bdd42b4a1e2ae2f1b7d6","Assets/Game/Sprites/ColorTiming/Weapon/剪2.png","Assets/Game/Sprites/ColorTiming/Weapons/Icons/武器图标_剪刀_02_默认.png",""
"Move","b9995be460c406f4d9dd2b1a7c44a64e","Assets/Game/Sprites/ColorTiming/Weapon/剪2亮.png","Assets/Game/Sprites/ColorTiming/Weapons/Icons/武器图标_剪刀_02_选中.png",""
"Move","ba309f2bd68453c45bff2135065ec129","Assets/Game/Sprites/ColorTiming/Weapon/剪3.png","Assets/Game/Sprites/ColorTiming/Weapons/Icons/武器图标_剪刀_03_默认.png",""
"Move","3363b0ce2cf63394c92a581cb4eca79a","Assets/Game/Sprites/ColorTiming/Weapon/剪3亮.png","Assets/Game/Sprites/ColorTiming/Weapons/Icons/武器图标_剪刀_03_选中.png",""
"Move","48c939322485ff9438720981ce6fc393","Assets/Game/Sprites/ColorTiming/Weapon/斧1.png","Assets/Game/Sprites/ColorTiming/Weapons/Icons/武器图标_斧头_01_默认.png",""
"Move","635c0186b1b731d4baf39f11b5742704","Assets/Game/Sprites/ColorTiming/Weapon/斧1带白边.png","Assets/Game/Sprites/ColorTiming/Weapons/Icons/武器图标_斧头_01_选中.png",""
"Move","bce2d07b9e3f03c4a97d8d69e612ccb9","Assets/Game/Sprites/ColorTiming/Weapon/斧2.png","Assets/Game/Sprites/ColorTiming/Weapons/Icons/武器图标_斧头_02_默认.png",""
"Move","c75f5c757e2e6814ba06c95d54e90de9","Assets/Game/Sprites/ColorTiming/Weapon/斧2带白边.png","Assets/Game/Sprites/ColorTiming/Weapons/Icons/武器图标_斧头_02_选中.png",""
"Move","ac02605f8d92c4c4787a369e16bce085","Assets/Game/Sprites/ColorTiming/Weapon/斧3.png","Assets/Game/Sprites/ColorTiming/Weapons/Icons/武器图标_斧头_03_默认.png",""
"Move","244c838b6ba90a4458c4afa30057dc95","Assets/Game/Sprites/ColorTiming/Weapon/斧3带白边.png","Assets/Game/Sprites/ColorTiming/Weapons/Icons/武器图标_斧头_03_选中.png",""
"Move","3f1dda17e627ed04bbc6739d4c45fa01","Assets/Game/Sprites/ColorTiming/Weapon/斧4.png","Assets/Game/Sprites/ColorTiming/Weapons/Icons/武器图标_斧头_04_默认.png",""
"Move","3de5339cdc8f51247a56a8c6c5e13a84","Assets/Game/Sprites/ColorTiming/Weapon/斧4带白边.png","Assets/Game/Sprites/ColorTiming/Weapons/Icons/武器图标_斧头_04_选中.png",""
"Move","1afa37025c1e57d4ba3dfec27cf90344","Assets/Game/Sprites/ColorTiming/Weapon/炸1.png","Assets/Game/Sprites/ColorTiming/Weapons/Icons/武器图标_炸弹_01_默认.png",""
"Move","bfc17e88b964767408fff48090fc930f","Assets/Game/Sprites/ColorTiming/Weapon/炸1亮.png","Assets/Game/Sprites/ColorTiming/Weapons/Icons/武器图标_炸弹_01_选中.png",""
"Move","10afa555e66a1534689bc7cc4b90d829","Assets/Game/Sprites/ColorTiming/Weapon/炸2.png","Assets/Game/Sprites/ColorTiming/Weapons/Icons/武器图标_炸弹_02_默认.png",""
"Move","8b1eaf4f27412b144a3818f0e66e2cd6","Assets/Game/Sprites/ColorTiming/Weapon/炸2亮.png","Assets/Game/Sprites/ColorTiming/Weapons/Icons/武器图标_炸弹_02_选中.png",""
"Move","47fd6546ad27bf341a49eff4d4ab4b54","Assets/Game/Sprites/ColorTiming/Weapon/炸3.png","Assets/Game/Sprites/ColorTiming/Weapons/Icons/武器图标_炸弹_03_默认.png",""
"Move","ef0a58e4d6950944fad2609b191baa34","Assets/Game/Sprites/ColorTiming/Weapon/炸3亮.png","Assets/Game/Sprites/ColorTiming/Weapons/Icons/武器图标_炸弹_03_选中.png",""
"Move","5aed458f1757ca043a1036cd19065586","Assets/Game/Sprites/ColorTiming/Weapon/锤1.png","Assets/Game/Sprites/ColorTiming/Weapons/Icons/武器图标_锤子_01_默认.png",""
"Move","2384e50687ae19243a660fbcde17aa41","Assets/Game/Sprites/ColorTiming/Weapon/锤1亮.png","Assets/Game/Sprites/ColorTiming/Weapons/Icons/武器图标_锤子_01_选中.png",""
"Move","71b9bb411afdbce4497be4fa9b4a31b9","Assets/Game/Sprites/ColorTiming/Weapon/锤2.png","Assets/Game/Sprites/ColorTiming/Weapons/Icons/武器图标_锤子_02_默认.png",""
"Move","e02b3eee6ebe36e4e829b90cab7d3658","Assets/Game/Sprites/ColorTiming/Weapon/锤2亮.png","Assets/Game/Sprites/ColorTiming/Weapons/Icons/武器图标_锤子_02_选中.png",""
"Move","b5533a19b08f60145b415f0d22ca8652","Assets/Game/Sprites/ColorTiming/Weapon/锤3.png","Assets/Game/Sprites/ColorTiming/Weapons/Icons/武器图标_锤子_03_默认.png",""
"Move","6eb08116557e97d4da166aa496f2a656","Assets/Game/Sprites/ColorTiming/Weapon/锤3亮.png","Assets/Game/Sprites/ColorTiming/Weapons/Icons/武器图标_锤子_03_选中.png",""
"Move","e1fa3c079e741f84dac360a9ce5c67af","Assets/Game/Sprites/ColorTiming/Weapon/飞机1.png","Assets/Game/Sprites/ColorTiming/Weapons/Icons/武器图标_飞机_01_默认.png",""
"Move","16e3b623e60501f4e86c1b68df53f153","Assets/Game/Sprites/ColorTiming/Weapon/飞机1带白边.png","Assets/Game/Sprites/ColorTiming/Weapons/Icons/武器图标_飞机_01_选中.png",""
"Move","0e45ed73be04ec2459731839d72ca978","Assets/Game/Sprites/ColorTiming/Weapon/飞机2.png","Assets/Game/Sprites/ColorTiming/Weapons/Icons/武器图标_飞机_02_默认.png",""
"Move","a6a784d3e12d52a42979a522e970c0fd","Assets/Game/Sprites/ColorTiming/Weapon/飞机2带白边.png","Assets/Game/Sprites/ColorTiming/Weapons/Icons/武器图标_飞机_02_选中.png",""
"Move","2e374d2b045a43648aab8549dcb05ea8","Assets/Game/Sprites/ColorTiming/Weapon/飞机3.png","Assets/Game/Sprites/ColorTiming/Weapons/Icons/武器图标_飞机_03_默认.png",""
"Move","12d30d8c415a04c4fbdd78ae26774848","Assets/Game/Sprites/ColorTiming/Weapon/飞机3带白边.png","Assets/Game/Sprites/ColorTiming/Weapons/Icons/武器图标_飞机_03_选中.png",""
"Move","3c51fae87846a1c4086a8da0304e56fa","Assets/Game/Sprites/ColorTiming/Weapon/飞机4.png","Assets/Game/Sprites/ColorTiming/Weapons/Icons/武器图标_飞机_04_默认.png",""
"Move","bc023876d1cad694bab4989b66783df5","Assets/Game/Sprites/ColorTiming/Weapon/飞机4带白边.png","Assets/Game/Sprites/ColorTiming/Weapons/Icons/武器图标_飞机_04_选中.png",""
"Move","91c4a455a38b5084683df84cd9ae4a66","Assets/Game/Sprites/ColorTiming/ui/g1.png","Assets/Game/Sprites/ColorTiming/UI/Battle/首领弱点格_绿色_中段.png",""
"Move","1779413a06c894f4a9d49097567c729c","Assets/Game/Sprites/ColorTiming/ui/g2.png","Assets/Game/Sprites/ColorTiming/UI/Battle/首领弱点格_绿色_起始.png",""
"Move","183c4763f68db81408dc74446193dfe3","Assets/Game/Sprites/ColorTiming/ui/g3.png","Assets/Game/Sprites/ColorTiming/UI/Battle/首领弱点格_绿色_末端.png",""
"Move","f2caa29684e76ce48ab934bf3f2767c1","Assets/Game/Sprites/ColorTiming/ui/o1.png","Assets/Game/Sprites/ColorTiming/UI/Battle/首领弱点格_橙色_中段.png",""
"Move","4302cb43f6a03b9489b9e6bbc165f562","Assets/Game/Sprites/ColorTiming/ui/o2.png","Assets/Game/Sprites/ColorTiming/UI/Battle/首领弱点格_橙色_起始.png",""
"Move","58571672aaf5a6c49899df9dbcd98a40","Assets/Game/Sprites/ColorTiming/ui/o3.png","Assets/Game/Sprites/ColorTiming/UI/Battle/首领弱点格_橙色_末端.png",""
"Move","9f40a9e37a85263448988381c58fe367","Assets/Game/Sprites/ColorTiming/ui/p1.png","Assets/Game/Sprites/ColorTiming/UI/Battle/首领弱点格_紫色_中段.png",""
"Move","3b3dfe9b26c2f7741848d26efc9092cf","Assets/Game/Sprites/ColorTiming/ui/p2.png","Assets/Game/Sprites/ColorTiming/UI/Battle/首领弱点格_紫色_起始.png",""
"Move","6a13f79cd98456f42be2df24ce5108cb","Assets/Game/Sprites/ColorTiming/ui/p3.png","Assets/Game/Sprites/ColorTiming/UI/Battle/首领弱点格_紫色_末端.png",""
"Move","d1394ce321e9362489d50858df40c021","Assets/Game/Sprites/ColorTiming/ui/r1.png","Assets/Game/Sprites/ColorTiming/UI/Battle/首领弱点格_红色_中段.png",""
"Move","d81c2730e4952bd4ba9858245f4ebbf0","Assets/Game/Sprites/ColorTiming/ui/r2.png","Assets/Game/Sprites/ColorTiming/UI/Battle/首领弱点格_红色_起始.png",""
"Move","1a3d7b654fa30554cb947b718e7006a4","Assets/Game/Sprites/ColorTiming/ui/r3.png","Assets/Game/Sprites/ColorTiming/UI/Battle/首领弱点格_红色_末端.png",""
"Move","f6f43d64c8d4f6e4bb0101c4e19aaecc","Assets/Game/Sprites/ColorTiming/ui/剪刀操作提示.png","Assets/Game/Sprites/ColorTiming/UI/Battle/战斗界面_剪刀_操作提示.png",""
"Move","2d9182a4c896bb148a67953dfe6bd0ff","Assets/Game/Sprites/ColorTiming/ui/头顶蓄力提示.png","Assets/Game/Sprites/ColorTiming/UI/Battle/战斗界面_头顶_蓄力_提示.png",""
"Delete","897552a114ad18c4db0fc9cff514c79a","Assets/Game/Sprites/ColorTiming/ui/布局示意图.jpg","","用户确认的未使用制作参考资源"
"Move","edd2a9c6361d4a34b9ce8ef6643d36df","Assets/Game/Sprites/ColorTiming/ui/戒刀操作提示.png","Assets/Game/Sprites/ColorTiming/UI/Battle/战斗界面_戒刀_操作提示.png",""
"Delete","87c255764546e4f42967119f266041c0","Assets/Game/Sprites/ColorTiming/ui/摆放 1.png","","用户确认的未使用制作参考资源"
"Move","cd8aa4cb7d9dac345bea306072f2d134","Assets/Game/Sprites/ColorTiming/ui/摆放.png","Assets/Game/Sprites/ColorTiming/UI/Battle/首领名称横幅.png",""
"Move","9fa4e1d3d11d0c04790586132d0c4c77","Assets/Game/Sprites/ColorTiming/ui/操作指示-无蓄力.png","Assets/Game/Sprites/ColorTiming/UI/Battle/战斗界面_操作指示_无_蓄力.png",""
"Move","cd6f9b4bef9694e4d86f29385fc7d61c","Assets/Game/Sprites/ColorTiming/ui/操作指示-有蓄力.png","Assets/Game/Sprites/ColorTiming/UI/Battle/战斗界面_操作指示_有_蓄力.png",""
"Delete","2b789b50c794325439556c9b65f90598","Assets/Game/Sprites/ColorTiming/ui/教程.png","","用户确认的未使用制作参考资源"
"Move","ff77473f2dc34ac41bc5091b89800a92","Assets/Game/Sprites/ColorTiming/ui/斧头操作提示.png","Assets/Game/Sprites/ColorTiming/UI/Battle/战斗界面_斧头_操作提示.png",""
"Move","a50cd8e3b7633ac44810bd09ce419c58","Assets/Game/Sprites/ColorTiming/ui/无武器.png","Assets/Game/Sprites/ColorTiming/UI/Battle/战斗界面_无武器.png",""
"Move","1b795dfb8a67eb84d90b511ef7df5165","Assets/Game/Sprites/ColorTiming/ui/橙色戒刀.png","Assets/Game/Sprites/ColorTiming/UI/Battle/战斗界面_戒刀_橙色.png",""
"Move","1c73f7cf46ee8074a88057282c14b13c","Assets/Game/Sprites/ColorTiming/ui/橙色斧头.png","Assets/Game/Sprites/ColorTiming/UI/Battle/战斗界面_斧头_橙色.png",""
"Move","57bd624b2e2a6a5418ee59b5afac1675","Assets/Game/Sprites/ColorTiming/ui/橙色飞机.png","Assets/Game/Sprites/ColorTiming/UI/Battle/战斗界面_飞机_橙色.png",""
"Move","c5952e5f5c14c754a906f6e9620419f4","Assets/Game/Sprites/ColorTiming/ui/炸弹操作提示.png","Assets/Game/Sprites/ColorTiming/UI/Battle/战斗界面_炸弹_操作提示.png",""
"Move","c7939cd196d31004caa6d0f43a7c454f","Assets/Game/Sprites/ColorTiming/ui/生命值.png","Assets/Game/Sprites/ColorTiming/UI/Battle/战斗界面_生命值.png",""
"Move","ce85f73a13e9a8b4e870c70855d63111","Assets/Game/Sprites/ColorTiming/ui/紫色剪刀.png","Assets/Game/Sprites/ColorTiming/UI/Battle/战斗界面_剪刀_紫色.png",""
"Move","98ab3ac197fe38a47b9c05e68d24fe6b","Assets/Game/Sprites/ColorTiming/ui/紫色戒刀.png","Assets/Game/Sprites/ColorTiming/UI/Battle/战斗界面_戒刀_紫色.png",""
"Move","c5868a3b461a55b419f116265cff48c4","Assets/Game/Sprites/ColorTiming/ui/紫色斧头.png","Assets/Game/Sprites/ColorTiming/UI/Battle/战斗界面_斧头_紫色.png",""
"Move","7179a2c65b3676344bdd1392e7079c07","Assets/Game/Sprites/ColorTiming/ui/紫色炸弹.png","Assets/Game/Sprites/ColorTiming/UI/Battle/战斗界面_炸弹_紫色.png",""
"Move","f1fb653f6a838fc43ab563fef97e10ad","Assets/Game/Sprites/ColorTiming/ui/紫色锤子.png","Assets/Game/Sprites/ColorTiming/UI/Battle/战斗界面_锤子_紫色.png",""
"Move","e78cbddd7a5142d46be78b476c8e0790","Assets/Game/Sprites/ColorTiming/ui/紫色飞机.png","Assets/Game/Sprites/ColorTiming/UI/Battle/战斗界面_飞机_紫色.png",""
"Move","c2334d2569297a6499fe567bfbdad378","Assets/Game/Sprites/ColorTiming/ui/红色剪刀.png","Assets/Game/Sprites/ColorTiming/UI/Battle/战斗界面_剪刀_红色.png",""
"Move","02e15d250d1ba454498592aa6db160c4","Assets/Game/Sprites/ColorTiming/ui/红色戒刀.png","Assets/Game/Sprites/ColorTiming/UI/Battle/战斗界面_戒刀_红色.png",""
"Move","5ea2b04ea8782c4498316977abd13932","Assets/Game/Sprites/ColorTiming/ui/红色斧头.png","Assets/Game/Sprites/ColorTiming/UI/Battle/战斗界面_斧头_红色.png",""
"Move","1d7352a1ef5c81d49ab88886164cdf4f","Assets/Game/Sprites/ColorTiming/ui/红色炸弹.png","Assets/Game/Sprites/ColorTiming/UI/Battle/战斗界面_炸弹_红色.png",""
"Move","af7749c8675a78c45868fc22fdecda6c","Assets/Game/Sprites/ColorTiming/ui/红色锤子.png","Assets/Game/Sprites/ColorTiming/UI/Battle/战斗界面_锤子_红色.png",""
"Move","5fb79c0d542b1704c89a2e0c133c0291","Assets/Game/Sprites/ColorTiming/ui/红色飞机.png","Assets/Game/Sprites/ColorTiming/UI/Battle/战斗界面_飞机_红色.png",""
"Move","6413cad7f1e84a844bd0012a4239c1a5","Assets/Game/Sprites/ColorTiming/ui/绿色剪刀.png","Assets/Game/Sprites/ColorTiming/UI/Battle/战斗界面_剪刀_绿色.png",""
"Move","d87abae7b50a64c48a76f328321746c4","Assets/Game/Sprites/ColorTiming/ui/绿色戒刀.png","Assets/Game/Sprites/ColorTiming/UI/Battle/战斗界面_戒刀_绿色.png",""
"Move","306e40d68f7e28e43ac909644c62fed9","Assets/Game/Sprites/ColorTiming/ui/绿色斧头.png","Assets/Game/Sprites/ColorTiming/UI/Battle/战斗界面_斧头_绿色.png",""
"Move","2fe8cb1546c03054ba19d59f0db20f00","Assets/Game/Sprites/ColorTiming/ui/绿色炸弹.png","Assets/Game/Sprites/ColorTiming/UI/Battle/战斗界面_炸弹_绿色.png",""
"Move","d8d75240423ce014391285494563911c","Assets/Game/Sprites/ColorTiming/ui/绿色锤子.png","Assets/Game/Sprites/ColorTiming/UI/Battle/战斗界面_锤子_绿色.png",""
"Move","b6ee443818379f645803ddea9e0eef7e","Assets/Game/Sprites/ColorTiming/ui/绿色飞机.png","Assets/Game/Sprites/ColorTiming/UI/Battle/战斗界面_飞机_绿色.png",""
"Move","741b0f5c99e986c478bda203beaea01d","Assets/Game/Sprites/ColorTiming/ui/血条.png","Assets/Game/Sprites/ColorTiming/UI/Battle/战斗界面_血条.png",""
"Move","e4a77f9f1fcbc9b478dbf0b67b74adae","Assets/Game/Sprites/ColorTiming/ui/锤子操作提示.png","Assets/Game/Sprites/ColorTiming/UI/Battle/战斗界面_锤子_操作提示.png",""
"Move","1ea60d63021913b42b59d07178f095aa","Assets/Game/Sprites/ColorTiming/ui/飞机操作提示.png","Assets/Game/Sprites/ColorTiming/UI/Battle/战斗界面_飞机_操作提示.png",""
"Move","88b66e71cd16b3b4a91d11e156c35365","Assets/Game/Sprites/ColorTiming/yin/BOSS投影.png","Assets/Game/Sprites/ColorTiming/Shadows/投影_首领.png",""
"Move","aa6e4de32266b404387ebf3d8c8dada9","Assets/Game/Sprites/ColorTiming/yin/a2草投影.png","Assets/Game/Sprites/ColorTiming/Shadows/投影_草丛02.png",""
"Move","0ce79dbb98757dc4984d324197949a54","Assets/Game/Sprites/ColorTiming/yin/a3草投影.png","Assets/Game/Sprites/ColorTiming/Shadows/投影_草丛03.png",""
"Move","4f973008e956a284ab0c98835e2a9cee","Assets/Game/Sprites/ColorTiming/yin/a4草投影.png","Assets/Game/Sprites/ColorTiming/Shadows/投影_草丛04.png",""
"Move","04fba80b0733488458763a6d5efd238e","Assets/Game/Sprites/ColorTiming/yin/a5草投影.png","Assets/Game/Sprites/ColorTiming/Shadows/投影_草丛05.png",""
"Move","3dc7972bcabed994bb060c9383d14c54","Assets/Game/Sprites/ColorTiming/yin/a6草投影.png","Assets/Game/Sprites/ColorTiming/Shadows/投影_草丛06.png",""
"Move","229f65ae50a05ee49933da46f41fdb32","Assets/Game/Sprites/ColorTiming/yin/玩家投影.png","Assets/Game/Sprites/ColorTiming/Shadows/投影_玩家.png",""
