[Licensing::Module] Trying to connect to existing licensing client channel...
[Licensing::IpcConnector] Successfully connected to: "LicenseClient-WIN10" at "2026-08-24T14:36:22.6164145Z"
[Licensing::Client] Code 10 while verifying Licensing Client signature (process Id: 6032, path: "D:/unity/Unity Hub/UnityLicensingClient_V1/Unity.Licensing.Client.exe")
[Licensing::Module] LicensingClient has failed validation; ignoring
[Licensing::Client] Error: HandshakeResponse reported an error:
	ResponseCode: 505
	ResponseStatus: Unsupported protocol version '1.16.2'.
[Licensing::Module] Error: Failed to handshake to channel: "LicenseClient-WIN10"
[Licensing::IpcConnector] LicenseClient-WIN10 channel disconnected successfully.
[Licensing::IpcConnector] Successfully connected to: "LicenseClient-WIN10-2022.3.62" at "2026-08-24T14:36:22.6754128Z"
[Licensing::Client] Code 10 while verifying Licensing Client signature (process Id: 16716, path: "C:/Program Files/Unity/Hub/Editor/2022.3.62f3/Editor/Data/Resources/Licensing/Client/Unity.Licensing.Client.exe")
[Licensing::Module] LicensingClient has failed validation; ignoring
[Licensing::Client] Handshaking with LicensingClient:
  Version:                 1.16.2+bdef8f5
  Session Id:              6cd194356e6f443599723fa781e13412
  Correlation Id:          32fcc81276828896fcc3479650094061
  External correlation Id: 1161341939838946956
  Machine Id:              OfSOB9hlSOHqKDTn/0aysRfJBWw=
[Licensing::Module] Successfully connected to LicensingClient on channel: "LicenseClient-WIN10-2022.3.62" (connect: 0.00s, validation: 0.01s, handshake: 0.01s)
[Licensing::IpcConnector] Successfully connected to: "LicenseClient-WIN10-2022.3.62-notifications" at "2026-08-24T14:36:22.692913Z"
[Licensing::Module] Error: Access token is unavailable; failed to update
[Licensing::Client] Successfully updated license
Built from '2022.3/china_unity/release' branch; Version is '2022.3.62f3c1 (1623fc0bbb97) revision 1451004'; Using compiler version '192829333'; Build Type 'Release'
OS: 'Windows 10  (10.0.19045) 64bit Professional' Language: 'zh' Physical Memory: 65241 MB
[Licensing::Client] Successfully resolved entitlement details
[Licensing::Module] Serial number assigned to: "F4-FUFT-MQVB-TJ9V-896H-XXXX"
BatchMode: 1, IsHumanControllingUs: 0, StartBugReporterOnCrash: 0, Is64bit: 1, IsPro: 0
[Licensing::Client] Successfully resolved entitlement details

COMMAND LINE ARGUMENTS:
C:\Program Files\Unity\Hub\Editor\2022.3.62f3c1\Editor\Unity.exe
-batchmode
-projectPath
D:\unity\UnityProject\ColorTimeing\New\_ColorTiming_PlayModeVerification_20260824b
-runTests
-testPlatform
EditMode
-testResults
D:\unity\UnityProject\ColorTimeing\New\_ColorTiming_PlayModeVerification_20260824b\editmode-203-final.xml
-logFile
D:\unity\UnityProject\ColorTimeing\New\_ColorTiming_PlayModeVerification_20260824b\editmode-203-final.log
Successfully changed project path to: D:\unity\UnityProject\ColorTimeing\New\_ColorTiming_PlayModeVerification_20260824b
D:/unity/UnityProject/ColorTimeing/New/_ColorTiming_PlayModeVerification_20260824b
[UnityMemory] Configuration Parameters - Can be set up in boot.config
    "memorysetup-bucket-allocator-granularity=16"
    "memorysetup-bucket-allocator-bucket-count=8"
    "memorysetup-bucket-allocator-block-size=33554432"
    "memorysetup-bucket-allocator-block-count=8"
    "memorysetup-main-allocator-block-size=16777216"
    "memorysetup-thread-allocator-block-size=16777216"
    "memorysetup-gfx-main-allocator-block-size=16777216"
    "memorysetup-gfx-thread-allocator-block-size=16777216"
    "memorysetup-cache-allocator-block-size=4194304"
    "memorysetup-typetree-allocator-block-size=2097152"
    "memorysetup-profiler-bucket-allocator-granularity=16"
    "memorysetup-profiler-bucket-allocator-bucket-count=8"
    "memorysetup-profiler-bucket-allocator-block-size=33554432"
    "memorysetup-profiler-bucket-allocator-block-count=8"
    "memorysetup-profiler-allocator-block-size=16777216"
    "memorysetup-profiler-editor-allocator-block-size=1048576"
    "memorysetup-temp-allocator-size-main=16777216"
    "memorysetup-job-temp-allocator-block-size=2097152"
    "memorysetup-job-temp-allocator-block-size-background=1048576"
    "memorysetup-job-temp-allocator-reduction-small-platforms=262144"
    "memorysetup-allocator-temp-initial-block-size-main=262144"
    "memorysetup-allocator-temp-initial-block-size-worker=262144"
    "memorysetup-temp-allocator-size-background-worker=32768"
    "memorysetup-temp-allocator-size-job-worker=262144"
    "memorysetup-temp-allocator-size-preload-manager=33554432"
    "memorysetup-temp-allocator-size-nav-mesh-worker=65536"
    "memorysetup-temp-allocator-size-audio-worker=65536"
    "memorysetup-temp-allocator-size-cloud-worker=32768"
    "memorysetup-temp-allocator-size-gi-baking-worker=262144"
    "memorysetup-temp-allocator-size-gfx=262144"
Player connection [524]  Target information:

Player connection [524]  * "[IP] 192.168.3.51 [Port] 55508 [Flags] 2 [Guid] 1310561059 [EditorId] 1310561059 [Version] 1048832 [Id] WindowsEditor(7,DESKTOP-7JQ11GM) [Debug] 1 [PackageName] WindowsEditor [ProjectName] Editor"

Player connection [524] Host joined multi-casting on [225.0.0.222:54997]...
Player connection [524] Host joined alternative multi-casting on [225.0.0.222:34997]...
Input System module state changed to: Initialized.
[PhysX] Initialized MultithreadedTaskDispatcher with 20 workers.
[Package Manager] UpmClient::Connect -- Connected to IPC stream "Upm-64828" after 0.2 seconds.
[Package Manager] Restoring resolved packages state from cache
[Licensing::Client] Successfully resolved entitlement details
[Package Manager] Registered 73 packages:
  Packages from [https://npm.cloudsmith.io/jillejr/newtonsoft-json-for-unity]:
    jillejr.newtonsoft.json-for-unity.converters@1.6.3 (location: D:\unity\UnityProject\ColorTimeing\New\_ColorTiming_PlayModeVerification_20260824b\Library\PackageCache\jillejr.newtonsoft.json-for-unity.converters@1.6.3)
  Packages from [https://packages.unity.cn]:
    com.unity.cinemachine@2.10.3 (location: D:\unity\UnityProject\ColorTimeing\New\_ColorTiming_PlayModeVerification_20260824b\Library\PackageCache\com.unity.cinemachine@2.10.3)
    com.unity.collab-proxy@2.12.4 (location: D:\unity\UnityProject\ColorTimeing\New\_ColorTiming_PlayModeVerification_20260824b\Library\PackageCache\com.unity.collab-proxy@2.12.4)
    com.unity.collections@2.5.7 (location: D:\unity\UnityProject\ColorTimeing\New\_ColorTiming_PlayModeVerification_20260824b\Library\PackageCache\com.unity.collections@2.5.7)
    com.unity.ide.rider@3.0.36 (location: D:\unity\UnityProject\ColorTimeing\New\_ColorTiming_PlayModeVerification_20260824b\Library\PackageCache\com.unity.ide.rider@3.0.36)
    com.unity.ide.visualstudio@2.0.22 (location: D:\unity\UnityProject\ColorTimeing\New\_ColorTiming_PlayModeVerification_20260824b\Library\PackageCache\com.unity.ide.visualstudio@2.0.22)
    com.unity.ide.vscode@1.2.5 (location: D:\unity\UnityProject\ColorTimeing\New\_ColorTiming_PlayModeVerification_20260824b\Library\PackageCache\com.unity.ide.vscode@1.2.5)
    com.unity.jobs@0.70.0-preview.7 (location: D:\unity\UnityProject\ColorTimeing\New\_ColorTiming_PlayModeVerification_20260824b\Library\PackageCache\com.unity.jobs@0.70.0-preview.7)
    com.unity.nuget.newtonsoft-json@3.2.1 (location: D:\unity\UnityProject\ColorTimeing\New\_ColorTiming_PlayModeVerification_20260824b\Library\PackageCache\com.unity.nuget.newtonsoft-json@3.2.1)
    com.unity.probuilder@5.2.4 (location: D:\unity\UnityProject\ColorTimeing\New\_ColorTiming_PlayModeVerification_20260824b\Library\PackageCache\com.unity.probuilder@5.2.4)
    com.unity.searcher@4.9.2 (location: D:\unity\UnityProject\ColorTimeing\New\_ColorTiming_PlayModeVerification_20260824b\Library\PackageCache\com.unity.searcher@4.9.2)
    com.unity.textmeshpro@3.0.8 (location: D:\unity\UnityProject\ColorTimeing\New\_ColorTiming_PlayModeVerification_20260824b\Library\PackageCache\com.unity.textmeshpro@3.0.8)
    com.unity.timeline@1.7.7 (location: D:\unity\UnityProject\ColorTimeing\New\_ColorTiming_PlayModeVerification_20260824b\Library\PackageCache\com.unity.timeline@1.7.7)
    com.unity.visualscripting@1.9.4 (location: D:\unity\UnityProject\ColorTimeing\New\_ColorTiming_PlayModeVerification_20260824b\Library\PackageCache\com.unity.visualscripting@1.9.4)
    com.unity.burst@1.8.21 (location: D:\unity\UnityProject\ColorTimeing\New\_ColorTiming_PlayModeVerification_20260824b\Library\PackageCache\com.unity.burst@1.8.21)
    com.unity.settings-manager@2.1.0 (location: D:\unity\UnityProject\ColorTimeing\New\_ColorTiming_PlayModeVerification_20260824b\Library\PackageCache\com.unity.settings-manager@2.1.0)
    com.unity.2d.animation@9.2.0 (location: D:\unity\UnityProject\ColorTimeing\New\_ColorTiming_PlayModeVerification_20260824b\Library\PackageCache\com.unity.2d.animation@9.2.0)
    com.unity.2d.pixel-perfect@5.1.0 (location: D:\unity\UnityProject\ColorTimeing\New\_ColorTiming_PlayModeVerification_20260824b\Library\PackageCache\com.unity.2d.pixel-perfect@5.1.0)
    com.unity.2d.psdimporter@8.1.0 (location: D:\unity\UnityProject\ColorTimeing\New\_ColorTiming_PlayModeVerification_20260824b\Library\PackageCache\com.unity.2d.psdimporter@8.1.0)
    com.unity.2d.spriteshape@9.1.0 (location: D:\unity\UnityProject\ColorTimeing\New\_ColorTiming_PlayModeVerification_20260824b\Library\PackageCache\com.unity.2d.spriteshape@9.1.0)
    com.unity.2d.tilemap.extras@3.1.3 (location: D:\unity\UnityProject\ColorTimeing\New\_ColorTiming_PlayModeVerification_20260824b\Library\PackageCache\com.unity.2d.tilemap.extras@3.1.3)
    com.unity.2d.aseprite@1.1.9 (location: D:\unity\UnityProject\ColorTimeing\New\_ColorTiming_PlayModeVerification_20260824b\Library\PackageCache\com.unity.2d.aseprite@1.1.9)
    com.unity.mathematics@1.3.2 (location: D:\unity\UnityProject\ColorTimeing\New\_ColorTiming_PlayModeVerification_20260824b\Library\PackageCache\com.unity.mathematics@1.3.2)
    com.unity.test-framework@1.4.6 (location: D:\unity\UnityProject\ColorTimeing\New\_ColorTiming_PlayModeVerification_20260824b\Library\PackageCache\com.unity.test-framework@1.4.6)
    com.unity.nuget.mono-cecil@1.11.5 (location: D:\unity\UnityProject\ColorTimeing\New\_ColorTiming_PlayModeVerification_20260824b\Library\PackageCache\com.unity.nuget.mono-cecil@1.11.5)
    com.unity.test-framework.performance@3.0.3 (location: D:\unity\UnityProject\ColorTimeing\New\_ColorTiming_PlayModeVerification_20260824b\Library\PackageCache\com.unity.test-framework.performance@3.0.3)
    com.unity.2d.common@8.1.0 (location: D:\unity\UnityProject\ColorTimeing\New\_ColorTiming_PlayModeVerification_20260824b\Library\PackageCache\com.unity.2d.common@8.1.0)
    com.unity.ext.nunit@2.0.3 (location: D:\unity\UnityProject\ColorTimeing\New\_ColorTiming_PlayModeVerification_20260824b\Library\PackageCache\com.unity.ext.nunit@2.0.3)
  Built-in packages:
    com.unity.feature.2d@2.0.1 (location: D:\unity\UnityProject\ColorTimeing\New\_ColorTiming_PlayModeVerification_20260824b\Library\PackageCache\com.unity.feature.2d@2.0.1)
    com.unity.render-pipelines.universal@14.0.12 (location: D:\unity\UnityProject\ColorTimeing\New\_ColorTiming_PlayModeVerification_20260824b\Library\PackageCache\com.unity.render-pipelines.universal@14.0.12)
    com.unity.ugui@1.0.0 (location: D:\unity\UnityProject\ColorTimeing\New\_ColorTiming_PlayModeVerification_20260824b\Library\PackageCache\com.unity.ugui@1.0.0)
    com.unity.modules.ai@1.0.0 (location: D:\unity\UnityProject\ColorTimeing\New\_ColorTiming_PlayModeVerification_20260824b\Library\PackageCache\com.unity.modules.ai@1.0.0)
    com.unity.modules.androidjni@1.0.0 (location: D:\unity\UnityProject\ColorTimeing\New\_ColorTiming_PlayModeVerification_20260824b\Library\PackageCache\com.unity.modules.androidjni@1.0.0)
    com.unity.modules.animation@1.0.0 (location: D:\unity\UnityProject\ColorTimeing\New\_ColorTiming_PlayModeVerification_20260824b\Library\PackageCache\com.unity.modules.animation@1.0.0)
    com.unity.modules.assetbundle@1.0.0 (location: D:\unity\UnityProject\ColorTimeing\New\_ColorTiming_PlayModeVerification_20260824b\Library\PackageCache\com.unity.modules.assetbundle@1.0.0)
    com.unity.modules.audio@1.0.0 (location: D:\unity\UnityProject\ColorTimeing\New\_ColorTiming_PlayModeVerification_20260824b\Library\PackageCache\com.unity.modules.audio@1.0.0)
    com.unity.modules.cloth@1.0.0 (location: D:\unity\UnityProject\ColorTimeing\New\_ColorTiming_PlayModeVerification_20260824b\Library\PackageCache\com.unity.modules.cloth@1.0.0)
    com.unity.modules.director@1.0.0 (location: D:\unity\UnityProject\ColorTimeing\New\_ColorTiming_PlayModeVerification_20260824b\Library\PackageCache\com.unity.modules.director@1.0.0)
    com.unity.modules.imageconversion@1.0.0 (location: D:\unity\UnityProject\ColorTimeing\New\_ColorTiming_PlayModeVerification_20260824b\Library\PackageCache\com.unity.modules.imageconversion@1.0.0)
    com.unity.modules.imgui@1.0.0 (location: D:\unity\UnityProject\ColorTimeing\New\_ColorTiming_PlayModeVerification_20260824b\Library\PackageCache\com.unity.modules.imgui@1.0.0)
    com.unity.modules.jsonserialize@1.0.0 (location: D:\unity\UnityProject\ColorTimeing\New\_ColorTiming_PlayModeVerification_20260824b\Library\PackageCache\com.unity.modules.jsonserialize@1.0.0)
    com.unity.modules.particlesystem@1.0.0 (location: D:\unity\UnityProject\ColorTimeing\New\_ColorTiming_PlayModeVerification_20260824b\Library\PackageCache\com.unity.modules.particlesystem@1.0.0)
    com.unity.modules.physics@1.0.0 (location: D:\unity\UnityProject\ColorTimeing\New\_ColorTiming_PlayModeVerification_20260824b\Library\PackageCache\com.unity.modules.physics@1.0.0)
    com.unity.modules.physics2d@1.0.0 (location: D:\unity\UnityProject\ColorTimeing\New\_ColorTiming_PlayModeVerification_20260824b\Library\PackageCache\com.unity.modules.physics2d@1.0.0)
    com.unity.modules.screencapture@1.0.0 (location: D:\unity\UnityProject\ColorTimeing\New\_ColorTiming_PlayModeVerification_20260824b\Library\PackageCache\com.unity.modules.screencapture@1.0.0)
    com.unity.modules.terrain@1.0.0 (location: D:\unity\UnityProject\ColorTimeing\New\_ColorTiming_PlayModeVerification_20260824b\Library\PackageCache\com.unity.modules.terrain@1.0.0)
    com.unity.modules.terrainphysics@1.0.0 (location: D:\unity\UnityProject\ColorTimeing\New\_ColorTiming_PlayModeVerification_20260824b\Library\PackageCache\com.unity.modules.terrainphysics@1.0.0)
    com.unity.modules.tilemap@1.0.0 (location: D:\unity\UnityProject\ColorTimeing\New\_ColorTiming_PlayModeVerification_20260824b\Library\PackageCache\com.unity.modules.tilemap@1.0.0)
    com.unity.modules.ui@1.0.0 (location: D:\unity\UnityProject\ColorTimeing\New\_ColorTiming_PlayModeVerification_20260824b\Library\PackageCache\com.unity.modules.ui@1.0.0)
    com.unity.modules.uielements@1.0.0 (location: D:\unity\UnityProject\ColorTimeing\New\_ColorTiming_PlayModeVerification_20260824b\Library\PackageCache\com.unity.modules.uielements@1.0.0)
    com.unity.modules.umbra@1.0.0 (location: D:\unity\UnityProject\ColorTimeing\New\_ColorTiming_PlayModeVerification_20260824b\Library\PackageCache\com.unity.modules.umbra@1.0.0)
    com.unity.modules.unityanalytics@1.0.0 (location: D:\unity\UnityProject\ColorTimeing\New\_ColorTiming_PlayModeVerification_20260824b\Library\PackageCache\com.unity.modules.unityanalytics@1.0.0)
    com.unity.modules.unitywebrequest@1.0.0 (location: D:\unity\UnityProject\ColorTimeing\New\_ColorTiming_PlayModeVerification_20260824b\Library\PackageCache\com.unity.modules.unitywebrequest@1.0.0)
    com.unity.modules.unitywebrequestassetbundle@1.0.0 (location: D:\unity\UnityProject\ColorTimeing\New\_ColorTiming_PlayModeVerification_20260824b\Library\PackageCache\com.unity.modules.unitywebrequestassetbundle@1.0.0)
    com.unity.modules.unitywebrequestaudio@1.0.0 (location: D:\unity\UnityProject\ColorTimeing\New\_ColorTiming_PlayModeVerification_20260824b\Library\PackageCache\com.unity.modules.unitywebrequestaudio@1.0.0)
    com.unity.modules.unitywebrequesttexture@1.0.0 (location: D:\unity\UnityProject\ColorTimeing\New\_ColorTiming_PlayModeVerification_20260824b\Library\PackageCache\com.unity.modules.unitywebrequesttexture@1.0.0)
    com.unity.modules.unitywebrequestwww@1.0.0 (location: D:\unity\UnityProject\ColorTimeing\New\_ColorTiming_PlayModeVerification_20260824b\Library\PackageCache\com.unity.modules.unitywebrequestwww@1.0.0)
    com.unity.modules.vehicles@1.0.0 (location: D:\unity\UnityProject\ColorTimeing\New\_ColorTiming_PlayModeVerification_20260824b\Library\PackageCache\com.unity.modules.vehicles@1.0.0)
    com.unity.modules.video@1.0.0 (location: D:\unity\UnityProject\ColorTimeing\New\_ColorTiming_PlayModeVerification_20260824b\Library\PackageCache\com.unity.modules.video@1.0.0)
    com.unity.modules.vr@1.0.0 (location: D:\unity\UnityProject\ColorTimeing\New\_ColorTiming_PlayModeVerification_20260824b\Library\PackageCache\com.unity.modules.vr@1.0.0)
    com.unity.modules.wind@1.0.0 (location: D:\unity\UnityProject\ColorTimeing\New\_ColorTiming_PlayModeVerification_20260824b\Library\PackageCache\com.unity.modules.wind@1.0.0)
    com.unity.modules.xr@1.0.0 (location: D:\unity\UnityProject\ColorTimeing\New\_ColorTiming_PlayModeVerification_20260824b\Library\PackageCache\com.unity.modules.xr@1.0.0)
    com.unity.modules.subsystems@1.0.0 (location: D:\unity\UnityProject\ColorTimeing\New\_ColorTiming_PlayModeVerification_20260824b\Library\PackageCache\com.unity.modules.subsystems@1.0.0)
    com.unity.render-pipelines.core@14.0.12 (location: D:\unity\UnityProject\ColorTimeing\New\_ColorTiming_PlayModeVerification_20260824b\Library\PackageCache\com.unity.render-pipelines.core@14.0.12)
    com.unity.shadergraph@14.0.12 (location: D:\unity\UnityProject\ColorTimeing\New\_ColorTiming_PlayModeVerification_20260824b\Library\PackageCache\com.unity.shadergraph@14.0.12)
    com.unity.render-pipelines.universal-config@14.0.10 (location: D:\unity\UnityProject\ColorTimeing\New\_ColorTiming_PlayModeVerification_20260824b\Library\PackageCache\com.unity.render-pipelines.universal-config@14.0.10)
    com.unity.2d.sprite@1.0.0 (location: D:\unity\UnityProject\ColorTimeing\New\_ColorTiming_PlayModeVerification_20260824b\Library\PackageCache\com.unity.2d.sprite@1.0.0)
    com.unity.2d.tilemap@1.0.0 (location: D:\unity\UnityProject\ColorTimeing\New\_ColorTiming_PlayModeVerification_20260824b\Library\PackageCache\com.unity.2d.tilemap@1.0.0)
  Local packages:
    com.handzlikchris.fastscriptreload@file:D:\unity\UnityProject\ColorTimeing\New\_ColorTiming_PlayModeVerification_20260824b\LocalPackages\FastScriptReload\Assets (location: D:\unity\UnityProject\ColorTimeing\New\_ColorTiming_PlayModeVerification_20260824b\LocalPackages\FastScriptReload\Assets)
  Git packages:
    com.besty.unity-skills@https://github.com/Besty0728/Unity-Skills.git?path=/SkillsForUnity#v2.1.0 (location: D:\unity\UnityProject\ColorTimeing\New\_ColorTiming_PlayModeVerification_20260824b\Library\PackageCache\com.besty.unity-skills@f6f09e6bb0)
    com.code-philosophy.hybridclr@https://gitee.com/focus-creative-games/hybridclr_unity.git (location: D:\unity\UnityProject\ColorTimeing\New\_ColorTiming_PlayModeVerification_20260824b\Library\PackageCache\com.code-philosophy.hybridclr@e4def761d6)
    com.code-philosophy.obfuz@https://gitee.com/focus-creative-games/obfuz.git (location: D:\unity\UnityProject\ColorTimeing\New\_ColorTiming_PlayModeVerification_20260824b\Library\PackageCache\com.code-philosophy.obfuz@977779c8b7)
    com.code-philosophy.obfuz4hybridclr@https://gitee.com/focus-creative-games/obfuz4hybridclr.git (location: D:\unity\UnityProject\ColorTimeing\New\_ColorTiming_PlayModeVerification_20260824b\Library\PackageCache\com.code-philosophy.obfuz4hybridclr@40c8b6c1a8)
[Subsystems] No new subsystems found in resolved package list.
Package Manager log level set to [2]
[Package Manager] Done registering packages in 0.12 seconds
Refreshing native plugins compatible for Editor in 16.13 ms, found 5 plugins.
Preloading 0 native plugins for Editor in 0.00 ms.
Initialize engine version: 2022.3.62f3c1 (1623fc0bbb97)
[Subsystems] Discovering subsystems at path C:/Program Files/Unity/Hub/Editor/2022.3.62f3c1/Editor/Data/Resources/UnitySubsystems
[Subsystems] Discovering subsystems at path D:/unity/UnityProject/ColorTimeing/New/_ColorTiming_PlayModeVerification_20260824b/Assets
GfxDevice: creating device client; threaded=0; jobified=0
Direct3D:
    Version:  Direct3D 11.0 [level 11.1]
    Renderer: NVIDIA GeForce GTX 1650 (ID=0x2188)
    Vendor:   NVIDIA
    VRAM:     3935 MB
    Driver:   32.0.15.7688
[Licensing::Client] Successfully resolved entitlement details
Initialize mono
Mono path[0] = 'C:/Program Files/Unity/Hub/Editor/2022.3.62f3c1/Editor/Data/Managed'
Mono path[1] = 'C:/Program Files/Unity/Hub/Editor/2022.3.62f3c1/Editor/Data/MonoBleedingEdge/lib/mono/unityjit-win32'
Mono config path = 'C:/Program Files/Unity/Hub/Editor/2022.3.62f3c1/Editor/Data/MonoBleedingEdge/etc'
Using monoOptions --debugger-agent=transport=dt_socket,embedding=1,server=y,suspend=n,address=127.0.0.1:56828
Using cacheserver namespaces - metadata:defaultmetadata, artifacts:defaultartifacts
Using cacheserver namespaces - metadata:defaultmetadata, artifacts:defaultartifacts
ImportWorker Server TCP listen port: 0
Begin MonoManager ReloadAssembly
Registering precompiled unity dll's ...
Register platform support module: C:/Program Files/Unity/Hub/Editor/2022.3.62f3c1/Editor/Data/PlaybackEngines/WindowsStandaloneSupport/UnityEditor.WindowsStandalone.Extensions.dll
Registered in 0.004075 seconds.
- Loaded All Assemblies, in  0.203 seconds
Native extension for WindowsStandalone target not found
Mono: successfully reloaded assembly
- Finished resetting the current domain, in  0.145 seconds
Domain Reload Profiling: 348ms
	BeginReloadAssembly (67ms)
		ExecutionOrderSort (0ms)
		DisableScriptedObjects (0ms)
		BackupInstance (0ms)
		ReleaseScriptingObjects (0ms)
		CreateAndSetChildDomain (1ms)
	RebuildCommonClasses (19ms)
	RebuildNativeTypeToScriptingClass (5ms)
	initialDomainReloadingComplete (34ms)
	LoadAllAssembliesAndSetupDomain (77ms)
		LoadAssemblies (65ms)
		RebuildTransferFunctionScriptingTraits (0ms)
		AnalyzeDomain (76ms)
			TypeCache.Refresh (74ms)
				TypeCache.ScanAssembly (66ms)
			ScanForSourceGeneratedMonoScriptInfo (0ms)
			ResolveRequiredComponents (0ms)
	FinalizeReload (146ms)
		ReleaseScriptCaches (0ms)
		RebuildScriptCaches (0ms)
		SetupLoadedEditorAssemblies (120ms)
			LogAssemblyErrors (0ms)
			InitializePlatformSupportModulesInManaged (6ms)
			SetLoadedEditorAssemblies (5ms)
			RefreshPlugins (0ms)
			BeforeProcessingInitializeOnLoad (1ms)
			ProcessInitializeOnLoadAttributes (77ms)
			ProcessInitializeOnLoadMethodAttributes (31ms)
			AfterProcessingInitializeOnLoad (0ms)
			EditorAssembliesLoaded (0ms)
		ExecutionOrderSort2 (0ms)
		AwakeInstancesAfterBackupRestoration (0ms)
[Licensing::Client] Successfully resolved entitlement details
Application.AssetDatabase Initial Refresh Start
Duplicate assembly 'Mono.Cecil.Pdb.dll' with different versions detected, using 'Packages/com.handzlikchris.fastscriptreload/Plugins/Harmony/net48/Mono.Cecil.Pdb.dll, AssemblyName=Mono.Cecil.Pdb, Version=0.11.6.0, Culture=neutral, PublicKeyToken=50cebf1cceb9d05e' and ignoring 'Packages/com.unity.nuget.mono-cecil/Mono.Cecil.Pdb.dll, AssemblyName=Mono.Cecil.Pdb, Version=0.11.5.0, Culture=neutral, PublicKeyToken=50cebf1cceb9d05e'.Duplicate assembly 'System.Collections.Immutable.dll' with different versions detected, using 'Assets/Plugins/Protobuf/System.Collections.Immutable.dll, AssemblyName=System.Collections.Immutable, Version=7.0.0.0, Culture=neutral, PublicKeyToken=b03f5f7f11d50a3a' and ignoring 'Packages/com.handzlikchris.fastscriptreload/Plugins/Roslyn/2021+/System.Collections.Immutable.dll, AssemblyName=System.Collections.Immutable, Version=1.2.3.0, Culture=neutral, PublicKeyToken=b03f5f7f11d50a3a'.Duplicate assembly 'Mono.Cecil.Rocks.dll' with different versions detected, using 'Packages/com.handzlikchris.fastscriptreload/Plugins/Harmony/net48/Mono.Cecil.Rocks.dll, AssemblyName=Mono.Cecil.Rocks, Version=0.11.6.0, Culture=neutral, PublicKeyToken=50cebf1cceb9d05e' and ignoring 'Packages/com.unity.nuget.mono-cecil/Mono.Cecil.Rocks.dll, AssemblyName=Mono.Cecil.Rocks, Version=0.11.5.0, Culture=neutral, PublicKeyToken=50cebf1cceb9d05e'.Duplicate assembly 'Mono.Cecil.Mdb.dll' with different versions detected, using 'Packages/com.handzlikchris.fastscriptreload/Plugins/Harmony/net48/Mono.Cecil.Mdb.dll, AssemblyName=Mono.Cecil.Mdb, Version=0.11.6.0, Culture=neutral, PublicKeyToken=50cebf1cceb9d05e' and ignoring 'Packages/com.unity.nuget.mono-cecil/Mono.Cecil.Mdb.dll, AssemblyName=Mono.Cecil.Mdb, Version=0.11.5.0, Culture=neutral, PublicKeyToken=50cebf1cceb9d05e'.Duplicate assembly 'Mono.Cecil.dll' with different versions detected, using 'Packages/com.handzlikchris.fastscriptreload/Plugins/Harmony/net48/Mono.Cecil.dll, AssemblyName=Mono.Cecil, Version=0.11.6.0, Culture=neutral, PublicKeyToken=50cebf1cceb9d05e' and ignoring 'Packages/com.unity.nuget.mono-cecil/Mono.Cecil.dll, AssemblyName=Mono.Cecil, Version=0.11.5.0, Culture=neutral, PublicKeyToken=50cebf1cceb9d05e'.Starting: C:\Program Files\Unity\Hub\Editor\2022.3.62f3c1\Editor\Data\bee_backend.exe --ipc --defer-dag-verification --dagfile="Library/Bee/1900b0aEDbg.dag" --continue-on-failure --profile="Library/Bee/backend1.traceevents" ScriptAssemblies
WorkingDir: D:/unity/UnityProject/ColorTimeing/New/_ColorTiming_PlayModeVerification_20260824b
DisplayProgressbar: Compiling Scripts
ExitCode: 0 Duration: 0s232ms
[ 936/1243  0s] ILPP-Configuration Library/ilpp-configuration.nevergeneratedoutput
*** Tundra build success (0.19 seconds), 1 items updated, 1243 evaluated
AssetDatabase: script compilation time: 0.673916s
Begin MonoManager ReloadAssembly
Duplicate assembly 'Mono.Cecil.Pdb.dll' with different versions detected, using 'Packages/com.handzlikchris.fastscriptreload/Plugins/Harmony/net48/Mono.Cecil.Pdb.dll, AssemblyName=Mono.Cecil.Pdb, Version=0.11.6.0, Culture=neutral, PublicKeyToken=50cebf1cceb9d05e' and ignoring 'Packages/com.unity.nuget.mono-cecil/Mono.Cecil.Pdb.dll, AssemblyName=Mono.Cecil.Pdb, Version=0.11.5.0, Culture=neutral, PublicKeyToken=50cebf1cceb9d05e'.Duplicate assembly 'System.Collections.Immutable.dll' with different versions detected, using 'Assets/Plugins/Protobuf/System.Collections.Immutable.dll, AssemblyName=System.Collections.Immutable, Version=7.0.0.0, Culture=neutral, PublicKeyToken=b03f5f7f11d50a3a' and ignoring 'Packages/com.handzlikchris.fastscriptreload/Plugins/Roslyn/2021+/System.Collections.Immutable.dll, AssemblyName=System.Collections.Immutable, Version=1.2.3.0, Culture=neutral, PublicKeyToken=b03f5f7f11d50a3a'.Duplicate assembly 'Mono.Cecil.Rocks.dll' with different versions detected, using 'Packages/com.handzlikchris.fastscriptreload/Plugins/Harmony/net48/Mono.Cecil.Rocks.dll, AssemblyName=Mono.Cecil.Rocks, Version=0.11.6.0, Culture=neutral, PublicKeyToken=50cebf1cceb9d05e' and ignoring 'Packages/com.unity.nuget.mono-cecil/Mono.Cecil.Rocks.dll, AssemblyName=Mono.Cecil.Rocks, Version=0.11.5.0, Culture=neutral, PublicKeyToken=50cebf1cceb9d05e'.Duplicate assembly 'Mono.Cecil.Mdb.dll' with different versions detected, using 'Packages/com.handzlikchris.fastscriptreload/Plugins/Harmony/net48/Mono.Cecil.Mdb.dll, AssemblyName=Mono.Cecil.Mdb, Version=0.11.6.0, Culture=neutral, PublicKeyToken=50cebf1cceb9d05e' and ignoring 'Packages/com.unity.nuget.mono-cecil/Mono.Cecil.Mdb.dll, AssemblyName=Mono.Cecil.Mdb, Version=0.11.5.0, Culture=neutral, PublicKeyToken=50cebf1cceb9d05e'.Duplicate assembly 'Mono.Cecil.dll' with different versions detected, using 'Packages/com.handzlikchris.fastscriptreload/Plugins/Harmony/net48/Mono.Cecil.dll, AssemblyName=Mono.Cecil, Version=0.11.6.0, Culture=neutral, PublicKeyToken=50cebf1cceb9d05e' and ignoring 'Packages/com.unity.nuget.mono-cecil/Mono.Cecil.dll, AssemblyName=Mono.Cecil, Version=0.11.5.0, Culture=neutral, PublicKeyToken=50cebf1cceb9d05e'.- Loaded All Assemblies, in  0.730 seconds
Refreshing native plugins compatible for Editor in 4.80 ms, found 5 plugins.
Preloading 0 native plugins for Editor in 0.00 ms.
Refreshing native plugins compatible for Editor in 5.24 ms, found 5 plugins.
Native extension for WindowsStandalone target not found
Duplicate assembly 'Mono.Cecil.Pdb.dll' with different versions detected, using 'Packages/com.handzlikchris.fastscriptreload/Plugins/Harmony/net48/Mono.Cecil.Pdb.dll, AssemblyName=Mono.Cecil.Pdb, Version=0.11.6.0, Culture=neutral, PublicKeyToken=50cebf1cceb9d05e' and ignoring 'Packages/com.unity.nuget.mono-cecil/Mono.Cecil.Pdb.dll, AssemblyName=Mono.Cecil.Pdb, Version=0.11.5.0, Culture=neutral, PublicKeyToken=50cebf1cceb9d05e'.Duplicate assembly 'System.Collections.Immutable.dll' with different versions detected, using 'Assets/Plugins/Protobuf/System.Collections.Immutable.dll, AssemblyName=System.Collections.Immutable, Version=7.0.0.0, Culture=neutral, PublicKeyToken=b03f5f7f11d50a3a' and ignoring 'Packages/com.handzlikchris.fastscriptreload/Plugins/Roslyn/2021+/System.Collections.Immutable.dll, AssemblyName=System.Collections.Immutable, Version=1.2.3.0, Culture=neutral, PublicKeyToken=b03f5f7f11d50a3a'.Duplicate assembly 'Mono.Cecil.Rocks.dll' with different versions detected, using 'Packages/com.handzlikchris.fastscriptreload/Plugins/Harmony/net48/Mono.Cecil.Rocks.dll, AssemblyName=Mono.Cecil.Rocks, Version=0.11.6.0, Culture=neutral, PublicKeyToken=50cebf1cceb9d05e' and ignoring 'Packages/com.unity.nuget.mono-cecil/Mono.Cecil.Rocks.dll, AssemblyName=Mono.Cecil.Rocks, Version=0.11.5.0, Culture=neutral, PublicKeyToken=50cebf1cceb9d05e'.Duplicate assembly 'Mono.Cecil.Mdb.dll' with different versions detected, using 'Packages/com.handzlikchris.fastscriptreload/Plugins/Harmony/net48/Mono.Cecil.Mdb.dll, AssemblyName=Mono.Cecil.Mdb, Version=0.11.6.0, Culture=neutral, PublicKeyToken=50cebf1cceb9d05e' and ignoring 'Packages/com.unity.nuget.mono-cecil/Mono.Cecil.Mdb.dll, AssemblyName=Mono.Cecil.Mdb, Version=0.11.5.0, Culture=neutral, PublicKeyToken=50cebf1cceb9d05e'.Duplicate assembly 'Mono.Cecil.dll' with different versions detected, using 'Packages/com.handzlikchris.fastscriptreload/Plugins/Harmony/net48/Mono.Cecil.dll, AssemblyName=Mono.Cecil, Version=0.11.6.0, Culture=neutral, PublicKeyToken=50cebf1cceb9d05e' and ignoring 'Packages/com.unity.nuget.mono-cecil/Mono.Cecil.dll, AssemblyName=Mono.Cecil, Version=0.11.5.0, Culture=neutral, PublicKeyToken=50cebf1cceb9d05e'.Skip optional Config Excel watcher because directory does not exist: D:/unity/UnityProject/ColorTimeing/New/_ColorTiming_PlayModeVerification_20260824b/GameData/Configs
UnityEngine.StackTraceUtility:ExtractStackTrace ()
UnityEngine.DebugLogHandler:LogFormat (UnityEngine.LogType,UnityEngine.Object,string,object[])
UnityEngine.Logger:Log (UnityEngine.LogType,object)
UnityEngine.Debug:Log (object)
UGF.EditorTools.DataTableUpdater:CreateExcelWatcher (string,System.IO.NotifyFilters,System.IO.FileSystemEventHandler,string) (at Assets/Game/ScriptsBuiltin/Editor/DataTableUpdater.cs:64)
UGF.EditorTools.DataTableUpdater:Init () (at Assets/Game/ScriptsBuiltin/Editor/DataTableUpdater.cs:36)
System.Reflection.RuntimeMethodInfo:Invoke (object,System.Reflection.BindingFlags,System.Reflection.Binder,object[],System.Globalization.CultureInfo)
System.Reflection.MethodBase:Invoke (object,object[])
UnityEditor.EditorAssemblies:ProcessInitializeOnLoadMethodAttributes ()

(Filename: Assets/Game/ScriptsBuiltin/Editor/DataTableUpdater.cs Line: 64)

Mono: successfully reloaded assembly
- Finished resetting the current domain, in  4.385 seconds
Domain Reload Profiling: 5113ms
	BeginReloadAssembly (87ms)
		ExecutionOrderSort (0ms)
		DisableScriptedObjects (4ms)
		BackupInstance (0ms)
		ReleaseScriptingObjects (0ms)
		CreateAndSetChildDomain (17ms)
	RebuildCommonClasses (18ms)
	RebuildNativeTypeToScriptingClass (5ms)
	initialDomainReloadingComplete (41ms)
	LoadAllAssembliesAndSetupDomain (577ms)
		LoadAssemblies (345ms)
		RebuildTransferFunctionScriptingTraits (0ms)
		AnalyzeDomain (280ms)
			TypeCache.Refresh (242ms)
				TypeCache.ScanAssembly (226ms)
			ScanForSourceGeneratedMonoScriptInfo (25ms)
			ResolveRequiredComponents (9ms)
	FinalizeReload (4385ms)
		ReleaseScriptCaches (0ms)
		RebuildScriptCaches (0ms)
		SetupLoadedEditorAssemblies (4247ms)
			LogAssemblyErrors (0ms)
			InitializePlatformSupportModulesInManaged (4ms)
			SetLoadedEditorAssemblies (5ms)
			RefreshPlugins (0ms)
			BeforeProcessingInitializeOnLoad (102ms)
			ProcessInitializeOnLoadAttributes (3608ms)
			ProcessInitializeOnLoadMethodAttributes (522ms)
			AfterProcessingInitializeOnLoad (4ms)
			EditorAssembliesLoaded (0ms)
		ExecutionOrderSort2 (0ms)
		AwakeInstancesAfterBackupRestoration (9ms)
Asset Pipeline Refresh (id=930d6fd5f7f24744cbf354f401f92c16): Total: 7.137 seconds - Initiated by InitialRefreshV2(ForceSynchronousImport)
	Summary:
		Imports: total=0 (actual=0, local cache=0, cache server=0)
		Asset DB Process Time: managed=0 ms, native=1140 ms
		Asset DB Callback time: managed=17 ms, native=0 ms
		Scripting: domain reloads=1, domain reload time=5221 ms, compile time=675 ms, other=80 ms
		Project Asset Count: scripts=10449, non-scripts=6322
		Asset File Changes: new=0, changed=0, moved=0, deleted=0
		Scan Filter Count: 0
	InvokeBeforeRefreshCallbacks: 0.293ms
	ApplyChangesToAssetFolders: 0.049ms
	Scan: 113.688ms
	OnSourceAssetsModified: 0.001ms
	GetAllGuidsForCategorization: 1.399ms
	CategorizeAssets: 207.216ms
	ImportOutOfDateAssets: 4444.537ms (3731.640ms without children)
		CompileScripts: 675.315ms
		ReloadNativeAssets: 0.028ms
		UnloadImportedAssets: 31.367ms
		EnsureUptoDateAssetsAreRegisteredWithGuidPM: 3.484ms
		InitializingProgressBar: 0.001ms
		PostProcessAllAssetNotificationsAddChangedAssets: 0.001ms
		OnDemandSchedulerStart: 2.703ms
	PostProcessAllAssets: 17.961ms
	GatherAllCurrentPrimaryArtifactRevisions: 0.001ms
	UnloadStreamsBegin: 1.235ms
	PersistCurrentRevisions: 0.506ms
	UnloadStreamsEnd: 0.079ms
	GenerateScriptTypeHashes: 2.986ms
	Untracked: 2349.570ms
Application.AssetDatabase Initial Refresh End
Launched and connected shader compiler UnityShaderCompiler.exe after 0.05 seconds
Scanning for USB devices : 17.436ms
Initializing Unity extensions:
[MODES] ModeService[none].Initialize
[MODES] ModeService[none].LoadModes
[MODES] Loading mode Default (0) for mode-current-id-GameDesinger
[PhysX] Initialized MultithreadedTaskDispatcher with 20 workers.
ProgressiveSceneManager::Cancel()
Unloading 23 Unused Serialized files (Serialized files now loaded: 0)
Unloading 333 unused Assets / (2.3 MB). Loaded Objects now: 9264.
Memory consumption went from 228.7 MB to 226.5 MB.
Total: 5.236900 ms (FindLiveObjects: 0.442700 ms CreateObjectMapping: 0.293800 ms MarkObjects: 3.598300 ms  DeleteObjects: 0.901300 ms)

[Project] Loading completed in 10.583 seconds
	Project init time: 				8.992 seconds
		Template init time: 		0.000 seconds
		Package Manager init time: 		0.240 seconds
		Asset Database init time: 		0.180 seconds
		Global illumination init time: 	0.004 seconds
		Assemblies load time: 			0.358 seconds
		Unity extensions init time: 	0.010 seconds
		Asset Database refresh time: 	0.000 seconds
	Scene opening time: 			0.710 seconds
##utp:{"type":"ProjectInfo","version":2,"phase":"Immediate","time":1787582193172,"processId":64828,"projectLoad":10.582518,"projectInit":8.991938,"templateInit":0.0,"packageManagerInit":0.2401125,"assetDatabaseInit":0.1804139,"globalIlluminationInit":0.0044088,"assembliesLoad":0.358491,"unityExtensionsInit":0.010114099999999999,"assetDatabaseRefresh":0.0,"sceneOpening":0.7097577}
##utp:{"type":"EditorInfo","version":2,"phase":"Immediate","time":1787582193172,"processId":64828,"editorVersion":"2022.3.62f3c1 (1623fc0bbb97)","branch":"2022.3/china_unity/release","buildType":"Release","platform":"Windows"}
Running tests for ExecutionSettings with details:
targetPlatform =
playerHeartbeatTimeout = 600
filters[0] =
   Filter with settings:
   testMode = EditMode
   targetPlatform =
   testNames = null
   groupNames = null
   categoryNames = null
   assemblyNames = null
ignoreTests = {}
featureFlags = null

UnityEngine.StackTraceUtility:ExtractStackTrace ()
UnityEngine.DebugLogHandler:LogFormat (UnityEngine.LogType,UnityEngine.Object,string,object[])
UnityEngine.Logger:Log (UnityEngine.LogType,object)
UnityEngine.Debug:Log (object)
UnityEditor.TestTools.TestRunner.CommandLineTest.Executer:InitializeAndExecuteRun (string[]) (at ./Library/PackageCache/com.unity.test-framework@1.4.6/UnityEditor.TestRunner/CommandLineTest/Executer.cs:53)
UnityEditor.TestTools.TestRunner.CommandLineTest.TestStarter:InitializeAndExecuteRun () (at ./Library/PackageCache/com.unity.test-framework@1.4.6/UnityEditor.TestRunner/CommandLineTest/TestStarter.cs:64)
UnityEditor.EditorApplication:Internal_CallUpdateFunctions ()

(Filename: ./Library/PackageCache/com.unity.test-framework@1.4.6/UnityEditor.TestRunner/CommandLineTest/Executer.cs Line: 53)

[UnityConnectServicesConfig] config is NOT valid, switching to default
Created GICache directory at C:/Users/WIN10/AppData/LocalLow/Unity/Caches/GiCache. Took: 0.013s, timestamps: [10.589 - 10.601]
gi::BakeBackendSwitch: switching bake backend from 3 to 1.
[00:00:00] Builtin Sky manager started.
[00:00:01] Finished 1 Bake Ambient Probe job (0.00s execute, 0.00s integrate, 0.28s wallclock)
[00:00:01] Finished 1 Bake Ambient Probe job (0.00s execute, 0.00s integrate, 0.05s wallclock)
[PhysX] Initialized MultithreadedTaskDispatcher with 20 workers.
Unloading 78 Unused Serialized files (Serialized files now loaded: 0)
Unloading 42 unused Assets / (Unknown). Loaded Objects now: 9378.
Memory consumption went from 225.7 MB to 225.7 MB.
Total: 7.023300 ms (FindLiveObjects: 0.630400 ms CreateObjectMapping: 0.492000 ms MarkObjects: 5.671300 ms  DeleteObjects: 0.228300 ms)

Executing IPrebuildSetup for: Unity.PerformanceTesting.Editor.TestRunBuilder.
UnityEngine.StackTraceUtility:ExtractStackTrace ()
UnityEngine.DebugLogHandler:LogFormat (UnityEngine.LogType,UnityEngine.Object,string,object[])
UnityEngine.Logger:Log (UnityEngine.LogType,object)
UnityEngine.Debug:Log (object)
UnityEditor.TestTools.TestRunner.TestRun.Tasks.BuildActionTaskBase`1/<ExecuteMethods>d__8<UnityEngine.TestTools.IPrebuildSetup>:MoveNext () (at ./Library/PackageCache/com.unity.test-framework@1.4.6/UnityEditor.TestRunner/TestRun/Tasks/BuildActionTaskBase.cs:51)
UnityEditor.TestTools.TestRunner.TestRun.Tasks.BuildActionTaskBase`1/<Execute>d__7<UnityEngine.TestTools.IPrebuildSetup>:MoveNext () (at ./Library/PackageCache/com.unity.test-framework@1.4.6/UnityEditor.TestRunner/TestRun/Tasks/BuildActionTaskBase.cs:35)
UnityEditor.TestTools.TestRunner.TestRun.TestJobRunner:ExecuteStep () (at ./Library/PackageCache/com.unity.test-framework@1.4.6/UnityEditor.TestRunner/TestRun/TestJobRunner.cs:173)
UnityEditor.TestTools.TestRunner.TestRun.TestJobRunner:ExecuteCallback () (at ./Library/PackageCache/com.unity.test-framework@1.4.6/UnityEditor.TestRunner/TestRun/TestJobRunner.cs:108)
UnityEditor.EditorApplication:Internal_CallUpdateFunctions ()

(Filename: ./Library/PackageCache/com.unity.test-framework@1.4.6/UnityEditor.TestRunner/TestRun/Tasks/BuildActionTaskBase.cs Line: 51)

Asset Pipeline Refresh (id=61bcbdd863f8a2349b1956c4a9639fdb): Total: 0.038 seconds - Initiated by RefreshV2(NoUpdateAssetOptions)
Start importing Assets/Game/ScriptableAssets/Core/AppConfigs.asset using Guid(13b0b1255d7d6cf44a4d1987723460ef) Importer(-1,00000000000000000000000000000000) [PhysX] Initialized MultithreadedTaskDispatcher with 20 workers.
 -> (artifact id: '49f0cc86e5f714082ccf48882507f4f0') in 0.007736 seconds
Refreshing native plugins compatible for Editor in 5.55 ms, found 5 plugins.
Preloading 0 native plugins for Editor in 0.00 ms.
Asset Pipeline Refresh (id=ff6a4b7e6a8a12e46bddd1111da4d7e1): Total: 0.092 seconds - Initiated by StopAssetImportingV2(NoUpdateAssetOptions)
Start importing Assets/Sample using Guid(0fdf23649ec09d5419087548478a7c7f) Importer(-1,00000000000000000000000000000000) [PhysX] Initialized MultithreadedTaskDispatcher with 20 workers.
 -> (artifact id: 'f2163fd45a5bffe47fdc44a4332ff68f') in 0.001849 seconds
Start importing Assets/Sample/SampleProfileManagerTest using Guid(0edbff08dc82f304b83842c89f048ce7) Importer(-1,00000000000000000000000000000000) [PhysX] Initialized MultithreadedTaskDispatcher with 20 workers.
 -> (artifact id: '87a216534a2a81609cb3bfd363a345ce') in 0.001589 seconds
Start importing Assets/Sample/SampleProfileManagerTest/marker.bin using Guid(aadad5d7887732f4e9fd9803a70d9ce5) Importer(-1,00000000000000000000000000000000) [PhysX] Initialized MultithreadedTaskDispatcher with 20 workers.
 -> (artifact id: 'e022ffba2bae2de3cf4392f0d17aac1b') in 0.024524 seconds
Refreshing native plugins compatible for Editor in 4.96 ms, found 5 plugins.
Preloading 0 native plugins for Editor in 0.00 ms.
Asset Pipeline Refresh (id=232467f5a5d683a4aa04acbd4c92bea5): Total: 0.095 seconds - Initiated by RefreshV2(NoUpdateAssetOptions)
Asset Pipeline Refresh (id=c834f25c89554e640ae216f1ce171565): Total: 0.025 seconds - Initiated by RefreshV2(NoUpdateAssetOptions)
Start importing Assets/Game/ScriptableAssets/Core/AppConfigs.asset using Guid(13b0b1255d7d6cf44a4d1987723460ef) Importer(-1,00000000000000000000000000000000) [PhysX] Initialized MultithreadedTaskDispatcher with 20 workers.
 -> (artifact id: 'c413da8868a4553a5bfc2c5da988c6d9') in 0.002036 seconds
Refreshing native plugins compatible for Editor in 5.31 ms, found 5 plugins.
Preloading 0 native plugins for Editor in 0.00 ms.
Asset Pipeline Refresh (id=7cd6baf0832b9044f80f807b0e1aca26): Total: 0.040 seconds - Initiated by StopAssetImportingV2(NoUpdateAssetOptions)
A meta data file (.meta) exists but its asset 'Assets/Sample/SampleProfileManagerTest/marker.bin' can't be found. When moving or deleting files outside of Unity, please ensure that the corresponding .meta file is moved or deleted along with it.
UnityEngine.StackTraceUtility:ExtractStackTrace ()
UnityEditor.AssetDatabase:Refresh ()
AiFriendlyFrame.Editor.Samples.SamplePackageManager:TryUninstall (AiFriendlyFrame.Editor.Samples.SamplePackageInfo,bool,string&) (at Assets/Game/ScriptsBuiltin/Editor/OptionalPackages/SamplePackageManager.cs:451)
AiFriendlyFrame.Editor.Samples.Tests.SampleAppConfigsProfileEditModeTests:FullProfile_InstallValidateAndUninstall_RestoresOriginalAsset () (at Assets/Game/ScriptsBuiltin/Editor/OptionalPackages/Tests/SampleAppConfigsProfileEditModeTests.cs:54)
System.Reflection.RuntimeMethodInfo:Invoke (object,System.Reflection.BindingFlags,System.Reflection.Binder,object[],System.Globalization.CultureInfo)
System.Reflection.MethodBase:Invoke (object,object[])
NUnit.Framework.Internal.Reflect:InvokeMethod (System.Reflection.MethodInfo,object,object[])
NUnit.Framework.Internal.MethodWrapper:Invoke (object,object[])
NUnit.Framework.Internal.Commands.TestMethodCommand:RunNonAsyncTestMethod (NUnit.Framework.Internal.ITestExecutionContext)
NUnit.Framework.Internal.Commands.TestMethodCommand:RunTestMethod (NUnit.Framework.Internal.ITestExecutionContext)
NUnit.Framework.Internal.Commands.TestMethodCommand:Execute (NUnit.Framework.Internal.ITestExecutionContext)
UnityEngine.TestTools.UnityTestMethodCommand:Execute (NUnit.Framework.Internal.ITestExecutionContext) (at ./Library/PackageCache/com.unity.test-framework@1.4.6/UnityEngine.TestRunner/NUnitExtensions/Commands/UnityTestMethodCommand.cs:19)
UnityEngine.TestRunner.NUnitExtensions.Runner.UnityLogCheckDelegatingCommand/<>c__DisplayClass2_0:<Execute>b__0 () (at ./Library/PackageCache/com.unity.test-framework@1.4.6/UnityEngine.TestRunner/NUnitExtensions/Runner/UnityLogCheckDelegatingCommand.cs:24)
UnityEngine.TestRunner.NUnitExtensions.Runner.UnityLogCheckDelegatingCommand:CaptureException (NUnit.Framework.Internal.TestResult,System.Action) (at ./Library/PackageCache/com.unity.test-framework@1.4.6/UnityEngine.TestRunner/NUnitExtensions/Runner/UnityLogCheckDelegatingCommand.cs:72)
UnityEngine.TestRunner.NUnitExtensions.Runner.UnityLogCheckDelegatingCommand:ExecuteAndCheckLog (UnityEngine.TestTools.Logging.LogScope,NUnit.Framework.Internal.TestResult,System.Action) (at ./Library/PackageCache/com.unity.test-framework@1.4.6/UnityEngine.TestRunner/NUnitExtensions/Runner/UnityLogCheckDelegatingCommand.cs:83)
UnityEngine.TestRunner.NUnitExtensions.Runner.UnityLogCheckDelegatingCommand:Execute (NUnit.Framework.Internal.ITestExecutionContext) (at ./Library/PackageCache/com.unity.test-framework@1.4.6/UnityEngine.TestRunner/NUnitExtensions/Runner/UnityLogCheckDelegatingCommand.cs:24)
UnityEngine.TestRunner.NUnitExtensions.Runner.UnityLogCheckDelegatingCommand/<ExecuteEnumerable>d__3:MoveNext () (at ./Library/PackageCache/com.unity.test-framework@1.4.6/UnityEngine.TestRunner/NUnitExtensions/Runner/UnityLogCheckDelegatingCommand.cs:35)
UnityEngine.TestTools.BeforeAfterTestCommandBase`1/<ExecuteEnumerable>d__14<NUnit.Framework.ITestAction>:MoveNext () (at ./Library/PackageCache/com.unity.test-framework@1.4.6/UnityEngine.TestRunner/NUnitExtensions/Commands/BeforeAfterTestCommandBase.cs:187)
UnityEngine.TestTools.ImmediateEnumerableCommand:Execute (NUnit.Framework.Internal.ITestExecutionContext) (at ./Library/PackageCache/com.unity.test-framework@1.4.6/UnityEngine.TestRunner/NUnitExtensions/Commands/ImmediateEnumerableCommand.cs:18)
UnityEngine.TestTools.BeforeAfterTestCommandBase`1/<ExecuteEnumerable>d__14<System.Reflection.MethodInfo>:MoveNext () (at ./Library/PackageCache/com.unity.test-framework@1.4.6/UnityEngine.TestRunner/NUnitExtensions/Commands/BeforeAfterTestCommandBase.cs:194)
UnityEngine.TestTools.BeforeAfterTestCommandBase`1/<ExecuteEnumerable>d__14<System.Reflection.MethodInfo>:MoveNext () (at ./Library/PackageCache/com.unity.test-framework@1.4.6/UnityEngine.TestRunner/NUnitExtensions/Commands/BeforeAfterTestCommandBase.cs:187)
UnityEngine.TestTools.BeforeAfterTestCommandBase`1/<ExecuteEnumerable>d__14<UnityEngine.TestTools.IOuterUnityTestAction>:MoveNext () (at ./Library/PackageCache/com.unity.test-framework@1.4.6/UnityEngine.TestRunner/NUnitExtensions/Commands/BeforeAfterTestCommandBase.cs:187)
UnityEngine.TestTools.RetryCommand/<ExecuteEnumerable>d__2:MoveNext () (at ./Library/PackageCache/com.unity.test-framework@1.4.6/UnityEngine.TestRunner/NUnitExtensions/Commands/RetryCommand.cs:37)
UnityEngine.TestTools.RepeatCommand/<ExecuteEnumerable>d__2:MoveNext () (at ./Library/PackageCache/com.unity.test-framework@1.4.6/UnityEngine.TestRunner/NUnitExtensions/Commands/RepeatCommand.cs:36)
UnityEngine.TestTools.IgnoreTestCommand/<ExecuteEnumerable>d__3:MoveNext () (at ./Library/PackageCache/com.unity.test-framework@1.4.6/UnityEngine.TestRunner/NUnitExtensions/Commands/IgnoreTestCommand.cs:42)
UnityEngine.TestTools.StrictCheckCommand/<ExecuteEnumerable>d__2:MoveNext () (at ./Library/PackageCache/com.unity.test-framework@1.4.6/UnityEngine.TestRunner/NUnitExtensions/Commands/StrictCheckCommand.cs:29)
UnityEngine.TestRunner.NUnitExtensions.Runner.DefaultTestWorkItem/<PerformWork>d__2:MoveNext () (at ./Library/PackageCache/com.unity.test-framework@1.4.6/UnityEngine.TestRunner/NUnitExtensions/Runner/DefaultTestWorkItem.cs:50)
UnityEngine.TestRunner.NUnitExtensions.Runner.CompositeWorkItem/<RunChildren>d__16:MoveNext () (at ./Library/PackageCache/com.unity.test-framework@1.4.6/UnityEngine.TestRunner/NUnitExtensions/Runner/CompositeWorkItem.cs:197)
UnityEngine.TestRunner.NUnitExtensions.Runner.CompositeWorkItem/<PerformWork>d__12:MoveNext () (at ./Library/PackageCache/com.unity.test-framework@1.4.6/UnityEngine.TestRunner/NUnitExtensions/Runner/CompositeWorkItem.cs:76)
UnityEngine.TestRunner.NUnitExtensions.Runner.CompositeWorkItem/<RunChildren>d__16:MoveNext () (at ./Library/PackageCache/com.unity.test-framework@1.4.6/UnityEngine.TestRunner/NUnitExtensions/Runner/CompositeWorkItem.cs:197)
UnityEngine.TestRunner.NUnitExtensions.Runner.CompositeWorkItem/<PerformWork>d__12:MoveNext () (at ./Library/PackageCache/com.unity.test-framework@1.4.6/UnityEngine.TestRunner/NUnitExtensions/Runner/CompositeWorkItem.cs:76)
UnityEngine.TestRunner.NUnitExtensions.Runner.CompositeWorkItem/<RunChildren>d__16:MoveNext () (at ./Library/PackageCache/com.unity.test-framework@1.4.6/UnityEngine.TestRunner/NUnitExtensions/Runner/CompositeWorkItem.cs:197)
UnityEngine.TestRunner.NUnitExtensions.Runner.CompositeWorkItem/<PerformWork>d__12:MoveNext () (at ./Library/PackageCache/com.unity.test-framework@1.4.6/UnityEngine.TestRunner/NUnitExtensions/Runner/CompositeWorkItem.cs:76)
UnityEngine.TestRunner.NUnitExtensions.Runner.CompositeWorkItem/<RunChildren>d__16:MoveNext () (at ./Library/PackageCache/com.unity.test-framework@1.4.6/UnityEngine.TestRunner/NUnitExtensions/Runner/CompositeWorkItem.cs:197)
UnityEngine.TestRunner.NUnitExtensions.Runner.CompositeWorkItem/<PerformWork>d__12:MoveNext () (at ./Library/PackageCache/com.unity.test-framework@1.4.6/UnityEngine.TestRunner/NUnitExtensions/Runner/CompositeWorkItem.cs:76)
UnityEngine.TestRunner.NUnitExtensions.Runner.CompositeWorkItem/<RunChildren>d__16:MoveNext () (at ./Library/PackageCache/com.unity.test-framework@1.4.6/UnityEngine.TestRunner/NUnitExtensions/Runner/CompositeWorkItem.cs:197)
UnityEngine.TestRunner.NUnitExtensions.Runner.CompositeWorkItem/<PerformWork>d__12:MoveNext () (at ./Library/PackageCache/com.unity.test-framework@1.4.6/UnityEngine.TestRunner/NUnitExtensions/Runner/CompositeWorkItem.cs:76)
UnityEngine.TestRunner.NUnitExtensions.Runner.CompositeWorkItem/<RunChildren>d__16:MoveNext () (at ./Library/PackageCache/com.unity.test-framework@1.4.6/UnityEngine.TestRunner/NUnitExtensions/Runner/CompositeWorkItem.cs:197)
UnityEngine.TestRunner.NUnitExtensions.Runner.CompositeWorkItem/<PerformWork>d__12:MoveNext () (at ./Library/PackageCache/com.unity.test-framework@1.4.6/UnityEngine.TestRunner/NUnitExtensions/Runner/CompositeWorkItem.cs:76)
UnityEngine.TestRunner.NUnitExtensions.Runner.CompositeWorkItem/<RunChildren>d__16:MoveNext () (at ./Library/PackageCache/com.unity.test-framework@1.4.6/UnityEngine.TestRunner/NUnitExtensions/Runner/CompositeWorkItem.cs:197)
UnityEngine.TestRunner.NUnitExtensions.Runner.CompositeWorkItem/<PerformWork>d__12:MoveNext () (at ./Library/PackageCache/com.unity.test-framework@1.4.6/UnityEngine.TestRunner/NUnitExtensions/Runner/CompositeWorkItem.cs:76)
UnityEditor.TestTools.TestRunner.EditModeRunner:MoveNextAndUpdateYieldObject () (at ./Library/PackageCache/com.unity.test-framework@1.4.6/UnityEditor.TestRunner/TestRunner/EditModeRunner.cs:167)
UnityEditor.TestTools.TestRunner.EditModeRunner:TestConsumer (UnityEditor.TestTools.TestRunner.TestRunnerStateSerializer) (at ./Library/PackageCache/com.unity.test-framework@1.4.6/UnityEditor.TestRunner/TestRunner/EditModeRunner.cs:200)
UnityEditor.TestTools.TestRunner.TestRun.Tasks.EditModeRunTask/<Execute>d__1:MoveNext () (at ./Library/PackageCache/com.unity.test-framework@1.4.6/UnityEditor.TestRunner/TestRun/Tasks/EditModeRunTask.cs:48)
UnityEditor.TestTools.TestRunner.TestRun.TestJobRunner:ExecuteStep () (at ./Library/PackageCache/com.unity.test-framework@1.4.6/UnityEditor.TestRunner/TestRun/TestJobRunner.cs:173)
UnityEditor.TestTools.TestRunner.TestRun.TestJobRunner:ExecuteCallback () (at ./Library/PackageCache/com.unity.test-framework@1.4.6/UnityEditor.TestRunner/TestRun/TestJobRunner.cs:108)
UnityEditor.EditorApplication:Internal_CallUpdateFunctions ()

[./Library/PackageCache/com.unity.test-framework@1.4.6/UnityEditor.TestRunner/TestRunner/EditModeRunner.cs line 167]

Refreshing native plugins compatible for Editor in 5.11 ms, found 5 plugins.
Preloading 0 native plugins for Editor in 0.00 ms.
Asset Pipeline Refresh (id=069ccd0da5172444da8fbf8e24deab73): Total: 0.057 seconds - Initiated by RefreshV2(NoUpdateAssetOptions)
Refreshing native plugins compatible for Editor in 6.54 ms, found 5 plugins.
Preloading 0 native plugins for Editor in 0.00 ms.
Asset Pipeline Refresh (id=f9a92fa02453701469c960f315ae3f9b): Total: 0.049 seconds - Initiated by StopAssetImportingV2(NoUpdateAssetOptions)
Asset Pipeline Refresh (id=d16f85d492020044caac31ec69d1fec0): Total: 0.007 seconds - Initiated by RefreshV2(NoUpdateAssetOptions)
Asset Pipeline Refresh (id=e27217508fdfd6b49aab991c0dd1bec1): Total: 0.005 seconds - Initiated by RefreshV2(NoUpdateAssetOptions)
Start importing Assets/Game/ScriptableAssets/Core/AppConfigs.asset using Guid(13b0b1255d7d6cf44a4d1987723460ef) Importer(-1,00000000000000000000000000000000) [PhysX] Initialized MultithreadedTaskDispatcher with 20 workers.
 -> (artifact id: '49f0cc86e5f714082ccf48882507f4f0') in 0.001814 seconds
Refreshing native plugins compatible for Editor in 5.77 ms, found 5 plugins.
Preloading 0 native plugins for Editor in 0.00 ms.
Asset Pipeline Refresh (id=0c48e786006f22c479ace95ead7dc8ca): Total: 0.037 seconds - Initiated by StopAssetImportingV2(NoUpdateAssetOptions)
Start importing Assets/Sample/SampleProfileManagerTest using Guid(0edbff08dc82f304b83842c89f048ce7) Importer(-1,00000000000000000000000000000000) [PhysX] Initialized MultithreadedTaskDispatcher with 20 workers.
 -> (artifact id: '87a216534a2a81609cb3bfd363a345ce') in 0.001732 seconds
Start importing Assets/Sample/SampleProfileManagerTest/marker.bin using Guid(aadad5d7887732f4e9fd9803a70d9ce5) Importer(-1,00000000000000000000000000000000) [PhysX] Initialized MultithreadedTaskDispatcher with 20 workers.
 -> (artifact id: 'e022ffba2bae2de3cf4392f0d17aac1b') in 0.002140 seconds
Refreshing native plugins compatible for Editor in 6.09 ms, found 5 plugins.
Preloading 0 native plugins for Editor in 0.00 ms.
Asset Pipeline Refresh (id=41cb36fbd7ce673489c390291296a860): Total: 0.069 seconds - Initiated by RefreshV2(NoUpdateAssetOptions)
Asset Pipeline Refresh (id=f33bdaac56d4add4ba61252c3490211e): Total: 0.031 seconds - Initiated by RefreshV2(NoUpdateAssetOptions)
Asset Pipeline Refresh (id=ef0e9f866f41d5849a673c2cc5bac707): Total: 0.015 seconds - Initiated by RefreshV2(NoUpdateAssetOptions)
Start importing Assets/Game/ScriptableAssets/Core/AppConfigs.asset using Guid(13b0b1255d7d6cf44a4d1987723460ef) Importer(-1,00000000000000000000000000000000) [PhysX] Initialized MultithreadedTaskDispatcher with 20 workers.
 -> (artifact id: 'c413da8868a4553a5bfc2c5da988c6d9') in 0.002387 seconds
Refreshing native plugins compatible for Editor in 5.16 ms, found 5 plugins.
Preloading 0 native plugins for Editor in 0.00 ms.
Asset Pipeline Refresh (id=6937566ade344614c92ffbf996b52ae1): Total: 0.048 seconds - Initiated by StopAssetImportingV2(NoUpdateAssetOptions)
Refreshing native plugins compatible for Editor in 5.14 ms, found 5 plugins.
Preloading 0 native plugins for Editor in 0.00 ms.
Asset Pipeline Refresh (id=f0be314e5c9b4694e8d5f26c903eac5f): Total: 0.045 seconds - Initiated by StopAssetImportingV2(NoUpdateAssetOptions)
Asset Pipeline Refresh (id=49b18bc9ac53cf649819810acbc742a1): Total: 0.008 seconds - Initiated by RefreshV2(NoUpdateAssetOptions)
[00:00:00] Finished 1 Bake Ambient Probe job (0.00s execute, 0.00s integrate, 0.81s wallclock)
Asset Pipeline Refresh (id=a1e32f45ebb77db43b600559a9e2c1e1): Total: 0.007 seconds - Initiated by RefreshV2(NoUpdateAssetOptions)
Start importing Assets/Sample/SampleBuildSettingsTest using Guid(79752116469bd55459eba36c17117b5f) Importer(-1,00000000000000000000000000000000) [PhysX] Initialized MultithreadedTaskDispatcher with 20 workers.
 -> (artifact id: '435ba05f8d16be4c9f5f3a9e1eddb9f3') in 0.003729 seconds
Start importing Assets/Sample/SampleBuildSettingsTest/BuildSettingsTest.unity using Guid(c07631a5949107f45b786c65696166cb) Importer(-1,00000000000000000000000000000000) [PhysX] Initialized MultithreadedTaskDispatcher with 20 workers.
 -> (artifact id: '46d40cc9a00b506e086a2986fac151c0') in 0.005119 seconds
Refreshing native plugins compatible for Editor in 6.47 ms, found 5 plugins.
Preloading 0 native plugins for Editor in 0.00 ms.
Asset Pipeline Refresh (id=9809b56240d76e34ea4d2acbcfb07cf4): Total: 0.088 seconds - Initiated by RefreshV2(NoUpdateAssetOptions)
Asset Pipeline Refresh (id=6770a4a4f3b04f7428f6564e09ebccdd): Total: 0.022 seconds - Initiated by RefreshV2(NoUpdateAssetOptions)
Refreshing native plugins compatible for Editor in 5.85 ms, found 5 plugins.
Preloading 0 native plugins for Editor in 0.00 ms.
Asset Pipeline Refresh (id=8242e314f3d7fdc4c927a33c893619d2): Total: 0.044 seconds - Initiated by StopAssetImportingV2(NoUpdateAssetOptions)
Asset Pipeline Refresh (id=2d562bc4ce359b143b68e6ec1b3ecb4b): Total: 0.011 seconds - Initiated by RefreshV2(NoUpdateAssetOptions)
Asset Pipeline Refresh (id=d8ec55019b8021244bcfd0d12acdbd7d): Total: 0.006 seconds - Initiated by RefreshV2(NoUpdateAssetOptions)
Start importing Assets/Sample/SampleBuildSettingsTest using Guid(79752116469bd55459eba36c17117b5f) Importer(-1,00000000000000000000000000000000) [PhysX] Initialized MultithreadedTaskDispatcher with 20 workers.
 -> (artifact id: '435ba05f8d16be4c9f5f3a9e1eddb9f3') in 0.001748 seconds
Start importing Assets/Sample/SampleBuildSettingsTest/BuildSettingsTest.unity using Guid(c07631a5949107f45b786c65696166cb) Importer(-1,00000000000000000000000000000000) [PhysX] Initialized MultithreadedTaskDispatcher with 20 workers.
 -> (artifact id: '46d40cc9a00b506e086a2986fac151c0') in 0.002916 seconds
Refreshing native plugins compatible for Editor in 5.26 ms, found 5 plugins.
Preloading 0 native plugins for Editor in 0.00 ms.
Asset Pipeline Refresh (id=2b26621e8cbb39647a4f115218cdcac4): Total: 0.093 seconds - Initiated by RefreshV2(NoUpdateAssetOptions)
Asset Pipeline Refresh (id=1576edfb921885549ba601bd22f3d5ea): Total: 0.025 seconds - Initiated by RefreshV2(NoUpdateAssetOptions)
A meta data file (.meta) exists but its asset 'Assets/Sample/SampleBuildSettingsTest/BuildSettingsTest.unity' can't be found. When moving or deleting files outside of Unity, please ensure that the corresponding .meta file is moved or deleted along with it.
UnityEngine.StackTraceUtility:ExtractStackTrace ()
UnityEditor.AssetDatabase:Refresh ()
AiFriendlyFrame.Editor.Samples.SamplePackageManager:TryUninstall (AiFriendlyFrame.Editor.Samples.SamplePackageInfo,bool,string&) (at Assets/Game/ScriptsBuiltin/Editor/OptionalPackages/SamplePackageManager.cs:451)
AiFriendlyFrame.Editor.Samples.Tests.SampleBuildSettingsEditModeTests:InstallValidateAndUninstall_RestoresBuildSettings () (at Assets/Game/ScriptsBuiltin/Editor/OptionalPackages/Tests/SampleBuildSettingsEditModeTests.cs:52)
System.Reflection.RuntimeMethodInfo:Invoke (object,System.Reflection.BindingFlags,System.Reflection.Binder,object[],System.Globalization.CultureInfo)
System.Reflection.MethodBase:Invoke (object,object[])
NUnit.Framework.Internal.Reflect:InvokeMethod (System.Reflection.MethodInfo,object,object[])
NUnit.Framework.Internal.MethodWrapper:Invoke (object,object[])
NUnit.Framework.Internal.Commands.TestMethodCommand:RunNonAsyncTestMethod (NUnit.Framework.Internal.ITestExecutionContext)
NUnit.Framework.Internal.Commands.TestMethodCommand:RunTestMethod (NUnit.Framework.Internal.ITestExecutionContext)
NUnit.Framework.Internal.Commands.TestMethodCommand:Execute (NUnit.Framework.Internal.ITestExecutionContext)
UnityEngine.TestTools.UnityTestMethodCommand:Execute (NUnit.Framework.Internal.ITestExecutionContext) (at ./Library/PackageCache/com.unity.test-framework@1.4.6/UnityEngine.TestRunner/NUnitExtensions/Commands/UnityTestMethodCommand.cs:19)
UnityEngine.TestRunner.NUnitExtensions.Runner.UnityLogCheckDelegatingCommand/<>c__DisplayClass2_0:<Execute>b__0 () (at ./Library/PackageCache/com.unity.test-framework@1.4.6/UnityEngine.TestRunner/NUnitExtensions/Runner/UnityLogCheckDelegatingCommand.cs:24)
UnityEngine.TestRunner.NUnitExtensions.Runner.UnityLogCheckDelegatingCommand:CaptureException (NUnit.Framework.Internal.TestResult,System.Action) (at ./Library/PackageCache/com.unity.test-framework@1.4.6/UnityEngine.TestRunner/NUnitExtensions/Runner/UnityLogCheckDelegatingCommand.cs:72)
UnityEngine.TestRunner.NUnitExtensions.Runner.UnityLogCheckDelegatingCommand:ExecuteAndCheckLog (UnityEngine.TestTools.Logging.LogScope,NUnit.Framework.Internal.TestResult,System.Action) (at ./Library/PackageCache/com.unity.test-framework@1.4.6/UnityEngine.TestRunner/NUnitExtensions/Runner/UnityLogCheckDelegatingCommand.cs:83)
UnityEngine.TestRunner.NUnitExtensions.Runner.UnityLogCheckDelegatingCommand:Execute (NUnit.Framework.Internal.ITestExecutionContext) (at ./Library/PackageCache/com.unity.test-framework@1.4.6/UnityEngine.TestRunner/NUnitExtensions/Runner/UnityLogCheckDelegatingCommand.cs:24)
UnityEngine.TestRunner.NUnitExtensions.Runner.UnityLogCheckDelegatingCommand/<ExecuteEnumerable>d__3:MoveNext () (at ./Library/PackageCache/com.unity.test-framework@1.4.6/UnityEngine.TestRunner/NUnitExtensions/Runner/UnityLogCheckDelegatingCommand.cs:35)
UnityEngine.TestTools.BeforeAfterTestCommandBase`1/<ExecuteEnumerable>d__14<NUnit.Framework.ITestAction>:MoveNext () (at ./Library/PackageCache/com.unity.test-framework@1.4.6/UnityEngine.TestRunner/NUnitExtensions/Commands/BeforeAfterTestCommandBase.cs:187)
UnityEngine.TestTools.ImmediateEnumerableCommand:Execute (NUnit.Framework.Internal.ITestExecutionContext) (at ./Library/PackageCache/com.unity.test-framework@1.4.6/UnityEngine.TestRunner/NUnitExtensions/Commands/ImmediateEnumerableCommand.cs:18)
UnityEngine.TestTools.BeforeAfterTestCommandBase`1/<ExecuteEnumerable>d__14<System.Reflection.MethodInfo>:MoveNext () (at ./Library/PackageCache/com.unity.test-framework@1.4.6/UnityEngine.TestRunner/NUnitExtensions/Commands/BeforeAfterTestCommandBase.cs:194)
UnityEngine.TestTools.BeforeAfterTestCommandBase`1/<ExecuteEnumerable>d__14<System.Reflection.MethodInfo>:MoveNext () (at ./Library/PackageCache/com.unity.test-framework@1.4.6/UnityEngine.TestRunner/NUnitExtensions/Commands/BeforeAfterTestCommandBase.cs:187)
UnityEngine.TestTools.BeforeAfterTestCommandBase`1/<ExecuteEnumerable>d__14<UnityEngine.TestTools.IOuterUnityTestAction>:MoveNext () (at ./Library/PackageCache/com.unity.test-framework@1.4.6/UnityEngine.TestRunner/NUnitExtensions/Commands/BeforeAfterTestCommandBase.cs:187)
UnityEngine.TestTools.RetryCommand/<ExecuteEnumerable>d__2:MoveNext () (at ./Library/PackageCache/com.unity.test-framework@1.4.6/UnityEngine.TestRunner/NUnitExtensions/Commands/RetryCommand.cs:37)
UnityEngine.TestTools.RepeatCommand/<ExecuteEnumerable>d__2:MoveNext () (at ./Library/PackageCache/com.unity.test-framework@1.4.6/UnityEngine.TestRunner/NUnitExtensions/Commands/RepeatCommand.cs:36)
UnityEngine.TestTools.IgnoreTestCommand/<ExecuteEnumerable>d__3:MoveNext () (at ./Library/PackageCache/com.unity.test-framework@1.4.6/UnityEngine.TestRunner/NUnitExtensions/Commands/IgnoreTestCommand.cs:42)
UnityEngine.TestTools.StrictCheckCommand/<ExecuteEnumerable>d__2:MoveNext () (at ./Library/PackageCache/com.unity.test-framework@1.4.6/UnityEngine.TestRunner/NUnitExtensions/Commands/StrictCheckCommand.cs:29)
UnityEngine.TestRunner.NUnitExtensions.Runner.DefaultTestWorkItem/<PerformWork>d__2:MoveNext () (at ./Library/PackageCache/com.unity.test-framework@1.4.6/UnityEngine.TestRunner/NUnitExtensions/Runner/DefaultTestWorkItem.cs:50)
UnityEngine.TestRunner.NUnitExtensions.Runner.CompositeWorkItem/<RunChildren>d__16:MoveNext () (at ./Library/PackageCache/com.unity.test-framework@1.4.6/UnityEngine.TestRunner/NUnitExtensions/Runner/CompositeWorkItem.cs:197)
UnityEngine.TestRunner.NUnitExtensions.Runner.CompositeWorkItem/<PerformWork>d__12:MoveNext () (at ./Library/PackageCache/com.unity.test-framework@1.4.6/UnityEngine.TestRunner/NUnitExtensions/Runner/CompositeWorkItem.cs:76)
UnityEngine.TestRunner.NUnitExtensions.Runner.CompositeWorkItem/<RunChildren>d__16:MoveNext () (at ./Library/PackageCache/com.unity.test-framework@1.4.6/UnityEngine.TestRunner/NUnitExtensions/Runner/CompositeWorkItem.cs:197)
UnityEngine.TestRunner.NUnitExtensions.Runner.CompositeWorkItem/<PerformWork>d__12:MoveNext () (at ./Library/PackageCache/com.unity.test-framework@1.4.6/UnityEngine.TestRunner/NUnitExtensions/Runner/CompositeWorkItem.cs:76)
UnityEngine.TestRunner.NUnitExtensions.Runner.CompositeWorkItem/<RunChildren>d__16:MoveNext () (at ./Library/PackageCache/com.unity.test-framework@1.4.6/UnityEngine.TestRunner/NUnitExtensions/Runner/CompositeWorkItem.cs:197)
UnityEngine.TestRunner.NUnitExtensions.Runner.CompositeWorkItem/<PerformWork>d__12:MoveNext () (at ./Library/PackageCache/com.unity.test-framework@1.4.6/UnityEngine.TestRunner/NUnitExtensions/Runner/CompositeWorkItem.cs:76)
UnityEngine.TestRunner.NUnitExtensions.Runner.CompositeWorkItem/<RunChildren>d__16:MoveNext () (at ./Library/PackageCache/com.unity.test-framework@1.4.6/UnityEngine.TestRunner/NUnitExtensions/Runner/CompositeWorkItem.cs:197)
UnityEngine.TestRunner.NUnitExtensions.Runner.CompositeWorkItem/<PerformWork>d__12:MoveNext () (at ./Library/PackageCache/com.unity.test-framework@1.4.6/UnityEngine.TestRunner/NUnitExtensions/Runner/CompositeWorkItem.cs:76)
UnityEngine.TestRunner.NUnitExtensions.Runner.CompositeWorkItem/<RunChildren>d__16:MoveNext () (at ./Library/PackageCache/com.unity.test-framework@1.4.6/UnityEngine.TestRunner/NUnitExtensions/Runner/CompositeWorkItem.cs:197)
UnityEngine.TestRunner.NUnitExtensions.Runner.CompositeWorkItem/<PerformWork>d__12:MoveNext () (at ./Library/PackageCache/com.unity.test-framework@1.4.6/UnityEngine.TestRunner/NUnitExtensions/Runner/CompositeWorkItem.cs:76)
UnityEngine.TestRunner.NUnitExtensions.Runner.CompositeWorkItem/<RunChildren>d__16:MoveNext () (at ./Library/PackageCache/com.unity.test-framework@1.4.6/UnityEngine.TestRunner/NUnitExtensions/Runner/CompositeWorkItem.cs:197)
UnityEngine.TestRunner.NUnitExtensions.Runner.CompositeWorkItem/<PerformWork>d__12:MoveNext () (at ./Library/PackageCache/com.unity.test-framework@1.4.6/UnityEngine.TestRunner/NUnitExtensions/Runner/CompositeWorkItem.cs:76)
UnityEngine.TestRunner.NUnitExtensions.Runner.CompositeWorkItem/<RunChildren>d__16:MoveNext () (at ./Library/PackageCache/com.unity.test-framework@1.4.6/UnityEngine.TestRunner/NUnitExtensions/Runner/CompositeWorkItem.cs:197)
UnityEngine.TestRunner.NUnitExtensions.Runner.CompositeWorkItem/<PerformWork>d__12:MoveNext () (at ./Library/PackageCache/com.unity.test-framework@1.4.6/UnityEngine.TestRunner/NUnitExtensions/Runner/CompositeWorkItem.cs:76)
UnityEditor.TestTools.TestRunner.EditModeRunner:MoveNextAndUpdateYieldObject () (at ./Library/PackageCache/com.unity.test-framework@1.4.6/UnityEditor.TestRunner/TestRunner/EditModeRunner.cs:167)
UnityEditor.TestTools.TestRunner.EditModeRunner:TestConsumer (UnityEditor.TestTools.TestRunner.TestRunnerStateSerializer) (at ./Library/PackageCache/com.unity.test-framework@1.4.6/UnityEditor.TestRunner/TestRunner/EditModeRunner.cs:200)
UnityEditor.TestTools.TestRunner.TestRun.Tasks.EditModeRunTask/<Execute>d__1:MoveNext () (at ./Library/PackageCache/com.unity.test-framework@1.4.6/UnityEditor.TestRunner/TestRun/Tasks/EditModeRunTask.cs:48)
UnityEditor.TestTools.TestRunner.TestRun.TestJobRunner:ExecuteStep () (at ./Library/PackageCache/com.unity.test-framework@1.4.6/UnityEditor.TestRunner/TestRun/TestJobRunner.cs:173)
UnityEditor.TestTools.TestRunner.TestRun.TestJobRunner:ExecuteCallback () (at ./Library/PackageCache/com.unity.test-framework@1.4.6/UnityEditor.TestRunner/TestRun/TestJobRunner.cs:108)
UnityEditor.EditorApplication:Internal_CallUpdateFunctions ()

[./Library/PackageCache/com.unity.test-framework@1.4.6/UnityEditor.TestRunner/TestRunner/EditModeRunner.cs line 167]

Refreshing native plugins compatible for Editor in 5.73 ms, found 5 plugins.
Preloading 0 native plugins for Editor in 0.00 ms.
Asset Pipeline Refresh (id=2e9c1457d019c0e4c8afc2816fec0636): Total: 0.054 seconds - Initiated by RefreshV2(NoUpdateAssetOptions)
Refreshing native plugins compatible for Editor in 6.64 ms, found 5 plugins.
Preloading 0 native plugins for Editor in 0.00 ms.
Asset Pipeline Refresh (id=41af83749bb36a64583346b6ab636d72): Total: 0.054 seconds - Initiated by StopAssetImportingV2(NoUpdateAssetOptions)
Asset Pipeline Refresh (id=458e968272d95a44bb14f07d4ffa3874): Total: 0.007 seconds - Initiated by RefreshV2(NoUpdateAssetOptions)
Asset Pipeline Refresh (id=93fc9e220421567459cd90948756c563): Total: 0.005 seconds - Initiated by RefreshV2(NoUpdateAssetOptions)
Asset Pipeline Refresh (id=b74ed63bc141c514da33e810e6bed865): Total: 0.006 seconds - Initiated by RefreshV2(NoUpdateAssetOptions)
Asset Pipeline Refresh (id=f899e2d304a4022459e3cd610835af60): Total: 0.005 seconds - Initiated by RefreshV2(NoUpdateAssetOptions)
Asset Pipeline Refresh (id=c95e9cf320fea744e94659d9094f9489): Total: 0.005 seconds - Initiated by RefreshV2(NoUpdateAssetOptions)
Asset Pipeline Refresh (id=651d31037d5e5d54d97eb78dbb8743a3): Total: 0.011 seconds - Initiated by RefreshV2(NoUpdateAssetOptions)
Start importing Assets/Sample/SampleManagerTest using Guid(d7ffd93bfe4541c45baea6da3be6da8b) Importer(-1,00000000000000000000000000000000) [PhysX] Initialized MultithreadedTaskDispatcher with 20 workers.
 -> (artifact id: '832fcdb9e049b147b2a91691273cc367') in 0.001745 seconds
Start importing Assets/Sample/SampleManagerTest/marker.txt using Guid(67b316d925f46184aa4a6a5a1af10de9) Importer(-1,00000000000000000000000000000000) [PhysX] Initialized MultithreadedTaskDispatcher with 20 workers.
 -> (artifact id: '00000000000000000000000000000000') in 0.002100 seconds
Import Error Code:(4)
Message: Build asset version error: assets/sample/samplemanagertest/marker.txt in SourceAssetDB has modification time of '2026-08-24T14:36:35.5594167Z' while content on disk has modification time of '2026-08-24T14:36:35.5894169Z'
UnityEngine.StackTraceUtility:ExtractStackTrace ()
UnityEditor.AssetDatabase:Refresh ()
AiFriendlyFrame.Editor.Samples.SamplePackageManager:TryInstall (AiFriendlyFrame.Editor.Samples.SamplePackageInfo,string&) (at Assets/Game/ScriptsBuiltin/Editor/OptionalPackages/SamplePackageManager.cs:263)
AiFriendlyFrame.Editor.Samples.Tests.SamplePackageManagerEditModeTests:ExistingDestinationFile_IsNeverClaimedByInstallation () (at Assets/Game/ScriptsBuiltin/Editor/OptionalPackages/Tests/SamplePackageManagerEditModeTests.cs:138)
System.Reflection.RuntimeMethodInfo:Invoke (object,System.Reflection.BindingFlags,System.Reflection.Binder,object[],System.Globalization.CultureInfo)
System.Reflection.MethodBase:Invoke (object,object[])
NUnit.Framework.Internal.Reflect:InvokeMethod (System.Reflection.MethodInfo,object,object[])
NUnit.Framework.Internal.MethodWrapper:Invoke (object,object[])
NUnit.Framework.Internal.Commands.TestMethodCommand:RunNonAsyncTestMethod (NUnit.Framework.Internal.ITestExecutionContext)
NUnit.Framework.Internal.Commands.TestMethodCommand:RunTestMethod (NUnit.Framework.Internal.ITestExecutionContext)
NUnit.Framework.Internal.Commands.TestMethodCommand:Execute (NUnit.Framework.Internal.ITestExecutionContext)
UnityEngine.TestTools.UnityTestMethodCommand:Execute (NUnit.Framework.Internal.ITestExecutionContext) (at ./Library/PackageCache/com.unity.test-framework@1.4.6/UnityEngine.TestRunner/NUnitExtensions/Commands/UnityTestMethodCommand.cs:19)
UnityEngine.TestRunner.NUnitExtensions.Runner.UnityLogCheckDelegatingCommand/<>c__DisplayClass2_0:<Execute>b__0 () (at ./Library/PackageCache/com.unity.test-framework@1.4.6/UnityEngine.TestRunner/NUnitExtensions/Runner/UnityLogCheckDelegatingCommand.cs:24)
UnityEngine.TestRunner.NUnitExtensions.Runner.UnityLogCheckDelegatingCommand:CaptureException (NUnit.Framework.Internal.TestResult,System.Action) (at ./Library/PackageCache/com.unity.test-framework@1.4.6/UnityEngine.TestRunner/NUnitExtensions/Runner/UnityLogCheckDelegatingCommand.cs:72)
UnityEngine.TestRunner.NUnitExtensions.Runner.UnityLogCheckDelegatingCommand:ExecuteAndCheckLog (UnityEngine.TestTools.Logging.LogScope,NUnit.Framework.Internal.TestResult,System.Action) (at ./Library/PackageCache/com.unity.test-framework@1.4.6/UnityEngine.TestRunner/NUnitExtensions/Runner/UnityLogCheckDelegatingCommand.cs:83)
UnityEngine.TestRunner.NUnitExtensions.Runner.UnityLogCheckDelegatingCommand:Execute (NUnit.Framework.Internal.ITestExecutionContext) (at ./Library/PackageCache/com.unity.test-framework@1.4.6/UnityEngine.TestRunner/NUnitExtensions/Runner/UnityLogCheckDelegatingCommand.cs:24)
UnityEngine.TestRunner.NUnitExtensions.Runner.UnityLogCheckDelegatingCommand/<ExecuteEnumerable>d__3:MoveNext () (at ./Library/PackageCache/com.unity.test-framework@1.4.6/UnityEngine.TestRunner/NUnitExtensions/Runner/UnityLogCheckDelegatingCommand.cs:35)
UnityEngine.TestTools.BeforeAfterTestCommandBase`1/<ExecuteEnumerable>d__14<NUnit.Framework.ITestAction>:MoveNext () (at ./Library/PackageCache/com.unity.test-framework@1.4.6/UnityEngine.TestRunner/NUnitExtensions/Commands/BeforeAfterTestCommandBase.cs:187)
UnityEngine.TestTools.ImmediateEnumerableCommand:Execute (NUnit.Framework.Internal.ITestExecutionContext) (at ./Library/PackageCache/com.unity.test-framework@1.4.6/UnityEngine.TestRunner/NUnitExtensions/Commands/ImmediateEnumerableCommand.cs:18)
UnityEngine.TestTools.BeforeAfterTestCommandBase`1/<ExecuteEnumerable>d__14<System.Reflection.MethodInfo>:MoveNext () (at ./Library/PackageCache/com.unity.test-framework@1.4.6/UnityEngine.TestRunner/NUnitExtensions/Commands/BeforeAfterTestCommandBase.cs:194)
UnityEngine.TestTools.BeforeAfterTestCommandBase`1/<ExecuteEnumerable>d__14<System.Reflection.MethodInfo>:MoveNext () (at ./Library/PackageCache/com.unity.test-framework@1.4.6/UnityEngine.TestRunner/NUnitExtensions/Commands/BeforeAfterTestCommandBase.cs:187)
UnityEngine.TestTools.BeforeAfterTestCommandBase`1/<ExecuteEnumerable>d__14<UnityEngine.TestTools.IOuterUnityTestAction>:MoveNext () (at ./Library/PackageCache/com.unity.test-framework@1.4.6/UnityEngine.TestRunner/NUnitExtensions/Commands/BeforeAfterTestCommandBase.cs:187)
UnityEngine.TestTools.RetryCommand/<ExecuteEnumerable>d__2:MoveNext () (at ./Library/PackageCache/com.unity.test-framework@1.4.6/UnityEngine.TestRunner/NUnitExtensions/Commands/RetryCommand.cs:37)
UnityEngine.TestTools.RepeatCommand/<ExecuteEnumerable>d__2:MoveNext () (at ./Library/PackageCache/com.unity.test-framework@1.4.6/UnityEngine.TestRunner/NUnitExtensions/Commands/RepeatCommand.cs:36)
UnityEngine.TestTools.IgnoreTestCommand/<ExecuteEnumerable>d__3:MoveNext () (at ./Library/PackageCache/com.unity.test-framework@1.4.6/UnityEngine.TestRunner/NUnitExtensions/Commands/IgnoreTestCommand.cs:42)
UnityEngine.TestTools.StrictCheckCommand/<ExecuteEnumerable>d__2:MoveNext () (at ./Library/PackageCache/com.unity.test-framework@1.4.6/UnityEngine.TestRunner/NUnitExtensions/Commands/StrictCheckCommand.cs:29)
UnityEngine.TestRunner.NUnitExtensions.Runner.DefaultTestWorkItem/<PerformWork>d__2:MoveNext () (at ./Library/PackageCache/com.unity.test-framework@1.4.6/UnityEngine.TestRunner/NUnitExtensions/Runner/DefaultTestWorkItem.cs:50)
UnityEngine.TestRunner.NUnitExtensions.Runner.CompositeWorkItem/<RunChildren>d__16:MoveNext () (at ./Library/PackageCache/com.unity.test-framework@1.4.6/UnityEngine.TestRunner/NUnitExtensions/Runner/CompositeWorkItem.cs:197)
UnityEngine.TestRunner.NUnitExtensions.Runner.CompositeWorkItem/<PerformWork>d__12:MoveNext () (at ./Library/PackageCache/com.unity.test-framework@1.4.6/UnityEngine.TestRunner/NUnitExtensions/Runner/CompositeWorkItem.cs:76)
UnityEngine.TestRunner.NUnitExtensions.Runner.CompositeWorkItem/<RunChildren>d__16:MoveNext () (at ./Library/PackageCache/com.unity.test-framework@1.4.6/UnityEngine.TestRunner/NUnitExtensions/Runner/CompositeWorkItem.cs:197)
UnityEngine.TestRunner.NUnitExtensions.Runner.CompositeWorkItem/<PerformWork>d__12:MoveNext () (at ./Library/PackageCache/com.unity.test-framework@1.4.6/UnityEngine.TestRunner/NUnitExtensions/Runner/CompositeWorkItem.cs:76)
UnityEngine.TestRunner.NUnitExtensions.Runner.CompositeWorkItem/<RunChildren>d__16:MoveNext () (at ./Library/PackageCache/com.unity.test-framework@1.4.6/UnityEngine.TestRunner/NUnitExtensions/Runner/CompositeWorkItem.cs:197)
UnityEngine.TestRunner.NUnitExtensions.Runner.CompositeWorkItem/<PerformWork>d__12:MoveNext () (at ./Library/PackageCache/com.unity.test-framework@1.4.6/UnityEngine.TestRunner/NUnitExtensions/Runner/CompositeWorkItem.cs:76)
UnityEngine.TestRunner.NUnitExtensions.Runner.CompositeWorkItem/<RunChildren>d__16:MoveNext () (at ./Library/PackageCache/com.unity.test-framework@1.4.6/UnityEngine.TestRunner/NUnitExtensions/Runner/CompositeWorkItem.cs:197)
UnityEngine.TestRunner.NUnitExtensions.Runner.CompositeWorkItem/<PerformWork>d__12:MoveNext () (at ./Library/PackageCache/com.unity.test-framework@1.4.6/UnityEngine.TestRunner/NUnitExtensions/Runner/CompositeWorkItem.cs:76)
UnityEngine.TestRunner.NUnitExtensions.Runner.CompositeWorkItem/<RunChildren>d__16:MoveNext () (at ./Library/PackageCache/com.unity.test-framework@1.4.6/UnityEngine.TestRunner/NUnitExtensions/Runner/CompositeWorkItem.cs:197)
UnityEngine.TestRunner.NUnitExtensions.Runner.CompositeWorkItem/<PerformWork>d__12:MoveNext () (at ./Library/PackageCache/com.unity.test-framework@1.4.6/UnityEngine.TestRunner/NUnitExtensions/Runner/CompositeWorkItem.cs:76)
UnityEngine.TestRunner.NUnitExtensions.Runner.CompositeWorkItem/<RunChildren>d__16:MoveNext () (at ./Library/PackageCache/com.unity.test-framework@1.4.6/UnityEngine.TestRunner/NUnitExtensions/Runner/CompositeWorkItem.cs:197)
UnityEngine.TestRunner.NUnitExtensions.Runner.CompositeWorkItem/<PerformWork>d__12:MoveNext () (at ./Library/PackageCache/com.unity.test-framework@1.4.6/UnityEngine.TestRunner/NUnitExtensions/Runner/CompositeWorkItem.cs:76)
UnityEngine.TestRunner.NUnitExtensions.Runner.CompositeWorkItem/<RunChildren>d__16:MoveNext () (at ./Library/PackageCache/com.unity.test-framework@1.4.6/UnityEngine.TestRunner/NUnitExtensions/Runner/CompositeWorkItem.cs:197)
UnityEngine.TestRunner.NUnitExtensions.Runner.CompositeWorkItem/<PerformWork>d__12:MoveNext () (at ./Library/PackageCache/com.unity.test-framework@1.4.6/UnityEngine.TestRunner/NUnitExtensions/Runner/CompositeWorkItem.cs:76)
UnityEditor.TestTools.TestRunner.EditModeRunner:MoveNextAndUpdateYieldObject () (at ./Library/PackageCache/com.unity.test-framework@1.4.6/UnityEditor.TestRunner/TestRunner/EditModeRunner.cs:167)
UnityEditor.TestTools.TestRunner.EditModeRunner:TestConsumer (UnityEditor.TestTools.TestRunner.TestRunnerStateSerializer) (at ./Library/PackageCache/com.unity.test-framework@1.4.6/UnityEditor.TestRunner/TestRunner/EditModeRunner.cs:200)
UnityEditor.TestTools.TestRunner.TestRun.Tasks.EditModeRunTask/<Execute>d__1:MoveNext () (at ./Library/PackageCache/com.unity.test-framework@1.4.6/UnityEditor.TestRunner/TestRun/Tasks/EditModeRunTask.cs:48)
UnityEditor.TestTools.TestRunner.TestRun.TestJobRunner:ExecuteStep () (at ./Library/PackageCache/com.unity.test-framework@1.4.6/UnityEditor.TestRunner/TestRun/TestJobRunner.cs:173)
UnityEditor.TestTools.TestRunner.TestRun.TestJobRunner:ExecuteCallback () (at ./Library/PackageCache/com.unity.test-framework@1.4.6/UnityEditor.TestRunner/TestRun/TestJobRunner.cs:108)
UnityEditor.EditorApplication:Internal_CallUpdateFunctions ()

[./Library/PackageCache/com.unity.test-framework@1.4.6/UnityEditor.TestRunner/TestRunner/EditModeRunner.cs line 167]

Start importing Assets/Sample/SampleManagerTest/marker.txt using Guid(67b316d925f46184aa4a6a5a1af10de9) Importer(-1,00000000000000000000000000000000) [PhysX] Initialized MultithreadedTaskDispatcher with 20 workers.
 -> (artifact id: 'b6a9f3ca8c70f30d6eec57102e7797e8') in 0.002247 seconds
Refreshing native plugins compatible for Editor in 5.20 ms, found 5 plugins.
Preloading 0 native plugins for Editor in 0.00 ms.
Asset Pipeline Refresh (id=3caff14821005534b813855c565d4bdc): Total: 0.279 seconds - Initiated by RefreshV2(NoUpdateAssetOptions)
A meta data file (.meta) exists but its asset 'Assets/Sample/SampleManagerTest/marker.txt' can't be found. When moving or deleting files outside of Unity, please ensure that the corresponding .meta file is moved or deleted along with it.
UnityEngine.StackTraceUtility:ExtractStackTrace ()
UnityEditor.AssetDatabase:Refresh ()
AiFriendlyFrame.Editor.Samples.Tests.SamplePackageManagerEditModeTests:TearDown () (at Assets/Game/ScriptsBuiltin/Editor/OptionalPackages/Tests/SamplePackageManagerEditModeTests.cs:77)
System.Reflection.RuntimeMethodInfo:Invoke (object,System.Reflection.BindingFlags,System.Reflection.Binder,object[],System.Globalization.CultureInfo)
System.Reflection.MethodBase:Invoke (object,object[])
NUnit.Framework.Internal.Reflect:InvokeMethod (System.Reflection.MethodInfo,object,object[])
NUnit.Framework.Internal.Reflect:InvokeMethod (System.Reflection.MethodInfo,object)
UnityEngine.TestTools.SetUpTearDownCommand/<InvokeAfter>d__5:MoveNext () (at ./Library/PackageCache/com.unity.test-framework@1.4.6/UnityEngine.TestRunner/NUnitExtensions/Commands/SetUpTearDownCommand.cs:84)
UnityEngine.TestTools.EnumeratorHelper/<ProgressOnEnumerator>d__5:MoveNext () (at ./Library/PackageCache/com.unity.test-framework@1.4.6/UnityEngine.TestRunner/NUnitExtensions/Attributes/EnumeratorHelper.cs:35)
UnityEngine.TestTools.BeforeAfterTestCommandBase`1/<ExecuteEnumerable>d__14<System.Reflection.MethodInfo>:MoveNext () (at ./Library/PackageCache/com.unity.test-framework@1.4.6/UnityEngine.TestRunner/NUnitExtensions/Commands/BeforeAfterTestCommandBase.cs:223)
UnityEngine.TestTools.BeforeAfterTestCommandBase`1/<ExecuteEnumerable>d__14<System.Reflection.MethodInfo>:MoveNext () (at ./Library/PackageCache/com.unity.test-framework@1.4.6/UnityEngine.TestRunner/NUnitExtensions/Commands/BeforeAfterTestCommandBase.cs:187)
UnityEngine.TestTools.BeforeAfterTestCommandBase`1/<ExecuteEnumerable>d__14<UnityEngine.TestTools.IOuterUnityTestAction>:MoveNext () (at ./Library/PackageCache/com.unity.test-framework@1.4.6/UnityEngine.TestRunner/NUnitExtensions/Commands/BeforeAfterTestCommandBase.cs:187)
UnityEngine.TestTools.RetryCommand/<ExecuteEnumerable>d__2:MoveNext () (at ./Library/PackageCache/com.unity.test-framework@1.4.6/UnityEngine.TestRunner/NUnitExtensions/Commands/RetryCommand.cs:37)
UnityEngine.TestTools.RepeatCommand/<ExecuteEnumerable>d__2:MoveNext () (at ./Library/PackageCache/com.unity.test-framework@1.4.6/UnityEngine.TestRunner/NUnitExtensions/Commands/RepeatCommand.cs:36)
UnityEngine.TestTools.IgnoreTestCommand/<ExecuteEnumerable>d__3:MoveNext () (at ./Library/PackageCache/com.unity.test-framework@1.4.6/UnityEngine.TestRunner/NUnitExtensions/Commands/IgnoreTestCommand.cs:42)
UnityEngine.TestTools.StrictCheckCommand/<ExecuteEnumerable>d__2:MoveNext () (at ./Library/PackageCache/com.unity.test-framework@1.4.6/UnityEngine.TestRunner/NUnitExtensions/Commands/StrictCheckCommand.cs:29)
UnityEngine.TestRunner.NUnitExtensions.Runner.DefaultTestWorkItem/<PerformWork>d__2:MoveNext () (at ./Library/PackageCache/com.unity.test-framework@1.4.6/UnityEngine.TestRunner/NUnitExtensions/Runner/DefaultTestWorkItem.cs:50)
UnityEngine.TestRunner.NUnitExtensions.Runner.CompositeWorkItem/<RunChildren>d__16:MoveNext () (at ./Library/PackageCache/com.unity.test-framework@1.4.6/UnityEngine.TestRunner/NUnitExtensions/Runner/CompositeWorkItem.cs:197)
UnityEngine.TestRunner.NUnitExtensions.Runner.CompositeWorkItem/<PerformWork>d__12:MoveNext () (at ./Library/PackageCache/com.unity.test-framework@1.4.6/UnityEngine.TestRunner/NUnitExtensions/Runner/CompositeWorkItem.cs:76)
UnityEngine.TestRunner.NUnitExtensions.Runner.CompositeWorkItem/<RunChildren>d__16:MoveNext () (at ./Library/PackageCache/com.unity.test-framework@1.4.6/UnityEngine.TestRunner/NUnitExtensions/Runner/CompositeWorkItem.cs:197)
UnityEngine.TestRunner.NUnitExtensions.Runner.CompositeWorkItem/<PerformWork>d__12:MoveNext () (at ./Library/PackageCache/com.unity.test-framework@1.4.6/UnityEngine.TestRunner/NUnitExtensions/Runner/CompositeWorkItem.cs:76)
UnityEngine.TestRunner.NUnitExtensions.Runner.CompositeWorkItem/<RunChildren>d__16:MoveNext () (at ./Library/PackageCache/com.unity.test-framework@1.4.6/UnityEngine.TestRunner/NUnitExtensions/Runner/CompositeWorkItem.cs:197)
UnityEngine.TestRunner.NUnitExtensions.Runner.CompositeWorkItem/<PerformWork>d__12:MoveNext () (at ./Library/PackageCache/com.unity.test-framework@1.4.6/UnityEngine.TestRunner/NUnitExtensions/Runner/CompositeWorkItem.cs:76)
UnityEngine.TestRunner.NUnitExtensions.Runner.CompositeWorkItem/<RunChildren>d__16:MoveNext () (at ./Library/PackageCache/com.unity.test-framework@1.4.6/UnityEngine.TestRunner/NUnitExtensions/Runner/CompositeWorkItem.cs:197)
UnityEngine.TestRunner.NUnitExtensions.Runner.CompositeWorkItem/<PerformWork>d__12:MoveNext () (at ./Library/PackageCache/com.unity.test-framework@1.4.6/UnityEngine.TestRunner/NUnitExtensions/Runner/CompositeWorkItem.cs:76)
UnityEngine.TestRunner.NUnitExtensions.Runner.CompositeWorkItem/<RunChildren>d__16:MoveNext () (at ./Library/PackageCache/com.unity.test-framework@1.4.6/UnityEngine.TestRunner/NUnitExtensions/Runner/CompositeWorkItem.cs:197)
UnityEngine.TestRunner.NUnitExtensions.Runner.CompositeWorkItem/<PerformWork>d__12:MoveNext () (at ./Library/PackageCache/com.unity.test-framework@1.4.6/UnityEngine.TestRunner/NUnitExtensions/Runner/CompositeWorkItem.cs:76)
UnityEngine.TestRunner.NUnitExtensions.Runner.CompositeWorkItem/<RunChildren>d__16:MoveNext () (at ./Library/PackageCache/com.unity.test-framework@1.4.6/UnityEngine.TestRunner/NUnitExtensions/Runner/CompositeWorkItem.cs:197)
UnityEngine.TestRunner.NUnitExtensions.Runner.CompositeWorkItem/<PerformWork>d__12:MoveNext () (at ./Library/PackageCache/com.unity.test-framework@1.4.6/UnityEngine.TestRunner/NUnitExtensions/Runner/CompositeWorkItem.cs:76)
UnityEngine.TestRunner.NUnitExtensions.Runner.CompositeWorkItem/<RunChildren>d__16:MoveNext () (at ./Library/PackageCache/com.unity.test-framework@1.4.6/UnityEngine.TestRunner/NUnitExtensions/Runner/CompositeWorkItem.cs:197)
UnityEngine.TestRunner.NUnitExtensions.Runner.CompositeWorkItem/<PerformWork>d__12:MoveNext () (at ./Library/PackageCache/com.unity.test-framework@1.4.6/UnityEngine.TestRunner/NUnitExtensions/Runner/CompositeWorkItem.cs:76)
UnityEditor.TestTools.TestRunner.EditModeRunner:MoveNextAndUpdateYieldObject () (at ./Library/PackageCache/com.unity.test-framework@1.4.6/UnityEditor.TestRunner/TestRunner/EditModeRunner.cs:167)
UnityEditor.TestTools.TestRunner.EditModeRunner:TestConsumer (UnityEditor.TestTools.TestRunner.TestRunnerStateSerializer) (at ./Library/PackageCache/com.unity.test-framework@1.4.6/UnityEditor.TestRunner/TestRunner/EditModeRunner.cs:200)
UnityEditor.TestTools.TestRunner.TestRun.Tasks.EditModeRunTask/<Execute>d__1:MoveNext () (at ./Library/PackageCache/com.unity.test-framework@1.4.6/UnityEditor.TestRunner/TestRun/Tasks/EditModeRunTask.cs:48)
UnityEditor.TestTools.TestRunner.TestRun.TestJobRunner:ExecuteStep () (at ./Library/PackageCache/com.unity.test-framework@1.4.6/UnityEditor.TestRunner/TestRun/TestJobRunner.cs:173)
UnityEditor.TestTools.TestRunner.TestRun.TestJobRunner:ExecuteCallback () (at ./Library/PackageCache/com.unity.test-framework@1.4.6/UnityEditor.TestRunner/TestRun/TestJobRunner.cs:108)
UnityEditor.EditorApplication:Internal_CallUpdateFunctions ()

[./Library/PackageCache/com.unity.test-framework@1.4.6/UnityEditor.TestRunner/TestRunner/EditModeRunner.cs line 167]

Refreshing native plugins compatible for Editor in 5.62 ms, found 5 plugins.
Preloading 0 native plugins for Editor in 0.00 ms.
Asset Pipeline Refresh (id=56ce91a404596d74a912d24c2e3788b7): Total: 0.149 seconds - Initiated by RefreshV2(NoUpdateAssetOptions)
Asset Pipeline Refresh (id=d06ad24af50fafb45a7dc076d41c564a): Total: 0.007 seconds - Initiated by RefreshV2(NoUpdateAssetOptions)
Start importing ProjectSettings/EditorBuildSettings.asset using Guid(0000000000000000b000000000000000) Importer(-1,00000000000000000000000000000000) [PhysX] Initialized MultithreadedTaskDispatcher with 20 workers.
 -> (artifact id: 'ebfcd7176fc4366443af58a1ae30df30') in 0.001959 seconds
Start importing Assets/Game/ScriptableAssets/Core/AppConfigs.asset using Guid(13b0b1255d7d6cf44a4d1987723460ef) Importer(-1,00000000000000000000000000000000) [PhysX] Initialized MultithreadedTaskDispatcher with 20 workers.
 -> (artifact id: '52478fd735f00e1a444a02d490db81c9') in 0.001811 seconds
Refreshing native plugins compatible for Editor in 5.89 ms, found 5 plugins.
Preloading 0 native plugins for Editor in 0.00 ms.
Asset Pipeline Refresh (id=895c2d962969a1440b22e8b20600e674): Total: 0.041 seconds - Initiated by StopAssetImportingV2(NoUpdateAssetOptions)
Start importing Assets/Sample/SampleManagerTest/marker.txt using Guid(0bb5d6097729468b8b19f6ce6a538bcd) Importer(-1,00000000000000000000000000000000) [PhysX] Initialized MultithreadedTaskDispatcher with 20 workers.
 -> (artifact id: 'b78ea23bc4c021bcaec0bd21ad5b7e78') in 0.002246 seconds
Refreshing native plugins compatible for Editor in 5.16 ms, found 5 plugins.
Preloading 0 native plugins for Editor in 0.00 ms.
Asset Pipeline Refresh (id=6e51430a9a45d524cb03d0518959d2d7): Total: 0.174 seconds - Initiated by RefreshV2(NoUpdateAssetOptions)
Asset Pipeline Refresh (id=4ead91dddf914a64eb29f6fa3e6749bb): Total: 0.026 seconds - Initiated by RefreshV2(NoUpdateAssetOptions)
Start importing Assets/Game/ScriptableAssets/Core/AppConfigs.asset using Guid(13b0b1255d7d6cf44a4d1987723460ef) Importer(-1,00000000000000000000000000000000) [PhysX] Initialized MultithreadedTaskDispatcher with 20 workers.
 -> (artifact id: 'c413da8868a4553a5bfc2c5da988c6d9') in 0.001770 seconds
Refreshing native plugins compatible for Editor in 4.89 ms, found 5 plugins.
Preloading 0 native plugins for Editor in 0.00 ms.
Asset Pipeline Refresh (id=2261f86388ded844196f7a7bd0d21efd): Total: 0.035 seconds - Initiated by StopAssetImportingV2(NoUpdateAssetOptions)
Refreshing native plugins compatible for Editor in 5.30 ms, found 5 plugins.
Preloading 0 native plugins for Editor in 0.00 ms.
Asset Pipeline Refresh (id=830e1139b35187d4386100a1ef54f5e7): Total: 0.156 seconds - Initiated by RefreshV2(NoUpdateAssetOptions)
Asset Pipeline Refresh (id=8ca815bbd47e1614ab669870730477f5): Total: 0.006 seconds - Initiated by RefreshV2(NoUpdateAssetOptions)
Asset Pipeline Refresh (id=74b42986cf0085948b9c31ae2f437490): Total: 0.007 seconds - Initiated by RefreshV2(NoUpdateAssetOptions)
Start importing Assets/Game/ScriptableAssets/Core/AppConfigs.asset using Guid(13b0b1255d7d6cf44a4d1987723460ef) Importer(-1,00000000000000000000000000000000) [PhysX] Initialized MultithreadedTaskDispatcher with 20 workers.
 -> (artifact id: '52478fd735f00e1a444a02d490db81c9') in 0.001980 seconds
Refreshing native plugins compatible for Editor in 6.12 ms, found 5 plugins.
Preloading 0 native plugins for Editor in 0.00 ms.
Asset Pipeline Refresh (id=f9552aeb450aff545b7a15a25c511c28): Total: 0.038 seconds - Initiated by StopAssetImportingV2(NoUpdateAssetOptions)
Start importing Assets/Sample using Guid(0fdf23649ec09d5419087548478a7c7f) Importer(-1,00000000000000000000000000000000) [PhysX] Initialized MultithreadedTaskDispatcher with 20 workers.
 -> (artifact id: 'f2163fd45a5bffe47fdc44a4332ff68f') in 0.001588 seconds
Start importing Assets/Sample/SampleManagerTest using Guid(d7ffd93bfe4541c45baea6da3be6da8b) Importer(-1,00000000000000000000000000000000) [PhysX] Initialized MultithreadedTaskDispatcher with 20 workers.
 -> (artifact id: '832fcdb9e049b147b2a91691273cc367') in 0.001242 seconds
Refreshing native plugins compatible for Editor in 4.92 ms, found 5 plugins.
Preloading 0 native plugins for Editor in 0.00 ms.
Asset Pipeline Refresh (id=e0fb6c9091bc0d04ca5a4013ca74237f): Total: 0.175 seconds - Initiated by RefreshV2(NoUpdateAssetOptions)
Asset Pipeline Refresh (id=49c35c814fb55274ca83368f5d2b2fe9): Total: 0.026 seconds - Initiated by RefreshV2(NoUpdateAssetOptions)
Start importing Assets/Game/ScriptableAssets/Core/AppConfigs.asset using Guid(13b0b1255d7d6cf44a4d1987723460ef) Importer(-1,00000000000000000000000000000000) [PhysX] Initialized MultithreadedTaskDispatcher with 20 workers.
 -> (artifact id: 'c413da8868a4553a5bfc2c5da988c6d9') in 0.001688 seconds
Refreshing native plugins compatible for Editor in 4.99 ms, found 5 plugins.
Preloading 0 native plugins for Editor in 0.00 ms.
Asset Pipeline Refresh (id=ed163118525deee4d93d9ea554e5d975): Total: 0.036 seconds - Initiated by StopAssetImportingV2(NoUpdateAssetOptions)
Refreshing native plugins compatible for Editor in 5.26 ms, found 5 plugins.
Preloading 0 native plugins for Editor in 0.00 ms.
Asset Pipeline Refresh (id=d8e4f0258e3cafa46af390acbf84c07b): Total: 0.170 seconds - Initiated by RefreshV2(NoUpdateAssetOptions)
Asset Pipeline Refresh (id=8b68f3a08cf1d884da7e446b8d23f55c): Total: 0.007 seconds - Initiated by RefreshV2(NoUpdateAssetOptions)
Asset Pipeline Refresh (id=3410e12dc6ab2e3459fcf34708ff91a1): Total: 0.005 seconds - Initiated by RefreshV2(NoUpdateAssetOptions)
Start importing Assets/Game/ScriptableAssets/Core/AppConfigs.asset using Guid(13b0b1255d7d6cf44a4d1987723460ef) Importer(-1,00000000000000000000000000000000) [PhysX] Initialized MultithreadedTaskDispatcher with 20 workers.
 -> (artifact id: '52478fd735f00e1a444a02d490db81c9') in 0.002186 seconds
Refreshing native plugins compatible for Editor in 5.26 ms, found 5 plugins.
Preloading 0 native plugins for Editor in 0.00 ms.
Asset Pipeline Refresh (id=b19f47f83cb747e498edc4d6ff65f4ff): Total: 0.046 seconds - Initiated by StopAssetImportingV2(NoUpdateAssetOptions)
Start importing Assets/Sample using Guid(0fdf23649ec09d5419087548478a7c7f) Importer(-1,00000000000000000000000000000000) [PhysX] Initialized MultithreadedTaskDispatcher with 20 workers.
 -> (artifact id: 'f2163fd45a5bffe47fdc44a4332ff68f') in 0.001944 seconds
Start importing Assets/Sample/SampleManagerTest using Guid(d7ffd93bfe4541c45baea6da3be6da8b) Importer(-1,00000000000000000000000000000000) [PhysX] Initialized MultithreadedTaskDispatcher with 20 workers.
 -> (artifact id: '832fcdb9e049b147b2a91691273cc367') in 0.001511 seconds
Refreshing native plugins compatible for Editor in 9.83 ms, found 5 plugins.
Preloading 0 native plugins for Editor in 0.00 ms.
Asset Pipeline Refresh (id=650d8ce5b405b1a4a94fd799998f6407): Total: 0.235 seconds - Initiated by RefreshV2(NoUpdateAssetOptions)
Asset Pipeline Refresh (id=d635a2640f01f42458fbae3145896d0d): Total: 0.034 seconds - Initiated by RefreshV2(NoUpdateAssetOptions)
Start importing Assets/Game/ScriptableAssets/Core/AppConfigs.asset using Guid(13b0b1255d7d6cf44a4d1987723460ef) Importer(-1,00000000000000000000000000000000) [PhysX] Initialized MultithreadedTaskDispatcher with 20 workers.
 -> (artifact id: 'c413da8868a4553a5bfc2c5da988c6d9') in 0.002330 seconds
Refreshing native plugins compatible for Editor in 5.74 ms, found 5 plugins.
Preloading 0 native plugins for Editor in 0.00 ms.
Asset Pipeline Refresh (id=de2ac98f45535024fbe0fa232298e37a): Total: 0.044 seconds - Initiated by StopAssetImportingV2(NoUpdateAssetOptions)
Refreshing native plugins compatible for Editor in 5.83 ms, found 5 plugins.
Preloading 0 native plugins for Editor in 0.00 ms.
Asset Pipeline Refresh (id=8342217bed5a90c44b5901bcef6d26b9): Total: 0.174 seconds - Initiated by RefreshV2(NoUpdateAssetOptions)
Start importing Assets/Game/ScriptableAssets/Core/AppConfigs.asset using Guid(13b0b1255d7d6cf44a4d1987723460ef) Importer(-1,00000000000000000000000000000000) [PhysX] Initialized MultithreadedTaskDispatcher with 20 workers.
 -> (artifact id: '52478fd735f00e1a444a02d490db81c9') in 0.001875 seconds
Refreshing native plugins compatible for Editor in 5.14 ms, found 5 plugins.
Preloading 0 native plugins for Editor in 0.00 ms.
Asset Pipeline Refresh (id=9b31fdbc921bdc24f834d27ee74fa753): Total: 0.037 seconds - Initiated by StopAssetImportingV2(NoUpdateAssetOptions)
Start importing Assets/Sample using Guid(0fdf23649ec09d5419087548478a7c7f) Importer(-1,00000000000000000000000000000000) [PhysX] Initialized MultithreadedTaskDispatcher with 20 workers.
 -> (artifact id: 'f2163fd45a5bffe47fdc44a4332ff68f') in 0.001495 seconds
Start importing Assets/Sample/SampleManagerTest using Guid(d7ffd93bfe4541c45baea6da3be6da8b) Importer(-1,00000000000000000000000000000000) [PhysX] Initialized MultithreadedTaskDispatcher with 20 workers.
 -> (artifact id: '832fcdb9e049b147b2a91691273cc367') in 0.001172 seconds
Refreshing native plugins compatible for Editor in 5.00 ms, found 5 plugins.
Preloading 0 native plugins for Editor in 0.00 ms.
Asset Pipeline Refresh (id=f8208000fdc205e449d783b29d20df27): Total: 0.171 seconds - Initiated by RefreshV2(NoUpdateAssetOptions)
Asset Pipeline Refresh (id=4f15b1bb51c026b48bb94c8af1d9cca2): Total: 0.022 seconds - Initiated by RefreshV2(NoUpdateAssetOptions)
Start importing Assets/Game/ScriptableAssets/Core/AppConfigs.asset using Guid(13b0b1255d7d6cf44a4d1987723460ef) Importer(-1,00000000000000000000000000000000) [PhysX] Initialized MultithreadedTaskDispatcher with 20 workers.
 -> (artifact id: 'c413da8868a4553a5bfc2c5da988c6d9') in 0.001932 seconds
Refreshing native plugins compatible for Editor in 5.09 ms, found 5 plugins.
Preloading 0 native plugins for Editor in 0.00 ms.
Asset Pipeline Refresh (id=3d15064fa9ca5a54cb4a98e2ebd926c0): Total: 0.038 seconds - Initiated by StopAssetImportingV2(NoUpdateAssetOptions)
Refreshing native plugins compatible for Editor in 5.05 ms, found 5 plugins.
Preloading 0 native plugins for Editor in 0.00 ms.
Asset Pipeline Refresh (id=ecd3172ac4be386419f37ac5b21201df): Total: 0.167 seconds - Initiated by RefreshV2(NoUpdateAssetOptions)
Asset Pipeline Refresh (id=3fdf83b94649e224cba1d49aa88b1433): Total: 0.006 seconds - Initiated by RefreshV2(NoUpdateAssetOptions)
[PhysX] Initialized MultithreadedTaskDispatcher with 20 workers.
Unloading 0 Unused Serialized files (Serialized files now loaded: 0)
Unloading 96 unused Assets / (50.8 KB). Loaded Objects now: 9375.
Memory consumption went from 215.1 MB to 215.1 MB.
Total: 6.005900 ms (FindLiveObjects: 0.268500 ms CreateObjectMapping: 0.123800 ms MarkObjects: 5.489100 ms  DeleteObjects: 0.123700 ms)

<color=#E091FF>[UnitySkills]</color> Session started: <b>86e528ef-2975-4e6c-afdf-81a5201a7775</b>
UnityEngine.StackTraceUtility:ExtractStackTrace ()
UnityEngine.DebugLogHandler:LogFormat (UnityEngine.LogType,UnityEngine.Object,string,object[])
UnityEngine.Logger:Log (UnityEngine.LogType,object)
UnityEngine.Debug:Log (object)
UnitySkills.WorkflowManager:BeginSession (string) (at ./Library/PackageCache/com.besty.unity-skills@f6f09e6bb0/Editor/Skills/WorkflowManager.cs:699)
UnitySkills.BatchJobService:EnsureWorkflowSession (UnitySkills.BatchJobService/RuntimeJobContext) (at ./Library/PackageCache/com.besty.unity-skills@f6f09e6bb0/Editor/Skills/BatchJobService.cs:278)
UnitySkills.BatchJobService:ProcessSingleJob (UnitySkills.BatchJobService/RuntimeJobContext) (at ./Library/PackageCache/com.besty.unity-skills@f6f09e6bb0/Editor/Skills/BatchJobService.cs:191)
UnitySkills.BatchJobService:ProcessQueuedJobs (string) (at ./Library/PackageCache/com.besty.unity-skills@f6f09e6bb0/Editor/Skills/BatchJobService.cs:167)
UnitySkills.BatchJobService:Pump (string) (at ./Library/PackageCache/com.besty.unity-skills@f6f09e6bb0/Editor/Skills/BatchJobService.cs:125)
UnitySkills.AsyncJobService:Wait (string,int) (at ./Library/PackageCache/com.besty.unity-skills@f6f09e6bb0/Editor/Skills/AsyncJobService.cs:447)
UnitySkills.BatchSkills:JobWait (string,int) (at ./Library/PackageCache/com.besty.unity-skills@f6f09e6bb0/Editor/Skills/BatchSkills.cs:418)
UnitySkills.Tests.Core.BatchGovernanceTests:BatchCleanupTempObjects_AsyncJobCompletes () (at ./Library/PackageCache/com.besty.unity-skills@f6f09e6bb0/Tests/Editor/Core/BatchGovernanceTests.cs:102)
System.Reflection.RuntimeMethodInfo:Invoke (object,System.Reflection.BindingFlags,System.Reflection.Binder,object[],System.Globalization.CultureInfo)
System.Reflection.MethodBase:Invoke (object,object[])
NUnit.Framework.Internal.Reflect:InvokeMethod (System.Reflection.MethodInfo,object,object[])
NUnit.Framework.Internal.MethodWrapper:Invoke (object,object[])
NUnit.Framework.Internal.Commands.TestMethodCommand:RunNonAsyncTestMethod (NUnit.Framework.Internal.ITestExecutionContext)
NUnit.Framework.Internal.Commands.TestMethodCommand:RunTestMethod (NUnit.Framework.Internal.ITestExecutionContext)
NUnit.Framework.Internal.Commands.TestMethodCommand:Execute (NUnit.Framework.Internal.ITestExecutionContext)
UnityEngine.TestTools.UnityTestMethodCommand:Execute (NUnit.Framework.Internal.ITestExecutionContext) (at ./Library/PackageCache/com.unity.test-framework@1.4.6/UnityEngine.TestRunner/NUnitExtensions/Commands/UnityTestMethodCommand.cs:19)
UnityEngine.TestRunner.NUnitExtensions.Runner.UnityLogCheckDelegatingCommand/<>c__DisplayClass2_0:<Execute>b__0 () (at ./Library/PackageCache/com.unity.test-framework@1.4.6/UnityEngine.TestRunner/NUnitExtensions/Runner/UnityLogCheckDelegatingCommand.cs:24)
UnityEngine.TestRunner.NUnitExtensions.Runner.UnityLogCheckDelegatingCommand:CaptureException (NUnit.Framework.Internal.TestResult,System.Action) (at ./Library/PackageCache/com.unity.test-framework@1.4.6/UnityEngine.TestRunner/NUnitExtensions/Runner/UnityLogCheckDelegatingCommand.cs:72)
UnityEngine.TestRunner.NUnitExtensions.Runner.UnityLogCheckDelegatingCommand:ExecuteAndCheckLog (UnityEngine.TestTools.Logging.LogScope,NUnit.Framework.Internal.TestResult,System.Action) (at ./Library/PackageCache/com.unity.test-framework@1.4.6/UnityEngine.TestRunner/NUnitExtensions/Runner/UnityLogCheckDelegatingCommand.cs:83)
UnityEngine.TestRunner.NUnitExtensions.Runner.UnityLogCheckDelegatingCommand:Execute (NUnit.Framework.Internal.ITestExecutionContext) (at ./Library/PackageCache/com.unity.test-framework@1.4.6/UnityEngine.TestRunner/NUnitExtensions/Runner/UnityLogCheckDelegatingCommand.cs:24)
UnityEngine.TestRunner.NUnitExtensions.Runner.UnityLogCheckDelegatingCommand/<ExecuteEnumerable>d__3:MoveNext () (at ./Library/PackageCache/com.unity.test-framework@1.4.6/UnityEngine.TestRunner/NUnitExtensions/Runner/UnityLogCheckDelegatingCommand.cs:35)
UnityEngine.TestTools.BeforeAfterTestCommandBase`1/<ExecuteEnumerable>d__14<NUnit.Framework.ITestAction>:MoveNext () (at ./Library/PackageCache/com.unity.test-framework@1.4.6/UnityEngine.TestRunner/NUnitExtensions/Commands/BeforeAfterTestCommandBase.cs:187)
UnityEngine.TestTools.ImmediateEnumerableCommand:Execute (NUnit.Framework.Internal.ITestExecutionContext) (at ./Library/PackageCache/com.unity.test-framework@1.4.6/UnityEngine.TestRunner/NUnitExtensions/Commands/ImmediateEnumerableCommand.cs:18)
UnityEngine.TestTools.BeforeAfterTestCommandBase`1/<ExecuteEnumerable>d__14<System.Reflection.MethodInfo>:MoveNext () (at ./Library/PackageCache/com.unity.test-framework@1.4.6/UnityEngine.TestRunner/NUnitExtensions/Commands/BeforeAfterTestCommandBase.cs:194)
UnityEngine.TestTools.BeforeAfterTestCommandBase`1/<ExecuteEnumerable>d__14<System.Reflection.MethodInfo>:MoveNext () (at ./Library/PackageCache/com.unity.test-framework@1.4.6/UnityEngine.TestRunner/NUnitExtensions/Commands/BeforeAfterTestCommandBase.cs:187)
UnityEngine.TestTools.BeforeAfterTestCommandBase`1/<ExecuteEnumerable>d__14<UnityEngine.TestTools.IOuterUnityTestAction>:MoveNext () (at ./Library/PackageCache/com.unity.test-framework@1.4.6/UnityEngine.TestRunner/NUnitExtensions/Commands/BeforeAfterTestCommandBase.cs:187)
UnityEngine.TestTools.RetryCommand/<ExecuteEnumerable>d__2:MoveNext () (at ./Library/PackageCache/com.unity.test-framework@1.4.6/UnityEngine.TestRunner/NUnitExtensions/Commands/RetryCommand.cs:37)
UnityEngine.TestTools.RepeatCommand/<ExecuteEnumerable>d__2:MoveNext () (at ./Library/PackageCache/com.unity.test-framework@1.4.6/UnityEngine.TestRunner/NUnitExtensions/Commands/RepeatCommand.cs:36)
UnityEngine.TestTools.IgnoreTestCommand/<ExecuteEnumerable>d__3:MoveNext () (at ./Library/PackageCache/com.unity.test-framework@1.4.6/UnityEngine.TestRunner/NUnitExtensions/Commands/IgnoreTestCommand.cs:42)
UnityEngine.TestTools.StrictCheckCommand/<ExecuteEnumerable>d__2:MoveNext () (at ./Library/PackageCache/com.unity.test-framework@1.4.6/UnityEngine.TestRunner/NUnitExtensions/Commands/StrictCheckCommand.cs:29)
UnityEngine.TestRunner.NUnitExtensions.Runner.DefaultTestWorkItem/<PerformWork>d__2:MoveNext () (at ./Library/PackageCache/com.unity.test-framework@1.4.6/UnityEngine.TestRunner/NUnitExtensions/Runner/DefaultTestWorkItem.cs:50)
UnityEngine.TestRunner.NUnitExtensions.Runner.CompositeWorkItem/<RunChildren>d__16:MoveNext () (at ./Library/PackageCache/com.unity.test-framework@1.4.6/UnityEngine.TestRunner/NUnitExtensions/Runner/CompositeWorkItem.cs:197)
UnityEngine.TestRunner.NUnitExtensions.Runner.CompositeWorkItem/<PerformWork>d__12:MoveNext () (at ./Library/PackageCache/com.unity.test-framework@1.4.6/UnityEngine.TestRunner/NUnitExtensions/Runner/CompositeWorkItem.cs:76)
UnityEngine.TestRunner.NUnitExtensions.Runner.CompositeWorkItem/<RunChildren>d__16:MoveNext () (at ./Library/PackageCache/com.unity.test-framework@1.4.6/UnityEngine.TestRunner/NUnitExtensions/Runner/CompositeWorkItem.cs:197)
UnityEngine.TestRunner.NUnitExtensions.Runner.CompositeWorkItem/<PerformWork>d__12:MoveNext () (at ./Library/PackageCache/com.unity.test-framework@1.4.6/UnityEngine.TestRunner/NUnitExtensions/Runner/CompositeWorkItem.cs:76)
UnityEngine.TestRunner.NUnitExtensions.Runner.CompositeWorkItem/<RunChildren>d__16:MoveNext () (at ./Library/PackageCache/com.unity.test-framework@1.4.6/UnityEngine.TestRunner/NUnitExtensions/Runner/CompositeWorkItem.cs:197)
UnityEngine.TestRunner.NUnitExtensions.Runner.CompositeWorkItem/<PerformWork>d__12:MoveNext () (at ./Library/PackageCache/com.unity.test-framework@1.4.6/UnityEngine.TestRunner/NUnitExtensions/Runner/CompositeWorkItem.cs:76)
UnityEngine.TestRunner.NUnitExtensions.Runner.CompositeWorkItem/<RunChildren>d__16:MoveNext () (at ./Library/PackageCache/com.unity.test-framework@1.4.6/UnityEngine.TestRunner/NUnitExtensions/Runner/CompositeWorkItem.cs:197)
UnityEngine.TestRunner.NUnitExtensions.Runner.CompositeWorkItem/<PerformWork>d__12:MoveNext () (at ./Library/PackageCache/com.unity.test-framework@1.4.6/UnityEngine.TestRunner/NUnitExtensions/Runner/CompositeWorkItem.cs:76)
UnityEngine.TestRunner.NUnitExtensions.Runner.CompositeWorkItem/<RunChildren>d__16:MoveNext () (at ./Library/PackageCache/com.unity.test-framework@1.4.6/UnityEngine.TestRunner/NUnitExtensions/Runner/CompositeWorkItem.cs:197)
UnityEngine.TestRunner.NUnitExtensions.Runner.CompositeWorkItem/<PerformWork>d__12:MoveNext () (at ./Library/PackageCache/com.unity.test-framework@1.4.6/UnityEngine.TestRunner/NUnitExtensions/Runner/CompositeWorkItem.cs:76)
UnityEngine.TestRunner.NUnitExtensions.Runner.CompositeWorkItem/<RunChildren>d__16:MoveNext () (at ./Library/PackageCache/com.unity.test-framework@1.4.6/UnityEngine.TestRunner/NUnitExtensions/Runner/CompositeWorkItem.cs:197)
UnityEngine.TestRunner.NUnitExtensions.Runner.CompositeWorkItem/<PerformWork>d__12:MoveNext () (at ./Library/PackageCache/com.unity.test-framework@1.4.6/UnityEngine.TestRunner/NUnitExtensions/Runner/CompositeWorkItem.cs:76)
UnityEditor.TestTools.TestRunner.EditModeRunner:MoveNextAndUpdateYieldObject () (at ./Library/PackageCache/com.unity.test-framework@1.4.6/UnityEditor.TestRunner/TestRunner/EditModeRunner.cs:167)
UnityEditor.TestTools.TestRunner.EditModeRunner:TestConsumer (UnityEditor.TestTools.TestRunner.TestRunnerStateSerializer) (at ./Library/PackageCache/com.unity.test-framework@1.4.6/UnityEditor.TestRunner/TestRunner/EditModeRunner.cs:200)
UnityEditor.TestTools.TestRunner.TestRun.Tasks.EditModeRunTask/<Execute>d__1:MoveNext () (at ./Library/PackageCache/com.unity.test-framework@1.4.6/UnityEditor.TestRunner/TestRun/Tasks/EditModeRunTask.cs:48)
UnityEditor.TestTools.TestRunner.TestRun.TestJobRunner:ExecuteStep () (at ./Library/PackageCache/com.unity.test-framework@1.4.6/UnityEditor.TestRunner/TestRun/TestJobRunner.cs:173)
UnityEditor.TestTools.TestRunner.TestRun.TestJobRunner:ExecuteCallback () (at ./Library/PackageCache/com.unity.test-framework@1.4.6/UnityEditor.TestRunner/TestRun/TestJobRunner.cs:108)
UnityEditor.EditorApplication:Internal_CallUpdateFunctions ()

(Filename: ./Library/PackageCache/com.besty.unity-skills@f6f09e6bb0/Editor/Skills/WorkflowManager.cs Line: 699)

<color=#E091FF>[UnitySkills]</color> Session ended: <b>86e528ef-2975-4e6c-afdf-81a5201a7775</b>
UnityEngine.StackTraceUtility:ExtractStackTrace ()
UnityEngine.DebugLogHandler:LogFormat (UnityEngine.LogType,UnityEngine.Object,string,object[])
UnityEngine.Logger:Log (UnityEngine.LogType,object)
UnityEngine.Debug:Log (object)
UnitySkills.WorkflowManager:EndSession () (at ./Library/PackageCache/com.besty.unity-skills@f6f09e6bb0/Editor/Skills/WorkflowManager.cs:717)
UnitySkills.BatchJobService:EndWorkflowSession (UnitySkills.BatchJobService/RuntimeJobContext) (at ./Library/PackageCache/com.besty.unity-skills@f6f09e6bb0/Editor/Skills/BatchJobService.cs:320)
UnitySkills.BatchJobService:FinishCompletedJob (UnitySkills.BatchJobService/RuntimeJobContext) (at ./Library/PackageCache/com.besty.unity-skills@f6f09e6bb0/Editor/Skills/BatchJobService.cs:298)
UnitySkills.BatchJobService:ProcessSingleJob (UnitySkills.BatchJobService/RuntimeJobContext) (at ./Library/PackageCache/com.besty.unity-skills@f6f09e6bb0/Editor/Skills/BatchJobService.cs:248)
UnitySkills.BatchJobService:ProcessQueuedJobs (string) (at ./Library/PackageCache/com.besty.unity-skills@f6f09e6bb0/Editor/Skills/BatchJobService.cs:167)
UnitySkills.BatchJobService:Pump (string) (at ./Library/PackageCache/com.besty.unity-skills@f6f09e6bb0/Editor/Skills/BatchJobService.cs:125)
UnitySkills.AsyncJobService:Wait (string,int) (at ./Library/PackageCache/com.besty.unity-skills@f6f09e6bb0/Editor/Skills/AsyncJobService.cs:447)
UnitySkills.BatchSkills:JobWait (string,int) (at ./Library/PackageCache/com.besty.unity-skills@f6f09e6bb0/Editor/Skills/BatchSkills.cs:418)
UnitySkills.Tests.Core.BatchGovernanceTests:BatchCleanupTempObjects_AsyncJobCompletes () (at ./Library/PackageCache/com.besty.unity-skills@f6f09e6bb0/Tests/Editor/Core/BatchGovernanceTests.cs:102)
System.Reflection.RuntimeMethodInfo:Invoke (object,System.Reflection.BindingFlags,System.Reflection.Binder,object[],System.Globalization.CultureInfo)
System.Reflection.MethodBase:Invoke (object,object[])
NUnit.Framework.Internal.Reflect:InvokeMethod (System.Reflection.MethodInfo,object,object[])
NUnit.Framework.Internal.MethodWrapper:Invoke (object,object[])
NUnit.Framework.Internal.Commands.TestMethodCommand:RunNonAsyncTestMethod (NUnit.Framework.Internal.ITestExecutionContext)
NUnit.Framework.Internal.Commands.TestMethodCommand:RunTestMethod (NUnit.Framework.Internal.ITestExecutionContext)
NUnit.Framework.Internal.Commands.TestMethodCommand:Execute (NUnit.Framework.Internal.ITestExecutionContext)
UnityEngine.TestTools.UnityTestMethodCommand:Execute (NUnit.Framework.Internal.ITestExecutionContext) (at ./Library/PackageCache/com.unity.test-framework@1.4.6/UnityEngine.TestRunner/NUnitExtensions/Commands/UnityTestMethodCommand.cs:19)
UnityEngine.TestRunner.NUnitExtensions.Runner.UnityLogCheckDelegatingCommand/<>c__DisplayClass2_0:<Execute>b__0 () (at ./Library/PackageCache/com.unity.test-framework@1.4.6/UnityEngine.TestRunner/NUnitExtensions/Runner/UnityLogCheckDelegatingCommand.cs:24)
UnityEngine.TestRunner.NUnitExtensions.Runner.UnityLogCheckDelegatingCommand:CaptureException (NUnit.Framework.Internal.TestResult,System.Action) (at ./Library/PackageCache/com.unity.test-framework@1.4.6/UnityEngine.TestRunner/NUnitExtensions/Runner/UnityLogCheckDelegatingCommand.cs:72)
UnityEngine.TestRunner.NUnitExtensions.Runner.UnityLogCheckDelegatingCommand:ExecuteAndCheckLog (UnityEngine.TestTools.Logging.LogScope,NUnit.Framework.Internal.TestResult,System.Action) (at ./Library/PackageCache/com.unity.test-framework@1.4.6/UnityEngine.TestRunner/NUnitExtensions/Runner/UnityLogCheckDelegatingCommand.cs:83)
UnityEngine.TestRunner.NUnitExtensions.Runner.UnityLogCheckDelegatingCommand:Execute (NUnit.Framework.Internal.ITestExecutionContext) (at ./Library/PackageCache/com.unity.test-framework@1.4.6/UnityEngine.TestRunner/NUnitExtensions/Runner/UnityLogCheckDelegatingCommand.cs:24)
UnityEngine.TestRunner.NUnitExtensions.Runner.UnityLogCheckDelegatingCommand/<ExecuteEnumerable>d__3:MoveNext () (at ./Library/PackageCache/com.unity.test-framework@1.4.6/UnityEngine.TestRunner/NUnitExtensions/Runner/UnityLogCheckDelegatingCommand.cs:35)
UnityEngine.TestTools.BeforeAfterTestCommandBase`1/<ExecuteEnumerable>d__14<NUnit.Framework.ITestAction>:MoveNext () (at ./Library/PackageCache/com.unity.test-framework@1.4.6/UnityEngine.TestRunner/NUnitExtensions/Commands/BeforeAfterTestCommandBase.cs:187)
UnityEngine.TestTools.ImmediateEnumerableCommand:Execute (NUnit.Framework.Internal.ITestExecutionContext) (at ./Library/PackageCache/com.unity.test-framework@1.4.6/UnityEngine.TestRunner/NUnitExtensions/Commands/ImmediateEnumerableCommand.cs:18)
UnityEngine.TestTools.BeforeAfterTestCommandBase`1/<ExecuteEnumerable>d__14<System.Reflection.MethodInfo>:MoveNext () (at ./Library/PackageCache/com.unity.test-framework@1.4.6/UnityEngine.TestRunner/NUnitExtensions/Commands/BeforeAfterTestCommandBase.cs:194)
UnityEngine.TestTools.BeforeAfterTestCommandBase`1/<ExecuteEnumerable>d__14<System.Reflection.MethodInfo>:MoveNext () (at ./Library/PackageCache/com.unity.test-framework@1.4.6/UnityEngine.TestRunner/NUnitExtensions/Commands/BeforeAfterTestCommandBase.cs:187)
UnityEngine.TestTools.BeforeAfterTestCommandBase`1/<ExecuteEnumerable>d__14<UnityEngine.TestTools.IOuterUnityTestAction>:MoveNext () (at ./Library/PackageCache/com.unity.test-framework@1.4.6/UnityEngine.TestRunner/NUnitExtensions/Commands/BeforeAfterTestCommandBase.cs:187)
UnityEngine.TestTools.RetryCommand/<ExecuteEnumerable>d__2:MoveNext () (at ./Library/PackageCache/com.unity.test-framework@1.4.6/UnityEngine.TestRunner/NUnitExtensions/Commands/RetryCommand.cs:37)
UnityEngine.TestTools.RepeatCommand/<ExecuteEnumerable>d__2:MoveNext () (at ./Library/PackageCache/com.unity.test-framework@1.4.6/UnityEngine.TestRunner/NUnitExtensions/Commands/RepeatCommand.cs:36)
UnityEngine.TestTools.IgnoreTestCommand/<ExecuteEnumerable>d__3:MoveNext () (at ./Library/PackageCache/com.unity.test-framework@1.4.6/UnityEngine.TestRunner/NUnitExtensions/Commands/IgnoreTestCommand.cs:42)
UnityEngine.TestTools.StrictCheckCommand/<ExecuteEnumerable>d__2:MoveNext () (at ./Library/PackageCache/com.unity.test-framework@1.4.6/UnityEngine.TestRunner/NUnitExtensions/Commands/StrictCheckCommand.cs:29)
UnityEngine.TestRunner.NUnitExtensions.Runner.DefaultTestWorkItem/<PerformWork>d__2:MoveNext () (at ./Library/PackageCache/com.unity.test-framework@1.4.6/UnityEngine.TestRunner/NUnitExtensions/Runner/DefaultTestWorkItem.cs:50)
UnityEngine.TestRunner.NUnitExtensions.Runner.CompositeWorkItem/<RunChildren>d__16:MoveNext () (at ./Library/PackageCache/com.unity.test-framework@1.4.6/UnityEngine.TestRunner/NUnitExtensions/Runner/CompositeWorkItem.cs:197)
UnityEngine.TestRunner.NUnitExtensions.Runner.CompositeWorkItem/<PerformWork>d__12:MoveNext () (at ./Library/PackageCache/com.unity.test-framework@1.4.6/UnityEngine.TestRunner/NUnitExtensions/Runner/CompositeWorkItem.cs:76)
UnityEngine.TestRunner.NUnitExtensions.Runner.CompositeWorkItem/<RunChildren>d__16:MoveNext () (at ./Library/PackageCache/com.unity.test-framework@1.4.6/UnityEngine.TestRunner/NUnitExtensions/Runner/CompositeWorkItem.cs:197)
UnityEngine.TestRunner.NUnitExtensions.Runner.CompositeWorkItem/<PerformWork>d__12:MoveNext () (at ./Library/PackageCache/com.unity.test-framework@1.4.6/UnityEngine.TestRunner/NUnitExtensions/Runner/CompositeWorkItem.cs:76)
UnityEngine.TestRunner.NUnitExtensions.Runner.CompositeWorkItem/<RunChildren>d__16:MoveNext () (at ./Library/PackageCache/com.unity.test-framework@1.4.6/UnityEngine.TestRunner/NUnitExtensions/Runner/CompositeWorkItem.cs:197)
UnityEngine.TestRunner.NUnitExtensions.Runner.CompositeWorkItem/<PerformWork>d__12:MoveNext () (at ./Library/PackageCache/com.unity.test-framework@1.4.6/UnityEngine.TestRunner/NUnitExtensions/Runner/CompositeWorkItem.cs:76)
UnityEngine.TestRunner.NUnitExtensions.Runner.CompositeWorkItem/<RunChildren>d__16:MoveNext () (at ./Library/PackageCache/com.unity.test-framework@1.4.6/UnityEngine.TestRunner/NUnitExtensions/Runner/CompositeWorkItem.cs:197)
UnityEngine.TestRunner.NUnitExtensions.Runner.CompositeWorkItem/<PerformWork>d__12:MoveNext () (at ./Library/PackageCache/com.unity.test-framework@1.4.6/UnityEngine.TestRunner/NUnitExtensions/Runner/CompositeWorkItem.cs:76)
UnityEngine.TestRunner.NUnitExtensions.Runner.CompositeWorkItem/<RunChildren>d__16:MoveNext () (at ./Library/PackageCache/com.unity.test-framework@1.4.6/UnityEngine.TestRunner/NUnitExtensions/Runner/CompositeWorkItem.cs:197)
UnityEngine.TestRunner.NUnitExtensions.Runner.CompositeWorkItem/<PerformWork>d__12:MoveNext () (at ./Library/PackageCache/com.unity.test-framework@1.4.6/UnityEngine.TestRunner/NUnitExtensions/Runner/CompositeWorkItem.cs:76)
UnityEngine.TestRunner.NUnitExtensions.Runner.CompositeWorkItem/<RunChildren>d__16:MoveNext () (at ./Library/PackageCache/com.unity.test-framework@1.4.6/UnityEngine.TestRunner/NUnitExtensions/Runner/CompositeWorkItem.cs:197)
UnityEngine.TestRunner.NUnitExtensions.Runner.CompositeWorkItem/<PerformWork>d__12:MoveNext () (at ./Library/PackageCache/com.unity.test-framework@1.4.6/UnityEngine.TestRunner/NUnitExtensions/Runner/CompositeWorkItem.cs:76)
UnityEditor.TestTools.TestRunner.EditModeRunner:MoveNextAndUpdateYieldObject () (at ./Library/PackageCache/com.unity.test-framework@1.4.6/UnityEditor.TestRunner/TestRunner/EditModeRunner.cs:167)
UnityEditor.TestTools.TestRunner.EditModeRunner:TestConsumer (UnityEditor.TestTools.TestRunner.TestRunnerStateSerializer) (at ./Library/PackageCache/com.unity.test-framework@1.4.6/UnityEditor.TestRunner/TestRunner/EditModeRunner.cs:200)
UnityEditor.TestTools.TestRunner.TestRun.Tasks.EditModeRunTask/<Execute>d__1:MoveNext () (at ./Library/PackageCache/com.unity.test-framework@1.4.6/UnityEditor.TestRunner/TestRun/Tasks/EditModeRunTask.cs:48)
UnityEditor.TestTools.TestRunner.TestRun.TestJobRunner:ExecuteStep () (at ./Library/PackageCache/com.unity.test-framework@1.4.6/UnityEditor.TestRunner/TestRun/TestJobRunner.cs:173)
UnityEditor.TestTools.TestRunner.TestRun.TestJobRunner:ExecuteCallback () (at ./Library/PackageCache/com.unity.test-framework@1.4.6/UnityEditor.TestRunner/TestRun/TestJobRunner.cs:108)
UnityEditor.EditorApplication:Internal_CallUpdateFunctions ()

(Filename: ./Library/PackageCache/com.besty.unity-skills@f6f09e6bb0/Editor/Skills/WorkflowManager.cs Line: 717)

[PhysX] Initialized MultithreadedTaskDispatcher with 20 workers.
Unloading 0 Unused Serialized files (Serialized files now loaded: 0)
Unloading 0 unused Assets / (0 B). Loaded Objects now: 9375.
Memory consumption went from 214.3 MB to 214.3 MB.
Total: 6.197400 ms (FindLiveObjects: 0.239900 ms CreateObjectMapping: 0.108100 ms MarkObjects: 5.836200 ms  DeleteObjects: 0.012600 ms)

<color=#E091FF>[UnitySkills]</color> Session started: <b>603bc987-7485-4ed3-a867-bcec40593483</b>
UnityEngine.StackTraceUtility:ExtractStackTrace ()
UnityEngine.DebugLogHandler:LogFormat (UnityEngine.LogType,UnityEngine.Object,string,object[])
UnityEngine.Logger:Log (UnityEngine.LogType,object)
UnityEngine.Debug:Log (object)
UnitySkills.WorkflowManager:BeginSession (string) (at ./Library/PackageCache/com.besty.unity-skills@f6f09e6bb0/Editor/Skills/WorkflowManager.cs:699)
UnitySkills.BatchJobService:EnsureWorkflowSession (UnitySkills.BatchJobService/RuntimeJobContext) (at ./Library/PackageCache/com.besty.unity-skills@f6f09e6bb0/Editor/Skills/BatchJobService.cs:278)
UnitySkills.BatchJobService:ProcessSingleJob (UnitySkills.BatchJobService/RuntimeJobContext) (at ./Library/PackageCache/com.besty.unity-skills@f6f09e6bb0/Editor/Skills/BatchJobService.cs:191)
UnitySkills.BatchJobService:ProcessQueuedJobs (string) (at ./Library/PackageCache/com.besty.unity-skills@f6f09e6bb0/Editor/Skills/BatchJobService.cs:167)
UnitySkills.BatchJobService:Pump (string) (at ./Library/PackageCache/com.besty.unity-skills@f6f09e6bb0/Editor/Skills/BatchJobService.cs:125)
UnitySkills.BatchJobService:Wait (string,int) (at ./Library/PackageCache/com.besty.unity-skills@f6f09e6bb0/Editor/Skills/BatchJobService.cs:111)
UnitySkills.BatchSkills:BatchExecute (string,bool,int,int) (at ./Library/PackageCache/com.besty.unity-skills@f6f09e6bb0/Editor/Skills/BatchSkills.cs:219)
UnitySkills.Tests.Core.BatchGovernanceTests:BatchPreviewRename_ThenExecuteSync_RenamesObjectsAndCreatesReport () (at ./Library/PackageCache/com.besty.unity-skills@f6f09e6bb0/Tests/Editor/Core/BatchGovernanceTests.cs:59)
System.Reflection.RuntimeMethodInfo:Invoke (object,System.Reflection.BindingFlags,System.Reflection.Binder,object[],System.Globalization.CultureInfo)
System.Reflection.MethodBase:Invoke (object,object[])
NUnit.Framework.Internal.Reflect:InvokeMethod (System.Reflection.MethodInfo,object,object[])
NUnit.Framework.Internal.MethodWrapper:Invoke (object,object[])
NUnit.Framework.Internal.Commands.TestMethodCommand:RunNonAsyncTestMethod (NUnit.Framework.Internal.ITestExecutionContext)
NUnit.Framework.Internal.Commands.TestMethodCommand:RunTestMethod (NUnit.Framework.Internal.ITestExecutionContext)
NUnit.Framework.Internal.Commands.TestMethodCommand:Execute (NUnit.Framework.Internal.ITestExecutionContext)
UnityEngine.TestTools.UnityTestMethodCommand:Execute (NUnit.Framework.Internal.ITestExecutionContext) (at ./Library/PackageCache/com.unity.test-framework@1.4.6/UnityEngine.TestRunner/NUnitExtensions/Commands/UnityTestMethodCommand.cs:19)
UnityEngine.TestRunner.NUnitExtensions.Runner.UnityLogCheckDelegatingCommand/<>c__DisplayClass2_0:<Execute>b__0 () (at ./Library/PackageCache/com.unity.test-framework@1.4.6/UnityEngine.TestRunner/NUnitExtensions/Runner/UnityLogCheckDelegatingCommand.cs:24)
UnityEngine.TestRunner.NUnitExtensions.Runner.UnityLogCheckDelegatingCommand:CaptureException (NUnit.Framework.Internal.TestResult,System.Action) (at ./Library/PackageCache/com.unity.test-framework@1.4.6/UnityEngine.TestRunner/NUnitExtensions/Runner/UnityLogCheckDelegatingCommand.cs:72)
UnityEngine.TestRunner.NUnitExtensions.Runner.UnityLogCheckDelegatingCommand:ExecuteAndCheckLog (UnityEngine.TestTools.Logging.LogScope,NUnit.Framework.Internal.TestResult,System.Action) (at ./Library/PackageCache/com.unity.test-framework@1.4.6/UnityEngine.TestRunner/NUnitExtensions/Runner/UnityLogCheckDelegatingCommand.cs:83)
UnityEngine.TestRunner.NUnitExtensions.Runner.UnityLogCheckDelegatingCommand:Execute (NUnit.Framework.Internal.ITestExecutionContext) (at ./Library/PackageCache/com.unity.test-framework@1.4.6/UnityEngine.TestRunner/NUnitExtensions/Runner/UnityLogCheckDelegatingCommand.cs:24)
UnityEngine.TestRunner.NUnitExtensions.Runner.UnityLogCheckDelegatingCommand/<ExecuteEnumerable>d__3:MoveNext () (at ./Library/PackageCache/com.unity.test-framework@1.4.6/UnityEngine.TestRunner/NUnitExtensions/Runner/UnityLogCheckDelegatingCommand.cs:35)
UnityEngine.TestTools.BeforeAfterTestCommandBase`1/<ExecuteEnumerable>d__14<NUnit.Framework.ITestAction>:MoveNext () (at ./Library/PackageCache/com.unity.test-framework@1.4.6/UnityEngine.TestRunner/NUnitExtensions/Commands/BeforeAfterTestCommandBase.cs:187)
UnityEngine.TestTools.ImmediateEnumerableCommand:Execute (NUnit.Framework.Internal.ITestExecutionContext) (at ./Library/PackageCache/com.unity.test-framework@1.4.6/UnityEngine.TestRunner/NUnitExtensions/Commands/ImmediateEnumerableCommand.cs:18)
UnityEngine.TestTools.BeforeAfterTestCommandBase`1/<ExecuteEnumerable>d__14<System.Reflection.MethodInfo>:MoveNext () (at ./Library/PackageCache/com.unity.test-framework@1.4.6/UnityEngine.TestRunner/NUnitExtensions/Commands/BeforeAfterTestCommandBase.cs:194)
UnityEngine.TestTools.BeforeAfterTestCommandBase`1/<ExecuteEnumerable>d__14<System.Reflection.MethodInfo>:MoveNext () (at ./Library/PackageCache/com.unity.test-framework@1.4.6/UnityEngine.TestRunner/NUnitExtensions/Commands/BeforeAfterTestCommandBase.cs:187)
UnityEngine.TestTools.BeforeAfterTestCommandBase`1/<ExecuteEnumerable>d__14<UnityEngine.TestTools.IOuterUnityTestAction>:MoveNext () (at ./Library/PackageCache/com.unity.test-framework@1.4.6/UnityEngine.TestRunner/NUnitExtensions/Commands/BeforeAfterTestCommandBase.cs:187)
UnityEngine.TestTools.RetryCommand/<ExecuteEnumerable>d__2:MoveNext () (at ./Library/PackageCache/com.unity.test-framework@1.4.6/UnityEngine.TestRunner/NUnitExtensions/Commands/RetryCommand.cs:37)
UnityEngine.TestTools.RepeatCommand/<ExecuteEnumerable>d__2:MoveNext () (at ./Library/PackageCache/com.unity.test-framework@1.4.6/UnityEngine.TestRunner/NUnitExtensions/Commands/RepeatCommand.cs:36)
UnityEngine.TestTools.IgnoreTestCommand/<ExecuteEnumerable>d__3:MoveNext () (at ./Library/PackageCache/com.unity.test-framework@1.4.6/UnityEngine.TestRunner/NUnitExtensions/Commands/IgnoreTestCommand.cs:42)
UnityEngine.TestTools.StrictCheckCommand/<ExecuteEnumerable>d__2:MoveNext () (at ./Library/PackageCache/com.unity.test-framework@1.4.6/UnityEngine.TestRunner/NUnitExtensions/Commands/StrictCheckCommand.cs:29)
UnityEngine.TestRunner.NUnitExtensions.Runner.DefaultTestWorkItem/<PerformWork>d__2:MoveNext () (at ./Library/PackageCache/com.unity.test-framework@1.4.6/UnityEngine.TestRunner/NUnitExtensions/Runner/DefaultTestWorkItem.cs:50)
UnityEngine.TestRunner.NUnitExtensions.Runner.CompositeWorkItem/<RunChildren>d__16:MoveNext () (at ./Library/PackageCache/com.unity.test-framework@1.4.6/UnityEngine.TestRunner/NUnitExtensions/Runner/CompositeWorkItem.cs:197)
UnityEngine.TestRunner.NUnitExtensions.Runner.CompositeWorkItem/<PerformWork>d__12:MoveNext () (at ./Library/PackageCache/com.unity.test-framework@1.4.6/UnityEngine.TestRunner/NUnitExtensions/Runner/CompositeWorkItem.cs:76)
UnityEngine.TestRunner.NUnitExtensions.Runner.CompositeWorkItem/<RunChildren>d__16:MoveNext () (at ./Library/PackageCache/com.unity.test-framework@1.4.6/UnityEngine.TestRunner/NUnitExtensions/Runner/CompositeWorkItem.cs:197)
UnityEngine.TestRunner.NUnitExtensions.Runner.CompositeWorkItem/<PerformWork>d__12:MoveNext () (at ./Library/PackageCache/com.unity.test-framework@1.4.6/UnityEngine.TestRunner/NUnitExtensions/Runner/CompositeWorkItem.cs:76)
UnityEngine.TestRunner.NUnitExtensions.Runner.CompositeWorkItem/<RunChildren>d__16:MoveNext () (at ./Library/PackageCache/com.unity.test-framework@1.4.6/UnityEngine.TestRunner/NUnitExtensions/Runner/CompositeWorkItem.cs:197)
UnityEngine.TestRunner.NUnitExtensions.Runner.CompositeWorkItem/<PerformWork>d__12:MoveNext () (at ./Library/PackageCache/com.unity.test-framework@1.4.6/UnityEngine.TestRunner/NUnitExtensions/Runner/CompositeWorkItem.cs:76)
UnityEngine.TestRunner.NUnitExtensions.Runner.CompositeWorkItem/<RunChildren>d__16:MoveNext () (at ./Library/PackageCache/com.unity.test-framework@1.4.6/UnityEngine.TestRunner/NUnitExtensions/Runner/CompositeWorkItem.cs:197)
UnityEngine.TestRunner.NUnitExtensions.Runner.CompositeWorkItem/<PerformWork>d__12:MoveNext () (at ./Library/PackageCache/com.unity.test-framework@1.4.6/UnityEngine.TestRunner/NUnitExtensions/Runner/CompositeWorkItem.cs:76)
UnityEngine.TestRunner.NUnitExtensions.Runner.CompositeWorkItem/<RunChildren>d__16:MoveNext () (at ./Library/PackageCache/com.unity.test-framework@1.4.6/UnityEngine.TestRunner/NUnitExtensions/Runner/CompositeWorkItem.cs:197)
UnityEngine.TestRunner.NUnitExtensions.Runner.CompositeWorkItem/<PerformWork>d__12:MoveNext () (at ./Library/PackageCache/com.unity.test-framework@1.4.6/UnityEngine.TestRunner/NUnitExtensions/Runner/CompositeWorkItem.cs:76)
UnityEngine.TestRunner.NUnitExtensions.Runner.CompositeWorkItem/<RunChildren>d__16:MoveNext () (at ./Library/PackageCache/com.unity.test-framework@1.4.6/UnityEngine.TestRunner/NUnitExtensions/Runner/CompositeWorkItem.cs:197)
UnityEngine.TestRunner.NUnitExtensions.Runner.CompositeWorkItem/<PerformWork>d__12:MoveNext () (at ./Library/PackageCache/com.unity.test-framework@1.4.6/UnityEngine.TestRunner/NUnitExtensions/Runner/CompositeWorkItem.cs:76)
UnityEditor.TestTools.TestRunner.EditModeRunner:MoveNextAndUpdateYieldObject () (at ./Library/PackageCache/com.unity.test-framework@1.4.6/UnityEditor.TestRunner/TestRunner/EditModeRunner.cs:167)
UnityEditor.TestTools.TestRunner.EditModeRunner:TestConsumer (UnityEditor.TestTools.TestRunner.TestRunnerStateSerializer) (at ./Library/PackageCache/com.unity.test-framework@1.4.6/UnityEditor.TestRunner/TestRunner/EditModeRunner.cs:200)
UnityEditor.TestTools.TestRunner.TestRun.Tasks.EditModeRunTask/<Execute>d__1:MoveNext () (at ./Library/PackageCache/com.unity.test-framework@1.4.6/UnityEditor.TestRunner/TestRun/Tasks/EditModeRunTask.cs:48)
UnityEditor.TestTools.TestRunner.TestRun.TestJobRunner:ExecuteStep () (at ./Library/PackageCache/com.unity.test-framework@1.4.6/UnityEditor.TestRunner/TestRun/TestJobRunner.cs:173)
UnityEditor.TestTools.TestRunner.TestRun.TestJobRunner:ExecuteCallback () (at ./Library/PackageCache/com.unity.test-framework@1.4.6/UnityEditor.TestRunner/TestRun/TestJobRunner.cs:108)
UnityEditor.EditorApplication:Internal_CallUpdateFunctions ()

(Filename: ./Library/PackageCache/com.besty.unity-skills@f6f09e6bb0/Editor/Skills/WorkflowManager.cs Line: 699)

<color=#E091FF>[UnitySkills]</color> Session ended: <b>603bc987-7485-4ed3-a867-bcec40593483</b>
UnityEngine.StackTraceUtility:ExtractStackTrace ()
UnityEngine.DebugLogHandler:LogFormat (UnityEngine.LogType,UnityEngine.Object,string,object[])
UnityEngine.Logger:Log (UnityEngine.LogType,object)
UnityEngine.Debug:Log (object)
UnitySkills.WorkflowManager:EndSession () (at ./Library/PackageCache/com.besty.unity-skills@f6f09e6bb0/Editor/Skills/WorkflowManager.cs:717)
UnitySkills.BatchJobService:EndWorkflowSession (UnitySkills.BatchJobService/RuntimeJobContext) (at ./Library/PackageCache/com.besty.unity-skills@f6f09e6bb0/Editor/Skills/BatchJobService.cs:320)
UnitySkills.BatchJobService:FinishCompletedJob (UnitySkills.BatchJobService/RuntimeJobContext) (at ./Library/PackageCache/com.besty.unity-skills@f6f09e6bb0/Editor/Skills/BatchJobService.cs:298)
UnitySkills.BatchJobService:ProcessSingleJob (UnitySkills.BatchJobService/RuntimeJobContext) (at ./Library/PackageCache/com.besty.unity-skills@f6f09e6bb0/Editor/Skills/BatchJobService.cs:248)
UnitySkills.BatchJobService:ProcessQueuedJobs (string) (at ./Library/PackageCache/com.besty.unity-skills@f6f09e6bb0/Editor/Skills/BatchJobService.cs:167)
UnitySkills.BatchJobService:Pump (string) (at ./Library/PackageCache/com.besty.unity-skills@f6f09e6bb0/Editor/Skills/BatchJobService.cs:125)
UnitySkills.BatchJobService:Wait (string,int) (at ./Library/PackageCache/com.besty.unity-skills@f6f09e6bb0/Editor/Skills/BatchJobService.cs:111)
UnitySkills.BatchSkills:BatchExecute (string,bool,int,int) (at ./Library/PackageCache/com.besty.unity-skills@f6f09e6bb0/Editor/Skills/BatchSkills.cs:219)
UnitySkills.Tests.Core.BatchGovernanceTests:BatchPreviewRename_ThenExecuteSync_RenamesObjectsAndCreatesReport () (at ./Library/PackageCache/com.besty.unity-skills@f6f09e6bb0/Tests/Editor/Core/BatchGovernanceTests.cs:59)
System.Reflection.RuntimeMethodInfo:Invoke (object,System.Reflection.BindingFlags,System.Reflection.Binder,object[],System.Globalization.CultureInfo)
System.Reflection.MethodBase:Invoke (object,object[])
NUnit.Framework.Internal.Reflect:InvokeMethod (System.Reflection.MethodInfo,object,object[])
NUnit.Framework.Internal.MethodWrapper:Invoke (object,object[])
NUnit.Framework.Internal.Commands.TestMethodCommand:RunNonAsyncTestMethod (NUnit.Framework.Internal.ITestExecutionContext)
NUnit.Framework.Internal.Commands.TestMethodCommand:RunTestMethod (NUnit.Framework.Internal.ITestExecutionContext)
NUnit.Framework.Internal.Commands.TestMethodCommand:Execute (NUnit.Framework.Internal.ITestExecutionContext)
UnityEngine.TestTools.UnityTestMethodCommand:Execute (NUnit.Framework.Internal.ITestExecutionContext) (at ./Library/PackageCache/com.unity.test-framework@1.4.6/UnityEngine.TestRunner/NUnitExtensions/Commands/UnityTestMethodCommand.cs:19)
UnityEngine.TestRunner.NUnitExtensions.Runner.UnityLogCheckDelegatingCommand/<>c__DisplayClass2_0:<Execute>b__0 () (at ./Library/PackageCache/com.unity.test-framework@1.4.6/UnityEngine.TestRunner/NUnitExtensions/Runner/UnityLogCheckDelegatingCommand.cs:24)
UnityEngine.TestRunner.NUnitExtensions.Runner.UnityLogCheckDelegatingCommand:CaptureException (NUnit.Framework.Internal.TestResult,System.Action) (at ./Library/PackageCache/com.unity.test-framework@1.4.6/UnityEngine.TestRunner/NUnitExtensions/Runner/UnityLogCheckDelegatingCommand.cs:72)
UnityEngine.TestRunner.NUnitExtensions.Runner.UnityLogCheckDelegatingCommand:ExecuteAndCheckLog (UnityEngine.TestTools.Logging.LogScope,NUnit.Framework.Internal.TestResult,System.Action) (at ./Library/PackageCache/com.unity.test-framework@1.4.6/UnityEngine.TestRunner/NUnitExtensions/Runner/UnityLogCheckDelegatingCommand.cs:83)
UnityEngine.TestRunner.NUnitExtensions.Runner.UnityLogCheckDelegatingCommand:Execute (NUnit.Framework.Internal.ITestExecutionContext) (at ./Library/PackageCache/com.unity.test-framework@1.4.6/UnityEngine.TestRunner/NUnitExtensions/Runner/UnityLogCheckDelegatingCommand.cs:24)
UnityEngine.TestRunner.NUnitExtensions.Runner.UnityLogCheckDelegatingCommand/<ExecuteEnumerable>d__3:MoveNext () (at ./Library/PackageCache/com.unity.test-framework@1.4.6/UnityEngine.TestRunner/NUnitExtensions/Runner/UnityLogCheckDelegatingCommand.cs:35)
UnityEngine.TestTools.BeforeAfterTestCommandBase`1/<ExecuteEnumerable>d__14<NUnit.Framework.ITestAction>:MoveNext () (at ./Library/PackageCache/com.unity.test-framework@1.4.6/UnityEngine.TestRunner/NUnitExtensions/Commands/BeforeAfterTestCommandBase.cs:187)
UnityEngine.TestTools.ImmediateEnumerableCommand:Execute (NUnit.Framework.Internal.ITestExecutionContext) (at ./Library/PackageCache/com.unity.test-framework@1.4.6/UnityEngine.TestRunner/NUnitExtensions/Commands/ImmediateEnumerableCommand.cs:18)
UnityEngine.TestTools.BeforeAfterTestCommandBase`1/<ExecuteEnumerable>d__14<System.Reflection.MethodInfo>:MoveNext () (at ./Library/PackageCache/com.unity.test-framework@1.4.6/UnityEngine.TestRunner/NUnitExtensions/Commands/BeforeAfterTestCommandBase.cs:194)
UnityEngine.TestTools.BeforeAfterTestCommandBase`1/<ExecuteEnumerable>d__14<System.Reflection.MethodInfo>:MoveNext () (at ./Library/PackageCache/com.unity.test-framework@1.4.6/UnityEngine.TestRunner/NUnitExtensions/Commands/BeforeAfterTestCommandBase.cs:187)
UnityEngine.TestTools.BeforeAfterTestCommandBase`1/<ExecuteEnumerable>d__14<UnityEngine.TestTools.IOuterUnityTestAction>:MoveNext () (at ./Library/PackageCache/com.unity.test-framework@1.4.6/UnityEngine.TestRunner/NUnitExtensions/Commands/BeforeAfterTestCommandBase.cs:187)
UnityEngine.TestTools.RetryCommand/<ExecuteEnumerable>d__2:MoveNext () (at ./Library/PackageCache/com.unity.test-framework@1.4.6/UnityEngine.TestRunner/NUnitExtensions/Commands/RetryCommand.cs:37)
UnityEngine.TestTools.RepeatCommand/<ExecuteEnumerable>d__2:MoveNext () (at ./Library/PackageCache/com.unity.test-framework@1.4.6/UnityEngine.TestRunner/NUnitExtensions/Commands/RepeatCommand.cs:36)
UnityEngine.TestTools.IgnoreTestCommand/<ExecuteEnumerable>d__3:MoveNext () (at ./Library/PackageCache/com.unity.test-framework@1.4.6/UnityEngine.TestRunner/NUnitExtensions/Commands/IgnoreTestCommand.cs:42)
UnityEngine.TestTools.StrictCheckCommand/<ExecuteEnumerable>d__2:MoveNext () (at ./Library/PackageCache/com.unity.test-framework@1.4.6/UnityEngine.TestRunner/NUnitExtensions/Commands/StrictCheckCommand.cs:29)
UnityEngine.TestRunner.NUnitExtensions.Runner.DefaultTestWorkItem/<PerformWork>d__2:MoveNext () (at ./Library/PackageCache/com.unity.test-framework@1.4.6/UnityEngine.TestRunner/NUnitExtensions/Runner/DefaultTestWorkItem.cs:50)
UnityEngine.TestRunner.NUnitExtensions.Runner.CompositeWorkItem/<RunChildren>d__16:MoveNext () (at ./Library/PackageCache/com.unity.test-framework@1.4.6/UnityEngine.TestRunner/NUnitExtensions/Runner/CompositeWorkItem.cs:197)
UnityEngine.TestRunner.NUnitExtensions.Runner.CompositeWorkItem/<PerformWork>d__12:MoveNext () (at ./Library/PackageCache/com.unity.test-framework@1.4.6/UnityEngine.TestRunner/NUnitExtensions/Runner/CompositeWorkItem.cs:76)
UnityEngine.TestRunner.NUnitExtensions.Runner.CompositeWorkItem/<RunChildren>d__16:MoveNext () (at ./Library/PackageCache/com.unity.test-framework@1.4.6/UnityEngine.TestRunner/NUnitExtensions/Runner/CompositeWorkItem.cs:197)
UnityEngine.TestRunner.NUnitExtensions.Runner.CompositeWorkItem/<PerformWork>d__12:MoveNext () (at ./Library/PackageCache/com.unity.test-framework@1.4.6/UnityEngine.TestRunner/NUnitExtensions/Runner/CompositeWorkItem.cs:76)
UnityEngine.TestRunner.NUnitExtensions.Runner.CompositeWorkItem/<RunChildren>d__16:MoveNext () (at ./Library/PackageCache/com.unity.test-framework@1.4.6/UnityEngine.TestRunner/NUnitExtensions/Runner/CompositeWorkItem.cs:197)
UnityEngine.TestRunner.NUnitExtensions.Runner.CompositeWorkItem/<PerformWork>d__12:MoveNext () (at ./Library/PackageCache/com.unity.test-framework@1.4.6/UnityEngine.TestRunner/NUnitExtensions/Runner/CompositeWorkItem.cs:76)
UnityEngine.TestRunner.NUnitExtensions.Runner.CompositeWorkItem/<RunChildren>d__16:MoveNext () (at ./Library/PackageCache/com.unity.test-framework@1.4.6/UnityEngine.TestRunner/NUnitExtensions/Runner/CompositeWorkItem.cs:197)
UnityEngine.TestRunner.NUnitExtensions.Runner.CompositeWorkItem/<PerformWork>d__12:MoveNext () (at ./Library/PackageCache/com.unity.test-framework@1.4.6/UnityEngine.TestRunner/NUnitExtensions/Runner/CompositeWorkItem.cs:76)
UnityEngine.TestRunner.NUnitExtensions.Runner.CompositeWorkItem/<RunChildren>d__16:MoveNext () (at ./Library/PackageCache/com.unity.test-framework@1.4.6/UnityEngine.TestRunner/NUnitExtensions/Runner/CompositeWorkItem.cs:197)
UnityEngine.TestRunner.NUnitExtensions.Runner.CompositeWorkItem/<PerformWork>d__12:MoveNext () (at ./Library/PackageCache/com.unity.test-framework@1.4.6/UnityEngine.TestRunner/NUnitExtensions/Runner/CompositeWorkItem.cs:76)
UnityEngine.TestRunner.NUnitExtensions.Runner.CompositeWorkItem/<RunChildren>d__16:MoveNext () (at ./Library/PackageCache/com.unity.test-framework@1.4.6/UnityEngine.TestRunner/NUnitExtensions/Runner/CompositeWorkItem.cs:197)
UnityEngine.TestRunner.NUnitExtensions.Runner.CompositeWorkItem/<PerformWork>d__12:MoveNext () (at ./Library/PackageCache/com.unity.test-framework@1.4.6/UnityEngine.TestRunner/NUnitExtensions/Runner/CompositeWorkItem.cs:76)
UnityEditor.TestTools.TestRunner.EditModeRunner:MoveNextAndUpdateYieldObject () (at ./Library/PackageCache/com.unity.test-framework@1.4.6/UnityEditor.TestRunner/TestRunner/EditModeRunner.cs:167)
UnityEditor.TestTools.TestRunner.EditModeRunner:TestConsumer (UnityEditor.TestTools.TestRunner.TestRunnerStateSerializer) (at ./Library/PackageCache/com.unity.test-framework@1.4.6/UnityEditor.TestRunner/TestRunner/EditModeRunner.cs:200)
UnityEditor.TestTools.TestRunner.TestRun.Tasks.EditModeRunTask/<Execute>d__1:MoveNext () (at ./Library/PackageCache/com.unity.test-framework@1.4.6/UnityEditor.TestRunner/TestRun/Tasks/EditModeRunTask.cs:48)
UnityEditor.TestTools.TestRunner.TestRun.TestJobRunner:ExecuteStep () (at ./Library/PackageCache/com.unity.test-framework@1.4.6/UnityEditor.TestRunner/TestRun/TestJobRunner.cs:173)
UnityEditor.TestTools.TestRunner.TestRun.TestJobRunner:ExecuteCallback () (at ./Library/PackageCache/com.unity.test-framework@1.4.6/UnityEditor.TestRunner/TestRun/TestJobRunner.cs:108)
UnityEditor.EditorApplication:Internal_CallUpdateFunctions ()

(Filename: ./Library/PackageCache/com.besty.unity-skills@f6f09e6bb0/Editor/Skills/WorkflowManager.cs Line: 717)

[PhysX] Initialized MultithreadedTaskDispatcher with 20 workers.
Unloading 0 Unused Serialized files (Serialized files now loaded: 0)
Unloading 0 unused Assets / (0 B). Loaded Objects now: 9375.
Memory consumption went from 214.3 MB to 214.3 MB.
Total: 6.754100 ms (FindLiveObjects: 0.271500 ms CreateObjectMapping: 0.122400 ms MarkObjects: 6.342400 ms  DeleteObjects: 0.017200 ms)

[PhysX] Initialized MultithreadedTaskDispatcher with 20 workers.
Unloading 0 Unused Serialized files (Serialized files now loaded: 0)
Unloading 0 unused Assets / (0 B). Loaded Objects now: 9375.
Memory consumption went from 214.3 MB to 214.3 MB.
Total: 6.954800 ms (FindLiveObjects: 0.250000 ms CreateObjectMapping: 0.107600 ms MarkObjects: 6.579700 ms  DeleteObjects: 0.016500 ms)

[PhysX] Initialized MultithreadedTaskDispatcher with 20 workers.
Unloading 0 Unused Serialized files (Serialized files now loaded: 0)
Unloading 0 unused Assets / (0 B). Loaded Objects now: 9375.
Memory consumption went from 215.8 MB to 215.8 MB.
Total: 6.717200 ms (FindLiveObjects: 0.310700 ms CreateObjectMapping: 0.159100 ms MarkObjects: 6.232300 ms  DeleteObjects: 0.014000 ms)

[PhysX] Initialized MultithreadedTaskDispatcher with 20 workers.
Unloading 0 Unused Serialized files (Serialized files now loaded: 0)
Unloading 0 unused Assets / (0 B). Loaded Objects now: 9375.
Memory consumption went from 215.8 MB to 215.8 MB.
Total: 7.218900 ms (FindLiveObjects: 0.260300 ms CreateObjectMapping: 0.117700 ms MarkObjects: 6.827000 ms  DeleteObjects: 0.013400 ms)

[PhysX] Initialized MultithreadedTaskDispatcher with 20 workers.
Unloading 0 Unused Serialized files (Serialized files now loaded: 0)
Unloading 0 unused Assets / (0 B). Loaded Objects now: 9375.
Memory consumption went from 215.8 MB to 215.8 MB.
Total: 8.036800 ms (FindLiveObjects: 0.283300 ms CreateObjectMapping: 0.152000 ms MarkObjects: 7.578300 ms  DeleteObjects: 0.022100 ms)

[PhysX] Initialized MultithreadedTaskDispatcher with 20 workers.
Unloading 0 Unused Serialized files (Serialized files now loaded: 0)
Unloading 0 unused Assets / (0 B). Loaded Objects now: 9375.
Memory consumption went from 215.8 MB to 215.8 MB.
Total: 6.357600 ms (FindLiveObjects: 0.253000 ms CreateObjectMapping: 0.106500 ms MarkObjects: 5.959600 ms  DeleteObjects: 0.037700 ms)

<color=#E091FF>[UnitySkills]</color> Session started: <b>7f5c3993-20d3-4226-a3f2-3e6ba603d29a</b>
UnityEngine.StackTraceUtility:ExtractStackTrace ()
UnityEngine.DebugLogHandler:LogFormat (UnityEngine.LogType,UnityEngine.Object,string,object[])
UnityEngine.Logger:Log (UnityEngine.LogType,object)
UnityEngine.Debug:Log (object)
UnitySkills.WorkflowManager:BeginSession (string) (at ./Library/PackageCache/com.besty.unity-skills@f6f09e6bb0/Editor/Skills/WorkflowManager.cs:699)
UnitySkills.BatchJobService:EnsureWorkflowSession (UnitySkills.BatchJobService/RuntimeJobContext) (at ./Library/PackageCache/com.besty.unity-skills@f6f09e6bb0/Editor/Skills/BatchJobService.cs:278)
UnitySkills.BatchJobService:ProcessSingleJob (UnitySkills.BatchJobService/RuntimeJobContext) (at ./Library/PackageCache/com.besty.unity-skills@f6f09e6bb0/Editor/Skills/BatchJobService.cs:191)
UnitySkills.BatchJobService:ProcessQueuedJobs (string) (at ./Library/PackageCache/com.besty.unity-skills@f6f09e6bb0/Editor/Skills/BatchJobService.cs:167)
UnitySkills.BatchJobService:Pump (string) (at ./Library/PackageCache/com.besty.unity-skills@f6f09e6bb0/Editor/Skills/BatchJobService.cs:125)
UnitySkills.BatchJobService:Wait (string,int) (at ./Library/PackageCache/com.besty.unity-skills@f6f09e6bb0/Editor/Skills/BatchJobService.cs:111)
UnitySkills.BatchSkills:BatchRetryFailed (string,bool,int) (at ./Library/PackageCache/com.besty.unity-skills@f6f09e6bb0/Editor/Skills/BatchSkills.cs:608)
UnitySkills.Tests.Core.BatchGovernanceTests:BatchRetryFailed_ReplaysStoredOperationContext () (at ./Library/PackageCache/com.besty.unity-skills@f6f09e6bb0/Tests/Editor/Core/BatchGovernanceTests.cs:212)
System.Reflection.RuntimeMethodInfo:Invoke (object,System.Reflection.BindingFlags,System.Reflection.Binder,object[],System.Globalization.CultureInfo)
System.Reflection.MethodBase:Invoke (object,object[])
NUnit.Framework.Internal.Reflect:InvokeMethod (System.Reflection.MethodInfo,object,object[])
NUnit.Framework.Internal.MethodWrapper:Invoke (object,object[])
NUnit.Framework.Internal.Commands.TestMethodCommand:RunNonAsyncTestMethod (NUnit.Framework.Internal.ITestExecutionContext)
NUnit.Framework.Internal.Commands.TestMethodCommand:RunTestMethod (NUnit.Framework.Internal.ITestExecutionContext)
NUnit.Framework.Internal.Commands.TestMethodCommand:Execute (NUnit.Framework.Internal.ITestExecutionContext)
UnityEngine.TestTools.UnityTestMethodCommand:Execute (NUnit.Framework.Internal.ITestExecutionContext) (at ./Library/PackageCache/com.unity.test-framework@1.4.6/UnityEngine.TestRunner/NUnitExtensions/Commands/UnityTestMethodCommand.cs:19)
UnityEngine.TestRunner.NUnitExtensions.Runner.UnityLogCheckDelegatingCommand/<>c__DisplayClass2_0:<Execute>b__0 () (at ./Library/PackageCache/com.unity.test-framework@1.4.6/UnityEngine.TestRunner/NUnitExtensions/Runner/UnityLogCheckDelegatingCommand.cs:24)
UnityEngine.TestRunner.NUnitExtensions.Runner.UnityLogCheckDelegatingCommand:CaptureException (NUnit.Framework.Internal.TestResult,System.Action) (at ./Library/PackageCache/com.unity.test-framework@1.4.6/UnityEngine.TestRunner/NUnitExtensions/Runner/UnityLogCheckDelegatingCommand.cs:72)
UnityEngine.TestRunner.NUnitExtensions.Runner.UnityLogCheckDelegatingCommand:ExecuteAndCheckLog (UnityEngine.TestTools.Logging.LogScope,NUnit.Framework.Internal.TestResult,System.Action) (at ./Library/PackageCache/com.unity.test-framework@1.4.6/UnityEngine.TestRunner/NUnitExtensions/Runner/UnityLogCheckDelegatingCommand.cs:83)
UnityEngine.TestRunner.NUnitExtensions.Runner.UnityLogCheckDelegatingCommand:Execute (NUnit.Framework.Internal.ITestExecutionContext) (at ./Library/PackageCache/com.unity.test-framework@1.4.6/UnityEngine.TestRunner/NUnitExtensions/Runner/UnityLogCheckDelegatingCommand.cs:24)
UnityEngine.TestRunner.NUnitExtensions.Runner.UnityLogCheckDelegatingCommand/<ExecuteEnumerable>d__3:MoveNext () (at ./Library/PackageCache/com.unity.test-framework@1.4.6/UnityEngine.TestRunner/NUnitExtensions/Runner/UnityLogCheckDelegatingCommand.cs:35)
UnityEngine.TestTools.BeforeAfterTestCommandBase`1/<ExecuteEnumerable>d__14<NUnit.Framework.ITestAction>:MoveNext () (at ./Library/PackageCache/com.unity.test-framework@1.4.6/UnityEngine.TestRunner/NUnitExtensions/Commands/BeforeAfterTestCommandBase.cs:187)
UnityEngine.TestTools.ImmediateEnumerableCommand:Execute (NUnit.Framework.Internal.ITestExecutionContext) (at ./Library/PackageCache/com.unity.test-framework@1.4.6/UnityEngine.TestRunner/NUnitExtensions/Commands/ImmediateEnumerableCommand.cs:18)
UnityEngine.TestTools.BeforeAfterTestCommandBase`1/<ExecuteEnumerable>d__14<System.Reflection.MethodInfo>:MoveNext () (at ./Library/PackageCache/com.unity.test-framework@1.4.6/UnityEngine.TestRunner/NUnitExtensions/Commands/BeforeAfterTestCommandBase.cs:194)
UnityEngine.TestTools.BeforeAfterTestCommandBase`1/<ExecuteEnumerable>d__14<System.Reflection.MethodInfo>:MoveNext () (at ./Library/PackageCache/com.unity.test-framework@1.4.6/UnityEngine.TestRunner/NUnitExtensions/Commands/BeforeAfterTestCommandBase.cs:187)
UnityEngine.TestTools.BeforeAfterTestCommandBase`1/<ExecuteEnumerable>d__14<UnityEngine.TestTools.IOuterUnityTestAction>:MoveNext () (at ./Library/PackageCache/com.unity.test-framework@1.4.6/UnityEngine.TestRunner/NUnitExtensions/Commands/BeforeAfterTestCommandBase.cs:187)
UnityEngine.TestTools.RetryCommand/<ExecuteEnumerable>d__2:MoveNext () (at ./Library/PackageCache/com.unity.test-framework@1.4.6/UnityEngine.TestRunner/NUnitExtensions/Commands/RetryCommand.cs:37)
UnityEngine.TestTools.RepeatCommand/<ExecuteEnumerable>d__2:MoveNext () (at ./Library/PackageCache/com.unity.test-framework@1.4.6/UnityEngine.TestRunner/NUnitExtensions/Commands/RepeatCommand.cs:36)
UnityEngine.TestTools.IgnoreTestCommand/<ExecuteEnumerable>d__3:MoveNext () (at ./Library/PackageCache/com.unity.test-framework@1.4.6/UnityEngine.TestRunner/NUnitExtensions/Commands/IgnoreTestCommand.cs:42)
UnityEngine.TestTools.StrictCheckCommand/<ExecuteEnumerable>d__2:MoveNext () (at ./Library/PackageCache/com.unity.test-framework@1.4.6/UnityEngine.TestRunner/NUnitExtensions/Commands/StrictCheckCommand.cs:29)
UnityEngine.TestRunner.NUnitExtensions.Runner.DefaultTestWorkItem/<PerformWork>d__2:MoveNext () (at ./Library/PackageCache/com.unity.test-framework@1.4.6/UnityEngine.TestRunner/NUnitExtensions/Runner/DefaultTestWorkItem.cs:50)
UnityEngine.TestRunner.NUnitExtensions.Runner.CompositeWorkItem/<RunChildren>d__16:MoveNext () (at ./Library/PackageCache/com.unity.test-framework@1.4.6/UnityEngine.TestRunner/NUnitExtensions/Runner/CompositeWorkItem.cs:197)
UnityEngine.TestRunner.NUnitExtensions.Runner.CompositeWorkItem/<PerformWork>d__12:MoveNext () (at ./Library/PackageCache/com.unity.test-framework@1.4.6/UnityEngine.TestRunner/NUnitExtensions/Runner/CompositeWorkItem.cs:76)
UnityEngine.TestRunner.NUnitExtensions.Runner.CompositeWorkItem/<RunChildren>d__16:MoveNext () (at ./Library/PackageCache/com.unity.test-framework@1.4.6/UnityEngine.TestRunner/NUnitExtensions/Runner/CompositeWorkItem.cs:197)
UnityEngine.TestRunner.NUnitExtensions.Runner.CompositeWorkItem/<PerformWork>d__12:MoveNext () (at ./Library/PackageCache/com.unity.test-framework@1.4.6/UnityEngine.TestRunner/NUnitExtensions/Runner/CompositeWorkItem.cs:76)
UnityEngine.TestRunner.NUnitExtensions.Runner.CompositeWorkItem/<RunChildren>d__16:MoveNext () (at ./Library/PackageCache/com.unity.test-framework@1.4.6/UnityEngine.TestRunner/NUnitExtensions/Runner/CompositeWorkItem.cs:197)
UnityEngine.TestRunner.NUnitExtensions.Runner.CompositeWorkItem/<PerformWork>d__12:MoveNext () (at ./Library/PackageCache/com.unity.test-framework@1.4.6/UnityEngine.TestRunner/NUnitExtensions/Runner/CompositeWorkItem.cs:76)
UnityEngine.TestRunner.NUnitExtensions.Runner.CompositeWorkItem/<RunChildren>d__16:MoveNext () (at ./Library/PackageCache/com.unity.test-framework@1.4.6/UnityEngine.TestRunner/NUnitExtensions/Runner/CompositeWorkItem.cs:197)
UnityEngine.TestRunner.NUnitExtensions.Runner.CompositeWorkItem/<PerformWork>d__12:MoveNext () (at ./Library/PackageCache/com.unity.test-framework@1.4.6/UnityEngine.TestRunner/NUnitExtensions/Runner/CompositeWorkItem.cs:76)
UnityEngine.TestRunner.NUnitExtensions.Runner.CompositeWorkItem/<RunChildren>d__16:MoveNext () (at ./Library/PackageCache/com.unity.test-framework@1.4.6/UnityEngine.TestRunner/NUnitExtensions/Runner/CompositeWorkItem.cs:197)
UnityEngine.TestRunner.NUnitExtensions.Runner.CompositeWorkItem/<PerformWork>d__12:MoveNext () (at ./Library/PackageCache/com.unity.test-framework@1.4.6/UnityEngine.TestRunner/NUnitExtensions/Runner/CompositeWorkItem.cs:76)
UnityEngine.TestRunner.NUnitExtensions.Runner.CompositeWorkItem/<RunChildren>d__16:MoveNext () (at ./Library/PackageCache/com.unity.test-framework@1.4.6/UnityEngine.TestRunner/NUnitExtensions/Runner/CompositeWorkItem.cs:197)
UnityEngine.TestRunner.NUnitExtensions.Runner.CompositeWorkItem/<PerformWork>d__12:MoveNext () (at ./Library/PackageCache/com.unity.test-framework@1.4.6/UnityEngine.TestRunner/NUnitExtensions/Runner/CompositeWorkItem.cs:76)
UnityEditor.TestTools.TestRunner.EditModeRunner:MoveNextAndUpdateYieldObject () (at ./Library/PackageCache/com.unity.test-framework@1.4.6/UnityEditor.TestRunner/TestRunner/EditModeRunner.cs:167)
UnityEditor.TestTools.TestRunner.EditModeRunner:TestConsumer (UnityEditor.TestTools.TestRunner.TestRunnerStateSerializer) (at ./Library/PackageCache/com.unity.test-framework@1.4.6/UnityEditor.TestRunner/TestRunner/EditModeRunner.cs:200)
UnityEditor.TestTools.TestRunner.TestRun.Tasks.EditModeRunTask/<Execute>d__1:MoveNext () (at ./Library/PackageCache/com.unity.test-framework@1.4.6/UnityEditor.TestRunner/TestRun/Tasks/EditModeRunTask.cs:48)
UnityEditor.TestTools.TestRunner.TestRun.TestJobRunner:ExecuteStep () (at ./Library/PackageCache/com.unity.test-framework@1.4.6/UnityEditor.TestRunner/TestRun/TestJobRunner.cs:173)
UnityEditor.TestTools.TestRunner.TestRun.TestJobRunner:ExecuteCallback () (at ./Library/PackageCache/com.unity.test-framework@1.4.6/UnityEditor.TestRunner/TestRun/TestJobRunner.cs:108)
UnityEditor.EditorApplication:Internal_CallUpdateFunctions ()

(Filename: ./Library/PackageCache/com.besty.unity-skills@f6f09e6bb0/Editor/Skills/WorkflowManager.cs Line: 699)

<color=#E091FF>[UnitySkills]</color> Session ended: <b>7f5c3993-20d3-4226-a3f2-3e6ba603d29a</b>
UnityEngine.StackTraceUtility:ExtractStackTrace ()
UnityEngine.DebugLogHandler:LogFormat (UnityEngine.LogType,UnityEngine.Object,string,object[])
UnityEngine.Logger:Log (UnityEngine.LogType,object)
UnityEngine.Debug:Log (object)
UnitySkills.WorkflowManager:EndSession () (at ./Library/PackageCache/com.besty.unity-skills@f6f09e6bb0/Editor/Skills/WorkflowManager.cs:717)
UnitySkills.BatchJobService:EndWorkflowSession (UnitySkills.BatchJobService/RuntimeJobContext) (at ./Library/PackageCache/com.besty.unity-skills@f6f09e6bb0/Editor/Skills/BatchJobService.cs:320)
UnitySkills.BatchJobService:FinishCompletedJob (UnitySkills.BatchJobService/RuntimeJobContext) (at ./Library/PackageCache/com.besty.unity-skills@f6f09e6bb0/Editor/Skills/BatchJobService.cs:298)
UnitySkills.BatchJobService:ProcessSingleJob (UnitySkills.BatchJobService/RuntimeJobContext) (at ./Library/PackageCache/com.besty.unity-skills@f6f09e6bb0/Editor/Skills/BatchJobService.cs:248)
UnitySkills.BatchJobService:ProcessQueuedJobs (string) (at ./Library/PackageCache/com.besty.unity-skills@f6f09e6bb0/Editor/Skills/BatchJobService.cs:167)
UnitySkills.BatchJobService:Pump (string) (at ./Library/PackageCache/com.besty.unity-skills@f6f09e6bb0/Editor/Skills/BatchJobService.cs:125)
UnitySkills.BatchJobService:Wait (string,int) (at ./Library/PackageCache/com.besty.unity-skills@f6f09e6bb0/Editor/Skills/BatchJobService.cs:111)
UnitySkills.BatchSkills:BatchRetryFailed (string,bool,int) (at ./Library/PackageCache/com.besty.unity-skills@f6f09e6bb0/Editor/Skills/BatchSkills.cs:608)
UnitySkills.Tests.Core.BatchGovernanceTests:BatchRetryFailed_ReplaysStoredOperationContext () (at ./Library/PackageCache/com.besty.unity-skills@f6f09e6bb0/Tests/Editor/Core/BatchGovernanceTests.cs:212)
System.Reflection.RuntimeMethodInfo:Invoke (object,System.Reflection.BindingFlags,System.Reflection.Binder,object[],System.Globalization.CultureInfo)
System.Reflection.MethodBase:Invoke (object,object[])
NUnit.Framework.Internal.Reflect:InvokeMethod (System.Reflection.MethodInfo,object,object[])
NUnit.Framework.Internal.MethodWrapper:Invoke (object,object[])
NUnit.Framework.Internal.Commands.TestMethodCommand:RunNonAsyncTestMethod (NUnit.Framework.Internal.ITestExecutionContext)
NUnit.Framework.Internal.Commands.TestMethodCommand:RunTestMethod (NUnit.Framework.Internal.ITestExecutionContext)
NUnit.Framework.Internal.Commands.TestMethodCommand:Execute (NUnit.Framework.Internal.ITestExecutionContext)
UnityEngine.TestTools.UnityTestMethodCommand:Execute (NUnit.Framework.Internal.ITestExecutionContext) (at ./Library/PackageCache/com.unity.test-framework@1.4.6/UnityEngine.TestRunner/NUnitExtensions/Commands/UnityTestMethodCommand.cs:19)
UnityEngine.TestRunner.NUnitExtensions.Runner.UnityLogCheckDelegatingCommand/<>c__DisplayClass2_0:<Execute>b__0 () (at ./Library/PackageCache/com.unity.test-framework@1.4.6/UnityEngine.TestRunner/NUnitExtensions/Runner/UnityLogCheckDelegatingCommand.cs:24)
UnityEngine.TestRunner.NUnitExtensions.Runner.UnityLogCheckDelegatingCommand:CaptureException (NUnit.Framework.Internal.TestResult,System.Action) (at ./Library/PackageCache/com.unity.test-framework@1.4.6/UnityEngine.TestRunner/NUnitExtensions/Runner/UnityLogCheckDelegatingCommand.cs:72)
UnityEngine.TestRunner.NUnitExtensions.Runner.UnityLogCheckDelegatingCommand:ExecuteAndCheckLog (UnityEngine.TestTools.Logging.LogScope,NUnit.Framework.Internal.TestResult,System.Action) (at ./Library/PackageCache/com.unity.test-framework@1.4.6/UnityEngine.TestRunner/NUnitExtensions/Runner/UnityLogCheckDelegatingCommand.cs:83)
UnityEngine.TestRunner.NUnitExtensions.Runner.UnityLogCheckDelegatingCommand:Execute (NUnit.Framework.Internal.ITestExecutionContext) (at ./Library/PackageCache/com.unity.test-framework@1.4.6/UnityEngine.TestRunner/NUnitExtensions/Runner/UnityLogCheckDelegatingCommand.cs:24)
UnityEngine.TestRunner.NUnitExtensions.Runner.UnityLogCheckDelegatingCommand/<ExecuteEnumerable>d__3:MoveNext () (at ./Library/PackageCache/com.unity.test-framework@1.4.6/UnityEngine.TestRunner/NUnitExtensions/Runner/UnityLogCheckDelegatingCommand.cs:35)
UnityEngine.TestTools.BeforeAfterTestCommandBase`1/<ExecuteEnumerable>d__14<NUnit.Framework.ITestAction>:MoveNext () (at ./Library/PackageCache/com.unity.test-framework@1.4.6/UnityEngine.TestRunner/NUnitExtensions/Commands/BeforeAfterTestCommandBase.cs:187)
UnityEngine.TestTools.ImmediateEnumerableCommand:Execute (NUnit.Framework.Internal.ITestExecutionContext) (at ./Library/PackageCache/com.unity.test-framework@1.4.6/UnityEngine.TestRunner/NUnitExtensions/Commands/ImmediateEnumerableCommand.cs:18)
UnityEngine.TestTools.BeforeAfterTestCommandBase`1/<ExecuteEnumerable>d__14<System.Reflection.MethodInfo>:MoveNext () (at ./Library/PackageCache/com.unity.test-framework@1.4.6/UnityEngine.TestRunner/NUnitExtensions/Commands/BeforeAfterTestCommandBase.cs:194)
UnityEngine.TestTools.BeforeAfterTestCommandBase`1/<ExecuteEnumerable>d__14<System.Reflection.MethodInfo>:MoveNext () (at ./Library/PackageCache/com.unity.test-framework@1.4.6/UnityEngine.TestRunner/NUnitExtensions/Commands/BeforeAfterTestCommandBase.cs:187)
UnityEngine.TestTools.BeforeAfterTestCommandBase`1/<ExecuteEnumerable>d__14<UnityEngine.TestTools.IOuterUnityTestAction>:MoveNext () (at ./Library/PackageCache/com.unity.test-framework@1.4.6/UnityEngine.TestRunner/NUnitExtensions/Commands/BeforeAfterTestCommandBase.cs:187)
UnityEngine.TestTools.RetryCommand/<ExecuteEnumerable>d__2:MoveNext () (at ./Library/PackageCache/com.unity.test-framework@1.4.6/UnityEngine.TestRunner/NUnitExtensions/Commands/RetryCommand.cs:37)
UnityEngine.TestTools.RepeatCommand/<ExecuteEnumerable>d__2:MoveNext () (at ./Library/PackageCache/com.unity.test-framework@1.4.6/UnityEngine.TestRunner/NUnitExtensions/Commands/RepeatCommand.cs:36)
UnityEngine.TestTools.IgnoreTestCommand/<ExecuteEnumerable>d__3:MoveNext () (at ./Library/PackageCache/com.unity.test-framework@1.4.6/UnityEngine.TestRunner/NUnitExtensions/Commands/IgnoreTestCommand.cs:42)
UnityEngine.TestTools.StrictCheckCommand/<ExecuteEnumerable>d__2:MoveNext () (at ./Library/PackageCache/com.unity.test-framework@1.4.6/UnityEngine.TestRunner/NUnitExtensions/Commands/StrictCheckCommand.cs:29)
UnityEngine.TestRunner.NUnitExtensions.Runner.DefaultTestWorkItem/<PerformWork>d__2:MoveNext () (at ./Library/PackageCache/com.unity.test-framework@1.4.6/UnityEngine.TestRunner/NUnitExtensions/Runner/DefaultTestWorkItem.cs:50)
UnityEngine.TestRunner.NUnitExtensions.Runner.CompositeWorkItem/<RunChildren>d__16:MoveNext () (at ./Library/PackageCache/com.unity.test-framework@1.4.6/UnityEngine.TestRunner/NUnitExtensions/Runner/CompositeWorkItem.cs:197)
UnityEngine.TestRunner.NUnitExtensions.Runner.CompositeWorkItem/<PerformWork>d__12:MoveNext () (at ./Library/PackageCache/com.unity.test-framework@1.4.6/UnityEngine.TestRunner/NUnitExtensions/Runner/CompositeWorkItem.cs:76)
UnityEngine.TestRunner.NUnitExtensions.Runner.CompositeWorkItem/<RunChildren>d__16:MoveNext () (at ./Library/PackageCache/com.unity.test-framework@1.4.6/UnityEngine.TestRunner/NUnitExtensions/Runner/CompositeWorkItem.cs:197)
UnityEngine.TestRunner.NUnitExtensions.Runner.CompositeWorkItem/<PerformWork>d__12:MoveNext () (at ./Library/PackageCache/com.unity.test-framework@1.4.6/UnityEngine.TestRunner/NUnitExtensions/Runner/CompositeWorkItem.cs:76)
UnityEngine.TestRunner.NUnitExtensions.Runner.CompositeWorkItem/<RunChildren>d__16:MoveNext () (at ./Library/PackageCache/com.unity.test-framework@1.4.6/UnityEngine.TestRunner/NUnitExtensions/Runner/CompositeWorkItem.cs:197)
UnityEngine.TestRunner.NUnitExtensions.Runner.CompositeWorkItem/<PerformWork>d__12:MoveNext () (at ./Library/PackageCache/com.unity.test-framework@1.4.6/UnityEngine.TestRunner/NUnitExtensions/Runner/CompositeWorkItem.cs:76)
UnityEngine.TestRunner.NUnitExtensions.Runner.CompositeWorkItem/<RunChildren>d__16:MoveNext () (at ./Library/PackageCache/com.unity.test-framework@1.4.6/UnityEngine.TestRunner/NUnitExtensions/Runner/CompositeWorkItem.cs:197)
UnityEngine.TestRunner.NUnitExtensions.Runner.CompositeWorkItem/<PerformWork>d__12:MoveNext () (at ./Library/PackageCache/com.unity.test-framework@1.4.6/UnityEngine.TestRunner/NUnitExtensions/Runner/CompositeWorkItem.cs:76)
UnityEngine.TestRunner.NUnitExtensions.Runner.CompositeWorkItem/<RunChildren>d__16:MoveNext () (at ./Library/PackageCache/com.unity.test-framework@1.4.6/UnityEngine.TestRunner/NUnitExtensions/Runner/CompositeWorkItem.cs:197)
UnityEngine.TestRunner.NUnitExtensions.Runner.CompositeWorkItem/<PerformWork>d__12:MoveNext () (at ./Library/PackageCache/com.unity.test-framework@1.4.6/UnityEngine.TestRunner/NUnitExtensions/Runner/CompositeWorkItem.cs:76)
UnityEngine.TestRunner.NUnitExtensions.Runner.CompositeWorkItem/<RunChildren>d__16:MoveNext () (at ./Library/PackageCache/com.unity.test-framework@1.4.6/UnityEngine.TestRunner/NUnitExtensions/Runner/CompositeWorkItem.cs:197)
UnityEngine.TestRunner.NUnitExtensions.Runner.CompositeWorkItem/<PerformWork>d__12:MoveNext () (at ./Library/PackageCache/com.unity.test-framework@1.4.6/UnityEngine.TestRunner/NUnitExtensions/Runner/CompositeWorkItem.cs:76)
UnityEditor.TestTools.TestRunner.EditModeRunner:MoveNextAndUpdateYieldObject () (at ./Library/PackageCache/com.unity.test-framework@1.4.6/UnityEditor.TestRunner/TestRunner/EditModeRunner.cs:167)
UnityEditor.TestTools.TestRunner.EditModeRunner:TestConsumer (UnityEditor.TestTools.TestRunner.TestRunnerStateSerializer) (at ./Library/PackageCache/com.unity.test-framework@1.4.6/UnityEditor.TestRunner/TestRunner/EditModeRunner.cs:200)
UnityEditor.TestTools.TestRunner.TestRun.Tasks.EditModeRunTask/<Execute>d__1:MoveNext () (at ./Library/PackageCache/com.unity.test-framework@1.4.6/UnityEditor.TestRunner/TestRun/Tasks/EditModeRunTask.cs:48)
UnityEditor.TestTools.TestRunner.TestRun.TestJobRunner:ExecuteStep () (at ./Library/PackageCache/com.unity.test-framework@1.4.6/UnityEditor.TestRunner/TestRun/TestJobRunner.cs:173)
UnityEditor.TestTools.TestRunner.TestRun.TestJobRunner:ExecuteCallback () (at ./Library/PackageCache/com.unity.test-framework@1.4.6/UnityEditor.TestRunner/TestRun/TestJobRunner.cs:108)
UnityEditor.EditorApplication:Internal_CallUpdateFunctions ()

(Filename: ./Library/PackageCache/com.besty.unity-skills@f6f09e6bb0/Editor/Skills/WorkflowManager.cs Line: 717)

[PhysX] Initialized MultithreadedTaskDispatcher with 20 workers.
Unloading 0 Unused Serialized files (Serialized files now loaded: 0)
Unloading 0 unused Assets / (0 B). Loaded Objects now: 9375.
Memory consumption went from 215.8 MB to 215.8 MB.
Total: 7.482600 ms (FindLiveObjects: 0.294100 ms CreateObjectMapping: 0.366100 ms MarkObjects: 6.808000 ms  DeleteObjects: 0.013700 ms)

<color=#E091FF>[UnitySkills]</color> Session started: <b>d8d19928-e3a3-477c-a46b-b032999f7fd3</b>
UnityEngine.StackTraceUtility:ExtractStackTrace ()
UnityEngine.DebugLogHandler:LogFormat (UnityEngine.LogType,UnityEngine.Object,string,object[])
UnityEngine.Logger:Log (UnityEngine.LogType,object)
UnityEngine.Debug:Log (object)
UnitySkills.WorkflowManager:BeginSession (string) (at ./Library/PackageCache/com.besty.unity-skills@f6f09e6bb0/Editor/Skills/WorkflowManager.cs:699)
UnitySkills.BatchJobService:EnsureWorkflowSession (UnitySkills.BatchJobService/RuntimeJobContext) (at ./Library/PackageCache/com.besty.unity-skills@f6f09e6bb0/Editor/Skills/BatchJobService.cs:278)
UnitySkills.BatchJobService:ProcessSingleJob (UnitySkills.BatchJobService/RuntimeJobContext) (at ./Library/PackageCache/com.besty.unity-skills@f6f09e6bb0/Editor/Skills/BatchJobService.cs:191)
UnitySkills.BatchJobService:ProcessQueuedJobs (string) (at ./Library/PackageCache/com.besty.unity-skills@f6f09e6bb0/Editor/Skills/BatchJobService.cs:167)
UnitySkills.BatchJobService:Pump (string) (at ./Library/PackageCache/com.besty.unity-skills@f6f09e6bb0/Editor/Skills/BatchJobService.cs:125)
UnitySkills.BatchJobService:Wait (string,int) (at ./Library/PackageCache/com.besty.unity-skills@f6f09e6bb0/Editor/Skills/BatchJobService.cs:111)
UnitySkills.BatchSkills:BatchExecute (string,bool,int,int) (at ./Library/PackageCache/com.besty.unity-skills@f6f09e6bb0/Editor/Skills/BatchSkills.cs:219)
UnitySkills.Tests.Core.BatchGovernanceTests:BatchRetryFailed_WithNoFailedItems_ReturnsZeroCount () (at ./Library/PackageCache/com.besty.unity-skills@f6f09e6bb0/Tests/Editor/Core/BatchGovernanceTests.cs:161)
System.Reflection.RuntimeMethodInfo:Invoke (object,System.Reflection.BindingFlags,System.Reflection.Binder,object[],System.Globalization.CultureInfo)
System.Reflection.MethodBase:Invoke (object,object[])
NUnit.Framework.Internal.Reflect:InvokeMethod (System.Reflection.MethodInfo,object,object[])
NUnit.Framework.Internal.MethodWrapper:Invoke (object,object[])
NUnit.Framework.Internal.Commands.TestMethodCommand:RunNonAsyncTestMethod (NUnit.Framework.Internal.ITestExecutionContext)
NUnit.Framework.Internal.Commands.TestMethodCommand:RunTestMethod (NUnit.Framework.Internal.ITestExecutionContext)
NUnit.Framework.Internal.Commands.TestMethodCommand:Execute (NUnit.Framework.Internal.ITestExecutionContext)
UnityEngine.TestTools.UnityTestMethodCommand:Execute (NUnit.Framework.Internal.ITestExecutionContext) (at ./Library/PackageCache/com.unity.test-framework@1.4.6/UnityEngine.TestRunner/NUnitExtensions/Commands/UnityTestMethodCommand.cs:19)
UnityEngine.TestRunner.NUnitExtensions.Runner.UnityLogCheckDelegatingCommand/<>c__DisplayClass2_0:<Execute>b__0 () (at ./Library/PackageCache/com.unity.test-framework@1.4.6/UnityEngine.TestRunner/NUnitExtensions/Runner/UnityLogCheckDelegatingCommand.cs:24)
UnityEngine.TestRunner.NUnitExtensions.Runner.UnityLogCheckDelegatingCommand:CaptureException (NUnit.Framework.Internal.TestResult,System.Action) (at ./Library/PackageCache/com.unity.test-framework@1.4.6/UnityEngine.TestRunner/NUnitExtensions/Runner/UnityLogCheckDelegatingCommand.cs:72)
UnityEngine.TestRunner.NUnitExtensions.Runner.UnityLogCheckDelegatingCommand:ExecuteAndCheckLog (UnityEngine.TestTools.Logging.LogScope,NUnit.Framework.Internal.TestResult,System.Action) (at ./Library/PackageCache/com.unity.test-framework@1.4.6/UnityEngine.TestRunner/NUnitExtensions/Runner/UnityLogCheckDelegatingCommand.cs:83)
UnityEngine.TestRunner.NUnitExtensions.Runner.UnityLogCheckDelegatingCommand:Execute (NUnit.Framework.Internal.ITestExecutionContext) (at ./Library/PackageCache/com.unity.test-framework@1.4.6/UnityEngine.TestRunner/NUnitExtensions/Runner/UnityLogCheckDelegatingCommand.cs:24)
UnityEngine.TestRunner.NUnitExtensions.Runner.UnityLogCheckDelegatingCommand/<ExecuteEnumerable>d__3:MoveNext () (at ./Library/PackageCache/com.unity.test-framework@1.4.6/UnityEngine.TestRunner/NUnitExtensions/Runner/UnityLogCheckDelegatingCommand.cs:35)
UnityEngine.TestTools.BeforeAfterTestCommandBase`1/<ExecuteEnumerable>d__14<NUnit.Framework.ITestAction>:MoveNext () (at ./Library/PackageCache/com.unity.test-framework@1.4.6/UnityEngine.TestRunner/NUnitExtensions/Commands/BeforeAfterTestCommandBase.cs:187)
UnityEngine.TestTools.ImmediateEnumerableCommand:Execute (NUnit.Framework.Internal.ITestExecutionContext) (at ./Library/PackageCache/com.unity.test-framework@1.4.6/UnityEngine.TestRunner/NUnitExtensions/Commands/ImmediateEnumerableCommand.cs:18)
UnityEngine.TestTools.BeforeAfterTestCommandBase`1/<ExecuteEnumerable>d__14<System.Reflection.MethodInfo>:MoveNext () (at ./Library/PackageCache/com.unity.test-framework@1.4.6/UnityEngine.TestRunner/NUnitExtensions/Commands/BeforeAfterTestCommandBase.cs:194)
UnityEngine.TestTools.BeforeAfterTestCommandBase`1/<ExecuteEnumerable>d__14<System.Reflection.MethodInfo>:MoveNext () (at ./Library/PackageCache/com.unity.test-framework@1.4.6/UnityEngine.TestRunner/NUnitExtensions/Commands/BeforeAfterTestCommandBase.cs:187)
UnityEngine.TestTools.BeforeAfterTestCommandBase`1/<ExecuteEnumerable>d__14<UnityEngine.TestTools.IOuterUnityTestAction>:MoveNext () (at ./Library/PackageCache/com.unity.test-framework@1.4.6/UnityEngine.TestRunner/NUnitExtensions/Commands/BeforeAfterTestCommandBase.cs:187)
UnityEngine.TestTools.RetryCommand/<ExecuteEnumerable>d__2:MoveNext () (at ./Library/PackageCache/com.unity.test-framework@1.4.6/UnityEngine.TestRunner/NUnitExtensions/Commands/RetryCommand.cs:37)
UnityEngine.TestTools.RepeatCommand/<ExecuteEnumerable>d__2:MoveNext () (at ./Library/PackageCache/com.unity.test-framework@1.4.6/UnityEngine.TestRunner/NUnitExtensions/Commands/RepeatCommand.cs:36)
UnityEngine.TestTools.IgnoreTestCommand/<ExecuteEnumerable>d__3:MoveNext () (at ./Library/PackageCache/com.unity.test-framework@1.4.6/UnityEngine.TestRunner/NUnitExtensions/Commands/IgnoreTestCommand.cs:42)
UnityEngine.TestTools.StrictCheckCommand/<ExecuteEnumerable>d__2:MoveNext () (at ./Library/PackageCache/com.unity.test-framework@1.4.6/UnityEngine.TestRunner/NUnitExtensions/Commands/StrictCheckCommand.cs:29)
UnityEngine.TestRunner.NUnitExtensions.Runner.DefaultTestWorkItem/<PerformWork>d__2:MoveNext () (at ./Library/PackageCache/com.unity.test-framework@1.4.6/UnityEngine.TestRunner/NUnitExtensions/Runner/DefaultTestWorkItem.cs:50)
UnityEngine.TestRunner.NUnitExtensions.Runner.CompositeWorkItem/<RunChildren>d__16:MoveNext () (at ./Library/PackageCache/com.unity.test-framework@1.4.6/UnityEngine.TestRunner/NUnitExtensions/Runner/CompositeWorkItem.cs:197)
UnityEngine.TestRunner.NUnitExtensions.Runner.CompositeWorkItem/<PerformWork>d__12:MoveNext () (at ./Library/PackageCache/com.unity.test-framework@1.4.6/UnityEngine.TestRunner/NUnitExtensions/Runner/CompositeWorkItem.cs:76)
UnityEngine.TestRunner.NUnitExtensions.Runner.CompositeWorkItem/<RunChildren>d__16:MoveNext () (at ./Library/PackageCache/com.unity.test-framework@1.4.6/UnityEngine.TestRunner/NUnitExtensions/Runner/CompositeWorkItem.cs:197)
UnityEngine.TestRunner.NUnitExtensions.Runner.CompositeWorkItem/<PerformWork>d__12:MoveNext () (at ./Library/PackageCache/com.unity.test-framework@1.4.6/UnityEngine.TestRunner/NUnitExtensions/Runner/CompositeWorkItem.cs:76)
UnityEngine.TestRunner.NUnitExtensions.Runner.CompositeWorkItem/<RunChildren>d__16:MoveNext () (at ./Library/PackageCache/com.unity.test-framework@1.4.6/UnityEngine.TestRunner/NUnitExtensions/Runner/CompositeWorkItem.cs:197)
UnityEngine.TestRunner.NUnitExtensions.Runner.CompositeWorkItem/<PerformWork>d__12:MoveNext () (at ./Library/PackageCache/com.unity.test-framework@1.4.6/UnityEngine.TestRunner/NUnitExtensions/Runner/CompositeWorkItem.cs:76)
UnityEngine.TestRunner.NUnitExtensions.Runner.CompositeWorkItem/<RunChildren>d__16:MoveNext () (at ./Library/PackageCache/com.unity.test-framework@1.4.6/UnityEngine.TestRunner/NUnitExtensions/Runner/CompositeWorkItem.cs:197)
UnityEngine.TestRunner.NUnitExtensions.Runner.CompositeWorkItem/<PerformWork>d__12:MoveNext () (at ./Library/PackageCache/com.unity.test-framework@1.4.6/UnityEngine.TestRunner/NUnitExtensions/Runner/CompositeWorkItem.cs:76)
UnityEngine.TestRunner.NUnitExtensions.Runner.CompositeWorkItem/<RunChildren>d__16:MoveNext () (at ./Library/PackageCache/com.unity.test-framework@1.4.6/UnityEngine.TestRunner/NUnitExtensions/Runner/CompositeWorkItem.cs:197)
UnityEngine.TestRunner.NUnitExtensions.Runner.CompositeWorkItem/<PerformWork>d__12:MoveNext () (at ./Library/PackageCache/com.unity.test-framework@1.4.6/UnityEngine.TestRunner/NUnitExtensions/Runner/CompositeWorkItem.cs:76)
UnityEngine.TestRunner.NUnitExtensions.Runner.CompositeWorkItem/<RunChildren>d__16:MoveNext () (at ./Library/PackageCache/com.unity.test-framework@1.4.6/UnityEngine.TestRunner/NUnitExtensions/Runner/CompositeWorkItem.cs:197)
UnityEngine.TestRunner.NUnitExtensions.Runner.CompositeWorkItem/<PerformWork>d__12:MoveNext () (at ./Library/PackageCache/com.unity.test-framework@1.4.6/UnityEngine.TestRunner/NUnitExtensions/Runner/CompositeWorkItem.cs:76)
UnityEditor.TestTools.TestRunner.EditModeRunner:MoveNextAndUpdateYieldObject () (at ./Library/PackageCache/com.unity.test-framework@1.4.6/UnityEditor.TestRunner/TestRunner/EditModeRunner.cs:167)
UnityEditor.TestTools.TestRunner.EditModeRunner:TestConsumer (UnityEditor.TestTools.TestRunner.TestRunnerStateSerializer) (at ./Library/PackageCache/com.unity.test-framework@1.4.6/UnityEditor.TestRunner/TestRunner/EditModeRunner.cs:200)
UnityEditor.TestTools.TestRunner.TestRun.Tasks.EditModeRunTask/<Execute>d__1:MoveNext () (at ./Library/PackageCache/com.unity.test-framework@1.4.6/UnityEditor.TestRunner/TestRun/Tasks/EditModeRunTask.cs:48)
UnityEditor.TestTools.TestRunner.TestRun.TestJobRunner:ExecuteStep () (at ./Library/PackageCache/com.unity.test-framework@1.4.6/UnityEditor.TestRunner/TestRun/TestJobRunner.cs:173)
UnityEditor.TestTools.TestRunner.TestRun.TestJobRunner:ExecuteCallback () (at ./Library/PackageCache/com.unity.test-framework@1.4.6/UnityEditor.TestRunner/TestRun/TestJobRunner.cs:108)
UnityEditor.EditorApplication:Internal_CallUpdateFunctions ()

(Filename: ./Library/PackageCache/com.besty.unity-skills@f6f09e6bb0/Editor/Skills/WorkflowManager.cs Line: 699)

<color=#E091FF>[UnitySkills]</color> Session ended: <b>d8d19928-e3a3-477c-a46b-b032999f7fd3</b>
UnityEngine.StackTraceUtility:ExtractStackTrace ()
UnityEngine.DebugLogHandler:LogFormat (UnityEngine.LogType,UnityEngine.Object,string,object[])
UnityEngine.Logger:Log (UnityEngine.LogType,object)
UnityEngine.Debug:Log (object)
UnitySkills.WorkflowManager:EndSession () (at ./Library/PackageCache/com.besty.unity-skills@f6f09e6bb0/Editor/Skills/WorkflowManager.cs:717)
UnitySkills.BatchJobService:EndWorkflowSession (UnitySkills.BatchJobService/RuntimeJobContext) (at ./Library/PackageCache/com.besty.unity-skills@f6f09e6bb0/Editor/Skills/BatchJobService.cs:320)
UnitySkills.BatchJobService:FinishCompletedJob (UnitySkills.BatchJobService/RuntimeJobContext) (at ./Library/PackageCache/com.besty.unity-skills@f6f09e6bb0/Editor/Skills/BatchJobService.cs:298)
UnitySkills.BatchJobService:ProcessSingleJob (UnitySkills.BatchJobService/RuntimeJobContext) (at ./Library/PackageCache/com.besty.unity-skills@f6f09e6bb0/Editor/Skills/BatchJobService.cs:248)
UnitySkills.BatchJobService:ProcessQueuedJobs (string) (at ./Library/PackageCache/com.besty.unity-skills@f6f09e6bb0/Editor/Skills/BatchJobService.cs:167)
UnitySkills.BatchJobService:Pump (string) (at ./Library/PackageCache/com.besty.unity-skills@f6f09e6bb0/Editor/Skills/BatchJobService.cs:125)
UnitySkills.BatchJobService:Wait (string,int) (at ./Library/PackageCache/com.besty.unity-skills@f6f09e6bb0/Editor/Skills/BatchJobService.cs:111)
UnitySkills.BatchSkills:BatchExecute (string,bool,int,int) (at ./Library/PackageCache/com.besty.unity-skills@f6f09e6bb0/Editor/Skills/BatchSkills.cs:219)
UnitySkills.Tests.Core.BatchGovernanceTests:BatchRetryFailed_WithNoFailedItems_ReturnsZeroCount () (at ./Library/PackageCache/com.besty.unity-skills@f6f09e6bb0/Tests/Editor/Core/BatchGovernanceTests.cs:161)
System.Reflection.RuntimeMethodInfo:Invoke (object,System.Reflection.BindingFlags,System.Reflection.Binder,object[],System.Globalization.CultureInfo)
System.Reflection.MethodBase:Invoke (object,object[])
NUnit.Framework.Internal.Reflect:InvokeMethod (System.Reflection.MethodInfo,object,object[])
NUnit.Framework.Internal.MethodWrapper:Invoke (object,object[])
NUnit.Framework.Internal.Commands.TestMethodCommand:RunNonAsyncTestMethod (NUnit.Framework.Internal.ITestExecutionContext)
NUnit.Framework.Internal.Commands.TestMethodCommand:RunTestMethod (NUnit.Framework.Internal.ITestExecutionContext)
NUnit.Framework.Internal.Commands.TestMethodCommand:Execute (NUnit.Framework.Internal.ITestExecutionContext)
UnityEngine.TestTools.UnityTestMethodCommand:Execute (NUnit.Framework.Internal.ITestExecutionContext) (at ./Library/PackageCache/com.unity.test-framework@1.4.6/UnityEngine.TestRunner/NUnitExtensions/Commands/UnityTestMethodCommand.cs:19)
UnityEngine.TestRunner.NUnitExtensions.Runner.UnityLogCheckDelegatingCommand/<>c__DisplayClass2_0:<Execute>b__0 () (at ./Library/PackageCache/com.unity.test-framework@1.4.6/UnityEngine.TestRunner/NUnitExtensions/Runner/UnityLogCheckDelegatingCommand.cs:24)
UnityEngine.TestRunner.NUnitExtensions.Runner.UnityLogCheckDelegatingCommand:CaptureException (NUnit.Framework.Internal.TestResult,System.Action) (at ./Library/PackageCache/com.unity.test-framework@1.4.6/UnityEngine.TestRunner/NUnitExtensions/Runner/UnityLogCheckDelegatingCommand.cs:72)
UnityEngine.TestRunner.NUnitExtensions.Runner.UnityLogCheckDelegatingCommand:ExecuteAndCheckLog (UnityEngine.TestTools.Logging.LogScope,NUnit.Framework.Internal.TestResult,System.Action) (at ./Library/PackageCache/com.unity.test-framework@1.4.6/UnityEngine.TestRunner/NUnitExtensions/Runner/UnityLogCheckDelegatingCommand.cs:83)
UnityEngine.TestRunner.NUnitExtensions.Runner.UnityLogCheckDelegatingCommand:Execute (NUnit.Framework.Internal.ITestExecutionContext) (at ./Library/PackageCache/com.unity.test-framework@1.4.6/UnityEngine.TestRunner/NUnitExtensions/Runner/UnityLogCheckDelegatingCommand.cs:24)
UnityEngine.TestRunner.NUnitExtensions.Runner.UnityLogCheckDelegatingCommand/<ExecuteEnumerable>d__3:MoveNext () (at ./Library/PackageCache/com.unity.test-framework@1.4.6/UnityEngine.TestRunner/NUnitExtensions/Runner/UnityLogCheckDelegatingCommand.cs:35)
UnityEngine.TestTools.BeforeAfterTestCommandBase`1/<ExecuteEnumerable>d__14<NUnit.Framework.ITestAction>:MoveNext () (at ./Library/PackageCache/com.unity.test-framework@1.4.6/UnityEngine.TestRunner/NUnitExtensions/Commands/BeforeAfterTestCommandBase.cs:187)
UnityEngine.TestTools.ImmediateEnumerableCommand:Execute (NUnit.Framework.Internal.ITestExecutionContext) (at ./Library/PackageCache/com.unity.test-framework@1.4.6/UnityEngine.TestRunner/NUnitExtensions/Commands/ImmediateEnumerableCommand.cs:18)
UnityEngine.TestTools.BeforeAfterTestCommandBase`1/<ExecuteEnumerable>d__14<System.Reflection.MethodInfo>:MoveNext () (at ./Library/PackageCache/com.unity.test-framework@1.4.6/UnityEngine.TestRunner/NUnitExtensions/Commands/BeforeAfterTestCommandBase.cs:194)
UnityEngine.TestTools.BeforeAfterTestCommandBase`1/<ExecuteEnumerable>d__14<System.Reflection.MethodInfo>:MoveNext () (at ./Library/PackageCache/com.unity.test-framework@1.4.6/UnityEngine.TestRunner/NUnitExtensions/Commands/BeforeAfterTestCommandBase.cs:187)
UnityEngine.TestTools.BeforeAfterTestCommandBase`1/<ExecuteEnumerable>d__14<UnityEngine.TestTools.IOuterUnityTestAction>:MoveNext () (at ./Library/PackageCache/com.unity.test-framework@1.4.6/UnityEngine.TestRunner/NUnitExtensions/Commands/BeforeAfterTestCommandBase.cs:187)
UnityEngine.TestTools.RetryCommand/<ExecuteEnumerable>d__2:MoveNext () (at ./Library/PackageCache/com.unity.test-framework@1.4.6/UnityEngine.TestRunner/NUnitExtensions/Commands/RetryCommand.cs:37)
UnityEngine.TestTools.RepeatCommand/<ExecuteEnumerable>d__2:MoveNext () (at ./Library/PackageCache/com.unity.test-framework@1.4.6/UnityEngine.TestRunner/NUnitExtensions/Commands/RepeatCommand.cs:36)
UnityEngine.TestTools.IgnoreTestCommand/<ExecuteEnumerable>d__3:MoveNext () (at ./Library/PackageCache/com.unity.test-framework@1.4.6/UnityEngine.TestRunner/NUnitExtensions/Commands/IgnoreTestCommand.cs:42)
UnityEngine.TestTools.StrictCheckCommand/<ExecuteEnumerable>d__2:MoveNext () (at ./Library/PackageCache/com.unity.test-framework@1.4.6/UnityEngine.TestRunner/NUnitExtensions/Commands/StrictCheckCommand.cs:29)
UnityEngine.TestRunner.NUnitExtensions.Runner.DefaultTestWorkItem/<PerformWork>d__2:MoveNext () (at ./Library/PackageCache/com.unity.test-framework@1.4.6/UnityEngine.TestRunner/NUnitExtensions/Runner/DefaultTestWorkItem.cs:50)
UnityEngine.TestRunner.NUnitExtensions.Runner.CompositeWorkItem/<RunChildren>d__16:MoveNext () (at ./Library/PackageCache/com.unity.test-framework@1.4.6/UnityEngine.TestRunner/NUnitExtensions/Runner/CompositeWorkItem.cs:197)
UnityEngine.TestRunner.NUnitExtensions.Runner.CompositeWorkItem/<PerformWork>d__12:MoveNext () (at ./Library/PackageCache/com.unity.test-framework@1.4.6/UnityEngine.TestRunner/NUnitExtensions/Runner/CompositeWorkItem.cs:76)
UnityEngine.TestRunner.NUnitExtensions.Runner.CompositeWorkItem/<RunChildren>d__16:MoveNext () (at ./Library/PackageCache/com.unity.test-framework@1.4.6/UnityEngine.TestRunner/NUnitExtensions/Runner/CompositeWorkItem.cs:197)
UnityEngine.TestRunner.NUnitExtensions.Runner.CompositeWorkItem/<PerformWork>d__12:MoveNext () (at ./Library/PackageCache/com.unity.test-framework@1.4.6/UnityEngine.TestRunner/NUnitExtensions/Runner/CompositeWorkItem.cs:76)
UnityEngine.TestRunner.NUnitExtensions.Runner.CompositeWorkItem/<RunChildren>d__16:MoveNext () (at ./Library/PackageCache/com.unity.test-framework@1.4.6/UnityEngine.TestRunner/NUnitExtensions/Runner/CompositeWorkItem.cs:197)
UnityEngine.TestRunner.NUnitExtensions.Runner.CompositeWorkItem/<PerformWork>d__12:MoveNext () (at ./Library/PackageCache/com.unity.test-framework@1.4.6/UnityEngine.TestRunner/NUnitExtensions/Runner/CompositeWorkItem.cs:76)
UnityEngine.TestRunner.NUnitExtensions.Runner.CompositeWorkItem/<RunChildren>d__16:MoveNext () (at ./Library/PackageCache/com.unity.test-framework@1.4.6/UnityEngine.TestRunner/NUnitExtensions/Runner/CompositeWorkItem.cs:197)
UnityEngine.TestRunner.NUnitExtensions.Runner.CompositeWorkItem/<PerformWork>d__12:MoveNext () (at ./Library/PackageCache/com.unity.test-framework@1.4.6/UnityEngine.TestRunner/NUnitExtensions/Runner/CompositeWorkItem.cs:76)
UnityEngine.TestRunner.NUnitExtensions.Runner.CompositeWorkItem/<RunChildren>d__16:MoveNext () (at ./Library/PackageCache/com.unity.test-framework@1.4.6/UnityEngine.TestRunner/NUnitExtensions/Runner/CompositeWorkItem.cs:197)
UnityEngine.TestRunner.NUnitExtensions.Runner.CompositeWorkItem/<PerformWork>d__12:MoveNext () (at ./Library/PackageCache/com.unity.test-framework@1.4.6/UnityEngine.TestRunner/NUnitExtensions/Runner/CompositeWorkItem.cs:76)
UnityEngine.TestRunner.NUnitExtensions.Runner.CompositeWorkItem/<RunChildren>d__16:MoveNext () (at ./Library/PackageCache/com.unity.test-framework@1.4.6/UnityEngine.TestRunner/NUnitExtensions/Runner/CompositeWorkItem.cs:197)
UnityEngine.TestRunner.NUnitExtensions.Runner.CompositeWorkItem/<PerformWork>d__12:MoveNext () (at ./Library/PackageCache/com.unity.test-framework@1.4.6/UnityEngine.TestRunner/NUnitExtensions/Runner/CompositeWorkItem.cs:76)
UnityEditor.TestTools.TestRunner.EditModeRunner:MoveNextAndUpdateYieldObject () (at ./Library/PackageCache/com.unity.test-framework@1.4.6/UnityEditor.TestRunner/TestRunner/EditModeRunner.cs:167)
UnityEditor.TestTools.TestRunner.EditModeRunner:TestConsumer (UnityEditor.TestTools.TestRunner.TestRunnerStateSerializer) (at ./Library/PackageCache/com.unity.test-framework@1.4.6/UnityEditor.TestRunner/TestRunner/EditModeRunner.cs:200)
UnityEditor.TestTools.TestRunner.TestRun.Tasks.EditModeRunTask/<Execute>d__1:MoveNext () (at ./Library/PackageCache/com.unity.test-framework@1.4.6/UnityEditor.TestRunner/TestRun/Tasks/EditModeRunTask.cs:48)
UnityEditor.TestTools.TestRunner.TestRun.TestJobRunner:ExecuteStep () (at ./Library/PackageCache/com.unity.test-framework@1.4.6/UnityEditor.TestRunner/TestRun/TestJobRunner.cs:173)
UnityEditor.TestTools.TestRunner.TestRun.TestJobRunner:ExecuteCallback () (at ./Library/PackageCache/com.unity.test-framework@1.4.6/UnityEditor.TestRunner/TestRun/TestJobRunner.cs:108)
UnityEditor.EditorApplication:Internal_CallUpdateFunctions ()

(Filename: ./Library/PackageCache/com.besty.unity-skills@f6f09e6bb0/Editor/Skills/WorkflowManager.cs Line: 717)

[PhysX] Initialized MultithreadedTaskDispatcher with 20 workers.
Unloading 0 Unused Serialized files (Serialized files now loaded: 0)
Unloading 0 unused Assets / (0 B). Loaded Objects now: 9375.
Memory consumption went from 215.8 MB to 215.8 MB.
Total: 6.530200 ms (FindLiveObjects: 0.247700 ms CreateObjectMapping: 0.110800 ms MarkObjects: 6.155500 ms  DeleteObjects: 0.015700 ms)

[UnitySkills] Discovered 729 skills
UnityEngine.StackTraceUtility:ExtractStackTrace ()
UnityEngine.DebugLogHandler:LogFormat (UnityEngine.LogType,UnityEngine.Object,string,object[])
UnityEngine.Logger:Log (UnityEngine.LogType,object)
UnityEngine.Debug:Log (object)
UnitySkills.SkillsLogger:Log (string) (at ./Library/PackageCache/com.besty.unity-skills@f6f09e6bb0/Editor/Skills/SkillsLogger.cs:39)
UnitySkills.SkillRouter:Initialize () (at ./Library/PackageCache/com.besty.unity-skills@f6f09e6bb0/Editor/Skills/SkillRouter.cs:416)
UnitySkills.TestSkills:BuildSmokeRequest (string,string,string,bool,bool,int) (at ./Library/PackageCache/com.besty.unity-skills@f6f09e6bb0/Editor/Skills/TestSkills.cs:674)
UnitySkills.TestSkills:TestSmokeSkills (string,string,string,bool,bool,int,bool,int,int) (at ./Library/PackageCache/com.besty.unity-skills@f6f09e6bb0/Editor/Skills/TestSkills.cs:329)
UnitySkills.Tests.Core.BatchGovernanceTests:TestSmokeSkills_ForTestCategory_ReturnsAggregateSummary () (at ./Library/PackageCache/com.besty.unity-skills@f6f09e6bb0/Tests/Editor/Core/BatchGovernanceTests.cs:222)
System.Reflection.RuntimeMethodInfo:Invoke (object,System.Reflection.BindingFlags,System.Reflection.Binder,object[],System.Globalization.CultureInfo)
System.Reflection.MethodBase:Invoke (object,object[])
NUnit.Framework.Internal.Reflect:InvokeMethod (System.Reflection.MethodInfo,object,object[])
NUnit.Framework.Internal.MethodWrapper:Invoke (object,object[])
NUnit.Framework.Internal.Commands.TestMethodCommand:RunNonAsyncTestMethod (NUnit.Framework.Internal.ITestExecutionContext)
NUnit.Framework.Internal.Commands.TestMethodCommand:RunTestMethod (NUnit.Framework.Internal.ITestExecutionContext)
NUnit.Framework.Internal.Commands.TestMethodCommand:Execute (NUnit.Framework.Internal.ITestExecutionContext)
UnityEngine.TestTools.UnityTestMethodCommand:Execute (NUnit.Framework.Internal.ITestExecutionContext) (at ./Library/PackageCache/com.unity.test-framework@1.4.6/UnityEngine.TestRunner/NUnitExtensions/Commands/UnityTestMethodCommand.cs:19)
UnityEngine.TestRunner.NUnitExtensions.Runner.UnityLogCheckDelegatingCommand/<>c__DisplayClass2_0:<Execute>b__0 () (at ./Library/PackageCache/com.unity.test-framework@1.4.6/UnityEngine.TestRunner/NUnitExtensions/Runner/UnityLogCheckDelegatingCommand.cs:24)
UnityEngine.TestRunner.NUnitExtensions.Runner.UnityLogCheckDelegatingCommand:CaptureException (NUnit.Framework.Internal.TestResult,System.Action) (at ./Library/PackageCache/com.unity.test-framework@1.4.6/UnityEngine.TestRunner/NUnitExtensions/Runner/UnityLogCheckDelegatingCommand.cs:72)
UnityEngine.TestRunner.NUnitExtensions.Runner.UnityLogCheckDelegatingCommand:ExecuteAndCheckLog (UnityEngine.TestTools.Logging.LogScope,NUnit.Framework.Internal.TestResult,System.Action) (at ./Library/PackageCache/com.unity.test-framework@1.4.6/UnityEngine.TestRunner/NUnitExtensions/Runner/UnityLogCheckDelegatingCommand.cs:83)
UnityEngine.TestRunner.NUnitExtensions.Runner.UnityLogCheckDelegatingCommand:Execute (NUnit.Framework.Internal.ITestExecutionContext) (at ./Library/PackageCache/com.unity.test-framework@1.4.6/UnityEngine.TestRunner/NUnitExtensions/Runner/UnityLogCheckDelegatingCommand.cs:24)
UnityEngine.TestRunner.NUnitExtensions.Runner.UnityLogCheckDelegatingCommand/<ExecuteEnumerable>d__3:MoveNext () (at ./Library/PackageCache/com.unity.test-framework@1.4.6/UnityEngine.TestRunner/NUnitExtensions/Runner/UnityLogCheckDelegatingCommand.cs:35)
UnityEngine.TestTools.BeforeAfterTestCommandBase`1/<ExecuteEnumerable>d__14<NUnit.Framework.ITestAction>:MoveNext () (at ./Library/PackageCache/com.unity.test-framework@1.4.6/UnityEngine.TestRunner/NUnitExtensions/Commands/BeforeAfterTestCommandBase.cs:187)
UnityEngine.TestTools.ImmediateEnumerableCommand:Execute (NUnit.Framework.Internal.ITestExecutionContext) (at ./Library/PackageCache/com.unity.test-framework@1.4.6/UnityEngine.TestRunner/NUnitExtensions/Commands/ImmediateEnumerableCommand.cs:18)
UnityEngine.TestTools.BeforeAfterTestCommandBase`1/<ExecuteEnumerable>d__14<System.Reflection.MethodInfo>:MoveNext () (at ./Library/PackageCache/com.unity.test-framework@1.4.6/UnityEngine.TestRunner/NUnitExtensions/Commands/BeforeAfterTestCommandBase.cs:194)
UnityEngine.TestTools.BeforeAfterTestCommandBase`1/<ExecuteEnumerable>d__14<System.Reflection.MethodInfo>:MoveNext () (at ./Library/PackageCache/com.unity.test-framework@1.4.6/UnityEngine.TestRunner/NUnitExtensions/Commands/BeforeAfterTestCommandBase.cs:187)
UnityEngine.TestTools.BeforeAfterTestCommandBase`1/<ExecuteEnumerable>d__14<UnityEngine.TestTools.IOuterUnityTestAction>:MoveNext () (at ./Library/PackageCache/com.unity.test-framework@1.4.6/UnityEngine.TestRunner/NUnitExtensions/Commands/BeforeAfterTestCommandBase.cs:187)
UnityEngine.TestTools.RetryCommand/<ExecuteEnumerable>d__2:MoveNext () (at ./Library/PackageCache/com.unity.test-framework@1.4.6/UnityEngine.TestRunner/NUnitExtensions/Commands/RetryCommand.cs:37)
UnityEngine.TestTools.RepeatCommand/<ExecuteEnumerable>d__2:MoveNext () (at ./Library/PackageCache/com.unity.test-framework@1.4.6/UnityEngine.TestRunner/NUnitExtensions/Commands/RepeatCommand.cs:36)
UnityEngine.TestTools.IgnoreTestCommand/<ExecuteEnumerable>d__3:MoveNext () (at ./Library/PackageCache/com.unity.test-framework@1.4.6/UnityEngine.TestRunner/NUnitExtensions/Commands/IgnoreTestCommand.cs:42)
UnityEngine.TestTools.StrictCheckCommand/<ExecuteEnumerable>d__2:MoveNext () (at ./Library/PackageCache/com.unity.test-framework@1.4.6/UnityEngine.TestRunner/NUnitExtensions/Commands/StrictCheckCommand.cs:29)
UnityEngine.TestRunner.NUnitExtensions.Runner.DefaultTestWorkItem/<PerformWork>d__2:MoveNext () (at ./Library/PackageCache/com.unity.test-framework@1.4.6/UnityEngine.TestRunner/NUnitExtensions/Runner/DefaultTestWorkItem.cs:50)
UnityEngine.TestRunner.NUnitExtensions.Runner.CompositeWorkItem/<RunChildren>d__16:MoveNext () (at ./Library/PackageCache/com.unity.test-framework@1.4.6/UnityEngine.TestRunner/NUnitExtensions/Runner/CompositeWorkItem.cs:197)
UnityEngine.TestRunner.NUnitExtensions.Runner.CompositeWorkItem/<PerformWork>d__12:MoveNext () (at ./Library/PackageCache/com.unity.test-framework@1.4.6/UnityEngine.TestRunner/NUnitExtensions/Runner/CompositeWorkItem.cs:76)
UnityEngine.TestRunner.NUnitExtensions.Runner.CompositeWorkItem/<RunChildren>d__16:MoveNext () (at ./Library/PackageCache/com.unity.test-framework@1.4.6/UnityEngine.TestRunner/NUnitExtensions/Runner/CompositeWorkItem.cs:197)
UnityEngine.TestRunner.NUnitExtensions.Runner.CompositeWorkItem/<PerformWork>d__12:MoveNext () (at ./Library/PackageCache/com.unity.test-framework@1.4.6/UnityEngine.TestRunner/NUnitExtensions/Runner/CompositeWorkItem.cs:76)
UnityEngine.TestRunner.NUnitExtensions.Runner.CompositeWorkItem/<RunChildren>d__16:MoveNext () (at ./Library/PackageCache/com.unity.test-framework@1.4.6/UnityEngine.TestRunner/NUnitExtensions/Runner/CompositeWorkItem.cs:197)
UnityEngine.TestRunner.NUnitExtensions.Runner.CompositeWorkItem/<PerformWork>d__12:MoveNext () (at ./Library/PackageCache/com.unity.test-framework@1.4.6/UnityEngine.TestRunner/NUnitExtensions/Runner/CompositeWorkItem.cs:76)
UnityEngine.TestRunner.NUnitExtensions.Runner.CompositeWorkItem/<RunChildren>d__16:MoveNext () (at ./Library/PackageCache/com.unity.test-framework@1.4.6/UnityEngine.TestRunner/NUnitExtensions/Runner/CompositeWorkItem.cs:197)
UnityEngine.TestRunner.NUnitExtensions.Runner.CompositeWorkItem/<PerformWork>d__12:MoveNext () (at ./Library/PackageCache/com.unity.test-framework@1.4.6/UnityEngine.TestRunner/NUnitExtensions/Runner/CompositeWorkItem.cs:76)
UnityEngine.TestRunner.NUnitExtensions.Runner.CompositeWorkItem/<RunChildren>d__16:MoveNext () (at ./Library/PackageCache/com.unity.test-framework@1.4.6/UnityEngine.TestRunner/NUnitExtensions/Runner/CompositeWorkItem.cs:197)
UnityEngine.TestRunner.NUnitExtensions.Runner.CompositeWorkItem/<PerformWork>d__12:MoveNext () (at ./Library/PackageCache/com.unity.test-framework@1.4.6/UnityEngine.TestRunner/NUnitExtensions/Runner/CompositeWorkItem.cs:76)
UnityEngine.TestRunner.NUnitExtensions.Runner.CompositeWorkItem/<RunChildren>d__16:MoveNext () (at ./Library/PackageCache/com.unity.test-framework@1.4.6/UnityEngine.TestRunner/NUnitExtensions/Runner/CompositeWorkItem.cs:197)
UnityEngine.TestRunner.NUnitExtensions.Runner.CompositeWorkItem/<PerformWork>d__12:MoveNext () (at ./Library/PackageCache/com.unity.test-framework@1.4.6/UnityEngine.TestRunner/NUnitExtensions/Runner/CompositeWorkItem.cs:76)
UnityEditor.TestTools.TestRunner.EditModeRunner:MoveNextAndUpdateYieldObject () (at ./Library/PackageCache/com.unity.test-framework@1.4.6/UnityEditor.TestRunner/TestRunner/EditModeRunner.cs:167)
UnityEditor.TestTools.TestRunner.EditModeRunner:TestConsumer (UnityEditor.TestTools.TestRunner.TestRunnerStateSerializer) (at ./Library/PackageCache/com.unity.test-framework@1.4.6/UnityEditor.TestRunner/TestRunner/EditModeRunner.cs:200)
UnityEditor.TestTools.TestRunner.TestRun.Tasks.EditModeRunTask/<Execute>d__1:MoveNext () (at ./Library/PackageCache/com.unity.test-framework@1.4.6/UnityEditor.TestRunner/TestRun/Tasks/EditModeRunTask.cs:48)
UnityEditor.TestTools.TestRunner.TestRun.TestJobRunner:ExecuteStep () (at ./Library/PackageCache/com.unity.test-framework@1.4.6/UnityEditor.TestRunner/TestRun/TestJobRunner.cs:173)
UnityEditor.TestTools.TestRunner.TestRun.TestJobRunner:ExecuteCallback () (at ./Library/PackageCache/com.unity.test-framework@1.4.6/UnityEditor.TestRunner/TestRun/TestJobRunner.cs:108)
UnityEditor.EditorApplication:Internal_CallUpdateFunctions ()

(Filename: ./Library/PackageCache/com.besty.unity-skills@f6f09e6bb0/Editor/Skills/SkillRouter.cs Line: 416)

Start importing Assets/Temp using Guid(6161743516f628141a3401496751bd94) Importer(-1,00000000000000000000000000000000) [PhysX] Initialized MultithreadedTaskDispatcher with 20 workers.
 -> (artifact id: '48b019c139959a650f8cca5e16364397') in 0.002331 seconds
Refreshing native plugins compatible for Editor in 7.14 ms, found 5 plugins.
Preloading 0 native plugins for Editor in 0.00 ms.
Asset Pipeline Refresh (id=351399d80a1eaee408c29e048f0367d8): Total: 0.067 seconds - Initiated by StopAssetImportingV2(NoUpdateAssetOptions)
Start importing Assets/Temp/DeepInspectorSkillTests using Guid(abc9e1d9cf4e43c4d91629af064731e4) Importer(-1,00000000000000000000000000000000) [PhysX] Initialized MultithreadedTaskDispatcher with 20 workers.
 -> (artifact id: '20fdc2bb5364015cd1caeb515ad66551') in 0.001532 seconds
Refreshing native plugins compatible for Editor in 5.52 ms, found 5 plugins.
Preloading 0 native plugins for Editor in 0.00 ms.
Asset Pipeline Refresh (id=894e29a0a9189c645a705f3f3a7a5b46): Total: 0.042 seconds - Initiated by StopAssetImportingV2(NoUpdateAssetOptions)
Asset Pipeline Refresh (id=349dd9cb2ffc4964ca455e24e9b26eef): Total: 0.006 seconds - Initiated by RefreshV2(NoUpdateAssetOptions)
[PhysX] Initialized MultithreadedTaskDispatcher with 20 workers.
Unloading 0 Unused Serialized files (Serialized files now loaded: 0)
Unloading 96 unused Assets / (50.6 KB). Loaded Objects now: 9375.
Memory consumption went from 216.0 MB to 215.9 MB.
Total: 9.444400 ms (FindLiveObjects: 0.284500 ms CreateObjectMapping: 0.146600 ms MarkObjects: 8.796700 ms  DeleteObjects: 0.215800 ms)

Refreshing native plugins compatible for Editor in 5.20 ms, found 5 plugins.
Preloading 0 native plugins for Editor in 0.00 ms.
Asset Pipeline Refresh (id=496b93c7c31e57c4a94d80e7720bbc0a): Total: 0.051 seconds - Initiated by StopAssetImportingV2(NoUpdateAssetOptions)
Asset Pipeline Refresh (id=367b623ca120e6e439798411d22c07b7): Total: 0.008 seconds - Initiated by RefreshV2(NoUpdateAssetOptions)
Start importing Assets/Temp/DeepInspectorSkillTests using Guid(abc9e1d9cf4e43c4d91629af064731e4) Importer(-1,00000000000000000000000000000000) [PhysX] Initialized MultithreadedTaskDispatcher with 20 workers.
 -> (artifact id: '20fdc2bb5364015cd1caeb515ad66551') in 0.001581 seconds
Refreshing native plugins compatible for Editor in 4.85 ms, found 5 plugins.
Preloading 0 native plugins for Editor in 0.00 ms.
Asset Pipeline Refresh (id=7d45aa14d5069384c8b252b60e8cd72d): Total: 0.036 seconds - Initiated by StopAssetImportingV2(NoUpdateAssetOptions)
Asset Pipeline Refresh (id=9c7c806b090e08643b094217f7d90f28): Total: 0.008 seconds - Initiated by RefreshV2(NoUpdateAssetOptions)
[PhysX] Initialized MultithreadedTaskDispatcher with 20 workers.
Unloading 0 Unused Serialized files (Serialized files now loaded: 0)
Unloading 96 unused Assets / (50.6 KB). Loaded Objects now: 9375.
Memory consumption went from 216.0 MB to 215.9 MB.
Total: 9.443700 ms (FindLiveObjects: 0.281500 ms CreateObjectMapping: 0.109800 ms MarkObjects: 8.928500 ms  DeleteObjects: 0.122900 ms)

Start importing Assets/Temp/DeepInspectorSkillTests/Fixture.mat using Guid(076c45d7727858249a732ff2972c6e25) Importer(-1,00000000000000000000000000000000) [PhysX] Initialized MultithreadedTaskDispatcher with 20 workers.
 -> (artifact id: 'aef954a77e14250a9c5c9cc558ae8d3c') in 0.001754 seconds
Refreshing native plugins compatible for Editor in 5.03 ms, found 5 plugins.
Preloading 0 native plugins for Editor in 0.00 ms.
Asset Pipeline Refresh (id=00bc52dcca1b8c44792de73103dfbc3f): Total: 0.058 seconds - Initiated by StopAssetImportingV2(NoUpdateAssetOptions)
Refreshing native plugins compatible for Editor in 5.66 ms, found 5 plugins.
Preloading 0 native plugins for Editor in 0.00 ms.
Asset Pipeline Refresh (id=b78fc702317ff0f49a6a37fddd49ed09): Total: 0.042 seconds - Initiated by StopAssetImportingV2(NoUpdateAssetOptions)
Asset Pipeline Refresh (id=9507dd6abc92f8243ba50335cd0a68ed): Total: 0.007 seconds - Initiated by RefreshV2(NoUpdateAssetOptions)
Start importing Assets/Temp/DeepInspectorSkillTests using Guid(abc9e1d9cf4e43c4d91629af064731e4) Importer(-1,00000000000000000000000000000000) [PhysX] Initialized MultithreadedTaskDispatcher with 20 workers.
 -> (artifact id: '20fdc2bb5364015cd1caeb515ad66551') in 0.001629 seconds
Refreshing native plugins compatible for Editor in 5.85 ms, found 5 plugins.
Preloading 0 native plugins for Editor in 0.00 ms.
Asset Pipeline Refresh (id=79f4395793e73774284c821c9c3cd6ed): Total: 0.041 seconds - Initiated by StopAssetImportingV2(NoUpdateAssetOptions)
Asset Pipeline Refresh (id=d6496ad00d5d10142a7e3f913201a5ed): Total: 0.010 seconds - Initiated by RefreshV2(NoUpdateAssetOptions)
[PhysX] Initialized MultithreadedTaskDispatcher with 20 workers.
Unloading 0 Unused Serialized files (Serialized files now loaded: 0)
Unloading 96 unused Assets / (50.6 KB). Loaded Objects now: 9376.
Memory consumption went from 216.0 MB to 216.0 MB.
Total: 10.035400 ms (FindLiveObjects: 0.385700 ms CreateObjectMapping: 0.235800 ms MarkObjects: 9.280900 ms  DeleteObjects: 0.131800 ms)

Refreshing native plugins compatible for Editor in 5.41 ms, found 5 plugins.
Preloading 0 native plugins for Editor in 0.00 ms.
Asset Pipeline Refresh (id=a349d3f79f5b7a24c876a1f21cf64297): Total: 0.056 seconds - Initiated by StopAssetImportingV2(NoUpdateAssetOptions)
Asset Pipeline Refresh (id=3c47acf8ccf54334294889e0e305961a): Total: 0.009 seconds - Initiated by RefreshV2(NoUpdateAssetOptions)
Start importing Assets/Temp/DeepInspectorSkillTests using Guid(abc9e1d9cf4e43c4d91629af064731e4) Importer(-1,00000000000000000000000000000000) [PhysX] Initialized MultithreadedTaskDispatcher with 20 workers.
 -> (artifact id: '20fdc2bb5364015cd1caeb515ad66551') in 0.001708 seconds
Refreshing native plugins compatible for Editor in 5.14 ms, found 5 plugins.
Preloading 0 native plugins for Editor in 0.00 ms.
Asset Pipeline Refresh (id=c740fc64917aa154fa507647bb76856e): Total: 0.082 seconds - Initiated by StopAssetImportingV2(NoUpdateAssetOptions)
Asset Pipeline Refresh (id=86d9aecd53b96f6489e7680a40d71f08): Total: 0.010 seconds - Initiated by RefreshV2(NoUpdateAssetOptions)
[PhysX] Initialized MultithreadedTaskDispatcher with 20 workers.
Unloading 0 Unused Serialized files (Serialized files now loaded: 0)
Unloading 96 unused Assets / (50.6 KB). Loaded Objects now: 9376.
Memory consumption went from 216.1 MB to 216.0 MB.
Total: 8.880100 ms (FindLiveObjects: 0.400000 ms CreateObjectMapping: 0.294000 ms MarkObjects: 8.073600 ms  DeleteObjects: 0.111200 ms)

Refreshing native plugins compatible for Editor in 5.11 ms, found 5 plugins.
Preloading 0 native plugins for Editor in 0.00 ms.
Asset Pipeline Refresh (id=02b59c29af6fbab418884a15f553eaba): Total: 0.054 seconds - Initiated by StopAssetImportingV2(NoUpdateAssetOptions)
Asset Pipeline Refresh (id=43afffb8307e7fb499486df45c8ce598): Total: 0.008 seconds - Initiated by RefreshV2(NoUpdateAssetOptions)
[00:00:00] Finished 1 Bake Ambient Probe job (0.00s execute, 0.00s integrate, 3.71s wallclock)
[PhysX] Initialized MultithreadedTaskDispatcher with 20 workers.
Unloading 1 Unused Serialized files (Serialized files now loaded: 0)
Unloading 96 unused Assets / (50.6 KB). Loaded Objects now: 9376.
Memory consumption went from 216.2 MB to 216.2 MB.
Total: 8.638400 ms (FindLiveObjects: 0.399900 ms CreateObjectMapping: 0.228000 ms MarkObjects: 7.899200 ms  DeleteObjects: 0.110200 ms)

[PhysX] Initialized MultithreadedTaskDispatcher with 20 workers.
Unloading 1 Unused Serialized files (Serialized files now loaded: 0)
Unloading 0 unused Assets / (2.2 KB). Loaded Objects now: 9384.
Memory consumption went from 215.7 MB to 215.7 MB.
Total: 9.213000 ms (FindLiveObjects: 0.389900 ms CreateObjectMapping: 0.279400 ms MarkObjects: 8.524900 ms  DeleteObjects: 0.017900 ms)

[PhysX] Initialized MultithreadedTaskDispatcher with 20 workers.
Unloading 0 Unused Serialized files (Serialized files now loaded: 0)
Unloading 0 unused Assets / (0 B). Loaded Objects now: 9384.
Memory consumption went from 217.7 MB to 217.7 MB.
Total: 8.467000 ms (FindLiveObjects: 0.300400 ms CreateObjectMapping: 0.143100 ms MarkObjects: 8.007300 ms  DeleteObjects: 0.015100 ms)

[PhysX] Initialized MultithreadedTaskDispatcher with 20 workers.
Unloading 0 Unused Serialized files (Serialized files now loaded: 0)
Unloading 0 unused Assets / (0 B). Loaded Objects now: 9384.
Memory consumption went from 217.7 MB to 217.7 MB.
Total: 9.066300 ms (FindLiveObjects: 0.307800 ms CreateObjectMapping: 0.145000 ms MarkObjects: 8.596400 ms  DeleteObjects: 0.016200 ms)

[PhysX] Initialized MultithreadedTaskDispatcher with 20 workers.
Unloading 0 Unused Serialized files (Serialized files now loaded: 0)
Unloading 0 unused Assets / (0 B). Loaded Objects now: 9384.
Memory consumption went from 219.9 MB to 219.9 MB.
Total: 9.807000 ms (FindLiveObjects: 0.273500 ms CreateObjectMapping: 0.125900 ms MarkObjects: 9.386400 ms  DeleteObjects: 0.020300 ms)

[PhysX] Initialized MultithreadedTaskDispatcher with 20 workers.
Unloading 0 Unused Serialized files (Serialized files now loaded: 0)
Unloading 0 unused Assets / (0 B). Loaded Objects now: 9384.
Memory consumption went from 219.9 MB to 219.9 MB.
Total: 9.615700 ms (FindLiveObjects: 0.302700 ms CreateObjectMapping: 0.160200 ms MarkObjects: 9.133100 ms  DeleteObjects: 0.018500 ms)

[PhysX] Initialized MultithreadedTaskDispatcher with 20 workers.
Unloading 0 Unused Serialized files (Serialized files now loaded: 0)
Unloading 0 unused Assets / (0 B). Loaded Objects now: 9384.
Memory consumption went from 219.9 MB to 219.9 MB.
Total: 9.121300 ms (FindLiveObjects: 0.291300 ms CreateObjectMapping: 0.121500 ms MarkObjects: 8.692100 ms  DeleteObjects: 0.015800 ms)

[PhysX] Initialized MultithreadedTaskDispatcher with 20 workers.
Unloading 0 Unused Serialized files (Serialized files now loaded: 0)
Unloading 0 unused Assets / (0 B). Loaded Objects now: 9377.
Memory consumption went from 219.9 MB to 219.9 MB.
Total: 10.051800 ms (FindLiveObjects: 0.282600 ms CreateObjectMapping: 0.114300 ms MarkObjects: 9.634700 ms  DeleteObjects: 0.019000 ms)

[PhysX] Initialized MultithreadedTaskDispatcher with 20 workers.
Unloading 0 Unused Serialized files (Serialized files now loaded: 0)
Unloading 0 unused Assets / (0 B). Loaded Objects now: 9384.
Memory consumption went from 219.9 MB to 219.9 MB.
Total: 9.691700 ms (FindLiveObjects: 0.265200 ms CreateObjectMapping: 0.133100 ms MarkObjects: 9.275700 ms  DeleteObjects: 0.016900 ms)

[PhysX] Initialized MultithreadedTaskDispatcher with 20 workers.
Unloading 0 Unused Serialized files (Serialized files now loaded: 0)
Unloading 0 unused Assets / (0 B). Loaded Objects now: 9384.
Memory consumption went from 219.9 MB to 219.9 MB.
Total: 9.496900 ms (FindLiveObjects: 0.282900 ms CreateObjectMapping: 0.133200 ms MarkObjects: 9.064200 ms  DeleteObjects: 0.015700 ms)

[PhysX] Initialized MultithreadedTaskDispatcher with 20 workers.
Unloading 0 Unused Serialized files (Serialized files now loaded: 0)
Unloading 0 unused Assets / (0 B). Loaded Objects now: 9384.
Memory consumption went from 219.9 MB to 219.9 MB.
Total: 9.293100 ms (FindLiveObjects: 0.279200 ms CreateObjectMapping: 0.125300 ms MarkObjects: 8.872300 ms  DeleteObjects: 0.015300 ms)

Start importing Assets/Temp/RealValidation using Guid(c72d8f961329eb14eb35773d72699561) Importer(-1,00000000000000000000000000000000) [PhysX] Initialized MultithreadedTaskDispatcher with 20 workers.
 -> (artifact id: 'afef0047d46894273aa3400f744ec457') in 0.001592 seconds
Refreshing native plugins compatible for Editor in 4.98 ms, found 5 plugins.
Preloading 0 native plugins for Editor in 0.00 ms.
Asset Pipeline Refresh (id=6ea87e19552d95849bb6833e0670259f): Total: 0.058 seconds - Initiated by StopAssetImportingV2(NoUpdateAssetOptions)
Asset Pipeline Refresh (id=671b46adc3bfd3a42bc2df30f1f214e1): Total: 0.007 seconds - Initiated by RefreshV2(NoUpdateAssetOptions)
Start importing Assets/Temp/RealValidation/SceneDiffActive.unity using Guid(68fef7e1f357e8047a0ed4fdaafa28ef) Importer(-1,00000000000000000000000000000000) [PhysX] Initialized MultithreadedTaskDispatcher with 20 workers.
 -> (artifact id: '12230573fbaf9c4361411ee1307d6e6e') in 0.000889 seconds
Refreshing native plugins compatible for Editor in 5.07 ms, found 5 plugins.
Preloading 0 native plugins for Editor in 0.00 ms.
Asset Pipeline Refresh (id=d136a868f3ab28e40b8f0cc2dea6011e): Total: 0.037 seconds - Initiated by StopAssetImportingV2(NoUpdateAssetOptions)
Start importing Assets/Temp/RealValidation/SceneDiffAdditive.unity using Guid(1d0e05135bc93b9479e83de3c9de5cca) Importer(-1,00000000000000000000000000000000) [PhysX] Initialized MultithreadedTaskDispatcher with 20 workers.
 -> (artifact id: '1dfe28380c1bc56170af60e72ccb7480') in 0.001055 seconds
Refreshing native plugins compatible for Editor in 5.78 ms, found 5 plugins.
Preloading 0 native plugins for Editor in 0.00 ms.
Asset Pipeline Refresh (id=e7e8f1de6203fca4ba9792160238aa5d): Total: 0.040 seconds - Initiated by StopAssetImportingV2(NoUpdateAssetOptions)
Refreshing native plugins compatible for Editor in 5.46 ms, found 5 plugins.
Preloading 0 native plugins for Editor in 0.00 ms.
Asset Pipeline Refresh (id=fe5f98885ea9863459f906477b8f61d7): Total: 0.050 seconds - Initiated by StopAssetImportingV2(NoUpdateAssetOptions)
Refreshing native plugins compatible for Editor in 5.16 ms, found 5 plugins.
Preloading 0 native plugins for Editor in 0.00 ms.
Asset Pipeline Refresh (id=4a21f80e9c08fcd43a2df0b648cd9e53): Total: 0.050 seconds - Initiated by StopAssetImportingV2(NoUpdateAssetOptions)
Asset Pipeline Refresh (id=9c904c3e700e7a74ab0d111e4ff6aec3): Total: 0.008 seconds - Initiated by RefreshV2(NoUpdateAssetOptions)
[PhysX] Initialized MultithreadedTaskDispatcher with 20 workers.
Unloading 0 Unused Serialized files (Serialized files now loaded: 0)
Unloading 105 unused Assets / (53.2 KB). Loaded Objects now: 9384.
Memory consumption went from 241.4 MB to 241.3 MB.
Total: 10.586300 ms (FindLiveObjects: 0.279700 ms CreateObjectMapping: 0.124400 ms MarkObjects: 9.714800 ms  DeleteObjects: 0.466500 ms)

[PhysX] Initialized MultithreadedTaskDispatcher with 20 workers.
Unloading 0 Unused Serialized files (Serialized files now loaded: 0)
Unloading 0 unused Assets / (0 B). Loaded Objects now: 9384.
Memory consumption went from 241.0 MB to 241.0 MB.
Total: 10.495400 ms (FindLiveObjects: 0.294400 ms CreateObjectMapping: 0.153700 ms MarkObjects: 10.030400 ms  DeleteObjects: 0.016100 ms)

[PhysX] Initialized MultithreadedTaskDispatcher with 20 workers.
Unloading 0 Unused Serialized files (Serialized files now loaded: 0)
Unloading 0 unused Assets / (0 B). Loaded Objects now: 9384.
Memory consumption went from 241.0 MB to 241.0 MB.
Total: 9.982700 ms (FindLiveObjects: 0.293400 ms CreateObjectMapping: 0.130500 ms MarkObjects: 9.539500 ms  DeleteObjects: 0.018500 ms)

[PhysX] Initialized MultithreadedTaskDispatcher with 20 workers.
Unloading 0 Unused Serialized files (Serialized files now loaded: 0)
Unloading 0 unused Assets / (0 B). Loaded Objects now: 9377.
Memory consumption went from 241.0 MB to 241.0 MB.
Total: 10.102300 ms (FindLiveObjects: 0.298200 ms CreateObjectMapping: 0.156400 ms MarkObjects: 9.627500 ms  DeleteObjects: 0.019300 ms)

[PhysX] Initialized MultithreadedTaskDispatcher with 20 workers.
Unloading 0 Unused Serialized files (Serialized files now loaded: 0)
Unloading 0 unused Assets / (0 B). Loaded Objects now: 9384.
Memory consumption went from 241.0 MB to 241.0 MB.
Total: 10.118900 ms (FindLiveObjects: 0.278600 ms CreateObjectMapping: 0.120300 ms MarkObjects: 9.701300 ms  DeleteObjects: 0.017900 ms)

[PhysX] Initialized MultithreadedTaskDispatcher with 20 workers.
Unloading 0 Unused Serialized files (Serialized files now loaded: 0)
Unloading 0 unused Assets / (0 B). Loaded Objects now: 9384.
Memory consumption went from 241.0 MB to 241.0 MB.
Total: 9.501400 ms (FindLiveObjects: 0.280300 ms CreateObjectMapping: 0.129600 ms MarkObjects: 9.072900 ms  DeleteObjects: 0.017700 ms)

[PhysX] Initialized MultithreadedTaskDispatcher with 20 workers.
Unloading 0 Unused Serialized files (Serialized files now loaded: 0)
Unloading 0 unused Assets / (0 B). Loaded Objects now: 9384.
Memory consumption went from 241.0 MB to 241.0 MB.
Total: 9.713600 ms (FindLiveObjects: 0.288400 ms CreateObjectMapping: 0.125800 ms MarkObjects: 9.281000 ms  DeleteObjects: 0.017500 ms)

Start importing Assets/Temp using Guid(6161743516f628141a3401496751bd94) Importer(-1,00000000000000000000000000000000) [PhysX] Initialized MultithreadedTaskDispatcher with 20 workers.
 -> (artifact id: '48b019c139959a650f8cca5e16364397') in 0.001575 seconds
Refreshing native plugins compatible for Editor in 5.33 ms, found 5 plugins.
Preloading 0 native plugins for Editor in 0.00 ms.
Asset Pipeline Refresh (id=d5b52741213c72d4db281e0703830e0d): Total: 0.060 seconds - Initiated by StopAssetImportingV2(NoUpdateAssetOptions)
Start importing Assets/Temp/SelectionDrivenSkillTests using Guid(238fa151c50589c4caaad1e746c3b847) Importer(-1,00000000000000000000000000000000) [PhysX] Initialized MultithreadedTaskDispatcher with 20 workers.
 -> (artifact id: '9f26a87ccf23e54c12d57937711e0611') in 0.001564 seconds
Refreshing native plugins compatible for Editor in 7.18 ms, found 5 plugins.
Preloading 0 native plugins for Editor in 0.00 ms.
Asset Pipeline Refresh (id=2fe1891a7d3779a4a8e1c67ab0bf9cb3): Total: 0.046 seconds - Initiated by StopAssetImportingV2(NoUpdateAssetOptions)
Asset Pipeline Refresh (id=d84c93bb95b3be249ba51e7b1d47785e): Total: 0.007 seconds - Initiated by RefreshV2(NoUpdateAssetOptions)
[PhysX] Initialized MultithreadedTaskDispatcher with 20 workers.
Unloading 0 Unused Serialized files (Serialized files now loaded: 0)
Unloading 96 unused Assets / (50.5 KB). Loaded Objects now: 9377.
Memory consumption went from 240.7 MB to 240.7 MB.
Total: 12.117500 ms (FindLiveObjects: 0.416000 ms CreateObjectMapping: 0.311300 ms MarkObjects: 11.260900 ms  DeleteObjects: 0.128200 ms)

Refreshing native plugins compatible for Editor in 7.13 ms, found 5 plugins.
Preloading 0 native plugins for Editor in 0.00 ms.
Asset Pipeline Refresh (id=c71defc4a7b86404fb8023a70457ea6a): Total: 0.060 seconds - Initiated by StopAssetImportingV2(NoUpdateAssetOptions)
Refreshing native plugins compatible for Editor in 6.85 ms, found 5 plugins.
Preloading 0 native plugins for Editor in 0.00 ms.
Asset Pipeline Refresh (id=d72c3ddf16aeb4e4982ec3785d6c80f1): Total: 0.058 seconds - Initiated by StopAssetImportingV2(NoUpdateAssetOptions)
Asset Pipeline Refresh (id=9d466875a56bb3b4c8a910c8ae69a257): Total: 0.010 seconds - Initiated by RefreshV2(NoUpdateAssetOptions)
Start importing Assets/Temp using Guid(6161743516f628141a3401496751bd94) Importer(-1,00000000000000000000000000000000) [PhysX] Initialized MultithreadedTaskDispatcher with 20 workers.
 -> (artifact id: '48b019c139959a650f8cca5e16364397') in 0.003137 seconds
Refreshing native plugins compatible for Editor in 7.23 ms, found 5 plugins.
Preloading 0 native plugins for Editor in 0.00 ms.
Asset Pipeline Refresh (id=b07a23ae84acf5346b306f64521ad8c9): Total: 0.060 seconds - Initiated by StopAssetImportingV2(NoUpdateAssetOptions)
Start importing Assets/Temp/SelectionDrivenSkillTests using Guid(238fa151c50589c4caaad1e746c3b847) Importer(-1,00000000000000000000000000000000) [PhysX] Initialized MultithreadedTaskDispatcher with 20 workers.
 -> (artifact id: '9f26a87ccf23e54c12d57937711e0611') in 0.002209 seconds
Refreshing native plugins compatible for Editor in 7.35 ms, found 5 plugins.
Preloading 0 native plugins for Editor in 0.00 ms.
Asset Pipeline Refresh (id=22f6fedc8041c4b43b83943a6c488fa4): Total: 0.053 seconds - Initiated by StopAssetImportingV2(NoUpdateAssetOptions)
Asset Pipeline Refresh (id=f8311608f3b46544bbe19bb00316750c): Total: 0.281 seconds - Initiated by RefreshV2(NoUpdateAssetOptions)
[PhysX] Initialized MultithreadedTaskDispatcher with 20 workers.
Unloading 0 Unused Serialized files (Serialized files now loaded: 0)
Unloading 96 unused Assets / (50.6 KB). Loaded Objects now: 9378.
Memory consumption went from 240.8 MB to 240.7 MB.
Total: 13.807400 ms (FindLiveObjects: 0.551400 ms CreateObjectMapping: 0.492100 ms MarkObjects: 12.636600 ms  DeleteObjects: 0.125600 ms)

Refreshing native plugins compatible for Editor in 8.38 ms, found 5 plugins.
Preloading 0 native plugins for Editor in 0.00 ms.
Asset Pipeline Refresh (id=3ec509260797c0642b0760ff7df52138): Total: 0.078 seconds - Initiated by StopAssetImportingV2(NoUpdateAssetOptions)
Refreshing native plugins compatible for Editor in 6.97 ms, found 5 plugins.
Preloading 0 native plugins for Editor in 0.00 ms.
Asset Pipeline Refresh (id=a6d4a25d8dc017d45be21801573d9348): Total: 0.061 seconds - Initiated by StopAssetImportingV2(NoUpdateAssetOptions)
Asset Pipeline Refresh (id=ac295a82b93c2404b87fc00a67333061): Total: 0.009 seconds - Initiated by RefreshV2(NoUpdateAssetOptions)
Start importing Assets/Temp using Guid(6161743516f628141a3401496751bd94) Importer(-1,00000000000000000000000000000000) [PhysX] Initialized MultithreadedTaskDispatcher with 20 workers.
 -> (artifact id: '48b019c139959a650f8cca5e16364397') in 0.001686 seconds
Refreshing native plugins compatible for Editor in 7.22 ms, found 5 plugins.
Preloading 0 native plugins for Editor in 0.00 ms.
Asset Pipeline Refresh (id=9547e4c9a7cd15e4a9976e287a009afd): Total: 0.051 seconds - Initiated by StopAssetImportingV2(NoUpdateAssetOptions)
Start importing Assets/Temp/SelectionDrivenSkillTests using Guid(238fa151c50589c4caaad1e746c3b847) Importer(-1,00000000000000000000000000000000) [PhysX] Initialized MultithreadedTaskDispatcher with 20 workers.
 -> (artifact id: '9f26a87ccf23e54c12d57937711e0611') in 0.001576 seconds
Refreshing native plugins compatible for Editor in 5.94 ms, found 5 plugins.
Preloading 0 native plugins for Editor in 0.00 ms.
Asset Pipeline Refresh (id=bc5932aa06901d247841afa874cfce8d): Total: 0.042 seconds - Initiated by StopAssetImportingV2(NoUpdateAssetOptions)
Asset Pipeline Refresh (id=ea47c3dff586d4344a908791e9f0b3f8): Total: 0.016 seconds - Initiated by RefreshV2(NoUpdateAssetOptions)
[PhysX] Initialized MultithreadedTaskDispatcher with 20 workers.
Unloading 0 Unused Serialized files (Serialized files now loaded: 0)
Unloading 96 unused Assets / (50.6 KB). Loaded Objects now: 9378.
Memory consumption went from 240.8 MB to 240.7 MB.
Total: 9.536800 ms (FindLiveObjects: 0.260600 ms CreateObjectMapping: 0.125800 ms MarkObjects: 9.029600 ms  DeleteObjects: 0.120000 ms)

Refreshing native plugins compatible for Editor in 5.39 ms, found 5 plugins.
Preloading 0 native plugins for Editor in 0.00 ms.
Asset Pipeline Refresh (id=d1941a256565a884da29436a4fc69bcb): Total: 0.057 seconds - Initiated by StopAssetImportingV2(NoUpdateAssetOptions)
Refreshing native plugins compatible for Editor in 7.01 ms, found 5 plugins.
Preloading 0 native plugins for Editor in 0.00 ms.
Asset Pipeline Refresh (id=a49c44c42625eb640aede1f2b5874b64): Total: 0.051 seconds - Initiated by StopAssetImportingV2(NoUpdateAssetOptions)
Asset Pipeline Refresh (id=a675cc1c4dd0ca748bd41b239ed93aa6): Total: 0.008 seconds - Initiated by RefreshV2(NoUpdateAssetOptions)
Start importing Assets/Temp using Guid(6161743516f628141a3401496751bd94) Importer(-1,00000000000000000000000000000000) [PhysX] Initialized MultithreadedTaskDispatcher with 20 workers.
 -> (artifact id: '48b019c139959a650f8cca5e16364397') in 0.001905 seconds
Refreshing native plugins compatible for Editor in 6.72 ms, found 5 plugins.
Preloading 0 native plugins for Editor in 0.00 ms.
Asset Pipeline Refresh (id=dcc98135b448d384797ccec8a8942b9b): Total: 0.044 seconds - Initiated by StopAssetImportingV2(NoUpdateAssetOptions)
Start importing Assets/Temp/SelectionDrivenSkillTests using Guid(238fa151c50589c4caaad1e746c3b847) Importer(-1,00000000000000000000000000000000) [PhysX] Initialized MultithreadedTaskDispatcher with 20 workers.
 -> (artifact id: '9f26a87ccf23e54c12d57937711e0611') in 0.001558 seconds
Refreshing native plugins compatible for Editor in 5.82 ms, found 5 plugins.
Preloading 0 native plugins for Editor in 0.00 ms.
Asset Pipeline Refresh (id=3a4ffb6248ce11c46a25793b14109ee5): Total: 0.041 seconds - Initiated by StopAssetImportingV2(NoUpdateAssetOptions)
Asset Pipeline Refresh (id=3d3b63521cbf7fd44b1480aa4df1e0a3): Total: 0.008 seconds - Initiated by RefreshV2(NoUpdateAssetOptions)
[PhysX] Initialized MultithreadedTaskDispatcher with 20 workers.
Unloading 0 Unused Serialized files (Serialized files now loaded: 0)
Unloading 96 unused Assets / (50.6 KB). Loaded Objects now: 9378.
Memory consumption went from 240.8 MB to 240.7 MB.
Total: 11.716100 ms (FindLiveObjects: 0.283300 ms CreateObjectMapping: 0.127100 ms MarkObjects: 11.175800 ms  DeleteObjects: 0.128900 ms)

Start importing Assets/Temp/SelectionDrivenSkillTests/Replacement.prefab using Guid(9933dddc05ac0d54ba9cf6d54783b5a4) Importer(-1,00000000000000000000000000000000) [PhysX] Initialized MultithreadedTaskDispatcher with 20 workers.
[PhysX] Initialized MultithreadedTaskDispatcher with 20 workers.
 -> (artifact id: '38f40ad4d84857a4617091c72d9d0949') in 0.003934 seconds
Refreshing native plugins compatible for Editor in 5.86 ms, found 5 plugins.
Preloading 0 native plugins for Editor in 0.00 ms.
Asset Pipeline Refresh (id=5ee2a410c16418a4bb880ba0c9728cdd): Total: 0.064 seconds - Initiated by StopAssetImportingV2(NoUpdateAssetOptions)
Refreshing native plugins compatible for Editor in 5.31 ms, found 5 plugins.
Preloading 0 native plugins for Editor in 0.00 ms.
Asset Pipeline Refresh (id=736bb1df0d1c8f14ca4770e186ca0aed): Total: 0.038 seconds - Initiated by StopAssetImportingV2(NoUpdateAssetOptions)
Refreshing native plugins compatible for Editor in 6.00 ms, found 5 plugins.
Preloading 0 native plugins for Editor in 0.00 ms.
Asset Pipeline Refresh (id=14bf8e46ab3da2f4587823f8136646c8): Total: 0.049 seconds - Initiated by StopAssetImportingV2(NoUpdateAssetOptions)
Asset Pipeline Refresh (id=89fa58235b1633e45815bbbbf25ab76f): Total: 0.008 seconds - Initiated by RefreshV2(NoUpdateAssetOptions)
Start importing Assets/Temp using Guid(6161743516f628141a3401496751bd94) Importer(-1,00000000000000000000000000000000) [PhysX] Initialized MultithreadedTaskDispatcher with 20 workers.
 -> (artifact id: '48b019c139959a650f8cca5e16364397') in 0.001677 seconds
Refreshing native plugins compatible for Editor in 5.98 ms, found 5 plugins.
Preloading 0 native plugins for Editor in 0.00 ms.
Asset Pipeline Refresh (id=cdee959bbc37e6a4fb757d41067bc7b2): Total: 0.041 seconds - Initiated by StopAssetImportingV2(NoUpdateAssetOptions)
Start importing Assets/Temp/SelectionDrivenSkillTests using Guid(238fa151c50589c4caaad1e746c3b847) Importer(-1,00000000000000000000000000000000) [PhysX] Initialized MultithreadedTaskDispatcher with 20 workers.
 -> (artifact id: '9f26a87ccf23e54c12d57937711e0611') in 0.001638 seconds
Refreshing native plugins compatible for Editor in 5.56 ms, found 5 plugins.
Preloading 0 native plugins for Editor in 0.00 ms.
Asset Pipeline Refresh (id=61441ada8229c0449b133327f251141e): Total: 0.040 seconds - Initiated by StopAssetImportingV2(NoUpdateAssetOptions)
Asset Pipeline Refresh (id=1f31b907c3e20e64885ebb185a2e4b8d): Total: 0.007 seconds - Initiated by RefreshV2(NoUpdateAssetOptions)
[PhysX] Initialized MultithreadedTaskDispatcher with 20 workers.
Unloading 0 Unused Serialized files (Serialized files now loaded: 0)
Unloading 96 unused Assets / (50.6 KB). Loaded Objects now: 9378.
Memory consumption went from 240.8 MB to 240.8 MB.
Total: 8.969900 ms (FindLiveObjects: 0.260300 ms CreateObjectMapping: 0.104600 ms MarkObjects: 8.492100 ms  DeleteObjects: 0.112300 ms)

Refreshing native plugins compatible for Editor in 4.81 ms, found 5 plugins.
Preloading 0 native plugins for Editor in 0.00 ms.
Asset Pipeline Refresh (id=d05459d1effa8c643ad798af3b40fe94): Total: 0.052 seconds - Initiated by StopAssetImportingV2(NoUpdateAssetOptions)
Refreshing native plugins compatible for Editor in 5.04 ms, found 5 plugins.
Preloading 0 native plugins for Editor in 0.00 ms.
Asset Pipeline Refresh (id=007a5c1f30f84b147adbf507aa914f13): Total: 0.046 seconds - Initiated by StopAssetImportingV2(NoUpdateAssetOptions)
Asset Pipeline Refresh (id=ffd607bacd8a20a45a1c418d808c3dec): Total: 0.007 seconds - Initiated by RefreshV2(NoUpdateAssetOptions)
Start importing Assets/Temp using Guid(6161743516f628141a3401496751bd94) Importer(-1,00000000000000000000000000000000) [PhysX] Initialized MultithreadedTaskDispatcher with 20 workers.
 -> (artifact id: '48b019c139959a650f8cca5e16364397') in 0.001785 seconds
Refreshing native plugins compatible for Editor in 5.00 ms, found 5 plugins.
Preloading 0 native plugins for Editor in 0.00 ms.
Asset Pipeline Refresh (id=30ede26dda3ad9a4d90f720503425330): Total: 0.038 seconds - Initiated by StopAssetImportingV2(NoUpdateAssetOptions)
Start importing Assets/Temp/SelectionDrivenSkillTests using Guid(238fa151c50589c4caaad1e746c3b847) Importer(-1,00000000000000000000000000000000) [PhysX] Initialized MultithreadedTaskDispatcher with 20 workers.
 -> (artifact id: '9f26a87ccf23e54c12d57937711e0611') in 0.001650 seconds
Refreshing native plugins compatible for Editor in 5.31 ms, found 5 plugins.
Preloading 0 native plugins for Editor in 0.00 ms.
Asset Pipeline Refresh (id=700beae9d635c5543a7745da0405fd3a): Total: 0.040 seconds - Initiated by StopAssetImportingV2(NoUpdateAssetOptions)
Asset Pipeline Refresh (id=b7f3a18b14e5cd24e95d7f5fccc1ad38): Total: 0.008 seconds - Initiated by RefreshV2(NoUpdateAssetOptions)
[PhysX] Initialized MultithreadedTaskDispatcher with 20 workers.
Unloading 0 Unused Serialized files (Serialized files now loaded: 0)
Unloading 96 unused Assets / (50.6 KB). Loaded Objects now: 9378.
Memory consumption went from 240.8 MB to 240.7 MB.
Total: 9.513500 ms (FindLiveObjects: 0.258800 ms CreateObjectMapping: 0.103400 ms MarkObjects: 9.035500 ms  DeleteObjects: 0.114900 ms)

Refreshing native plugins compatible for Editor in 5.14 ms, found 5 plugins.
Preloading 0 native plugins for Editor in 0.00 ms.
Asset Pipeline Refresh (id=328c3319b1e2e2749b4e1633b815426d): Total: 0.053 seconds - Initiated by StopAssetImportingV2(NoUpdateAssetOptions)
Refreshing native plugins compatible for Editor in 5.10 ms, found 5 plugins.
Preloading 0 native plugins for Editor in 0.00 ms.
Asset Pipeline Refresh (id=3273041e2d0a05d47aaf8ac9c14aa64f): Total: 0.045 seconds - Initiated by StopAssetImportingV2(NoUpdateAssetOptions)
Asset Pipeline Refresh (id=0697d0f1678b6ab4a9b4266ea486e3c8): Total: 0.007 seconds - Initiated by RefreshV2(NoUpdateAssetOptions)
Start importing Assets/Temp using Guid(6161743516f628141a3401496751bd94) Importer(-1,00000000000000000000000000000000) [PhysX] Initialized MultithreadedTaskDispatcher with 20 workers.
 -> (artifact id: '48b019c139959a650f8cca5e16364397') in 0.001630 seconds
Refreshing native plugins compatible for Editor in 5.67 ms, found 5 plugins.
Preloading 0 native plugins for Editor in 0.00 ms.
Asset Pipeline Refresh (id=87988e01a27b8d44492c2ad43082c197): Total: 0.042 seconds - Initiated by StopAssetImportingV2(NoUpdateAssetOptions)
Start importing Assets/Temp/SelectionDrivenSkillTests using Guid(238fa151c50589c4caaad1e746c3b847) Importer(-1,00000000000000000000000000000000) [PhysX] Initialized MultithreadedTaskDispatcher with 20 workers.
 -> (artifact id: '9f26a87ccf23e54c12d57937711e0611') in 0.001629 seconds
Refreshing native plugins compatible for Editor in 6.96 ms, found 5 plugins.
Preloading 0 native plugins for Editor in 0.00 ms.
Asset Pipeline Refresh (id=e499b5a7ab336de41b36de02973c0f1b): Total: 0.044 seconds - Initiated by StopAssetImportingV2(NoUpdateAssetOptions)
Asset Pipeline Refresh (id=5bb6ca618a57acc4b9b6b20a65042dfd): Total: 0.008 seconds - Initiated by RefreshV2(NoUpdateAssetOptions)
[PhysX] Initialized MultithreadedTaskDispatcher with 20 workers.
Unloading 0 Unused Serialized files (Serialized files now loaded: 0)
Unloading 96 unused Assets / (50.6 KB). Loaded Objects now: 9378.
Memory consumption went from 240.8 MB to 240.8 MB.
Total: 11.284100 ms (FindLiveObjects: 0.336000 ms CreateObjectMapping: 0.169200 ms MarkObjects: 10.654500 ms  DeleteObjects: 0.123500 ms)

Refreshing native plugins compatible for Editor in 8.96 ms, found 5 plugins.
Preloading 0 native plugins for Editor in 0.00 ms.
Asset Pipeline Refresh (id=c4605ba62a227ba458b77b0ec417c869): Total: 0.079 seconds - Initiated by StopAssetImportingV2(NoUpdateAssetOptions)
Refreshing native plugins compatible for Editor in 5.48 ms, found 5 plugins.
Preloading 0 native plugins for Editor in 0.00 ms.
Asset Pipeline Refresh (id=b74f10f0a05ba6348b0374d5a337d96b): Total: 0.070 seconds - Initiated by StopAssetImportingV2(NoUpdateAssetOptions)
Asset Pipeline Refresh (id=8c0958a6bd5e35e47ad30cb232f4875e): Total: 0.013 seconds - Initiated by RefreshV2(NoUpdateAssetOptions)
Start importing Assets/Temp using Guid(6161743516f628141a3401496751bd94) Importer(-1,00000000000000000000000000000000) [PhysX] Initialized MultithreadedTaskDispatcher with 20 workers.
 -> (artifact id: '48b019c139959a650f8cca5e16364397') in 0.001571 seconds
Refreshing native plugins compatible for Editor in 6.07 ms, found 5 plugins.
Preloading 0 native plugins for Editor in 0.00 ms.
Asset Pipeline Refresh (id=953e87ff4e29dcb45b86d1863e1ac000): Total: 0.046 seconds - Initiated by StopAssetImportingV2(NoUpdateAssetOptions)
Start importing Assets/Temp/SelectionDrivenSkillTests using Guid(238fa151c50589c4caaad1e746c3b847) Importer(-1,00000000000000000000000000000000) [PhysX] Initialized MultithreadedTaskDispatcher with 20 workers.
 -> (artifact id: '9f26a87ccf23e54c12d57937711e0611') in 0.002370 seconds
Refreshing native plugins compatible for Editor in 5.27 ms, found 5 plugins.
Preloading 0 native plugins for Editor in 0.00 ms.
Asset Pipeline Refresh (id=7b4205dda4eeba04f9d1b79216e5d218): Total: 0.049 seconds - Initiated by StopAssetImportingV2(NoUpdateAssetOptions)
Asset Pipeline Refresh (id=26471b295361cf844b1e29db4ee9882a): Total: 0.007 seconds - Initiated by RefreshV2(NoUpdateAssetOptions)
[PhysX] Initialized MultithreadedTaskDispatcher with 20 workers.
Unloading 0 Unused Serialized files (Serialized files now loaded: 0)
Unloading 96 unused Assets / (50.6 KB). Loaded Objects now: 9378.
Memory consumption went from 240.8 MB to 240.8 MB.
Total: 11.691100 ms (FindLiveObjects: 0.441900 ms CreateObjectMapping: 0.158300 ms MarkObjects: 10.961700 ms  DeleteObjects: 0.128400 ms)

Refreshing native plugins compatible for Editor in 5.27 ms, found 5 plugins.
Preloading 0 native plugins for Editor in 0.00 ms.
Asset Pipeline Refresh (id=0976dedbcc356d24c9e938b801ddfda5): Total: 0.064 seconds - Initiated by StopAssetImportingV2(NoUpdateAssetOptions)
Refreshing native plugins compatible for Editor in 6.00 ms, found 5 plugins.
Preloading 0 native plugins for Editor in 0.00 ms.
Asset Pipeline Refresh (id=ef076a224657ad945914a3b6c03778be): Total: 0.055 seconds - Initiated by StopAssetImportingV2(NoUpdateAssetOptions)
Asset Pipeline Refresh (id=0c672536806859f448650c1b204c13bc): Total: 0.007 seconds - Initiated by RefreshV2(NoUpdateAssetOptions)
Start importing Assets/Temp using Guid(6161743516f628141a3401496751bd94) Importer(-1,00000000000000000000000000000000) [PhysX] Initialized MultithreadedTaskDispatcher with 20 workers.
 -> (artifact id: '48b019c139959a650f8cca5e16364397') in 0.001858 seconds
Refreshing native plugins compatible for Editor in 8.55 ms, found 5 plugins.
Preloading 0 native plugins for Editor in 0.00 ms.
Asset Pipeline Refresh (id=1c8c7f775e6390c409a5fbe8dab6ed56): Total: 0.056 seconds - Initiated by StopAssetImportingV2(NoUpdateAssetOptions)
Start importing Assets/Temp/SelectionDrivenSkillTests using Guid(238fa151c50589c4caaad1e746c3b847) Importer(-1,00000000000000000000000000000000) [PhysX] Initialized MultithreadedTaskDispatcher with 20 workers.
 -> (artifact id: '9f26a87ccf23e54c12d57937711e0611') in 0.003272 seconds
Refreshing native plugins compatible for Editor in 5.15 ms, found 5 plugins.
Preloading 0 native plugins for Editor in 0.00 ms.
Asset Pipeline Refresh (id=392e1abdc66e47642ac438776c08bac3): Total: 0.049 seconds - Initiated by StopAssetImportingV2(NoUpdateAssetOptions)
Asset Pipeline Refresh (id=b8e8e790d2cee5949a31ad8cd863686e): Total: 0.007 seconds - Initiated by RefreshV2(NoUpdateAssetOptions)
[PhysX] Initialized MultithreadedTaskDispatcher with 20 workers.
Unloading 0 Unused Serialized files (Serialized files now loaded: 0)
Unloading 96 unused Assets / (50.6 KB). Loaded Objects now: 9378.
Memory consumption went from 240.8 MB to 240.8 MB.
Total: 11.812500 ms (FindLiveObjects: 0.387500 ms CreateObjectMapping: 0.589700 ms MarkObjects: 10.705700 ms  DeleteObjects: 0.128500 ms)

Refreshing native plugins compatible for Editor in 7.03 ms, found 5 plugins.
Preloading 0 native plugins for Editor in 0.00 ms.
Asset Pipeline Refresh (id=042c67caaf2a21e4db0a19da2e201c2e): Total: 0.063 seconds - Initiated by StopAssetImportingV2(NoUpdateAssetOptions)
Refreshing native plugins compatible for Editor in 5.29 ms, found 5 plugins.
Preloading 0 native plugins for Editor in 0.00 ms.
Asset Pipeline Refresh (id=1b5a229ea7c3fb34aaebc2d725ec4438): Total: 0.051 seconds - Initiated by StopAssetImportingV2(NoUpdateAssetOptions)
Asset Pipeline Refresh (id=ce7066c189393b34499ee845b71ceabc): Total: 0.008 seconds - Initiated by RefreshV2(NoUpdateAssetOptions)
Asset Pipeline Refresh (id=53bf07cf4d5968445b9f64fb84a74dd2): Total: 0.004 seconds - Initiated by StopAssetImportingV2(NoUpdateAssetOptions)
Asset Pipeline Refresh (id=31245fe37682378448cc0236d1160f99): Total: 0.004 seconds - Initiated by StopAssetImportingV2(NoUpdateAssetOptions)
Asset Pipeline Refresh (id=387b78694bd54a6439b5b369cd5e7fd4): Total: 0.004 seconds - Initiated by StopAssetImportingV2(NoUpdateAssetOptions)
Start importing Assets/Temp using Guid(6161743516f628141a3401496751bd94) Importer(-1,00000000000000000000000000000000) [PhysX] Initialized MultithreadedTaskDispatcher with 20 workers.
 -> (artifact id: '48b019c139959a650f8cca5e16364397') in 0.001593 seconds
Refreshing native plugins compatible for Editor in 5.23 ms, found 5 plugins.
Preloading 0 native plugins for Editor in 0.00 ms.
Asset Pipeline Refresh (id=b0846d7cacb97a244a51cf2425ac050e): Total: 0.039 seconds - Initiated by StopAssetImportingV2(NoUpdateAssetOptions)
Start importing Assets/Temp/ShaderGraphNodeEditingTests using Guid(0944b1219473d2149b9ec6e2f18e81bd) Importer(-1,00000000000000000000000000000000) [PhysX] Initialized MultithreadedTaskDispatcher with 20 workers.
 -> (artifact id: '757eaf52ebd667cf6bd1daca4b24cced') in 0.001724 seconds
Refreshing native plugins compatible for Editor in 5.14 ms, found 5 plugins.
Preloading 0 native plugins for Editor in 0.00 ms.
Asset Pipeline Refresh (id=9fa656aa97bc0734f93b4cbcde45a499): Total: 0.041 seconds - Initiated by StopAssetImportingV2(NoUpdateAssetOptions)
Start importing Assets/Temp/ShaderGraphNodeEditingTests/GraphNodeEditing.shadergraph using Guid(3326e2b5f2989d24eb9bb1d39f5c00b3) Importer(-1,00000000000000000000000000000000) [PhysX] Initialized MultithreadedTaskDispatcher with 20 workers.
WARNING: Shader Unsupported: 'Shader Graphs/GraphNodeEditing' - All subshaders removed
WARNING: Shader Did you use #pragma only_renderers and omit this platform?
WARNING: Shader If subshaders removal was intentional, you may have forgotten turning Fallback off?
WARNING: Shader Unsupported: 'Shader Graphs/GraphNodeEditing' - All subshaders removed
WARNING: Shader Did you use #pragma only_renderers and omit this platform?
WARNING: Shader If subshaders removal was intentional, you may have forgotten turning Fallback off?
WARNING: Shader Unsupported: 'Shader Graphs/GraphNodeEditing' - All subshaders removed
WARNING: Shader Did you use #pragma only_renderers and omit this platform?
WARNING: Shader If subshaders removal was intentional, you may have forgotten turning Fallback off?
WARNING: Shader Unsupported: 'Shader Graphs/GraphNodeEditing' - All subshaders removed
WARNING: Shader Did you use #pragma only_renderers and omit this platform?
WARNING: Shader If subshaders removal was intentional, you may have forgotten turning Fallback off?
 -> (artifact id: '38beec058de7edd93fa4a2ae9fb72467') in 0.061691 seconds
WARNING: Shader Unsupported: 'Shader Graphs/GraphNodeEditing' - All subshaders removed
WARNING: Shader Did you use #pragma only_renderers and omit this platform?
WARNING: Shader If subshaders removal was intentional, you may have forgotten turning Fallback off?
WARNING: Shader Unsupported: 'Shader Graphs/GraphNodeEditing' - All subshaders removed
WARNING: Shader Did you use #pragma only_renderers and omit this platform?
WARNING: Shader If subshaders removal was intentional, you may have forgotten turning Fallback off?
Refreshing native plugins compatible for Editor in 9.28 ms, found 5 plugins.
Preloading 0 native plugins for Editor in 0.00 ms.
Asset Pipeline Refresh (id=4f46c1eb3dc219e4b94c72cb688ac6f2): Total: 0.171 seconds - Initiated by StopAssetImportingV2(NoUpdateAssetOptions)
Start importing Assets/Temp/ShaderGraphNodeEditingTests/GraphNodeEditing.shadergraph using Guid(3326e2b5f2989d24eb9bb1d39f5c00b3) Importer(-1,00000000000000000000000000000000) [PhysX] Initialized MultithreadedTaskDispatcher with 20 workers.
WARNING: Shader Unsupported: 'Shader Graphs/GraphNodeEditing' - All subshaders removed
WARNING: Shader Did you use #pragma only_renderers and omit this platform?
WARNING: Shader If subshaders removal was intentional, you may have forgotten turning Fallback off?
WARNING: Shader Unsupported: 'Shader Graphs/GraphNodeEditing' - All subshaders removed
WARNING: Shader Did you use #pragma only_renderers and omit this platform?
WARNING: Shader If subshaders removal was intentional, you may have forgotten turning Fallback off?
WARNING: Shader Unsupported: 'Shader Graphs/GraphNodeEditing' - All subshaders removed
WARNING: Shader Did you use #pragma only_renderers and omit this platform?
WARNING: Shader If subshaders removal was intentional, you may have forgotten turning Fallback off?
WARNING: Shader Unsupported: 'Shader Graphs/GraphNodeEditing' - All subshaders removed
WARNING: Shader Did you use #pragma only_renderers and omit this platform?
WARNING: Shader If subshaders removal was intentional, you may have forgotten turning Fallback off?
 -> (artifact id: '7e74a8fbfe69c54c07686aa94d946b26') in 0.056659 seconds
Refreshing native plugins compatible for Editor in 10.47 ms, found 5 plugins.
Preloading 0 native plugins for Editor in 0.00 ms.
Asset Pipeline Refresh (id=bdd1f9f0911062942977576bf3ab085d): Total: 0.179 seconds - Initiated by StopAssetImportingV2(NoUpdateAssetOptions)
Start importing Assets/Temp/ShaderGraphNodeEditingTests/GraphNodeEditing.shadergraph using Guid(3326e2b5f2989d24eb9bb1d39f5c00b3) Importer(-1,00000000000000000000000000000000) [PhysX] Initialized MultithreadedTaskDispatcher with 20 workers.
WARNING: Shader Unsupported: 'Shader Graphs/GraphNodeEditing' - All subshaders removed
WARNING: Shader Did you use #pragma only_renderers and omit this platform?
WARNING: Shader If subshaders removal was intentional, you may have forgotten turning Fallback off?
WARNING: Shader Unsupported: 'Shader Graphs/GraphNodeEditing' - All subshaders removed
WARNING: Shader Did you use #pragma only_renderers and omit this platform?
WARNING: Shader If subshaders removal was intentional, you may have forgotten turning Fallback off?
WARNING: Shader Unsupported: 'Shader Graphs/GraphNodeEditing' - All subshaders removed
WARNING: Shader Did you use #pragma only_renderers and omit this platform?
WARNING: Shader If subshaders removal was intentional, you may have forgotten turning Fallback off?
WARNING: Shader Unsupported: 'Shader Graphs/GraphNodeEditing' - All subshaders removed
WARNING: Shader Did you use #pragma only_renderers and omit this platform?
WARNING: Shader If subshaders removal was intentional, you may have forgotten turning Fallback off?
 -> (artifact id: '293eac9d7799b58b08cbb42c0f53d717') in 0.067930 seconds
Refreshing native plugins compatible for Editor in 11.20 ms, found 5 plugins.
Preloading 0 native plugins for Editor in 0.00 ms.
Asset Pipeline Refresh (id=363300eae60975145acce93bca26c944): Total: 0.184 seconds - Initiated by StopAssetImportingV2(NoUpdateAssetOptions)
Start importing Assets/Temp/ShaderGraphNodeEditingTests/GraphNodeEditing.shadergraph using Guid(3326e2b5f2989d24eb9bb1d39f5c00b3) Importer(-1,00000000000000000000000000000000) [PhysX] Initialized MultithreadedTaskDispatcher with 20 workers.
WARNING: Shader Unsupported: 'Shader Graphs/GraphNodeEditing' - All subshaders removed
WARNING: Shader Did you use #pragma only_renderers and omit this platform?
WARNING: Shader If subshaders removal was intentional, you may have forgotten turning Fallback off?
WARNING: Shader Unsupported: 'Shader Graphs/GraphNodeEditing' - All subshaders removed
WARNING: Shader Did you use #pragma only_renderers and omit this platform?
WARNING: Shader If subshaders removal was intentional, you may have forgotten turning Fallback off?
WARNING: Shader Unsupported: 'Shader Graphs/GraphNodeEditing' - All subshaders removed
WARNING: Shader Did you use #pragma only_renderers and omit this platform?
WARNING: Shader If subshaders removal was intentional, you may have forgotten turning Fallback off?
WARNING: Shader Unsupported: 'Shader Graphs/GraphNodeEditing' - All subshaders removed
WARNING: Shader Did you use #pragma only_renderers and omit this platform?
WARNING: Shader If subshaders removal was intentional, you may have forgotten turning Fallback off?
 -> (artifact id: '38beec058de7edd93fa4a2ae9fb72467') in 0.038343 seconds
Refreshing native plugins compatible for Editor in 11.90 ms, found 5 plugins.
Preloading 0 native plugins for Editor in 0.00 ms.
Asset Pipeline Refresh (id=0e7a4c69100c1d447be7b590f9080759): Total: 0.160 seconds - Initiated by StopAssetImportingV2(NoUpdateAssetOptions)
Refreshing native plugins compatible for Editor in 9.82 ms, found 5 plugins.
Preloading 0 native plugins for Editor in 0.00 ms.
Asset Pipeline Refresh (id=2ce8e5eb848465940aa081937f5a7cbe): Total: 0.057 seconds - Initiated by StopAssetImportingV2(NoUpdateAssetOptions)
Asset Pipeline Refresh (id=d411dac937edfd94b9f802c74f52c857): Total: 0.008 seconds - Initiated by StopAssetImportingV2(NoUpdateAssetOptions)
Start importing Assets/Temp/ShaderGraphNodeEditingTests using Guid(0944b1219473d2149b9ec6e2f18e81bd) Importer(-1,00000000000000000000000000000000) [PhysX] Initialized MultithreadedTaskDispatcher with 20 workers.
 -> (artifact id: '757eaf52ebd667cf6bd1daca4b24cced') in 0.007673 seconds
Refreshing native plugins compatible for Editor in 8.55 ms, found 5 plugins.
Preloading 0 native plugins for Editor in 0.00 ms.
Asset Pipeline Refresh (id=c4cd4536bfb77704aa26caeed8516794): Total: 0.066 seconds - Initiated by StopAssetImportingV2(NoUpdateAssetOptions)
Start importing Assets/Temp/ShaderGraphNodeEditingTests/SubGraphNodeEditing.shadersubgraph using Guid(b25b0ec4aff26d441b13805b611210df) Importer(-1,00000000000000000000000000000000) [PhysX] Initialized MultithreadedTaskDispatcher with 20 workers.
 -> (artifact id: '3b509907f3563ab6466c771f04800d1f') in 0.076705 seconds
Refreshing native plugins compatible for Editor in 7.54 ms, found 5 plugins.
Preloading 0 native plugins for Editor in 0.00 ms.
Asset Pipeline Refresh (id=5e7a20a2afdec7244b16e7f3e67be087): Total: 0.159 seconds - Initiated by StopAssetImportingV2(NoUpdateAssetOptions)
Start importing Assets/Temp/ShaderGraphNodeEditingTests/SubGraphNodeEditing.shadersubgraph using Guid(b25b0ec4aff26d441b13805b611210df) Importer(-1,00000000000000000000000000000000) [PhysX] Initialized MultithreadedTaskDispatcher with 20 workers.
 -> (artifact id: 'a9cdb7722cc5c2fb796191503c5df204') in 0.033293 seconds
Refreshing native plugins compatible for Editor in 6.45 ms, found 5 plugins.
Preloading 0 native plugins for Editor in 0.00 ms.
Asset Pipeline Refresh (id=6fcea4d8056915942893dff7c424cda5): Total: 0.077 seconds - Initiated by StopAssetImportingV2(NoUpdateAssetOptions)
Start importing Assets/Temp/ShaderGraphNodeEditingTests/SubGraphNodeEditing.shadersubgraph using Guid(b25b0ec4aff26d441b13805b611210df) Importer(-1,00000000000000000000000000000000) [PhysX] Initialized MultithreadedTaskDispatcher with 20 workers.
 -> (artifact id: '73f730951df571a93005022de467975f') in 0.043063 seconds
Refreshing native plugins compatible for Editor in 6.23 ms, found 5 plugins.
Preloading 0 native plugins for Editor in 0.00 ms.
Asset Pipeline Refresh (id=f408e09552d22704f8ae982b798148f3): Total: 0.086 seconds - Initiated by StopAssetImportingV2(NoUpdateAssetOptions)
Start importing Assets/Temp/ShaderGraphNodeEditingTests/SubGraphNodeEditing.shadersubgraph using Guid(b25b0ec4aff26d441b13805b611210df) Importer(-1,00000000000000000000000000000000) [PhysX] Initialized MultithreadedTaskDispatcher with 20 workers.
 -> (artifact id: 'fa944fa260907ce9dd823ffb2831c2da') in 0.031893 seconds
Refreshing native plugins compatible for Editor in 5.29 ms, found 5 plugins.
Preloading 0 native plugins for Editor in 0.00 ms.
Asset Pipeline Refresh (id=67815c5e67326d242bf337534066e0a0): Total: 0.072 seconds - Initiated by StopAssetImportingV2(NoUpdateAssetOptions)
Start importing Assets/Temp/ShaderGraphNodeEditingTests/SubGraphNodeEditing.shadersubgraph using Guid(b25b0ec4aff26d441b13805b611210df) Importer(-1,00000000000000000000000000000000) [PhysX] Initialized MultithreadedTaskDispatcher with 20 workers.
 -> (artifact id: '64ebada4a313b6510abc576b5e530ae0') in 0.030638 seconds
Refreshing native plugins compatible for Editor in 5.05 ms, found 5 plugins.
Preloading 0 native plugins for Editor in 0.00 ms.
Asset Pipeline Refresh (id=32716b56296053343bf7b7aa1e25540f): Total: 0.066 seconds - Initiated by StopAssetImportingV2(NoUpdateAssetOptions)
Start importing Assets/Temp/ShaderGraphNodeEditingTests/SubGraphNodeEditing.shadersubgraph using Guid(b25b0ec4aff26d441b13805b611210df) Importer(-1,00000000000000000000000000000000) [PhysX] Initialized MultithreadedTaskDispatcher with 20 workers.
 -> (artifact id: 'a791488e175b2016f4fb369dac35a128') in 0.030841 seconds
Refreshing native plugins compatible for Editor in 4.80 ms, found 5 plugins.
Preloading 0 native plugins for Editor in 0.00 ms.
Asset Pipeline Refresh (id=5abac713a22cfd9428c7ea84c24bc34c): Total: 0.065 seconds - Initiated by StopAssetImportingV2(NoUpdateAssetOptions)
Start importing Assets/Temp/ShaderGraphNodeEditingTests/SubGraphNodeEditing.shadersubgraph using Guid(b25b0ec4aff26d441b13805b611210df) Importer(-1,00000000000000000000000000000000) [PhysX] Initialized MultithreadedTaskDispatcher with 20 workers.
 -> (artifact id: '2fc778d36aabfc829e8790a221e79ece') in 0.029638 seconds
Refreshing native plugins compatible for Editor in 5.06 ms, found 5 plugins.
Preloading 0 native plugins for Editor in 0.00 ms.
Asset Pipeline Refresh (id=a04e05217ca7eb340b88a6c1d149289a): Total: 0.064 seconds - Initiated by StopAssetImportingV2(NoUpdateAssetOptions)
Start importing Assets/Temp/ShaderGraphNodeEditingTests/SubGraphNodeEditing.shadersubgraph using Guid(b25b0ec4aff26d441b13805b611210df) Importer(-1,00000000000000000000000000000000) [PhysX] Initialized MultithreadedTaskDispatcher with 20 workers.
 -> (artifact id: '1c997eecdf79ed64dc0a09482ef06623') in 0.029590 seconds
Refreshing native plugins compatible for Editor in 5.19 ms, found 5 plugins.
Preloading 0 native plugins for Editor in 0.00 ms.
Asset Pipeline Refresh (id=d6b15a3d2af79aa43afeb4114efc4106): Total: 0.066 seconds - Initiated by StopAssetImportingV2(NoUpdateAssetOptions)
Start importing Assets/Temp/ShaderGraphNodeEditingTests/SubGraphNodeEditing.shadersubgraph using Guid(b25b0ec4aff26d441b13805b611210df) Importer(-1,00000000000000000000000000000000) [PhysX] Initialized MultithreadedTaskDispatcher with 20 workers.
 -> (artifact id: '2fc778d36aabfc829e8790a221e79ece') in 0.029394 seconds
Refreshing native plugins compatible for Editor in 5.06 ms, found 5 plugins.
Preloading 0 native plugins for Editor in 0.00 ms.
Asset Pipeline Refresh (id=3713b1d5725165b4f8dc4cdc3a88072b): Total: 0.064 seconds - Initiated by StopAssetImportingV2(NoUpdateAssetOptions)
Start importing Assets/Temp/ShaderGraphNodeEditingTests/SubGraphNodeEditing.shadersubgraph using Guid(b25b0ec4aff26d441b13805b611210df) Importer(-1,00000000000000000000000000000000) [PhysX] Initialized MultithreadedTaskDispatcher with 20 workers.
 -> (artifact id: 'ef451a4e16fe2cdc5b61f3ec368fd8e5') in 0.028357 seconds
Refreshing native plugins compatible for Editor in 5.64 ms, found 5 plugins.
Preloading 0 native plugins for Editor in 0.00 ms.
Asset Pipeline Refresh (id=0c0cfca1f57ece74b821977dd997711b): Total: 0.064 seconds - Initiated by StopAssetImportingV2(NoUpdateAssetOptions)
Start importing Assets/Temp/ShaderGraphNodeEditingTests/SubGraphNodeEditing.shadersubgraph using Guid(b25b0ec4aff26d441b13805b611210df) Importer(-1,00000000000000000000000000000000) [PhysX] Initialized MultithreadedTaskDispatcher with 20 workers.
 -> (artifact id: 'a94d0ed24daac1127987f0dcc361ca8e') in 0.029264 seconds
Refreshing native plugins compatible for Editor in 4.75 ms, found 5 plugins.
Preloading 0 native plugins for Editor in 0.00 ms.
Asset Pipeline Refresh (id=97b614a45fd801741a08217cafb47125): Total: 0.063 seconds - Initiated by StopAssetImportingV2(NoUpdateAssetOptions)
Refreshing native plugins compatible for Editor in 4.87 ms, found 5 plugins.
Preloading 0 native plugins for Editor in 0.00 ms.
Asset Pipeline Refresh (id=c0216cd37482c9e48b203741a95d8cb8): Total: 0.032 seconds - Initiated by StopAssetImportingV2(NoUpdateAssetOptions)
[00:00:02] Finished 2 Bake Ambient Probe jobs (0.00s execute, 0.00s integrate, 5.40s wallclock)
Asset Pipeline Refresh (id=6761c406638d05948a645eec859b502f): Total: 0.005 seconds - Initiated by StopAssetImportingV2(NoUpdateAssetOptions)
Start importing Assets/Temp/ShaderGraphSkillTests using Guid(db0bdb06d7b7aef468c3db7af41a4fad) Importer(-1,00000000000000000000000000000000) [PhysX] Initialized MultithreadedTaskDispatcher with 20 workers.
 -> (artifact id: 'cb8f46b36acc6632f718d0952f69ecc0') in 0.001563 seconds
Refreshing native plugins compatible for Editor in 5.65 ms, found 5 plugins.
Preloading 0 native plugins for Editor in 0.00 ms.
Asset Pipeline Refresh (id=bcecb90b36d2c88428f60708c7a745bd): Total: 0.037 seconds - Initiated by StopAssetImportingV2(NoUpdateAssetOptions)
Start importing Assets/Temp/ShaderGraphSkillTests/SkillTestSubGraph.shadersubgraph using Guid(77770ed406b066d4987ca0f0b9cfd118) Importer(-1,00000000000000000000000000000000) [PhysX] Initialized MultithreadedTaskDispatcher with 20 workers.
 -> (artifact id: 'feec17a4871d8f140a6e7c1fdd32edd4') in 0.028738 seconds
Refreshing native plugins compatible for Editor in 5.31 ms, found 5 plugins.
Preloading 0 native plugins for Editor in 0.00 ms.
Asset Pipeline Refresh (id=4eabf6c5f0473754784ae04983a7a428): Total: 0.064 seconds - Initiated by StopAssetImportingV2(NoUpdateAssetOptions)
Start importing Assets/Temp/ShaderGraphSkillTests/SkillTestSubGraph.shadersubgraph using Guid(77770ed406b066d4987ca0f0b9cfd118) Importer(-1,00000000000000000000000000000000) [PhysX] Initialized MultithreadedTaskDispatcher with 20 workers.
 -> (artifact id: '14379eb81f58398e7ba9f54b350dd882') in 0.032209 seconds
Refreshing native plugins compatible for Editor in 5.69 ms, found 5 plugins.
Preloading 0 native plugins for Editor in 0.00 ms.
Asset Pipeline Refresh (id=14bcf36777151024ab9ad85487e16828): Total: 0.071 seconds - Initiated by StopAssetImportingV2(NoUpdateAssetOptions)
Start importing Assets/Temp/ShaderGraphSkillTests/SkillTestSubGraph.shadersubgraph using Guid(77770ed406b066d4987ca0f0b9cfd118) Importer(-1,00000000000000000000000000000000) [PhysX] Initialized MultithreadedTaskDispatcher with 20 workers.
 -> (artifact id: '94b9ae88ebfa731780c635d2cd343668') in 0.037563 seconds
Refreshing native plugins compatible for Editor in 5.71 ms, found 5 plugins.
Preloading 0 native plugins for Editor in 0.00 ms.
Asset Pipeline Refresh (id=2c322a63ce559b44f8772a43905b6fc3): Total: 0.078 seconds - Initiated by StopAssetImportingV2(NoUpdateAssetOptions)
Refreshing native plugins compatible for Editor in 5.30 ms, found 5 plugins.
Preloading 0 native plugins for Editor in 0.00 ms.
Asset Pipeline Refresh (id=42ec1bfbfc33ec84b89cb6e5c96915dd): Total: 0.036 seconds - Initiated by StopAssetImportingV2(NoUpdateAssetOptions)
Asset Pipeline Refresh (id=af2604fa108898a4baff694369885cc0): Total: 0.005 seconds - Initiated by StopAssetImportingV2(NoUpdateAssetOptions)
Start importing Assets/Temp/ShaderGraphSkillTests using Guid(db0bdb06d7b7aef468c3db7af41a4fad) Importer(-1,00000000000000000000000000000000) [PhysX] Initialized MultithreadedTaskDispatcher with 20 workers.
 -> (artifact id: 'cb8f46b36acc6632f718d0952f69ecc0') in 0.001768 seconds
Refreshing native plugins compatible for Editor in 5.79 ms, found 5 plugins.
Preloading 0 native plugins for Editor in 0.00 ms.
Asset Pipeline Refresh (id=271af6b10de166a4388a9a2fb01f8a53): Total: 0.043 seconds - Initiated by StopAssetImportingV2(NoUpdateAssetOptions)
Start importing Assets/Temp/ShaderGraphSkillTests/SkillTestGraph.shadergraph using Guid(739e7a77ceef2fa4d8cf5c3d1a0e5555) Importer(-1,00000000000000000000000000000000) [PhysX] Initialized MultithreadedTaskDispatcher with 20 workers.
WARNING: Shader Unsupported: 'Shader Graphs/SkillTestGraph' - All subshaders removed
WARNING: Shader Did you use #pragma only_renderers and omit this platform?
WARNING: Shader If subshaders removal was intentional, you may have forgotten turning Fallback off?
WARNING: Shader Unsupported: 'Shader Graphs/SkillTestGraph' - All subshaders removed
WARNING: Shader Did you use #pragma only_renderers and omit this platform?
WARNING: Shader If subshaders removal was intentional, you may have forgotten turning Fallback off?
WARNING: Shader Unsupported: 'Shader Graphs/SkillTestGraph' - All subshaders removed
WARNING: Shader Did you use #pragma only_renderers and omit this platform?
WARNING: Shader If subshaders removal was intentional, you may have forgotten turning Fallback off?
WARNING: Shader Unsupported: 'Shader Graphs/SkillTestGraph' - All subshaders removed
WARNING: Shader Did you use #pragma only_renderers and omit this platform?
WARNING: Shader If subshaders removal was intentional, you may have forgotten turning Fallback off?
 -> (artifact id: 'ad065132c8941b2ff296cefc27559b4c') in 0.120444 seconds
WARNING: Shader Unsupported: 'Shader Graphs/SkillTestGraph' - All subshaders removed
WARNING: Shader Did you use #pragma only_renderers and omit this platform?
WARNING: Shader If subshaders removal was intentional, you may have forgotten turning Fallback off?
WARNING: Shader Unsupported: 'Shader Graphs/SkillTestGraph' - All subshaders removed
WARNING: Shader Did you use #pragma only_renderers and omit this platform?
WARNING: Shader If subshaders removal was intentional, you may have forgotten turning Fallback off?
Refreshing native plugins compatible for Editor in 6.77 ms, found 5 plugins.
Preloading 0 native plugins for Editor in 0.00 ms.
Asset Pipeline Refresh (id=7804ef076e7232544b3b45e2b7b22934): Total: 0.312 seconds - Initiated by StopAssetImportingV2(NoUpdateAssetOptions)
	Summary:
		Imports: total=1 (actual=1, local cache=0, cache server=0)
		Asset DB Process Time: managed=0 ms, native=147 ms
		Asset DB Callback time: managed=2 ms, native=161 ms
		Scripting: domain reloads=0, domain reload time=0 ms, compile time=0 ms, other=0 ms
		Project Asset Count: scripts=10451, non-scripts=6323
		Asset File Changes: new=1, changed=1, moved=0, deleted=0
		Scan Filter Count: 4
	InvokeBeforeRefreshCallbacks: 0.001ms
	ApplyChangesToAssetFolders: 0.082ms
	Scan: 0.870ms
	OnSourceAssetsModified: 0.071ms
	GetAllGuidsForCategorization: 0.512ms
	CategorizeAssets: 10.147ms
	ImportOutOfDateAssets: 127.513ms (0.921ms without children)
		ImportManagerImport: 122.514ms (1.751ms without children)
			ImportInProcess: 120.742ms
			UpdateCategorizedAssets: 0.021ms
		ReloadNativeAssets: 0.022ms
		UnloadImportedAssets: 0.150ms
		ReloadImportedAssets: 0.000ms
		EnsureUptoDateAssetsAreRegisteredWithGuidPM: 1.614ms
		InitializingProgressBar: 0.007ms
		PostProcessAllAssetNotificationsAddChangedAssets: 0.001ms
		OnDemandSchedulerStart: 2.285ms
	PostProcessAllAssets: 156.939ms
	Hotreload: 7.355ms
	GatherAllCurrentPrimaryArtifactRevisions: 0.513ms
	UnloadStreamsBegin: 0.083ms
	PersistCurrentRevisions: 0.484ms
	UnloadStreamsEnd: 0.067ms
	Untracked: 7.429ms
Refreshing native plugins compatible for Editor in 7.46 ms, found 5 plugins.
Preloading 0 native plugins for Editor in 0.00 ms.
Asset Pipeline Refresh (id=935e5ed14ece37b4ab4686e2d6f605c0): Total: 0.043 seconds - Initiated by StopAssetImportingV2(NoUpdateAssetOptions)
Start importing Assets/Temp/RealValidation using Guid(c72d8f961329eb14eb35773d72699561) Importer(-1,00000000000000000000000000000000) [PhysX] Initialized MultithreadedTaskDispatcher with 20 workers.
 -> (artifact id: 'afef0047d46894273aa3400f744ec457') in 0.005236 seconds
Refreshing native plugins compatible for Editor in 4.90 ms, found 5 plugins.
Preloading 0 native plugins for Editor in 0.00 ms.
Asset Pipeline Refresh (id=4f84c75665a14a04abfeca3b390e8076): Total: 0.054 seconds - Initiated by StopAssetImportingV2(NoUpdateAssetOptions)
Asset Pipeline Refresh (id=9c0ece0d2ccc3f04b98eef6c39284332): Total: 0.013 seconds - Initiated by RefreshV2(NoUpdateAssetOptions)
[PhysX] Initialized MultithreadedTaskDispatcher with 20 workers.
Unloading 0 Unused Serialized files (Serialized files now loaded: 0)
Unloading 96 unused Assets / (50.6 KB). Loaded Objects now: 9383.
Memory consumption went from 251.5 MB to 251.4 MB.
Total: 12.494100 ms (FindLiveObjects: 0.252500 ms CreateObjectMapping: 0.115100 ms MarkObjects: 12.015200 ms  DeleteObjects: 0.110400 ms)

Start importing Assets/Temp/RealValidation/ActiveJobGuardScene.unity using Guid(d462ac621fd78254fbe245c27c32410f) Importer(-1,00000000000000000000000000000000) [PhysX] Initialized MultithreadedTaskDispatcher with 20 workers.
 -> (artifact id: 'f90ba233d114444dfb88345f34669e9a') in 0.001033 seconds
Refreshing native plugins compatible for Editor in 5.67 ms, found 5 plugins.
Preloading 0 native plugins for Editor in 0.00 ms.
Asset Pipeline Refresh (id=3eb52e83e7cacf14c9ba36b08d98d8d6): Total: 0.045 seconds - Initiated by StopAssetImportingV2(NoUpdateAssetOptions)
Refreshing native plugins compatible for Editor in 5.04 ms, found 5 plugins.
Preloading 0 native plugins for Editor in 0.00 ms.
Asset Pipeline Refresh (id=d40e849fedb36344d9235899e544b7be): Total: 0.046 seconds - Initiated by StopAssetImportingV2(NoUpdateAssetOptions)
Refreshing native plugins compatible for Editor in 5.18 ms, found 5 plugins.
Preloading 0 native plugins for Editor in 0.00 ms.
Asset Pipeline Refresh (id=b949d12afd662374e82c1fa920f4e1be): Total: 0.048 seconds - Initiated by StopAssetImportingV2(NoUpdateAssetOptions)
Asset Pipeline Refresh (id=8a4952b379e0142489f41ef42fe716ad): Total: 0.007 seconds - Initiated by RefreshV2(NoUpdateAssetOptions)
[PhysX] Initialized MultithreadedTaskDispatcher with 20 workers.
Unloading 0 Unused Serialized files (Serialized files now loaded: 0)
Unloading 105 unused Assets / (53.3 KB). Loaded Objects now: 9383.
Memory consumption went from 262.3 MB to 262.2 MB.
Total: 11.974400 ms (FindLiveObjects: 0.276000 ms CreateObjectMapping: 0.123900 ms MarkObjects: 11.244900 ms  DeleteObjects: 0.328500 ms)

Saving results to: C:/Users/WIN10/AppData/LocalLow/DefaultCompany/GameDesinger\TestResults.xml
Saving results to: D:\unity\UnityProject\ColorTimeing\New\_ColorTiming_PlayModeVerification_20260824b\editmode-203-final.xml
ColorTiming EditMode evidence saved: 203/203 passed, 0 failed.
UnityEngine.StackTraceUtility:ExtractStackTrace ()
UnityEngine.DebugLogHandler:LogFormat (UnityEngine.LogType,UnityEngine.Object,string,object[])
UnityEngine.Logger:Log (UnityEngine.LogType,object)
UnityEngine.Debug:Log (object)
ColorTiming.Editor.ColorTimingTestEvidence/EvidenceCallbacks:RunFinished (UnityEditor.TestTools.TestRunner.Api.ITestResultAdaptor) (at Assets/Game/Editor/ColorTimingMigration/ColorTimingTestEvidence.cs:91)
UnityEditor.TestTools.TestRunner.Api.CallbacksDelegator/<>c__DisplayClass9_0:<RunFinished>b__0 (UnityEditor.TestTools.TestRunner.Api.ICallbacks) (at ./Library/PackageCache/com.unity.test-framework@1.4.6/UnityEditor.TestRunner/Api/CallbacksDelegator.cs:55)
UnityEditor.TestTools.TestRunner.Api.CallbacksDelegator:TryInvokeAllCallbacks (System.Action`1<UnityEditor.TestTools.TestRunner.Api.ICallbacks>) (at ./Library/PackageCache/com.unity.test-framework@1.4.6/UnityEditor.TestRunner/Api/CallbacksDelegator.cs:135)
UnityEditor.TestTools.TestRunner.Api.CallbacksDelegator:RunFinished (NUnit.Framework.Interfaces.ITestResult) (at ./Library/PackageCache/com.unity.test-framework@1.4.6/UnityEditor.TestRunner/Api/CallbacksDelegator.cs:55)
UnityEngine.Events.InvokableCall`1<NUnit.Framework.Interfaces.ITestResult>:Invoke (NUnit.Framework.Interfaces.ITestResult)
UnityEngine.Events.UnityEvent`1<NUnit.Framework.Interfaces.ITestResult>:Invoke (NUnit.Framework.Interfaces.ITestResult)
UnityEditor.TestTools.TestRunner.TestRun.Tasks.Events.RunFinishedInvocationEvent/<Execute>d__0:MoveNext () (at ./Library/PackageCache/com.unity.test-framework@1.4.6/UnityEditor.TestRunner/TestRun/Tasks/Events/RunFinishedInvocationEvent.cs:24)
UnityEditor.TestTools.TestRunner.TestRun.TestJobRunner:ExecuteStep () (at ./Library/PackageCache/com.unity.test-framework@1.4.6/UnityEditor.TestRunner/TestRun/TestJobRunner.cs:173)
UnityEditor.TestTools.TestRunner.TestRun.TestJobRunner:ExecuteCallback () (at ./Library/PackageCache/com.unity.test-framework@1.4.6/UnityEditor.TestRunner/TestRun/TestJobRunner.cs:108)
UnityEditor.EditorApplication:Internal_CallUpdateFunctions ()

(Filename: Assets/Game/Editor/ColorTimingMigration/ColorTimingTestEvidence.cs Line: 91)

Executing IPostBuildCleanup for: Unity.PerformanceTesting.Editor.TestRunBuilder.
UnityEngine.StackTraceUtility:ExtractStackTrace ()
UnityEngine.DebugLogHandler:LogFormat (UnityEngine.LogType,UnityEngine.Object,string,object[])
UnityEngine.Logger:Log (UnityEngine.LogType,object)
UnityEngine.Debug:Log (object)
UnityEditor.TestTools.TestRunner.TestRun.Tasks.BuildActionTaskBase`1/<ExecuteMethods>d__8<UnityEngine.TestTools.IPostBuildCleanup>:MoveNext () (at ./Library/PackageCache/com.unity.test-framework@1.4.6/UnityEditor.TestRunner/TestRun/Tasks/BuildActionTaskBase.cs:51)
UnityEditor.TestTools.TestRunner.TestRun.Tasks.BuildActionTaskBase`1/<Execute>d__7<UnityEngine.TestTools.IPostBuildCleanup>:MoveNext () (at ./Library/PackageCache/com.unity.test-framework@1.4.6/UnityEditor.TestRunner/TestRun/Tasks/BuildActionTaskBase.cs:35)
UnityEditor.TestTools.TestRunner.TestRun.TestJobRunner:ExecuteStep () (at ./Library/PackageCache/com.unity.test-framework@1.4.6/UnityEditor.TestRunner/TestRun/TestJobRunner.cs:173)
UnityEditor.TestTools.TestRunner.TestRun.TestJobRunner:ExecuteCallback () (at ./Library/PackageCache/com.unity.test-framework@1.4.6/UnityEditor.TestRunner/TestRun/TestJobRunner.cs:108)
UnityEditor.EditorApplication:Internal_CallUpdateFunctions ()

(Filename: ./Library/PackageCache/com.unity.test-framework@1.4.6/UnityEditor.TestRunner/TestRun/Tasks/BuildActionTaskBase.cs Line: 51)

Asset Pipeline Refresh (id=98857dc3e43c843439c71dbafad081b9): Total: 0.007 seconds - Initiated by RefreshV2(NoUpdateAssetOptions)
[PhysX] Initialized MultithreadedTaskDispatcher with 20 workers.
Unloading 0 Unused Serialized files (Serialized files now loaded: 0)
Unloading 0 unused Assets / (0 B). Loaded Objects now: 9389.
Memory consumption went from 260.7 MB to 260.7 MB.
Total: 11.794400 ms (FindLiveObjects: 0.270700 ms CreateObjectMapping: 0.119800 ms MarkObjects: 11.386400 ms  DeleteObjects: 0.016800 ms)

DisplayProgressbar: Undo
Test run completed. Exiting with code 0 (Ok). Run completed.
UnityEngine.StackTraceUtility:ExtractStackTrace ()
UnityEngine.DebugLogHandler:LogFormat (UnityEngine.LogType,UnityEngine.Object,string,object[])
UnityEngine.Logger:Log (UnityEngine.LogType,object)
UnityEngine.Debug:Log (object)
UnityEditor.TestTools.TestRunner.CommandLineTest.Executer:ExitApplication (UnityEditor.TestTools.TestRunner.CommandLineTest.Executer/ReturnCodes,string) (at ./Library/PackageCache/com.unity.test-framework@1.4.6/UnityEditor.TestRunner/CommandLineTest/Executer.cs:81)
UnityEditor.TestTools.TestRunner.CommandLineTest.Executer:ExitIfRunIsCompleted () (at ./Library/PackageCache/com.unity.test-framework@1.4.6/UnityEditor.TestRunner/CommandLineTest/Executer.cs:74)
UnityEditor.EditorApplication:Internal_CallUpdateFunctions ()

(Filename: ./Library/PackageCache/com.unity.test-framework@1.4.6/UnityEditor.TestRunner/CommandLineTest/Executer.cs Line: 81)

[PhysX] Initialized MultithreadedTaskDispatcher with 20 workers.
Input System module state changed to: ShutdownInProgress.
Input System polling thread exited.
Input System module state changed to: Shutdown.
[Licensing::IpcConnector] LicenseClient-WIN10-2022.3.62-notifications channel disconnected successfully.
[Licensing::IpcConnector] LicenseClient-WIN10-2022.3.62 channel disconnected successfully.
Cleanup mono
[Performance] WinEditorMain                                                                                                                        :        1 samples, Peak.   840 ms (1.0x), Avg.   840 ms, Total. 840.4 ms (2.9%)
[Performance] WinEditorMain.ConfigureCrashHandler                                                                                                  :        1 samples, Peak.  16.9 us (1.0x), Avg.  16.9 us, Total. 16.90 us (0.0%)
[Performance] WinEditorMain.CurlRequestInitialize                                                                                                  :        1 samples, Peak.   959 us (1.0x), Avg.   959 us, Total. 959.5 us (0.0%)
[Performance] WinEditorMain.SetupLogFile                                                                                                           :        1 samples, Peak.   241 us (1.0x), Avg.   241 us, Total. 240.5 us (0.0%)
[Performance] WinEditorMain.RunNativeTestsIfRequiredAndExit                                                                                        :        1 samples, Peak.   100 ns (1.0x), Avg.   100 ns, Total. 100.0 ns (0.0%)
[Performance] WinEditorMain.Licensing                                                                                                              :        1 samples, Peak.   790 ms (1.0x), Avg.   790 ms, Total. 790.1 ms (2.7%)
[Performance] WinEditorMain.InitializeCrashHandler                                                                                                 :        1 samples, Peak.  12.8 ms (1.0x), Avg.  12.8 ms, Total. 12.84 ms (0.0%)
[Performance] WinEditorMain.CreateApplication                                                                                                      :        1 samples, Peak.  15.4 ms (1.0x), Avg.  15.4 ms, Total. 15.37 ms (0.1%)
[Performance] Application.InitializeProject                                                                                                        :        1 samples, Peak.  8.99 s (1.0x), Avg.  8.99 s, Total. 8.992 s (30.8%)
[Performance] Application.PackageManager.StartServer                                                                                               :        1 samples, Peak.  8.65 ms (1.0x), Avg.  8.65 ms, Total. 8.647 ms (0.0%)
[Performance] Application.AcquireProjectLock                                                                                                       :        1 samples, Peak.  7.69 ms (1.0x), Avg.  7.69 ms, Total. 7.694 ms (0.0%)
[Performance] Application.InitializeEngineNoGraphics                                                                                               :        1 samples, Peak.  40.0 ms (1.0x), Avg.  40.0 ms, Total. 39.96 ms (0.1%)
[Performance] Application.PackageManager.Initialize                                                                                                :        1 samples, Peak.   240 ms (1.0x), Avg.   240 ms, Total. 240.1 ms (0.8%)
[Performance] Connecting to Package Manager                                                                                                        :       25 samples, Peak.  55.6 us (19.4x), Avg.  2.87 us, Total. 71.70 us (0.0%)
[Performance] Application.EngineGraphics.Initialize                                                                                                :        1 samples, Peak.   238 ms (1.0x), Avg.   238 ms, Total. 238.4 ms (0.8%)
[Performance] Application.GI.Initialize                                                                                                            :        1 samples, Peak.  4.41 ms (1.0x), Avg.  4.41 ms, Total. 4.410 ms (0.0%)
[Performance] Application.LoadAllDefaultResourcesFromEditor                                                                                        :        1 samples, Peak.  1.38 ms (1.0x), Avg.  1.38 ms, Total. 1.376 ms (0.0%)
[Performance] Application.LoadMonoAssemblies                                                                                                       :        1 samples, Peak.   358 ms (1.0x), Avg.   358 ms, Total. 358.5 ms (1.2%)
[Performance] RestoreManagedReferences                                                                                                             :        2 samples, Peak.  49.8 ms (2.0x), Avg.  24.9 ms, Total. 49.77 ms (0.2%)
[Performance] InitializeOnLoad DrivenRectTransformUndo                                                                                             :        2 samples, Peak.   345 us (1.0x), Avg.   339 us, Total. 677.5 us (0.0%)
[Performance] InitializeOnLoad SceneSearch                                                                                                         :        2 samples, Peak.  82.8 us (1.1x), Avg.  74.8 us, Total. 149.6 us (0.0%)
[Performance] InitializeOnLoad CloudBuild                                                                                                          :        2 samples, Peak.  3.10 us (1.2x), Avg.  2.55 us, Total. 5.100 us (0.0%)
[Performance] InitializeOnLoad NativeFormatImporterUtility                                                                                         :        2 samples, Peak.  1.77 ms (1.2x), Avg.  1.48 ms, Total. 2.968 ms (0.0%)
[Performance] InitializeOnLoad SearchService                                                                                                       :        2 samples, Peak.  75.5 us (1.0x), Avg.  72.4 us, Total. 144.8 us (0.0%)
[Performance] InitializeOnLoad SettingsService                                                                                                     :        2 samples, Peak.  6.90 us (1.3x), Avg.  5.50 us, Total. 11.00 us (0.0%)
[Performance] InitializeOnLoad WindowLayout                                                                                                        :        2 samples, Peak.   486 us (1.1x), Avg.   447 us, Total. 893.4 us (0.0%)
[Performance] InitializeOnLoad AssetStoreContext                                                                                                   :        2 samples, Peak.  14.0 ms (1.7x), Avg.  8.33 ms, Total. 16.65 ms (0.1%)
[Performance] InitializeOnLoad PoolManager                                                                                                         :        2 samples, Peak.   344 us (1.0x), Avg.   339 us, Total. 678.4 us (0.0%)
[Performance] InitializeOnLoad MixerEffectDefinitionReloader                                                                                       :        2 samples, Peak.  1.73 ms (1.3x), Avg.  1.32 ms, Total. 2.643 ms (0.0%)
[Performance] InitializeOnLoad ProjectSearch                                                                                                       :        2 samples, Peak.  40.6 us (1.1x), Avg.  38.1 us, Total. 76.20 us (0.0%)
[Performance] InitializeOnLoad UISystemProfilerRenderService                                                                                       :        2 samples, Peak.  5.70 us (1.1x), Avg.  5.40 us, Total. 10.80 us (0.0%)
[Performance] InitializeOnLoad EditMode                                                                                                            :        2 samples, Peak.   248 us (1.0x), Avg.   242 us, Total. 483.5 us (0.0%)
[Performance] InitializeOnLoad UnityConnect                                                                                                        :        2 samples, Peak.  31.1 us (1.0x), Avg.  30.7 us, Total. 61.30 us (0.0%)
[Performance] InitializeOnLoad ManagedDebugger                                                                                                     :        2 samples, Peak.   349 us (1.7x), Avg.   211 us, Total. 421.7 us (0.0%)
[Performance] InitializeOnLoad ShortcutIntegration                                                                                                 :        2 samples, Peak.  39.6 us (1.1x), Avg.  35.1 us, Total. 70.30 us (0.0%)
[Performance] InitializeOnLoad AddComponentWindow                                                                                                  :        2 samples, Peak.  68.4 us (1.1x), Avg.  64.7 us, Total. 129.4 us (0.0%)
[Performance] InitializeOnLoad ManagedDebuggerWindow                                                                                               :        2 samples, Peak.  73.9 us (1.0x), Avg.  73.7 us, Total. 147.4 us (0.0%)
[Performance] InitializeOnLoad CacheServerWindow                                                                                                   :        2 samples, Peak.  6.20 us (1.3x), Avg.  4.80 us, Total. 9.600 us (0.0%)
[Performance] InitializeOnLoad PlayModeDownload                                                                                                    :        2 samples, Peak.  3.81 ms (1.9x), Avg.  1.97 ms, Total. 3.934 ms (0.0%)
[Performance] InitializeOnLoad MenuItems                                                                                                           :        2 samples, Peak.  60.2 us (1.2x), Avg.  52.0 us, Total. 103.9 us (0.0%)
[Performance] InitializeOnLoad PrefabInstanceChangedListener                                                                                       :        2 samples, Peak.  76.8 us (1.0x), Avg.  75.8 us, Total. 151.6 us (0.0%)
[Performance] InitializeOnLoad ObjectSelectorSearch                                                                                                :        2 samples, Peak.  60.2 us (1.5x), Avg.  40.7 us, Total. 81.40 us (0.0%)
[Performance] InitializeOnLoad EditorMonitor                                                                                                       :        2 samples, Peak.   430 us (1.3x), Avg.   339 us, Total. 678.8 us (0.0%)
[Performance] InitializeOnLoad RetainedMode                                                                                                        :        2 samples, Peak.  1.26 ms (1.0x), Avg.  1.24 ms, Total. 2.489 ms (0.0%)
[Performance] InitializeOnLoad EditorShaderLoader                                                                                                  :        2 samples, Peak.   372 us (1.0x), Avg.   356 us, Total. 711.8 us (0.0%)
[Performance] InitializeOnLoad EditorDelegateRegistration                                                                                          :        2 samples, Peak.   394 us (1.3x), Avg.   309 us, Total. 617.3 us (0.0%)
[Performance] InitializeOnLoad UIDocumentHierarchyWatcher                                                                                          :        2 samples, Peak.   157 us (1.6x), Avg.  95.9 us, Total. 191.9 us (0.0%)
[Performance] InitializeOnLoad LiveReloadTrackerCreator                                                                                            :        2 samples, Peak.   162 us (1.4x), Avg.   116 us, Total. 231.1 us (0.0%)
[Performance] InitializeOnLoad UxmlObjectEditorFactories                                                                                           :        2 samples, Peak.   355 us (1.2x), Avg.   296 us, Total. 591.2 us (0.0%)
[Performance] InitializeOnLoad UXMLEditorFactories                                                                                                 :        2 samples, Peak.  38.4 ms (1.1x), Avg.  34.6 ms, Total. 69.25 ms (0.2%)
[Performance] InitializeOnLoad PurchasingService                                                                                                   :        2 samples, Peak.  3.96 ms (1.0x), Avg.  3.88 ms, Total. 7.769 ms (0.0%)
[Performance] InitializeOnLoad CloudBuildPoller                                                                                                    :        2 samples, Peak.  72.9 us (1.1x), Avg.  68.5 us, Total. 136.9 us (0.0%)
[Performance] InitializeOnLoad EditorGameServicesAnalytics                                                                                         :        2 samples, Peak.  1.04 ms (1.6x), Avg.   653 us, Total. 1.305 ms (0.0%)
[Performance] InitializeOnLoad AnalyticsService                                                                                                    :        2 samples, Peak.   102 us (1.0x), Avg.   101 us, Total. 201.4 us (0.0%)
[Performance] InitializeOnLoad BuildService                                                                                                        :        2 samples, Peak.  83.2 us (1.0x), Avg.  81.5 us, Total. 163.1 us (0.0%)
[Performance] InitializeOnLoad AdsService                                                                                                          :        2 samples, Peak.   257 us (1.1x), Avg.   238 us, Total. 476.6 us (0.0%)
[Performance] InitializeOnLoad UDPService                                                                                                          :        2 samples, Peak.  85.7 us (1.0x), Avg.  81.9 us, Total. 163.8 us (0.0%)
[Performance] InitializeOnLoad CrashService                                                                                                        :        2 samples, Peak.  81.9 us (1.1x), Avg.  76.7 us, Total. 153.3 us (0.0%)
[Performance] InitializeOnLoad ServicesRepository                                                                                                  :        2 samples, Peak.   800 ns (1.5x), Avg.   550 ns, Total. 1.100 us (0.0%)
[Performance] InitializeOnLoad SearchWindow                                                                                                        :        2 samples, Peak.  90.4 us (1.2x), Avg.  77.4 us, Total. 154.8 us (0.0%)
[Performance] InitializeOnLoad CustomIndexers                                                                                                      :        2 samples, Peak.  10.7 ms (1.1x), Avg.  9.46 ms, Total. 18.93 ms (0.1%)
[Performance] InitializeOnLoad SearchMonitor                                                                                                       :        2 samples, Peak.   621 us (1.2x), Avg.   526 us, Total. 1.053 ms (0.0%)
[Performance] InitializeOnLoad ParameterControllerEditor                                                                                           :        2 samples, Peak.  12.2 us (1.1x), Avg.  10.8 us, Total. 21.50 us (0.0%)
[Performance] InitializeOnLoad LayerSettingsWindow                                                                                                 :        2 samples, Peak.  18.3 us (1.8x), Avg.  10.3 us, Total. 20.70 us (0.0%)
[Performance] InitializeOnLoad PackageManagerHookGUIDConverter.RegisterPackagesEventHandler                                                        :        2 samples, Peak.   459 us (1.5x), Avg.   299 us, Total. 597.8 us (0.0%)
[Performance] InitializeOnLoad EditorDragAndDrop.RegisterEditorClient                                                                              :        2 samples, Peak.   203 us (1.3x), Avg.   159 us, Total. 318.0 us (0.0%)
[Performance] InitializeOnLoad EditorEventCallbacks.InitializeFontAssetResourceChangeCallBacks                                                     :        2 samples, Peak.   593 us (1.0x), Avg.   589 us, Total. 1.178 ms (0.0%)
[Performance] InitializeOnLoad SceneTemplateService.Init                                                                                           :        2 samples, Peak.   617 us (1.1x), Avg.   541 us, Total. 1.082 ms (0.0%)
[Performance] InitializeOnLoad DiagnosticSwitchesConsoleMessage.Init                                                                               :        2 samples, Peak.  8.24 ms (1.9x), Avg.  4.29 ms, Total. 8.583 ms (0.0%)
[Performance] InitializeOnLoad MemoryProfilerCompilationGuard.InjectCompileGuard                                                                   :        2 samples, Peak.   117 us (1.5x), Avg.  77.0 us, Total. 154.0 us (0.0%)
[Performance] InitializeOnLoad EditorWindow.Initialize                                                                                             :        2 samples, Peak.   135 us (1.2x), Avg.   115 us, Total. 229.3 us (0.0%)
[Performance] InitializeOnLoad AssetPostprocessingInternal.RefreshCustomDependencies                                                               :        2 samples, Peak.  2.23 ms (1.3x), Avg.  1.66 ms, Total. 3.320 ms (0.0%)
[Performance] InitializeOnLoad SysrootManager.Initialize                                                                                           :        2 samples, Peak.   294 us (1.1x), Avg.   278 us, Total. 555.4 us (0.0%)
[Performance] InitializeOnLoad PackageManagerWindow.EditorInitializedInSafeMode                                                                    :        2 samples, Peak.  14.5 ms (2.0x), Avg.  7.30 ms, Total. 14.60 ms (0.1%)
[Performance] InitializeOnLoad ToolShortcutContext.Init                                                                                            :        2 samples, Peak.  87.2 us (1.1x), Avg.  82.0 us, Total. 164.0 us (0.0%)
[Performance] InitializeOnLoad SceneVisibilityManager.Initialize                                                                                   :        2 samples, Peak.  2.78 ms (1.7x), Avg.  1.64 ms, Total. 3.272 ms (0.0%)
[Performance] InitializeOnLoad ScopedRegistryAddedPopup.SubscribeToRegistriesAdded                                                                 :        2 samples, Peak.  5.20 ms (2.0x), Avg.  2.63 ms, Total. 5.256 ms (0.0%)
[Performance] AssemblyReloadEvents.afterAssemblyReload: UnityEditor.SceneTemplate.SceneTemplateService.AfterAssemblyReload                         :        2 samples, Peak.  1.08 ms (1.7x), Avg.   626 us, Total. 1.251 ms (0.0%)
[Performance] ProcessService.EditorAfterLoadAllAssemblies                                                                                          :        2 samples, Peak.   272 us (1.2x), Avg.   222 us, Total. 444.9 us (0.0%)
[Performance] Application.ReadLicenseInfo                                                                                                          :        1 samples, Peak.  14.7 ms (1.0x), Avg.  14.7 ms, Total. 14.72 ms (0.1%)
[Performance] Application.InitialRefresh                                                                                                           :        1 samples, Peak.  7.14 s (1.0x), Avg.  7.14 s, Total. 7.140 s (24.5%)
[Performance] Compiling Scripts                                                                                                                    :        1 samples, Peak.   674 ms (1.0x), Avg.   674 ms, Total. 674.0 ms (2.3%)
[Performance] AssemblyReloadEvents.beforeAssemblyReload: UnityEditor.SceneTemplate.SceneTemplateService.BeforeAssemblyReload                       :        1 samples, Peak.   368 us (1.0x), Avg.   368 us, Total. 368.5 us (0.0%)
[Performance] InitializeOnLoad BurstLoader                                                                                                         :        1 samples, Peak.  2.54 s (1.0x), Avg.  2.54 s, Total. 2.544 s (8.7%)
[Performance] InitializeOnLoad ShadowCasterGroup2DManager                                                                                          :        1 samples, Peak.   302 us (1.0x), Avg.   302 us, Total. 302.2 us (0.0%)
[Performance] InitializeOnLoad OnDomainReload                                                                                                      :        1 samples, Peak.   392 us (1.0x), Avg.   392 us, Total. 391.8 us (0.0%)
[Performance] InitializeOnLoad EditorInitialize                                                                                                    :        4 samples, Peak.  12.0 ms (3.5x), Avg.  3.43 ms, Total. 13.71 ms (0.0%)
[Performance] InitializeOnLoad CanvasesAndTheirOwners                                                                                              :        1 samples, Peak.   123 us (1.0x), Avg.   123 us, Total. 123.1 us (0.0%)
[Performance] InitializeOnLoad UnityTestProtocolStarter                                                                                            :        1 samples, Peak.   482 us (1.0x), Avg.   482 us, Total. 482.4 us (0.0%)
[Performance] InitializeOnLoad TestRunnerInitializer                                                                                               :        1 samples, Peak.  3.46 ms (1.0x), Avg.  3.46 ms, Total. 3.460 ms (0.0%)
[Performance] InitializeOnLoad ProbeGIBaking                                                                                                       :        1 samples, Peak.  2.19 ms (1.0x), Avg.  2.19 ms, Total. 2.191 ms (0.0%)
[Performance] InitializeOnLoad FilterWindow                                                                                                        :        1 samples, Peak.  36.6 us (1.0x), Avg.  36.6 us, Total. 36.60 us (0.0%)
[Performance] InitializeOnLoad RealtimeProbeSubdivisionDebug                                                                                       :        1 samples, Peak.   162 us (1.0x), Avg.   162 us, Total. 162.2 us (0.0%)
[Performance] InitializeOnLoad CinemachineStoryboardMute                                                                                           :        1 samples, Peak.   302 us (1.0x), Avg.   302 us, Total. 301.7 us (0.0%)
[Performance] InitializeOnLoad SaveDuringPlay                                                                                                      :        1 samples, Peak.  59.0 us (1.0x), Avg.  59.0 us, Total. 59.00 us (0.0%)
[Performance] InitializeOnLoad CollectGizmoDrawers                                                                                                 :        1 samples, Peak.  18.4 ms (1.0x), Avg.  18.4 ms, Total. 18.39 ms (0.1%)
[Performance] InitializeOnLoad CinemachineScreenComposerGuidesGlobalDraggable                                                                      :        1 samples, Peak.   274 us (1.0x), Avg.   274 us, Total. 273.9 us (0.0%)
[Performance] InitializeOnLoad CinemachineEditorAnalytics                                                                                          :        1 samples, Peak.  66.0 us (1.0x), Avg.  66.0 us, Total. 66.00 us (0.0%)
[Performance] InitializeOnLoad CreateRigWithUndo                                                                                                   :        1 samples, Peak.   147 us (1.0x), Avg.   147 us, Total. 146.9 us (0.0%)
[Performance] InitializeOnLoad CreatePipelineWithUndo                                                                                              :        1 samples, Peak.   112 us (1.0x), Avg.   112 us, Total. 111.7 us (0.0%)
[Performance] InitializeOnLoad SyncCacheEnabledSetting                                                                                             :        1 samples, Peak.   528 us (1.0x), Avg.   528 us, Total. 527.9 us (0.0%)
[Performance] InitializeOnLoad CinemachineColliderPrefs                                                                                            :        1 samples, Peak.   157 us (1.0x), Avg.   157 us, Total. 157.0 us (0.0%)
[Performance] InitializeOnLoad EditorToolManager                                                                                                   :        2 samples, Peak.  1.44 ms (1.8x), Avg.   791 us, Total. 1.582 ms (0.0%)
[Performance] InitializeOnLoad GetIl2CppFolderHook                                                                                                 :        1 samples, Peak.  8.15 ms (1.0x), Avg.  8.15 ms, Total. 8.153 ms (0.0%)
[Performance] InitializeOnLoad CopyStrippedAOTAssembliesHook                                                                                       :        1 samples, Peak.   867 us (1.0x), Avg.   867 us, Total. 866.6 us (0.0%)
[Performance] InitializeOnLoad SpriteEditorWindow                                                                                                  :        1 samples, Peak.   349 us (1.0x), Avg.   349 us, Total. 348.5 us (0.0%)
[Performance] InitializeOnLoad PrefabLayoutRebuilder                                                                                               :        1 samples, Peak.   161 us (1.0x), Avg.   161 us, Total. 161.3 us (0.0%)
[Performance] InitializeOnLoad UnityEditorToolbar                                                                                                  :        1 samples, Peak.   837 us (1.0x), Avg.   837 us, Total. 837.0 us (0.0%)
[Performance] InitializeOnLoad NodeClassCache                                                                                                      :        1 samples, Peak.  7.10 us (1.0x), Avg.  7.10 us, Total. 7.100 us (0.0%)
[Performance] InitializeOnLoad ShaderGraphMaterialsUpdater                                                                                         :        2 samples, Peak.   264 us (1.7x), Avg.   157 us, Total. 313.8 us (0.0%)
[Performance] InitializeOnLoad Renderer2DAnalytics                                                                                                 :        1 samples, Peak.  72.7 us (1.0x), Avg.  72.7 us, Total. 72.70 us (0.0%)
[Performance] InitializeOnLoad RiderScriptEditor                                                                                                   :        1 samples, Peak.  7.94 ms (1.0x), Avg.  7.94 ms, Total. 7.942 ms (0.0%)
[Performance] InitializeOnLoad CallbackInitializer                                                                                                 :        1 samples, Peak.  1.11 ms (1.0x), Avg.  1.11 ms, Total. 1.106 ms (0.0%)
[Performance] InitializeOnLoad ColorTimingTestEvidence                                                                                             :        1 samples, Peak.   323 us (1.0x), Avg.   323 us, Total. 323.0 us (0.0%)
[Performance] InitializeOnLoad LoggerScopedInitializer                                                                                             :        1 samples, Peak.   170 us (1.0x), Avg.   170 us, Total. 170.4 us (0.0%)
[Performance] InitializeOnLoad AssemblyChangesLoader                                                                                               :        1 samples, Peak.  81.2 us (1.0x), Avg.  81.2 us, Total. 81.20 us (0.0%)
[Performance] InitializeOnLoad DetourCrashHandler                                                                                                  :        1 samples, Peak.   147 us (1.0x), Avg.   147 us, Total. 146.9 us (0.0%)
[Performance] InitializeOnLoad NewFieldsRendererDefaultEditorPatch                                                                                 :        1 samples, Peak.   206 ms (1.0x), Avg.   206 ms, Total. 206.1 ms (0.7%)
[Performance] InitializeOnLoad ProjectWindowReloadStatusIndicatorDrawer                                                                            :        1 samples, Peak.  1.17 ms (1.0x), Avg.  1.17 ms, Total. 1.166 ms (0.0%)
[Performance] InitializeOnLoad FastScriptReloadManager                                                                                             :        1 samples, Peak.  1.80 us (1.0x), Avg.  1.80 us, Total. 1.800 us (0.0%)
[Performance] InitializeOnLoad DynamicCompilationBase                                                                                              :        1 samples, Peak.   103 ms (1.0x), Avg.   103 ms, Total. 103.3 ms (0.4%)
[Performance] InitializeOnLoad CustomFileWatcher                                                                                                   :        1 samples, Peak.   109 us (1.0x), Avg.   109 us, Total. 109.4 us (0.0%)
[Performance] InitializeOnLoad DotnetExeDynamicCompilation                                                                                         :        1 samples, Peak.   341 ms (1.0x), Avg.   341 ms, Total. 340.9 ms (1.2%)
[Performance] InitializeOnLoad ScriptGenerationOverridesManager                                                                                    :        1 samples, Peak.  1.15 ms (1.0x), Avg.  1.15 ms, Total. 1.148 ms (0.0%)
[Performance] InitializeOnLoad AddInternalsVisibleToForAllUserAssembliesPostProcess                                                                :        1 samples, Peak.   361 us (1.0x), Avg.   361 us, Total. 360.9 us (0.0%)
[Performance] InitializeOnLoad FastScriptReloadWelcomeScreenInitializer                                                                            :        1 samples, Peak.  43.5 ms (1.0x), Avg.  43.5 ms, Total. 43.48 ms (0.1%)
[Performance] InitializeOnLoad PackageEntryPoint                                                                                                   :        1 samples, Peak.  71.6 ms (1.0x), Avg.  71.6 ms, Total. 71.64 ms (0.2%)
[Performance] InitializeOnLoad SpineEditorUtilities                                                                                                :        1 samples, Peak.   319 us (1.0x), Avg.   319 us, Total. 318.9 us (0.0%)
[Performance] InitializeOnLoad BackgroundImport                                                                                                    :        1 samples, Peak.   141 us (1.0x), Avg.   141 us, Total. 140.7 us (0.0%)
[Performance] InitializeOnLoad RegistryService                                                                                                     :        1 samples, Peak.  6.90 ms (1.0x), Avg.  6.90 ms, Total. 6.903 ms (0.0%)
[Performance] InitializeOnLoad BatchJobService                                                                                                     :        1 samples, Peak.  3.96 ms (1.0x), Avg.  3.96 ms, Total. 3.959 ms (0.0%)
[Performance] InitializeOnLoad AsyncJobService                                                                                                     :        1 samples, Peak.   540 us (1.0x), Avg.   540 us, Total. 540.4 us (0.0%)
[Performance] InitializeOnLoad SkillsHttpServer                                                                                                    :        1 samples, Peak.  2.07 ms (1.0x), Avg.  2.07 ms, Total. 2.070 ms (0.0%)
[Performance] InitializeOnLoad VSCodeScriptEditor                                                                                                  :        1 samples, Peak.  5.70 ms (1.0x), Avg.  5.70 ms, Total. 5.699 ms (0.0%)
[Performance] InitializeOnLoad VSUsageUtility                                                                                                      :        1 samples, Peak.  27.2 ms (1.0x), Avg.  27.2 ms, Total. 27.17 ms (0.1%)
[Performance] InitializeOnLoad VisualStudioEditor                                                                                                  :        1 samples, Peak.  7.22 ms (1.0x), Avg.  7.22 ms, Total. 7.224 ms (0.0%)
[Performance] InitializeOnLoad TestRunnerApiListener                                                                                               :        1 samples, Peak.   580 us (1.0x), Avg.   580 us, Total. 580.2 us (0.0%)
[Performance] InitializeOnLoad VisualStudioIntegration                                                                                             :        1 samples, Peak.   847 us (1.0x), Avg.   847 us, Total. 847.3 us (0.0%)
[Performance] InitializeOnLoad SpriteSkinCompositeStartup                                                                                          :        1 samples, Peak.  13.7 ms (1.0x), Avg.  13.7 ms, Total. 13.71 ms (0.0%)
[Performance] InitializeOnLoad VersionValidator                                                                                                    :        1 samples, Peak.  1.63 ms (1.0x), Avg.  1.63 ms, Total. 1.627 ms (0.0%)
[Performance] InitializeOnLoad LogPreferences                                                                                                      :        1 samples, Peak.   199 us (1.0x), Avg.   199 us, Total. 199.1 us (0.0%)
[Performance] InitializeOnLoad DestroyListener                                                                                                     :        1 samples, Peak.   279 us (1.0x), Avg.   279 us, Total. 279.1 us (0.0%)
[Performance] InitializeOnLoad ProGridsInterface                                                                                                   :        1 samples, Peak.  2.25 ms (1.0x), Avg.  2.25 ms, Total. 2.248 ms (0.0%)
[Performance] InitializeOnLoad EntityVisibility                                                                                                    :        1 samples, Peak.   372 us (1.0x), Avg.   372 us, Total. 371.7 us (0.0%)
[Performance] InitializeOnLoad VertexManipulationToolSettings                                                                                      :        1 samples, Peak.   107 us (1.0x), Avg.   107 us, Total. 107.3 us (0.0%)
[Performance] InitializeOnLoad UndoUtility                                                                                                         :        1 samples, Peak.  91.7 us (1.0x), Avg.  91.7 us, Total. 91.70 us (0.0%)
[Performance] InitializeOnLoad HierarchyListener                                                                                                   :        1 samples, Peak.   174 us (1.0x), Avg.   174 us, Total. 174.3 us (0.0%)
[Performance] InitializeOnLoad Lightmapping                                                                                                        :        1 samples, Peak.   579 us (1.0x), Avg.   579 us, Total. 578.9 us (0.0%)
[Performance] InitializeOnLoad SceneDragAndDropListener                                                                                            :        1 samples, Peak.   288 us (1.0x), Avg.   288 us, Total. 288.1 us (0.0%)
[Performance] InitializeOnLoad MeshSelection                                                                                                       :        1 samples, Peak.  24.4 ms (1.0x), Avg.  24.4 ms, Total. 24.37 ms (0.1%)
[Performance] InitializeOnLoad UnityInternalsInjector                                                                                              :        1 samples, Peak.  1.32 ms (1.0x), Avg.  1.32 ms, Total. 1.320 ms (0.0%)
[Performance] InitializeOnLoad UVCSToolbarBoostrap                                                                                                 :        1 samples, Peak.  60.3 ms (1.0x), Avg.  60.3 ms, Total. 60.30 ms (0.2%)
[Performance] InitializeOnLoad UnityAnalyticsStorage                                                                                               :        1 samples, Peak.   319 us (1.0x), Avg.   319 us, Total. 318.6 us (0.0%)
[Performance] InitializeOnLoad BoneGizmoInitializer                                                                                                :        1 samples, Peak.  2.07 ms (1.0x), Avg.  2.07 ms, Total. 2.075 ms (0.0%)
[Performance] InitializeOnLoad Analytics                                                                                                           :        1 samples, Peak.   199 us (1.0x), Avg.   199 us, Total. 198.8 us (0.0%)
[Performance] InitializeOnLoad SceneDragAndDrop                                                                                                    :        1 samples, Peak.   122 us (1.0x), Avg.   122 us, Total. 122.3 us (0.0%)
[Performance] InitializeOnLoad SpriteShapeUpdateCache                                                                                              :        1 samples, Peak.   352 us (1.0x), Avg.   352 us, Total. 352.0 us (0.0%)
[Performance] InitializeOnLoad SpriteShapeUnityAnalyticsStorage                                                                                    :        1 samples, Peak.  12.7 us (1.0x), Avg.  12.7 us, Total. 12.70 us (0.0%)
[Performance] InitializeOnLoad IKEditorManager.CreateInstance                                                                                      :        1 samples, Peak.  1.63 ms (1.0x), Avg.  1.63 ms, Total. 1.629 ms (0.0%)
[Performance] InitializeOnLoad __JobReflectionRegistrationOutput__13059449685540781863.EarlyInit                                                   :        1 samples, Peak.   651 us (1.0x), Avg.   651 us, Total. 650.6 us (0.0%)
[Performance] InitializeOnLoad $BurstDirectCallInitializer.Initialize                                                                              :        7 samples, Peak.  22.5 ms (4.2x), Avg.  5.41 ms, Total. 37.90 ms (0.1%)
[Performance] InitializeOnLoad SceneViewGridManager.Initialize                                                                                     :        1 samples, Peak.  3.08 ms (1.0x), Avg.  3.08 ms, Total. 3.080 ms (0.0%)
[Performance] InitializeOnLoad TilemapPrefabStageHelper.Initialize                                                                                 :        1 samples, Peak.  1.02 ms (1.0x), Avg.  1.02 ms, Total. 1.022 ms (0.0%)
[Performance] InitializeOnLoad SceneViewOpenTilePaletteHelper.Initialize                                                                           :        1 samples, Peak.   837 us (1.0x), Avg.   837 us, Total. 836.5 us (0.0%)
[Performance] InitializeOnLoad TileDragAndDropManager.Initialize                                                                                   :        1 samples, Peak.   639 us (1.0x), Avg.   639 us, Total. 638.7 us (0.0%)
[Performance] InitializeOnLoad UnityConverterInitializer.Init                                                                                      :        1 samples, Peak.  24.2 ms (1.0x), Avg.  24.2 ms, Total. 24.23 ms (0.1%)
[Performance] InitializeOnLoad ProBuilderSettings.SaveSettingsOnExit                                                                               :        1 samples, Peak.  42.2 us (1.0x), Avg.  42.2 us, Total. 42.20 us (0.0%)
[Performance] InitializeOnLoad __JobReflectionRegistrationOutput__12640072059193112690.EarlyInit                                                   :        1 samples, Peak.  1.49 ms (1.0x), Avg.  1.49 ms, Total. 1.487 ms (0.0%)
[Performance] InitializeOnLoad VisualStudioEditor.LegacyVisualStudioCodePackageDisabler                                                            :        1 samples, Peak.  2.57 ms (1.0x), Avg.  2.57 ms, Total. 2.574 ms (0.0%)
[Performance] InitializeOnLoad MaterialReimporter.RegisterUpgraderReimport                                                                         :        2 samples, Peak.   212 us (1.7x), Avg.   124 us, Total. 247.4 us (0.0%)
[Performance] InitializeOnLoad PackageManagerHelper.Initialize                                                                                     :        1 samples, Peak.  7.20 ms (1.0x), Avg.  7.20 ms, Total. 7.205 ms (0.0%)
[Performance] InitializeOnLoad DOTweenPresenceDetector.Synchronize                                                                                 :        1 samples, Peak.  3.49 ms (1.0x), Avg.  3.49 ms, Total. 3.487 ms (0.0%)
[Performance] InitializeOnLoad BackgroundImport.Setup                                                                                              :        1 samples, Peak.   517 us (1.0x), Avg.   517 us, Total. 516.9 us (0.0%)
[Performance] InitializeOnLoad CLILeakDetectionSwitcher.SetLeakDetectionModeFromEnvironment                                                        :        1 samples, Peak.   253 us (1.0x), Avg.   253 us, Total. 252.7 us (0.0%)
[Performance] InitializeOnLoad PlayerLoopHelper.InitOnEditor                                                                                       :        1 samples, Peak.  4.98 ms (1.0x), Avg.  4.98 ms, Total. 4.982 ms (0.0%)
[Performance] InitializeOnLoad __JobReflectionRegistrationOutput__1652832624114795843.EarlyInit                                                    :        1 samples, Peak.  3.76 ms (1.0x), Avg.  3.76 ms, Total. 3.759 ms (0.0%)
[Performance] InitializeOnLoad GameDataGenerator.InitEPPlusLicense                                                                                 :        1 samples, Peak.   548 us (1.0x), Avg.   548 us, Total. 548.1 us (0.0%)
[Performance] InitializeOnLoad UIFormBaseInspector.InitEditor                                                                                      :        1 samples, Peak.   158 us (1.0x), Avg.   158 us, Total. 158.5 us (0.0%)
[Performance] InitializeOnLoad DataTableUpdater.Init                                                                                               :        1 samples, Peak.  14.1 ms (1.0x), Avg.  14.1 ms, Total. 14.09 ms (0.0%)
[Performance] InitializeOnLoad EditorToolbarExtension.Init                                                                                         :        1 samples, Peak.   375 ms (1.0x), Avg.   375 ms, Total. 375.4 ms (1.3%)
[Performance] EditorResources.Load                                                                                                                 :       54 samples, Peak.  14.8 ms (47.9x), Avg.   308 us, Total. 16.65 ms (0.1%)
[Performance] InitializeOnLoad UIFormBaseInspector.RebindPropertiesDelay                                                                           :        1 samples, Peak.   244 us (1.0x), Avg.   244 us, Total. 244.3 us (0.0%)
[Performance] InitializeOnLoad UIItemBaseInspector.RebindPropertiesDelay                                                                           :        1 samples, Peak.   170 us (1.0x), Avg.   170 us, Total. 169.5 us (0.0%)
[Performance] InitializeOnLoad ProjectPanelRightClickExtension.TaskRefresh                                                                         :        1 samples, Peak.   250 us (1.0x), Avg.   250 us, Total. 250.4 us (0.0%)
[Performance] InitializeOnLoad TestStarter.Initialize                                                                                              :        1 samples, Peak.  4.90 ms (1.0x), Avg.  4.90 ms, Total. 4.905 ms (0.0%)
[Performance] InitializeOnLoad AnalyticsReporter.RegisterCallbacks                                                                                 :        1 samples, Peak.   359 us (1.0x), Avg.   359 us, Total. 359.1 us (0.0%)
[Performance] InitializeOnLoad TestJobDataHolder.ResumeRunningJobs                                                                                 :        1 samples, Peak.   806 us (1.0x), Avg.   806 us, Total. 805.8 us (0.0%)
[Performance] InitializeOnLoad DebugManagerWindowLifetimeAnalytic.SubscribeToDebugManagerOpenCloseWindows                                          :        1 samples, Peak.   445 us (1.0x), Avg.   445 us, Total. 445.2 us (0.0%)
[Performance] InitializeOnLoad CoreRenderPipelinePreferences.InitPreferenceProviders                                                               :        1 samples, Peak.  19.2 ms (1.0x), Avg.  19.2 ms, Total. 19.16 ms (0.1%)
[Performance] InitializeOnLoad VolumeGizmoDrawer.InitVolumeGizmoCallbacks                                                                          :        1 samples, Peak.   298 us (1.0x), Avg.   298 us, Total. 298.2 us (0.0%)
[Performance] DidReloadScriptsCinemachineExtension.OnScriptReload                                                                                  :        1 samples, Peak.   321 us (1.0x), Avg.   321 us, Total. 320.5 us (0.0%)
[Performance] DidReloadScriptsCinemachineVirtualCameraBase.OnScriptReload                                                                          :        1 samples, Peak.   220 us (1.0x), Avg.   220 us, Total. 220.3 us (0.0%)
[Performance] DidReloadScriptsTestRunnerWindow.CompilationCallback                                                                                 :        1 samples, Peak.   439 us (1.0x), Avg.   439 us, Total. 439.4 us (0.0%)
[Performance] DidReloadScriptsTestListCache.ScriptReloaded                                                                                         :        1 samples, Peak.  1.80 ms (1.0x), Avg.  1.80 ms, Total. 1.802 ms (0.0%)
[Performance] DidReloadScriptsLookDev.OnEditorReload                                                                                               :        1 samples, Peak.   202 us (1.0x), Avg.   202 us, Total. 201.7 us (0.0%)
[Performance] DidReloadScriptsDebugWindow.OnEditorReload                                                                                           :        1 samples, Peak.  5.69 ms (1.0x), Avg.  5.69 ms, Total. 5.689 ms (0.0%)
[Performance] DidReloadScriptsVolumeComponentEditor.OnEditorReload                                                                                 :        1 samples, Peak.  13.5 ms (1.0x), Avg.  13.5 ms, Total. 13.50 ms (0.0%)
[Performance] DidReloadScriptsAdvancedDropdownWindow.OnScriptReload                                                                                :        1 samples, Peak.   206 us (1.0x), Avg.   206 us, Total. 205.8 us (0.0%)
[Performance] AssemblyReloadEvents.afterAssemblyReload: UnitySkills.SkillsHttpServer.OnAfterAssemblyReload                                         :        1 samples, Peak.   719 us (1.0x), Avg.   719 us, Total. 718.7 us (0.0%)
[Performance] AssemblyReloadEvents.afterAssemblyReload: UnityEditor.ProBuilder.HierarchyListener.OnAfterAssemblyReload                             :        1 samples, Peak.   198 us (1.0x), Avg.   198 us, Total. 198.2 us (0.0%)
[Performance] AssemblyReloadEvents.afterAssemblyReload: UnityEditor.U2D.Animation.BoneGizmo.OnAfterAssemblyReload                                  :        1 samples, Peak.   571 us (1.0x), Avg.   571 us, Total. 570.5 us (0.0%)
[Performance] CinemachineSettings.OnPostprocessAllAssets                                                                                           :      234 samples, Peak.   228 us (11.3x), Avg.  20.3 us, Total. 4.740 ms (0.0%)
[Performance] UniversalRenderPipelineGlobalSettingsPostprocessor.OnPostprocessAllAssets                                                            :      234 samples, Peak.   941 us (77.7x), Avg.  12.1 us, Total. 2.835 ms (0.0%)
[Performance] SyncVS.PostprocessSyncProject                                                                                                        :      117 samples, Peak.   173 ms (14.3x), Avg.  12.1 ms, Total. 1.418 s (4.9%)
[Performance] Application.ImportPackagesAndSetTemplateWhenCreatingProject                                                                          :        1 samples, Peak.  8.15 ms (1.0x), Avg.  8.15 ms, Total. 8.146 ms (0.0%)
[Performance] Application.SyncCurrentColorSpace                                                                                                    :        1 samples, Peak.   135 ms (1.0x), Avg.   135 ms, Total. 135.3 ms (0.5%)
[Performance] Application.OnUsbDevicesChanged                                                                                                      :        1 samples, Peak.  17.5 ms (1.0x), Avg.  17.5 ms, Total. 17.49 ms (0.1%)
[Performance] Application.AssetInstanceCacheUpdate                                                                                                 :        1 samples, Peak.   400 ns (1.0x), Avg.   400 ns, Total. 400.0 ns (0.0%)
[Performance] Application.UnityExtensions.Initialize                                                                                               :        1 samples, Peak.  10.1 ms (1.0x), Avg.  10.1 ms, Total. 10.12 ms (0.0%)
[Performance] CodeEditorProjectSync.SyncEditorProject                                                                                              :        1 samples, Peak.   372 ms (1.0x), Avg.   372 ms, Total. 371.9 ms (1.3%)
[Performance] Application.ExecuteStartups                                                                                                          :        1 samples, Peak.  80.1 ms (1.0x), Avg.  80.1 ms, Total. 80.12 ms (0.3%)
[Performance] Menu.RegisterMenuInterface                                                                                                           :       26 samples, Peak.  1.90 us (9.3x), Avg.   204 ns, Total. 5.300 us (0.0%)
[Performance] Gizmo.RebuildRenderers                                                                                                               :        1 samples, Peak.  78.1 ms (1.0x), Avg.  78.1 ms, Total. 78.14 ms (0.3%)
[Performance] Gizmo.AddGizmoRenderers                                                                                                              :      182 samples, Peak.  1.26 ms (62.5x), Avg.  20.1 us, Total. 3.654 ms (0.0%)
[Performance] Application.editorInitializingProject                                                                                                :        1 samples, Peak.  14.1 us (1.0x), Avg.  14.1 us, Total. 14.10 us (0.0%)
[Performance] Application.FinishLoadingProject                                                                                                     :        1 samples, Peak.   710 ms (1.0x), Avg.   710 ms, Total. 709.8 ms (2.4%)
[Performance] Application.InitializeMenu                                                                                                           :        1 samples, Peak.   296 ms (1.0x), Avg.   296 ms, Total. 296.4 ms (1.0%)
[Performance] Menu.RebuildAll                                                                                                                      :        1 samples, Peak.   296 ms (1.0x), Avg.   296 ms, Total. 296.4 ms (1.0%)
[Performance] Menu.BuildRegisteredMenuInterfaces                                                                                                   :        1 samples, Peak.   294 ms (1.0x), Avg.   294 ms, Total. 293.7 ms (1.0%)
[Performance] Menu.FilterMenuItem                                                                                                                  :     1183 samples, Peak.   135 ms (1023.9x), Avg.   131 us, Total. 155.5 ms (0.5%)
[Performance] UpdateAllMenus                                                                                                                       :        1 samples, Peak.   497 us (1.0x), Avg.   497 us, Total. 497.3 us (0.0%)
[Performance] Menu.RebuildOSMainMenu                                                                                                               :        1 samples, Peak.  1.99 ms (1.0x), Avg.  1.99 ms, Total. 1.988 ms (0.0%)
[Performance] EditorSceneManager.sceneClosing: UnityEditor.SceneVisibilityManager.EditorSceneManagerOnSceneClosing                                 :       47 samples, Peak.  1.75 ms (34.6x), Avg.  50.6 us, Total. 2.378 ms (0.0%)
[Performance] GUIView.RepaintAll.PlayerLoopController                                                                                              :       67 samples, Peak.  1.40 us (1.6x), Avg.   863 ns, Total. 57.80 us (0.0%)
[Performance] EditorSceneManager.newSceneCreated: UnityEditor.SceneTemplate.SceneTemplateService.OnNewSceneCreated                                 :       47 samples, Peak.   198 us (28.5x), Avg.  6.97 us, Total. 327.4 us (0.0%)
[Performance] EditorSceneManager.newSceneCreated: UnityEditor.SceneVisibilityManager.EditorSceneManagerOnNewSceneCreated                           :       47 samples, Peak.   193 us (9.7x), Avg.  19.9 us, Total. 933.6 us (0.0%)
[Performance] EditorSceneManager.newSceneCreated: UnityEditor.SceneManagement.StageNavigationManager.OnNewSceneCreated                             :       47 samples, Peak.  79.9 us (20.8x), Avg.  3.84 us, Total. 180.5 us (0.0%)
[Performance] Application.InvokeFinishedLoadingProject                                                                                             :        1 samples, Peak.   356 ms (1.0x), Avg.   356 ms, Total. 356.0 ms (1.2%)
[Performance] ProcessService.OnProjectLoaded                                                                                                       :        1 samples, Peak.   252 us (1.0x), Avg.   252 us, Total. 252.1 us (0.0%)
[Performance] VersionControl.Task.Wait                                                                                                             :        1 samples, Peak.  5.90 us (1.0x), Avg.  5.90 us, Total. 5.900 us (0.0%)
[Performance] Application.InvokeProjectWasLoaded                                                                                                   :        1 samples, Peak.  30.0 us (1.0x), Avg.  30.0 us, Total. 30.00 us (0.0%)
[Performance] Application.Message                                                                                                                  :      110 samples, Peak.   101 us (14.7x), Avg.  6.83 us, Total. 751.4 us (0.0%)
[Performance] Application.Message.Timer                                                                                                            :       16 samples, Peak.  88.4 us (2.8x), Avg.  31.6 us, Total. 506.0 us (0.0%)
[Performance] Application.Message.WM_0031F                                                                                                         :        1 samples, Peak.  6.30 us (1.0x), Avg.  6.30 us, Total. 6.300 us (0.0%)
[Performance] Application.Tick                                                                                                                     :      109 samples, Peak.  3.70 s (22.6x), Avg.   164 ms, Total. 17.85 s (61.2%)
[Performance] CheckLicensingClient                                                                                                                 :        3 samples, Peak.  13.3 us (1.2x), Avg.  11.5 us, Total. 34.50 us (0.0%)
[Performance] CheckLicensingClientNotification                                                                                                     :        3 samples, Peak.  17.1 us (1.1x), Avg.  15.1 us, Total. 45.30 us (0.0%)
[Performance] LicenseActivated.Tick                                                                                                                :        1 samples, Peak.  7.40 us (1.0x), Avg.  7.40 us, Total. 7.400 us (0.0%)
[Performance] Application.TickVersionControl                                                                                                       :      110 samples, Peak.  4.20 us (4.6x), Avg.   906 ns, Total. 99.70 us (0.0%)
[Performance] MonoCompiler.Tick                                                                                                                    :       17 samples, Peak.  7.80 us (3.5x), Avg.  2.22 us, Total. 37.70 us (0.0%)
[Performance] UnityConnect.Tick                                                                                                                    :       25 samples, Peak.  3.96 ms (23.7x), Avg.   167 us, Total. 4.170 ms (0.0%)
[Performance] UnityVersionControl.Tick                                                                                                             :       25 samples, Peak.   700 ns (3.4x), Avg.   204 ns, Total. 5.100 us (0.0%)
[Performance] CurlRequest.Tick                                                                                                                     :       19 samples, Peak.   383 us (16.3x), Avg.  23.4 us, Total. 445.2 us (0.0%)
[Performance] HubClient.Tick                                                                                                                       :       19 samples, Peak.   400 ns (2.2x), Avg.   179 ns, Total. 3.400 us (0.0%)
[Performance] AssetDatabase.Tick                                                                                                                   :       19 samples, Peak.  52.3 us (17.7x), Avg.  2.95 us, Total. 56.00 us (0.0%)
[Performance] SceneBackgroundTask.Tick                                                                                                             :       18 samples, Peak.   500 ns (3.1x), Avg.   161 ns, Total. 2.900 us (0.0%)
[Performance] Scheduler.Tick                                                                                                                       :       42 samples, Peak.  1.42 ms (34.6x), Avg.  41.0 us, Total. 1.720 ms (0.0%)
[Performance] RepaintAllProfilerWindows                                                                                                            :       12 samples, Peak.   179 us (10.9x), Avg.  16.4 us, Total. 196.4 us (0.0%)
[Performance] PlayerUpdates.Tick                                                                                                                   :       25 samples, Peak.  21.8 us (1.4x), Avg.  15.3 us, Total. 383.4 us (0.0%)
[Performance] Application.TickGlobalCallbacks                                                                                                      :      110 samples, Peak.   126 ms (87.9x), Avg.  1.43 ms, Total. 157.7 ms (0.5%)
[Performance] CoreBusinessMetrics.Tick                                                                                                             :        1 samples, Peak.  45.0 us (1.0x), Avg.  45.0 us, Total. 45.00 us (0.0%)
[Performance] EditorAnalytics.Tick                                                                                                                 :       16 samples, Peak.  7.40 us (9.3x), Avg.   794 ns, Total. 12.70 us (0.0%)
[Performance] GI.Tick                                                                                                                              :       25 samples, Peak.   126 ms (24.1x), Avg.  5.24 ms, Total. 130.9 ms (0.4%)
[Performance] Video.Update                                                                                                                         :      110 samples, Peak.  1.30 us (3.4x), Avg.   379 ns, Total. 41.70 us (0.0%)
[Performance] UnitySynchronization.ExecuteTasks                                                                                                    :       24 samples, Peak.  5.20 us (1.6x), Avg.  3.30 us, Total. 79.10 us (0.0%)
[Performance] Application.TickPreloadManager                                                                                                       :      110 samples, Peak.  6.90 us (2.6x), Avg.  2.61 us, Total. 286.8 us (0.0%)
[Performance] Application.TickProgress                                                                                                             :      110 samples, Peak.  1.80 ms (84.3x), Avg.  21.4 us, Total. 2.350 ms (0.0%)
[Performance] Application.TickSceneTracker                                                                                                         :      109 samples, Peak.  3.70 s (23.0x), Avg.   161 ms, Total. 17.50 s (60.0%)
[Performance] EditorApplication.update                                                                                                             :      109 samples, Peak.  3.70 s (23.0x), Avg.   160 ms, Total. 17.49 s (60.0%)
[Performance] EditorApplication.update: UnityEngine.Rendering.ProbeSubdivisionContext+RealtimeProbeSubdivisionDebug.UpdateRealtimeSubdivisionDebug :      110 samples, Peak.  1.89 ms (104.2x), Avg.  18.2 us, Total. 1.999 ms (0.0%)
[Performance] EditorApplication.update: UGF.EditorTools.ToolbarCallback.OnUpdate                                                                   :      110 samples, Peak.   151 us (6.2x), Avg.  24.2 us, Total. 2.659 ms (0.0%)
[Performance] EditorApplication.update: FastScriptReload.Editor.FastScriptReloadManager.Update                                                     :      110 samples, Peak.  3.17 ms (24.5x), Avg.   130 us, Total. 14.25 ms (0.0%)
[Performance] EditorApplication.update: callback in FastScriptReload.Editor.GUI.ProjectWindowReloadStatusIndicatorDrawer                           :      110 samples, Peak.   164 us (2.2x), Avg.  73.4 us, Total. 8.077 ms (0.0%)
[Performance] EditorApplication.update: FastScriptReload.Editor.Compilation.ScriptGenerationOverrides.ScriptGenerationOverridesManager.Update      :      110 samples, Peak.  41.0 us (38.7x), Avg.  1.06 us, Total. 116.5 us (0.0%)
[Performance] EditorApplication.update: callback in ImmersiveVRTools.Editor.Common.WelcomeScreen.WelcomeScreenInitializerBase                      :        1 samples, Peak.   666 us (1.0x), Avg.   666 us, Total. 665.6 us (0.0%)
[Performance] EditorApplication.update: Unity.PlasticSCM.Editor.Hub.ProcessHubCommand.RunOnceWhenAccessTokenIsInitialized                          :      110 samples, Peak.   129 us (43.3x), Avg.  2.97 us, Total. 326.4 us (0.0%)
[Performance] EditorApplication.update: UnitySkills.BatchJobService.ProcessQueuedJobs                                                              :      110 samples, Peak.   180 us (84.5x), Avg.  2.13 us, Total. 234.5 us (0.0%)
[Performance] EditorApplication.update: UnitySkills.AsyncJobService.ProcessJobs                                                                    :      110 samples, Peak.  4.73 ms (59.2x), Avg.  80.0 us, Total. 8.796 ms (0.0%)
[Performance] EditorApplication.update: UnitySkills.SkillsHttpServer.ProcessJobQueue                                                               :      110 samples, Peak.   492 us (84.0x), Avg.  5.86 us, Total. 644.5 us (0.0%)
[Performance] EditorApplication.update: callback in Unity.PlasticSCM.Editor.Execute                                                                :        1 samples, Peak.   553 us (1.0x), Avg.   553 us, Total. 553.1 us (0.0%)
[Performance] EditorApplication.update: callback in UnityEditor.Rendering.Universal.MaterialReimporter                                             :      110 samples, Peak.   944 us (85.1x), Avg.  11.1 us, Total. 1.220 ms (0.0%)
[Performance] EditorApplication.update: UnityEditor.U2D.Aseprite.BackgroundImport.OnUpdate                                                         :      110 samples, Peak.   215 us (32.3x), Avg.  6.65 us, Total. 732.0 us (0.0%)
[Performance] EditorApplication.update: Cysharp.Threading.Tasks.PlayerLoopHelper.ForceEditorPlayerLoopUpdate                                       :      110 samples, Peak.   113 us (10.7x), Avg.  10.6 us, Total. 1.166 ms (0.0%)
[Performance] EditorApplication.update: UGF.EditorTools.DataTableUpdater.OnUpdate                                                                  :      110 samples, Peak.   221 us (71.3x), Avg.  3.09 us, Total. 340.2 us (0.0%)
[Performance] EditorApplication.update: UnityEditor.TestTools.TestRunner.CommandLineTest.TestStarter.InitializeAndExecuteRun                       :        1 samples, Peak.   106 ms (1.0x), Avg.   106 ms, Total. 105.6 ms (0.4%)
[Performance] EditorApplication.update: UnityEditor.PackageManager.UI.Internal.ApplicationProxy.OnUpdate                                           :      110 samples, Peak.   374 us (67.7x), Avg.  5.53 us, Total. 607.9 us (0.0%)
[Performance] EditorApplication.update: UnityEditor.SceneManagement.StageNavigationManager.Update                                                  :      110 samples, Peak.   298 us (87.0x), Avg.  3.42 us, Total. 376.5 us (0.0%)
[Performance] ConsoleLog.Tick                                                                                                                      :       16 samples, Peak.   170 us (9.0x), Avg.  19.0 us, Total. 304.6 us (0.0%)
[Performance] HierarchyWindow.Tick                                                                                                                 :       18 samples, Peak.  4.11 ms (11.7x), Avg.   352 us, Total. 6.336 ms (0.0%)
[Performance] EditorApplication.hierarchyChanged: Unity.UIElements.Editor.UIDocumentHierarchyWatcher.OnHierarchyChanged                            :        8 samples, Peak.   175 us (5.0x), Avg.  35.3 us, Total. 282.5 us (0.0%)
[Performance] EditorApplication.hierarchyChanged: UnityEditor.Tilemaps.SceneViewGridManager.UpdateCache                                            :        8 samples, Peak.  3.39 ms (7.9x), Avg.   426 us, Total. 3.411 ms (0.0%)
[Performance] EditorApplication.hierarchyChanged: UnityEditor.Tilemaps.SceneViewOpenTilePaletteHelper.SelectionChanged                             :        8 samples, Peak.  23.7 us (5.4x), Avg.  4.35 us, Total. 34.80 us (0.0%)
[Performance] Inspector.Tick                                                                                                                       :       18 samples, Peak.   150 ms (18.0x), Avg.  8.34 ms, Total. 150.1 ms (0.5%)
[Performance] EditorApplication.delayCall: UnityEditor.ShortcutManagement.ShortcutIntegration.EnsureShortcutsAreInitialized                        :        1 samples, Peak.  28.3 ms (1.0x), Avg.  28.3 ms, Total. 28.29 ms (0.1%)
[Performance] EditorApplication.delayCall: Spine.Unity.Editor.SpineEditorUtilities.Initialize                                                      :        1 samples, Peak.  65.8 ms (1.0x), Avg.  65.8 ms, Total. 65.82 ms (0.2%)
[Performance] EditorApplication.delayCall: callback in UnitySkills.SkillsHttpServer                                                                :        1 samples, Peak.   166 us (1.0x), Avg.   166 us, Total. 165.7 us (0.0%)
[Performance] EditorApplication.delayCall: UnityEditor.ProBuilder.VersionValidator.ValidateVersion                                                 :        1 samples, Peak.  4.39 ms (1.0x), Avg.  4.39 ms, Total. 4.388 ms (0.0%)
[Performance] EditorApplication.delayCall: callback in UnityEditor.ProBuilder.LogPreferences                                                       :        1 samples, Peak.  1.71 ms (1.0x), Avg.  1.71 ms, Total. 1.709 ms (0.0%)
[Performance] EditorApplication.delayCall: callback in UnitySkills.PackageManagerHelper                                                            :        1 samples, Peak.   409 us (1.0x), Avg.   409 us, Total. 409.3 us (0.0%)
[Performance] EditorApplication.delayCall: UGF.EditorTools.UIItemBaseInspector.RebindProperties                                                    :        1 samples, Peak.  66.3 us (1.0x), Avg.  66.3 us, Total. 66.30 us (0.0%)
[Performance] EditorApplication.delayCall: callback in UnityEditor.EditorWindow                                                                    :        1 samples, Peak.   729 us (1.0x), Avg.   729 us, Total. 728.8 us (0.0%)
[Performance] EditorApplication.delayCall: callback in UnityEditor.EditorTools.ToolShortcutContext                                                 :        1 samples, Peak.   102 us (1.0x), Avg.   102 us, Total. 101.7 us (0.0%)
[Performance] EditorApplication.delayCall: callback in UnityEditor.SceneVisibilityManager                                                          :        1 samples, Peak.  27.1 us (1.0x), Avg.  27.1 us, Total. 27.10 us (0.0%)
[Performance] EditorApplication.delayCall: callback in UnityEditor.ProBuilder.HierarchyListener                                                    :        1 samples, Peak.  47.9 ms (1.0x), Avg.  47.9 ms, Total. 47.94 ms (0.2%)
[Performance] EditorApplication.delayCall: UnityEditor.EditorTools.EditorToolContext.Activate                                                      :        1 samples, Peak.  2.90 us (1.0x), Avg.  2.90 us, Total. 2.900 us (0.0%)
[Performance] Tooltip.Tick                                                                                                                         :       24 samples, Peak.   170 us (6.1x), Avg.  28.1 us, Total. 674.1 us (0.0%)
[Performance] Application.RequestRepaintForPanels                                                                                                  :      109 samples, Peak.   309 us (45.6x), Avg.  6.78 us, Total. 738.9 us (0.0%)
[Performance] Application.UpdateScene                                                                                                              :      109 samples, Peak.  3.57 ms (18.4x), Avg.   194 us, Total. 21.12 ms (0.1%)
[Performance] Application.UpdateTextureStreaming                                                                                                   :      109 samples, Peak.   600 ns (2.9x), Avg.   209 ns, Total. 22.80 us (0.0%)
[Performance] Application.UpdateVideoTextures                                                                                                      :      109 samples, Peak.   500 ns (3.0x), Avg.   166 ns, Total. 18.10 us (0.0%)
[Performance] PackageImporter.Tick                                                                                                                 :       16 samples, Peak.   600 ns (2.3x), Avg.   262 ns, Total. 4.200 us (0.0%)
[Performance] InspectorBackground.Tick                                                                                                             :       17 samples, Peak.  1.50 us (3.1x), Avg.   482 ns, Total. 8.200 us (0.0%)
[Performance] BurstDebug.Tick                                                                                                                      :       12 samples, Peak.  1.20 us (1.3x), Avg.   900 ns, Total. 10.80 us (0.0%)
[Performance] Application.ChangeLayoutIfNeeded                                                                                                     :      109 samples, Peak.   100 ns (3.1x), Avg.  32.1 ns, Total. 3.500 us (0.0%)
[Performance] AsyncReadManager.ForceCloseFiles                                                                                                     :        7 samples, Peak.  55.4 us (6.4x), Avg.  8.69 us, Total. 60.80 us (0.0%)
[Performance] EditorApplication.update: callback in ImmersiveVRTools.Editor.Common.WelcomeScreen.Utilities.BackgroundTaskRunner                    :       55 samples, Peak.  3.59 ms (31.7x), Avg.   113 us, Total. 6.218 ms (0.0%)
[Performance] EditorApplication.update: UnityEditor.TestTools.TestRunner.TestRun.TestJobRunner.ExecuteCallback                                     :      109 samples, Peak.  3.70 s (23.6x), Avg.   157 ms, Total. 17.10 s (58.7%)
[Performance] EditorApplication.update: UnityEditor.TestTools.TestRunner.CommandLineTest.Executer.ExitIfRunIsCompleted                             :      108 samples, Peak.   482 us (46.3x), Avg.  10.4 us, Total. 1.126 ms (0.0%)
[Performance] EditorApplication.update: callback in UnitySkills.SkillsHttpServer                                                                   :       54 samples, Peak.   680 us (46.4x), Avg.  14.6 us, Total. 790.5 us (0.0%)
[Performance] EditorApplication.update: UnitySkills.PackageManagerHelper.OnListProgress                                                            :       11 samples, Peak.  2.86 ms (9.2x), Avg.   311 us, Total. 3.420 ms (0.0%)
[Performance] Package.AsyncRequest                                                                                                                 :        2 samples, Peak.   637 us (2.0x), Avg.   319 us, Total. 638.1 us (0.0%)
[Performance] GUIView.RepaintAll.RepaintScene                                                                                                      :       88 samples, Peak.  1.20 us (3.4x), Avg.   351 ns, Total. 30.90 us (0.0%)
[Performance] EditorApplication.update: UnityEditor.Rendering.Universal.SceneViewDrawMode.UpdateSceneViewStates                                    :       97 samples, Peak.   297 us (47.3x), Avg.  6.27 us, Total. 607.9 us (0.0%)
[Performance] AssetDatabase.Refresh                                                                                                                :       76 samples, Peak.   281 ms (6.6x), Avg.  42.6 ms, Total. 3.236 s (11.1%)
[Performance] PaletteAssetModificationProcessor.OnWillSaveAssets                                                                                   :       44 samples, Peak.  1.94 ms (33.9x), Avg.  57.2 us, Total. 2.516 ms (0.0%)
[Performance] StateMacroSavedEvent.OnWillSaveAssets                                                                                                :       44 samples, Peak.   578 us (30.5x), Avg.  19.0 us, Total. 835.0 us (0.0%)
[Performance] FlowMacroSavedEvent.OnWillSaveAssets                                                                                                 :       44 samples, Peak.   243 us (31.3x), Avg.  7.76 us, Total. 341.4 us (0.0%)
[Performance] TextureModificationWarningProcessor.OnWillSaveAssets                                                                                 :       44 samples, Peak.   225 us (25.3x), Avg.  8.89 us, Total. 391.2 us (0.0%)
[Performance] UnityCloudProjectLinkMonitor.OnWillSaveAssets                                                                                        :       44 samples, Peak.   480 us (38.3x), Avg.  12.5 us, Total. 551.3 us (0.0%)
[Performance] UVCSAssetModificationProcessor.OnWillSaveAssets                                                                                      :       44 samples, Peak.   363 us (39.5x), Avg.  9.18 us, Total. 403.9 us (0.0%)
[Performance] BuilderAssetModificationProcessor.OnWillSaveAssets                                                                                   :       44 samples, Peak.   515 us (35.6x), Avg.  14.5 us, Total. 637.4 us (0.0%)
[Performance] TerrainModificationProcessor.OnWillSaveAssets                                                                                        :       44 samples, Peak.   488 us (37.1x), Avg.  13.1 us, Total. 578.5 us (0.0%)
[Performance] AssetDatabase.ImportAssets                                                                                                           :      152 samples, Peak.  91.8 ms (31.4x), Avg.  2.93 ms, Total. 444.8 ms (1.5%)
[Performance] ShaderImporter.SourceAssetModified                                                                                                   :      117 samples, Peak.  2.40 us (3.0x), Avg.   809 ns, Total. 94.70 us (0.0%)
[Performance] ShaderIncludeImporter.SourceAssetModified                                                                                            :      117 samples, Peak.  1.30 us (1.6x), Avg.   833 ns, Total. 97.50 us (0.0%)
[Performance] PSDImporterAssetPostProcessor.OnPreprocessAsset                                                                                      :       86 samples, Peak.   402 us (13.7x), Avg.  29.3 us, Total. 2.519 ms (0.0%)
[Performance] PresetManagerPostProcessor.OnPreprocessAsset                                                                                         :       86 samples, Peak.   219 us (13.4x), Avg.  16.3 us, Total. 1.402 ms (0.0%)
[Performance] CancelSplashScreenOnAssetChange.OnPreprocessAsset                                                                                    :       86 samples, Peak.   147 us (35.3x), Avg.  4.18 us, Total. 359.5 us (0.0%)
[Performance] ShaderGraphAssetPostProcessor.OnPreprocessAsset                                                                                      :       86 samples, Peak.   270 us (27.1x), Avg.  9.98 us, Total. 858.5 us (0.0%)
[Performance] SpritePostProcess.OnPreprocessAsset                                                                                                  :       86 samples, Peak.  1.54 ms (46.2x), Avg.  33.4 us, Total. 2.873 ms (0.0%)
[Performance] UtilityWindowPostProcessor.OnPostprocessAllAssets                                                                                    :      232 samples, Peak.   753 us (61.1x), Avg.  12.3 us, Total. 2.860 ms (0.0%)
[Performance] SpineEditorUtilities.OnPostprocessAllAssets                                                                                          :      232 samples, Peak.  8.36 ms (68.8x), Avg.   122 us, Total. 28.22 ms (0.1%)
[Performance] TMPro_TexturePostProcessor.OnPostprocessAllAssets                                                                                    :      232 samples, Peak.   238 us (6.4x), Avg.  36.9 us, Total. 8.570 ms (0.0%)
[Performance] UVCSAssetPostprocessor.OnPostprocessAllAssets                                                                                        :      232 samples, Peak.   432 us (63.4x), Avg.  6.81 us, Total. 1.580 ms (0.0%)
[Performance] BuilderAssetPostprocessor.OnPostprocessAllAssets                                                                                     :      232 samples, Peak.  1.52 ms (37.0x), Avg.  41.0 us, Total. 9.503 ms (0.0%)
[Performance] ArtifactBrowserPostProcessor.OnPostprocessAllAssets                                                                                  :      232 samples, Peak.   258 us (39.5x), Avg.  6.53 us, Total. 1.514 ms (0.0%)
[Performance] AssetEvents.OnPostprocessAllAssets                                                                                                   :      464 samples, Peak.   152 us (44.7x), Avg.  3.39 us, Total. 1.575 ms (0.0%)
[Performance] AudioMixerPostprocessor.OnPostprocessAllAssets                                                                                       :      232 samples, Peak.   200 us (42.7x), Avg.  4.68 us, Total. 1.086 ms (0.0%)
[Performance] StyleCatalogPostProcessor.OnPostprocessAllAssets                                                                                     :      232 samples, Peak.  17.3 ms (106.8x), Avg.   162 us, Total. 37.64 ms (0.1%)
[Performance] BuildCatalog                                                                                                                         :        1 samples, Peak.  16.8 ms (1.0x), Avg.  16.8 ms, Total. 16.78 ms (0.1%)
[Performance] ModelImporterPostProcessor.OnPostprocessAllAssets                                                                                    :      232 samples, Peak.   988 us (32.2x), Avg.  30.7 us, Total. 7.123 ms (0.0%)
[Performance] MaterialPostprocessor.OnPostprocessAllAssets                                                                                         :      464 samples, Peak.   587 us (43.5x), Avg.  13.5 us, Total. 6.256 ms (0.0%)
[Performance] RetainedModeAssetPostprocessor.OnPostprocessAllAssets                                                                                :      232 samples, Peak.  1.14 ms (45.3x), Avg.  25.2 us, Total. 5.843 ms (0.0%)
[Performance] AssetChangedListener.OnPostprocessAllAssets                                                                                          :      232 samples, Peak.   955 us (24.7x), Avg.  38.7 us, Total. 8.986 ms (0.0%)
[Performance] PostProcessor.OnPostprocessAllAssets                                                                                                 :      232 samples, Peak.  35.8 ms (109.6x), Avg.   326 us, Total. 75.67 ms (0.3%)
[Performance] ShaderGraphAssetPostProcessor.OnPostprocessAllAssets                                                                                 :      232 samples, Peak.  1.04 ms (8.4x), Avg.   124 us, Total. 28.66 ms (0.1%)
[Performance] SpeedTreePostProcessor.OnPostprocessAllAssets                                                                                        :      232 samples, Peak.   130 us (16.3x), Avg.  7.97 us, Total. 1.848 ms (0.0%)
[Performance] TextAssetPostProcessor.OnPostprocessAllAssets                                                                                        :      232 samples, Peak.   289 us (13.0x), Avg.  22.3 us, Total. 5.164 ms (0.0%)
[Performance] AssetProcessor.OnPostprocessAllAssets                                                                                                :      696 samples, Peak.   656 us (94.4x), Avg.  6.95 us, Total. 4.835 ms (0.0%)
[Performance] SpriteLibraryAssetPostprocessor.OnPostprocessAllAssets                                                                               :      232 samples, Peak.   235 us (47.5x), Avg.  4.94 us, Total. 1.145 ms (0.0%)
[Performance] PSDImporterAssetPostProcessor.OnPostprocessAllAssets                                                                                 :      232 samples, Peak.  81.6 us (26.2x), Avg.  3.12 us, Total. 723.7 us (0.0%)
[Performance] PSDImportPostProcessor.OnPostprocessAllAssets                                                                                        :      232 samples, Peak.  94.5 us (30.9x), Avg.  3.06 us, Total. 709.8 us (0.0%)
[Performance] SpriteEditorTexturePostprocessor.OnPostprocessAllAssets                                                                              :      232 samples, Peak.   193 us (10.8x), Avg.  17.8 us, Total. 4.134 ms (0.0%)
[Performance] SpriteShapeAssetPostProcessor.OnPostprocessAllAssets                                                                                 :      232 samples, Peak.   441 us (20.1x), Avg.  21.9 us, Total. 5.076 ms (0.0%)
[Performance] PaletteAssetModificationProcessor.OnWillCreateAsset                                                                                  :       61 samples, Peak.   115 us (6.9x), Avg.  16.5 us, Total. 1.009 ms (0.0%)
[Performance] MaterialModificationProcessor.OnWillCreateAsset                                                                                      :      122 samples, Peak.   336 us (14.5x), Avg.  23.2 us, Total. 2.828 ms (0.0%)
[Performance] CreateNewScriptListener.OnWillCreateAsset                                                                                            :       61 samples, Peak.   875 us (22.9x), Avg.  38.3 us, Total. 2.335 ms (0.0%)
[Performance] BuilderAssetModificationProcessor.OnWillCreateAsset                                                                                  :       61 samples, Peak.   165 us (10.8x), Avg.  15.3 us, Total. 934.8 us (0.0%)
[Performance] EditorApplication.projectChanged: UnityEditor.Audio.MixerEffectDefinitionReloader.OnProjectChanged                                   :       94 samples, Peak.  3.63 ms (10.1x), Avg.   359 us, Total. 33.72 ms (0.1%)
[Performance] AssetDatabase.ImportAsset                                                                                                            :       54 samples, Peak.   314 ms (4.5x), Avg.  69.5 ms, Total. 3.751 s (12.9%)
[Performance] UtilityWindowModificationProcessor.OnWillDeleteAsset                                                                                 :       43 samples, Peak.   480 us (3.4x), Avg.   140 us, Total. 5.999 ms (0.0%)
[Performance] BuilderAssetModificationProcessor.OnWillDeleteAsset                                                                                  :       43 samples, Peak.   195 us (17.8x), Avg.  11.0 us, Total. 472.2 us (0.0%)
[Performance] TMP_FontAssetPostProcessor.OnWillDeleteAsset                                                                                         :       43 samples, Peak.  98.4 us (4.8x), Avg.  20.4 us, Total. 877.2 us (0.0%)
[Performance] CancelSplashScreenOnAssetDelete.OnWillDeleteAsset                                                                                    :       43 samples, Peak.  26.9 us (7.1x), Avg.  3.80 us, Total. 163.2 us (0.0%)
[Performance] AssetDatabase.DeleteAssets                                                                                                           :       40 samples, Peak.  80.0 ms (1.7x), Avg.  46.8 ms, Total. 1.871 s (6.4%)
[Performance] EditorApplication.hierarchyChanged: Spine.Unity.Editor.SpineEditorUtilities+HierarchyHandler.IconsOnChanged                          :        7 samples, Peak.  17.1 us (1.2x), Avg.  14.7 us, Total. 102.6 us (0.0%)
[Performance] EditorApplication.hierarchyChanged: UnityEditor.Tilemaps.GridPaintingState.HierarchyChanged                                          :        7 samples, Peak.   243 us (6.7x), Avg.  36.4 us, Total. 255.1 us (0.0%)
[Performance] Undo.willFlushUndoRecord: UnityEditor.DrivenRectTransformUndo.ForceUpdateCanvases                                                    :       15 samples, Peak.  66.0 us (10.0x), Avg.  6.59 us, Total. 98.80 us (0.0%)
[Performance] ObjectChangeEvents.changesPublished: UnityEditor.PrefabInstanceChangedListener.OnObjectChanged                                       :        6 samples, Peak.  1.04 ms (2.1x), Avg.   485 us, Total. 2.908 ms (0.0%)
[Performance] ObjectChangeEvents.changesPublished: UnityEditor.ProBuilder.HierarchyListener.ObjectEventChangesPublished                            :        6 samples, Peak.   276 us (3.7x), Avg.  73.8 us, Total. 442.7 us (0.0%)
[Performance] SceneDataContainer.TransformHierarchyChangedSetParentCallback                                                                        :       48 samples, Peak.  12.2 us (11.9x), Avg.  1.03 us, Total. 49.40 us (0.0%)
[Performance] SceneVisibilityState.IsFlagSetInParents                                                                                              :      183 samples, Peak.  2.00 us (5.5x), Avg.   365 ns, Total. 66.80 us (0.0%)
[Performance] Undo.postprocessModifications: UnityEditor.ProBuilder.Lightmapping.PostprocessModifications                                          :        8 samples, Peak.  1.16 ms (7.9x), Avg.   147 us, Total. 1.178 ms (0.0%)
[Performance] Undo.postprocessModifications: UnityEditor.DataWatchService.PostProcessUndo                                                          :        8 samples, Peak.  96.9 us (7.1x), Avg.  13.7 us, Total. 109.8 us (0.0%)
[Performance] EditorApplication.update: UnityEditor.ModelImporterPostProcessor.OpenBumpMapCheckWindow                                              :        1 samples, Peak.   219 us (1.0x), Avg.   219 us, Total. 219.2 us (0.0%)
[Performance] Undo.undoRedoPerformed: Cinemachine.CinemachineStoryboard+CanvasesAndTheirOwners.OnUndoRedoPerformed                                 :        2 samples, Peak.   268 us (2.0x), Avg.   135 us, Total. 270.1 us (0.0%)
[Performance] Undo.undoRedoPerformed: UnityEditor.ProBuilder.UndoUtility.UndoRedoPerformed                                                         :        2 samples, Peak.  1.31 ms (1.9x), Avg.   680 us, Total. 1.361 ms (0.0%)
[Performance] Undo.undoRedoPerformed: UnityEditor.ProBuilder.MeshSelection.UndoRedoPerformed                                                       :        2 samples, Peak.   201 us (1.9x), Avg.   104 us, Total. 207.4 us (0.0%)
[Performance] Undo.undoRedoEvent: UnityEditor.DrivenRectTransformUndo.OnUndoRedoPerformed                                                          :        2 samples, Peak.  31.6 us (1.9x), Avg.  16.5 us, Total. 33.10 us (0.0%)
[Performance] Undo.undoRedoEvent: UnityEditor.SceneVisibilityManager.UndoRedoPerformed                                                             :        2 samples, Peak.  20.0 us (1.9x), Avg.  10.7 us, Total. 21.50 us (0.0%)
[Performance] Undo.undoRedoEvent: UnityEditor.EditorTools.EditorToolManager.UndoRedoPerformed                                                      :        2 samples, Peak.  1.57 ms (2.0x), Avg.   799 us, Total. 1.598 ms (0.0%)
[Performance] EditorApplication.projectChanged: UnitySkills.PerceptionSkills.InvalidateCodeDependencyCache                                         :       64 samples, Peak.   182 us (45.8x), Avg.  3.98 us, Total. 254.7 us (0.0%)
[Performance] EditorSceneManager.sceneSaving: callback in UnityEditor.U2D.SpriteShapeUpdateCache                                                   :        3 samples, Peak.   605 us (2.7x), Avg.   220 us, Total. 660.6 us (0.0%)
[Performance] EditorSceneManager.sceneSaving: UnityEditor.SceneTemplate.SceneTemplateService.OnSceneSaving                                         :        3 samples, Peak.   336 us (2.9x), Avg.   115 us, Total. 345.5 us (0.0%)
[Performance] EditorSceneManager.sceneSaving: UnityEditor.SceneVisibilityManager.EditorSceneManagerOnSceneSaving                                   :        3 samples, Peak.  95.3 us (2.9x), Avg.  33.1 us, Total. 99.30 us (0.0%)
[Performance] EditorSceneManager.sceneSaved: UnityEditor.SceneTemplate.SceneTemplateService.OnSceneSaved                                           :        3 samples, Peak.  41.5 ms (1.2x), Avg.  35.4 ms, Total. 106.3 ms (0.4%)
[Performance] EditorSceneManager.sceneSaved: UnityEditor.SceneVisibilityManager.EditorSceneManagerOnSceneSaved                                     :        3 samples, Peak.   107 us (2.3x), Avg.  45.4 us, Total. 136.2 us (0.0%)
[Performance] EditorApplication.delayCall: UnityEditor.ProBuilder.MeshSelection.OnObjectSelectionChanged                                           :        2 samples, Peak.  6.30 us (1.9x), Avg.  3.30 us, Total. 6.600 us (0.0%)
[Performance] Undo.postprocessModifications: UnitySkills.WorkflowManager.OnUndoPostprocess                                                         :        5 samples, Peak.   131 us (2.6x), Avg.  50.8 us, Total. 254.2 us (0.0%)
[Performance] PrefabUtility.prefabInstanceUpdated: UnityEditor.UI.PrefabLayoutRebuilder.OnPrefabInstanceUpdates                                    :        2 samples, Peak.   142 us (2.0x), Avg.  71.5 us, Total. 143.1 us (0.0%)
[Performance] PrefabUtility.prefabInstanceUpdated: UnityEditor.ProBuilder.HierarchyListener.PrefabInstanceUpdated                                  :        2 samples, Peak.   143 us (2.0x), Avg.  72.0 us, Total. 144.0 us (0.0%)
[Performance] EditorApplication.update: UnityEditor.TestTools.TestRunner.TestListJob.EditorUpdate                                                  :       15 samples, Peak.   216 ms (14.4x), Avg.  14.9 ms, Total. 224.1 ms (0.8%)
[Performance] Application.Shutdown.SaveDefaultWindowPreferences                                                                                    :        1 samples, Peak.   279 us (1.0x), Avg.   279 us, Total. 279.2 us (0.0%)
[Performance] Application.Shutdown.SaveSceneManagerSetup                                                                                           :        1 samples, Peak.   492 us (1.0x), Avg.   492 us, Total. 492.4 us (0.0%)
[Performance] Application.Shutdown.CleanupAllContainerWindows                                                                                      :        1 samples, Peak.  1.10 us (1.0x), Avg.  1.10 us, Total. 1.100 us (0.0%)
[Performance] EditorApplication.quitting: Unity.Burst.Editor.BurstLoader.OnEditorApplicationQuitting                                               :        1 samples, Peak.  44.5 us (1.0x), Avg.  44.5 us, Total. 44.50 us (0.0%)
[Performance] EditorApplication.quitting: UnitySkills.RegistryService.Unregister                                                                   :        1 samples, Peak.  7.82 ms (1.0x), Avg.  7.82 ms, Total. 7.818 ms (0.0%)
[Performance] EditorApplication.quitting: UnitySkills.SkillsHttpServer.OnEditorQuitting                                                            :        1 samples, Peak.   738 us (1.0x), Avg.   738 us, Total. 737.7 us (0.0%)
[Performance] EditorApplication.quitting: UnityEditor.SettingsManagement.FileSettingsRepository.Save                                               :        1 samples, Peak.   901 us (1.0x), Avg.   901 us, Total. 900.9 us (0.0%)
[Performance] EditorApplication.quitting: UnityEditor.Tilemaps.SceneViewGridManager.EditorQuitting                                                 :        1 samples, Peak.   139 us (1.0x), Avg.   139 us, Total. 138.6 us (0.0%)
[Performance] EditorApplication.quitting: UnityEditor.ProBuilder.ProBuilderSettings.Save                                                           :        1 samples, Peak.   370 us (1.0x), Avg.   370 us, Total. 370.5 us (0.0%)
[Performance] EditorApplication.quitting: callback in UnityEditor.TextCore.Text.EditorEventCallbacks                                               :        1 samples, Peak.  27.1 ms (1.0x), Avg.  27.1 ms, Total. 27.07 ms (0.1%)
[Performance] Application.Shutdown.PauseProfilerSession                                                                                            :        1 samples, Peak.  26.0 us (1.0x), Avg.  26.0 us, Total. 26.00 us (0.0%)
[Performance] Application.Shutdown.PauseAssetImportWorkers                                                                                         :        1 samples, Peak.   234 us (1.0x), Avg.   234 us, Total. 233.5 us (0.0%)
[Performance] Application.Shutdown.SaveAssets                                                                                                      :        1 samples, Peak.  4.11 ms (1.0x), Avg.  4.11 ms, Total. 4.105 ms (0.0%)
[Performance] Application.Shutdown.CleanupRenderPipeline                                                                                           :        1 samples, Peak.  5.75 ms (1.0x), Avg.  5.75 ms, Total. 5.746 ms (0.0%)
[Performance] Application.Shutdown.StopPreloadManager                                                                                              :        1 samples, Peak.  9.55 ms (1.0x), Avg.  9.55 ms, Total. 9.553 ms (0.0%)
[Performance] Application.Shutdown.DestroyWorld                                                                                                    :        1 samples, Peak.   830 us (1.0x), Avg.   830 us, Total. 829.9 us (0.0%)
[Performance] Application.Shutdown.CleanupAfterLoad                                                                                                :        1 samples, Peak.   242 ms (1.0x), Avg.   242 ms, Total. 241.6 ms (0.8%)
[Performance] Application.Shutdown.Progress                                                                                                        :        1 samples, Peak.  3.40 us (1.0x), Avg.  3.40 us, Total. 3.400 us (0.0%)
[Performance] Application.Shutdown.GICleanupManagers                                                                                               :        1 samples, Peak.  1.06 ms (1.0x), Avg.  1.06 ms, Total. 1.057 ms (0.0%)
[Performance] Application.Shutdown.MenuCleanupClass                                                                                                :        1 samples, Peak.   247 us (1.0x), Avg.   247 us, Total. 247.3 us (0.0%)
[Performance] Application.Shutdown.ADBSaveStateBeforeShutdown                                                                                      :        1 samples, Peak.  8.10 us (1.0x), Avg.  8.10 us, Total. 8.100 us (0.0%)
[Performance] Application.Shutdown.RemoteShutdown                                                                                                  :        1 samples, Peak.   800 ns (1.0x), Avg.   800 ns, Total. 800.0 ns (0.0%)
[Performance] Application.Shutdown.CleanupVCProvider                                                                                               :        1 samples, Peak.  6.90 us (1.0x), Avg.  6.90 us, Total. 6.900 us (0.0%)
[Performance] Application.Shutdown.InputShutdown                                                                                                   :        1 samples, Peak.   500 ns (1.0x), Avg.   500 ns, Total. 500.0 ns (0.0%)
[Performance] Application.Shutdown.GizmoManagerDestroy                                                                                             :        1 samples, Peak.   601 us (1.0x), Avg.   601 us, Total. 601.5 us (0.0%)
[Performance] Application.Shutdown.ProfilerSession                                                                                                 :        1 samples, Peak.   256 us (1.0x), Avg.   256 us, Total. 256.0 us (0.0%)
[Performance] Application.Shutdown.ReleaseGfxWindowOnAllGUIViews                                                                                   :        1 samples, Peak.   400 ns (1.0x), Avg.   400 ns, Total. 400.0 ns (0.0%)
[Performance] Application.Shutdown.CleanupEngine                                                                                                   :        1 samples, Peak.  71.8 ms (1.0x), Avg.  71.8 ms, Total. 71.83 ms (0.2%)
[Performance] Application.Shutdown.CleanupAssetDatabase                                                                                            :        1 samples, Peak.  13.2 ms (1.0x), Avg.  13.2 ms, Total. 13.22 ms (0.0%)
[Performance] Application.Shutdown.ScriptCompilationCleanUp                                                                                        :        1 samples, Peak.  30.0 ms (1.0x), Avg.  30.0 ms, Total. 29.96 ms (0.1%)
[Performance] Application.Shutdown.DestroyJobSystem                                                                                                :        1 samples, Peak.   159 us (1.0x), Avg.   159 us, Total. 158.6 us (0.0%)
[Performance] Application.Shutdown.CleanupPersistentManager                                                                                        :        1 samples, Peak.  2.11 ms (1.0x), Avg.  2.11 ms, Total. 2.115 ms (0.0%)
[Performance] Application.Shutdown.CleanupAsyncReadManager                                                                                         :        1 samples, Peak.   553 us (1.0x), Avg.   553 us, Total. 553.1 us (0.0%)
[Performance] Application.Shutdown.CleanupProgressBar                                                                                              :        1 samples, Peak.   200 ns (1.0x), Avg.   200 ns, Total. 200.0 ns (0.0%)
[Performance] Application.Shutdown.CleanupMono                                                                                                     :        1 samples, Peak.   209 ms (1.0x), Avg.   209 ms, Total. 208.6 ms (0.7%)
[Performance] Application.Shutdown.CleanupStdConverters                                                                                            :        1 samples, Peak.  6.70 us (1.0x), Avg.  6.70 us, Total. 6.700 us (0.0%)
[Performance] Application.Shutdown.UnloadAllPlatformSupportModuleNativeDlls                                                                        :        1 samples, Peak.   800 ns (1.0x), Avg.   800 ns, Total. 800.0 ns (0.0%)
[Performance] Application.Shutdown.UnloadAllPlatformSupportNativeLibraries                                                                         :        1 samples, Peak.   100 ns (1.0x), Avg.   100 ns, Total. 100.0 ns (0.0%)
[Performance] Application.Shutdown.CleanupAutoDocumentation                                                                                        :        1 samples, Peak.   264 us (1.0x), Avg.   264 us, Total. 263.6 us (0.0%)
[Performance] Application.Shutdown.ShaderNameManagerDestroy                                                                                        :        1 samples, Peak.  39.1 us (1.0x), Avg.  39.1 us, Total. 39.10 us (0.0%)
[Performance] Application.Shutdown.CleanupCacheServer                                                                                              :        1 samples, Peak. 0.0 (-nan(ind)x), Avg. 0.0, Total. 0.0 (0.0%)
[Performance] Application.Shutdown.Virtualization_Shutdown                                                                                         :        1 samples, Peak.   300 ns (1.0x), Avg.   300 ns, Total. 300.0 ns (0.0%)
[Performance] Application.Shutdown.DevConnections                                                                                                  :        1 samples, Peak.   133 us (1.0x), Avg.   133 us, Total. 133.1 us (0.0%)
Checking for leaked weakptr:
  Found no leaked weakptrs.
[Package Manager] Server::Kill -- Server was shutdown
Memory Statistics:
[ALLOC_TEMP_TLS] TLS Allocator
  StackAllocators :
    [ALLOC_TEMP_CurlRequest]
      Initial Block Size 64.0 KB
      Current Block Size 64.0 KB
      Peak Allocated Bytes 0 B
      Overflow Count 0
    [ALLOC_TEMP_MAIN]
      Peak usage frame count: [4.0 KB-8.0 KB]: 4 frames, [16.0 KB-32.0 KB]: 2 frames, [1.0 MB-2.0 MB]: 2 frames, [2.0 MB-4.0 MB]: 3 frames, [4.0 MB-8.0 MB]: 9 frames, [16.0 MB-32.0 MB]: 1 frames
      Initial Block Size 16.0 MB
      Current Block Size 45.7 MB
      Peak Allocated Bytes 25.1 MB
      Overflow Count 0
    [ALLOC_TEMP_Job.Worker 18]
      Initial Block Size 256.0 KB
      Current Block Size 256.0 KB
      Peak Allocated Bytes 10.3 KB
      Overflow Count 1
    [ALLOC_TEMP_Background Job.Worker 8]
      Initial Block Size 32.0 KB
      Current Block Size 32.0 KB
      Peak Allocated Bytes 54 B
      Overflow Count 0
    [ALLOC_TEMP_BakingJobs.Worker 17]
      Initial Block Size 256.0 KB
      Current Block Size 256.0 KB
      Peak Allocated Bytes 54 B
      Overflow Count 0
    [ALLOC_TEMP_Job.Worker 4]
      Initial Block Size 256.0 KB
      Current Block Size 256.0 KB
      Peak Allocated Bytes 9.9 KB
      Overflow Count 1
    [ALLOC_TEMP_AUDIO_FMOD mixer thread]
      Initial Block Size 64.0 KB
      Current Block Size 64.0 KB
      Peak Allocated Bytes 54 B
      Overflow Count 0
    [ALLOC_TEMP_BakingJobs.Worker 10]
      Initial Block Size 256.0 KB
      Current Block Size 256.0 KB
      Peak Allocated Bytes 54 B
      Overflow Count 0
    [ALLOC_TEMP_BakingJobs.Worker 5]
      Initial Block Size 256.0 KB
      Current Block Size 256.0 KB
      Peak Allocated Bytes 54 B
      Overflow Count 0
    [ALLOC_TEMP_Background Job.Worker 11]
      Initial Block Size 32.0 KB
      Current Block Size 32.0 KB
      Peak Allocated Bytes 54 B
      Overflow Count 0
    [ALLOC_TEMP_Background Job.Worker 3]
      Initial Block Size 32.0 KB
      Current Block Size 32.0 KB
      Peak Allocated Bytes 68 B
      Overflow Count 0
    [ALLOC_TEMP_BatchDeleteObjects]
      Initial Block Size 64.0 KB
      Current Block Size 64.0 KB
      Peak Allocated Bytes 54 B
      Overflow Count 0
    [ALLOC_TEMP_CoreBusinessMetricsCache]
      Initial Block Size 64.0 KB
      Current Block Size 64.0 KB
      Peak Allocated Bytes 8.0 KB
      Overflow Count 0
    [ALLOC_TEMP_REST Message Handler]
      Initial Block Size 64.0 KB
      Current Block Size 64.0 KB
      Peak Allocated Bytes 54 B
      Overflow Count 0
    [ALLOC_TEMP_Job.Worker 13]
      Initial Block Size 256.0 KB
      Current Block Size 256.0 KB
      Peak Allocated Bytes 10.3 KB
      Overflow Count 1
    [ALLOC_TEMP_Background Job.Worker 2]
      Initial Block Size 32.0 KB
      Current Block Size 32.0 KB
      Peak Allocated Bytes 2.8 KB
      Overflow Count 0
    [ALLOC_TEMP_AssetDatabase.IOService]
      Initial Block Size 64.0 KB
      Current Block Size 64.0 KB
      Peak Allocated Bytes 54 B
      Overflow Count 0
    [ALLOC_TEMP_Job.Worker 10]
      Initial Block Size 256.0 KB
      Current Block Size 256.0 KB
      Peak Allocated Bytes 9.9 KB
      Overflow Count 1
    [ALLOC_TEMP_Job.Worker 15]
      Initial Block Size 256.0 KB
      Current Block Size 1.8 MB
      Peak Allocated Bytes 1.8 MB
      Overflow Count 0
    [ALLOC_TEMP_Job.Worker 12]
      Initial Block Size 256.0 KB
      Current Block Size 1.8 MB
      Peak Allocated Bytes 1.8 MB
      Overflow Count 0
    [ALLOC_TEMP_Loading.PreloadManager]
      Initial Block Size 32.0 MB
      Current Block Size 32.0 MB
      Peak Allocated Bytes 54 B
      Overflow Count 0
    [ALLOC_TEMP_Profiler.Dispatcher]
      Initial Block Size 64.0 KB
      Current Block Size 64.0 KB
      Peak Allocated Bytes 0 B
      Overflow Count 0
    [ALLOC_TEMP_Job.Worker 17]
      Initial Block Size 256.0 KB
      Current Block Size 256.0 KB
      Peak Allocated Bytes 9.4 KB
      Overflow Count 1
    [ALLOC_TEMP_Job.Worker 3]
      Initial Block Size 256.0 KB
      Current Block Size 256.0 KB
      Peak Allocated Bytes 10.3 KB
      Overflow Count 1
    [ALLOC_TEMP_BakingJobs.Worker 7]
      Initial Block Size 256.0 KB
      Current Block Size 256.0 KB
      Peak Allocated Bytes 54 B
      Overflow Count 0
    [ALLOC_TEMP_Job.Worker 14]
      Initial Block Size 256.0 KB
      Current Block Size 1.8 MB
      Peak Allocated Bytes 1.8 MB
      Overflow Count 0
    [ALLOC_TEMP_Background Job.Worker 5]
      Initial Block Size 32.0 KB
      Current Block Size 32.0 KB
      Peak Allocated Bytes 54 B
      Overflow Count 0
    [ALLOC_TEMP_CurlRequest]
      Initial Block Size 64.0 KB
      Current Block Size 64.0 KB
      Peak Allocated Bytes 1.9 KB
      Overflow Count 0
    [ALLOC_TEMP_Background Job.Worker 13]
      Initial Block Size 32.0 KB
      Current Block Size 32.0 KB
      Peak Allocated Bytes 54 B
      Overflow Count 0
    [ALLOC_TEMP_Job.Worker 2]
      Initial Block Size 256.0 KB
      Current Block Size 1.0 MB
      Peak Allocated Bytes 1.0 MB
      Overflow Count 1
    [ALLOC_TEMP_BakingJobs.Worker 6]
      Initial Block Size 256.0 KB
      Current Block Size 256.0 KB
      Peak Allocated Bytes 54 B
      Overflow Count 0
    [ALLOC_TEMP_Job.Worker 11]
      Initial Block Size 256.0 KB
      Current Block Size 1.8 MB
      Peak Allocated Bytes 1.8 MB
      Overflow Count 0
    [ALLOC_TEMP_Job.Worker 0]
      Initial Block Size 256.0 KB
      Current Block Size 256.0 KB
      Peak Allocated Bytes 8.7 KB
      Overflow Count 0
    [ALLOC_TEMP_Job.Worker 5]
      Initial Block Size 256.0 KB
      Current Block Size 256.0 KB
      Peak Allocated Bytes 10.3 KB
      Overflow Count 1
    [ALLOC_TEMP_Job.Worker 6]
      Initial Block Size 256.0 KB
      Current Block Size 1.8 MB
      Peak Allocated Bytes 1.8 MB
      Overflow Count 0
    [ALLOC_TEMP_Background Job.Worker 9]
      Initial Block Size 32.0 KB
      Current Block Size 32.0 KB
      Peak Allocated Bytes 54 B
      Overflow Count 0
    [ALLOC_TEMP_BakingJobs.Worker 8]
      Initial Block Size 256.0 KB
      Current Block Size 256.0 KB
      Peak Allocated Bytes 54 B
      Overflow Count 0
    [ALLOC_TEMP_Job.Worker 9]
      Initial Block Size 256.0 KB
      Current Block Size 1.8 MB
      Peak Allocated Bytes 1.8 MB
      Overflow Count 0
    [ALLOC_TEMP_DirMonitor]
      Initial Block Size 64.0 KB
      Current Block Size 64.0 KB
      Peak Allocated Bytes 1.7 KB
      Overflow Count 0
    [ALLOC_TEMP_BakingJobs.Worker 1]
      Initial Block Size 256.0 KB
      Current Block Size 1.0 MB
      Peak Allocated Bytes 1.0 MB
      Overflow Count 3
    [ALLOC_TEMP_Loading.AsyncRead]
      Initial Block Size 64.0 KB
      Current Block Size 64.0 KB
      Peak Allocated Bytes 128 B
      Overflow Count 0
    [ALLOC_TEMP_Background Job.Worker 10]
      Initial Block Size 32.0 KB
      Current Block Size 32.0 KB
      Peak Allocated Bytes 54 B
      Overflow Count 0
    [ALLOC_TEMP_Background Job.Worker 6]
      Initial Block Size 32.0 KB
      Current Block Size 32.0 KB
      Peak Allocated Bytes 54 B
      Overflow Count 0
    [ALLOC_TEMP_BakingJobs.Worker 9]
      Initial Block Size 256.0 KB
      Current Block Size 256.0 KB
      Peak Allocated Bytes 54 B
      Overflow Count 0
    [ALLOC_TEMP_BakingJobs.Worker 16]
      Initial Block Size 256.0 KB
      Current Block Size 256.0 KB
      Peak Allocated Bytes 54 B
      Overflow Count 0
    [ALLOC_TEMP_Job.Worker 16]
      Initial Block Size 256.0 KB
      Current Block Size 256.0 KB
      Peak Allocated Bytes 8.0 KB
      Overflow Count 0
    [ALLOC_TEMP_AUDIO_FMOD (WASAPI) feeder thread]
      Initial Block Size 64.0 KB
      Current Block Size 64.0 KB
      Peak Allocated Bytes 168 B
      Overflow Count 0
    [ALLOC_TEMP_Background Job.Worker 1]
      Initial Block Size 32.0 KB
      Current Block Size 200.0 KB
      Peak Allocated Bytes 130.7 KB
      Overflow Count 0
    [ALLOC_TEMP_BakingJobs.Worker 11]
      Initial Block Size 256.0 KB
      Current Block Size 256.0 KB
      Peak Allocated Bytes 54 B
      Overflow Count 0
    [ALLOC_TEMP_AUDIO_FMOD stream thread]
      Initial Block Size 64.0 KB
      Current Block Size 64.0 KB
      Peak Allocated Bytes 54 B
      Overflow Count 0
    [ALLOC_TEMP_BakingJobs.Worker 19]
      Initial Block Size 256.0 KB
      Current Block Size 256.0 KB
      Peak Allocated Bytes 54 B
      Overflow Count 0
    [ALLOC_TEMP_BakingJobs.Worker 2]
      Initial Block Size 256.0 KB
      Current Block Size 256.0 KB
      Peak Allocated Bytes 54 B
      Overflow Count 0
    [ALLOC_TEMP_Background Job.Worker 7]
      Initial Block Size 32.0 KB
      Current Block Size 32.0 KB
      Peak Allocated Bytes 54 B
      Overflow Count 0
    [ALLOC_TEMP_Job.Worker 8]
      Initial Block Size 256.0 KB
      Current Block Size 1.8 MB
      Peak Allocated Bytes 1.8 MB
      Overflow Count 0
    [ALLOC_TEMP_BakingJobs.Worker 15]
      Initial Block Size 256.0 KB
      Current Block Size 256.0 KB
      Peak Allocated Bytes 54 B
      Overflow Count 0
    [ALLOC_TEMP_BakingJobs.Worker 0]
      Initial Block Size 256.0 KB
      Current Block Size 256.0 KB
      Peak Allocated Bytes 54 B
      Overflow Count 0
    [ALLOC_TEMP_BakingJobs.Worker 3]
      Initial Block Size 256.0 KB
      Current Block Size 256.0 KB
      Peak Allocated Bytes 54 B
      Overflow Count 0
    [ALLOC_TEMP_BakingJobs.Worker 14]
      Initial Block Size 256.0 KB
      Current Block Size 256.0 KB
      Peak Allocated Bytes 54 B
      Overflow Count 0
    [ALLOC_TEMP_EditorTaskManager]
      Initial Block Size 64.0 KB
      Current Block Size 68.0 KB
      Peak Allocated Bytes 64.0 KB
      Overflow Count 0
    [ALLOC_TEMP_Background Job.Worker 15]
      Initial Block Size 32.0 KB
      Current Block Size 32.0 KB
      Peak Allocated Bytes 54 B
      Overflow Count 0
    [ALLOC_TEMP_Job.Worker 1]
      Initial Block Size 256.0 KB
      Current Block Size 1.8 MB
      Peak Allocated Bytes 1.8 MB
      Overflow Count 0
    [ALLOC_TEMP_BakingJobs.Worker 4]
      Initial Block Size 256.0 KB
      Current Block Size 256.0 KB
      Peak Allocated Bytes 54 B
      Overflow Count 0
    [ALLOC_TEMP_Background Job.Worker 12]
      Initial Block Size 32.0 KB
      Current Block Size 32.0 KB
      Peak Allocated Bytes 54 B
      Overflow Count 0
    [ALLOC_TEMP_HTTP REST Server]
      Initial Block Size 64.0 KB
      Current Block Size 64.0 KB
      Peak Allocated Bytes 152 B
      Overflow Count 0
    [ALLOC_TEMP_BakingJobs.Worker 12]
      Initial Block Size 256.0 KB
      Current Block Size 256.0 KB
      Peak Allocated Bytes 54 B
      Overflow Count 0
    [ALLOC_TEMP_BakingJobs.Worker 13]
      Initial Block Size 256.0 KB
      Current Block Size 256.0 KB
      Peak Allocated Bytes 54 B
      Overflow Count 0
    [ALLOC_TEMP_BakingJobs.Worker 18]
      Initial Block Size 256.0 KB
      Current Block Size 256.0 KB
      Peak Allocated Bytes 54 B
      Overflow Count 0
    [ALLOC_TEMP_AssetGarbageCollectorHelper] x 19
      Initial Block Size 64.0 KB
      Current Block Size 64.0 KB
      Peak Allocated Bytes 0 B
      Overflow Count 0
    [ALLOC_TEMP_Background Job.Worker 0]
      Initial Block Size 32.0 KB
      Current Block Size 32.0 KB
      Peak Allocated Bytes 54 B
      Overflow Count 0
    [ALLOC_TEMP_Background Job.Worker 4]
      Initial Block Size 32.0 KB
      Current Block Size 32.0 KB
      Peak Allocated Bytes 54 B
      Overflow Count 0
    [ALLOC_TEMP_Background Job.Worker 14]
      Initial Block Size 32.0 KB
      Current Block Size 32.0 KB
      Peak Allocated Bytes 54 B
      Overflow Count 0
    [ALLOC_TEMP_Job.Worker 7]
      Initial Block Size 256.0 KB
      Current Block Size 1.8 MB
      Peak Allocated Bytes 1.8 MB
      Overflow Count 0
[ALLOC_MEMORYPROFILER]
  Peak usage frame count: [0.5 MB-1.0 MB]: 20 frames, [1.0 MB-2.0 MB]: 1 frames
  Requested Block Size 1.0 MB
  Peak Block count 2
  Peak Allocated memory 1.5 MB
  Peak Large allocation bytes 0 B
[ALLOC_DEFAULT] Dual Thread Allocator
  Peak main deferred allocation count 1304
    [ALLOC_BUCKET]
      Large Block size 32.0 MB
      Used Block count 1
      Peak Allocated bytes 15.9 MB
    [ALLOC_DEFAULT_MAIN]
      Peak usage frame count: [128.0 MB-256.0 MB]: 21 frames
      Requested Block Size 16.0 MB
      Peak Block count 12
      Peak Allocated memory 198.1 MB
      Peak Large allocation bytes 46.3 MB
    [ALLOC_DEFAULT_THREAD]
      Peak usage frame count: [8.0 MB-16.0 MB]: 21 frames
      Requested Block Size 16.0 MB
      Peak Block count 1
      Peak Allocated memory 15.3 MB
      Peak Large allocation bytes 0 B
[ALLOC_TEMP_JOB_1_FRAME]
  Initial Block Size 2.0 MB
  Used Block Count 0
  Overflow Count (too large) 0
  Overflow Count (full) 0
[ALLOC_TEMP_JOB_2_FRAMES]
  Initial Block Size 2.0 MB
  Used Block Count 0
  Overflow Count (too large) 0
  Overflow Count (full) 0
[ALLOC_TEMP_JOB_4_FRAMES (JobTemp)]
  Initial Block Size 2.0 MB
  Used Block Count 1
  Overflow Count (too large) 0
  Overflow Count (full) 0
[ALLOC_TEMP_JOB_ASYNC (Background)]
  Initial Block Size 1.0 MB
  Used Block Count 1
  Overflow Count (too large) 0
  Overflow Count (full) 0
[ALLOC_GFX] Dual Thread Allocator
  Peak main deferred allocation count 62
    [ALLOC_BUCKET]
      Large Block size 32.0 MB
      Used Block count 1
      Peak Allocated bytes 15.9 MB
    [ALLOC_GFX_MAIN]
      Peak usage frame count: [8.0 MB-16.0 MB]: 21 frames
      Requested Block Size 16.0 MB
      Peak Block count 1
      Peak Allocated memory 10.7 MB
      Peak Large allocation bytes 0 B
    [ALLOC_GFX_THREAD]
      Peak usage frame count: [0-1.0 KB]: 1 frames, [2.0 KB-4.0 KB]: 1 frames, [128.0 KB-256.0 KB]: 15 frames, [256.0 KB-0.5 MB]: 4 frames
      Requested Block Size 16.0 MB
      Peak Block count 1
      Peak Allocated memory 266.7 KB
      Peak Large allocation bytes 0 B
[ALLOC_CACHEOBJECTS] Dual Thread Allocator
  Peak main deferred allocation count 749
    [ALLOC_BUCKET]
      Large Block size 32.0 MB
      Used Block count 1
      Peak Allocated bytes 15.9 MB
    [ALLOC_CACHEOBJECTS_MAIN]
      Peak usage frame count: [16.0 MB-32.0 MB]: 17 frames, [32.0 MB-64.0 MB]: 3 frames, [64.0 MB-128.0 MB]: 1 frames
      Requested Block Size 4.0 MB
      Peak Block count 30
      Peak Allocated memory 104.8 MB
      Peak Large allocation bytes 37.0 MB
    [ALLOC_CACHEOBJECTS_THREAD]
      Peak usage frame count: [0-1.0 KB]: 10 frames, [1.0 KB-2.0 KB]: 3 frames, [2.0 KB-4.0 KB]: 4 frames, [128.0 KB-256.0 KB]: 4 frames
      Requested Block Size 4.0 MB
      Peak Block count 1
      Peak Allocated memory 139.6 KB
      Peak Large allocation bytes 0 B
[ALLOC_TYPETREE] Dual Thread Allocator
  Peak main deferred allocation count 1079
    [ALLOC_BUCKET]
      Large Block size 32.0 MB
      Used Block count 1
      Peak Allocated bytes 15.9 MB
    [ALLOC_TYPETREE_MAIN]
      Peak usage frame count: [1.0 MB-2.0 MB]: 13 frames, [2.0 MB-4.0 MB]: 7 frames, [32.0 MB-64.0 MB]: 1 frames
      Requested Block Size 2.0 MB
      Peak Block count 22
      Peak Allocated memory 40.0 MB
      Peak Large allocation bytes 0 B
    [ALLOC_TYPETREE_THREAD]
      Peak usage frame count: [1.0 KB-2.0 KB]: 2 frames, [4.0 KB-8.0 KB]: 15 frames, [8.0 KB-16.0 KB]: 4 frames
      Requested Block Size 2.0 MB
      Peak Block count 1
      Peak Allocated memory 13.4 KB
      Peak Large allocation bytes 0 B
[ALLOC_PROFILER]
  Peak usage frame count: [256.0 KB-0.5 MB]: 1 frames, [0.5 MB-1.0 MB]: 20 frames
  Requested Block Size 16.0 MB
  Peak Block count 1
  Peak Allocated memory 0.8 MB
  Peak Large allocation bytes 0 B
    [ALLOC_PROFILER_BUCKET]
      Large Block size 32.0 MB
      Used Block count 1
      Peak Allocated bytes 12.0 KB
[ALLOC_PROFILER_EDITOR]
  Peak usage frame count: [0-1.0 KB]: 21 frames
  Requested Block Size 1.0 MB
  Peak Block count 0
  Peak Allocated memory 0 B
  Peak Large allocation bytes 0 B
    [ALLOC_PROFILER_BUCKET]
      Large Block size 32.0 MB
      Used Block count 1
      Peak Allocated bytes 12.0 KB
##utp:{"type":"MemoryLeaks","version":2,"phase":"Immediate","time":1787582211797,"processId":64828,"allocatedMemory":35482968,"memoryLabels":[{"Default":20431},{"Permanent":15615},{"NewDelete":81680},{"Thread":4229412},{"Manager":35291},{"VertexData":204},{"Geometry":560},{"Texture":176},{"Shader":68854},{"Material":24},{"GfxDevice":57208},{"Animation":296},{"Audio":3928},{"FontEngine":272},{"Physics":513},{"Serialization":948},{"Input":14744},{"JobScheduler":38712},{"Mono":40},{"ScriptingNativeRuntime":191848},{"BaseObject":1627276},{"Resource":1360},{"Renderer":2304},{"Transform":16},{"File":9623},{"WebCam":96},{"Culling":40},{"Terrain":1137},{"Wind":24},{"STL":48},{"String":17042},{"DynamicArray":131235},{"HashMap":4460207},{"Utility":2664898},{"Curl":1424},{"PoolAlloc":1784},{"AI":104},{"TypeTree":6789},{"ScriptManager":640},{"RuntimeInitializeOnLoadManager":80},{"SpriteAtlas":128},{"GI":5512},{"Director":7960},{"WebRequest":688},{"VR":46081},{"SceneManager":568},{"Video":72},{"LazyScriptCache":40},{"NativeArray":12},{"Camera":25},{"Secure":1},{"Image":4096},{"SerializationCache":1584},{"APIUpdating":11872},{"Subsystems":392},{"VirtualTexturing":57896},{"StaticSafetyDebugInfo":327680},{"EditorGui":56},{"EditorUtility":41915},{"VersionControl":4},{"Undo":704},{"AssetDatabase":21240189},{"RestService":1414},{"EditorGi":376},{"License":3584},{"UnityConnect":25344},{"Collab":593},{"Upm":2032},{"DrivenProperties":96},{"LocalIPC":296},{"ProfilerEditor":10943},{"CoreBusinessMetrics":3852},{"AssetReference":40},{"IPCStream":40}]}
