[Licensing::Module] Trying to connect to existing licensing client channel...
[Licensing::IpcConnector] Successfully connected to: "LicenseClient-WIN10" at "2026-08-24T08:58:11.6570645Z"
[Licensing::Client] Code 10 while verifying Licensing Client signature (process Id: 6032, path: "D:/unity/Unity Hub/UnityLicensingClient_V1/Unity.Licensing.Client.exe")
[Licensing::Module] LicensingClient has failed validation; ignoring
[Licensing::Client] Error: HandshakeResponse reported an error:
	ResponseCode: 505
	ResponseStatus: Unsupported protocol version '1.16.2'.
[Licensing::Module] Error: Failed to handshake to channel: "LicenseClient-WIN10"
[Licensing::IpcConnector] LicenseClient-WIN10 channel disconnected successfully.
[Licensing::IpcConnector] Successfully connected to: "LicenseClient-WIN10-2022.3.62" at "2026-08-24T08:58:11.7195648Z"
[Licensing::Client] Code 10 while verifying Licensing Client signature (process Id: 16716, path: "C:/Program Files/Unity/Hub/Editor/2022.3.62f3/Editor/Data/Resources/Licensing/Client/Unity.Licensing.Client.exe")
[Licensing::Module] LicensingClient has failed validation; ignoring
[Licensing::Client] Handshaking with LicensingClient:
  Version:                 1.16.2+bdef8f5
  Session Id:              1c3839759faa4f6c8ebe8507193a1296
  Correlation Id:          32fcc81276828896fcc3479650094061
  External correlation Id: 429524151664416327
  Machine Id:              OfSOB9hlSOHqKDTn/0aysRfJBWw=
[Licensing::Module] Successfully connected to LicensingClient on channel: "LicenseClient-WIN10-2022.3.62" (connect: 0.00s, validation: 0.01s, handshake: 0.01s)
[Licensing::IpcConnector] Successfully connected to: "LicenseClient-WIN10-2022.3.62-notifications" at "2026-08-24T08:58:11.7380735Z"
[Licensing::Module] Error: Access token is unavailable; failed to update
[Licensing::Client] Successfully updated license
Built from '2022.3/china_unity/release' branch; Version is '2022.3.62f3c1 (1623fc0bbb97) revision 1451004'; Using compiler version '192829333'; Build Type 'Release'
OS: 'Windows 10  (10.0.19045) 64bit Professional' Language: 'zh' Physical Memory: 65241 MB
[Licensing::Client] Successfully resolved entitlement details
[Licensing::Module] Serial number assigned to: "F4-FUFT-MQVB-TJ9V-896H-XXXX"
BatchMode: 1, IsHumanControllingUs: 0, StartBugReporterOnCrash: 0, Is64bit: 1, IsPro: 0
[Licensing::Client] Successfully resolved entitlement details

COMMAND LINE ARGUMENTS:
C:\Program Files\Unity\Hub\Editor\2022.3.62f3c1\Editor\Unity.exe
-batchmode
-nographics
-projectPath
D:\unity\UnityProject\ColorTimeing\New\_ColorTiming
-executeMethod
ColorTiming.Editor.ColorTimingMigrationValidator.RepairLegacyEventSystems
-logFile
D:\unity\UnityProject\ColorTimeing\New\_ColorTiming\Documentation\Refactor\eventsystem-repair.log
Successfully changed project path to: D:\unity\UnityProject\ColorTimeing\New\_ColorTiming
D:/unity/UnityProject/ColorTimeing/New/_ColorTiming
[UnityMemory] Configuration Parameters - Can be set up in boot.config
    "memorysetup-bucket-allocator-granularity=16"
    "memorysetup-bucket-allocator-bucket-count=8"
    "memorysetup-bucket-allocator-block-size=33554432"
    "memorysetup-bucket-allocator-block-count=8"
    "memorysetup-main-allocator-block-size=16777216"
    "memorysetup-thread-allocator-block-size=16777216"
    "memorysetup-gfx-main-allocator-block-size=16777216"
    "memorysetup-gfx-thread-allocator-block-size=16777216"
    "memorysetup-cache-allocator-block-size=4194304"
    "memorysetup-typetree-allocator-block-size=2097152"
    "memorysetup-profiler-bucket-allocator-granularity=16"
    "memorysetup-profiler-bucket-allocator-bucket-count=8"
    "memorysetup-profiler-bucket-allocator-block-size=33554432"
    "memorysetup-profiler-bucket-allocator-block-count=8"
    "memorysetup-profiler-allocator-block-size=16777216"
    "memorysetup-profiler-editor-allocator-block-size=1048576"
    "memorysetup-temp-allocator-size-main=16777216"
    "memorysetup-job-temp-allocator-block-size=2097152"
    "memorysetup-job-temp-allocator-block-size-background=1048576"
    "memorysetup-job-temp-allocator-reduction-small-platforms=262144"
    "memorysetup-allocator-temp-initial-block-size-main=262144"
    "memorysetup-allocator-temp-initial-block-size-worker=262144"
    "memorysetup-temp-allocator-size-background-worker=32768"
    "memorysetup-temp-allocator-size-job-worker=262144"
    "memorysetup-temp-allocator-size-preload-manager=33554432"
    "memorysetup-temp-allocator-size-nav-mesh-worker=65536"
    "memorysetup-temp-allocator-size-audio-worker=65536"
    "memorysetup-temp-allocator-size-cloud-worker=32768"
    "memorysetup-temp-allocator-size-gi-baking-worker=262144"
    "memorysetup-temp-allocator-size-gfx=262144"
Player connection [72168]  Target information:

Player connection [72168]  * "[IP] 192.168.3.51 [Port] 55506 [Flags] 2 [Guid] 907546084 [EditorId] 907546084 [Version] 1048832 [Id] WindowsEditor(7,DESKTOP-7JQ11GM) [Debug] 1 [PackageName] WindowsEditor [ProjectName] Editor" 

Player connection [72168] Host joined multi-casting on [225.0.0.222:54997]...
Player connection [72168] Host joined alternative multi-casting on [225.0.0.222:34997]...
Input System module state changed to: Initialized.
[PhysX] Initialized MultithreadedTaskDispatcher with 20 workers.
[Package Manager] UpmClient::Connect -- Connected to IPC stream "Upm-34708" after 0.2 seconds.
[Package Manager] Restoring resolved packages state from cache
[Licensing::Client] Successfully resolved entitlement details
[Package Manager] Registered 73 packages:
  Packages from [https://npm.cloudsmith.io/jillejr/newtonsoft-json-for-unity]:
    jillejr.newtonsoft.json-for-unity.converters@1.6.3 (location: D:\unity\UnityProject\ColorTimeing\New\_ColorTiming\Library\PackageCache\jillejr.newtonsoft.json-for-unity.converters@1.6.3)
  Packages from [https://packages.unity.cn]:
    com.unity.cinemachine@2.10.3 (location: D:\unity\UnityProject\ColorTimeing\New\_ColorTiming\Library\PackageCache\com.unity.cinemachine@2.10.3)
    com.unity.collab-proxy@2.12.4 (location: D:\unity\UnityProject\ColorTimeing\New\_ColorTiming\Library\PackageCache\com.unity.collab-proxy@2.12.4)
    com.unity.collections@2.5.7 (location: D:\unity\UnityProject\ColorTimeing\New\_ColorTiming\Library\PackageCache\com.unity.collections@2.5.7)
    com.unity.ide.rider@3.0.36 (location: D:\unity\UnityProject\ColorTimeing\New\_ColorTiming\Library\PackageCache\com.unity.ide.rider@3.0.36)
    com.unity.ide.visualstudio@2.0.22 (location: D:\unity\UnityProject\ColorTimeing\New\_ColorTiming\Library\PackageCache\com.unity.ide.visualstudio@2.0.22)
    com.unity.ide.vscode@1.2.5 (location: D:\unity\UnityProject\ColorTimeing\New\_ColorTiming\Library\PackageCache\com.unity.ide.vscode@1.2.5)
    com.unity.jobs@0.70.0-preview.7 (location: D:\unity\UnityProject\ColorTimeing\New\_ColorTiming\Library\PackageCache\com.unity.jobs@0.70.0-preview.7)
    com.unity.nuget.newtonsoft-json@3.2.1 (location: D:\unity\UnityProject\ColorTimeing\New\_ColorTiming\Library\PackageCache\com.unity.nuget.newtonsoft-json@3.2.1)
    com.unity.probuilder@5.2.4 (location: D:\unity\UnityProject\ColorTimeing\New\_ColorTiming\Library\PackageCache\com.unity.probuilder@5.2.4)
    com.unity.searcher@4.9.2 (location: D:\unity\UnityProject\ColorTimeing\New\_ColorTiming\Library\PackageCache\com.unity.searcher@4.9.2)
    com.unity.textmeshpro@3.0.8 (location: D:\unity\UnityProject\ColorTimeing\New\_ColorTiming\Library\PackageCache\com.unity.textmeshpro@3.0.8)
    com.unity.timeline@1.7.7 (location: D:\unity\UnityProject\ColorTimeing\New\_ColorTiming\Library\PackageCache\com.unity.timeline@1.7.7)
    com.unity.visualscripting@1.9.4 (location: D:\unity\UnityProject\ColorTimeing\New\_ColorTiming\Library\PackageCache\com.unity.visualscripting@1.9.4)
    com.unity.burst@1.8.21 (location: D:\unity\UnityProject\ColorTimeing\New\_ColorTiming\Library\PackageCache\com.unity.burst@1.8.21)
    com.unity.settings-manager@2.1.0 (location: D:\unity\UnityProject\ColorTimeing\New\_ColorTiming\Library\PackageCache\com.unity.settings-manager@2.1.0)
    com.unity.2d.animation@9.2.0 (location: D:\unity\UnityProject\ColorTimeing\New\_ColorTiming\Library\PackageCache\com.unity.2d.animation@9.2.0)
    com.unity.2d.pixel-perfect@5.1.0 (location: D:\unity\UnityProject\ColorTimeing\New\_ColorTiming\Library\PackageCache\com.unity.2d.pixel-perfect@5.1.0)
    com.unity.2d.psdimporter@8.1.0 (location: D:\unity\UnityProject\ColorTimeing\New\_ColorTiming\Library\PackageCache\com.unity.2d.psdimporter@8.1.0)
    com.unity.2d.spriteshape@9.1.0 (location: D:\unity\UnityProject\ColorTimeing\New\_ColorTiming\Library\PackageCache\com.unity.2d.spriteshape@9.1.0)
    com.unity.2d.tilemap.extras@3.1.3 (location: D:\unity\UnityProject\ColorTimeing\New\_ColorTiming\Library\PackageCache\com.unity.2d.tilemap.extras@3.1.3)
    com.unity.2d.aseprite@1.1.9 (location: D:\unity\UnityProject\ColorTimeing\New\_ColorTiming\Library\PackageCache\com.unity.2d.aseprite@1.1.9)
    com.unity.mathematics@1.3.2 (location: D:\unity\UnityProject\ColorTimeing\New\_ColorTiming\Library\PackageCache\com.unity.mathematics@1.3.2)
    com.unity.test-framework@1.4.6 (location: D:\unity\UnityProject\ColorTimeing\New\_ColorTiming\Library\PackageCache\com.unity.test-framework@1.4.6)
    com.unity.nuget.mono-cecil@1.11.5 (location: D:\unity\UnityProject\ColorTimeing\New\_ColorTiming\Library\PackageCache\com.unity.nuget.mono-cecil@1.11.5)
    com.unity.test-framework.performance@3.0.3 (location: D:\unity\UnityProject\ColorTimeing\New\_ColorTiming\Library\PackageCache\com.unity.test-framework.performance@3.0.3)
    com.unity.2d.common@8.1.0 (location: D:\unity\UnityProject\ColorTimeing\New\_ColorTiming\Library\PackageCache\com.unity.2d.common@8.1.0)
    com.unity.ext.nunit@2.0.3 (location: D:\unity\UnityProject\ColorTimeing\New\_ColorTiming\Library\PackageCache\com.unity.ext.nunit@2.0.3)
  Built-in packages:
    com.unity.feature.2d@2.0.1 (location: D:\unity\UnityProject\ColorTimeing\New\_ColorTiming\Library\PackageCache\com.unity.feature.2d@2.0.1)
    com.unity.render-pipelines.universal@14.0.12 (location: D:\unity\UnityProject\ColorTimeing\New\_ColorTiming\Library\PackageCache\com.unity.render-pipelines.universal@14.0.12)
    com.unity.ugui@1.0.0 (location: D:\unity\UnityProject\ColorTimeing\New\_ColorTiming\Library\PackageCache\com.unity.ugui@1.0.0)
    com.unity.modules.ai@1.0.0 (location: D:\unity\UnityProject\ColorTimeing\New\_ColorTiming\Library\PackageCache\com.unity.modules.ai@1.0.0)
    com.unity.modules.androidjni@1.0.0 (location: D:\unity\UnityProject\ColorTimeing\New\_ColorTiming\Library\PackageCache\com.unity.modules.androidjni@1.0.0)
    com.unity.modules.animation@1.0.0 (location: D:\unity\UnityProject\ColorTimeing\New\_ColorTiming\Library\PackageCache\com.unity.modules.animation@1.0.0)
    com.unity.modules.assetbundle@1.0.0 (location: D:\unity\UnityProject\ColorTimeing\New\_ColorTiming\Library\PackageCache\com.unity.modules.assetbundle@1.0.0)
    com.unity.modules.audio@1.0.0 (location: D:\unity\UnityProject\ColorTimeing\New\_ColorTiming\Library\PackageCache\com.unity.modules.audio@1.0.0)
    com.unity.modules.cloth@1.0.0 (location: D:\unity\UnityProject\ColorTimeing\New\_ColorTiming\Library\PackageCache\com.unity.modules.cloth@1.0.0)
    com.unity.modules.director@1.0.0 (location: D:\unity\UnityProject\ColorTimeing\New\_ColorTiming\Library\PackageCache\com.unity.modules.director@1.0.0)
    com.unity.modules.imageconversion@1.0.0 (location: D:\unity\UnityProject\ColorTimeing\New\_ColorTiming\Library\PackageCache\com.unity.modules.imageconversion@1.0.0)
    com.unity.modules.imgui@1.0.0 (location: D:\unity\UnityProject\ColorTimeing\New\_ColorTiming\Library\PackageCache\com.unity.modules.imgui@1.0.0)
    com.unity.modules.jsonserialize@1.0.0 (location: D:\unity\UnityProject\ColorTimeing\New\_ColorTiming\Library\PackageCache\com.unity.modules.jsonserialize@1.0.0)
    com.unity.modules.particlesystem@1.0.0 (location: D:\unity\UnityProject\ColorTimeing\New\_ColorTiming\Library\PackageCache\com.unity.modules.particlesystem@1.0.0)
    com.unity.modules.physics@1.0.0 (location: D:\unity\UnityProject\ColorTimeing\New\_ColorTiming\Library\PackageCache\com.unity.modules.physics@1.0.0)
    com.unity.modules.physics2d@1.0.0 (location: D:\unity\UnityProject\ColorTimeing\New\_ColorTiming\Library\PackageCache\com.unity.modules.physics2d@1.0.0)
    com.unity.modules.screencapture@1.0.0 (location: D:\unity\UnityProject\ColorTimeing\New\_ColorTiming\Library\PackageCache\com.unity.modules.screencapture@1.0.0)
    com.unity.modules.terrain@1.0.0 (location: D:\unity\UnityProject\ColorTimeing\New\_ColorTiming\Library\PackageCache\com.unity.modules.terrain@1.0.0)
    com.unity.modules.terrainphysics@1.0.0 (location: D:\unity\UnityProject\ColorTimeing\New\_ColorTiming\Library\PackageCache\com.unity.modules.terrainphysics@1.0.0)
    com.unity.modules.tilemap@1.0.0 (location: D:\unity\UnityProject\ColorTimeing\New\_ColorTiming\Library\PackageCache\com.unity.modules.tilemap@1.0.0)
    com.unity.modules.ui@1.0.0 (location: D:\unity\UnityProject\ColorTimeing\New\_ColorTiming\Library\PackageCache\com.unity.modules.ui@1.0.0)
    com.unity.modules.uielements@1.0.0 (location: D:\unity\UnityProject\ColorTimeing\New\_ColorTiming\Library\PackageCache\com.unity.modules.uielements@1.0.0)
    com.unity.modules.umbra@1.0.0 (location: D:\unity\UnityProject\ColorTimeing\New\_ColorTiming\Library\PackageCache\com.unity.modules.umbra@1.0.0)
    com.unity.modules.unityanalytics@1.0.0 (location: D:\unity\UnityProject\ColorTimeing\New\_ColorTiming\Library\PackageCache\com.unity.modules.unityanalytics@1.0.0)
    com.unity.modules.unitywebrequest@1.0.0 (location: D:\unity\UnityProject\ColorTimeing\New\_ColorTiming\Library\PackageCache\com.unity.modules.unitywebrequest@1.0.0)
    com.unity.modules.unitywebrequestassetbundle@1.0.0 (location: D:\unity\UnityProject\ColorTimeing\New\_ColorTiming\Library\PackageCache\com.unity.modules.unitywebrequestassetbundle@1.0.0)
    com.unity.modules.unitywebrequestaudio@1.0.0 (location: D:\unity\UnityProject\ColorTimeing\New\_ColorTiming\Library\PackageCache\com.unity.modules.unitywebrequestaudio@1.0.0)
    com.unity.modules.unitywebrequesttexture@1.0.0 (location: D:\unity\UnityProject\ColorTimeing\New\_ColorTiming\Library\PackageCache\com.unity.modules.unitywebrequesttexture@1.0.0)
    com.unity.modules.unitywebrequestwww@1.0.0 (location: D:\unity\UnityProject\ColorTimeing\New\_ColorTiming\Library\PackageCache\com.unity.modules.unitywebrequestwww@1.0.0)
    com.unity.modules.vehicles@1.0.0 (location: D:\unity\UnityProject\ColorTimeing\New\_ColorTiming\Library\PackageCache\com.unity.modules.vehicles@1.0.0)
    com.unity.modules.video@1.0.0 (location: D:\unity\UnityProject\ColorTimeing\New\_ColorTiming\Library\PackageCache\com.unity.modules.video@1.0.0)
    com.unity.modules.vr@1.0.0 (location: D:\unity\UnityProject\ColorTimeing\New\_ColorTiming\Library\PackageCache\com.unity.modules.vr@1.0.0)
    com.unity.modules.wind@1.0.0 (location: D:\unity\UnityProject\ColorTimeing\New\_ColorTiming\Library\PackageCache\com.unity.modules.wind@1.0.0)
    com.unity.modules.xr@1.0.0 (location: D:\unity\UnityProject\ColorTimeing\New\_ColorTiming\Library\PackageCache\com.unity.modules.xr@1.0.0)
    com.unity.modules.subsystems@1.0.0 (location: D:\unity\UnityProject\ColorTimeing\New\_ColorTiming\Library\PackageCache\com.unity.modules.subsystems@1.0.0)
    com.unity.render-pipelines.core@14.0.12 (location: D:\unity\UnityProject\ColorTimeing\New\_ColorTiming\Library\PackageCache\com.unity.render-pipelines.core@14.0.12)
    com.unity.shadergraph@14.0.12 (location: D:\unity\UnityProject\ColorTimeing\New\_ColorTiming\Library\PackageCache\com.unity.shadergraph@14.0.12)
    com.unity.render-pipelines.universal-config@14.0.10 (location: D:\unity\UnityProject\ColorTimeing\New\_ColorTiming\Library\PackageCache\com.unity.render-pipelines.universal-config@14.0.10)
    com.unity.2d.sprite@1.0.0 (location: D:\unity\UnityProject\ColorTimeing\New\_ColorTiming\Library\PackageCache\com.unity.2d.sprite@1.0.0)
    com.unity.2d.tilemap@1.0.0 (location: D:\unity\UnityProject\ColorTimeing\New\_ColorTiming\Library\PackageCache\com.unity.2d.tilemap@1.0.0)
  Local packages:
    com.handzlikchris.fastscriptreload@file:D:\unity\UnityProject\ColorTimeing\New\_ColorTiming\LocalPackages\FastScriptReload\Assets (location: D:\unity\UnityProject\ColorTimeing\New\_ColorTiming\LocalPackages\FastScriptReload\Assets)
  Git packages:
    com.besty.unity-skills@https://github.com/Besty0728/Unity-Skills.git?path=/SkillsForUnity#v2.1.0 (location: D:\unity\UnityProject\ColorTimeing\New\_ColorTiming\Library\PackageCache\com.besty.unity-skills@f6f09e6bb0)
    com.code-philosophy.hybridclr@https://gitee.com/focus-creative-games/hybridclr_unity.git (location: D:\unity\UnityProject\ColorTimeing\New\_ColorTiming\Library\PackageCache\com.code-philosophy.hybridclr@e4def761d6)
    com.code-philosophy.obfuz@https://gitee.com/focus-creative-games/obfuz.git (location: D:\unity\UnityProject\ColorTimeing\New\_ColorTiming\Library\PackageCache\com.code-philosophy.obfuz@977779c8b7)
    com.code-philosophy.obfuz4hybridclr@https://gitee.com/focus-creative-games/obfuz4hybridclr.git (location: D:\unity\UnityProject\ColorTimeing\New\_ColorTiming\Library\PackageCache\com.code-philosophy.obfuz4hybridclr@40c8b6c1a8)
[Subsystems] No new subsystems found in resolved package list.
Package Manager log level set to [2]
[Package Manager] Done registering packages in 0.11 seconds
Refreshing native plugins compatible for Editor in 15.24 ms, found 5 plugins.
Preloading 0 native plugins for Editor in 0.00 ms.
Initialize engine version: 2022.3.62f3c1 (1623fc0bbb97)
[Subsystems] Discovering subsystems at path C:/Program Files/Unity/Hub/Editor/2022.3.62f3c1/Editor/Data/Resources/UnitySubsystems
[Subsystems] Discovering subsystems at path D:/unity/UnityProject/ColorTimeing/New/_ColorTiming/Assets
Forcing GfxDevice: Null
GfxDevice: creating device client; threaded=0; jobified=0
NullGfxDevice:
    Version:  NULL 1.0 [1.0]
    Renderer: Null Device
    Vendor:   Unity Technologies
[Licensing::Client] Successfully resolved entitlement details
Initialize mono
Mono path[0] = 'C:/Program Files/Unity/Hub/Editor/2022.3.62f3c1/Editor/Data/Managed'
Mono path[1] = 'C:/Program Files/Unity/Hub/Editor/2022.3.62f3c1/Editor/Data/MonoBleedingEdge/lib/mono/unityjit-win32'
Mono config path = 'C:/Program Files/Unity/Hub/Editor/2022.3.62f3c1/Editor/Data/MonoBleedingEdge/etc'
Using monoOptions --debugger-agent=transport=dt_socket,embedding=1,server=y,suspend=n,address=127.0.0.1:56708
Using cacheserver namespaces - metadata:defaultmetadata, artifacts:defaultartifacts
Using cacheserver namespaces - metadata:defaultmetadata, artifacts:defaultartifacts
ImportWorker Server TCP listen port: 0
Begin MonoManager ReloadAssembly
Registering precompiled unity dll's ...
Register platform support module: C:/Program Files/Unity/Hub/Editor/2022.3.62f3c1/Editor/Data/PlaybackEngines/WindowsStandaloneSupport/UnityEditor.WindowsStandalone.Extensions.dll
Registered in 0.003994 seconds.
- Loaded All Assemblies, in  0.197 seconds
Native extension for WindowsStandalone target not found
Mono: successfully reloaded assembly
- Finished resetting the current domain, in  0.143 seconds
Domain Reload Profiling: 340ms
	BeginReloadAssembly (65ms)
		ExecutionOrderSort (0ms)
		DisableScriptedObjects (0ms)
		BackupInstance (0ms)
		ReleaseScriptingObjects (0ms)
		CreateAndSetChildDomain (1ms)
	RebuildCommonClasses (19ms)
	RebuildNativeTypeToScriptingClass (5ms)
	initialDomainReloadingComplete (32ms)
	LoadAllAssembliesAndSetupDomain (74ms)
		LoadAssemblies (64ms)
		RebuildTransferFunctionScriptingTraits (0ms)
		AnalyzeDomain (73ms)
			TypeCache.Refresh (71ms)
				TypeCache.ScanAssembly (63ms)
			ScanForSourceGeneratedMonoScriptInfo (0ms)
			ResolveRequiredComponents (0ms)
	FinalizeReload (144ms)
		ReleaseScriptCaches (0ms)
		RebuildScriptCaches (0ms)
		SetupLoadedEditorAssemblies (119ms)
			LogAssemblyErrors (0ms)
			InitializePlatformSupportModulesInManaged (6ms)
			SetLoadedEditorAssemblies (5ms)
			RefreshPlugins (0ms)
			BeforeProcessingInitializeOnLoad (1ms)
			ProcessInitializeOnLoadAttributes (76ms)
			ProcessInitializeOnLoadMethodAttributes (31ms)
			AfterProcessingInitializeOnLoad (0ms)
			EditorAssembliesLoaded (0ms)
		ExecutionOrderSort2 (0ms)
		AwakeInstancesAfterBackupRestoration (0ms)
[Licensing::Client] Successfully resolved entitlement details
Application.AssetDatabase Initial Refresh Start
[ScriptCompilation] Requested script compilation because: Assembly Definition File(s) changed
[ScriptCompilation] Requested script compilation because: Assetdatabase observed changes in script compilation related files
Duplicate assembly 'Mono.Cecil.Pdb.dll' with different versions detected, using 'Packages/com.handzlikchris.fastscriptreload/Plugins/Harmony/net48/Mono.Cecil.Pdb.dll, AssemblyName=Mono.Cecil.Pdb, Version=0.11.6.0, Culture=neutral, PublicKeyToken=50cebf1cceb9d05e' and ignoring 'Packages/com.unity.nuget.mono-cecil/Mono.Cecil.Pdb.dll, AssemblyName=Mono.Cecil.Pdb, Version=0.11.5.0, Culture=neutral, PublicKeyToken=50cebf1cceb9d05e'.Duplicate assembly 'System.Collections.Immutable.dll' with different versions detected, using 'Assets/Plugins/Protobuf/System.Collections.Immutable.dll, AssemblyName=System.Collections.Immutable, Version=7.0.0.0, Culture=neutral, PublicKeyToken=b03f5f7f11d50a3a' and ignoring 'Packages/com.handzlikchris.fastscriptreload/Plugins/Roslyn/2021+/System.Collections.Immutable.dll, AssemblyName=System.Collections.Immutable, Version=1.2.3.0, Culture=neutral, PublicKeyToken=b03f5f7f11d50a3a'.Duplicate assembly 'Mono.Cecil.Rocks.dll' with different versions detected, using 'Packages/com.handzlikchris.fastscriptreload/Plugins/Harmony/net48/Mono.Cecil.Rocks.dll, AssemblyName=Mono.Cecil.Rocks, Version=0.11.6.0, Culture=neutral, PublicKeyToken=50cebf1cceb9d05e' and ignoring 'Packages/com.unity.nuget.mono-cecil/Mono.Cecil.Rocks.dll, AssemblyName=Mono.Cecil.Rocks, Version=0.11.5.0, Culture=neutral, PublicKeyToken=50cebf1cceb9d05e'.Duplicate assembly 'Mono.Cecil.Mdb.dll' with different versions detected, using 'Packages/com.handzlikchris.fastscriptreload/Plugins/Harmony/net48/Mono.Cecil.Mdb.dll, AssemblyName=Mono.Cecil.Mdb, Version=0.11.6.0, Culture=neutral, PublicKeyToken=50cebf1cceb9d05e' and ignoring 'Packages/com.unity.nuget.mono-cecil/Mono.Cecil.Mdb.dll, AssemblyName=Mono.Cecil.Mdb, Version=0.11.5.0, Culture=neutral, PublicKeyToken=50cebf1cceb9d05e'.Duplicate assembly 'Mono.Cecil.dll' with different versions detected, using 'Packages/com.handzlikchris.fastscriptreload/Plugins/Harmony/net48/Mono.Cecil.dll, AssemblyName=Mono.Cecil, Version=0.11.6.0, Culture=neutral, PublicKeyToken=50cebf1cceb9d05e' and ignoring 'Packages/com.unity.nuget.mono-cecil/Mono.Cecil.dll, AssemblyName=Mono.Cecil, Version=0.11.5.0, Culture=neutral, PublicKeyToken=50cebf1cceb9d05e'.Assembly for Assembly Definition File 'Assets/Game/Tests/ColorTiming/EditMode/ColorTiming.EditMode.Tests.asmdef' will not be compiled, because it has no scripts associated with it.
UnityEngine.StackTraceUtility:ExtractStackTrace ()
UnityEngine.DebugLogHandler:LogFormat (UnityEngine.LogType,UnityEngine.Object,string,object[])
UnityEngine.Logger:LogFormat (UnityEngine.LogType,string,object[])
UnityEngine.Debug:LogWarningFormat (string,object[])
UnityEditor.Scripting.ScriptCompilation.EditorCompilation:WarnIfThereAreAssembliesWithoutAnyScripts (UnityEditor.Scripting.ScriptCompilation.ScriptAssemblySettings,UnityEditor.Scripting.ScriptCompilation.ScriptAssembly[])
UnityEditor.Scripting.ScriptCompilation.EditorCompilation:CompileScriptsWithSettings (UnityEditor.Scripting.ScriptCompilation.ScriptAssemblySettings)
UnityEditor.Scripting.ScriptCompilation.EditorCompilation:CompileScripts (UnityEditor.Scripting.ScriptCompilation.EditorScriptCompilationOptions,UnityEditor.BuildTargetGroup,UnityEditor.BuildTarget,int,string[])
UnityEditor.Scripting.ScriptCompilation.EditorCompilationInterface/<>c__DisplayClass21_0:<CompileScripts>b__0 ()
UnityEditor.Scripting.ScriptCompilation.EditorCompilationInterface:EmitExceptionAsError<UnityEditor.Scripting.ScriptCompilation.EditorCompilation/CompileStatus> (System.Func`1<UnityEditor.Scripting.ScriptCompilation.EditorCompilation/CompileStatus>,UnityEditor.Scripting.ScriptCompilation.EditorCompilation/CompileStatus)
UnityEditor.Scripting.ScriptCompilation.EditorCompilationInterface:CompileScripts (UnityEditor.Scripting.ScriptCompilation.EditorScriptCompilationOptions,UnityEditor.BuildTargetGroup,UnityEditor.BuildTarget,int,string[])

Assembly for Assembly Definition File 'Assets/Game/Tests/ColorTiming/PlayMode/ColorTiming.PlayMode.Tests.asmdef' will not be compiled, because it has no scripts associated with it.
UnityEngine.StackTraceUtility:ExtractStackTrace ()
UnityEngine.DebugLogHandler:LogFormat (UnityEngine.LogType,UnityEngine.Object,string,object[])
UnityEngine.Logger:LogFormat (UnityEngine.LogType,string,object[])
UnityEngine.Debug:LogWarningFormat (string,object[])
UnityEditor.Scripting.ScriptCompilation.EditorCompilation:WarnIfThereAreAssembliesWithoutAnyScripts (UnityEditor.Scripting.ScriptCompilation.ScriptAssemblySettings,UnityEditor.Scripting.ScriptCompilation.ScriptAssembly[])
UnityEditor.Scripting.ScriptCompilation.EditorCompilation:CompileScriptsWithSettings (UnityEditor.Scripting.ScriptCompilation.ScriptAssemblySettings)
UnityEditor.Scripting.ScriptCompilation.EditorCompilation:CompileScripts (UnityEditor.Scripting.ScriptCompilation.EditorScriptCompilationOptions,UnityEditor.BuildTargetGroup,UnityEditor.BuildTarget,int,string[])
UnityEditor.Scripting.ScriptCompilation.EditorCompilationInterface/<>c__DisplayClass21_0:<CompileScripts>b__0 ()
UnityEditor.Scripting.ScriptCompilation.EditorCompilationInterface:EmitExceptionAsError<UnityEditor.Scripting.ScriptCompilation.EditorCompilation/CompileStatus> (System.Func`1<UnityEditor.Scripting.ScriptCompilation.EditorCompilation/CompileStatus>,UnityEditor.Scripting.ScriptCompilation.EditorCompilation/CompileStatus)
UnityEditor.Scripting.ScriptCompilation.EditorCompilationInterface:CompileScripts (UnityEditor.Scripting.ScriptCompilation.EditorScriptCompilationOptions,UnityEditor.BuildTargetGroup,UnityEditor.BuildTarget,int,string[])

Starting: C:\Program Files\Unity\Hub\Editor\2022.3.62f3c1\Editor\Data\bee_backend.exe --ipc --defer-dag-verification --dagfile="Library/Bee/1900b0aEDbg.dag" --continue-on-failure --profile="Library/Bee/backend1.traceevents" ScriptAssemblies
WorkingDir: D:/unity/UnityProject/ColorTimeing/New/_ColorTiming
DisplayProgressbar: Compiling Scripts
ExitCode: 0 Duration: 0s910ms
[ 921/1223  0s] ILPP-Configuration Library/ilpp-configuration.nevergeneratedoutput
[1219/1223  0s] Csc Library/Bee/artifacts/1900b0aEDbg.dag/ColorTiming.Migration.Editor.dll (+2 others)
[1220/1223  0s] ILPostProcess Library/Bee/artifacts/1900b0aEDbg.dag/post-processed/ColorTiming.Migration.Editor.dll (+pdb)
Processing assembly Library/Bee/artifacts/1900b0aEDbg.dag/ColorTiming.Migration.Editor.dll, with 119 defines and 249 references

processors: Unity.Jobs.CodeGen.JobsILPostProcessor, zzzUnity.Burst.CodeGen.BurstILPostProcessor

running Unity.Jobs.CodeGen.JobsILPostProcessor

running zzzUnity.Burst.CodeGen.BurstILPostProcessor
[1221/1223  0s] CopyFiles Library/ScriptAssemblies/ColorTiming.Migration.Editor.pdb
[1222/1223  0s] CopyFiles Library/ScriptAssemblies/ColorTiming.Migration.Editor.dll
*** Tundra build success (0.87 seconds), 5 items updated, 1223 evaluated
AssetDatabase: script compilation time: 1.340333s
Begin MonoManager ReloadAssembly
Duplicate assembly 'Mono.Cecil.Pdb.dll' with different versions detected, using 'Packages/com.handzlikchris.fastscriptreload/Plugins/Harmony/net48/Mono.Cecil.Pdb.dll, AssemblyName=Mono.Cecil.Pdb, Version=0.11.6.0, Culture=neutral, PublicKeyToken=50cebf1cceb9d05e' and ignoring 'Packages/com.unity.nuget.mono-cecil/Mono.Cecil.Pdb.dll, AssemblyName=Mono.Cecil.Pdb, Version=0.11.5.0, Culture=neutral, PublicKeyToken=50cebf1cceb9d05e'.Duplicate assembly 'System.Collections.Immutable.dll' with different versions detected, using 'Assets/Plugins/Protobuf/System.Collections.Immutable.dll, AssemblyName=System.Collections.Immutable, Version=7.0.0.0, Culture=neutral, PublicKeyToken=b03f5f7f11d50a3a' and ignoring 'Packages/com.handzlikchris.fastscriptreload/Plugins/Roslyn/2021+/System.Collections.Immutable.dll, AssemblyName=System.Collections.Immutable, Version=1.2.3.0, Culture=neutral, PublicKeyToken=b03f5f7f11d50a3a'.Duplicate assembly 'Mono.Cecil.Rocks.dll' with different versions detected, using 'Packages/com.handzlikchris.fastscriptreload/Plugins/Harmony/net48/Mono.Cecil.Rocks.dll, AssemblyName=Mono.Cecil.Rocks, Version=0.11.6.0, Culture=neutral, PublicKeyToken=50cebf1cceb9d05e' and ignoring 'Packages/com.unity.nuget.mono-cecil/Mono.Cecil.Rocks.dll, AssemblyName=Mono.Cecil.Rocks, Version=0.11.5.0, Culture=neutral, PublicKeyToken=50cebf1cceb9d05e'.Duplicate assembly 'Mono.Cecil.Mdb.dll' with different versions detected, using 'Packages/com.handzlikchris.fastscriptreload/Plugins/Harmony/net48/Mono.Cecil.Mdb.dll, AssemblyName=Mono.Cecil.Mdb, Version=0.11.6.0, Culture=neutral, PublicKeyToken=50cebf1cceb9d05e' and ignoring 'Packages/com.unity.nuget.mono-cecil/Mono.Cecil.Mdb.dll, AssemblyName=Mono.Cecil.Mdb, Version=0.11.5.0, Culture=neutral, PublicKeyToken=50cebf1cceb9d05e'.Duplicate assembly 'Mono.Cecil.dll' with different versions detected, using 'Packages/com.handzlikchris.fastscriptreload/Plugins/Harmony/net48/Mono.Cecil.dll, AssemblyName=Mono.Cecil, Version=0.11.6.0, Culture=neutral, PublicKeyToken=50cebf1cceb9d05e' and ignoring 'Packages/com.unity.nuget.mono-cecil/Mono.Cecil.dll, AssemblyName=Mono.Cecil, Version=0.11.5.0, Culture=neutral, PublicKeyToken=50cebf1cceb9d05e'.- Loaded All Assemblies, in  0.723 seconds
Refreshing native plugins compatible for Editor in 4.78 ms, found 5 plugins.
Preloading 0 native plugins for Editor in 0.00 ms.
Start importing Assets/Game/Editor/ColorTimingMigration/ColorTiming.Migration.Editor.asmdef using Guid(de8de5f7dd6faf34a9eefca8ee903fdf) Importer(-1,00000000000000000000000000000000) [PhysX] Initialized MultithreadedTaskDispatcher with 20 workers.
 -> (artifact id: '652521837318f04f4e1128dc49398c5d') in 0.006985 seconds
Start importing Assets/Game/Editor/ColorTimingMigration/ColorTimingMigrationValidator.cs using Guid(67a8256ac7657614b9e43b10cba57652) Importer(-1,00000000000000000000000000000000) [PhysX] Initialized MultithreadedTaskDispatcher with 20 workers.
 -> (artifact id: '871611284a66d0d8c11ac2331bd5414a') in 0.002857 seconds
Refreshing native plugins compatible for Editor in 4.82 ms, found 5 plugins.
Native extension for WindowsStandalone target not found
Duplicate assembly 'Mono.Cecil.Pdb.dll' with different versions detected, using 'Packages/com.handzlikchris.fastscriptreload/Plugins/Harmony/net48/Mono.Cecil.Pdb.dll, AssemblyName=Mono.Cecil.Pdb, Version=0.11.6.0, Culture=neutral, PublicKeyToken=50cebf1cceb9d05e' and ignoring 'Packages/com.unity.nuget.mono-cecil/Mono.Cecil.Pdb.dll, AssemblyName=Mono.Cecil.Pdb, Version=0.11.5.0, Culture=neutral, PublicKeyToken=50cebf1cceb9d05e'.Duplicate assembly 'System.Collections.Immutable.dll' with different versions detected, using 'Assets/Plugins/Protobuf/System.Collections.Immutable.dll, AssemblyName=System.Collections.Immutable, Version=7.0.0.0, Culture=neutral, PublicKeyToken=b03f5f7f11d50a3a' and ignoring 'Packages/com.handzlikchris.fastscriptreload/Plugins/Roslyn/2021+/System.Collections.Immutable.dll, AssemblyName=System.Collections.Immutable, Version=1.2.3.0, Culture=neutral, PublicKeyToken=b03f5f7f11d50a3a'.Duplicate assembly 'Mono.Cecil.Rocks.dll' with different versions detected, using 'Packages/com.handzlikchris.fastscriptreload/Plugins/Harmony/net48/Mono.Cecil.Rocks.dll, AssemblyName=Mono.Cecil.Rocks, Version=0.11.6.0, Culture=neutral, PublicKeyToken=50cebf1cceb9d05e' and ignoring 'Packages/com.unity.nuget.mono-cecil/Mono.Cecil.Rocks.dll, AssemblyName=Mono.Cecil.Rocks, Version=0.11.5.0, Culture=neutral, PublicKeyToken=50cebf1cceb9d05e'.Duplicate assembly 'Mono.Cecil.Mdb.dll' with different versions detected, using 'Packages/com.handzlikchris.fastscriptreload/Plugins/Harmony/net48/Mono.Cecil.Mdb.dll, AssemblyName=Mono.Cecil.Mdb, Version=0.11.6.0, Culture=neutral, PublicKeyToken=50cebf1cceb9d05e' and ignoring 'Packages/com.unity.nuget.mono-cecil/Mono.Cecil.Mdb.dll, AssemblyName=Mono.Cecil.Mdb, Version=0.11.5.0, Culture=neutral, PublicKeyToken=50cebf1cceb9d05e'.Duplicate assembly 'Mono.Cecil.dll' with different versions detected, using 'Packages/com.handzlikchris.fastscriptreload/Plugins/Harmony/net48/Mono.Cecil.dll, AssemblyName=Mono.Cecil, Version=0.11.6.0, Culture=neutral, PublicKeyToken=50cebf1cceb9d05e' and ignoring 'Packages/com.unity.nuget.mono-cecil/Mono.Cecil.dll, AssemblyName=Mono.Cecil, Version=0.11.5.0, Culture=neutral, PublicKeyToken=50cebf1cceb9d05e'.Skip optional Config Excel watcher because directory does not exist: D:/unity/UnityProject/ColorTimeing/New/_ColorTiming/GameData/Configs
UnityEngine.StackTraceUtility:ExtractStackTrace ()
UnityEngine.DebugLogHandler:LogFormat (UnityEngine.LogType,UnityEngine.Object,string,object[])
UnityEngine.Logger:Log (UnityEngine.LogType,object)
UnityEngine.Debug:Log (object)
UGF.EditorTools.DataTableUpdater:CreateExcelWatcher (string,System.IO.NotifyFilters,System.IO.FileSystemEventHandler,string) (at Assets/Game/ScriptsBuiltin/Editor/DataTableUpdater.cs:64)
UGF.EditorTools.DataTableUpdater:Init () (at Assets/Game/ScriptsBuiltin/Editor/DataTableUpdater.cs:36)
System.Reflection.RuntimeMethodInfo:Invoke (object,System.Reflection.BindingFlags,System.Reflection.Binder,object[],System.Globalization.CultureInfo)
System.Reflection.MethodBase:Invoke (object,object[])
UnityEditor.EditorAssemblies:ProcessInitializeOnLoadMethodAttributes ()

(Filename: Assets/Game/ScriptsBuiltin/Editor/DataTableUpdater.cs Line: 64)

Mono: successfully reloaded assembly
- Finished resetting the current domain, in  4.343 seconds
Domain Reload Profiling: 5064ms
	BeginReloadAssembly (93ms)
		ExecutionOrderSort (0ms)
		DisableScriptedObjects (3ms)
		BackupInstance (0ms)
		ReleaseScriptingObjects (0ms)
		CreateAndSetChildDomain (18ms)
	RebuildCommonClasses (17ms)
	RebuildNativeTypeToScriptingClass (5ms)
	initialDomainReloadingComplete (37ms)
	LoadAllAssembliesAndSetupDomain (569ms)
		LoadAssemblies (336ms)
		RebuildTransferFunctionScriptingTraits (0ms)
		AnalyzeDomain (281ms)
			TypeCache.Refresh (245ms)
				TypeCache.ScanAssembly (228ms)
			ScanForSourceGeneratedMonoScriptInfo (25ms)
			ResolveRequiredComponents (8ms)
	FinalizeReload (4344ms)
		ReleaseScriptCaches (0ms)
		RebuildScriptCaches (0ms)
		SetupLoadedEditorAssemblies (4198ms)
			LogAssemblyErrors (0ms)
			InitializePlatformSupportModulesInManaged (3ms)
			SetLoadedEditorAssemblies (5ms)
			RefreshPlugins (0ms)
			BeforeProcessingInitializeOnLoad (81ms)
			ProcessInitializeOnLoadAttributes (3528ms)
			ProcessInitializeOnLoadMethodAttributes (577ms)
			AfterProcessingInitializeOnLoad (4ms)
			EditorAssembliesLoaded (0ms)
		ExecutionOrderSort2 (0ms)
		AwakeInstancesAfterBackupRestoration (8ms)
Refreshing native plugins compatible for Editor in 5.01 ms, found 5 plugins.
Preloading 0 native plugins for Editor in 0.00 ms.
Asset Pipeline Refresh (id=966be7237eb2483488b2ffdfb7be9999): Total: 8.116 seconds - Initiated by InitialRefreshV2(ForceSynchronousImport)
	Summary:
		Imports: total=1694 (actual=2, local cache=1692, cache server=0)
		Asset DB Process Time: managed=3 ms, native=1265 ms
		Asset DB Callback time: managed=242 ms, native=10 ms
		Scripting: domain reloads=1, domain reload time=5173 ms, compile time=1341 ms, other=78 ms
		Project Asset Count: scripts=10375, non-scripts=6287
		Asset File Changes: new=0, changed=2, moved=0, deleted=0
		Scan Filter Count: 0
	InvokeBeforeRefreshCallbacks: 0.279ms
	ApplyChangesToAssetFolders: 0.048ms
	Scan: 112.884ms
	OnSourceAssetsModified: 1.674ms
	GetAllGuidsForCategorization: 1.328ms
	CategorizeAssets: 205.318ms
	ImportOutOfDateAssets: 4414.569ms (3023.654ms without children)
		ImportManagerImport: 13.649ms (2.892ms without children)
			ImportInProcess: 10.730ms
			UpdateCategorizedAssets: 0.027ms
		CompileScripts: 1341.356ms
		ReloadNativeAssets: 0.017ms
		UnloadImportedAssets: 31.007ms
		ReloadImportedAssets: 0.106ms
		EnsureUptoDateAssetsAreRegisteredWithGuidPM: 2.885ms
		InitializingProgressBar: 0.000ms
		PostProcessAllAssetNotificationsAddChangedAssets: 0.001ms
		OnDemandSchedulerStart: 1.893ms
	PostProcessAllAssets: 246.174ms
	Hotreload: 5.500ms
	GatherAllCurrentPrimaryArtifactRevisions: 0.000ms
	UnloadStreamsBegin: 0.186ms
	PersistCurrentRevisions: 0.582ms
	UnloadStreamsEnd: 0.076ms
	GenerateScriptTypeHashes: 2.104ms
	Untracked: 3127.283ms
Application.AssetDatabase Initial Refresh End
Shader Hidden/ProbeVolume/VoxelizeScene is not supported: GPU does not support conservative rasterization
Shader Hidden/ProbeVolume/VoxelizeScene is not supported: GPU does not support conservative rasterization
Scanning for USB devices : 4.857ms
Initializing Unity extensions:
[Licensing::Client] Successfully resolved entitlement details
[MODES] ModeService[none].Initialize
[MODES] ModeService[none].LoadModes
[MODES] Loading mode Default (0) for mode-current-id-GameDesinger
[PhysX] Initialized MultithreadedTaskDispatcher with 20 workers.
ProgressiveSceneManager::Cancel()
Unloading 121 Unused Serialized files (Serialized files now loaded: 0)
Curl error 6: Could not resolve host: config.uca.cloud.unity3d.com
Unloading 430 unused Assets / (9.7 MB). Loaded Objects now: 9096.
Memory consumption went from 243.6 MB to 233.9 MB.
Total: 9.003600 ms (FindLiveObjects: 0.423300 ms CreateObjectMapping: 0.276000 ms MarkObjects: 4.919700 ms  DeleteObjects: 3.384000 ms)

Opening scene 'Assets/Game/Scene/Boss1.unity'
[PhysX] Initialized MultithreadedTaskDispatcher with 20 workers.
Unloading 157 Unused Serialized files (Serialized files now loaded: 0)
Launched and connected shader compiler UnityShaderCompiler.exe after 0.04 seconds
Problematic material setup at Spine: 
Warning: Premultiply-alpha atlas textures not supported in Linear color space!

Please
a) re-export atlas as straight alpha texture with 'premultiply alpha' unchecked
   (if you have already done this, please set the 'Straight Alpha Texture' Material parameter to 'true') or
b) switch to Gamma color space via
Project Settings - Player - Other Settings - Color Space.

Warning: Premultiply-alpha atlas textures not supported in Linear color space!

Please
a) re-export atlas as straight alpha texture with 'premultiply alpha' unchecked
   (if you have already done this, please set the 'Straight Alpha Texture' Material parameter to 'true') or
b) switch to Gamma color space via
Project Settings - Player - Other Settings - Color Space.

Warning: Premultiply-alpha atlas textures not supported in Linear color space!

Please
a) re-export atlas as straight alpha texture with 'premultiply alpha' unchecked
   (if you have already done this, please set the 'Straight Alpha Texture' Material parameter to 'true') or
b) switch to Gamma color space via
Project Settings - Player - Other Settings - Color Space.

Warning: Premultiply-alpha atlas textures not supported in Linear color space!

Please
a) re-export atlas as straight alpha texture with 'premultiply alpha' unchecked
   (if you have already done this, please set the 'Straight Alpha Texture' Material parameter to 'true') or
b) switch to Gamma color space via
Project Settings - Player - Other Settings - Color Space.

Warning: Premultiply-alpha atlas textures not supported in Linear color space!

Please
a) re-export atlas as straight alpha texture with 'premultiply alpha' unchecked
   (if you have already done this, please set the 'Straight Alpha Texture' Material parameter to 'true') or
b) switch to Gamma color space via
Project Settings - Player - Other Settings - Color Space.

Warning: Premultiply-alpha atlas textures not supported in Linear color space!

Please
a) re-export atlas as straight alpha texture with 'premultiply alpha' unchecked
   (if you have already done this, please set the 'Straight Alpha Texture' Material parameter to 'true') or
b) switch to Gamma color space via
Project Settings - Player - Other Settings - Color Space.

Warning: Premultiply-alpha atlas textures not supported in Linear color space!

Please
a) re-export atlas as straight alpha texture with 'premultiply alpha' unchecked
   (if you have already done this, please set the 'Straight Alpha Texture' Material parameter to 'true') or
b) switch to Gamma color space via
Project Settings - Player - Other Settings - Color Space.

Warning: Premultiply-alpha atlas textures not supported in Linear color space!

Please
a) re-export atlas as straight alpha texture with 'premultiply alpha' unchecked
   (if you have already done this, please set the 'Straight Alpha Texture' Material parameter to 'true') or
b) switch to Gamma color space via
Project Settings - Player - Other Settings - Color Space.

Warning: Premultiply-alpha atlas textures not supported in Linear color space!

Please
a) re-export atlas as straight alpha texture with 'premultiply alpha' unchecked
   (if you have already done this, please set the 'Straight Alpha Texture' Material parameter to 'true') or
b) switch to Gamma color space via
Project Settings - Player - Other Settings - Color Space.

Warning: Premultiply-alpha atlas textures not supported in Linear color space!

Please
a) re-export atlas as straight alpha texture with 'premultiply alpha' unchecked
   (if you have already done this, please set the 'Straight Alpha Texture' Material parameter to 'true') or
b) switch to Gamma color space via
Project Settings - Player - Other Settings - Color Space.

Warning: Premultiply-alpha atlas textures not supported in Linear color space!

Please
a) re-export atlas as straight alpha texture with 'premultiply alpha' unchecked
   (if you have already done this, please set the 'Straight Alpha Texture' Material parameter to 'true') or
b) switch to Gamma color space via
Project Settings - Player - Other Settings - Color Space.

Warning: Premultiply-alpha atlas textures not supported in Linear color space!

Please
a) re-export atlas as straight alpha texture with 'premultiply alpha' unchecked
   (if you have already done this, please set the 'Straight Alpha Texture' Material parameter to 'true') or
b) switch to Gamma color space via
Project Settings - Player - Other Settings - Color Space.

Warning: Premultiply-alpha atlas textures not supported in Linear color space!

Please
a) re-export atlas as straight alpha texture with 'premultiply alpha' unchecked
   (if you have already done this, please set the 'Straight Alpha Texture' Material parameter to 'true') or
b) switch to Gamma color space via
Project Settings - Player - Other Settings - Color Space.

Warning: Premultiply-alpha atlas textures not supported in Linear color space!

Please
a) re-export atlas as straight alpha texture with 'premultiply alpha' unchecked
   (if you have already done this, please set the 'Straight Alpha Texture' Material parameter to 'true') or
b) switch to Gamma color space via
Project Settings - Player - Other Settings - Color Space.
UnityEngine.StackTraceUtility:ExtractStackTrace ()
UnityEngine.DebugLogHandler:LogFormat (UnityEngine.LogType,UnityEngine.Object,string,object[])
UnityEngine.Logger:LogFormat (UnityEngine.LogType,UnityEngine.Object,string,object[])
UnityEngine.Debug:LogWarningFormat (UnityEngine.Object,string,object[])
Spine.Unity.SkeletonRenderer:Initialize (bool,bool) (at Assets/Plugins/Spine/Runtime/spine-unity/Components/SkeletonRenderer.cs:368)
Spine.Unity.SkeletonAnimation:Initialize (bool,bool) (at Assets/Plugins/Spine/Runtime/spine-unity/Components/SkeletonAnimation.cs:169)
Spine.Unity.SkeletonRenderer:Awake () (at Assets/Plugins/Spine/Runtime/spine-unity/Components/SkeletonRenderer.cs:282)
UnityEditor.SceneManagement.EditorSceneManager:OpenScene (string,UnityEditor.SceneManagement.OpenSceneMode)
ColorTiming.Editor.ColorTimingMigrationValidator:RepairLegacyEventSystems () (at Assets/Game/Editor/ColorTimingMigration/ColorTimingMigrationValidator.cs:104)

(Filename: Assets/Plugins/Spine/Runtime/spine-unity/Components/SkeletonRenderer.cs Line: 368)

Loaded scene 'Assets/Game/Scene/Boss1.unity'
	Deserialize:            36.368 ms
	Integration:            469.768 ms
	Integration of assets:  6.523 ms
	Thread Wait Time:       0.020 ms
	Total Operation Time:   512.679 ms
Unloading 4 unused Assets / (43.5 KB). Loaded Objects now: 11646.
Memory consumption went from 319.3 MB to 319.2 MB.
Total: 4.810300 ms (FindLiveObjects: 0.586700 ms CreateObjectMapping: 0.365300 ms MarkObjects: 3.792400 ms  DeleteObjects: 0.065100 ms)

Start importing Assets/Game/Scene/Boss1.unity using Guid(2cda990e2423bbf4892e6590ba056729) Importer(-1,00000000000000000000000000000000) [PhysX] Initialized MultithreadedTaskDispatcher with 20 workers.
 -> (artifact id: 'afa89d9d5e1a5a74a3c8992317c43939') in 0.000875 seconds
Refreshing native plugins compatible for Editor in 4.76 ms, found 5 plugins.
Preloading 0 native plugins for Editor in 0.00 ms.
Asset Pipeline Refresh (id=0beddfdec4ee2784ba515169bcd9365d): Total: 0.042 seconds - Initiated by StopAssetImportingV2(NoUpdateAssetOptions)
Opening scene 'Assets/Game/Scene/Boss2.unity'
[PhysX] Initialized MultithreadedTaskDispatcher with 20 workers.
Unloading 141 Unused Serialized files (Serialized files now loaded: 0)
Texture '纸片4' with size 7800x4320 was too large for graphics device maximum supported texture size (4096x4096). Falling back to a dummy texture. Generate mip maps to provide lower size fallback.
UnityEngine.StackTraceUtility:ExtractStackTrace ()
UnityEditor.SceneManagement.EditorSceneManager:OpenScene (string,UnityEditor.SceneManagement.OpenSceneMode)
ColorTiming.Editor.ColorTimingMigrationValidator:RepairLegacyEventSystems () (at Assets/Game/Editor/ColorTimingMigration/ColorTimingMigrationValidator.cs:104)

[Assets/Game/Editor/ColorTimingMigration/ColorTimingMigrationValidator.cs line 104]

Texture '层级3' with size 6830x3783 was too large for graphics device maximum supported texture size (4096x4096). Falling back to a dummy texture. Generate mip maps to provide lower size fallback.
UnityEngine.StackTraceUtility:ExtractStackTrace ()
UnityEditor.SceneManagement.EditorSceneManager:OpenScene (string,UnityEditor.SceneManagement.OpenSceneMode)
ColorTiming.Editor.ColorTimingMigrationValidator:RepairLegacyEventSystems () (at Assets/Game/Editor/ColorTimingMigration/ColorTimingMigrationValidator.cs:104)

[Assets/Game/Editor/ColorTimingMigration/ColorTimingMigrationValidator.cs line 104]

Texture '层级1' with size 6830x3783 was too large for graphics device maximum supported texture size (4096x4096). Falling back to a dummy texture. Generate mip maps to provide lower size fallback.
UnityEngine.StackTraceUtility:ExtractStackTrace ()
UnityEditor.SceneManagement.EditorSceneManager:OpenScene (string,UnityEditor.SceneManagement.OpenSceneMode)
ColorTiming.Editor.ColorTimingMigrationValidator:RepairLegacyEventSystems () (at Assets/Game/Editor/ColorTimingMigration/ColorTimingMigrationValidator.cs:104)

[Assets/Game/Editor/ColorTimingMigration/ColorTimingMigrationValidator.cs line 104]

Texture '纸片1' with size 7800x4320 was too large for graphics device maximum supported texture size (4096x4096). Falling back to a dummy texture. Generate mip maps to provide lower size fallback.
UnityEngine.StackTraceUtility:ExtractStackTrace ()
UnityEditor.SceneManagement.EditorSceneManager:OpenScene (string,UnityEditor.SceneManagement.OpenSceneMode)
ColorTiming.Editor.ColorTimingMigrationValidator:RepairLegacyEventSystems () (at Assets/Game/Editor/ColorTimingMigration/ColorTimingMigrationValidator.cs:104)

[Assets/Game/Editor/ColorTimingMigration/ColorTimingMigrationValidator.cs line 104]

Texture '纸片2' with size 7800x4320 was too large for graphics device maximum supported texture size (4096x4096). Falling back to a dummy texture. Generate mip maps to provide lower size fallback.
UnityEngine.StackTraceUtility:ExtractStackTrace ()
UnityEditor.SceneManagement.EditorSceneManager:OpenScene (string,UnityEditor.SceneManagement.OpenSceneMode)
ColorTiming.Editor.ColorTimingMigrationValidator:RepairLegacyEventSystems () (at Assets/Game/Editor/ColorTimingMigration/ColorTimingMigrationValidator.cs:104)

[Assets/Game/Editor/ColorTimingMigration/ColorTimingMigrationValidator.cs line 104]

Texture '纸片3' with size 7800x4320 was too large for graphics device maximum supported texture size (4096x4096). Falling back to a dummy texture. Generate mip maps to provide lower size fallback.
UnityEngine.StackTraceUtility:ExtractStackTrace ()
UnityEditor.SceneManagement.EditorSceneManager:OpenScene (string,UnityEditor.SceneManagement.OpenSceneMode)
ColorTiming.Editor.ColorTimingMigrationValidator:RepairLegacyEventSystems () (at Assets/Game/Editor/ColorTimingMigration/ColorTimingMigrationValidator.cs:104)

[Assets/Game/Editor/ColorTimingMigration/ColorTimingMigrationValidator.cs line 104]

Texture '暗角' with size 6830x3783 was too large for graphics device maximum supported texture size (4096x4096). Falling back to a dummy texture. Generate mip maps to provide lower size fallback.
UnityEngine.StackTraceUtility:ExtractStackTrace ()
UnityEditor.SceneManagement.EditorSceneManager:OpenScene (string,UnityEditor.SceneManagement.OpenSceneMode)
ColorTiming.Editor.ColorTimingMigrationValidator:RepairLegacyEventSystems () (at Assets/Game/Editor/ColorTimingMigration/ColorTimingMigrationValidator.cs:104)

[Assets/Game/Editor/ColorTimingMigration/ColorTimingMigrationValidator.cs line 104]

Texture '摆放位置（注意前后位置和左右方向）' with size 6830x3783 was too large for graphics device maximum supported texture size (4096x4096). Falling back to a dummy texture. Generate mip maps to provide lower size fallback.
UnityEngine.StackTraceUtility:ExtractStackTrace ()
UnityEditor.SceneManagement.EditorSceneManager:OpenScene (string,UnityEditor.SceneManagement.OpenSceneMode)
ColorTiming.Editor.ColorTimingMigrationValidator:RepairLegacyEventSystems () (at Assets/Game/Editor/ColorTimingMigration/ColorTimingMigrationValidator.cs:104)

[Assets/Game/Editor/ColorTimingMigration/ColorTimingMigrationValidator.cs line 104]

Texture '层级4' with size 6830x3783 was too large for graphics device maximum supported texture size (4096x4096). Falling back to a dummy texture. Generate mip maps to provide lower size fallback.
UnityEngine.StackTraceUtility:ExtractStackTrace ()
UnityEditor.SceneManagement.EditorSceneManager:OpenScene (string,UnityEditor.SceneManagement.OpenSceneMode)
ColorTiming.Editor.ColorTimingMigrationValidator:RepairLegacyEventSystems () (at Assets/Game/Editor/ColorTimingMigration/ColorTimingMigrationValidator.cs:104)

[Assets/Game/Editor/ColorTimingMigration/ColorTimingMigrationValidator.cs line 104]

Texture '第二章boss' with size 8192x4096 was too large for graphics device maximum supported texture size (4096x4096). Falling back to a dummy texture. Generate mip maps to provide lower size fallback.
UnityEngine.StackTraceUtility:ExtractStackTrace ()
UnityEngine.Material:GetTexture (string)
UnityEngine.Material:get_mainTexture ()
Spine.Unity.MaterialsTextureLoader:Load (Spine.AtlasPage,string) (at Assets/Plugins/Spine/Runtime/spine-unity/Asset Types/SpineAtlasAsset.cs:221)
Spine.Atlas:Load (System.IO.TextReader,string,Spine.TextureLoader) (at Assets/Plugins/Spine/Runtime/spine-csharp/Atlas.cs:150)
Spine.Atlas:.ctor (System.IO.TextReader,string,Spine.TextureLoader) (at Assets/Plugins/Spine/Runtime/spine-csharp/Atlas.cs:105)
Spine.Unity.SpineAtlasAsset:GetAtlas () (at Assets/Plugins/Spine/Runtime/spine-unity/Asset Types/SpineAtlasAsset.cs:142)
Spine.Unity.SkeletonDataAsset:GetAtlasArray () (at Assets/Plugins/Spine/Runtime/spine-unity/Asset Types/SkeletonDataAsset.cs:237)
Spine.Unity.SkeletonDataAsset:GetSkeletonData (bool) (at Assets/Plugins/Spine/Runtime/spine-unity/Asset Types/SkeletonDataAsset.cs:146)
Spine.Unity.SkeletonRenderer:Initialize (bool,bool) (at Assets/Plugins/Spine/Runtime/spine-unity/Components/SkeletonRenderer.cs:339)
Spine.Unity.SkeletonAnimation:Initialize (bool,bool) (at Assets/Plugins/Spine/Runtime/spine-unity/Components/SkeletonAnimation.cs:169)
Spine.Unity.SkeletonRenderer:Awake () (at Assets/Plugins/Spine/Runtime/spine-unity/Components/SkeletonRenderer.cs:282)
UnityEditor.SceneManagement.EditorSceneManager:OpenScene (string,UnityEditor.SceneManagement.OpenSceneMode)
ColorTiming.Editor.ColorTimingMigrationValidator:RepairLegacyEventSystems () (at Assets/Game/Editor/ColorTimingMigration/ColorTimingMigrationValidator.cs:104)

[Assets/Plugins/Spine/Runtime/spine-unity/Asset Types/SpineAtlasAsset.cs line 221]

Problematic material setup at Boss2_Spine1: 
Warning: Premultiply-alpha atlas textures not supported in Linear color space!

Please
a) re-export atlas as straight alpha texture with 'premultiply alpha' unchecked
   (if you have already done this, please set the 'Straight Alpha Texture' Material parameter to 'true') or
b) switch to Gamma color space via
Project Settings - Player - Other Settings - Color Space.

Warning: Premultiply-alpha atlas textures not supported in Linear color space!

Please
a) re-export atlas as straight alpha texture with 'premultiply alpha' unchecked
   (if you have already done this, please set the 'Straight Alpha Texture' Material parameter to 'true') or
b) switch to Gamma color space via
Project Settings - Player - Other Settings - Color Space.

Warning: Premultiply-alpha atlas textures not supported in Linear color space!

Please
a) re-export atlas as straight alpha texture with 'premultiply alpha' unchecked
   (if you have already done this, please set the 'Straight Alpha Texture' Material parameter to 'true') or
b) switch to Gamma color space via
Project Settings - Player - Other Settings - Color Space.

Warning: Premultiply-alpha atlas textures not supported in Linear color space!

Please
a) re-export atlas as straight alpha texture with 'premultiply alpha' unchecked
   (if you have already done this, please set the 'Straight Alpha Texture' Material parameter to 'true') or
b) switch to Gamma color space via
Project Settings - Player - Other Settings - Color Space.

Warning: Premultiply-alpha atlas textures not supported in Linear color space!

Please
a) re-export atlas as straight alpha texture with 'premultiply alpha' unchecked
   (if you have already done this, please set the 'Straight Alpha Texture' Material parameter to 'true') or
b) switch to Gamma color space via
Project Settings - Player - Other Settings - Color Space.

Warning: Premultiply-alpha atlas textures not supported in Linear color space!

Please
a) re-export atlas as straight alpha texture with 'premultiply alpha' unchecked
   (if you have already done this, please set the 'Straight Alpha Texture' Material parameter to 'true') or
b) switch to Gamma color space via
Project Settings - Player - Other Settings - Color Space.

Warning: Premultiply-alpha atlas textures not supported in Linear color space!

Please
a) re-export atlas as straight alpha texture with 'premultiply alpha' unchecked
   (if you have already done this, please set the 'Straight Alpha Texture' Material parameter to 'true') or
b) switch to Gamma color space via
Project Settings - Player - Other Settings - Color Space.

Warning: Premultiply-alpha atlas textures not supported in Linear color space!

Please
a) re-export atlas as straight alpha texture with 'premultiply alpha' unchecked
   (if you have already done this, please set the 'Straight Alpha Texture' Material parameter to 'true') or
b) switch to Gamma color space via
Project Settings - Player - Other Settings - Color Space.

Warning: Premultiply-alpha atlas textures not supported in Linear color space!

Please
a) re-export atlas as straight alpha texture with 'premultiply alpha' unchecked
   (if you have already done this, please set the 'Straight Alpha Texture' Material parameter to 'true') or
b) switch to Gamma color space via
Project Settings - Player - Other Settings - Color Space.

Warning: Premultiply-alpha atlas textures not supported in Linear color space!

Please
a) re-export atlas as straight alpha texture with 'premultiply alpha' unchecked
   (if you have already done this, please set the 'Straight Alpha Texture' Material parameter to 'true') or
b) switch to Gamma color space via
Project Settings - Player - Other Settings - Color Space.

Warning: Premultiply-alpha atlas textures not supported in Linear color space!

Please
a) re-export atlas as straight alpha texture with 'premultiply alpha' unchecked
   (if you have already done this, please set the 'Straight Alpha Texture' Material parameter to 'true') or
b) switch to Gamma color space via
Project Settings - Player - Other Settings - Color Space.

Warning: Premultiply-alpha atlas textures not supported in Linear color space!

Please
a) re-export atlas as straight alpha texture with 'premultiply alpha' unchecked
   (if you have already done this, please set the 'Straight Alpha Texture' Material parameter to 'true') or
b) switch to Gamma color space via
Project Settings - Player - Other Settings - Color Space.

Warning: Premultiply-alpha atlas textures not supported in Linear color space!

Please
a) re-export atlas as straight alpha texture with 'premultiply alpha' unchecked
   (if you have already done this, please set the 'Straight Alpha Texture' Material parameter to 'true') or
b) switch to Gamma color space via
Project Settings - Player - Other Settings - Color Space.

Warning: Premultiply-alpha atlas textures not supported in Linear color space!

Please
a) re-export atlas as straight alpha texture with 'premultiply alpha' unchecked
   (if you have already done this, please set the 'Straight Alpha Texture' Material parameter to 'true') or
b) switch to Gamma color space via
Project Settings - Player - Other Settings - Color Space.

Warning: Premultiply-alpha atlas textures not supported in Linear color space!

Please
a) re-export atlas as straight alpha texture with 'premultiply alpha' unchecked
   (if you have already done this, please set the 'Straight Alpha Texture' Material parameter to 'true') or
b) switch to Gamma color space via
Project Settings - Player - Other Settings - Color Space.

Warning: Premultiply-alpha atlas textures not supported in Linear color space!

Please
a) re-export atlas as straight alpha texture with 'premultiply alpha' unchecked
   (if you have already done this, please set the 'Straight Alpha Texture' Material parameter to 'true') or
b) switch to Gamma color space via
Project Settings - Player - Other Settings - Color Space.

Warning: Premultiply-alpha atlas textures not supported in Linear color space!

Please
a) re-export atlas as straight alpha texture with 'premultiply alpha' unchecked
   (if you have already done this, please set the 'Straight Alpha Texture' Material parameter to 'true') or
b) switch to Gamma color space via
Project Settings - Player - Other Settings - Color Space.

Warning: Premultiply-alpha atlas textures not supported in Linear color space!

Please
a) re-export atlas as straight alpha texture with 'premultiply alpha' unchecked
   (if you have already done this, please set the 'Straight Alpha Texture' Material parameter to 'true') or
b) switch to Gamma color space via
Project Settings - Player - Other Settings - Color Space.

Warning: Premultiply-alpha atlas textures not supported in Linear color space!

Please
a) re-export atlas as straight alpha texture with 'premultiply alpha' unchecked
   (if you have already done this, please set the 'Straight Alpha Texture' Material parameter to 'true') or
b) switch to Gamma color space via
Project Settings - Player - Other Settings - Color Space.

Warning: Premultiply-alpha atlas textures not supported in Linear color space!

Please
a) re-export atlas as straight alpha texture with 'premultiply alpha' unchecked
   (if you have already done this, please set the 'Straight Alpha Texture' Material parameter to 'true') or
b) switch to Gamma color space via
Project Settings - Player - Other Settings - Color Space.

Warning: Premultiply-alpha atlas textures not supported in Linear color space!

Please
a) re-export atlas as straight alpha texture with 'premultiply alpha' unchecked
   (if you have already done this, please set the 'Straight Alpha Texture' Material parameter to 'true') or
b) switch to Gamma color space via
Project Settings - Player - Other Settings - Color Space.

Warning: Premultiply-alpha atlas textures not supported in Linear color space!

Please
a) re-export atlas as straight alpha texture with 'premultiply alpha' unchecked
   (if you have already done this, please set the 'Straight Alpha Texture' Material parameter to 'true') or
b) switch to Gamma color space via
Project Settings - Player - Other Settings - Color Space.

Warning: Premultiply-alpha atlas textures not supported in Linear color space!

Please
a) re-export atlas as straight alpha texture with 'premultiply alpha' unchecked
   (if you have already done this, please set the 'Straight Alpha Texture' Material parameter to 'true') or
b) switch to Gamma color space via
Project Settings - Player - Other Settings - Color Space.
UnityEngine.StackTraceUtility:ExtractStackTrace ()
UnityEngine.DebugLogHandler:LogFormat (UnityEngine.LogType,UnityEngine.Object,string,object[])
UnityEngine.Logger:LogFormat (UnityEngine.LogType,UnityEngine.Object,string,object[])
UnityEngine.Debug:LogWarningFormat (UnityEngine.Object,string,object[])
Spine.Unity.SkeletonRenderer:Initialize (bool,bool) (at Assets/Plugins/Spine/Runtime/spine-unity/Components/SkeletonRenderer.cs:368)
Spine.Unity.SkeletonAnimation:Initialize (bool,bool) (at Assets/Plugins/Spine/Runtime/spine-unity/Components/SkeletonAnimation.cs:169)
Spine.Unity.SkeletonRenderer:Awake () (at Assets/Plugins/Spine/Runtime/spine-unity/Components/SkeletonRenderer.cs:282)
UnityEditor.SceneManagement.EditorSceneManager:OpenScene (string,UnityEditor.SceneManagement.OpenSceneMode)
ColorTiming.Editor.ColorTimingMigrationValidator:RepairLegacyEventSystems () (at Assets/Game/Editor/ColorTimingMigration/ColorTimingMigrationValidator.cs:104)

(Filename: Assets/Plugins/Spine/Runtime/spine-unity/Components/SkeletonRenderer.cs Line: 368)

Loaded scene 'Assets/Game/Scene/Boss2.unity'
	Deserialize:            11.849 ms
	Integration:            677.470 ms
	Integration of assets:  2.526 ms
	Thread Wait Time:       0.020 ms
	Total Operation Time:   691.865 ms
Unloading 345 unused Assets / (258.1 KB). Loaded Objects now: 11552.
Memory consumption went from 1.07 GB to 1.07 GB.
Total: 6.029200 ms (FindLiveObjects: 0.612000 ms CreateObjectMapping: 0.359000 ms MarkObjects: 4.276400 ms  DeleteObjects: 0.781100 ms)

Start importing Assets/Game/Scene/Boss2.unity using Guid(686456cc6899825459468e0677013f52) Importer(-1,00000000000000000000000000000000) [PhysX] Initialized MultithreadedTaskDispatcher with 20 workers.
 -> (artifact id: 'eb42bcc24cb8fba44df8964bb59ca3b6') in 0.000729 seconds
Refreshing native plugins compatible for Editor in 5.01 ms, found 5 plugins.
Preloading 0 native plugins for Editor in 0.00 ms.
Asset Pipeline Refresh (id=e398e0809fbb780488d8506f58e25371): Total: 0.044 seconds - Initiated by StopAssetImportingV2(NoUpdateAssetOptions)
ColorTiming legacy EventSystem repair completed: 2 scenes.
UnityEngine.StackTraceUtility:ExtractStackTrace ()
UnityEngine.DebugLogHandler:LogFormat (UnityEngine.LogType,UnityEngine.Object,string,object[])
UnityEngine.Logger:Log (UnityEngine.LogType,object)
UnityEngine.Debug:Log (object)
ColorTiming.Editor.ColorTimingMigrationValidator:RepairLegacyEventSystems () (at Assets/Game/Editor/ColorTimingMigration/ColorTimingMigrationValidator.cs:131)

(Filename: Assets/Game/Editor/ColorTimingMigration/ColorTimingMigrationValidator.cs Line: 131)

[PhysX] Initialized MultithreadedTaskDispatcher with 20 workers.
Input System module state changed to: ShutdownInProgress.
Input System polling thread exited.
Input System module state changed to: Shutdown.
[Licensing::IpcConnector] LicenseClient-WIN10-2022.3.62-notifications channel disconnected successfully.
[Licensing::IpcConnector] LicenseClient-WIN10-2022.3.62 channel disconnected successfully.
Cleanup mono
[Performance] WinEditorMain                                                                                                  :        1 samples, Peak.  2.28 s (1.0x), Avg.  2.28 s, Total. 2.280 s (15.6%)
[Performance] WinEditorMain.ConfigureCrashHandler                                                                            :        1 samples, Peak.  22.2 us (1.0x), Avg.  22.2 us, Total. 22.20 us (0.0%)
[Performance] WinEditorMain.CurlRequestInitialize                                                                            :        1 samples, Peak.  1.01 ms (1.0x), Avg.  1.01 ms, Total. 1.014 ms (0.0%)
[Performance] WinEditorMain.SetupLogFile                                                                                     :        1 samples, Peak.   219 us (1.0x), Avg.   219 us, Total. 218.8 us (0.0%)
[Performance] WinEditorMain.RunNativeTestsIfRequiredAndExit                                                                  :        1 samples, Peak. 100.0 ns (1.0x), Avg. 100.0 ns, Total. 100.00 ns (0.0%)
[Performance] WinEditorMain.Licensing                                                                                        :        1 samples, Peak.   720 ms (1.0x), Avg.   720 ms, Total. 719.7 ms (4.9%)
[Performance] WinEditorMain.InitializeCrashHandler                                                                           :        1 samples, Peak.  13.0 ms (1.0x), Avg.  13.0 ms, Total. 13.05 ms (0.1%)
[Performance] WinEditorMain.CreateApplication                                                                                :        1 samples, Peak.  15.6 ms (1.0x), Avg.  15.6 ms, Total. 15.56 ms (0.1%)
[Performance] Application.InitializeProject                                                                                  :        1 samples, Peak.  9.83 s (1.0x), Avg.  9.83 s, Total. 9.830 s (67.4%)
[Performance] Application.PackageManager.StartServer                                                                         :        1 samples, Peak.  8.97 ms (1.0x), Avg.  8.97 ms, Total. 8.971 ms (0.1%)
[Performance] Application.AcquireProjectLock                                                                                 :        1 samples, Peak.  7.71 ms (1.0x), Avg.  7.71 ms, Total. 7.714 ms (0.1%)
[Performance] Application.InitializeEngineNoGraphics                                                                         :        1 samples, Peak.  39.7 ms (1.0x), Avg.  39.7 ms, Total. 39.72 ms (0.3%)
[Performance] Application.PackageManager.Initialize                                                                          :        1 samples, Peak.   240 ms (1.0x), Avg.   240 ms, Total. 240.1 ms (1.6%)
[Performance] Connecting to Package Manager                                                                                  :       25 samples, Peak.  56.8 us (20.9x), Avg.  2.71 us, Total. 67.80 us (0.0%)
[Performance] Application.EngineGraphics.Initialize                                                                          :        1 samples, Peak.  17.8 ms (1.0x), Avg.  17.8 ms, Total. 17.77 ms (0.1%)
[Performance] Application.GI.Initialize                                                                                      :        1 samples, Peak.  3.83 ms (1.0x), Avg.  3.83 ms, Total. 3.831 ms (0.0%)
[Performance] Application.LoadAllDefaultResourcesFromEditor                                                                  :        1 samples, Peak.  1.29 ms (1.0x), Avg.  1.29 ms, Total. 1.292 ms (0.0%)
[Performance] Application.LoadMonoAssemblies                                                                                 :        1 samples, Peak.   350 ms (1.0x), Avg.   350 ms, Total. 350.1 ms (2.4%)
[Performance] RestoreManagedReferences                                                                                       :        2 samples, Peak.  55.9 ms (2.0x), Avg.  27.9 ms, Total. 55.86 ms (0.4%)
[Performance] InitializeOnLoad DrivenRectTransformUndo                                                                       :        2 samples, Peak.   349 us (1.1x), Avg.   330 us, Total. 659.9 us (0.0%)
[Performance] InitializeOnLoad SceneSearch                                                                                   :        2 samples, Peak.  88.8 us (1.2x), Avg.  76.2 us, Total. 152.3 us (0.0%)
[Performance] InitializeOnLoad CloudBuild                                                                                    :        2 samples, Peak.  3.00 us (1.2x), Avg.  2.45 us, Total. 4.900 us (0.0%)
[Performance] InitializeOnLoad NativeFormatImporterUtility                                                                   :        2 samples, Peak.  1.76 ms (1.2x), Avg.  1.43 ms, Total. 2.856 ms (0.0%)
[Performance] InitializeOnLoad SearchService                                                                                 :        2 samples, Peak.  77.0 us (1.1x), Avg.  72.9 us, Total. 145.8 us (0.0%)
[Performance] InitializeOnLoad SettingsService                                                                               :        2 samples, Peak.  7.70 us (1.4x), Avg.  5.65 us, Total. 11.30 us (0.0%)
[Performance] InitializeOnLoad WindowLayout                                                                                  :        2 samples, Peak.   547 us (1.1x), Avg.   480 us, Total. 960.9 us (0.0%)
[Performance] InitializeOnLoad AssetStoreContext                                                                             :        2 samples, Peak.  14.3 ms (1.7x), Avg.  8.48 ms, Total. 16.97 ms (0.1%)
[Performance] InitializeOnLoad PoolManager                                                                                   :        2 samples, Peak.   330 us (1.0x), Avg.   327 us, Total. 654.4 us (0.0%)
[Performance] InitializeOnLoad MixerEffectDefinitionReloader                                                                 :        2 samples, Peak.  1.63 ms (1.2x), Avg.  1.32 ms, Total. 2.639 ms (0.0%)
[Performance] InitializeOnLoad ProjectSearch                                                                                 :        2 samples, Peak.  79.3 us (1.4x), Avg.  56.2 us, Total. 112.4 us (0.0%)
[Performance] InitializeOnLoad UISystemProfilerRenderService                                                                 :        2 samples, Peak.  6.50 us (1.2x), Avg.  5.40 us, Total. 10.80 us (0.0%)
[Performance] InitializeOnLoad EditMode                                                                                      :        2 samples, Peak.   260 us (1.1x), Avg.   233 us, Total. 465.8 us (0.0%)
[Performance] InitializeOnLoad UnityConnect                                                                                  :        2 samples, Peak.   104 us (1.5x), Avg.  68.5 us, Total. 137.0 us (0.0%)
[Performance] InitializeOnLoad ManagedDebugger                                                                               :        2 samples, Peak.   361 us (1.5x), Avg.   239 us, Total. 478.2 us (0.0%)
[Performance] InitializeOnLoad ShortcutIntegration                                                                           :        2 samples, Peak.  39.2 us (1.0x), Avg.  37.4 us, Total. 74.80 us (0.0%)
[Performance] InitializeOnLoad AddComponentWindow                                                                            :        2 samples, Peak.  80.6 us (1.1x), Avg.  72.2 us, Total. 144.5 us (0.0%)
[Performance] InitializeOnLoad ManagedDebuggerWindow                                                                         :        2 samples, Peak.  99.1 us (1.1x), Avg.  87.0 us, Total. 174.0 us (0.0%)
[Performance] InitializeOnLoad CacheServerWindow                                                                             :        2 samples, Peak.  6.30 us (1.3x), Avg.  4.90 us, Total. 9.800 us (0.0%)
[Performance] InitializeOnLoad PlayModeDownload                                                                              :        2 samples, Peak.  3.72 ms (1.9x), Avg.  1.95 ms, Total. 3.899 ms (0.0%)
[Performance] InitializeOnLoad MenuItems                                                                                     :        2 samples, Peak.  60.9 us (1.0x), Avg.  60.1 us, Total. 120.1 us (0.0%)
[Performance] InitializeOnLoad PrefabInstanceChangedListener                                                                 :        2 samples, Peak.  85.3 us (1.1x), Avg.  79.8 us, Total. 159.6 us (0.0%)
[Performance] InitializeOnLoad ObjectSelectorSearch                                                                          :        2 samples, Peak.  28.7 us (1.2x), Avg.  23.9 us, Total. 47.70 us (0.0%)
[Performance] InitializeOnLoad EditorMonitor                                                                                 :        2 samples, Peak.   443 us (1.3x), Avg.   350 us, Total. 700.5 us (0.0%)
[Performance] InitializeOnLoad RetainedMode                                                                                  :        2 samples, Peak.  1.34 ms (1.0x), Avg.  1.32 ms, Total. 2.647 ms (0.0%)
[Performance] InitializeOnLoad EditorShaderLoader                                                                            :        2 samples, Peak.   388 us (1.1x), Avg.   367 us, Total. 733.1 us (0.0%)
[Performance] InitializeOnLoad EditorDelegateRegistration                                                                    :        2 samples, Peak.   342 us (1.2x), Avg.   293 us, Total. 586.3 us (0.0%)
[Performance] InitializeOnLoad UIDocumentHierarchyWatcher                                                                    :        2 samples, Peak.  43.6 us (1.1x), Avg.  40.6 us, Total. 81.20 us (0.0%)
[Performance] InitializeOnLoad LiveReloadTrackerCreator                                                                      :        2 samples, Peak.   107 us (1.2x), Avg.  92.5 us, Total. 185.1 us (0.0%)
[Performance] InitializeOnLoad UxmlObjectEditorFactories                                                                     :        2 samples, Peak.  1.41 ms (1.7x), Avg.   823 us, Total. 1.647 ms (0.0%)
[Performance] InitializeOnLoad UXMLEditorFactories                                                                           :        2 samples, Peak.  42.1 ms (1.2x), Avg.  36.1 ms, Total. 72.23 ms (0.5%)
[Performance] InitializeOnLoad PurchasingService                                                                             :        2 samples, Peak.  4.53 ms (1.1x), Avg.  4.17 ms, Total. 8.330 ms (0.1%)
[Performance] InitializeOnLoad CloudBuildPoller                                                                              :        2 samples, Peak.  79.0 us (1.1x), Avg.  71.7 us, Total. 143.4 us (0.0%)
[Performance] InitializeOnLoad EditorGameServicesAnalytics                                                                   :        2 samples, Peak.   995 us (1.5x), Avg.   647 us, Total. 1.295 ms (0.0%)
[Performance] InitializeOnLoad AnalyticsService                                                                              :        2 samples, Peak.   116 us (1.0x), Avg.   111 us, Total. 222.0 us (0.0%)
[Performance] InitializeOnLoad BuildService                                                                                  :        2 samples, Peak.  87.1 us (1.0x), Avg.  86.6 us, Total. 173.2 us (0.0%)
[Performance] InitializeOnLoad AdsService                                                                                    :        2 samples, Peak.   282 us (1.1x), Avg.   255 us, Total. 510.0 us (0.0%)
[Performance] InitializeOnLoad UDPService                                                                                    :        2 samples, Peak.  88.5 us (1.0x), Avg.  86.3 us, Total. 172.6 us (0.0%)
[Performance] InitializeOnLoad CrashService                                                                                  :        2 samples, Peak.  86.7 us (1.1x), Avg.  82.4 us, Total. 164.7 us (0.0%)
[Performance] InitializeOnLoad ServicesRepository                                                                            :        2 samples, Peak.   900 ns (1.5x), Avg.   600 ns, Total. 1.200 us (0.0%)
[Performance] InitializeOnLoad SearchWindow                                                                                  :        2 samples, Peak.   100 us (1.2x), Avg.  85.6 us, Total. 171.2 us (0.0%)
[Performance] InitializeOnLoad CustomIndexers                                                                                :        2 samples, Peak.  9.96 ms (1.1x), Avg.  9.01 ms, Total. 18.02 ms (0.1%)
[Performance] InitializeOnLoad SearchMonitor                                                                                 :        2 samples, Peak.   626 us (1.2x), Avg.   524 us, Total. 1.047 ms (0.0%)
[Performance] InitializeOnLoad ParameterControllerEditor                                                                     :        2 samples, Peak.  13.1 us (1.0x), Avg.  12.6 us, Total. 25.10 us (0.0%)
[Performance] InitializeOnLoad LayerSettingsWindow                                                                           :        2 samples, Peak.  17.8 us (1.7x), Avg.  10.8 us, Total. 21.50 us (0.0%)
[Performance] InitializeOnLoad PackageManagerHookGUIDConverter.RegisterPackagesEventHandler                                  :        2 samples, Peak.   451 us (1.5x), Avg.   295 us, Total. 590.7 us (0.0%)
[Performance] InitializeOnLoad EditorDragAndDrop.RegisterEditorClient                                                        :        2 samples, Peak.   225 us (1.3x), Avg.   174 us, Total. 347.4 us (0.0%)
[Performance] InitializeOnLoad EditorEventCallbacks.InitializeFontAssetResourceChangeCallBacks                               :        2 samples, Peak.   580 us (1.0x), Avg.   576 us, Total. 1.152 ms (0.0%)
[Performance] InitializeOnLoad SceneTemplateService.Init                                                                     :        2 samples, Peak.   605 us (1.1x), Avg.   529 us, Total. 1.059 ms (0.0%)
[Performance] InitializeOnLoad DiagnosticSwitchesConsoleMessage.Init                                                         :        2 samples, Peak.  8.13 ms (1.9x), Avg.  4.22 ms, Total. 8.438 ms (0.1%)
[Performance] InitializeOnLoad MemoryProfilerCompilationGuard.InjectCompileGuard                                             :        2 samples, Peak.   110 us (1.5x), Avg.  74.9 us, Total. 149.7 us (0.0%)
[Performance] InitializeOnLoad EditorWindow.Initialize                                                                       :        2 samples, Peak.   139 us (1.2x), Avg.   120 us, Total. 240.1 us (0.0%)
[Performance] InitializeOnLoad AssetPostprocessingInternal.RefreshCustomDependencies                                         :        2 samples, Peak.  2.28 ms (1.4x), Avg.  1.66 ms, Total. 3.312 ms (0.0%)
[Performance] InitializeOnLoad SysrootManager.Initialize                                                                     :        2 samples, Peak.   337 us (1.1x), Avg.   300 us, Total. 600.2 us (0.0%)
[Performance] InitializeOnLoad PackageManagerWindow.EditorInitializedInSafeMode                                              :        2 samples, Peak.  14.2 ms (2.0x), Avg.  7.16 ms, Total. 14.33 ms (0.1%)
[Performance] InitializeOnLoad ToolShortcutContext.Init                                                                      :        2 samples, Peak.  80.4 us (1.0x), Avg.  79.4 us, Total. 158.7 us (0.0%)
[Performance] InitializeOnLoad SceneVisibilityManager.Initialize                                                             :        2 samples, Peak.  2.98 ms (1.7x), Avg.  1.72 ms, Total. 3.430 ms (0.0%)
[Performance] InitializeOnLoad ScopedRegistryAddedPopup.SubscribeToRegistriesAdded                                           :        2 samples, Peak.  4.46 ms (2.0x), Avg.  2.27 ms, Total. 4.532 ms (0.0%)
[Performance] AssemblyReloadEvents.afterAssemblyReload: UnityEditor.SceneTemplate.SceneTemplateService.AfterAssemblyReload   :        2 samples, Peak.   764 us (1.6x), Avg.   469 us, Total. 938.2 us (0.0%)
[Performance] ProcessService.EditorAfterLoadAllAssemblies                                                                    :        2 samples, Peak.   244 us (1.2x), Avg.   203 us, Total. 405.1 us (0.0%)
[Performance] Application.ReadLicenseInfo                                                                                    :        1 samples, Peak.  14.5 ms (1.0x), Avg.  14.5 ms, Total. 14.53 ms (0.1%)
[Performance] Application.InitialRefresh                                                                                     :        1 samples, Peak.  8.12 s (1.0x), Avg.  8.12 s, Total. 8.118 s (55.7%)
[Performance] ShaderImporter.SourceAssetModified                                                                             :        4 samples, Peak.   900 ns (1.4x), Avg.   625 ns, Total. 2.500 us (0.0%)
[Performance] ShaderIncludeImporter.SourceAssetModified                                                                      :        4 samples, Peak.   800 ns (1.2x), Avg.   675 ns, Total. 2.700 us (0.0%)
[Performance] Compiling Scripts                                                                                              :        1 samples, Peak.  1.34 s (1.0x), Avg.  1.34 s, Total. 1.340 s (9.2%)
[Performance] AssemblyReloadEvents.beforeAssemblyReload: UnityEditor.SceneTemplate.SceneTemplateService.BeforeAssemblyReload :        1 samples, Peak.   377 us (1.0x), Avg.   377 us, Total. 377.2 us (0.0%)
[Performance] PSDImporterAssetPostProcessor.OnPreprocessAsset                                                                :        4 samples, Peak.   660 us (3.8x), Avg.   172 us, Total. 688.5 us (0.0%)
[Performance] PresetManagerPostProcessor.OnPreprocessAsset                                                                   :        4 samples, Peak.   123 us (3.6x), Avg.  34.2 us, Total. 136.9 us (0.0%)
[Performance] CancelSplashScreenOnAssetChange.OnPreprocessAsset                                                              :        4 samples, Peak.   102 us (3.8x), Avg.  27.0 us, Total. 108.1 us (0.0%)
[Performance] ShaderGraphAssetPostProcessor.OnPreprocessAsset                                                                :        4 samples, Peak.   145 us (3.8x), Avg.  37.8 us, Total. 151.2 us (0.0%)
[Performance] SpritePostProcess.OnPreprocessAsset                                                                            :        4 samples, Peak.  1.38 ms (3.9x), Avg.   350 us, Total. 1.401 ms (0.0%)
[Performance] InitializeOnLoad UnityTestProtocolStarter                                                                      :        1 samples, Peak.   236 us (1.0x), Avg.   236 us, Total. 236.5 us (0.0%)
[Performance] InitializeOnLoad TestRunnerInitializer                                                                         :        1 samples, Peak.  3.81 ms (1.0x), Avg.  3.81 ms, Total. 3.812 ms (0.0%)
[Performance] InitializeOnLoad BurstLoader                                                                                   :        1 samples, Peak.  2.53 s (1.0x), Avg.  2.53 s, Total. 2.533 s (17.4%)
[Performance] InitializeOnLoad ShadowCasterGroup2DManager                                                                    :        1 samples, Peak.   150 us (1.0x), Avg.   150 us, Total. 150.1 us (0.0%)
[Performance] InitializeOnLoad OnDomainReload                                                                                :        1 samples, Peak.   508 us (1.0x), Avg.   508 us, Total. 507.6 us (0.0%)
[Performance] InitializeOnLoad EditorInitialize                                                                              :        4 samples, Peak.  29.0 ms (3.6x), Avg.  7.95 ms, Total. 31.82 ms (0.2%)
[Performance] InitializeOnLoad CanvasesAndTheirOwners                                                                        :        1 samples, Peak.   165 us (1.0x), Avg.   165 us, Total. 164.9 us (0.0%)
[Performance] InitializeOnLoad ProbeGIBaking                                                                                 :        1 samples, Peak.  2.24 ms (1.0x), Avg.  2.24 ms, Total. 2.237 ms (0.0%)
[Performance] InitializeOnLoad FilterWindow                                                                                  :        1 samples, Peak.  37.8 us (1.0x), Avg.  37.8 us, Total. 37.80 us (0.0%)
[Performance] InitializeOnLoad RealtimeProbeSubdivisionDebug                                                                 :        1 samples, Peak.   122 us (1.0x), Avg.   122 us, Total. 122.2 us (0.0%)
[Performance] InitializeOnLoad CinemachineStoryboardMute                                                                     :        1 samples, Peak.   308 us (1.0x), Avg.   308 us, Total. 308.3 us (0.0%)
[Performance] InitializeOnLoad SaveDuringPlay                                                                                :        1 samples, Peak.  60.0 us (1.0x), Avg.  60.0 us, Total. 60.00 us (0.0%)
[Performance] InitializeOnLoad CollectGizmoDrawers                                                                           :        1 samples, Peak.  54.1 ms (1.0x), Avg.  54.1 ms, Total. 54.08 ms (0.4%)
[Performance] InitializeOnLoad CinemachineScreenComposerGuidesGlobalDraggable                                                :        1 samples, Peak.   405 us (1.0x), Avg.   405 us, Total. 405.4 us (0.0%)
[Performance] InitializeOnLoad CinemachineEditorAnalytics                                                                    :        1 samples, Peak.  98.7 us (1.0x), Avg.  98.7 us, Total. 98.70 us (0.0%)
[Performance] InitializeOnLoad CreateRigWithUndo                                                                             :        1 samples, Peak.   238 us (1.0x), Avg.   238 us, Total. 237.7 us (0.0%)
[Performance] InitializeOnLoad CreatePipelineWithUndo                                                                        :        1 samples, Peak.   161 us (1.0x), Avg.   161 us, Total. 160.6 us (0.0%)
[Performance] InitializeOnLoad SyncCacheEnabledSetting                                                                       :        1 samples, Peak.   719 us (1.0x), Avg.   719 us, Total. 719.3 us (0.0%)
[Performance] InitializeOnLoad CinemachineColliderPrefs                                                                      :        1 samples, Peak.   198 us (1.0x), Avg.   198 us, Total. 198.3 us (0.0%)
[Performance] InitializeOnLoad EditorToolManager                                                                             :        2 samples, Peak.  2.44 ms (1.9x), Avg.  1.30 ms, Total. 2.605 ms (0.0%)
[Performance] InitializeOnLoad GetIl2CppFolderHook                                                                           :        1 samples, Peak.  9.01 ms (1.0x), Avg.  9.01 ms, Total. 9.008 ms (0.1%)
[Performance] InitializeOnLoad CopyStrippedAOTAssembliesHook                                                                 :        1 samples, Peak.   934 us (1.0x), Avg.   934 us, Total. 934.3 us (0.0%)
[Performance] InitializeOnLoad SpriteEditorWindow                                                                            :        1 samples, Peak.   407 us (1.0x), Avg.   407 us, Total. 406.7 us (0.0%)
[Performance] InitializeOnLoad PrefabLayoutRebuilder                                                                         :        1 samples, Peak.   201 us (1.0x), Avg.   201 us, Total. 201.1 us (0.0%)
[Performance] InitializeOnLoad UnityEditorToolbar                                                                            :        1 samples, Peak.  1.62 ms (1.0x), Avg.  1.62 ms, Total. 1.616 ms (0.0%)
[Performance] InitializeOnLoad NodeClassCache                                                                                :        1 samples, Peak.   326 us (1.0x), Avg.   326 us, Total. 325.8 us (0.0%)
[Performance] InitializeOnLoad ShaderGraphMaterialsUpdater                                                                   :        2 samples, Peak.   483 us (1.2x), Avg.   404 us, Total. 808.6 us (0.0%)
[Performance] InitializeOnLoad Renderer2DAnalytics                                                                           :        1 samples, Peak.  95.1 us (1.0x), Avg.  95.1 us, Total. 95.10 us (0.0%)
[Performance] InitializeOnLoad RiderScriptEditor                                                                             :        1 samples, Peak.  10.3 ms (1.0x), Avg.  10.3 ms, Total. 10.26 ms (0.1%)
[Performance] InitializeOnLoad CallbackInitializer                                                                           :        1 samples, Peak.  1.43 ms (1.0x), Avg.  1.43 ms, Total. 1.428 ms (0.0%)
[Performance] InitializeOnLoad LoggerScopedInitializer                                                                       :        1 samples, Peak.   250 us (1.0x), Avg.   250 us, Total. 249.6 us (0.0%)
[Performance] InitializeOnLoad AssemblyChangesLoader                                                                         :        1 samples, Peak.   161 us (1.0x), Avg.   161 us, Total. 160.8 us (0.0%)
[Performance] InitializeOnLoad DetourCrashHandler                                                                            :        1 samples, Peak.   200 us (1.0x), Avg.   200 us, Total. 199.8 us (0.0%)
[Performance] InitializeOnLoad NewFieldsRendererDefaultEditorPatch                                                           :        1 samples, Peak.   240 ms (1.0x), Avg.   240 ms, Total. 240.3 ms (1.6%)
[Performance] InitializeOnLoad ProjectWindowReloadStatusIndicatorDrawer                                                      :        1 samples, Peak.  1.31 ms (1.0x), Avg.  1.31 ms, Total. 1.313 ms (0.0%)
[Performance] InitializeOnLoad FastScriptReloadManager                                                                       :        1 samples, Peak.  1.70 us (1.0x), Avg.  1.70 us, Total. 1.700 us (0.0%)
[Performance] InitializeOnLoad DynamicCompilationBase                                                                        :        1 samples, Peak.   107 ms (1.0x), Avg.   107 ms, Total. 107.0 ms (0.7%)
[Performance] InitializeOnLoad CustomFileWatcher                                                                             :        1 samples, Peak.   102 us (1.0x), Avg.   102 us, Total. 102.0 us (0.0%)
[Performance] InitializeOnLoad DotnetExeDynamicCompilation                                                                   :        1 samples, Peak.   281 ms (1.0x), Avg.   281 ms, Total. 281.2 ms (1.9%)
[Performance] InitializeOnLoad ScriptGenerationOverridesManager                                                              :        1 samples, Peak.   772 us (1.0x), Avg.   772 us, Total. 771.7 us (0.0%)
[Performance] InitializeOnLoad AddInternalsVisibleToForAllUserAssembliesPostProcess                                          :        1 samples, Peak.   144 us (1.0x), Avg.   144 us, Total. 143.8 us (0.0%)
[Performance] InitializeOnLoad FastScriptReloadWelcomeScreenInitializer                                                      :        1 samples, Peak.  26.8 ms (1.0x), Avg.  26.8 ms, Total. 26.79 ms (0.2%)
[Performance] InitializeOnLoad PackageEntryPoint                                                                             :        1 samples, Peak.  40.8 ms (1.0x), Avg.  40.8 ms, Total. 40.76 ms (0.3%)
[Performance] InitializeOnLoad SpineEditorUtilities                                                                          :        1 samples, Peak.   171 us (1.0x), Avg.   171 us, Total. 171.4 us (0.0%)
[Performance] InitializeOnLoad BackgroundImport                                                                              :        1 samples, Peak.  88.9 us (1.0x), Avg.  88.9 us, Total. 88.90 us (0.0%)
[Performance] InitializeOnLoad RegistryService                                                                               :        1 samples, Peak.  3.56 ms (1.0x), Avg.  3.56 ms, Total. 3.559 ms (0.0%)
[Performance] InitializeOnLoad BatchJobService                                                                               :        1 samples, Peak.  1.93 ms (1.0x), Avg.  1.93 ms, Total. 1.930 ms (0.0%)
[Performance] InitializeOnLoad AsyncJobService                                                                               :        1 samples, Peak.   128 us (1.0x), Avg.   128 us, Total. 128.4 us (0.0%)
[Performance] InitializeOnLoad SkillsHttpServer                                                                              :        1 samples, Peak.   867 us (1.0x), Avg.   867 us, Total. 866.9 us (0.0%)
[Performance] InitializeOnLoad VSCodeScriptEditor                                                                            :        1 samples, Peak.  3.34 ms (1.0x), Avg.  3.34 ms, Total. 3.338 ms (0.0%)
[Performance] InitializeOnLoad VSUsageUtility                                                                                :        1 samples, Peak.  13.1 ms (1.0x), Avg.  13.1 ms, Total. 13.08 ms (0.1%)
[Performance] InitializeOnLoad VisualStudioEditor                                                                            :        1 samples, Peak.  3.45 ms (1.0x), Avg.  3.45 ms, Total. 3.445 ms (0.0%)
[Performance] InitializeOnLoad TestRunnerApiListener                                                                         :        1 samples, Peak.   242 us (1.0x), Avg.   242 us, Total. 241.9 us (0.0%)
[Performance] InitializeOnLoad VisualStudioIntegration                                                                       :        1 samples, Peak.   426 us (1.0x), Avg.   426 us, Total. 426.2 us (0.0%)
[Performance] InitializeOnLoad SpriteSkinCompositeStartup                                                                    :        1 samples, Peak.  8.35 ms (1.0x), Avg.  8.35 ms, Total. 8.346 ms (0.1%)
[Performance] InitializeOnLoad VersionValidator                                                                              :        1 samples, Peak.   895 us (1.0x), Avg.   895 us, Total. 895.2 us (0.0%)
[Performance] InitializeOnLoad LogPreferences                                                                                :        1 samples, Peak.   127 us (1.0x), Avg.   127 us, Total. 127.1 us (0.0%)
[Performance] InitializeOnLoad DestroyListener                                                                               :        1 samples, Peak.   194 us (1.0x), Avg.   194 us, Total. 193.6 us (0.0%)
[Performance] InitializeOnLoad ProGridsInterface                                                                             :        1 samples, Peak.  1.14 ms (1.0x), Avg.  1.14 ms, Total. 1.135 ms (0.0%)
[Performance] InitializeOnLoad EntityVisibility                                                                              :        1 samples, Peak.   205 us (1.0x), Avg.   205 us, Total. 205.3 us (0.0%)
[Performance] InitializeOnLoad VertexManipulationToolSettings                                                                :        1 samples, Peak.  96.5 us (1.0x), Avg.  96.5 us, Total. 96.50 us (0.0%)
[Performance] InitializeOnLoad UndoUtility                                                                                   :        1 samples, Peak.  63.7 us (1.0x), Avg.  63.7 us, Total. 63.70 us (0.0%)
[Performance] InitializeOnLoad HierarchyListener                                                                             :        1 samples, Peak.   119 us (1.0x), Avg.   119 us, Total. 119.1 us (0.0%)
[Performance] InitializeOnLoad Lightmapping                                                                                  :        1 samples, Peak.   388 us (1.0x), Avg.   388 us, Total. 388.3 us (0.0%)
[Performance] InitializeOnLoad SceneDragAndDropListener                                                                      :        1 samples, Peak.   210 us (1.0x), Avg.   210 us, Total. 209.5 us (0.0%)
[Performance] InitializeOnLoad MeshSelection                                                                                 :        1 samples, Peak.  2.23 ms (1.0x), Avg.  2.23 ms, Total. 2.226 ms (0.0%)
[Performance] InitializeOnLoad UnityInternalsInjector                                                                        :        1 samples, Peak.   912 us (1.0x), Avg.   912 us, Total. 911.6 us (0.0%)
[Performance] InitializeOnLoad UVCSToolbarBoostrap                                                                           :        1 samples, Peak.  54.5 ms (1.0x), Avg.  54.5 ms, Total. 54.54 ms (0.4%)
[Performance] InitializeOnLoad UnityAnalyticsStorage                                                                         :        1 samples, Peak.   350 us (1.0x), Avg.   350 us, Total. 349.8 us (0.0%)
[Performance] InitializeOnLoad BoneGizmoInitializer                                                                          :        1 samples, Peak.  1.95 ms (1.0x), Avg.  1.95 ms, Total. 1.947 ms (0.0%)
[Performance] InitializeOnLoad Analytics                                                                                     :        1 samples, Peak.   186 us (1.0x), Avg.   186 us, Total. 186.0 us (0.0%)
[Performance] InitializeOnLoad SceneDragAndDrop                                                                              :        1 samples, Peak.   123 us (1.0x), Avg.   123 us, Total. 123.5 us (0.0%)
[Performance] InitializeOnLoad SpriteShapeUpdateCache                                                                        :        1 samples, Peak.   316 us (1.0x), Avg.   316 us, Total. 315.5 us (0.0%)
[Performance] InitializeOnLoad SpriteShapeUnityAnalyticsStorage                                                              :        1 samples, Peak.  9.20 us (1.0x), Avg.  9.20 us, Total. 9.200 us (0.0%)
[Performance] InitializeOnLoad IKEditorManager.CreateInstance                                                                :        1 samples, Peak.  1.42 ms (1.0x), Avg.  1.42 ms, Total. 1.417 ms (0.0%)
[Performance] InitializeOnLoad __JobReflectionRegistrationOutput__13059449685540781863.EarlyInit                             :        1 samples, Peak.   629 us (1.0x), Avg.   629 us, Total. 629.1 us (0.0%)
[Performance] InitializeOnLoad $BurstDirectCallInitializer.Initialize                                                        :        7 samples, Peak.  20.1 ms (4.2x), Avg.  4.79 ms, Total. 33.54 ms (0.2%)
[Performance] InitializeOnLoad SceneViewGridManager.Initialize                                                               :        1 samples, Peak.  3.16 ms (1.0x), Avg.  3.16 ms, Total. 3.156 ms (0.0%)
[Performance] InitializeOnLoad TilemapPrefabStageHelper.Initialize                                                           :        1 samples, Peak.  1.11 ms (1.0x), Avg.  1.11 ms, Total. 1.106 ms (0.0%)
[Performance] InitializeOnLoad SceneViewOpenTilePaletteHelper.Initialize                                                     :        1 samples, Peak.   898 us (1.0x), Avg.   898 us, Total. 897.7 us (0.0%)
[Performance] InitializeOnLoad TileDragAndDropManager.Initialize                                                             :        1 samples, Peak.   542 us (1.0x), Avg.   542 us, Total. 542.0 us (0.0%)
[Performance] InitializeOnLoad UnityConverterInitializer.Init                                                                :        1 samples, Peak.  22.4 ms (1.0x), Avg.  22.4 ms, Total. 22.41 ms (0.2%)
[Performance] InitializeOnLoad ProBuilderSettings.SaveSettingsOnExit                                                         :        1 samples, Peak.  40.0 us (1.0x), Avg.  40.0 us, Total. 40.00 us (0.0%)
[Performance] InitializeOnLoad __JobReflectionRegistrationOutput__12640072059193112690.EarlyInit                             :        1 samples, Peak.  1.51 ms (1.0x), Avg.  1.51 ms, Total. 1.509 ms (0.0%)
[Performance] InitializeOnLoad VisualStudioEditor.LegacyVisualStudioCodePackageDisabler                                      :        1 samples, Peak.  2.64 ms (1.0x), Avg.  2.64 ms, Total. 2.644 ms (0.0%)
[Performance] InitializeOnLoad MaterialReimporter.RegisterUpgraderReimport                                                   :        2 samples, Peak.   171 us (1.7x), Avg.   103 us, Total. 205.0 us (0.0%)
[Performance] InitializeOnLoad PackageManagerHelper.Initialize                                                               :        1 samples, Peak.  7.82 ms (1.0x), Avg.  7.82 ms, Total. 7.820 ms (0.1%)
[Performance] InitializeOnLoad DOTweenPresenceDetector.Synchronize                                                           :        1 samples, Peak.  3.43 ms (1.0x), Avg.  3.43 ms, Total. 3.432 ms (0.0%)
[Performance] InitializeOnLoad BackgroundImport.Setup                                                                        :        1 samples, Peak.   494 us (1.0x), Avg.   494 us, Total. 493.8 us (0.0%)
[Performance] InitializeOnLoad CLILeakDetectionSwitcher.SetLeakDetectionModeFromEnvironment                                  :        1 samples, Peak.   183 us (1.0x), Avg.   183 us, Total. 183.2 us (0.0%)
[Performance] InitializeOnLoad PlayerLoopHelper.InitOnEditor                                                                 :        1 samples, Peak.  4.32 ms (1.0x), Avg.  4.32 ms, Total. 4.320 ms (0.0%)
[Performance] InitializeOnLoad __JobReflectionRegistrationOutput__1652832624114795843.EarlyInit                              :        1 samples, Peak.  2.52 ms (1.0x), Avg.  2.52 ms, Total. 2.516 ms (0.0%)
[Performance] InitializeOnLoad GameDataGenerator.InitEPPlusLicense                                                           :        1 samples, Peak.   399 us (1.0x), Avg.   399 us, Total. 399.2 us (0.0%)
[Performance] InitializeOnLoad UIFormBaseInspector.InitEditor                                                                :        1 samples, Peak.   119 us (1.0x), Avg.   119 us, Total. 119.1 us (0.0%)
[Performance] InitializeOnLoad DataTableUpdater.Init                                                                         :        1 samples, Peak.  12.4 ms (1.0x), Avg.  12.4 ms, Total. 12.40 ms (0.1%)
[Performance] InitializeOnLoad EditorToolbarExtension.Init                                                                   :        1 samples, Peak.   445 ms (1.0x), Avg.   445 ms, Total. 445.2 ms (3.1%)
[Performance] EditorResources.Load                                                                                           :       54 samples, Peak.  13.2 ms (51.0x), Avg.   259 us, Total. 14.00 ms (0.1%)
[Performance] InitializeOnLoad UIFormBaseInspector.RebindPropertiesDelay                                                     :        1 samples, Peak.   251 us (1.0x), Avg.   251 us, Total. 250.9 us (0.0%)
[Performance] InitializeOnLoad UIItemBaseInspector.RebindPropertiesDelay                                                     :        1 samples, Peak.   184 us (1.0x), Avg.   184 us, Total. 183.5 us (0.0%)
[Performance] InitializeOnLoad ProjectPanelRightClickExtension.TaskRefresh                                                   :        1 samples, Peak.   258 us (1.0x), Avg.   258 us, Total. 257.7 us (0.0%)
[Performance] InitializeOnLoad TestStarter.Initialize                                                                        :        1 samples, Peak.  2.68 ms (1.0x), Avg.  2.68 ms, Total. 2.684 ms (0.0%)
[Performance] InitializeOnLoad AnalyticsReporter.RegisterCallbacks                                                           :        1 samples, Peak.   249 us (1.0x), Avg.   249 us, Total. 248.6 us (0.0%)
[Performance] InitializeOnLoad TestJobDataHolder.ResumeRunningJobs                                                           :        1 samples, Peak.   759 us (1.0x), Avg.   759 us, Total. 758.6 us (0.0%)
[Performance] InitializeOnLoad DebugManagerWindowLifetimeAnalytic.SubscribeToDebugManagerOpenCloseWindows                    :        1 samples, Peak.   399 us (1.0x), Avg.   399 us, Total. 398.6 us (0.0%)
[Performance] InitializeOnLoad CoreRenderPipelinePreferences.InitPreferenceProviders                                         :        1 samples, Peak.  17.4 ms (1.0x), Avg.  17.4 ms, Total. 17.42 ms (0.1%)
[Performance] InitializeOnLoad VolumeGizmoDrawer.InitVolumeGizmoCallbacks                                                    :        1 samples, Peak.   249 us (1.0x), Avg.   249 us, Total. 249.1 us (0.0%)
[Performance] DidReloadScriptsCinemachineExtension.OnScriptReload                                                            :        1 samples, Peak.   308 us (1.0x), Avg.   308 us, Total. 308.0 us (0.0%)
[Performance] DidReloadScriptsCinemachineVirtualCameraBase.OnScriptReload                                                    :        1 samples, Peak.  71.4 us (1.0x), Avg.  71.4 us, Total. 71.40 us (0.0%)
[Performance] DidReloadScriptsTestRunnerWindow.CompilationCallback                                                           :        1 samples, Peak.   445 us (1.0x), Avg.   445 us, Total. 445.3 us (0.0%)
[Performance] DidReloadScriptsTestListCache.ScriptReloaded                                                                   :        1 samples, Peak.  1.19 ms (1.0x), Avg.  1.19 ms, Total. 1.191 ms (0.0%)
[Performance] DidReloadScriptsLookDev.OnEditorReload                                                                         :        1 samples, Peak.   187 us (1.0x), Avg.   187 us, Total. 187.2 us (0.0%)
[Performance] DidReloadScriptsDebugWindow.OnEditorReload                                                                     :        1 samples, Peak.  5.39 ms (1.0x), Avg.  5.39 ms, Total. 5.390 ms (0.0%)
[Performance] DidReloadScriptsVolumeComponentEditor.OnEditorReload                                                           :        1 samples, Peak.  11.7 ms (1.0x), Avg.  11.7 ms, Total. 11.69 ms (0.1%)
[Performance] DidReloadScriptsAdvancedDropdownWindow.OnScriptReload                                                          :        1 samples, Peak.   159 us (1.0x), Avg.   159 us, Total. 159.2 us (0.0%)
[Performance] AssemblyReloadEvents.afterAssemblyReload: UnitySkills.SkillsHttpServer.OnAfterAssemblyReload                   :        1 samples, Peak.   679 us (1.0x), Avg.   679 us, Total. 679.0 us (0.0%)
[Performance] AssemblyReloadEvents.afterAssemblyReload: UnityEditor.ProBuilder.HierarchyListener.OnAfterAssemblyReload       :        1 samples, Peak.   207 us (1.0x), Avg.   207 us, Total. 207.0 us (0.0%)
[Performance] AssemblyReloadEvents.afterAssemblyReload: UnityEditor.U2D.Animation.BoneGizmo.OnAfterAssemblyReload            :        1 samples, Peak.   515 us (1.0x), Avg.   515 us, Total. 515.0 us (0.0%)
[Performance] AssetDatabase.ImportAssets                                                                                     :        9 samples, Peak.   700 ns (1.6x), Avg.   433 ns, Total. 3.900 us (0.0%)
[Performance] VersionControl.Task.Wait                                                                                       :        1 samples, Peak.  7.00 us (1.0x), Avg.  7.00 us, Total. 7.000 us (0.0%)
[Performance] CinemachineSettings.OnPostprocessAllAssets                                                                     :        6 samples, Peak.   215 us (3.1x), Avg.  69.3 us, Total. 416.1 us (0.0%)
[Performance] UtilityWindowPostProcessor.OnPostprocessAllAssets                                                              :        6 samples, Peak.   508 us (2.9x), Avg.   172 us, Total. 1.033 ms (0.0%)
[Performance] SpineEditorUtilities.OnPostprocessAllAssets                                                                    :        6 samples, Peak.  8.09 ms (2.9x), Avg.  2.79 ms, Total. 16.75 ms (0.1%)
[Performance] TMPro_TexturePostProcessor.OnPostprocessAllAssets                                                              :        6 samples, Peak.   266 us (2.8x), Avg.  96.3 us, Total. 577.8 us (0.0%)
[Performance] UVCSAssetPostprocessor.OnPostprocessAllAssets                                                                  :        6 samples, Peak.   394 us (3.0x), Avg.   132 us, Total. 794.8 us (0.0%)
[Performance] BuilderAssetPostprocessor.OnPostprocessAllAssets                                                               :        6 samples, Peak.  1.48 ms (2.9x), Avg.   516 us, Total. 3.098 ms (0.0%)
[Performance] ArtifactBrowserPostProcessor.OnPostprocessAllAssets                                                            :        6 samples, Peak.   203 us (2.9x), Avg.  69.4 us, Total. 416.5 us (0.0%)
[Performance] AssetEvents.OnPostprocessAllAssets                                                                             :       12 samples, Peak.   127 us (4.5x), Avg.  28.5 us, Total. 341.5 us (0.0%)
[Performance] AudioMixerPostprocessor.OnPostprocessAllAssets                                                                 :        6 samples, Peak.   188 us (2.9x), Avg.  63.8 us, Total. 383.0 us (0.0%)
[Performance] StyleCatalogPostProcessor.OnPostprocessAllAssets                                                               :        6 samples, Peak.  13.5 ms (3.0x), Avg.  4.49 ms, Total. 26.95 ms (0.2%)
[Performance] BuildCatalog                                                                                                   :        1 samples, Peak.  12.9 ms (1.0x), Avg.  12.9 ms, Total. 12.95 ms (0.1%)
[Performance] ModelImporterPostProcessor.OnPostprocessAllAssets                                                              :        6 samples, Peak.   741 us (2.9x), Avg.   255 us, Total. 1.531 ms (0.0%)
[Performance] MaterialPostprocessor.OnPostprocessAllAssets                                                                   :       12 samples, Peak.   469 us (3.2x), Avg.   146 us, Total. 1.752 ms (0.0%)
[Performance] UniversalRenderPipelineGlobalSettingsPostprocessor.OnPostprocessAllAssets                                      :        6 samples, Peak.   762 us (2.9x), Avg.   263 us, Total. 1.580 ms (0.0%)
[Performance] RetainedModeAssetPostprocessor.OnPostprocessAllAssets                                                          :        6 samples, Peak.   905 us (2.9x), Avg.   309 us, Total. 1.851 ms (0.0%)
[Performance] AssetChangedListener.OnPostprocessAllAssets                                                                    :        6 samples, Peak.   927 us (2.3x), Avg.   403 us, Total. 2.420 ms (0.0%)
[Performance] PostProcessor.OnPostprocessAllAssets                                                                           :        6 samples, Peak.   196 us (2.6x), Avg.  74.4 us, Total. 446.2 us (0.0%)
[Performance] ShaderGraphAssetPostProcessor.OnPostprocessAllAssets                                                           :        6 samples, Peak.  1.21 ms (2.7x), Avg.   445 us, Total. 2.669 ms (0.0%)
[Performance] SpeedTreePostProcessor.OnPostprocessAllAssets                                                                  :        6 samples, Peak.   126 us (2.7x), Avg.  46.5 us, Total. 279.0 us (0.0%)
[Performance] TextAssetPostProcessor.OnPostprocessAllAssets                                                                  :        6 samples, Peak.   270 us (2.9x), Avg.  93.2 us, Total. 558.9 us (0.0%)
[Performance] AssetProcessor.OnPostprocessAllAssets                                                                          :       18 samples, Peak.  1.38 ms (5.3x), Avg.   262 us, Total. 4.716 ms (0.0%)
[Performance] SpriteLibraryAssetPostprocessor.OnPostprocessAllAssets                                                         :        6 samples, Peak.   187 us (2.9x), Avg.  63.4 us, Total. 380.7 us (0.0%)
[Performance] PSDImporterAssetPostProcessor.OnPostprocessAllAssets                                                           :        6 samples, Peak.  64.5 us (2.9x), Avg.  22.5 us, Total. 134.9 us (0.0%)
[Performance] PSDImportPostProcessor.OnPostprocessAllAssets                                                                  :        6 samples, Peak.  89.6 us (2.9x), Avg.  30.7 us, Total. 184.2 us (0.0%)
[Performance] SpriteEditorTexturePostprocessor.OnPostprocessAllAssets                                                        :        6 samples, Peak.   189 us (1.6x), Avg.   117 us, Total. 699.2 us (0.0%)
[Performance] SpriteShapeAssetPostProcessor.OnPostprocessAllAssets                                                           :        6 samples, Peak.   556 us (1.5x), Avg.   372 us, Total. 2.231 ms (0.0%)
[Performance] SyncVS.PostprocessSyncProject                                                                                  :        3 samples, Peak.   200 ms (3.0x), Avg.  67.4 ms, Total. 202.1 ms (1.4%)
[Performance] Application.ImportPackagesAndSetTemplateWhenCreatingProject                                                    :        1 samples, Peak.  8.46 ms (1.0x), Avg.  8.46 ms, Total. 8.463 ms (0.1%)
[Performance] Application.SyncCurrentColorSpace                                                                              :        1 samples, Peak.  18.7 ms (1.0x), Avg.  18.7 ms, Total. 18.69 ms (0.1%)
[Performance] Application.OnUsbDevicesChanged                                                                                :        1 samples, Peak.  4.91 ms (1.0x), Avg.  4.91 ms, Total. 4.909 ms (0.0%)
[Performance] Application.AssetInstanceCacheUpdate                                                                           :        1 samples, Peak.   500 ns (1.0x), Avg.   500 ns, Total. 500.0 ns (0.0%)
[Performance] Application.UnityExtensions.Initialize                                                                         :        1 samples, Peak.  15.8 ms (1.0x), Avg.  15.8 ms, Total. 15.84 ms (0.1%)
[Performance] CodeEditorProjectSync.SyncEditorProject                                                                        :        1 samples, Peak.   357 ms (1.0x), Avg.   357 ms, Total. 356.9 ms (2.4%)
[Performance] Application.ExecuteStartups                                                                                    :        1 samples, Peak.  23.6 ms (1.0x), Avg.  23.6 ms, Total. 23.60 ms (0.2%)
[Performance] Menu.RegisterMenuInterface                                                                                     :       26 samples, Peak.  2.10 us (9.4x), Avg.   223 ns, Total. 5.800 us (0.0%)
[Performance] Gizmo.RebuildRenderers                                                                                         :        1 samples, Peak.  21.9 ms (1.0x), Avg.  21.9 ms, Total. 21.88 ms (0.2%)
[Performance] Gizmo.AddGizmoRenderers                                                                                        :      180 samples, Peak.   899 us (39.3x), Avg.  22.9 us, Total. 4.118 ms (0.0%)
[Performance] Application.editorInitializingProject                                                                          :        1 samples, Peak.   270 ms (1.0x), Avg.   270 ms, Total. 269.6 ms (1.8%)
[Performance] Application.InitializeMenu                                                                                     :        1 samples, Peak.   148 ms (1.0x), Avg.   148 ms, Total. 147.9 ms (1.0%)
[Performance] Menu.RebuildAll                                                                                                :        1 samples, Peak.   148 ms (1.0x), Avg.   148 ms, Total. 147.9 ms (1.0%)
[Performance] Menu.BuildRegisteredMenuInterfaces                                                                             :        1 samples, Peak.   145 ms (1.0x), Avg.   145 ms, Total. 145.1 ms (1.0%)
[Performance] Menu.FilterMenuItem                                                                                            :     1159 samples, Peak.  79.2 ms (1095.9x), Avg.  72.2 us, Total. 83.73 ms (0.6%)
[Performance] UpdateAllMenus                                                                                                 :        1 samples, Peak.   480 us (1.0x), Avg.   480 us, Total. 479.7 us (0.0%)
[Performance] Menu.RebuildOSMainMenu                                                                                         :        2 samples, Peak.  2.62 ms (1.1x), Avg.  2.37 ms, Total. 4.748 ms (0.0%)
[Performance] EditorSceneManager.sceneClosing: UnityEditor.SceneVisibilityManager.EditorSceneManagerOnSceneClosing           :        3 samples, Peak.   275 us (2.9x), Avg.  94.1 us, Total. 282.4 us (0.0%)
[Performance] GUIView.RepaintAll.PlayerLoopController                                                                        :        1 samples, Peak.  1.00 us (1.0x), Avg.  1.00 us, Total. 1.000 us (0.0%)
[Performance] EditorSceneManager.newSceneCreated: UnityEditor.SceneTemplate.SceneTemplateService.OnNewSceneCreated           :        1 samples, Peak.   166 us (1.0x), Avg.   166 us, Total. 165.8 us (0.0%)
[Performance] EditorSceneManager.newSceneCreated: UnityEditor.SceneVisibilityManager.EditorSceneManagerOnNewSceneCreated     :        1 samples, Peak.   135 us (1.0x), Avg.   135 us, Total. 134.9 us (0.0%)
[Performance] EditorSceneManager.newSceneCreated: UnityEditor.SceneManagement.StageNavigationManager.OnNewSceneCreated       :        1 samples, Peak.  37.8 us (1.0x), Avg.  37.8 us, Total. 37.80 us (0.0%)
[Performance] Application.InvokeFinishedLoadingProject                                                                       :        1 samples, Peak.  13.5 ms (1.0x), Avg.  13.5 ms, Total. 13.50 ms (0.1%)
[Performance] ProcessService.OnProjectLoaded                                                                                 :        1 samples, Peak.  50.7 us (1.0x), Avg.  50.7 us, Total. 50.70 us (0.0%)
[Performance] EditorSceneManager.sceneOpening: UnityEditor.SceneVisibilityManager.EditorSceneManagerOnSceneOpening           :        2 samples, Peak.   113 us (1.9x), Avg.  59.5 us, Total. 119.0 us (0.0%)
[Performance] Inspector.InitOrRebuild                                                                                        :        2 samples, Peak.   548 us (1.3x), Avg.   412 us, Total. 823.1 us (0.0%)
[Performance] EditorSceneManager.sceneOpened: UGF.EditorTools.EditorToolbarExtension.OnSceneOpened                           :        2 samples, Peak.   111 us (1.9x), Avg.  58.9 us, Total. 117.9 us (0.0%)
[Performance] EditorSceneManager.sceneOpened: UnityEditor.SceneTemplate.SceneTemplateService.OnSceneOpened                   :        2 samples, Peak.  45.7 us (2.0x), Avg.  23.2 us, Total. 46.50 us (0.0%)
[Performance] EditorSceneManager.sceneOpened: UnityEditor.SceneVisibilityManager.EditorSceneManagerOnSceneOpened             :        2 samples, Peak.  63.3 us (1.3x), Avg.  49.4 us, Total. 98.70 us (0.0%)
[Performance] EditorSceneManager.sceneOpened: UnityEditor.SceneManagement.StageNavigationManager.OnSceneOpened               :        2 samples, Peak.  29.7 us (1.9x), Avg.  15.4 us, Total. 30.70 us (0.0%)
[Performance] PaletteAssetModificationProcessor.OnWillSaveAssets                                                             :        3 samples, Peak.   172 us (2.6x), Avg.  65.5 us, Total. 196.5 us (0.0%)
[Performance] StateMacroSavedEvent.OnWillSaveAssets                                                                          :        3 samples, Peak.   134 us (2.7x), Avg.  49.5 us, Total. 148.6 us (0.0%)
[Performance] FlowMacroSavedEvent.OnWillSaveAssets                                                                           :        3 samples, Peak.  95.9 us (2.9x), Avg.  33.3 us, Total. 99.80 us (0.0%)
[Performance] TextureModificationWarningProcessor.OnWillSaveAssets                                                           :        3 samples, Peak.   573 us (3.0x), Avg.   194 us, Total. 581.5 us (0.0%)
[Performance] UnityCloudProjectLinkMonitor.OnWillSaveAssets                                                                  :        3 samples, Peak.   337 us (3.0x), Avg.   113 us, Total. 339.7 us (0.0%)
[Performance] UVCSAssetModificationProcessor.OnWillSaveAssets                                                                :        3 samples, Peak.   346 us (3.0x), Avg.   116 us, Total. 348.0 us (0.0%)
[Performance] BuilderAssetModificationProcessor.OnWillSaveAssets                                                             :        3 samples, Peak.   223 us (2.9x), Avg.  75.8 us, Total. 227.4 us (0.0%)
[Performance] TerrainModificationProcessor.OnWillSaveAssets                                                                  :        3 samples, Peak.   381 us (3.0x), Avg.   128 us, Total. 384.6 us (0.0%)
[Performance] EditorSceneManager.sceneSaving: callback in UnityEditor.U2D.SpriteShapeUpdateCache                             :        2 samples, Peak.   420 us (1.7x), Avg.   245 us, Total. 489.2 us (0.0%)
[Performance] EditorSceneManager.sceneSaving: UnityEditor.SceneTemplate.SceneTemplateService.OnSceneSaving                   :        2 samples, Peak.   235 us (2.0x), Avg.   119 us, Total. 237.6 us (0.0%)
[Performance] EditorSceneManager.sceneSaving: UnityEditor.SceneVisibilityManager.EditorSceneManagerOnSceneSaving             :        2 samples, Peak.  89.9 us (2.0x), Avg.  45.8 us, Total. 91.60 us (0.0%)
[Performance] PaletteAssetModificationProcessor.OnWillCreateAsset                                                            :        2 samples, Peak.  74.8 us (1.8x), Avg.  42.5 us, Total. 85.00 us (0.0%)
[Performance] MaterialModificationProcessor.OnWillCreateAsset                                                                :        4 samples, Peak.   110 us (2.0x), Avg.  54.9 us, Total. 219.4 us (0.0%)
[Performance] CreateNewScriptListener.OnWillCreateAsset                                                                      :        2 samples, Peak.   116 us (1.9x), Avg.  62.3 us, Total. 124.7 us (0.0%)
[Performance] BuilderAssetModificationProcessor.OnWillCreateAsset                                                            :        2 samples, Peak.   154 us (1.9x), Avg.  83.2 us, Total. 166.4 us (0.0%)
[Performance] AssetDatabase.ImportAsset                                                                                      :        2 samples, Peak.  44.5 ms (1.0x), Avg.  43.4 ms, Total. 86.85 ms (0.6%)
[Performance] EditorSceneManager.sceneSaved: UnityEditor.SceneTemplate.SceneTemplateService.OnSceneSaved                     :        2 samples, Peak.  51.1 ms (1.2x), Avg.  43.2 ms, Total. 86.46 ms (0.6%)
[Performance] EditorSceneManager.sceneSaved: UnityEditor.SceneVisibilityManager.EditorSceneManagerOnSceneSaved               :        2 samples, Peak.  82.9 us (1.9x), Avg.  42.8 us, Total. 85.60 us (0.0%)
[Performance] Application.Shutdown.SaveDefaultWindowPreferences                                                              :        1 samples, Peak.  88.0 us (1.0x), Avg.  88.0 us, Total. 88.00 us (0.0%)
[Performance] Application.Shutdown.SaveSceneManagerSetup                                                                     :        1 samples, Peak.   466 us (1.0x), Avg.   466 us, Total. 465.5 us (0.0%)
[Performance] Application.Shutdown.CleanupAllContainerWindows                                                                :        1 samples, Peak.   400 ns (1.0x), Avg.   400 ns, Total. 400.0 ns (0.0%)
[Performance] EditorApplication.quitting: Unity.Burst.Editor.BurstLoader.OnEditorApplicationQuitting                         :        1 samples, Peak.  34.8 us (1.0x), Avg.  34.8 us, Total. 34.80 us (0.0%)
[Performance] EditorApplication.quitting: UnitySkills.RegistryService.Unregister                                             :        1 samples, Peak.  54.1 ms (1.0x), Avg.  54.1 ms, Total. 54.10 ms (0.4%)
[Performance] EditorApplication.quitting: UnitySkills.SkillsHttpServer.OnEditorQuitting                                      :        1 samples, Peak.   838 us (1.0x), Avg.   838 us, Total. 838.1 us (0.0%)
[Performance] EditorApplication.quitting: UnityEditor.SettingsManagement.FileSettingsRepository.Save                         :        1 samples, Peak.  2.07 ms (1.0x), Avg.  2.07 ms, Total. 2.069 ms (0.0%)
[Performance] EditorApplication.quitting: UnityEditor.Tilemaps.SceneViewGridManager.EditorQuitting                           :        1 samples, Peak.   139 us (1.0x), Avg.   139 us, Total. 138.8 us (0.0%)
[Performance] EditorApplication.quitting: UnityEditor.ProBuilder.ProBuilderSettings.Save                                     :        1 samples, Peak.   358 us (1.0x), Avg.   358 us, Total. 357.9 us (0.0%)
[Performance] EditorApplication.quitting: callback in UnityEditor.TextCore.Text.EditorEventCallbacks                         :        1 samples, Peak.  13.5 ms (1.0x), Avg.  13.5 ms, Total. 13.48 ms (0.1%)
[Performance] Application.Shutdown.PauseProfilerSession                                                                      :        1 samples, Peak.  32.4 us (1.0x), Avg.  32.4 us, Total. 32.40 us (0.0%)
[Performance] Application.Shutdown.PauseAssetImportWorkers                                                                   :        1 samples, Peak.   523 us (1.0x), Avg.   523 us, Total. 523.0 us (0.0%)
[Performance] Application.Shutdown.SaveAssets                                                                                :        1 samples, Peak.  4.47 ms (1.0x), Avg.  4.47 ms, Total. 4.467 ms (0.0%)
[Performance] Application.Shutdown.CleanupRenderPipeline                                                                     :        1 samples, Peak.  6.30 us (1.0x), Avg.  6.30 us, Total. 6.300 us (0.0%)
[Performance] Application.Shutdown.StopPreloadManager                                                                        :        1 samples, Peak.  9.54 ms (1.0x), Avg.  9.54 ms, Total. 9.541 ms (0.1%)
[Performance] Application.Shutdown.DestroyWorld                                                                              :        1 samples, Peak.  1.86 ms (1.0x), Avg.  1.86 ms, Total. 1.861 ms (0.0%)
[Performance] Application.Shutdown.CleanupAfterLoad                                                                          :        1 samples, Peak.   234 ms (1.0x), Avg.   234 ms, Total. 233.6 ms (1.6%)
[Performance] Application.Shutdown.Progress                                                                                  :        1 samples, Peak.  4.70 us (1.0x), Avg.  4.70 us, Total. 4.700 us (0.0%)
[Performance] Application.Shutdown.GICleanupManagers                                                                         :        1 samples, Peak.   726 us (1.0x), Avg.   726 us, Total. 726.2 us (0.0%)
[Performance] Application.Shutdown.MenuCleanupClass                                                                          :        1 samples, Peak.   233 us (1.0x), Avg.   233 us, Total. 233.2 us (0.0%)
[Performance] Application.Shutdown.ADBSaveStateBeforeShutdown                                                                :        1 samples, Peak.  7.50 us (1.0x), Avg.  7.50 us, Total. 7.500 us (0.0%)
[Performance] Application.Shutdown.RemoteShutdown                                                                            :        1 samples, Peak.   600 ns (1.0x), Avg.   600 ns, Total. 600.0 ns (0.0%)
[Performance] Application.Shutdown.CleanupVCProvider                                                                         :        1 samples, Peak.  6.90 us (1.0x), Avg.  6.90 us, Total. 6.900 us (0.0%)
[Performance] Application.Shutdown.InputShutdown                                                                             :        1 samples, Peak.   400 ns (1.0x), Avg.   400 ns, Total. 400.0 ns (0.0%)
[Performance] Application.Shutdown.GizmoManagerDestroy                                                                       :        1 samples, Peak.   539 us (1.0x), Avg.   539 us, Total. 539.4 us (0.0%)
[Performance] Application.Shutdown.ProfilerSession                                                                           :        1 samples, Peak.   145 us (1.0x), Avg.   145 us, Total. 145.0 us (0.0%)
[Performance] Application.Shutdown.ReleaseGfxWindowOnAllGUIViews                                                             :        1 samples, Peak.   400 ns (1.0x), Avg.   400 ns, Total. 400.0 ns (0.0%)
[Performance] Application.Shutdown.CleanupEngine                                                                             :        1 samples, Peak.   203 ms (1.0x), Avg.   203 ms, Total. 203.3 ms (1.4%)
[Performance] Application.Shutdown.CleanupAssetDatabase                                                                      :        1 samples, Peak.  13.1 ms (1.0x), Avg.  13.1 ms, Total. 13.07 ms (0.1%)
[Performance] Application.Shutdown.ScriptCompilationCleanUp                                                                  :        1 samples, Peak.  29.6 ms (1.0x), Avg.  29.6 ms, Total. 29.61 ms (0.2%)
[Performance] Application.Shutdown.DestroyJobSystem                                                                          :        1 samples, Peak.  74.5 us (1.0x), Avg.  74.5 us, Total. 74.50 us (0.0%)
[Performance] Application.Shutdown.CleanupPersistentManager                                                                  :        1 samples, Peak.  2.09 ms (1.0x), Avg.  2.09 ms, Total. 2.089 ms (0.0%)
[Performance] Application.Shutdown.CleanupAsyncReadManager                                                                   :        1 samples, Peak.   887 us (1.0x), Avg.   887 us, Total. 887.4 us (0.0%)
[Performance] Application.Shutdown.CleanupProgressBar                                                                        :        1 samples, Peak.   300 ns (1.0x), Avg.   300 ns, Total. 300.0 ns (0.0%)
[Performance] Application.Shutdown.CleanupMono                                                                               :        1 samples, Peak.   161 ms (1.0x), Avg.   161 ms, Total. 161.3 ms (1.1%)
[Performance] Application.Shutdown.CleanupStdConverters                                                                      :        1 samples, Peak.  6.10 us (1.0x), Avg.  6.10 us, Total. 6.100 us (0.0%)
[Performance] Application.Shutdown.UnloadAllPlatformSupportModuleNativeDlls                                                  :        1 samples, Peak.   500 ns (1.0x), Avg.   500 ns, Total. 500.0 ns (0.0%)
[Performance] Application.Shutdown.UnloadAllPlatformSupportNativeLibraries                                                   :        1 samples, Peak. 0.0 (-nan(ind)x), Avg. 0.0, Total. 0.0 (0.0%)
[Performance] Application.Shutdown.CleanupAutoDocumentation                                                                  :        1 samples, Peak.   234 us (1.0x), Avg.   234 us, Total. 234.1 us (0.0%)
[Performance] Application.Shutdown.ShaderNameManagerDestroy                                                                  :        1 samples, Peak.  37.1 us (1.0x), Avg.  37.1 us, Total. 37.10 us (0.0%)
[Performance] Application.Shutdown.CleanupCacheServer                                                                        :        1 samples, Peak.   100 ns (1.0x), Avg.   100 ns, Total. 100.0 ns (0.0%)
[Performance] Application.Shutdown.Virtualization_Shutdown                                                                   :        1 samples, Peak.   200 ns (1.0x), Avg.   200 ns, Total. 200.0 ns (0.0%)
[Performance] Application.Shutdown.DevConnections                                                                            :        1 samples, Peak.   123 us (1.0x), Avg.   123 us, Total. 122.7 us (0.0%)
Checking for leaked weakptr:
  Found no leaked weakptrs.
[Package Manager] Server::Kill -- Server was shutdown
Memory Statistics:
[ALLOC_TEMP_TLS] TLS Allocator
  StackAllocators : 
    [ALLOC_TEMP_CurlRequest]
      Initial Block Size 64.0 KB
      Current Block Size 64.0 KB
      Peak Allocated Bytes 0 B
      Overflow Count 0
    [ALLOC_TEMP_MAIN]
      Initial Block Size 16.0 MB
      Current Block Size 45.9 MB
      Peak Allocated Bytes 25.1 MB
      Overflow Count 0
    [ALLOC_TEMP_Job.Worker 18]
      Initial Block Size 256.0 KB
      Current Block Size 256.0 KB
      Peak Allocated Bytes 1.6 KB
      Overflow Count 0
    [ALLOC_TEMP_Background Job.Worker 8]
      Initial Block Size 32.0 KB
      Current Block Size 32.0 KB
      Peak Allocated Bytes 54 B
      Overflow Count 0
    [ALLOC_TEMP_BakingJobs.Worker 17]
      Initial Block Size 256.0 KB
      Current Block Size 256.0 KB
      Peak Allocated Bytes 54 B
      Overflow Count 0
    [ALLOC_TEMP_Job.Worker 4]
      Initial Block Size 256.0 KB
      Current Block Size 256.0 KB
      Peak Allocated Bytes 1.6 KB
      Overflow Count 1
    [ALLOC_TEMP_AUDIO_FMOD mixer thread]
      Initial Block Size 64.0 KB
      Current Block Size 64.0 KB
      Peak Allocated Bytes 54 B
      Overflow Count 0
    [ALLOC_TEMP_BakingJobs.Worker 10]
      Initial Block Size 256.0 KB
      Current Block Size 256.0 KB
      Peak Allocated Bytes 54 B
      Overflow Count 0
    [ALLOC_TEMP_BakingJobs.Worker 5]
      Initial Block Size 256.0 KB
      Current Block Size 256.0 KB
      Peak Allocated Bytes 54 B
      Overflow Count 0
    [ALLOC_TEMP_Background Job.Worker 3]
      Initial Block Size 32.0 KB
      Current Block Size 32.0 KB
      Peak Allocated Bytes 68 B
      Overflow Count 0
    [ALLOC_TEMP_BatchDeleteObjects]
      Initial Block Size 64.0 KB
      Current Block Size 64.0 KB
      Peak Allocated Bytes 54 B
      Overflow Count 0
    [ALLOC_TEMP_Background Job.Worker 11]
      Initial Block Size 32.0 KB
      Current Block Size 32.0 KB
      Peak Allocated Bytes 54 B
      Overflow Count 0
    [ALLOC_TEMP_REST Message Handler]
      Initial Block Size 64.0 KB
      Current Block Size 64.0 KB
      Peak Allocated Bytes 54 B
      Overflow Count 0
    [ALLOC_TEMP_CoreBusinessMetricsCache]
      Initial Block Size 64.0 KB
      Current Block Size 64.0 KB
      Peak Allocated Bytes 8.0 KB
      Overflow Count 0
    [ALLOC_TEMP_Job.Worker 13]
      Initial Block Size 256.0 KB
      Current Block Size 256.0 KB
      Peak Allocated Bytes 1.7 KB
      Overflow Count 1
    [ALLOC_TEMP_Background Job.Worker 2]
      Initial Block Size 32.0 KB
      Current Block Size 32.0 KB
      Peak Allocated Bytes 2.0 KB
      Overflow Count 0
    [ALLOC_TEMP_AssetDatabase.IOService]
      Initial Block Size 64.0 KB
      Current Block Size 64.0 KB
      Peak Allocated Bytes 54 B
      Overflow Count 0
    [ALLOC_TEMP_Job.Worker 10]
      Initial Block Size 256.0 KB
      Current Block Size 256.0 KB
      Peak Allocated Bytes 1.7 KB
      Overflow Count 1
    [ALLOC_TEMP_Job.Worker 15]
      Initial Block Size 256.0 KB
      Current Block Size 256.0 KB
      Peak Allocated Bytes 1.6 KB
      Overflow Count 1
    [ALLOC_TEMP_Job.Worker 12]
      Initial Block Size 256.0 KB
      Current Block Size 256.0 KB
      Peak Allocated Bytes 1.6 KB
      Overflow Count 1
    [ALLOC_TEMP_Loading.PreloadManager]
      Initial Block Size 32.0 MB
      Current Block Size 32.0 MB
      Peak Allocated Bytes 2.1 MB
      Overflow Count 0
    [ALLOC_TEMP_Profiler.Dispatcher]
      Initial Block Size 64.0 KB
      Current Block Size 64.0 KB
      Peak Allocated Bytes 0 B
      Overflow Count 0
    [ALLOC_TEMP_Job.Worker 14]
      Initial Block Size 256.0 KB
      Current Block Size 256.0 KB
      Peak Allocated Bytes 1.7 KB
      Overflow Count 1
    [ALLOC_TEMP_Job.Worker 3]
      Initial Block Size 256.0 KB
      Current Block Size 256.0 KB
      Peak Allocated Bytes 1.7 KB
      Overflow Count 1
    [ALLOC_TEMP_BakingJobs.Worker 7]
      Initial Block Size 256.0 KB
      Current Block Size 256.0 KB
      Peak Allocated Bytes 54 B
      Overflow Count 0
    [ALLOC_TEMP_Job.Worker 17]
      Initial Block Size 256.0 KB
      Current Block Size 256.0 KB
      Peak Allocated Bytes 1.6 KB
      Overflow Count 1
    [ALLOC_TEMP_Background Job.Worker 5]
      Initial Block Size 32.0 KB
      Current Block Size 32.0 KB
      Peak Allocated Bytes 54 B
      Overflow Count 0
    [ALLOC_TEMP_Background Job.Worker 13]
      Initial Block Size 32.0 KB
      Current Block Size 32.0 KB
      Peak Allocated Bytes 54 B
      Overflow Count 0
    [ALLOC_TEMP_Job.Worker 2]
      Initial Block Size 256.0 KB
      Current Block Size 1.0 MB
      Peak Allocated Bytes 1.0 MB
      Overflow Count 1
    [ALLOC_TEMP_BakingJobs.Worker 6]
      Initial Block Size 256.0 KB
      Current Block Size 256.0 KB
      Peak Allocated Bytes 54 B
      Overflow Count 0
    [ALLOC_TEMP_Job.Worker 11]
      Initial Block Size 256.0 KB
      Current Block Size 256.0 KB
      Peak Allocated Bytes 1.7 KB
      Overflow Count 1
    [ALLOC_TEMP_Job.Worker 0]
      Initial Block Size 256.0 KB
      Current Block Size 256.0 KB
      Peak Allocated Bytes 1.5 KB
      Overflow Count 1
    [ALLOC_TEMP_Job.Worker 5]
      Initial Block Size 256.0 KB
      Current Block Size 256.0 KB
      Peak Allocated Bytes 1.6 KB
      Overflow Count 1
    [ALLOC_TEMP_Job.Worker 6]
      Initial Block Size 256.0 KB
      Current Block Size 256.0 KB
      Peak Allocated Bytes 1.7 KB
      Overflow Count 0
    [ALLOC_TEMP_EnlightenWorker] x 5
      Initial Block Size 64.0 KB
      Current Block Size 64.0 KB
      Peak Allocated Bytes 54 B
      Overflow Count 0
    [ALLOC_TEMP_BakingJobs.Worker 8]
      Initial Block Size 256.0 KB
      Current Block Size 256.0 KB
      Peak Allocated Bytes 54 B
      Overflow Count 0
    [ALLOC_TEMP_Job.Worker 9]
      Initial Block Size 256.0 KB
      Current Block Size 256.0 KB
      Peak Allocated Bytes 1.7 KB
      Overflow Count 1
    [ALLOC_TEMP_Background Job.Worker 9]
      Initial Block Size 32.0 KB
      Current Block Size 32.0 KB
      Peak Allocated Bytes 54 B
      Overflow Count 0
    [ALLOC_TEMP_BakingJobs.Worker 1]
      Initial Block Size 256.0 KB
      Current Block Size 256.0 KB
      Peak Allocated Bytes 54 B
      Overflow Count 0
    [ALLOC_TEMP_DirMonitor]
      Initial Block Size 64.0 KB
      Current Block Size 64.0 KB
      Peak Allocated Bytes 0.8 KB
      Overflow Count 0
    [ALLOC_TEMP_Loading.AsyncRead]
      Initial Block Size 64.0 KB
      Current Block Size 64.0 KB
      Peak Allocated Bytes 128 B
      Overflow Count 0
    [ALLOC_TEMP_Background Job.Worker 10]
      Initial Block Size 32.0 KB
      Current Block Size 32.0 KB
      Peak Allocated Bytes 54 B
      Overflow Count 0
    [ALLOC_TEMP_Job.Worker 16]
      Initial Block Size 256.0 KB
      Current Block Size 256.0 KB
      Peak Allocated Bytes 1.7 KB
      Overflow Count 1
    [ALLOC_TEMP_BakingJobs.Worker 9]
      Initial Block Size 256.0 KB
      Current Block Size 256.0 KB
      Peak Allocated Bytes 54 B
      Overflow Count 0
    [ALLOC_TEMP_BakingJobs.Worker 16]
      Initial Block Size 256.0 KB
      Current Block Size 256.0 KB
      Peak Allocated Bytes 54 B
      Overflow Count 0
    [ALLOC_TEMP_Background Job.Worker 6]
      Initial Block Size 32.0 KB
      Current Block Size 32.0 KB
      Peak Allocated Bytes 54 B
      Overflow Count 0
    [ALLOC_TEMP_AUDIO_FMOD (WASAPI) feeder thread]
      Initial Block Size 64.0 KB
      Current Block Size 64.0 KB
      Peak Allocated Bytes 168 B
      Overflow Count 0
    [ALLOC_TEMP_Background Job.Worker 1]
      Initial Block Size 32.0 KB
      Current Block Size 204.0 KB
      Peak Allocated Bytes 129.7 KB
      Overflow Count 0
    [ALLOC_TEMP_BakingJobs.Worker 11]
      Initial Block Size 256.0 KB
      Current Block Size 256.0 KB
      Peak Allocated Bytes 54 B
      Overflow Count 0
    [ALLOC_TEMP_AUDIO_FMOD stream thread]
      Initial Block Size 64.0 KB
      Current Block Size 64.0 KB
      Peak Allocated Bytes 54 B
      Overflow Count 0
    [ALLOC_TEMP_BakingJobs.Worker 19]
      Initial Block Size 256.0 KB
      Current Block Size 256.0 KB
      Peak Allocated Bytes 54 B
      Overflow Count 0
    [ALLOC_TEMP_BakingJobs.Worker 2]
      Initial Block Size 256.0 KB
      Current Block Size 256.0 KB
      Peak Allocated Bytes 54 B
      Overflow Count 0
    [ALLOC_TEMP_Background Job.Worker 7]
      Initial Block Size 32.0 KB
      Current Block Size 32.0 KB
      Peak Allocated Bytes 54 B
      Overflow Count 0
    [ALLOC_TEMP_Job.Worker 8]
      Initial Block Size 256.0 KB
      Current Block Size 256.0 KB
      Peak Allocated Bytes 1.8 KB
      Overflow Count 1
    [ALLOC_TEMP_BakingJobs.Worker 15]
      Initial Block Size 256.0 KB
      Current Block Size 256.0 KB
      Peak Allocated Bytes 54 B
      Overflow Count 0
    [ALLOC_TEMP_BakingJobs.Worker 0]
      Initial Block Size 256.0 KB
      Current Block Size 256.0 KB
      Peak Allocated Bytes 54 B
      Overflow Count 0
    [ALLOC_TEMP_BakingJobs.Worker 3]
      Initial Block Size 256.0 KB
      Current Block Size 256.0 KB
      Peak Allocated Bytes 54 B
      Overflow Count 0
    [ALLOC_TEMP_BakingJobs.Worker 14]
      Initial Block Size 256.0 KB
      Current Block Size 256.0 KB
      Peak Allocated Bytes 54 B
      Overflow Count 0
    [ALLOC_TEMP_EditorTaskManager]
      Initial Block Size 64.0 KB
      Current Block Size 68.0 KB
      Peak Allocated Bytes 64.0 KB
      Overflow Count 0
    [ALLOC_TEMP_Background Job.Worker 15]
      Initial Block Size 32.0 KB
      Current Block Size 32.0 KB
      Peak Allocated Bytes 54 B
      Overflow Count 0
    [ALLOC_TEMP_Job.Worker 1]
      Initial Block Size 256.0 KB
      Current Block Size 256.0 KB
      Peak Allocated Bytes 1.8 KB
      Overflow Count 1
    [ALLOC_TEMP_BakingJobs.Worker 4]
      Initial Block Size 256.0 KB
      Current Block Size 256.0 KB
      Peak Allocated Bytes 54 B
      Overflow Count 0
    [ALLOC_TEMP_Background Job.Worker 12]
      Initial Block Size 32.0 KB
      Current Block Size 32.0 KB
      Peak Allocated Bytes 54 B
      Overflow Count 0
    [ALLOC_TEMP_HTTP REST Server]
      Initial Block Size 64.0 KB
      Current Block Size 64.0 KB
      Peak Allocated Bytes 152 B
      Overflow Count 0
    [ALLOC_TEMP_BakingJobs.Worker 12]
      Initial Block Size 256.0 KB
      Current Block Size 256.0 KB
      Peak Allocated Bytes 54 B
      Overflow Count 0
    [ALLOC_TEMP_BakingJobs.Worker 13]
      Initial Block Size 256.0 KB
      Current Block Size 256.0 KB
      Peak Allocated Bytes 54 B
      Overflow Count 0
    [ALLOC_TEMP_BakingJobs.Worker 18]
      Initial Block Size 256.0 KB
      Current Block Size 256.0 KB
      Peak Allocated Bytes 54 B
      Overflow Count 0
    [ALLOC_TEMP_AssetGarbageCollectorHelper] x 19
      Initial Block Size 64.0 KB
      Current Block Size 64.0 KB
      Peak Allocated Bytes 0 B
      Overflow Count 0
    [ALLOC_TEMP_Background Job.Worker 0]
      Initial Block Size 32.0 KB
      Current Block Size 32.0 KB
      Peak Allocated Bytes 54 B
      Overflow Count 0
    [ALLOC_TEMP_Background Job.Worker 4]
      Initial Block Size 32.0 KB
      Current Block Size 32.0 KB
      Peak Allocated Bytes 68 B
      Overflow Count 0
    [ALLOC_TEMP_Background Job.Worker 14]
      Initial Block Size 32.0 KB
      Current Block Size 32.0 KB
      Peak Allocated Bytes 54 B
      Overflow Count 0
    [ALLOC_TEMP_Job.Worker 7]
      Initial Block Size 256.0 KB
      Current Block Size 256.0 KB
      Peak Allocated Bytes 1.7 KB
      Overflow Count 1
    [ALLOC_TEMP_CloudJob.Worker 0] x 2
      Initial Block Size 32.0 KB
      Current Block Size 32.0 KB
      Peak Allocated Bytes 4.6 KB
      Overflow Count 0
[ALLOC_MEMORYPROFILER]
  Requested Block Size 1.0 MB
  Peak Block count 2
  Peak Allocated memory 1.5 MB
  Peak Large allocation bytes 0 B
[ALLOC_DEFAULT] Dual Thread Allocator
  Peak main deferred allocation count 1298
    [ALLOC_BUCKET]
      Large Block size 32.0 MB
      Used Block count 1
      Peak Allocated bytes 15.5 MB
    [ALLOC_DEFAULT_MAIN]
      Requested Block Size 16.0 MB
      Peak Block count 9
      Peak Allocated memory 157.0 MB
      Peak Large allocation bytes 27.8 MB
    [ALLOC_DEFAULT_THREAD]
      Requested Block Size 16.0 MB
      Peak Block count 1
      Peak Allocated memory 113.9 MB
      Peak Large allocation bytes 99.6 MB
[ALLOC_TEMP_JOB_1_FRAME]
  Initial Block Size 2.0 MB
  Used Block Count 0
  Overflow Count (too large) 0
  Overflow Count (full) 0
[ALLOC_TEMP_JOB_2_FRAMES]
  Initial Block Size 2.0 MB
  Used Block Count 0
  Overflow Count (too large) 0
  Overflow Count (full) 0
[ALLOC_TEMP_JOB_4_FRAMES (JobTemp)]
  Initial Block Size 2.0 MB
  Used Block Count 1
  Overflow Count (too large) 0
  Overflow Count (full) 0
[ALLOC_TEMP_JOB_ASYNC (Background)]
  Initial Block Size 1.0 MB
  Used Block Count 1
  Overflow Count (too large) 8
  Overflow Count (full) 0
[ALLOC_GFX] Dual Thread Allocator
  Peak main deferred allocation count 62
    [ALLOC_BUCKET]
      Large Block size 32.0 MB
      Used Block count 1
      Peak Allocated bytes 15.5 MB
    [ALLOC_GFX_MAIN]
      Requested Block Size 16.0 MB
      Peak Block count 4
      Peak Allocated memory 0.86 GB
      Peak Large allocation bytes 0.80 GB
    [ALLOC_GFX_THREAD]
      Requested Block Size 16.0 MB
      Peak Block count 1
      Peak Allocated memory 221.5 KB
      Peak Large allocation bytes 0 B
[ALLOC_CACHEOBJECTS] Dual Thread Allocator
  Peak main deferred allocation count 1548
    [ALLOC_BUCKET]
      Large Block size 32.0 MB
      Used Block count 1
      Peak Allocated bytes 15.5 MB
    [ALLOC_CACHEOBJECTS_MAIN]
      Requested Block Size 4.0 MB
      Peak Block count 31
      Peak Allocated memory 99.1 MB
      Peak Large allocation bytes 37.5 MB
    [ALLOC_CACHEOBJECTS_THREAD]
      Requested Block Size 4.0 MB
      Peak Block count 4
      Peak Allocated memory 15.8 MB
      Peak Large allocation bytes 0 B
[ALLOC_TYPETREE] Dual Thread Allocator
  Peak main deferred allocation count 1547
    [ALLOC_BUCKET]
      Large Block size 32.0 MB
      Used Block count 1
      Peak Allocated bytes 15.5 MB
    [ALLOC_TYPETREE_MAIN]
      Requested Block Size 2.0 MB
      Peak Block count 22
      Peak Allocated memory 40.0 MB
      Peak Large allocation bytes 0 B
    [ALLOC_TYPETREE_THREAD]
      Requested Block Size 2.0 MB
      Peak Block count 2
      Peak Allocated memory 3.5 MB
      Peak Large allocation bytes 0 B
[ALLOC_PROFILER]
  Requested Block Size 16.0 MB
  Peak Block count 1
  Peak Allocated memory 0.6 MB
  Peak Large allocation bytes 0 B
    [ALLOC_PROFILER_BUCKET]
      Large Block size 32.0 MB
      Used Block count 1
      Peak Allocated bytes 7.1 KB
[ALLOC_PROFILER_EDITOR]
  Requested Block Size 1.0 MB
  Peak Block count 0
  Peak Allocated memory 0 B
  Peak Large allocation bytes 0 B
    [ALLOC_PROFILER_BUCKET]
      Large Block size 32.0 MB
      Used Block count 1
      Peak Allocated bytes 7.1 KB
##utp:{"type":"MemoryLeaks","version":2,"phase":"Immediate","time":1787561904731,"processId":34708,"allocatedMemory":35460508,"memoryLabels":[{"Default":20431},{"Permanent":15615},{"NewDelete":80800},{"Thread":4229412},{"Manager":35539},{"VertexData":12},{"Geometry":560},{"Texture":176},{"Shader":68854},{"Material":24},{"GfxDevice":57048},{"Animation":296},{"Audio":3928},{"FontEngine":272},{"Physics":513},{"Serialization":948},{"Input":14744},{"JobScheduler":33392},{"Mono":40},{"ScriptingNativeRuntime":191848},{"BaseObject":1627276},{"Resource":1360},{"Renderer":2304},{"Transform":16},{"File":15449},{"WebCam":96},{"Culling":40},{"Terrain":1137},{"Wind":24},{"STL":48},{"String":21954},{"DynamicArray":129852},{"HashMap":4447848},{"Utility":2664898},{"Curl":1424},{"PoolAlloc":1784},{"AI":104},{"TypeTree":5077},{"ScriptManager":640},{"RuntimeInitializeOnLoadManager":80},{"SpriteAtlas":128},{"GI":4072},{"Director":7960},{"CloudService":2552},{"WebRequest":688},{"VR":46081},{"SceneManager":568},{"Video":72},{"LazyScriptCache":40},{"NativeArray":12},{"Camera":25},{"Secure":1},{"SerializationCache":1584},{"APIUpdating":11872},{"Subsystems":392},{"VirtualTexturing":57896},{"StaticSafetyDebugInfo":327680},{"EditorGui":56},{"EditorUtility":40787},{"VersionControl":4},{"Undo":704},{"AssetDatabase":21232885},{"RestService":1414},{"EditorGi":376},{"License":3584},{"UnityConnect":25320},{"Collab":593},{"Upm":2032},{"DrivenProperties":96},{"LocalIPC":296},{"ProfilerEditor":10943},{"CoreBusinessMetrics":3852},{"AssetReference":40},{"IPCStream":40}]}
