[Licensing::Module] Trying to connect to existing licensing client channel...
[Licensing::IpcConnector] Successfully connected to: "LicenseClient-WIN10" at "2026-08-24T14:34:21.9842955Z"
[Licensing::Client] Code 10 while verifying Licensing Client signature (process Id: 6032, path: "D:/unity/Unity Hub/UnityLicensingClient_V1/Unity.Licensing.Client.exe")
[Licensing::Module] LicensingClient has failed validation; ignoring
[Licensing::Client] Error: HandshakeResponse reported an error:
	ResponseCode: 505
	ResponseStatus: Unsupported protocol version '1.16.2'.
[Licensing::Module] Error: Failed to handshake to channel: "LicenseClient-WIN10"
[Licensing::IpcConnector] LicenseClient-WIN10 channel disconnected successfully.
[Licensing::IpcConnector] Successfully connected to: "LicenseClient-WIN10-2022.3.62" at "2026-08-24T14:34:22.0712947Z"
[Licensing::Client] Code 10 while verifying Licensing Client signature (process Id: 16716, path: "C:/Program Files/Unity/Hub/Editor/2022.3.62f3/Editor/Data/Resources/Licensing/Client/Unity.Licensing.Client.exe")
[Licensing::Module] LicensingClient has failed validation; ignoring
[Licensing::Client] Handshaking with LicensingClient:
  Version:                 1.16.2+bdef8f5
  Session Id:              5347516c089a4c5fb03dbe95b43ff308
  Correlation Id:          32fcc81276828896fcc3479650094061
  External correlation Id: 7804695382938153979
  Machine Id:              OfSOB9hlSOHqKDTn/0aysRfJBWw=
[Licensing::Module] Successfully connected to LicensingClient on channel: "LicenseClient-WIN10-2022.3.62" (connect: 0.00s, validation: 0.01s, handshake: 0.01s)
[Licensing::IpcConnector] Successfully connected to: "LicenseClient-WIN10-2022.3.62-notifications" at "2026-08-24T14:34:22.0902946Z"
[Licensing::Module] Error: Access token is unavailable; failed to update
[Licensing::Client] Successfully updated license
Built from '2022.3/china_unity/release' branch; Version is '2022.3.62f3c1 (1623fc0bbb97) revision 1451004'; Using compiler version '192829333'; Build Type 'Release'
OS: 'Windows 10  (10.0.19045) 64bit Professional' Language: 'zh' Physical Memory: 65241 MB
[Licensing::Client] Successfully resolved entitlement details
[Licensing::Module] Serial number assigned to: "F4-FUFT-MQVB-TJ9V-896H-XXXX"
BatchMode: 1, IsHumanControllingUs: 0, StartBugReporterOnCrash: 0, Is64bit: 1, IsPro: 0
[Licensing::Client] Successfully resolved entitlement details

COMMAND LINE ARGUMENTS:
C:\Program Files\Unity\Hub\Editor\2022.3.62f3c1\Editor\Unity.exe
-batchmode
-projectPath
D:\unity\UnityProject\ColorTimeing\New\_ColorTiming_PlayModeVerification_20260824b
-runTests
-testPlatform
PlayMode
-testResults
D:\unity\UnityProject\ColorTimeing\New\_ColorTiming_PlayModeVerification_20260824b\playmode-14-final3.xml
-logFile
D:\unity\UnityProject\ColorTimeing\New\_ColorTiming_PlayModeVerification_20260824b\playmode-14-final3.log
Successfully changed project path to: D:\unity\UnityProject\ColorTimeing\New\_ColorTiming_PlayModeVerification_20260824b
D:/unity/UnityProject/ColorTimeing/New/_ColorTiming_PlayModeVerification_20260824b
[UnityMemory] Configuration Parameters - Can be set up in boot.config
    "memorysetup-bucket-allocator-granularity=16"
    "memorysetup-bucket-allocator-bucket-count=8"
    "memorysetup-bucket-allocator-block-size=33554432"
    "memorysetup-bucket-allocator-block-count=8"
    "memorysetup-main-allocator-block-size=16777216"
    "memorysetup-thread-allocator-block-size=16777216"
    "memorysetup-gfx-main-allocator-block-size=16777216"
    "memorysetup-gfx-thread-allocator-block-size=16777216"
    "memorysetup-cache-allocator-block-size=4194304"
    "memorysetup-typetree-allocator-block-size=2097152"
    "memorysetup-profiler-bucket-allocator-granularity=16"
    "memorysetup-profiler-bucket-allocator-bucket-count=8"
    "memorysetup-profiler-bucket-allocator-block-size=33554432"
    "memorysetup-profiler-bucket-allocator-block-count=8"
    "memorysetup-profiler-allocator-block-size=16777216"
    "memorysetup-profiler-editor-allocator-block-size=1048576"
    "memorysetup-temp-allocator-size-main=16777216"
    "memorysetup-job-temp-allocator-block-size=2097152"
    "memorysetup-job-temp-allocator-block-size-background=1048576"
    "memorysetup-job-temp-allocator-reduction-small-platforms=262144"
    "memorysetup-allocator-temp-initial-block-size-main=262144"
    "memorysetup-allocator-temp-initial-block-size-worker=262144"
    "memorysetup-temp-allocator-size-background-worker=32768"
    "memorysetup-temp-allocator-size-job-worker=262144"
    "memorysetup-temp-allocator-size-preload-manager=33554432"
    "memorysetup-temp-allocator-size-nav-mesh-worker=65536"
    "memorysetup-temp-allocator-size-audio-worker=65536"
    "memorysetup-temp-allocator-size-cloud-worker=32768"
    "memorysetup-temp-allocator-size-gi-baking-worker=262144"
    "memorysetup-temp-allocator-size-gfx=262144"
Player connection [67148]  Target information:

Player connection [67148]  * "[IP] 192.168.3.51 [Port] 55508 [Flags] 2 [Guid] 4191503800 [EditorId] 4191503800 [Version] 1048832 [Id] WindowsEditor(7,DESKTOP-7JQ11GM) [Debug] 1 [PackageName] WindowsEditor [ProjectName] Editor"

Player connection [67148] Host joined multi-casting on [225.0.0.222:54997]...
Player connection [67148] Host joined alternative multi-casting on [225.0.0.222:34997]...
Input System module state changed to: Initialized.
[PhysX] Initialized MultithreadedTaskDispatcher with 20 workers.
[Package Manager] UpmClient::Connect -- Connected to IPC stream "Upm-40908" after 0.2 seconds.
[Package Manager] Restoring resolved packages state from cache
[Licensing::Client] Successfully resolved entitlement details
[Package Manager] Registered 73 packages:
  Packages from [https://npm.cloudsmith.io/jillejr/newtonsoft-json-for-unity]:
    jillejr.newtonsoft.json-for-unity.converters@1.6.3 (location: D:\unity\UnityProject\ColorTimeing\New\_ColorTiming_PlayModeVerification_20260824b\Library\PackageCache\jillejr.newtonsoft.json-for-unity.converters@1.6.3)
  Packages from [https://packages.unity.cn]:
    com.unity.cinemachine@2.10.3 (location: D:\unity\UnityProject\ColorTimeing\New\_ColorTiming_PlayModeVerification_20260824b\Library\PackageCache\com.unity.cinemachine@2.10.3)
    com.unity.collab-proxy@2.12.4 (location: D:\unity\UnityProject\ColorTimeing\New\_ColorTiming_PlayModeVerification_20260824b\Library\PackageCache\com.unity.collab-proxy@2.12.4)
    com.unity.collections@2.5.7 (location: D:\unity\UnityProject\ColorTimeing\New\_ColorTiming_PlayModeVerification_20260824b\Library\PackageCache\com.unity.collections@2.5.7)
    com.unity.ide.rider@3.0.36 (location: D:\unity\UnityProject\ColorTimeing\New\_ColorTiming_PlayModeVerification_20260824b\Library\PackageCache\com.unity.ide.rider@3.0.36)
    com.unity.ide.visualstudio@2.0.22 (location: D:\unity\UnityProject\ColorTimeing\New\_ColorTiming_PlayModeVerification_20260824b\Library\PackageCache\com.unity.ide.visualstudio@2.0.22)
    com.unity.ide.vscode@1.2.5 (location: D:\unity\UnityProject\ColorTimeing\New\_ColorTiming_PlayModeVerification_20260824b\Library\PackageCache\com.unity.ide.vscode@1.2.5)
    com.unity.jobs@0.70.0-preview.7 (location: D:\unity\UnityProject\ColorTimeing\New\_ColorTiming_PlayModeVerification_20260824b\Library\PackageCache\com.unity.jobs@0.70.0-preview.7)
    com.unity.nuget.newtonsoft-json@3.2.1 (location: D:\unity\UnityProject\ColorTimeing\New\_ColorTiming_PlayModeVerification_20260824b\Library\PackageCache\com.unity.nuget.newtonsoft-json@3.2.1)
    com.unity.probuilder@5.2.4 (location: D:\unity\UnityProject\ColorTimeing\New\_ColorTiming_PlayModeVerification_20260824b\Library\PackageCache\com.unity.probuilder@5.2.4)
    com.unity.searcher@4.9.2 (location: D:\unity\UnityProject\ColorTimeing\New\_ColorTiming_PlayModeVerification_20260824b\Library\PackageCache\com.unity.searcher@4.9.2)
    com.unity.textmeshpro@3.0.8 (location: D:\unity\UnityProject\ColorTimeing\New\_ColorTiming_PlayModeVerification_20260824b\Library\PackageCache\com.unity.textmeshpro@3.0.8)
    com.unity.timeline@1.7.7 (location: D:\unity\UnityProject\ColorTimeing\New\_ColorTiming_PlayModeVerification_20260824b\Library\PackageCache\com.unity.timeline@1.7.7)
    com.unity.visualscripting@1.9.4 (location: D:\unity\UnityProject\ColorTimeing\New\_ColorTiming_PlayModeVerification_20260824b\Library\PackageCache\com.unity.visualscripting@1.9.4)
    com.unity.burst@1.8.21 (location: D:\unity\UnityProject\ColorTimeing\New\_ColorTiming_PlayModeVerification_20260824b\Library\PackageCache\com.unity.burst@1.8.21)
    com.unity.settings-manager@2.1.0 (location: D:\unity\UnityProject\ColorTimeing\New\_ColorTiming_PlayModeVerification_20260824b\Library\PackageCache\com.unity.settings-manager@2.1.0)
    com.unity.2d.animation@9.2.0 (location: D:\unity\UnityProject\ColorTimeing\New\_ColorTiming_PlayModeVerification_20260824b\Library\PackageCache\com.unity.2d.animation@9.2.0)
    com.unity.2d.pixel-perfect@5.1.0 (location: D:\unity\UnityProject\ColorTimeing\New\_ColorTiming_PlayModeVerification_20260824b\Library\PackageCache\com.unity.2d.pixel-perfect@5.1.0)
    com.unity.2d.psdimporter@8.1.0 (location: D:\unity\UnityProject\ColorTimeing\New\_ColorTiming_PlayModeVerification_20260824b\Library\PackageCache\com.unity.2d.psdimporter@8.1.0)
    com.unity.2d.spriteshape@9.1.0 (location: D:\unity\UnityProject\ColorTimeing\New\_ColorTiming_PlayModeVerification_20260824b\Library\PackageCache\com.unity.2d.spriteshape@9.1.0)
    com.unity.2d.tilemap.extras@3.1.3 (location: D:\unity\UnityProject\ColorTimeing\New\_ColorTiming_PlayModeVerification_20260824b\Library\PackageCache\com.unity.2d.tilemap.extras@3.1.3)
    com.unity.2d.aseprite@1.1.9 (location: D:\unity\UnityProject\ColorTimeing\New\_ColorTiming_PlayModeVerification_20260824b\Library\PackageCache\com.unity.2d.aseprite@1.1.9)
    com.unity.mathematics@1.3.2 (location: D:\unity\UnityProject\ColorTimeing\New\_ColorTiming_PlayModeVerification_20260824b\Library\PackageCache\com.unity.mathematics@1.3.2)
    com.unity.test-framework@1.4.6 (location: D:\unity\UnityProject\ColorTimeing\New\_ColorTiming_PlayModeVerification_20260824b\Library\PackageCache\com.unity.test-framework@1.4.6)
    com.unity.nuget.mono-cecil@1.11.5 (location: D:\unity\UnityProject\ColorTimeing\New\_ColorTiming_PlayModeVerification_20260824b\Library\PackageCache\com.unity.nuget.mono-cecil@1.11.5)
    com.unity.test-framework.performance@3.0.3 (location: D:\unity\UnityProject\ColorTimeing\New\_ColorTiming_PlayModeVerification_20260824b\Library\PackageCache\com.unity.test-framework.performance@3.0.3)
    com.unity.2d.common@8.1.0 (location: D:\unity\UnityProject\ColorTimeing\New\_ColorTiming_PlayModeVerification_20260824b\Library\PackageCache\com.unity.2d.common@8.1.0)
    com.unity.ext.nunit@2.0.3 (location: D:\unity\UnityProject\ColorTimeing\New\_ColorTiming_PlayModeVerification_20260824b\Library\PackageCache\com.unity.ext.nunit@2.0.3)
  Built-in packages:
    com.unity.feature.2d@2.0.1 (location: D:\unity\UnityProject\ColorTimeing\New\_ColorTiming_PlayModeVerification_20260824b\Library\PackageCache\com.unity.feature.2d@2.0.1)
    com.unity.render-pipelines.universal@14.0.12 (location: D:\unity\UnityProject\ColorTimeing\New\_ColorTiming_PlayModeVerification_20260824b\Library\PackageCache\com.unity.render-pipelines.universal@14.0.12)
    com.unity.ugui@1.0.0 (location: D:\unity\UnityProject\ColorTimeing\New\_ColorTiming_PlayModeVerification_20260824b\Library\PackageCache\com.unity.ugui@1.0.0)
    com.unity.modules.ai@1.0.0 (location: D:\unity\UnityProject\ColorTimeing\New\_ColorTiming_PlayModeVerification_20260824b\Library\PackageCache\com.unity.modules.ai@1.0.0)
    com.unity.modules.androidjni@1.0.0 (location: D:\unity\UnityProject\ColorTimeing\New\_ColorTiming_PlayModeVerification_20260824b\Library\PackageCache\com.unity.modules.androidjni@1.0.0)
    com.unity.modules.animation@1.0.0 (location: D:\unity\UnityProject\ColorTimeing\New\_ColorTiming_PlayModeVerification_20260824b\Library\PackageCache\com.unity.modules.animation@1.0.0)
    com.unity.modules.assetbundle@1.0.0 (location: D:\unity\UnityProject\ColorTimeing\New\_ColorTiming_PlayModeVerification_20260824b\Library\PackageCache\com.unity.modules.assetbundle@1.0.0)
    com.unity.modules.audio@1.0.0 (location: D:\unity\UnityProject\ColorTimeing\New\_ColorTiming_PlayModeVerification_20260824b\Library\PackageCache\com.unity.modules.audio@1.0.0)
    com.unity.modules.cloth@1.0.0 (location: D:\unity\UnityProject\ColorTimeing\New\_ColorTiming_PlayModeVerification_20260824b\Library\PackageCache\com.unity.modules.cloth@1.0.0)
    com.unity.modules.director@1.0.0 (location: D:\unity\UnityProject\ColorTimeing\New\_ColorTiming_PlayModeVerification_20260824b\Library\PackageCache\com.unity.modules.director@1.0.0)
    com.unity.modules.imageconversion@1.0.0 (location: D:\unity\UnityProject\ColorTimeing\New\_ColorTiming_PlayModeVerification_20260824b\Library\PackageCache\com.unity.modules.imageconversion@1.0.0)
    com.unity.modules.imgui@1.0.0 (location: D:\unity\UnityProject\ColorTimeing\New\_ColorTiming_PlayModeVerification_20260824b\Library\PackageCache\com.unity.modules.imgui@1.0.0)
    com.unity.modules.jsonserialize@1.0.0 (location: D:\unity\UnityProject\ColorTimeing\New\_ColorTiming_PlayModeVerification_20260824b\Library\PackageCache\com.unity.modules.jsonserialize@1.0.0)
    com.unity.modules.particlesystem@1.0.0 (location: D:\unity\UnityProject\ColorTimeing\New\_ColorTiming_PlayModeVerification_20260824b\Library\PackageCache\com.unity.modules.particlesystem@1.0.0)
    com.unity.modules.physics@1.0.0 (location: D:\unity\UnityProject\ColorTimeing\New\_ColorTiming_PlayModeVerification_20260824b\Library\PackageCache\com.unity.modules.physics@1.0.0)
    com.unity.modules.physics2d@1.0.0 (location: D:\unity\UnityProject\ColorTimeing\New\_ColorTiming_PlayModeVerification_20260824b\Library\PackageCache\com.unity.modules.physics2d@1.0.0)
    com.unity.modules.screencapture@1.0.0 (location: D:\unity\UnityProject\ColorTimeing\New\_ColorTiming_PlayModeVerification_20260824b\Library\PackageCache\com.unity.modules.screencapture@1.0.0)
    com.unity.modules.terrain@1.0.0 (location: D:\unity\UnityProject\ColorTimeing\New\_ColorTiming_PlayModeVerification_20260824b\Library\PackageCache\com.unity.modules.terrain@1.0.0)
    com.unity.modules.terrainphysics@1.0.0 (location: D:\unity\UnityProject\ColorTimeing\New\_ColorTiming_PlayModeVerification_20260824b\Library\PackageCache\com.unity.modules.terrainphysics@1.0.0)
    com.unity.modules.tilemap@1.0.0 (location: D:\unity\UnityProject\ColorTimeing\New\_ColorTiming_PlayModeVerification_20260824b\Library\PackageCache\com.unity.modules.tilemap@1.0.0)
    com.unity.modules.ui@1.0.0 (location: D:\unity\UnityProject\ColorTimeing\New\_ColorTiming_PlayModeVerification_20260824b\Library\PackageCache\com.unity.modules.ui@1.0.0)
    com.unity.modules.uielements@1.0.0 (location: D:\unity\UnityProject\ColorTimeing\New\_ColorTiming_PlayModeVerification_20260824b\Library\PackageCache\com.unity.modules.uielements@1.0.0)
    com.unity.modules.umbra@1.0.0 (location: D:\unity\UnityProject\ColorTimeing\New\_ColorTiming_PlayModeVerification_20260824b\Library\PackageCache\com.unity.modules.umbra@1.0.0)
    com.unity.modules.unityanalytics@1.0.0 (location: D:\unity\UnityProject\ColorTimeing\New\_ColorTiming_PlayModeVerification_20260824b\Library\PackageCache\com.unity.modules.unityanalytics@1.0.0)
    com.unity.modules.unitywebrequest@1.0.0 (location: D:\unity\UnityProject\ColorTimeing\New\_ColorTiming_PlayModeVerification_20260824b\Library\PackageCache\com.unity.modules.unitywebrequest@1.0.0)
    com.unity.modules.unitywebrequestassetbundle@1.0.0 (location: D:\unity\UnityProject\ColorTimeing\New\_ColorTiming_PlayModeVerification_20260824b\Library\PackageCache\com.unity.modules.unitywebrequestassetbundle@1.0.0)
    com.unity.modules.unitywebrequestaudio@1.0.0 (location: D:\unity\UnityProject\ColorTimeing\New\_ColorTiming_PlayModeVerification_20260824b\Library\PackageCache\com.unity.modules.unitywebrequestaudio@1.0.0)
    com.unity.modules.unitywebrequesttexture@1.0.0 (location: D:\unity\UnityProject\ColorTimeing\New\_ColorTiming_PlayModeVerification_20260824b\Library\PackageCache\com.unity.modules.unitywebrequesttexture@1.0.0)
    com.unity.modules.unitywebrequestwww@1.0.0 (location: D:\unity\UnityProject\ColorTimeing\New\_ColorTiming_PlayModeVerification_20260824b\Library\PackageCache\com.unity.modules.unitywebrequestwww@1.0.0)
    com.unity.modules.vehicles@1.0.0 (location: D:\unity\UnityProject\ColorTimeing\New\_ColorTiming_PlayModeVerification_20260824b\Library\PackageCache\com.unity.modules.vehicles@1.0.0)
    com.unity.modules.video@1.0.0 (location: D:\unity\UnityProject\ColorTimeing\New\_ColorTiming_PlayModeVerification_20260824b\Library\PackageCache\com.unity.modules.video@1.0.0)
    com.unity.modules.vr@1.0.0 (location: D:\unity\UnityProject\ColorTimeing\New\_ColorTiming_PlayModeVerification_20260824b\Library\PackageCache\com.unity.modules.vr@1.0.0)
    com.unity.modules.wind@1.0.0 (location: D:\unity\UnityProject\ColorTimeing\New\_ColorTiming_PlayModeVerification_20260824b\Library\PackageCache\com.unity.modules.wind@1.0.0)
    com.unity.modules.xr@1.0.0 (location: D:\unity\UnityProject\ColorTimeing\New\_ColorTiming_PlayModeVerification_20260824b\Library\PackageCache\com.unity.modules.xr@1.0.0)
    com.unity.modules.subsystems@1.0.0 (location: D:\unity\UnityProject\ColorTimeing\New\_ColorTiming_PlayModeVerification_20260824b\Library\PackageCache\com.unity.modules.subsystems@1.0.0)
    com.unity.render-pipelines.core@14.0.12 (location: D:\unity\UnityProject\ColorTimeing\New\_ColorTiming_PlayModeVerification_20260824b\Library\PackageCache\com.unity.render-pipelines.core@14.0.12)
    com.unity.shadergraph@14.0.12 (location: D:\unity\UnityProject\ColorTimeing\New\_ColorTiming_PlayModeVerification_20260824b\Library\PackageCache\com.unity.shadergraph@14.0.12)
    com.unity.render-pipelines.universal-config@14.0.10 (location: D:\unity\UnityProject\ColorTimeing\New\_ColorTiming_PlayModeVerification_20260824b\Library\PackageCache\com.unity.render-pipelines.universal-config@14.0.10)
    com.unity.2d.sprite@1.0.0 (location: D:\unity\UnityProject\ColorTimeing\New\_ColorTiming_PlayModeVerification_20260824b\Library\PackageCache\com.unity.2d.sprite@1.0.0)
    com.unity.2d.tilemap@1.0.0 (location: D:\unity\UnityProject\ColorTimeing\New\_ColorTiming_PlayModeVerification_20260824b\Library\PackageCache\com.unity.2d.tilemap@1.0.0)
  Local packages:
    com.handzlikchris.fastscriptreload@file:D:\unity\UnityProject\ColorTimeing\New\_ColorTiming_PlayModeVerification_20260824b\LocalPackages\FastScriptReload\Assets (location: D:\unity\UnityProject\ColorTimeing\New\_ColorTiming_PlayModeVerification_20260824b\LocalPackages\FastScriptReload\Assets)
  Git packages:
    com.besty.unity-skills@https://github.com/Besty0728/Unity-Skills.git?path=/SkillsForUnity#v2.1.0 (location: D:\unity\UnityProject\ColorTimeing\New\_ColorTiming_PlayModeVerification_20260824b\Library\PackageCache\com.besty.unity-skills@f6f09e6bb0)
    com.code-philosophy.hybridclr@https://gitee.com/focus-creative-games/hybridclr_unity.git (location: D:\unity\UnityProject\ColorTimeing\New\_ColorTiming_PlayModeVerification_20260824b\Library\PackageCache\com.code-philosophy.hybridclr@e4def761d6)
    com.code-philosophy.obfuz@https://gitee.com/focus-creative-games/obfuz.git (location: D:\unity\UnityProject\ColorTimeing\New\_ColorTiming_PlayModeVerification_20260824b\Library\PackageCache\com.code-philosophy.obfuz@977779c8b7)
    com.code-philosophy.obfuz4hybridclr@https://gitee.com/focus-creative-games/obfuz4hybridclr.git (location: D:\unity\UnityProject\ColorTimeing\New\_ColorTiming_PlayModeVerification_20260824b\Library\PackageCache\com.code-philosophy.obfuz4hybridclr@40c8b6c1a8)
[Subsystems] No new subsystems found in resolved package list.
Package Manager log level set to [2]
[Package Manager] Done registering packages in 0.11 seconds
Refreshing native plugins compatible for Editor in 15.84 ms, found 5 plugins.
Preloading 0 native plugins for Editor in 0.00 ms.
Initialize engine version: 2022.3.62f3c1 (1623fc0bbb97)
[Subsystems] Discovering subsystems at path C:/Program Files/Unity/Hub/Editor/2022.3.62f3c1/Editor/Data/Resources/UnitySubsystems
[Subsystems] Discovering subsystems at path D:/unity/UnityProject/ColorTimeing/New/_ColorTiming_PlayModeVerification_20260824b/Assets
GfxDevice: creating device client; threaded=0; jobified=0
Direct3D:
    Version:  Direct3D 11.0 [level 11.1]
    Renderer: NVIDIA GeForce GTX 1650 (ID=0x2188)
    Vendor:   NVIDIA
    VRAM:     3935 MB
    Driver:   32.0.15.7688
[Licensing::Client] Successfully resolved entitlement details
Initialize mono
Mono path[0] = 'C:/Program Files/Unity/Hub/Editor/2022.3.62f3c1/Editor/Data/Managed'
Mono path[1] = 'C:/Program Files/Unity/Hub/Editor/2022.3.62f3c1/Editor/Data/MonoBleedingEdge/lib/mono/unityjit-win32'
Mono config path = 'C:/Program Files/Unity/Hub/Editor/2022.3.62f3c1/Editor/Data/MonoBleedingEdge/etc'
Using monoOptions --debugger-agent=transport=dt_socket,embedding=1,server=y,suspend=n,address=127.0.0.1:56908
Using cacheserver namespaces - metadata:defaultmetadata, artifacts:defaultartifacts
Using cacheserver namespaces - metadata:defaultmetadata, artifacts:defaultartifacts
ImportWorker Server TCP listen port: 0
Begin MonoManager ReloadAssembly
Registering precompiled unity dll's ...
Register platform support module: C:/Program Files/Unity/Hub/Editor/2022.3.62f3c1/Editor/Data/PlaybackEngines/WindowsStandaloneSupport/UnityEditor.WindowsStandalone.Extensions.dll
Registered in 0.004095 seconds.
- Loaded All Assemblies, in  0.189 seconds
Native extension for WindowsStandalone target not found
Mono: successfully reloaded assembly
- Finished resetting the current domain, in  0.149 seconds
Domain Reload Profiling: 337ms
	BeginReloadAssembly (61ms)
		ExecutionOrderSort (0ms)
		DisableScriptedObjects (0ms)
		BackupInstance (0ms)
		ReleaseScriptingObjects (0ms)
		CreateAndSetChildDomain (1ms)
	RebuildCommonClasses (18ms)
	RebuildNativeTypeToScriptingClass (5ms)
	initialDomainReloadingComplete (31ms)
	LoadAllAssembliesAndSetupDomain (72ms)
		LoadAssemblies (60ms)
		RebuildTransferFunctionScriptingTraits (0ms)
		AnalyzeDomain (71ms)
			TypeCache.Refresh (70ms)
				TypeCache.ScanAssembly (62ms)
			ScanForSourceGeneratedMonoScriptInfo (0ms)
			ResolveRequiredComponents (0ms)
	FinalizeReload (149ms)
		ReleaseScriptCaches (0ms)
		RebuildScriptCaches (0ms)
		SetupLoadedEditorAssemblies (123ms)
			LogAssemblyErrors (0ms)
			InitializePlatformSupportModulesInManaged (6ms)
			SetLoadedEditorAssemblies (5ms)
			RefreshPlugins (0ms)
			BeforeProcessingInitializeOnLoad (1ms)
			ProcessInitializeOnLoadAttributes (79ms)
			ProcessInitializeOnLoadMethodAttributes (31ms)
			AfterProcessingInitializeOnLoad (0ms)
			EditorAssembliesLoaded (0ms)
		ExecutionOrderSort2 (0ms)
		AwakeInstancesAfterBackupRestoration (0ms)
[Licensing::Client] Successfully resolved entitlement details
Application.AssetDatabase Initial Refresh Start
Duplicate assembly 'Mono.Cecil.Pdb.dll' with different versions detected, using 'Packages/com.handzlikchris.fastscriptreload/Plugins/Harmony/net48/Mono.Cecil.Pdb.dll, AssemblyName=Mono.Cecil.Pdb, Version=0.11.6.0, Culture=neutral, PublicKeyToken=50cebf1cceb9d05e' and ignoring 'Packages/com.unity.nuget.mono-cecil/Mono.Cecil.Pdb.dll, AssemblyName=Mono.Cecil.Pdb, Version=0.11.5.0, Culture=neutral, PublicKeyToken=50cebf1cceb9d05e'.Duplicate assembly 'System.Collections.Immutable.dll' with different versions detected, using 'Assets/Plugins/Protobuf/System.Collections.Immutable.dll, AssemblyName=System.Collections.Immutable, Version=7.0.0.0, Culture=neutral, PublicKeyToken=b03f5f7f11d50a3a' and ignoring 'Packages/com.handzlikchris.fastscriptreload/Plugins/Roslyn/2021+/System.Collections.Immutable.dll, AssemblyName=System.Collections.Immutable, Version=1.2.3.0, Culture=neutral, PublicKeyToken=b03f5f7f11d50a3a'.Duplicate assembly 'Mono.Cecil.Rocks.dll' with different versions detected, using 'Packages/com.handzlikchris.fastscriptreload/Plugins/Harmony/net48/Mono.Cecil.Rocks.dll, AssemblyName=Mono.Cecil.Rocks, Version=0.11.6.0, Culture=neutral, PublicKeyToken=50cebf1cceb9d05e' and ignoring 'Packages/com.unity.nuget.mono-cecil/Mono.Cecil.Rocks.dll, AssemblyName=Mono.Cecil.Rocks, Version=0.11.5.0, Culture=neutral, PublicKeyToken=50cebf1cceb9d05e'.Duplicate assembly 'Mono.Cecil.Mdb.dll' with different versions detected, using 'Packages/com.handzlikchris.fastscriptreload/Plugins/Harmony/net48/Mono.Cecil.Mdb.dll, AssemblyName=Mono.Cecil.Mdb, Version=0.11.6.0, Culture=neutral, PublicKeyToken=50cebf1cceb9d05e' and ignoring 'Packages/com.unity.nuget.mono-cecil/Mono.Cecil.Mdb.dll, AssemblyName=Mono.Cecil.Mdb, Version=0.11.5.0, Culture=neutral, PublicKeyToken=50cebf1cceb9d05e'.Duplicate assembly 'Mono.Cecil.dll' with different versions detected, using 'Packages/com.handzlikchris.fastscriptreload/Plugins/Harmony/net48/Mono.Cecil.dll, AssemblyName=Mono.Cecil, Version=0.11.6.0, Culture=neutral, PublicKeyToken=50cebf1cceb9d05e' and ignoring 'Packages/com.unity.nuget.mono-cecil/Mono.Cecil.dll, AssemblyName=Mono.Cecil, Version=0.11.5.0, Culture=neutral, PublicKeyToken=50cebf1cceb9d05e'.Starting: C:\Program Files\Unity\Hub\Editor\2022.3.62f3c1\Editor\Data\bee_backend.exe --ipc --defer-dag-verification --dagfile="Library/Bee/1900b0aEDbg.dag" --continue-on-failure --profile="Library/Bee/backend1.traceevents" ScriptAssemblies
WorkingDir: D:/unity/UnityProject/ColorTimeing/New/_ColorTiming_PlayModeVerification_20260824b
DisplayProgressbar: Compiling Scripts
ExitCode: 0 Duration: 0s239ms
[ 936/1243  0s] ILPP-Configuration Library/ilpp-configuration.nevergeneratedoutput
*** Tundra build success (0.20 seconds), 1 items updated, 1243 evaluated
AssetDatabase: script compilation time: 0.668131s
Begin MonoManager ReloadAssembly
Duplicate assembly 'Mono.Cecil.Pdb.dll' with different versions detected, using 'Packages/com.handzlikchris.fastscriptreload/Plugins/Harmony/net48/Mono.Cecil.Pdb.dll, AssemblyName=Mono.Cecil.Pdb, Version=0.11.6.0, Culture=neutral, PublicKeyToken=50cebf1cceb9d05e' and ignoring 'Packages/com.unity.nuget.mono-cecil/Mono.Cecil.Pdb.dll, AssemblyName=Mono.Cecil.Pdb, Version=0.11.5.0, Culture=neutral, PublicKeyToken=50cebf1cceb9d05e'.Duplicate assembly 'System.Collections.Immutable.dll' with different versions detected, using 'Assets/Plugins/Protobuf/System.Collections.Immutable.dll, AssemblyName=System.Collections.Immutable, Version=7.0.0.0, Culture=neutral, PublicKeyToken=b03f5f7f11d50a3a' and ignoring 'Packages/com.handzlikchris.fastscriptreload/Plugins/Roslyn/2021+/System.Collections.Immutable.dll, AssemblyName=System.Collections.Immutable, Version=1.2.3.0, Culture=neutral, PublicKeyToken=b03f5f7f11d50a3a'.Duplicate assembly 'Mono.Cecil.Rocks.dll' with different versions detected, using 'Packages/com.handzlikchris.fastscriptreload/Plugins/Harmony/net48/Mono.Cecil.Rocks.dll, AssemblyName=Mono.Cecil.Rocks, Version=0.11.6.0, Culture=neutral, PublicKeyToken=50cebf1cceb9d05e' and ignoring 'Packages/com.unity.nuget.mono-cecil/Mono.Cecil.Rocks.dll, AssemblyName=Mono.Cecil.Rocks, Version=0.11.5.0, Culture=neutral, PublicKeyToken=50cebf1cceb9d05e'.Duplicate assembly 'Mono.Cecil.Mdb.dll' with different versions detected, using 'Packages/com.handzlikchris.fastscriptreload/Plugins/Harmony/net48/Mono.Cecil.Mdb.dll, AssemblyName=Mono.Cecil.Mdb, Version=0.11.6.0, Culture=neutral, PublicKeyToken=50cebf1cceb9d05e' and ignoring 'Packages/com.unity.nuget.mono-cecil/Mono.Cecil.Mdb.dll, AssemblyName=Mono.Cecil.Mdb, Version=0.11.5.0, Culture=neutral, PublicKeyToken=50cebf1cceb9d05e'.Duplicate assembly 'Mono.Cecil.dll' with different versions detected, using 'Packages/com.handzlikchris.fastscriptreload/Plugins/Harmony/net48/Mono.Cecil.dll, AssemblyName=Mono.Cecil, Version=0.11.6.0, Culture=neutral, PublicKeyToken=50cebf1cceb9d05e' and ignoring 'Packages/com.unity.nuget.mono-cecil/Mono.Cecil.dll, AssemblyName=Mono.Cecil, Version=0.11.5.0, Culture=neutral, PublicKeyToken=50cebf1cceb9d05e'.- Loaded All Assemblies, in  0.716 seconds
Refreshing native plugins compatible for Editor in 4.76 ms, found 5 plugins.
Preloading 0 native plugins for Editor in 0.00 ms.
Refreshing native plugins compatible for Editor in 5.19 ms, found 5 plugins.
Native extension for WindowsStandalone target not found
Duplicate assembly 'Mono.Cecil.Pdb.dll' with different versions detected, using 'Packages/com.handzlikchris.fastscriptreload/Plugins/Harmony/net48/Mono.Cecil.Pdb.dll, AssemblyName=Mono.Cecil.Pdb, Version=0.11.6.0, Culture=neutral, PublicKeyToken=50cebf1cceb9d05e' and ignoring 'Packages/com.unity.nuget.mono-cecil/Mono.Cecil.Pdb.dll, AssemblyName=Mono.Cecil.Pdb, Version=0.11.5.0, Culture=neutral, PublicKeyToken=50cebf1cceb9d05e'.Duplicate assembly 'System.Collections.Immutable.dll' with different versions detected, using 'Assets/Plugins/Protobuf/System.Collections.Immutable.dll, AssemblyName=System.Collections.Immutable, Version=7.0.0.0, Culture=neutral, PublicKeyToken=b03f5f7f11d50a3a' and ignoring 'Packages/com.handzlikchris.fastscriptreload/Plugins/Roslyn/2021+/System.Collections.Immutable.dll, AssemblyName=System.Collections.Immutable, Version=1.2.3.0, Culture=neutral, PublicKeyToken=b03f5f7f11d50a3a'.Duplicate assembly 'Mono.Cecil.Rocks.dll' with different versions detected, using 'Packages/com.handzlikchris.fastscriptreload/Plugins/Harmony/net48/Mono.Cecil.Rocks.dll, AssemblyName=Mono.Cecil.Rocks, Version=0.11.6.0, Culture=neutral, PublicKeyToken=50cebf1cceb9d05e' and ignoring 'Packages/com.unity.nuget.mono-cecil/Mono.Cecil.Rocks.dll, AssemblyName=Mono.Cecil.Rocks, Version=0.11.5.0, Culture=neutral, PublicKeyToken=50cebf1cceb9d05e'.Duplicate assembly 'Mono.Cecil.Mdb.dll' with different versions detected, using 'Packages/com.handzlikchris.fastscriptreload/Plugins/Harmony/net48/Mono.Cecil.Mdb.dll, AssemblyName=Mono.Cecil.Mdb, Version=0.11.6.0, Culture=neutral, PublicKeyToken=50cebf1cceb9d05e' and ignoring 'Packages/com.unity.nuget.mono-cecil/Mono.Cecil.Mdb.dll, AssemblyName=Mono.Cecil.Mdb, Version=0.11.5.0, Culture=neutral, PublicKeyToken=50cebf1cceb9d05e'.Duplicate assembly 'Mono.Cecil.dll' with different versions detected, using 'Packages/com.handzlikchris.fastscriptreload/Plugins/Harmony/net48/Mono.Cecil.dll, AssemblyName=Mono.Cecil, Version=0.11.6.0, Culture=neutral, PublicKeyToken=50cebf1cceb9d05e' and ignoring 'Packages/com.unity.nuget.mono-cecil/Mono.Cecil.dll, AssemblyName=Mono.Cecil, Version=0.11.5.0, Culture=neutral, PublicKeyToken=50cebf1cceb9d05e'.Skip optional Config Excel watcher because directory does not exist: D:/unity/UnityProject/ColorTimeing/New/_ColorTiming_PlayModeVerification_20260824b/GameData/Configs
UnityEngine.StackTraceUtility:ExtractStackTrace ()
UnityEngine.DebugLogHandler:LogFormat (UnityEngine.LogType,UnityEngine.Object,string,object[])
UnityEngine.Logger:Log (UnityEngine.LogType,object)
UnityEngine.Debug:Log (object)
UGF.EditorTools.DataTableUpdater:CreateExcelWatcher (string,System.IO.NotifyFilters,System.IO.FileSystemEventHandler,string) (at Assets/Game/ScriptsBuiltin/Editor/DataTableUpdater.cs:64)
UGF.EditorTools.DataTableUpdater:Init () (at Assets/Game/ScriptsBuiltin/Editor/DataTableUpdater.cs:36)
System.Reflection.RuntimeMethodInfo:Invoke (object,System.Reflection.BindingFlags,System.Reflection.Binder,object[],System.Globalization.CultureInfo)
System.Reflection.MethodBase:Invoke (object,object[])
UnityEditor.EditorAssemblies:ProcessInitializeOnLoadMethodAttributes ()

(Filename: Assets/Game/ScriptsBuiltin/Editor/DataTableUpdater.cs Line: 64)

Mono: successfully reloaded assembly
- Finished resetting the current domain, in  3.988 seconds
Domain Reload Profiling: 4703ms
	BeginReloadAssembly (88ms)
		ExecutionOrderSort (0ms)
		DisableScriptedObjects (3ms)
		BackupInstance (0ms)
		ReleaseScriptingObjects (0ms)
		CreateAndSetChildDomain (17ms)
	RebuildCommonClasses (18ms)
	RebuildNativeTypeToScriptingClass (5ms)
	initialDomainReloadingComplete (38ms)
	LoadAllAssembliesAndSetupDomain (566ms)
		LoadAssemblies (338ms)
		RebuildTransferFunctionScriptingTraits (0ms)
		AnalyzeDomain (276ms)
			TypeCache.Refresh (239ms)
				TypeCache.ScanAssembly (223ms)
			ScanForSourceGeneratedMonoScriptInfo (26ms)
			ResolveRequiredComponents (8ms)
	FinalizeReload (3989ms)
		ReleaseScriptCaches (0ms)
		RebuildScriptCaches (0ms)
		SetupLoadedEditorAssemblies (3846ms)
			LogAssemblyErrors (0ms)
			InitializePlatformSupportModulesInManaged (3ms)
			SetLoadedEditorAssemblies (5ms)
			RefreshPlugins (0ms)
			BeforeProcessingInitializeOnLoad (105ms)
			ProcessInitializeOnLoadAttributes (3289ms)
			ProcessInitializeOnLoadMethodAttributes (439ms)
			AfterProcessingInitializeOnLoad (4ms)
			EditorAssembliesLoaded (0ms)
		ExecutionOrderSort2 (0ms)
		AwakeInstancesAfterBackupRestoration (8ms)
Asset Pipeline Refresh (id=4224da9897c40684ba36157e33a8702b): Total: 6.716 seconds - Initiated by InitialRefreshV2(ForceSynchronousImport)
	Summary:
		Imports: total=0 (actual=0, local cache=0, cache server=0)
		Asset DB Process Time: managed=0 ms, native=1143 ms
		Asset DB Callback time: managed=14 ms, native=0 ms
		Scripting: domain reloads=1, domain reload time=4810 ms, compile time=669 ms, other=78 ms
		Project Asset Count: scripts=10449, non-scripts=6322
		Asset File Changes: new=0, changed=0, moved=0, deleted=0
		Scan Filter Count: 0
	InvokeBeforeRefreshCallbacks: 0.289ms
	ApplyChangesToAssetFolders: 0.050ms
	Scan: 154.024ms
	OnSourceAssetsModified: 0.002ms
	GetAllGuidsForCategorization: 1.324ms
	CategorizeAssets: 184.335ms
	ImportOutOfDateAssets: 4046.520ms (3340.840ms without children)
		CompileScripts: 669.442ms
		ReloadNativeAssets: 0.018ms
		UnloadImportedAssets: 31.384ms
		EnsureUptoDateAssetsAreRegisteredWithGuidPM: 2.906ms
		InitializingProgressBar: 0.001ms
		PostProcessAllAssetNotificationsAddChangedAssets: 0.000ms
		OnDemandSchedulerStart: 1.928ms
	PostProcessAllAssets: 14.408ms
	GatherAllCurrentPrimaryArtifactRevisions: 0.000ms
	UnloadStreamsBegin: 1.233ms
	PersistCurrentRevisions: 0.456ms
	UnloadStreamsEnd: 0.059ms
	GenerateScriptTypeHashes: 2.144ms
	Untracked: 2313.726ms
Application.AssetDatabase Initial Refresh End
Launched and connected shader compiler UnityShaderCompiler.exe after 0.04 seconds
Scanning for USB devices : 4.820ms
Initializing Unity extensions:
[MODES] ModeService[none].Initialize
[MODES] ModeService[none].LoadModes
[MODES] Loading mode Default (0) for mode-current-id-GameDesinger
[PhysX] Initialized MultithreadedTaskDispatcher with 20 workers.
ProgressiveSceneManager::Cancel()
Unloading 23 Unused Serialized files (Serialized files now loaded: 0)
Unloading 333 unused Assets / (2.3 MB). Loaded Objects now: 9264.
Memory consumption went from 228.6 MB to 226.3 MB.
Total: 5.106500 ms (FindLiveObjects: 0.438900 ms CreateObjectMapping: 0.301800 ms MarkObjects: 3.468000 ms  DeleteObjects: 0.897100 ms)

[Project] Loading completed in 9.806 seconds
	Project init time: 				8.421 seconds
		Template init time: 		0.000 seconds
		Package Manager init time: 		0.240 seconds
		Asset Database init time: 		0.174 seconds
		Global illumination init time: 	0.005 seconds
		Assemblies load time: 			0.348 seconds
		Unity extensions init time: 	0.007 seconds
		Asset Database refresh time: 	0.000 seconds
	Scene opening time: 			0.614 seconds
##utp:{"type":"ProjectInfo","version":2,"phase":"Immediate","time":1787582071779,"processId":40908,"projectLoad":9.8058193,"projectInit":8.4212756,"templateInit":0.0,"packageManagerInit":0.2401213,"assetDatabaseInit":0.1740862,"globalIlluminationInit":0.0049381,"assembliesLoad":0.3476318,"unityExtensionsInit":0.0065388,"assetDatabaseRefresh":0.0,"sceneOpening":0.6138172}
##utp:{"type":"EditorInfo","version":2,"phase":"Immediate","time":1787582071779,"processId":40908,"editorVersion":"2022.3.62f3c1 (1623fc0bbb97)","branch":"2022.3/china_unity/release","buildType":"Release","platform":"Windows"}
Running tests for ExecutionSettings with details:
targetPlatform =
playerHeartbeatTimeout = 600
filters[0] =
   Filter with settings:
   testMode = PlayMode
   targetPlatform =
   testNames = null
   groupNames = null
   categoryNames = null
   assemblyNames = null
ignoreTests = {}
featureFlags = null

UnityEngine.StackTraceUtility:ExtractStackTrace ()
UnityEngine.DebugLogHandler:LogFormat (UnityEngine.LogType,UnityEngine.Object,string,object[])
UnityEngine.Logger:Log (UnityEngine.LogType,object)
UnityEngine.Debug:Log (object)
UnityEditor.TestTools.TestRunner.CommandLineTest.Executer:InitializeAndExecuteRun (string[]) (at ./Library/PackageCache/com.unity.test-framework@1.4.6/UnityEditor.TestRunner/CommandLineTest/Executer.cs:53)
UnityEditor.TestTools.TestRunner.CommandLineTest.TestStarter:InitializeAndExecuteRun () (at ./Library/PackageCache/com.unity.test-framework@1.4.6/UnityEditor.TestRunner/CommandLineTest/TestStarter.cs:64)
UnityEditor.EditorApplication:Internal_CallUpdateFunctions ()

(Filename: ./Library/PackageCache/com.unity.test-framework@1.4.6/UnityEditor.TestRunner/CommandLineTest/Executer.cs Line: 53)

[UnityConnectServicesConfig] config is NOT valid, switching to default
Created GICache directory at C:/Users/WIN10/AppData/LocalLow/Unity/Caches/GiCache. Took: 0.012s, timestamps: [9.813 - 9.825]
gi::BakeBackendSwitch: switching bake backend from 3 to 1.
[00:00:00] Builtin Sky manager started.
[00:00:01] Finished 1 Bake Ambient Probe job (0.00s execute, 0.00s integrate, 0.25s wallclock)
[PhysX] Initialized MultithreadedTaskDispatcher with 20 workers.
Unloading 77 Unused Serialized files (Serialized files now loaded: 0)
Unloading 42 unused Assets / (29.0 KB). Loaded Objects now: 9370.
Memory consumption went from 255.8 MB to 255.8 MB.
Total: 5.657100 ms (FindLiveObjects: 0.268700 ms CreateObjectMapping: 0.126900 ms MarkObjects: 5.092400 ms  DeleteObjects: 0.168300 ms)

Start importing Assets/InitTestScene321682e4-b7c6-4144-a8fe-808a6e213517.unity using Guid(e7a3b9161c92b5044867364fcefe4547) Importer(-1,00000000000000000000000000000000) [PhysX] Initialized MultithreadedTaskDispatcher with 20 workers.
 -> (artifact id: '38cd66fa70cc6b9f2cc093f015598a9e') in 0.005564 seconds
Refreshing native plugins compatible for Editor in 4.88 ms, found 5 plugins.
Preloading 0 native plugins for Editor in 0.00 ms.
Asset Pipeline Refresh (id=eae63009507f49542a8c478f79dfaf11): Total: 0.077 seconds - Initiated by StopAssetImportingV2(NoUpdateAssetOptions)
[00:00:00] Finished 1 Bake Ambient Probe job (0.00s execute, 0.00s integrate, 0.54s wallclock)
Executing IPrebuildSetup for: Unity.PerformanceTesting.Editor.TestRunBuilder.
UnityEngine.StackTraceUtility:ExtractStackTrace ()
UnityEngine.DebugLogHandler:LogFormat (UnityEngine.LogType,UnityEngine.Object,string,object[])
UnityEngine.Logger:Log (UnityEngine.LogType,object)
UnityEngine.Debug:Log (object)
UnityEditor.TestTools.TestRunner.TestRun.Tasks.BuildActionTaskBase`1/<ExecuteMethods>d__8<UnityEngine.TestTools.IPrebuildSetup>:MoveNext () (at ./Library/PackageCache/com.unity.test-framework@1.4.6/UnityEditor.TestRunner/TestRun/Tasks/BuildActionTaskBase.cs:51)
UnityEditor.TestTools.TestRunner.TestRun.Tasks.BuildActionTaskBase`1/<Execute>d__7<UnityEngine.TestTools.IPrebuildSetup>:MoveNext () (at ./Library/PackageCache/com.unity.test-framework@1.4.6/UnityEditor.TestRunner/TestRun/Tasks/BuildActionTaskBase.cs:35)
UnityEditor.TestTools.TestRunner.TestRun.TestJobRunner:ExecuteStep () (at ./Library/PackageCache/com.unity.test-framework@1.4.6/UnityEditor.TestRunner/TestRun/TestJobRunner.cs:173)
UnityEditor.TestTools.TestRunner.TestRun.TestJobRunner:ExecuteCallback () (at ./Library/PackageCache/com.unity.test-framework@1.4.6/UnityEditor.TestRunner/TestRun/TestJobRunner.cs:108)
UnityEditor.EditorApplication:Internal_CallUpdateFunctions ()

(Filename: ./Library/PackageCache/com.unity.test-framework@1.4.6/UnityEditor.TestRunner/TestRun/Tasks/BuildActionTaskBase.cs Line: 51)

Reloading assemblies for play mode.
Reloading assemblies after forced synchronous recompile.
Duplicate assembly 'Mono.Cecil.Pdb.dll' with different versions detected, using 'Packages/com.handzlikchris.fastscriptreload/Plugins/Harmony/net48/Mono.Cecil.Pdb.dll, AssemblyName=Mono.Cecil.Pdb, Version=0.11.6.0, Culture=neutral, PublicKeyToken=50cebf1cceb9d05e' and ignoring 'Packages/com.unity.nuget.mono-cecil/Mono.Cecil.Pdb.dll, AssemblyName=Mono.Cecil.Pdb, Version=0.11.5.0, Culture=neutral, PublicKeyToken=50cebf1cceb9d05e'.Duplicate assembly 'System.Collections.Immutable.dll' with different versions detected, using 'Assets/Plugins/Protobuf/System.Collections.Immutable.dll, AssemblyName=System.Collections.Immutable, Version=7.0.0.0, Culture=neutral, PublicKeyToken=b03f5f7f11d50a3a' and ignoring 'Packages/com.handzlikchris.fastscriptreload/Plugins/Roslyn/2021+/System.Collections.Immutable.dll, AssemblyName=System.Collections.Immutable, Version=1.2.3.0, Culture=neutral, PublicKeyToken=b03f5f7f11d50a3a'.Duplicate assembly 'Mono.Cecil.Rocks.dll' with different versions detected, using 'Packages/com.handzlikchris.fastscriptreload/Plugins/Harmony/net48/Mono.Cecil.Rocks.dll, AssemblyName=Mono.Cecil.Rocks, Version=0.11.6.0, Culture=neutral, PublicKeyToken=50cebf1cceb9d05e' and ignoring 'Packages/com.unity.nuget.mono-cecil/Mono.Cecil.Rocks.dll, AssemblyName=Mono.Cecil.Rocks, Version=0.11.5.0, Culture=neutral, PublicKeyToken=50cebf1cceb9d05e'.Duplicate assembly 'Mono.Cecil.Mdb.dll' with different versions detected, using 'Packages/com.handzlikchris.fastscriptreload/Plugins/Harmony/net48/Mono.Cecil.Mdb.dll, AssemblyName=Mono.Cecil.Mdb, Version=0.11.6.0, Culture=neutral, PublicKeyToken=50cebf1cceb9d05e' and ignoring 'Packages/com.unity.nuget.mono-cecil/Mono.Cecil.Mdb.dll, AssemblyName=Mono.Cecil.Mdb, Version=0.11.5.0, Culture=neutral, PublicKeyToken=50cebf1cceb9d05e'.Duplicate assembly 'Mono.Cecil.dll' with different versions detected, using 'Packages/com.handzlikchris.fastscriptreload/Plugins/Harmony/net48/Mono.Cecil.dll, AssemblyName=Mono.Cecil, Version=0.11.6.0, Culture=neutral, PublicKeyToken=50cebf1cceb9d05e' and ignoring 'Packages/com.unity.nuget.mono-cecil/Mono.Cecil.dll, AssemblyName=Mono.Cecil, Version=0.11.5.0, Culture=neutral, PublicKeyToken=50cebf1cceb9d05e'.Begin MonoManager ReloadAssembly
Duplicate assembly 'Mono.Cecil.Pdb.dll' with different versions detected, using 'Packages/com.handzlikchris.fastscriptreload/Plugins/Harmony/net48/Mono.Cecil.Pdb.dll, AssemblyName=Mono.Cecil.Pdb, Version=0.11.6.0, Culture=neutral, PublicKeyToken=50cebf1cceb9d05e' and ignoring 'Packages/com.unity.nuget.mono-cecil/Mono.Cecil.Pdb.dll, AssemblyName=Mono.Cecil.Pdb, Version=0.11.5.0, Culture=neutral, PublicKeyToken=50cebf1cceb9d05e'.Duplicate assembly 'System.Collections.Immutable.dll' with different versions detected, using 'Assets/Plugins/Protobuf/System.Collections.Immutable.dll, AssemblyName=System.Collections.Immutable, Version=7.0.0.0, Culture=neutral, PublicKeyToken=b03f5f7f11d50a3a' and ignoring 'Packages/com.handzlikchris.fastscriptreload/Plugins/Roslyn/2021+/System.Collections.Immutable.dll, AssemblyName=System.Collections.Immutable, Version=1.2.3.0, Culture=neutral, PublicKeyToken=b03f5f7f11d50a3a'.Duplicate assembly 'Mono.Cecil.Rocks.dll' with different versions detected, using 'Packages/com.handzlikchris.fastscriptreload/Plugins/Harmony/net48/Mono.Cecil.Rocks.dll, AssemblyName=Mono.Cecil.Rocks, Version=0.11.6.0, Culture=neutral, PublicKeyToken=50cebf1cceb9d05e' and ignoring 'Packages/com.unity.nuget.mono-cecil/Mono.Cecil.Rocks.dll, AssemblyName=Mono.Cecil.Rocks, Version=0.11.5.0, Culture=neutral, PublicKeyToken=50cebf1cceb9d05e'.Duplicate assembly 'Mono.Cecil.Mdb.dll' with different versions detected, using 'Packages/com.handzlikchris.fastscriptreload/Plugins/Harmony/net48/Mono.Cecil.Mdb.dll, AssemblyName=Mono.Cecil.Mdb, Version=0.11.6.0, Culture=neutral, PublicKeyToken=50cebf1cceb9d05e' and ignoring 'Packages/com.unity.nuget.mono-cecil/Mono.Cecil.Mdb.dll, AssemblyName=Mono.Cecil.Mdb, Version=0.11.5.0, Culture=neutral, PublicKeyToken=50cebf1cceb9d05e'.Duplicate assembly 'Mono.Cecil.dll' with different versions detected, using 'Packages/com.handzlikchris.fastscriptreload/Plugins/Harmony/net48/Mono.Cecil.dll, AssemblyName=Mono.Cecil, Version=0.11.6.0, Culture=neutral, PublicKeyToken=50cebf1cceb9d05e' and ignoring 'Packages/com.unity.nuget.mono-cecil/Mono.Cecil.dll, AssemblyName=Mono.Cecil, Version=0.11.5.0, Culture=neutral, PublicKeyToken=50cebf1cceb9d05e'.- Loaded All Assemblies, in  0.527 seconds
Refreshing native plugins compatible for Editor in 5.24 ms, found 5 plugins.
Native extension for WindowsStandalone target not found
Skip optional Config Excel watcher because directory does not exist: D:/unity/UnityProject/ColorTimeing/New/_ColorTiming_PlayModeVerification_20260824b/GameData/Configs
UnityEngine.StackTraceUtility:ExtractStackTrace ()
UnityEngine.DebugLogHandler:LogFormat (UnityEngine.LogType,UnityEngine.Object,string,object[])
UnityEngine.Logger:Log (UnityEngine.LogType,object)
UnityEngine.Debug:Log (object)
UGF.EditorTools.DataTableUpdater:CreateExcelWatcher (string,System.IO.NotifyFilters,System.IO.FileSystemEventHandler,string) (at Assets/Game/ScriptsBuiltin/Editor/DataTableUpdater.cs:64)
UGF.EditorTools.DataTableUpdater:Init () (at Assets/Game/ScriptsBuiltin/Editor/DataTableUpdater.cs:36)
System.Reflection.RuntimeMethodInfo:Invoke (object,System.Reflection.BindingFlags,System.Reflection.Binder,object[],System.Globalization.CultureInfo)
System.Reflection.MethodBase:Invoke (object,object[])
UnityEditor.EditorAssemblies:ProcessInitializeOnLoadMethodAttributes ()

(Filename: Assets/Game/ScriptsBuiltin/Editor/DataTableUpdater.cs Line: 64)

Duplicate assembly 'Mono.Cecil.Pdb.dll' with different versions detected, using 'Packages/com.handzlikchris.fastscriptreload/Plugins/Harmony/net48/Mono.Cecil.Pdb.dll, AssemblyName=Mono.Cecil.Pdb, Version=0.11.6.0, Culture=neutral, PublicKeyToken=50cebf1cceb9d05e' and ignoring 'Packages/com.unity.nuget.mono-cecil/Mono.Cecil.Pdb.dll, AssemblyName=Mono.Cecil.Pdb, Version=0.11.5.0, Culture=neutral, PublicKeyToken=50cebf1cceb9d05e'.Duplicate assembly 'System.Collections.Immutable.dll' with different versions detected, using 'Assets/Plugins/Protobuf/System.Collections.Immutable.dll, AssemblyName=System.Collections.Immutable, Version=7.0.0.0, Culture=neutral, PublicKeyToken=b03f5f7f11d50a3a' and ignoring 'Packages/com.handzlikchris.fastscriptreload/Plugins/Roslyn/2021+/System.Collections.Immutable.dll, AssemblyName=System.Collections.Immutable, Version=1.2.3.0, Culture=neutral, PublicKeyToken=b03f5f7f11d50a3a'.Duplicate assembly 'Mono.Cecil.Rocks.dll' with different versions detected, using 'Packages/com.handzlikchris.fastscriptreload/Plugins/Harmony/net48/Mono.Cecil.Rocks.dll, AssemblyName=Mono.Cecil.Rocks, Version=0.11.6.0, Culture=neutral, PublicKeyToken=50cebf1cceb9d05e' and ignoring 'Packages/com.unity.nuget.mono-cecil/Mono.Cecil.Rocks.dll, AssemblyName=Mono.Cecil.Rocks, Version=0.11.5.0, Culture=neutral, PublicKeyToken=50cebf1cceb9d05e'.Duplicate assembly 'Mono.Cecil.Mdb.dll' with different versions detected, using 'Packages/com.handzlikchris.fastscriptreload/Plugins/Harmony/net48/Mono.Cecil.Mdb.dll, AssemblyName=Mono.Cecil.Mdb, Version=0.11.6.0, Culture=neutral, PublicKeyToken=50cebf1cceb9d05e' and ignoring 'Packages/com.unity.nuget.mono-cecil/Mono.Cecil.Mdb.dll, AssemblyName=Mono.Cecil.Mdb, Version=0.11.5.0, Culture=neutral, PublicKeyToken=50cebf1cceb9d05e'.Duplicate assembly 'Mono.Cecil.dll' with different versions detected, using 'Packages/com.handzlikchris.fastscriptreload/Plugins/Harmony/net48/Mono.Cecil.dll, AssemblyName=Mono.Cecil, Version=0.11.6.0, Culture=neutral, PublicKeyToken=50cebf1cceb9d05e' and ignoring 'Packages/com.unity.nuget.mono-cecil/Mono.Cecil.dll, AssemblyName=Mono.Cecil, Version=0.11.5.0, Culture=neutral, PublicKeyToken=50cebf1cceb9d05e'.Mono: successfully reloaded assembly
- Finished resetting the current domain, in  1.186 seconds
Domain Reload Profiling: 1715ms
	BeginReloadAssembly (364ms)
		ExecutionOrderSort (0ms)
		DisableScriptedObjects (6ms)
		BackupInstance (0ms)
		ReleaseScriptingObjects (0ms)
		CreateAndSetChildDomain (289ms)
	RebuildCommonClasses (16ms)
	RebuildNativeTypeToScriptingClass (6ms)
	initialDomainReloadingComplete (35ms)
	LoadAllAssembliesAndSetupDomain (106ms)
		LoadAssemblies (128ms)
		RebuildTransferFunctionScriptingTraits (0ms)
		AnalyzeDomain (23ms)
			TypeCache.Refresh (7ms)
				TypeCache.ScanAssembly (0ms)
			ScanForSourceGeneratedMonoScriptInfo (0ms)
			ResolveRequiredComponents (11ms)
	FinalizeReload (1187ms)
		ReleaseScriptCaches (0ms)
		RebuildScriptCaches (0ms)
		SetupLoadedEditorAssemblies (1009ms)
			LogAssemblyErrors (0ms)
			InitializePlatformSupportModulesInManaged (4ms)
			SetLoadedEditorAssemblies (5ms)
			RefreshPlugins (0ms)
			BeforeProcessingInitializeOnLoad (93ms)
			ProcessInitializeOnLoadAttributes (484ms)
			ProcessInitializeOnLoadMethodAttributes (418ms)
			AfterProcessingInitializeOnLoad (4ms)
			EditorAssembliesLoaded (0ms)
		ExecutionOrderSort2 (0ms)
		AwakeInstancesAfterBackupRestoration (14ms)
Asset Pipeline Refresh (id=79030c5292678c14ca7f43812a010ead): Total: 2.178 seconds - Initiated by StopAssetImportingV2(ForceSynchronousImport | ForceDomainReload)
	Summary:
		Imports: total=0 (actual=0, local cache=0, cache server=0)
		Asset DB Process Time: managed=0 ms, native=416 ms
		Asset DB Callback time: managed=14 ms, native=0 ms
		Scripting: domain reloads=1, domain reload time=1745 ms, compile time=1 ms, other=0 ms
		Project Asset Count: scripts=10449, non-scripts=6323
		Asset File Changes: new=0, changed=0, moved=0, deleted=0
		Scan Filter Count: 0
	InvokeBeforeRefreshCallbacks: 0.311ms
	ApplyChangesToAssetFolders: 0.084ms
	Scan: 0.001ms
	OnSourceAssetsModified: 0.001ms
	GetAllGuidsForCategorization: 1.335ms
	CategorizeAssets: 172.767ms
	ImportOutOfDateAssets: 1210.661ms (1203.734ms without children)
		CompileScripts: 1.100ms
		CollectScriptTypesHashes: 0.313ms
		ReloadNativeAssets: 0.281ms
		UnloadImportedAssets: 1.123ms
		EnsureUptoDateAssetsAreRegisteredWithGuidPM: 2.351ms
		InitializingProgressBar: 0.000ms
		PostProcessAllAssetNotificationsAddChangedAssets: 0.000ms
		OnDemandSchedulerStart: 1.759ms
	PostProcessAllAssets: 14.018ms
	GatherAllCurrentPrimaryArtifactRevisions: 1.240ms
	UnloadStreamsBegin: 0.561ms
	PersistCurrentRevisions: 0.484ms
	UnloadStreamsEnd: 0.054ms
	GenerateScriptTypeHashes: 2.675ms
	Untracked: 776.195ms
[PhysX] Initialized MultithreadedTaskDispatcher with 20 workers.
Loaded scene 'Temp/__Backupscenes/0.backup'
	Deserialize:            0.595 ms
	Integration:            231.557 ms
	Integration of assets:  0.001 ms
	Thread Wait Time:       0.007 ms
	Total Operation Time:   232.160 ms
[MODES] ModeService[none].Initialize
[MODES] ModeService[none].LoadModes
[MODES] Loading mode Default (0) for mode-current-id-GameDesinger
Unloading 42 Unused Serialized files (Serialized files now loaded: 0)
Refreshing native plugins compatible for Editor in 5.16 ms, found 5 plugins.
Preloading 0 native plugins for Editor in 0.00 ms.
[PhysX] Initialized MultithreadedTaskDispatcher with 20 workers.
UnloadTime: 0.271200 ms
<color=#2BD988>------------Set ResourceMode:Package------------</color>
UnityEngine.StackTraceUtility:ExtractStackTrace ()
UnityEngine.DebugLogHandler:LogFormat (UnityEngine.LogType,UnityEngine.Object,string,object[])
UnityEngine.Logger:Log (UnityEngine.LogType,object)
UnityEngine.Debug:Log (object)
GFBuiltin:Log (string) (at Assets/Game/ScriptsBuiltin/Runtime/Extension/GFBuiltin.cs:104)
GFBuiltin:Awake () (at Assets/Game/ScriptsBuiltin/Runtime/Extension/GFBuiltin.cs:48)

(Filename: Assets/Game/ScriptsBuiltin/Runtime/Extension/GFBuiltin.cs Line: 104)

Loaded scene 'Assets/Game/Scene/Launch.unity'
	Deserialize:            52.042 ms
	Integration:            232.194 ms
	Integration of assets:  11.700 ms
	Thread Wait Time:       0.005 ms
	Total Operation Time:   295.940 ms
Unloading 368 unused Assets / (9.5 MB). Loaded Objects now: 9500.
Memory consumption went from 245.0 MB to 235.5 MB.
Total: 6.931900 ms (FindLiveObjects: 0.438700 ms CreateObjectMapping: 0.260900 ms MarkObjects: 5.319100 ms  DeleteObjects: 0.912600 ms)

<color=#2BD988>----------UI Match:0----------</color>
UnityEngine.StackTraceUtility:ExtractStackTrace ()
UnityEngine.DebugLogHandler:LogFormat (UnityEngine.LogType,UnityEngine.Object,string,object[])
UnityEngine.Logger:Log (UnityEngine.LogType,object)
UnityEngine.Debug:Log (object)
GFBuiltin:Log (string) (at Assets/Game/ScriptsBuiltin/Runtime/Extension/GFBuiltin.cs:104)
GFBuiltin:UpdateCanvasScaler () (at Assets/Game/ScriptsBuiltin/Runtime/Extension/GFBuiltin.cs:93)
GFBuiltin:Start () (at Assets/Game/ScriptsBuiltin/Runtime/Extension/GFBuiltin.cs:82)

(Filename: Assets/Game/ScriptsBuiltin/Runtime/Extension/GFBuiltin.cs Line: 104)

<color=#2BD988>进入HybridCLR热更流程! 预加载游戏数据...</color>
UnityEngine.StackTraceUtility:ExtractStackTrace ()
UnityEngine.DebugLogHandler:LogFormat (UnityEngine.LogType,UnityEngine.Object,string,object[])
UnityEngine.Logger:Log (UnityEngine.LogType,object)
UnityEngine.Debug:Log (object)
GFBuiltin:Log (string) (at Assets/Game/ScriptsBuiltin/Runtime/Extension/GFBuiltin.cs:104)
PreloadProcedure:OnEnter (GameFramework.Fsm.IFsm`1<GameFramework.Procedure.IProcedureManager>) (at Assets/Game/Scripts/Procedures/PreloadProcedure.cs:35)
GameFramework.Fsm.Fsm`1<GameFramework.Procedure.IProcedureManager>:Start<PreloadProcedure> () (at Assets/Plugins/UnityGameFramework/GameFramework/Fsm/Fsm.cs:271)
GameFramework.Procedure.ProcedureManager:StartProcedure<PreloadProcedure> () (at Assets/Plugins/UnityGameFramework/GameFramework/Procedure/ProcedureManager.cs:127)
HotfixEntry/<StartHotfixLogic>d__0:MoveNext () (at Assets/Game/Scripts/HotfixEntry.cs:43)
System.Runtime.CompilerServices.AsyncVoidMethodBuilder:Start<HotfixEntry/<StartHotfixLogic>d__0> (HotfixEntry/<StartHotfixLogic>d__0&)
HotfixEntry:StartHotfixLogic (bool)
System.Reflection.RuntimeMethodInfo:Invoke (object,System.Reflection.BindingFlags,System.Reflection.Binder,object[],System.Globalization.CultureInfo)
System.Reflection.MethodBase:Invoke (object,object[])
LoadHotfixDllProcedure:OnUpdate (GameFramework.Fsm.IFsm`1<GameFramework.Procedure.IProcedureManager>,single,single) (at Assets/Game/ScriptsBuiltin/Runtime/Procedures/LoadHotfixDllProcedure.cs:81)
GameFramework.Fsm.Fsm`1<GameFramework.Procedure.IProcedureManager>:Update (single,single) (at Assets/Plugins/UnityGameFramework/GameFramework/Fsm/Fsm.cs:545)
GameFramework.Fsm.FsmManager:Update (single,single) (at Assets/Plugins/UnityGameFramework/GameFramework/Fsm/FsmManager.cs:78)
GameFramework.GameFrameworkEntry:Update (single,single) (at Assets/Plugins/UnityGameFramework/GameFramework/Base/GameFrameworkEntry.cs:29)
UnityGameFramework.Runtime.BaseComponent:Update () (at Assets/Plugins/UnityGameFramework/Scripts/Runtime/Base/BaseComponent.cs:231)

(Filename: Assets/Game/ScriptsBuiltin/Runtime/Extension/GFBuiltin.cs Line: 104)

Unloading 13 Unused Serialized files (Serialized files now loaded: 0)
Unloading 1 unused Assets / (22.4 KB). Loaded Objects now: 9560.
Memory consumption went from 235.2 MB to 235.2 MB.
Total: 5.845100 ms (FindLiveObjects: 0.433500 ms CreateObjectMapping: 0.271600 ms MarkObjects: 5.119000 ms  DeleteObjects: 0.020400 ms)

Unloading 1 Unused Serialized files (Serialized files now loaded: 0)
Unloading 1 unused Assets / (2.7 KB). Loaded Objects now: 9560.
Memory consumption went from 234.3 MB to 234.3 MB.
Total: 4.950100 ms (FindLiveObjects: 0.371100 ms CreateObjectMapping: 0.216400 ms MarkObjects: 4.339600 ms  DeleteObjects: 0.021400 ms)

Unloading 1 Unused Serialized files (Serialized files now loaded: 0)
Unloading 1 unused Assets / (2.7 KB). Loaded Objects now: 9560.
Memory consumption went from 234.3 MB to 234.3 MB.
Total: 4.929400 ms (FindLiveObjects: 0.286600 ms CreateObjectMapping: 0.164800 ms MarkObjects: 4.454600 ms  DeleteObjects: 0.022600 ms)

Unloading 1 Unused Serialized files (Serialized files now loaded: 0)
Unloading 1 unused Assets / (2.7 KB). Loaded Objects now: 9560.
Memory consumption went from 234.3 MB to 234.3 MB.
Total: 4.707800 ms (FindLiveObjects: 0.282300 ms CreateObjectMapping: 0.146500 ms MarkObjects: 4.260000 ms  DeleteObjects: 0.018400 ms)

Unloading 1 Unused Serialized files (Serialized files now loaded: 0)
Unloading 1 unused Assets / (2.7 KB). Loaded Objects now: 9560.
Memory consumption went from 234.3 MB to 234.3 MB.
Total: 4.893500 ms (FindLiveObjects: 0.394200 ms CreateObjectMapping: 0.166500 ms MarkObjects: 4.284600 ms  DeleteObjects: 0.047700 ms)

<color=#2BD988>初始化游戏设置. 游戏语言:English,系统语言:ChineseSimplified</color>
UnityEngine.StackTraceUtility:ExtractStackTrace ()
UnityEngine.DebugLogHandler:LogFormat (UnityEngine.LogType,UnityEngine.Object,string,object[])
UnityEngine.Logger:Log (UnityEngine.LogType,object)
UnityEngine.Debug:Log (object)
GFBuiltin:Log (string) (at Assets/Game/ScriptsBuiltin/Runtime/Extension/GFBuiltin.cs:104)
PreloadProcedure/<InitAndLoadLanguage>d__18:MoveNext () (at Assets/Game/Scripts/Procedures/PreloadProcedure.cs:298)
System.Runtime.CompilerServices.AsyncVoidMethodBuilder:Start<PreloadProcedure/<InitAndLoadLanguage>d__18> (PreloadProcedure/<InitAndLoadLanguage>d__18&)
PreloadProcedure:InitAndLoadLanguage ()
PreloadProcedure:OnLoadDataTableSuccess (object,GameFramework.Event.GameEventArgs) (at Assets/Game/Scripts/Procedures/PreloadProcedure.cs:365)
GameFramework.EventPool`1<GameFramework.Event.GameEventArgs>:HandleEvent (object,GameFramework.Event.GameEventArgs) (at Assets/Plugins/UnityGameFramework/GameFramework/Base/EventPool/EventPool.cs:262)
GameFramework.EventPool`1<GameFramework.Event.GameEventArgs>:Update (single,single) (at Assets/Plugins/UnityGameFramework/GameFramework/Base/EventPool/EventPool.cs:74)
GameFramework.Event.EventManager:Update (single,single) (at Assets/Plugins/UnityGameFramework/GameFramework/Event/EventManager.cs:68)
GameFramework.GameFrameworkEntry:Update (single,single) (at Assets/Plugins/UnityGameFramework/GameFramework/Base/GameFrameworkEntry.cs:29)
UnityGameFramework.Runtime.BaseComponent:Update () (at Assets/Plugins/UnityGameFramework/Scripts/Runtime/Base/BaseComponent.cs:231)

(Filename: Assets/Game/ScriptsBuiltin/Runtime/Extension/GFBuiltin.cs Line: 104)

Unloading 6 Unused Serialized files (Serialized files now loaded: 0)
Unloading 1 unused Assets / (13.7 KB). Loaded Objects now: 9565.
Memory consumption went from 234.4 MB to 234.4 MB.
Total: 5.593200 ms (FindLiveObjects: 0.446400 ms CreateObjectMapping: 0.257600 ms MarkObjects: 4.867400 ms  DeleteObjects: 0.021000 ms)

<color=#2BD988>Framework preload completed. Entering the generic ready state.</color>
UnityEngine.StackTraceUtility:ExtractStackTrace ()
UnityEngine.DebugLogHandler:LogFormat (UnityEngine.LogType,UnityEngine.Object,string,object[])
UnityEngine.Logger:Log (UnityEngine.LogType,object)
UnityEngine.Debug:Log (object)
GFBuiltin:Log (string) (at Assets/Game/ScriptsBuiltin/Runtime/Extension/GFBuiltin.cs:104)
PreloadProcedure:OnUpdate (GameFramework.Fsm.IFsm`1<GameFramework.Procedure.IProcedureManager>,single,single) (at Assets/Game/Scripts/Procedures/PreloadProcedure.cs:83)
GameFramework.Fsm.Fsm`1<GameFramework.Procedure.IProcedureManager>:Update (single,single) (at Assets/Plugins/UnityGameFramework/GameFramework/Fsm/Fsm.cs:545)
GameFramework.Fsm.FsmManager:Update (single,single) (at Assets/Plugins/UnityGameFramework/GameFramework/Fsm/FsmManager.cs:78)
GameFramework.GameFrameworkEntry:Update (single,single) (at Assets/Plugins/UnityGameFramework/GameFramework/Base/GameFrameworkEntry.cs:29)
UnityGameFramework.Runtime.BaseComponent:Update () (at Assets/Plugins/UnityGameFramework/Scripts/Runtime/Base/BaseComponent.cs:231)

(Filename: Assets/Game/ScriptsBuiltin/Runtime/Extension/GFBuiltin.cs Line: 104)

Refreshing native plugins compatible for Editor in 5.41 ms, found 5 plugins.
Preloading 0 native plugins for Editor in 0.00 ms.
There can be only one active Event System.
UnityEngine.StackTraceUtility:ExtractStackTrace ()
UnityEngine.DebugLogHandler:LogFormat (UnityEngine.LogType,UnityEngine.Object,string,object[])
UnityEngine.Logger:Log (UnityEngine.LogType,object)
UnityEngine.Debug:LogWarning (object)
UnityEngine.UIElements.UIElementsRuntimeUtility:RegisterEventSystem (UnityEngine.Object)
UnityEngine.EventSystems.EventSystem:OnEnable () (at ./Library/PackageCache/com.unity.ugui@1.0.0/Runtime/EventSystem/EventSystem.cs:452)

(Filename: ./Library/PackageCache/com.unity.ugui@1.0.0/Runtime/EventSystem/EventSystem.cs Line: 452)

Loaded scene 'Assets/Game/Scene/StartMenu.unity'
	Deserialize:            5.055 ms
	Integration:            266.916 ms
	Integration of assets:  6.654 ms
	Thread Wait Time:       40.070 ms
	Total Operation Time:   318.695 ms
There are 2 event systems in the scene. Please ensure there is always exactly one event system in the scene
UnityEngine.StackTraceUtility:ExtractStackTrace ()
UnityEngine.DebugLogHandler:LogFormat (UnityEngine.LogType,UnityEngine.Object,string,object[])
UnityEngine.Logger:Log (UnityEngine.LogType,object)
UnityEngine.Debug:LogWarning (object)
UnityEngine.EventSystems.EventSystem:Update () (at ./Library/PackageCache/com.unity.ugui@1.0.0/Runtime/EventSystem/EventSystem.cs:543)

(Filename: ./Library/PackageCache/com.unity.ugui@1.0.0/Runtime/EventSystem/EventSystem.cs Line: 543)

Unloading 8 Unused Serialized files (Serialized files now loaded: 0)
Unloading 2 unused Assets / (8.5 KB). Loaded Objects now: 9850.
Memory consumption went from 270.3 MB to 270.3 MB.
Total: 6.160500 ms (FindLiveObjects: 0.464400 ms CreateObjectMapping: 0.269400 ms MarkObjects: 5.391200 ms  DeleteObjects: 0.034500 ms)

There are 2 event systems in the scene. Please ensure there is always exactly one event system in the scene
UnityEngine.StackTraceUtility:ExtractStackTrace ()
UnityEngine.DebugLogHandler:LogFormat (UnityEngine.LogType,UnityEngine.Object,string,object[])
UnityEngine.Logger:Log (UnityEngine.LogType,object)
UnityEngine.Debug:LogWarning (object)
UnityEngine.EventSystems.EventSystem:Update () (at ./Library/PackageCache/com.unity.ugui@1.0.0/Runtime/EventSystem/EventSystem.cs:543)

(Filename: ./Library/PackageCache/com.unity.ugui@1.0.0/Runtime/EventSystem/EventSystem.cs Line: 543)

There are 2 event systems in the scene. Please ensure there is always exactly one event system in the scene
UnityEngine.StackTraceUtility:ExtractStackTrace ()
UnityEngine.DebugLogHandler:LogFormat (UnityEngine.LogType,UnityEngine.Object,string,object[])
UnityEngine.Logger:Log (UnityEngine.LogType,object)
UnityEngine.Debug:LogWarning (object)
UnityEngine.EventSystems.EventSystem:Update () (at ./Library/PackageCache/com.unity.ugui@1.0.0/Runtime/EventSystem/EventSystem.cs:543)

(Filename: ./Library/PackageCache/com.unity.ugui@1.0.0/Runtime/EventSystem/EventSystem.cs Line: 543)

Color primaries 0 is unknown or unsupported by WindowsMediaFoundation. Falling back to default may result in color shift. D:\unity\UnityProject\ColorTimeing\New\_ColorTiming_PlayModeVerification_20260824b\Assets\Game\ColorTiming\Art\Vido\1开头.mp4
Loaded scene 'Assets/Game/Scene/Boss1.unity'
	Deserialize:            1169.845 ms
	Integration:            290.865 ms
	Integration of assets:  422.369 ms
	Thread Wait Time:       1467.577 ms
	Total Operation Time:   3350.656 ms
已初始化BOSS血量:11
UnityEngine.StackTraceUtility:ExtractStackTrace ()
UnityEngine.DebugLogHandler:LogFormat (UnityEngine.LogType,UnityEngine.Object,string,object[])
UnityEngine.Logger:Log (UnityEngine.LogType,object)
UnityEngine.Debug:Log (object)
UnityEngine.MonoBehaviour:print (object)
Boss1_Controller:CreateBossHP () (at Assets/Game/Scripts/ColorTiming/Legacy/Boss1_Controller.cs:257)
Boss1_Controller:Start () (at Assets/Game/Scripts/ColorTiming/Legacy/Boss1_Controller.cs:67)

(Filename: Assets/Game/Scripts/ColorTiming/Legacy/Boss1_Controller.cs Line: 257)

Unloading 2983 Unused Serialized files (Serialized files now loaded: 0)
Unloading 119 unused Assets / (24.2 KB). Loaded Objects now: 18002.
Memory consumption went from 2.01 GB to 2.01 GB.
Total: 6.805900 ms (FindLiveObjects: 0.898300 ms CreateObjectMapping: 0.490600 ms MarkObjects: 5.293800 ms  DeleteObjects: 0.122100 ms)

Unloading 0 Unused Serialized files (Serialized files now loaded: 0)
Unloading 0 unused Assets / (3.8 KB). Loaded Objects now: 18002.
Memory consumption went from 2.01 GB to 2.01 GB.
Total: 5.747800 ms (FindLiveObjects: 0.693200 ms CreateObjectMapping: 0.386700 ms MarkObjects: 4.649300 ms  DeleteObjects: 0.018000 ms)

Unloading 0 Unused Serialized files (Serialized files now loaded: 0)
Unloading 0 unused Assets / (0 B). Loaded Objects now: 18019.
Memory consumption went from 2.00 GB to 2.00 GB.
Total: 6.564900 ms (FindLiveObjects: 0.812900 ms CreateObjectMapping: 0.525900 ms MarkObjects: 5.200400 ms  DeleteObjects: 0.024900 ms)

Unloading 0 Unused Serialized files (Serialized files now loaded: 0)
Unloading 0 unused Assets / (0 B). Loaded Objects now: 18019.
Memory consumption went from 2.00 GB to 2.00 GB.
Total: 6.612100 ms (FindLiveObjects: 0.878200 ms CreateObjectMapping: 0.570100 ms MarkObjects: 5.145000 ms  DeleteObjects: 0.018300 ms)

Unloading 0 Unused Serialized files (Serialized files now loaded: 0)
Unloading 0 unused Assets / (0 B). Loaded Objects now: 18027.
Memory consumption went from 2.00 GB to 2.00 GB.
Total: 6.865700 ms (FindLiveObjects: 0.906700 ms CreateObjectMapping: 0.586300 ms MarkObjects: 5.353600 ms  DeleteObjects: 0.018100 ms)

Unloading 0 Unused Serialized files (Serialized files now loaded: 0)
Unloading 0 unused Assets / (0 B). Loaded Objects now: 18027.
Memory consumption went from 2.00 GB to 2.00 GB.
Total: 7.035000 ms (FindLiveObjects: 0.975500 ms CreateObjectMapping: 0.581000 ms MarkObjects: 5.427900 ms  DeleteObjects: 0.050000 ms)

Unloading 0 Unused Serialized files (Serialized files now loaded: 0)
Unloading 0 unused Assets / (0 B). Loaded Objects now: 18034.
Memory consumption went from 2.00 GB to 2.00 GB.
Total: 6.854300 ms (FindLiveObjects: 0.890900 ms CreateObjectMapping: 0.573300 ms MarkObjects: 5.373100 ms  DeleteObjects: 0.016300 ms)

Unloading 0 Unused Serialized files (Serialized files now loaded: 0)
Unloading 0 unused Assets / (106 B). Loaded Objects now: 18034.
Memory consumption went from 2.00 GB to 2.00 GB.
Total: 6.578700 ms (FindLiveObjects: 0.885200 ms CreateObjectMapping: 0.561500 ms MarkObjects: 5.113400 ms  DeleteObjects: 0.017800 ms)

Unloading 0 Unused Serialized files (Serialized files now loaded: 0)
Unloading 0 unused Assets / (0 B). Loaded Objects now: 18034.
Memory consumption went from 2.00 GB to 2.00 GB.
Total: 6.732700 ms (FindLiveObjects: 0.881900 ms CreateObjectMapping: 0.573300 ms MarkObjects: 5.261000 ms  DeleteObjects: 0.015800 ms)

Unloading 0 Unused Serialized files (Serialized files now loaded: 0)
Unloading 0 unused Assets / (0 B). Loaded Objects now: 18050.
Memory consumption went from 2.00 GB to 2.00 GB.
Total: 6.884100 ms (FindLiveObjects: 0.889900 ms CreateObjectMapping: 0.580200 ms MarkObjects: 5.393600 ms  DeleteObjects: 0.019500 ms)

Unloading 0 Unused Serialized files (Serialized files now loaded: 0)
Unloading 0 unused Assets / (0 B). Loaded Objects now: 18050.
Memory consumption went from 2.00 GB to 2.00 GB.
Total: 6.594600 ms (FindLiveObjects: 0.874800 ms CreateObjectMapping: 0.544500 ms MarkObjects: 5.153700 ms  DeleteObjects: 0.020700 ms)

Scanning for USB devices : 11.108ms
Unloading 0 Unused Serialized files (Serialized files now loaded: 0)
Unloading 0 unused Assets / (0 B). Loaded Objects now: 18050.
Memory consumption went from 2.00 GB to 2.00 GB.
Total: 6.857200 ms (FindLiveObjects: 0.985200 ms CreateObjectMapping: 0.581200 ms MarkObjects: 5.271200 ms  DeleteObjects: 0.018900 ms)

Unloading 0 Unused Serialized files (Serialized files now loaded: 0)
Unloading 0 unused Assets / (0 B). Loaded Objects now: 18052.
Memory consumption went from 2.00 GB to 2.00 GB.
Total: 6.912300 ms (FindLiveObjects: 0.904800 ms CreateObjectMapping: 0.604700 ms MarkObjects: 5.383500 ms  DeleteObjects: 0.018900 ms)

Unloading 0 Unused Serialized files (Serialized files now loaded: 0)
Unloading 0 unused Assets / (0 B). Loaded Objects now: 18202.
Memory consumption went from 2.00 GB to 2.00 GB.
Total: 6.604200 ms (FindLiveObjects: 0.874800 ms CreateObjectMapping: 0.543800 ms MarkObjects: 5.167500 ms  DeleteObjects: 0.017300 ms)

Unloading 0 Unused Serialized files (Serialized files now loaded: 0)
Unloading 0 unused Assets / (0 B). Loaded Objects now: 18208.
Memory consumption went from 2.01 GB to 2.01 GB.
Total: 6.668700 ms (FindLiveObjects: 0.882900 ms CreateObjectMapping: 0.534700 ms MarkObjects: 5.206200 ms  DeleteObjects: 0.044200 ms)

Unloading 0 Unused Serialized files (Serialized files now loaded: 0)
Unloading 0 unused Assets / (0 B). Loaded Objects now: 18208.
Memory consumption went from 2.00 GB to 2.00 GB.
Total: 6.871300 ms (FindLiveObjects: 0.896200 ms CreateObjectMapping: 0.546600 ms MarkObjects: 5.380400 ms  DeleteObjects: 0.047500 ms)

Unloading 0 Unused Serialized files (Serialized files now loaded: 0)
Unloading 0 unused Assets / (0 B). Loaded Objects now: 18214.
Memory consumption went from 2.00 GB to 2.00 GB.
Total: 6.547000 ms (FindLiveObjects: 0.908300 ms CreateObjectMapping: 0.590500 ms MarkObjects: 4.993500 ms  DeleteObjects: 0.053900 ms)

Unloading 0 Unused Serialized files (Serialized files now loaded: 0)
Unloading 0 unused Assets / (0 B). Loaded Objects now: 18236.
Memory consumption went from 2.00 GB to 2.00 GB.
Total: 6.766600 ms (FindLiveObjects: 0.920700 ms CreateObjectMapping: 0.600600 ms MarkObjects: 5.225900 ms  DeleteObjects: 0.018800 ms)

Unloading 0 Unused Serialized files (Serialized files now loaded: 0)
Unloading 0 unused Assets / (0 B). Loaded Objects now: 18236.
Memory consumption went from 2.00 GB to 2.00 GB.
Total: 6.348200 ms (FindLiveObjects: 0.861800 ms CreateObjectMapping: 0.550600 ms MarkObjects: 4.918000 ms  DeleteObjects: 0.017100 ms)

Loaded scene 'Assets/Game/Scene/StartMenu.unity'
	Deserialize:            1.135 ms
	Integration:            0.734 ms
	Integration of assets:  0.002 ms
	Thread Wait Time:       39.702 ms
	Total Operation Time:   41.574 ms
There are 2 event systems in the scene. Please ensure there is always exactly one event system in the scene
UnityEngine.StackTraceUtility:ExtractStackTrace ()
UnityEngine.DebugLogHandler:LogFormat (UnityEngine.LogType,UnityEngine.Object,string,object[])
UnityEngine.Logger:Log (UnityEngine.LogType,object)
UnityEngine.Debug:LogWarning (object)
UnityEngine.EventSystems.EventSystem:Update () (at ./Library/PackageCache/com.unity.ugui@1.0.0/Runtime/EventSystem/EventSystem.cs:543)

(Filename: ./Library/PackageCache/com.unity.ugui@1.0.0/Runtime/EventSystem/EventSystem.cs Line: 543)

Unloading 5 Unused Serialized files (Serialized files now loaded: 0)
Unloading 5718 unused Assets / (1.38 GB). Loaded Objects now: 11448.
Memory consumption went from 2.00 GB to 0.63 GB.
Total: 29.504600 ms (FindLiveObjects: 0.850600 ms CreateObjectMapping: 0.573700 ms MarkObjects: 5.394400 ms  DeleteObjects: 22.685000 ms)

There are 2 event systems in the scene. Please ensure there is always exactly one event system in the scene
UnityEngine.StackTraceUtility:ExtractStackTrace ()
UnityEngine.DebugLogHandler:LogFormat (UnityEngine.LogType,UnityEngine.Object,string,object[])
UnityEngine.Logger:Log (UnityEngine.LogType,object)
UnityEngine.Debug:LogWarning (object)
UnityEngine.EventSystems.EventSystem:Update () (at ./Library/PackageCache/com.unity.ugui@1.0.0/Runtime/EventSystem/EventSystem.cs:543)

(Filename: ./Library/PackageCache/com.unity.ugui@1.0.0/Runtime/EventSystem/EventSystem.cs Line: 543)

There are 2 event systems in the scene. Please ensure there is always exactly one event system in the scene
UnityEngine.StackTraceUtility:ExtractStackTrace ()
UnityEngine.DebugLogHandler:LogFormat (UnityEngine.LogType,UnityEngine.Object,string,object[])
UnityEngine.Logger:Log (UnityEngine.LogType,object)
UnityEngine.Debug:LogWarning (object)
UnityEngine.EventSystems.EventSystem:Update () (at ./Library/PackageCache/com.unity.ugui@1.0.0/Runtime/EventSystem/EventSystem.cs:543)

(Filename: ./Library/PackageCache/com.unity.ugui@1.0.0/Runtime/EventSystem/EventSystem.cs Line: 543)

There are 2 event systems in the scene. Please ensure there is always exactly one event system in the scene
UnityEngine.StackTraceUtility:ExtractStackTrace ()
UnityEngine.DebugLogHandler:LogFormat (UnityEngine.LogType,UnityEngine.Object,string,object[])
UnityEngine.Logger:Log (UnityEngine.LogType,object)
UnityEngine.Debug:LogWarning (object)
UnityEngine.EventSystems.EventSystem:Update () (at ./Library/PackageCache/com.unity.ugui@1.0.0/Runtime/EventSystem/EventSystem.cs:543)

(Filename: ./Library/PackageCache/com.unity.ugui@1.0.0/Runtime/EventSystem/EventSystem.cs Line: 543)

There are 2 event systems in the scene. Please ensure there is always exactly one event system in the scene
UnityEngine.StackTraceUtility:ExtractStackTrace ()
UnityEngine.DebugLogHandler:LogFormat (UnityEngine.LogType,UnityEngine.Object,string,object[])
UnityEngine.Logger:Log (UnityEngine.LogType,object)
UnityEngine.Debug:LogWarning (object)
UnityEngine.EventSystems.EventSystem:Update () (at ./Library/PackageCache/com.unity.ugui@1.0.0/Runtime/EventSystem/EventSystem.cs:543)

(Filename: ./Library/PackageCache/com.unity.ugui@1.0.0/Runtime/EventSystem/EventSystem.cs Line: 543)

There are 2 event systems in the scene. Please ensure there is always exactly one event system in the scene
UnityEngine.StackTraceUtility:ExtractStackTrace ()
UnityEngine.DebugLogHandler:LogFormat (UnityEngine.LogType,UnityEngine.Object,string,object[])
UnityEngine.Logger:Log (UnityEngine.LogType,object)
UnityEngine.Debug:LogWarning (object)
UnityEngine.EventSystems.EventSystem:Update () (at ./Library/PackageCache/com.unity.ugui@1.0.0/Runtime/EventSystem/EventSystem.cs:543)

(Filename: ./Library/PackageCache/com.unity.ugui@1.0.0/Runtime/EventSystem/EventSystem.cs Line: 543)

There are 2 event systems in the scene. Please ensure there is always exactly one event system in the scene
UnityEngine.StackTraceUtility:ExtractStackTrace ()
UnityEngine.DebugLogHandler:LogFormat (UnityEngine.LogType,UnityEngine.Object,string,object[])
UnityEngine.Logger:Log (UnityEngine.LogType,object)
UnityEngine.Debug:LogWarning (object)
UnityEngine.EventSystems.EventSystem:Update () (at ./Library/PackageCache/com.unity.ugui@1.0.0/Runtime/EventSystem/EventSystem.cs:543)

(Filename: ./Library/PackageCache/com.unity.ugui@1.0.0/Runtime/EventSystem/EventSystem.cs Line: 543)

Loaded scene 'Assets/Game/Scene/Boss2.unity'
	Deserialize:            894.717 ms
	Integration:            190.446 ms
	Integration of assets:  500.741 ms
	Thread Wait Time:       918.614 ms
	Total Operation Time:   2504.519 ms
已初始化BOSS血量:15
UnityEngine.StackTraceUtility:ExtractStackTrace ()
UnityEngine.DebugLogHandler:LogFormat (UnityEngine.LogType,UnityEngine.Object,string,object[])
UnityEngine.Logger:Log (UnityEngine.LogType,object)
UnityEngine.Debug:Log (object)
UnityEngine.MonoBehaviour:print (object)
Boss2_Controller:CreateBossHP () (at Assets/Game/Scripts/ColorTiming/Legacy/Boss2_Controller.cs:421)
Boss2_Controller:Start () (at Assets/Game/Scripts/ColorTiming/Legacy/Boss2_Controller.cs:87)

(Filename: Assets/Game/Scripts/ColorTiming/Legacy/Boss2_Controller.cs Line: 421)

Unloading 1594 Unused Serialized files (Serialized files now loaded: 0)
Unloading 72 unused Assets / (44.3 KB). Loaded Objects now: 16338.
Memory consumption went from 2.72 GB to 2.72 GB.
Total: 7.143600 ms (FindLiveObjects: 0.797500 ms CreateObjectMapping: 0.581800 ms MarkObjects: 5.576100 ms  DeleteObjects: 0.186000 ms)

Unloading 0 Unused Serialized files (Serialized files now loaded: 0)
Unloading 0 unused Assets / (0 B). Loaded Objects now: 16338.
Memory consumption went from 2.64 GB to 2.64 GB.
Total: 6.274600 ms (FindLiveObjects: 0.711500 ms CreateObjectMapping: 0.435800 ms MarkObjects: 5.109500 ms  DeleteObjects: 0.017100 ms)

Unloading 0 Unused Serialized files (Serialized files now loaded: 0)
Unloading 0 unused Assets / (0 B). Loaded Objects now: 16345.
Memory consumption went from 2.64 GB to 2.64 GB.
Total: 6.247400 ms (FindLiveObjects: 0.738900 ms CreateObjectMapping: 0.414500 ms MarkObjects: 5.076100 ms  DeleteObjects: 0.017000 ms)

Unloading 0 Unused Serialized files (Serialized files now loaded: 0)
Unloading 0 unused Assets / (0 B). Loaded Objects now: 16917.
Memory consumption went from 2.65 GB to 2.65 GB.
Total: 6.487400 ms (FindLiveObjects: 0.829400 ms CreateObjectMapping: 0.487300 ms MarkObjects: 5.153200 ms  DeleteObjects: 0.016600 ms)

Unloading 0 Unused Serialized files (Serialized files now loaded: 0)
Unloading 0 unused Assets / (0 B). Loaded Objects now: 16917.
Memory consumption went from 2.65 GB to 2.65 GB.
Total: 6.699700 ms (FindLiveObjects: 0.907900 ms CreateObjectMapping: 0.482800 ms MarkObjects: 5.259700 ms  DeleteObjects: 0.048300 ms)

Unloading 0 Unused Serialized files (Serialized files now loaded: 0)
Unloading 0 unused Assets / (0 B). Loaded Objects now: 16985.
Memory consumption went from 2.65 GB to 2.65 GB.
Total: 8.976700 ms (FindLiveObjects: 3.266200 ms CreateObjectMapping: 0.531100 ms MarkObjects: 5.142500 ms  DeleteObjects: 0.035900 ms)

Unloading 0 Unused Serialized files (Serialized files now loaded: 0)
Unloading 0 unused Assets / (0 B). Loaded Objects now: 16985.
Memory consumption went from 2.65 GB to 2.65 GB.
Total: 6.415300 ms (FindLiveObjects: 0.818700 ms CreateObjectMapping: 0.481100 ms MarkObjects: 5.098800 ms  DeleteObjects: 0.015800 ms)

Unloading 0 Unused Serialized files (Serialized files now loaded: 0)
Unloading 0 unused Assets / (0 B). Loaded Objects now: 16985.
Memory consumption went from 2.65 GB to 2.65 GB.
Total: 5.609900 ms (FindLiveObjects: 0.671000 ms CreateObjectMapping: 0.342000 ms MarkObjects: 4.580900 ms  DeleteObjects: 0.015500 ms)

Unloading 0 Unused Serialized files (Serialized files now loaded: 0)
Unloading 0 unused Assets / (0 B). Loaded Objects now: 16985.
Memory consumption went from 2.65 GB to 2.65 GB.
Total: 5.226100 ms (FindLiveObjects: 0.571200 ms CreateObjectMapping: 0.234300 ms MarkObjects: 4.404800 ms  DeleteObjects: 0.015200 ms)

Unloading 0 Unused Serialized files (Serialized files now loaded: 0)
Unloading 0 unused Assets / (0 B). Loaded Objects now: 16987.
Memory consumption went from 2.65 GB to 2.65 GB.
Total: 6.306500 ms (FindLiveObjects: 0.799600 ms CreateObjectMapping: 0.426700 ms MarkObjects: 5.063300 ms  DeleteObjects: 0.016300 ms)

Unloading 0 Unused Serialized files (Serialized files now loaded: 0)
Unloading 0 unused Assets / (0 B). Loaded Objects now: 16987.
Memory consumption went from 2.65 GB to 2.65 GB.
Total: 5.827500 ms (FindLiveObjects: 0.643400 ms CreateObjectMapping: 0.340700 ms MarkObjects: 4.826300 ms  DeleteObjects: 0.016400 ms)

Unloading 0 Unused Serialized files (Serialized files now loaded: 0)
Unloading 0 unused Assets / (0 B). Loaded Objects now: 17003.
Memory consumption went from 2.65 GB to 2.65 GB.
Total: 6.538000 ms (FindLiveObjects: 0.843700 ms CreateObjectMapping: 0.455200 ms MarkObjects: 5.218500 ms  DeleteObjects: 0.019800 ms)

未正确创建技能:
UnityEngine.StackTraceUtility:ExtractStackTrace ()
UnityEngine.DebugLogHandler:LogFormat (UnityEngine.LogType,UnityEngine.Object,string,object[])
UnityEngine.Logger:Log (UnityEngine.LogType,object)
UnityEngine.Debug:Log (object)
UnityEngine.MonoBehaviour:print (object)
Boss2_Controller_w:AnimEvent (Spine.TrackEntry,Spine.Event) (at Assets/Game/Scripts/ColorTiming/Legacy/Boss2_Controller_w.cs:311)
Spine.TrackEntry:OnEvent (Spine.Event) (at Assets/Plugins/Spine/Runtime/spine-csharp/AnimationState.cs:998)
Spine.EventQueue:Drain () (at Assets/Plugins/Spine/Runtime/spine-csharp/AnimationState.cs:1341)
Spine.AnimationState:Apply (Spine.Skeleton) (at Assets/Plugins/Spine/Runtime/spine-csharp/AnimationState.cs:299)
Spine.Unity.SkeletonAnimation:ApplyAnimation () (at Assets/Plugins/Spine/Runtime/spine-unity/Components/SkeletonAnimation.cs:225)
Spine.Unity.SkeletonAnimation:Update (single) (at Assets/Plugins/Spine/Runtime/spine-unity/Components/SkeletonAnimation.cs:211)
Spine.Unity.SkeletonAnimation:Update () (at Assets/Plugins/Spine/Runtime/spine-unity/Components/SkeletonAnimation.cs:196)

(Filename: Assets/Game/Scripts/ColorTiming/Legacy/Boss2_Controller_w.cs Line: 311)

Unloading 0 Unused Serialized files (Serialized files now loaded: 0)
Unloading 0 unused Assets / (0 B). Loaded Objects now: 17003.
Memory consumption went from 2.65 GB to 2.65 GB.
Total: 6.738800 ms (FindLiveObjects: 0.830800 ms CreateObjectMapping: 0.452600 ms MarkObjects: 5.438900 ms  DeleteObjects: 0.015800 ms)

Unloading 0 Unused Serialized files (Serialized files now loaded: 0)
Unloading 0 unused Assets / (0 B). Loaded Objects now: 17010.
Memory consumption went from 2.65 GB to 2.65 GB.
Total: 6.974300 ms (FindLiveObjects: 0.829200 ms CreateObjectMapping: 0.543800 ms MarkObjects: 5.583100 ms  DeleteObjects: 0.017300 ms)

Loaded scene 'Assets/Game/Scene/StartMenu.unity'
	Deserialize:            0.984 ms
	Integration:            0.773 ms
	Integration of assets:  0.003 ms
	Thread Wait Time:       29.676 ms
	Total Operation Time:   31.436 ms
There are 2 event systems in the scene. Please ensure there is always exactly one event system in the scene
UnityEngine.StackTraceUtility:ExtractStackTrace ()
UnityEngine.DebugLogHandler:LogFormat (UnityEngine.LogType,UnityEngine.Object,string,object[])
UnityEngine.Logger:Log (UnityEngine.LogType,object)
UnityEngine.Debug:LogWarning (object)
UnityEngine.EventSystems.EventSystem:Update () (at ./Library/PackageCache/com.unity.ugui@1.0.0/Runtime/EventSystem/EventSystem.cs:543)

(Filename: ./Library/PackageCache/com.unity.ugui@1.0.0/Runtime/EventSystem/EventSystem.cs Line: 543)

Unloading 3 Unused Serialized files (Serialized files now loaded: 0)
Unloading 3511 unused Assets / (1.62 GB). Loaded Objects now: 12472.
Memory consumption went from 2.65 GB to 1.03 GB.
Total: 57.905100 ms (FindLiveObjects: 0.751600 ms CreateObjectMapping: 0.475100 ms MarkObjects: 5.818600 ms  DeleteObjects: 50.858800 ms)

There are 2 event systems in the scene. Please ensure there is always exactly one event system in the scene
UnityEngine.StackTraceUtility:ExtractStackTrace ()
UnityEngine.DebugLogHandler:LogFormat (UnityEngine.LogType,UnityEngine.Object,string,object[])
UnityEngine.Logger:Log (UnityEngine.LogType,object)
UnityEngine.Debug:LogWarning (object)
UnityEngine.EventSystems.EventSystem:Update () (at ./Library/PackageCache/com.unity.ugui@1.0.0/Runtime/EventSystem/EventSystem.cs:543)

(Filename: ./Library/PackageCache/com.unity.ugui@1.0.0/Runtime/EventSystem/EventSystem.cs Line: 543)

There are 2 event systems in the scene. Please ensure there is always exactly one event system in the scene
UnityEngine.StackTraceUtility:ExtractStackTrace ()
UnityEngine.DebugLogHandler:LogFormat (UnityEngine.LogType,UnityEngine.Object,string,object[])
UnityEngine.Logger:Log (UnityEngine.LogType,object)
UnityEngine.Debug:LogWarning (object)
UnityEngine.EventSystems.EventSystem:Update () (at ./Library/PackageCache/com.unity.ugui@1.0.0/Runtime/EventSystem/EventSystem.cs:543)

(Filename: ./Library/PackageCache/com.unity.ugui@1.0.0/Runtime/EventSystem/EventSystem.cs Line: 543)

There are 2 event systems in the scene. Please ensure there is always exactly one event system in the scene
UnityEngine.StackTraceUtility:ExtractStackTrace ()
UnityEngine.DebugLogHandler:LogFormat (UnityEngine.LogType,UnityEngine.Object,string,object[])
UnityEngine.Logger:Log (UnityEngine.LogType,object)
UnityEngine.Debug:LogWarning (object)
UnityEngine.EventSystems.EventSystem:Update () (at ./Library/PackageCache/com.unity.ugui@1.0.0/Runtime/EventSystem/EventSystem.cs:543)

(Filename: ./Library/PackageCache/com.unity.ugui@1.0.0/Runtime/EventSystem/EventSystem.cs Line: 543)

There are 2 event systems in the scene. Please ensure there is always exactly one event system in the scene
UnityEngine.StackTraceUtility:ExtractStackTrace ()
UnityEngine.DebugLogHandler:LogFormat (UnityEngine.LogType,UnityEngine.Object,string,object[])
UnityEngine.Logger:Log (UnityEngine.LogType,object)
UnityEngine.Debug:LogWarning (object)
UnityEngine.EventSystems.EventSystem:Update () (at ./Library/PackageCache/com.unity.ugui@1.0.0/Runtime/EventSystem/EventSystem.cs:543)

(Filename: ./Library/PackageCache/com.unity.ugui@1.0.0/Runtime/EventSystem/EventSystem.cs Line: 543)

There are 2 event systems in the scene. Please ensure there is always exactly one event system in the scene
UnityEngine.StackTraceUtility:ExtractStackTrace ()
UnityEngine.DebugLogHandler:LogFormat (UnityEngine.LogType,UnityEngine.Object,string,object[])
UnityEngine.Logger:Log (UnityEngine.LogType,object)
UnityEngine.Debug:LogWarning (object)
UnityEngine.EventSystems.EventSystem:Update () (at ./Library/PackageCache/com.unity.ugui@1.0.0/Runtime/EventSystem/EventSystem.cs:543)

(Filename: ./Library/PackageCache/com.unity.ugui@1.0.0/Runtime/EventSystem/EventSystem.cs Line: 543)

There are 2 event systems in the scene. Please ensure there is always exactly one event system in the scene
UnityEngine.StackTraceUtility:ExtractStackTrace ()
UnityEngine.DebugLogHandler:LogFormat (UnityEngine.LogType,UnityEngine.Object,string,object[])
UnityEngine.Logger:Log (UnityEngine.LogType,object)
UnityEngine.Debug:LogWarning (object)
UnityEngine.EventSystems.EventSystem:Update () (at ./Library/PackageCache/com.unity.ugui@1.0.0/Runtime/EventSystem/EventSystem.cs:543)

(Filename: ./Library/PackageCache/com.unity.ugui@1.0.0/Runtime/EventSystem/EventSystem.cs Line: 543)

There are 2 event systems in the scene. Please ensure there is always exactly one event system in the scene
UnityEngine.StackTraceUtility:ExtractStackTrace ()
UnityEngine.DebugLogHandler:LogFormat (UnityEngine.LogType,UnityEngine.Object,string,object[])
UnityEngine.Logger:Log (UnityEngine.LogType,object)
UnityEngine.Debug:LogWarning (object)
UnityEngine.EventSystems.EventSystem:Update () (at ./Library/PackageCache/com.unity.ugui@1.0.0/Runtime/EventSystem/EventSystem.cs:543)

(Filename: ./Library/PackageCache/com.unity.ugui@1.0.0/Runtime/EventSystem/EventSystem.cs Line: 543)

Loaded scene 'Assets/Game/Scene/Boss1.unity'
	Deserialize:            808.722 ms
	Integration:            81.106 ms
	Integration of assets:  340.869 ms
	Thread Wait Time:       1246.545 ms
	Total Operation Time:   2477.241 ms
已初始化BOSS血量:11
UnityEngine.StackTraceUtility:ExtractStackTrace ()
UnityEngine.DebugLogHandler:LogFormat (UnityEngine.LogType,UnityEngine.Object,string,object[])
UnityEngine.Logger:Log (UnityEngine.LogType,object)
UnityEngine.Debug:Log (object)
UnityEngine.MonoBehaviour:print (object)
Boss1_Controller:CreateBossHP () (at Assets/Game/Scripts/ColorTiming/Legacy/Boss1_Controller.cs:257)
Boss1_Controller:Start () (at Assets/Game/Scripts/ColorTiming/Legacy/Boss1_Controller.cs:67)

(Filename: Assets/Game/Scripts/ColorTiming/Legacy/Boss1_Controller.cs Line: 257)

Unloading 2557 Unused Serialized files (Serialized files now loaded: 0)
Unloading 73 unused Assets / (21.8 KB). Loaded Objects now: 19402.
Memory consumption went from 2.38 GB to 2.38 GB.
Total: 6.980200 ms (FindLiveObjects: 0.992200 ms CreateObjectMapping: 0.581500 ms MarkObjects: 5.280300 ms  DeleteObjects: 0.125200 ms)

Unloading 0 Unused Serialized files (Serialized files now loaded: 0)
Unloading 0 unused Assets / (3.8 KB). Loaded Objects now: 19402.
Memory consumption went from 2.38 GB to 2.38 GB.
Total: 6.228700 ms (FindLiveObjects: 0.851400 ms CreateObjectMapping: 0.359500 ms MarkObjects: 4.995700 ms  DeleteObjects: 0.021400 ms)

颜色不同，不造成伤害
UnityEngine.StackTraceUtility:ExtractStackTrace ()
UnityEngine.DebugLogHandler:LogFormat (UnityEngine.LogType,UnityEngine.Object,string,object[])
UnityEngine.Logger:Log (UnityEngine.LogType,object)
UnityEngine.Debug:Log (object)
UnityEngine.MonoBehaviour:print (object)
Boss1_Controller:OnDamage (UnityEngine.GameObject,Weapon,UnityEngine.Vector2,string) (at Assets/Game/Scripts/ColorTiming/Legacy/Boss1_Controller.cs:283)
ColorTiming.Tests.PlayMode.BossRuntimeProgressionPlayModeTests:AssertWrongColorDoesNotDamage (Boss1_Controller) (at Assets/Game/Tests/ColorTiming/PlayMode/BossRuntimeProgressionPlayModeTests.cs:108)
ColorTiming.Tests.PlayMode.BossRuntimeProgressionPlayModeTests/<FormalFlow_ConsumesEveryBossColor_ActivatesTailAndShowsFinalResult>d__2:MoveNext () (at Assets/Game/Tests/ColorTiming/PlayMode/BossRuntimeProgressionPlayModeTests.cs:38)
UnityEngine.TestTools.TestEnumerator/<Execute>d__7:MoveNext () (at ./Library/PackageCache/com.unity.test-framework@1.4.6/UnityEngine.TestRunner/NUnitExtensions/Attributes/TestEnumerator.cs:44)
UnityEngine.TestTools.EnumerableTestMethodCommand/<ExecuteEnumerableAndRecordExceptions>d__4:MoveNext () (at ./Library/PackageCache/com.unity.test-framework@1.4.6/UnityEngine.TestRunner/NUnitExtensions/Commands/EnumerableTestMethodCommand.cs:79)
UnityEngine.TestTools.EnumerableTestMethodCommand:AdvanceEnumerator (System.Collections.IEnumerator) (at ./Library/PackageCache/com.unity.test-framework@1.4.6/UnityEngine.TestRunner/NUnitExtensions/Commands/EnumerableTestMethodCommand.cs:64)
UnityEngine.TestTools.EnumerableTestMethodCommand/<ExecuteEnumerable>d__2:MoveNext () (at ./Library/PackageCache/com.unity.test-framework@1.4.6/UnityEngine.TestRunner/NUnitExtensions/Commands/EnumerableTestMethodCommand.cs:47)
UnityEngine.TestRunner.NUnitExtensions.Runner.UnityLogCheckDelegatingCommand/<ExecuteEnumerable>d__3:MoveNext () (at ./Library/PackageCache/com.unity.test-framework@1.4.6/UnityEngine.TestRunner/NUnitExtensions/Runner/UnityLogCheckDelegatingCommand.cs:48)
UnityEngine.TestTools.BeforeAfterTestCommandBase`1/<ExecuteEnumerable>d__14<NUnit.Framework.ITestAction>:MoveNext () (at ./Library/PackageCache/com.unity.test-framework@1.4.6/UnityEngine.TestRunner/NUnitExtensions/Commands/BeforeAfterTestCommandBase.cs:187)
UnityEngine.TestTools.BeforeAfterTestCommandBase`1/<ExecuteEnumerable>d__14<System.Reflection.MethodInfo>:MoveNext () (at ./Library/PackageCache/com.unity.test-framework@1.4.6/UnityEngine.TestRunner/NUnitExtensions/Commands/BeforeAfterTestCommandBase.cs:187)
UnityEngine.TestTools.BeforeAfterTestCommandBase`1/<ExecuteEnumerable>d__14<System.Reflection.MethodInfo>:MoveNext () (at ./Library/PackageCache/com.unity.test-framework@1.4.6/UnityEngine.TestRunner/NUnitExtensions/Commands/BeforeAfterTestCommandBase.cs:187)
UnityEngine.TestTools.BeforeAfterTestCommandBase`1/<ExecuteEnumerable>d__14<UnityEngine.TestTools.IOuterUnityTestAction>:MoveNext () (at ./Library/PackageCache/com.unity.test-framework@1.4.6/UnityEngine.TestRunner/NUnitExtensions/Commands/BeforeAfterTestCommandBase.cs:187)
UnityEngine.TestTools.RetryCommand/<ExecuteEnumerable>d__2:MoveNext () (at ./Library/PackageCache/com.unity.test-framework@1.4.6/UnityEngine.TestRunner/NUnitExtensions/Commands/RetryCommand.cs:37)
UnityEngine.TestTools.RepeatCommand/<ExecuteEnumerable>d__2:MoveNext () (at ./Library/PackageCache/com.unity.test-framework@1.4.6/UnityEngine.TestRunner/NUnitExtensions/Commands/RepeatCommand.cs:36)
UnityEngine.TestTools.EnumerableApplyChangesToContextCommand/<ExecuteEnumerable>d__1:MoveNext () (at ./Library/PackageCache/com.unity.test-framework@1.4.6/UnityEngine.TestRunner/NUnitExtensions/Commands/EnumerableApplyChangesToContextCommand.cs:23)
UnityEngine.TestTools.IgnoreTestCommand/<ExecuteEnumerable>d__3:MoveNext () (at ./Library/PackageCache/com.unity.test-framework@1.4.6/UnityEngine.TestRunner/NUnitExtensions/Commands/IgnoreTestCommand.cs:42)
UnityEngine.TestTools.StrictCheckCommand/<ExecuteEnumerable>d__2:MoveNext () (at ./Library/PackageCache/com.unity.test-framework@1.4.6/UnityEngine.TestRunner/NUnitExtensions/Commands/StrictCheckCommand.cs:29)
UnityEngine.TestTools.Utils.CoroutineRunner/<WrapEnumeratorForChecks>d__8:MoveNext () (at ./Library/PackageCache/com.unity.test-framework@1.4.6/UnityEngine.TestRunner/Utils/CoroutineRunner.cs:58)
UnityEngine.SetupCoroutine:InvokeMoveNext (System.Collections.IEnumerator,intptr)

(Filename: Assets/Game/Scripts/ColorTiming/Legacy/Boss1_Controller.cs Line: 283)

Unloading 0 Unused Serialized files (Serialized files now loaded: 0)
Unloading 0 unused Assets / (0 B). Loaded Objects now: 19402.
Memory consumption went from 2.38 GB to 2.38 GB.
Total: 6.782600 ms (FindLiveObjects: 1.006300 ms CreateObjectMapping: 0.567500 ms MarkObjects: 5.190000 ms  DeleteObjects: 0.018300 ms)

Unloading 0 Unused Serialized files (Serialized files now loaded: 0)
Unloading 0 unused Assets / (64.0 KB). Loaded Objects now: 19402.
Memory consumption went from 2.38 GB to 2.38 GB.
Total: 6.183400 ms (FindLiveObjects: 0.848900 ms CreateObjectMapping: 0.470300 ms MarkObjects: 4.841000 ms  DeleteObjects: 0.022500 ms)

Unloading 0 Unused Serialized files (Serialized files now loaded: 0)
Unloading 0 unused Assets / (0 B). Loaded Objects now: 19402.
Memory consumption went from 2.38 GB to 2.38 GB.
Total: 6.618900 ms (FindLiveObjects: 0.931000 ms CreateObjectMapping: 0.544200 ms MarkObjects: 5.119800 ms  DeleteObjects: 0.022600 ms)

Unloading 0 Unused Serialized files (Serialized files now loaded: 0)
Unloading 0 unused Assets / (0 B). Loaded Objects now: 19402.
Memory consumption went from 2.38 GB to 2.38 GB.
Total: 6.142300 ms (FindLiveObjects: 0.898800 ms CreateObjectMapping: 0.555200 ms MarkObjects: 4.661300 ms  DeleteObjects: 0.026300 ms)

Unloading 0 Unused Serialized files (Serialized files now loaded: 0)
Unloading 0 unused Assets / (0 B). Loaded Objects now: 19402.
Memory consumption went from 2.38 GB to 2.38 GB.
Total: 6.465600 ms (FindLiveObjects: 0.874000 ms CreateObjectMapping: 0.519500 ms MarkObjects: 5.048600 ms  DeleteObjects: 0.023000 ms)

Unloading 0 Unused Serialized files (Serialized files now loaded: 0)
Unloading 0 unused Assets / (0 B). Loaded Objects now: 19402.
Memory consumption went from 2.38 GB to 2.38 GB.
Total: 6.253500 ms (FindLiveObjects: 0.815800 ms CreateObjectMapping: 0.504300 ms MarkObjects: 4.911900 ms  DeleteObjects: 0.020400 ms)

Unloading 0 Unused Serialized files (Serialized files now loaded: 0)
Unloading 0 unused Assets / (0 B). Loaded Objects now: 19402.
Memory consumption went from 2.38 GB to 2.38 GB.
Total: 6.584500 ms (FindLiveObjects: 0.912900 ms CreateObjectMapping: 0.570700 ms MarkObjects: 5.071600 ms  DeleteObjects: 0.028600 ms)

Unloading 0 Unused Serialized files (Serialized files now loaded: 0)
Unloading 0 unused Assets / (0 B). Loaded Objects now: 19402.
Memory consumption went from 2.38 GB to 2.38 GB.
Total: 6.729000 ms (FindLiveObjects: 0.982500 ms CreateObjectMapping: 0.559200 ms MarkObjects: 5.167000 ms  DeleteObjects: 0.019500 ms)

Unloading 0 Unused Serialized files (Serialized files now loaded: 0)
Unloading 0 unused Assets / (0 B). Loaded Objects now: 19402.
Memory consumption went from 2.38 GB to 2.38 GB.
Total: 5.925100 ms (FindLiveObjects: 0.755100 ms CreateObjectMapping: 0.361600 ms MarkObjects: 4.787000 ms  DeleteObjects: 0.020600 ms)

Unloading 0 Unused Serialized files (Serialized files now loaded: 0)
Unloading 0 unused Assets / (0 B). Loaded Objects now: 19402.
Memory consumption went from 2.38 GB to 2.38 GB.
Total: 6.329600 ms (FindLiveObjects: 0.804800 ms CreateObjectMapping: 0.477100 ms MarkObjects: 5.022200 ms  DeleteObjects: 0.024500 ms)

Unloading 0 Unused Serialized files (Serialized files now loaded: 0)
Unloading 0 unused Assets / (0 B). Loaded Objects now: 19402.
Memory consumption went from 2.38 GB to 2.38 GB.
Total: 6.426600 ms (FindLiveObjects: 0.877200 ms CreateObjectMapping: 0.524800 ms MarkObjects: 5.002600 ms  DeleteObjects: 0.021200 ms)

BOSS 已经死亡，不再处理伤害
UnityEngine.StackTraceUtility:ExtractStackTrace ()
UnityEngine.DebugLogHandler:LogFormat (UnityEngine.LogType,UnityEngine.Object,string,object[])
UnityEngine.Logger:Log (UnityEngine.LogType,object)
UnityEngine.Debug:Log (object)
UnityEngine.MonoBehaviour:print (object)
Boss1_Controller:OnDamage (UnityEngine.GameObject,Weapon,UnityEngine.Vector2,string) (at Assets/Game/Scripts/ColorTiming/Legacy/Boss1_Controller.cs:304)
ColorTiming.Tests.PlayMode.BossRuntimeProgressionPlayModeTests/<FormalFlow_ConsumesEveryBossColor_ActivatesTailAndShowsFinalResult>d__2:MoveNext () (at Assets/Game/Tests/ColorTiming/PlayMode/BossRuntimeProgressionPlayModeTests.cs:44)
UnityEngine.TestTools.TestEnumerator/<Execute>d__7:MoveNext () (at ./Library/PackageCache/com.unity.test-framework@1.4.6/UnityEngine.TestRunner/NUnitExtensions/Attributes/TestEnumerator.cs:44)
UnityEngine.TestTools.EnumerableTestMethodCommand/<ExecuteEnumerableAndRecordExceptions>d__4:MoveNext () (at ./Library/PackageCache/com.unity.test-framework@1.4.6/UnityEngine.TestRunner/NUnitExtensions/Commands/EnumerableTestMethodCommand.cs:79)
UnityEngine.TestTools.EnumerableTestMethodCommand:AdvanceEnumerator (System.Collections.IEnumerator) (at ./Library/PackageCache/com.unity.test-framework@1.4.6/UnityEngine.TestRunner/NUnitExtensions/Commands/EnumerableTestMethodCommand.cs:64)
UnityEngine.TestTools.EnumerableTestMethodCommand/<ExecuteEnumerable>d__2:MoveNext () (at ./Library/PackageCache/com.unity.test-framework@1.4.6/UnityEngine.TestRunner/NUnitExtensions/Commands/EnumerableTestMethodCommand.cs:47)
UnityEngine.TestRunner.NUnitExtensions.Runner.UnityLogCheckDelegatingCommand/<ExecuteEnumerable>d__3:MoveNext () (at ./Library/PackageCache/com.unity.test-framework@1.4.6/UnityEngine.TestRunner/NUnitExtensions/Runner/UnityLogCheckDelegatingCommand.cs:48)
UnityEngine.TestTools.BeforeAfterTestCommandBase`1/<ExecuteEnumerable>d__14<NUnit.Framework.ITestAction>:MoveNext () (at ./Library/PackageCache/com.unity.test-framework@1.4.6/UnityEngine.TestRunner/NUnitExtensions/Commands/BeforeAfterTestCommandBase.cs:187)
UnityEngine.TestTools.BeforeAfterTestCommandBase`1/<ExecuteEnumerable>d__14<System.Reflection.MethodInfo>:MoveNext () (at ./Library/PackageCache/com.unity.test-framework@1.4.6/UnityEngine.TestRunner/NUnitExtensions/Commands/BeforeAfterTestCommandBase.cs:187)
UnityEngine.TestTools.BeforeAfterTestCommandBase`1/<ExecuteEnumerable>d__14<System.Reflection.MethodInfo>:MoveNext () (at ./Library/PackageCache/com.unity.test-framework@1.4.6/UnityEngine.TestRunner/NUnitExtensions/Commands/BeforeAfterTestCommandBase.cs:187)
UnityEngine.TestTools.BeforeAfterTestCommandBase`1/<ExecuteEnumerable>d__14<UnityEngine.TestTools.IOuterUnityTestAction>:MoveNext () (at ./Library/PackageCache/com.unity.test-framework@1.4.6/UnityEngine.TestRunner/NUnitExtensions/Commands/BeforeAfterTestCommandBase.cs:187)
UnityEngine.TestTools.RetryCommand/<ExecuteEnumerable>d__2:MoveNext () (at ./Library/PackageCache/com.unity.test-framework@1.4.6/UnityEngine.TestRunner/NUnitExtensions/Commands/RetryCommand.cs:37)
UnityEngine.TestTools.RepeatCommand/<ExecuteEnumerable>d__2:MoveNext () (at ./Library/PackageCache/com.unity.test-framework@1.4.6/UnityEngine.TestRunner/NUnitExtensions/Commands/RepeatCommand.cs:36)
UnityEngine.TestTools.EnumerableApplyChangesToContextCommand/<ExecuteEnumerable>d__1:MoveNext () (at ./Library/PackageCache/com.unity.test-framework@1.4.6/UnityEngine.TestRunner/NUnitExtensions/Commands/EnumerableApplyChangesToContextCommand.cs:23)
UnityEngine.TestTools.IgnoreTestCommand/<ExecuteEnumerable>d__3:MoveNext () (at ./Library/PackageCache/com.unity.test-framework@1.4.6/UnityEngine.TestRunner/NUnitExtensions/Commands/IgnoreTestCommand.cs:42)
UnityEngine.TestTools.StrictCheckCommand/<ExecuteEnumerable>d__2:MoveNext () (at ./Library/PackageCache/com.unity.test-framework@1.4.6/UnityEngine.TestRunner/NUnitExtensions/Commands/StrictCheckCommand.cs:29)
UnityEngine.TestTools.Utils.CoroutineRunner/<WrapEnumeratorForChecks>d__8:MoveNext () (at ./Library/PackageCache/com.unity.test-framework@1.4.6/UnityEngine.TestRunner/Utils/CoroutineRunner.cs:58)
UnityEngine.SetupCoroutine:InvokeMoveNext (System.Collections.IEnumerator,intptr)

(Filename: Assets/Game/Scripts/ColorTiming/Legacy/Boss1_Controller.cs Line: 304)

Loaded scene 'Assets/Game/Scene/Boss2.unity'
	Deserialize:            242.941 ms
	Integration:            10.356 ms
	Integration of assets:  137.256 ms
	Thread Wait Time:       55.065 ms
	Total Operation Time:   445.618 ms
已初始化BOSS血量:15
UnityEngine.StackTraceUtility:ExtractStackTrace ()
UnityEngine.DebugLogHandler:LogFormat (UnityEngine.LogType,UnityEngine.Object,string,object[])
UnityEngine.Logger:Log (UnityEngine.LogType,object)
UnityEngine.Debug:Log (object)
UnityEngine.MonoBehaviour:print (object)
Boss2_Controller:CreateBossHP () (at Assets/Game/Scripts/ColorTiming/Legacy/Boss2_Controller.cs:421)
Boss2_Controller:Start () (at Assets/Game/Scripts/ColorTiming/Legacy/Boss2_Controller.cs:87)

(Filename: Assets/Game/Scripts/ColorTiming/Legacy/Boss2_Controller.cs Line: 421)

Unloading 34 Unused Serialized files (Serialized files now loaded: 0)
Unloading 2305 unused Assets / (273.0 MB). Loaded Objects now: 17011.
Memory consumption went from 3.02 GB to 2.75 GB.
Total: 12.824200 ms (FindLiveObjects: 0.969100 ms CreateObjectMapping: 0.576900 ms MarkObjects: 5.162500 ms  DeleteObjects: 6.114800 ms)

颜色不同，不造成伤害
UnityEngine.StackTraceUtility:ExtractStackTrace ()
UnityEngine.DebugLogHandler:LogFormat (UnityEngine.LogType,UnityEngine.Object,string,object[])
UnityEngine.Logger:Log (UnityEngine.LogType,object)
UnityEngine.Debug:Log (object)
UnityEngine.MonoBehaviour:print (object)
Boss2_Controller:OnDamage (UnityEngine.GameObject,Weapon,UnityEngine.Vector2,string) (at Assets/Game/Scripts/ColorTiming/Legacy/Boss2_Controller.cs:447)
ColorTiming.Tests.PlayMode.BossRuntimeProgressionPlayModeTests:AssertWrongColorDoesNotDamage (Boss2_Controller) (at Assets/Game/Tests/ColorTiming/PlayMode/BossRuntimeProgressionPlayModeTests.cs:118)
ColorTiming.Tests.PlayMode.BossRuntimeProgressionPlayModeTests/<FormalFlow_ConsumesEveryBossColor_ActivatesTailAndShowsFinalResult>d__2:MoveNext () (at Assets/Game/Tests/ColorTiming/PlayMode/BossRuntimeProgressionPlayModeTests.cs:65)
UnityEngine.TestTools.TestEnumerator/<Execute>d__7:MoveNext () (at ./Library/PackageCache/com.unity.test-framework@1.4.6/UnityEngine.TestRunner/NUnitExtensions/Attributes/TestEnumerator.cs:44)
UnityEngine.TestTools.EnumerableTestMethodCommand/<ExecuteEnumerableAndRecordExceptions>d__4:MoveNext () (at ./Library/PackageCache/com.unity.test-framework@1.4.6/UnityEngine.TestRunner/NUnitExtensions/Commands/EnumerableTestMethodCommand.cs:79)
UnityEngine.TestTools.EnumerableTestMethodCommand:AdvanceEnumerator (System.Collections.IEnumerator) (at ./Library/PackageCache/com.unity.test-framework@1.4.6/UnityEngine.TestRunner/NUnitExtensions/Commands/EnumerableTestMethodCommand.cs:64)
UnityEngine.TestTools.EnumerableTestMethodCommand/<ExecuteEnumerable>d__2:MoveNext () (at ./Library/PackageCache/com.unity.test-framework@1.4.6/UnityEngine.TestRunner/NUnitExtensions/Commands/EnumerableTestMethodCommand.cs:47)
UnityEngine.TestRunner.NUnitExtensions.Runner.UnityLogCheckDelegatingCommand/<ExecuteEnumerable>d__3:MoveNext () (at ./Library/PackageCache/com.unity.test-framework@1.4.6/UnityEngine.TestRunner/NUnitExtensions/Runner/UnityLogCheckDelegatingCommand.cs:48)
UnityEngine.TestTools.BeforeAfterTestCommandBase`1/<ExecuteEnumerable>d__14<NUnit.Framework.ITestAction>:MoveNext () (at ./Library/PackageCache/com.unity.test-framework@1.4.6/UnityEngine.TestRunner/NUnitExtensions/Commands/BeforeAfterTestCommandBase.cs:187)
UnityEngine.TestTools.BeforeAfterTestCommandBase`1/<ExecuteEnumerable>d__14<System.Reflection.MethodInfo>:MoveNext () (at ./Library/PackageCache/com.unity.test-framework@1.4.6/UnityEngine.TestRunner/NUnitExtensions/Commands/BeforeAfterTestCommandBase.cs:187)
UnityEngine.TestTools.BeforeAfterTestCommandBase`1/<ExecuteEnumerable>d__14<System.Reflection.MethodInfo>:MoveNext () (at ./Library/PackageCache/com.unity.test-framework@1.4.6/UnityEngine.TestRunner/NUnitExtensions/Commands/BeforeAfterTestCommandBase.cs:187)
UnityEngine.TestTools.BeforeAfterTestCommandBase`1/<ExecuteEnumerable>d__14<UnityEngine.TestTools.IOuterUnityTestAction>:MoveNext () (at ./Library/PackageCache/com.unity.test-framework@1.4.6/UnityEngine.TestRunner/NUnitExtensions/Commands/BeforeAfterTestCommandBase.cs:187)
UnityEngine.TestTools.RetryCommand/<ExecuteEnumerable>d__2:MoveNext () (at ./Library/PackageCache/com.unity.test-framework@1.4.6/UnityEngine.TestRunner/NUnitExtensions/Commands/RetryCommand.cs:37)
UnityEngine.TestTools.RepeatCommand/<ExecuteEnumerable>d__2:MoveNext () (at ./Library/PackageCache/com.unity.test-framework@1.4.6/UnityEngine.TestRunner/NUnitExtensions/Commands/RepeatCommand.cs:36)
UnityEngine.TestTools.EnumerableApplyChangesToContextCommand/<ExecuteEnumerable>d__1:MoveNext () (at ./Library/PackageCache/com.unity.test-framework@1.4.6/UnityEngine.TestRunner/NUnitExtensions/Commands/EnumerableApplyChangesToContextCommand.cs:23)
UnityEngine.TestTools.IgnoreTestCommand/<ExecuteEnumerable>d__3:MoveNext () (at ./Library/PackageCache/com.unity.test-framework@1.4.6/UnityEngine.TestRunner/NUnitExtensions/Commands/IgnoreTestCommand.cs:42)
UnityEngine.TestTools.StrictCheckCommand/<ExecuteEnumerable>d__2:MoveNext () (at ./Library/PackageCache/com.unity.test-framework@1.4.6/UnityEngine.TestRunner/NUnitExtensions/Commands/StrictCheckCommand.cs:29)
UnityEngine.TestTools.Utils.CoroutineRunner/<WrapEnumeratorForChecks>d__8:MoveNext () (at ./Library/PackageCache/com.unity.test-framework@1.4.6/UnityEngine.TestRunner/Utils/CoroutineRunner.cs:58)
UnityEngine.SetupCoroutine:InvokeMoveNext (System.Collections.IEnumerator,intptr)

(Filename: Assets/Game/Scripts/ColorTiming/Legacy/Boss2_Controller.cs Line: 447)

Unloading 0 Unused Serialized files (Serialized files now loaded: 0)
Unloading 0 unused Assets / (6.5 MB). Loaded Objects now: 17011.
Memory consumption went from 2.73 GB to 2.72 GB.
Total: 7.008800 ms (FindLiveObjects: 0.922300 ms CreateObjectMapping: 0.514200 ms MarkObjects: 5.549100 ms  DeleteObjects: 0.022200 ms)

Unloading 0 Unused Serialized files (Serialized files now loaded: 0)
Unloading 0 unused Assets / (0 B). Loaded Objects now: 17011.
Memory consumption went from 2.72 GB to 2.72 GB.
Total: 6.354200 ms (FindLiveObjects: 0.812800 ms CreateObjectMapping: 0.427600 ms MarkObjects: 5.095200 ms  DeleteObjects: 0.017900 ms)

Unloading 0 Unused Serialized files (Serialized files now loaded: 0)
Unloading 0 unused Assets / (0 B). Loaded Objects now: 17011.
Memory consumption went from 2.72 GB to 2.72 GB.
Total: 8.309900 ms (FindLiveObjects: 0.877400 ms CreateObjectMapping: 0.489200 ms MarkObjects: 6.920000 ms  DeleteObjects: 0.022600 ms)

Unloading 0 Unused Serialized files (Serialized files now loaded: 0)
Unloading 0 unused Assets / (Unknown). Loaded Objects now: 17013.
Memory consumption went from 2.72 GB to 2.72 GB.
Total: 6.986200 ms (FindLiveObjects: 0.965300 ms CreateObjectMapping: 0.516900 ms MarkObjects: 5.472100 ms  DeleteObjects: 0.031100 ms)

Unloading 0 Unused Serialized files (Serialized files now loaded: 0)
Unloading 0 unused Assets / (0 B). Loaded Objects now: 17013.
Memory consumption went from 2.72 GB to 2.72 GB.
Total: 6.323400 ms (FindLiveObjects: 0.900300 ms CreateObjectMapping: 0.447900 ms MarkObjects: 4.953700 ms  DeleteObjects: 0.020600 ms)

Unloading 0 Unused Serialized files (Serialized files now loaded: 0)
Unloading 0 unused Assets / (0 B). Loaded Objects now: 17013.
Memory consumption went from 2.72 GB to 2.72 GB.
Total: 6.602900 ms (FindLiveObjects: 0.904600 ms CreateObjectMapping: 0.490500 ms MarkObjects: 5.186100 ms  DeleteObjects: 0.021000 ms)

Unloading 0 Unused Serialized files (Serialized files now loaded: 0)
Unloading 0 unused Assets / (0 B). Loaded Objects now: 17013.
Memory consumption went from 2.72 GB to 2.72 GB.
Total: 6.711800 ms (FindLiveObjects: 1.003700 ms CreateObjectMapping: 0.439000 ms MarkObjects: 5.248500 ms  DeleteObjects: 0.019800 ms)

Unloading 0 Unused Serialized files (Serialized files now loaded: 0)
Unloading 0 unused Assets / (0 B). Loaded Objects now: 17013.
Memory consumption went from 2.72 GB to 2.72 GB.
Total: 6.670800 ms (FindLiveObjects: 0.894700 ms CreateObjectMapping: 0.499200 ms MarkObjects: 5.253200 ms  DeleteObjects: 0.023000 ms)

Unloading 0 Unused Serialized files (Serialized files now loaded: 0)
Unloading 0 unused Assets / (0 B). Loaded Objects now: 17013.
Memory consumption went from 2.72 GB to 2.72 GB.
Total: 6.772700 ms (FindLiveObjects: 0.931500 ms CreateObjectMapping: 0.520400 ms MarkObjects: 5.299000 ms  DeleteObjects: 0.021200 ms)

Unloading 0 Unused Serialized files (Serialized files now loaded: 0)
Unloading 0 unused Assets / (Unknown). Loaded Objects now: 17013.
Memory consumption went from 2.72 GB to 2.72 GB.
Total: 7.146200 ms (FindLiveObjects: 0.982100 ms CreateObjectMapping: 0.508100 ms MarkObjects: 5.635400 ms  DeleteObjects: 0.019800 ms)

Unloading 0 Unused Serialized files (Serialized files now loaded: 0)
Unloading 0 unused Assets / (0 B). Loaded Objects now: 17013.
Memory consumption went from 2.72 GB to 2.72 GB.
Total: 6.841300 ms (FindLiveObjects: 0.913200 ms CreateObjectMapping: 0.480500 ms MarkObjects: 5.426000 ms  DeleteObjects: 0.020700 ms)

Unloading 0 Unused Serialized files (Serialized files now loaded: 0)
Unloading 0 unused Assets / (0 B). Loaded Objects now: 17013.
Memory consumption went from 2.72 GB to 2.72 GB.
Total: 6.751500 ms (FindLiveObjects: 0.914900 ms CreateObjectMapping: 0.501700 ms MarkObjects: 5.313600 ms  DeleteObjects: 0.020500 ms)

Unloading 0 Unused Serialized files (Serialized files now loaded: 0)
Unloading 0 unused Assets / (0 B). Loaded Objects now: 17013.
Memory consumption went from 2.72 GB to 2.72 GB.
Total: 6.711100 ms (FindLiveObjects: 0.923500 ms CreateObjectMapping: 0.520200 ms MarkObjects: 5.238800 ms  DeleteObjects: 0.027800 ms)

Unloading 0 Unused Serialized files (Serialized files now loaded: 0)
Unloading 0 unused Assets / (0 B). Loaded Objects now: 17013.
Memory consumption went from 2.72 GB to 2.72 GB.
Total: 6.466700 ms (FindLiveObjects: 0.920700 ms CreateObjectMapping: 0.509800 ms MarkObjects: 5.012600 ms  DeleteObjects: 0.022900 ms)

Unloading 0 Unused Serialized files (Serialized files now loaded: 0)
Unloading 0 unused Assets / (0 B). Loaded Objects now: 17013.
Memory consumption went from 2.72 GB to 2.72 GB.
Total: 6.778200 ms (FindLiveObjects: 0.931500 ms CreateObjectMapping: 0.517100 ms MarkObjects: 5.308700 ms  DeleteObjects: 0.020100 ms)

Unloading 0 Unused Serialized files (Serialized files now loaded: 0)
Unloading 0 unused Assets / (0 B). Loaded Objects now: 17013.
Memory consumption went from 2.72 GB to 2.72 GB.
Total: 6.342100 ms (FindLiveObjects: 0.902000 ms CreateObjectMapping: 0.483400 ms MarkObjects: 4.933100 ms  DeleteObjects: 0.022600 ms)

BOSS 已经死亡，不再处理伤害
UnityEngine.StackTraceUtility:ExtractStackTrace ()
UnityEngine.DebugLogHandler:LogFormat (UnityEngine.LogType,UnityEngine.Object,string,object[])
UnityEngine.Logger:Log (UnityEngine.LogType,object)
UnityEngine.Debug:Log (object)
UnityEngine.MonoBehaviour:print (object)
Boss2_Controller:OnDamage (UnityEngine.GameObject,Weapon,UnityEngine.Vector2,string) (at Assets/Game/Scripts/ColorTiming/Legacy/Boss2_Controller.cs:479)
ColorTiming.Tests.PlayMode.BossRuntimeProgressionPlayModeTests/<FormalFlow_ConsumesEveryBossColor_ActivatesTailAndShowsFinalResult>d__2:MoveNext () (at Assets/Game/Tests/ColorTiming/PlayMode/BossRuntimeProgressionPlayModeTests.cs:71)
UnityEngine.TestTools.TestEnumerator/<Execute>d__7:MoveNext () (at ./Library/PackageCache/com.unity.test-framework@1.4.6/UnityEngine.TestRunner/NUnitExtensions/Attributes/TestEnumerator.cs:44)
UnityEngine.TestTools.EnumerableTestMethodCommand/<ExecuteEnumerableAndRecordExceptions>d__4:MoveNext () (at ./Library/PackageCache/com.unity.test-framework@1.4.6/UnityEngine.TestRunner/NUnitExtensions/Commands/EnumerableTestMethodCommand.cs:79)
UnityEngine.TestTools.EnumerableTestMethodCommand:AdvanceEnumerator (System.Collections.IEnumerator) (at ./Library/PackageCache/com.unity.test-framework@1.4.6/UnityEngine.TestRunner/NUnitExtensions/Commands/EnumerableTestMethodCommand.cs:64)
UnityEngine.TestTools.EnumerableTestMethodCommand/<ExecuteEnumerable>d__2:MoveNext () (at ./Library/PackageCache/com.unity.test-framework@1.4.6/UnityEngine.TestRunner/NUnitExtensions/Commands/EnumerableTestMethodCommand.cs:47)
UnityEngine.TestRunner.NUnitExtensions.Runner.UnityLogCheckDelegatingCommand/<ExecuteEnumerable>d__3:MoveNext () (at ./Library/PackageCache/com.unity.test-framework@1.4.6/UnityEngine.TestRunner/NUnitExtensions/Runner/UnityLogCheckDelegatingCommand.cs:48)
UnityEngine.TestTools.BeforeAfterTestCommandBase`1/<ExecuteEnumerable>d__14<NUnit.Framework.ITestAction>:MoveNext () (at ./Library/PackageCache/com.unity.test-framework@1.4.6/UnityEngine.TestRunner/NUnitExtensions/Commands/BeforeAfterTestCommandBase.cs:187)
UnityEngine.TestTools.BeforeAfterTestCommandBase`1/<ExecuteEnumerable>d__14<System.Reflection.MethodInfo>:MoveNext () (at ./Library/PackageCache/com.unity.test-framework@1.4.6/UnityEngine.TestRunner/NUnitExtensions/Commands/BeforeAfterTestCommandBase.cs:187)
UnityEngine.TestTools.BeforeAfterTestCommandBase`1/<ExecuteEnumerable>d__14<System.Reflection.MethodInfo>:MoveNext () (at ./Library/PackageCache/com.unity.test-framework@1.4.6/UnityEngine.TestRunner/NUnitExtensions/Commands/BeforeAfterTestCommandBase.cs:187)
UnityEngine.TestTools.BeforeAfterTestCommandBase`1/<ExecuteEnumerable>d__14<UnityEngine.TestTools.IOuterUnityTestAction>:MoveNext () (at ./Library/PackageCache/com.unity.test-framework@1.4.6/UnityEngine.TestRunner/NUnitExtensions/Commands/BeforeAfterTestCommandBase.cs:187)
UnityEngine.TestTools.RetryCommand/<ExecuteEnumerable>d__2:MoveNext () (at ./Library/PackageCache/com.unity.test-framework@1.4.6/UnityEngine.TestRunner/NUnitExtensions/Commands/RetryCommand.cs:37)
UnityEngine.TestTools.RepeatCommand/<ExecuteEnumerable>d__2:MoveNext () (at ./Library/PackageCache/com.unity.test-framework@1.4.6/UnityEngine.TestRunner/NUnitExtensions/Commands/RepeatCommand.cs:36)
UnityEngine.TestTools.EnumerableApplyChangesToContextCommand/<ExecuteEnumerable>d__1:MoveNext () (at ./Library/PackageCache/com.unity.test-framework@1.4.6/UnityEngine.TestRunner/NUnitExtensions/Commands/EnumerableApplyChangesToContextCommand.cs:23)
UnityEngine.TestTools.IgnoreTestCommand/<ExecuteEnumerable>d__3:MoveNext () (at ./Library/PackageCache/com.unity.test-framework@1.4.6/UnityEngine.TestRunner/NUnitExtensions/Commands/IgnoreTestCommand.cs:42)
UnityEngine.TestTools.StrictCheckCommand/<ExecuteEnumerable>d__2:MoveNext () (at ./Library/PackageCache/com.unity.test-framework@1.4.6/UnityEngine.TestRunner/NUnitExtensions/Commands/StrictCheckCommand.cs:29)
UnityEngine.TestTools.Utils.CoroutineRunner/<WrapEnumeratorForChecks>d__8:MoveNext () (at ./Library/PackageCache/com.unity.test-framework@1.4.6/UnityEngine.TestRunner/Utils/CoroutineRunner.cs:58)
UnityEngine.SetupCoroutine:InvokeMoveNext (System.Collections.IEnumerator,intptr)

(Filename: Assets/Game/Scripts/ColorTiming/Legacy/Boss2_Controller.cs Line: 479)

Loaded scene 'Assets/Game/Scene/StartMenu.unity'
	Deserialize:            0.990 ms
	Integration:            0.653 ms
	Integration of assets:  0.002 ms
	Thread Wait Time:       30.457 ms
	Total Operation Time:   32.102 ms
There are 2 event systems in the scene. Please ensure there is always exactly one event system in the scene
UnityEngine.StackTraceUtility:ExtractStackTrace ()
UnityEngine.DebugLogHandler:LogFormat (UnityEngine.LogType,UnityEngine.Object,string,object[])
UnityEngine.Logger:Log (UnityEngine.LogType,object)
UnityEngine.Debug:LogWarning (object)
UnityEngine.EventSystems.EventSystem:Update () (at ./Library/PackageCache/com.unity.ugui@1.0.0/Runtime/EventSystem/EventSystem.cs:543)

(Filename: ./Library/PackageCache/com.unity.ugui@1.0.0/Runtime/EventSystem/EventSystem.cs Line: 543)

Unloading 3 Unused Serialized files (Serialized files now loaded: 0)
Unloading 3505 unused Assets / (1.62 GB). Loaded Objects now: 12551.
Memory consumption went from 2.72 GB to 1.10 GB.
Total: 44.322500 ms (FindLiveObjects: 0.839200 ms CreateObjectMapping: 0.497000 ms MarkObjects: 4.991100 ms  DeleteObjects: 37.994300 ms)

There are 2 event systems in the scene. Please ensure there is always exactly one event system in the scene
UnityEngine.StackTraceUtility:ExtractStackTrace ()
UnityEngine.DebugLogHandler:LogFormat (UnityEngine.LogType,UnityEngine.Object,string,object[])
UnityEngine.Logger:Log (UnityEngine.LogType,object)
UnityEngine.Debug:LogWarning (object)
UnityEngine.EventSystems.EventSystem:Update () (at ./Library/PackageCache/com.unity.ugui@1.0.0/Runtime/EventSystem/EventSystem.cs:543)

(Filename: ./Library/PackageCache/com.unity.ugui@1.0.0/Runtime/EventSystem/EventSystem.cs Line: 543)

There are 2 event systems in the scene. Please ensure there is always exactly one event system in the scene
UnityEngine.StackTraceUtility:ExtractStackTrace ()
UnityEngine.DebugLogHandler:LogFormat (UnityEngine.LogType,UnityEngine.Object,string,object[])
UnityEngine.Logger:Log (UnityEngine.LogType,object)
UnityEngine.Debug:LogWarning (object)
UnityEngine.EventSystems.EventSystem:Update () (at ./Library/PackageCache/com.unity.ugui@1.0.0/Runtime/EventSystem/EventSystem.cs:543)

(Filename: ./Library/PackageCache/com.unity.ugui@1.0.0/Runtime/EventSystem/EventSystem.cs Line: 543)

There are 2 event systems in the scene. Please ensure there is always exactly one event system in the scene
UnityEngine.StackTraceUtility:ExtractStackTrace ()
UnityEngine.DebugLogHandler:LogFormat (UnityEngine.LogType,UnityEngine.Object,string,object[])
UnityEngine.Logger:Log (UnityEngine.LogType,object)
UnityEngine.Debug:LogWarning (object)
UnityEngine.EventSystems.EventSystem:Update () (at ./Library/PackageCache/com.unity.ugui@1.0.0/Runtime/EventSystem/EventSystem.cs:543)

(Filename: ./Library/PackageCache/com.unity.ugui@1.0.0/Runtime/EventSystem/EventSystem.cs Line: 543)

There are 2 event systems in the scene. Please ensure there is always exactly one event system in the scene
UnityEngine.StackTraceUtility:ExtractStackTrace ()
UnityEngine.DebugLogHandler:LogFormat (UnityEngine.LogType,UnityEngine.Object,string,object[])
UnityEngine.Logger:Log (UnityEngine.LogType,object)
UnityEngine.Debug:LogWarning (object)
UnityEngine.EventSystems.EventSystem:Update () (at ./Library/PackageCache/com.unity.ugui@1.0.0/Runtime/EventSystem/EventSystem.cs:543)

(Filename: ./Library/PackageCache/com.unity.ugui@1.0.0/Runtime/EventSystem/EventSystem.cs Line: 543)

There are 2 event systems in the scene. Please ensure there is always exactly one event system in the scene
UnityEngine.StackTraceUtility:ExtractStackTrace ()
UnityEngine.DebugLogHandler:LogFormat (UnityEngine.LogType,UnityEngine.Object,string,object[])
UnityEngine.Logger:Log (UnityEngine.LogType,object)
UnityEngine.Debug:LogWarning (object)
UnityEngine.EventSystems.EventSystem:Update () (at ./Library/PackageCache/com.unity.ugui@1.0.0/Runtime/EventSystem/EventSystem.cs:543)

(Filename: ./Library/PackageCache/com.unity.ugui@1.0.0/Runtime/EventSystem/EventSystem.cs Line: 543)

There are 2 event systems in the scene. Please ensure there is always exactly one event system in the scene
UnityEngine.StackTraceUtility:ExtractStackTrace ()
UnityEngine.DebugLogHandler:LogFormat (UnityEngine.LogType,UnityEngine.Object,string,object[])
UnityEngine.Logger:Log (UnityEngine.LogType,object)
UnityEngine.Debug:LogWarning (object)
UnityEngine.EventSystems.EventSystem:Update () (at ./Library/PackageCache/com.unity.ugui@1.0.0/Runtime/EventSystem/EventSystem.cs:543)

(Filename: ./Library/PackageCache/com.unity.ugui@1.0.0/Runtime/EventSystem/EventSystem.cs Line: 543)

There are 2 event systems in the scene. Please ensure there is always exactly one event system in the scene
UnityEngine.StackTraceUtility:ExtractStackTrace ()
UnityEngine.DebugLogHandler:LogFormat (UnityEngine.LogType,UnityEngine.Object,string,object[])
UnityEngine.Logger:Log (UnityEngine.LogType,object)
UnityEngine.Debug:LogWarning (object)
UnityEngine.EventSystems.EventSystem:Update () (at ./Library/PackageCache/com.unity.ugui@1.0.0/Runtime/EventSystem/EventSystem.cs:543)

(Filename: ./Library/PackageCache/com.unity.ugui@1.0.0/Runtime/EventSystem/EventSystem.cs Line: 543)

Loaded scene 'Assets/Game/Scene/Boss1.unity'
	Deserialize:            781.738 ms
	Integration:            10.436 ms
	Integration of assets:  335.248 ms
	Thread Wait Time:       1241.742 ms
	Total Operation Time:   2369.164 ms
已初始化BOSS血量:11
UnityEngine.StackTraceUtility:ExtractStackTrace ()
UnityEngine.DebugLogHandler:LogFormat (UnityEngine.LogType,UnityEngine.Object,string,object[])
UnityEngine.Logger:Log (UnityEngine.LogType,object)
UnityEngine.Debug:Log (object)
UnityEngine.MonoBehaviour:print (object)
Boss1_Controller:CreateBossHP () (at Assets/Game/Scripts/ColorTiming/Legacy/Boss1_Controller.cs:257)
Boss1_Controller:Start () (at Assets/Game/Scripts/ColorTiming/Legacy/Boss1_Controller.cs:67)

(Filename: Assets/Game/Scripts/ColorTiming/Legacy/Boss1_Controller.cs Line: 257)

Unloading 2525 Unused Serialized files (Serialized files now loaded: 0)
Unloading 73 unused Assets / (21.7 KB). Loaded Objects now: 19449.
Memory consumption went from 2.38 GB to 2.38 GB.
Total: 7.220000 ms (FindLiveObjects: 0.998300 ms CreateObjectMapping: 0.559600 ms MarkObjects: 5.557300 ms  DeleteObjects: 0.103700 ms)

Unloading 0 Unused Serialized files (Serialized files now loaded: 0)
Unloading 0 unused Assets / (3.8 KB). Loaded Objects now: 19449.
Memory consumption went from 2.38 GB to 2.38 GB.
Total: 6.123000 ms (FindLiveObjects: 0.781400 ms CreateObjectMapping: 0.377000 ms MarkObjects: 4.944700 ms  DeleteObjects: 0.019300 ms)

Loaded scene 'Assets/Game/Scene/StartMenu.unity'
	Deserialize:            1.018 ms
	Integration:            0.610 ms
	Integration of assets:  0.002 ms
	Thread Wait Time:       30.513 ms
	Total Operation Time:   32.142 ms
There are 2 event systems in the scene. Please ensure there is always exactly one event system in the scene
UnityEngine.StackTraceUtility:ExtractStackTrace ()
UnityEngine.DebugLogHandler:LogFormat (UnityEngine.LogType,UnityEngine.Object,string,object[])
UnityEngine.Logger:Log (UnityEngine.LogType,object)
UnityEngine.Debug:LogWarning (object)
UnityEngine.EventSystems.EventSystem:Update () (at ./Library/PackageCache/com.unity.ugui@1.0.0/Runtime/EventSystem/EventSystem.cs:543)

(Filename: ./Library/PackageCache/com.unity.ugui@1.0.0/Runtime/EventSystem/EventSystem.cs Line: 543)

Unloading 2 Unused Serialized files (Serialized files now loaded: 0)
Unloading 5718 unused Assets / (1.39 GB). Loaded Objects now: 12602.
Memory consumption went from 2.38 GB to 0.99 GB.
Total: 42.567700 ms (FindLiveObjects: 0.894000 ms CreateObjectMapping: 0.550400 ms MarkObjects: 5.099500 ms  DeleteObjects: 36.023000 ms)

There are 2 event systems in the scene. Please ensure there is always exactly one event system in the scene
UnityEngine.StackTraceUtility:ExtractStackTrace ()
UnityEngine.DebugLogHandler:LogFormat (UnityEngine.LogType,UnityEngine.Object,string,object[])
UnityEngine.Logger:Log (UnityEngine.LogType,object)
UnityEngine.Debug:LogWarning (object)
UnityEngine.EventSystems.EventSystem:Update () (at ./Library/PackageCache/com.unity.ugui@1.0.0/Runtime/EventSystem/EventSystem.cs:543)

(Filename: ./Library/PackageCache/com.unity.ugui@1.0.0/Runtime/EventSystem/EventSystem.cs Line: 543)

There are 2 event systems in the scene. Please ensure there is always exactly one event system in the scene
UnityEngine.StackTraceUtility:ExtractStackTrace ()
UnityEngine.DebugLogHandler:LogFormat (UnityEngine.LogType,UnityEngine.Object,string,object[])
UnityEngine.Logger:Log (UnityEngine.LogType,object)
UnityEngine.Debug:LogWarning (object)
UnityEngine.EventSystems.EventSystem:Update () (at ./Library/PackageCache/com.unity.ugui@1.0.0/Runtime/EventSystem/EventSystem.cs:543)

(Filename: ./Library/PackageCache/com.unity.ugui@1.0.0/Runtime/EventSystem/EventSystem.cs Line: 543)

There are 2 event systems in the scene. Please ensure there is always exactly one event system in the scene
UnityEngine.StackTraceUtility:ExtractStackTrace ()
UnityEngine.DebugLogHandler:LogFormat (UnityEngine.LogType,UnityEngine.Object,string,object[])
UnityEngine.Logger:Log (UnityEngine.LogType,object)
UnityEngine.Debug:LogWarning (object)
UnityEngine.EventSystems.EventSystem:Update () (at ./Library/PackageCache/com.unity.ugui@1.0.0/Runtime/EventSystem/EventSystem.cs:543)

(Filename: ./Library/PackageCache/com.unity.ugui@1.0.0/Runtime/EventSystem/EventSystem.cs Line: 543)

There are 2 event systems in the scene. Please ensure there is always exactly one event system in the scene
UnityEngine.StackTraceUtility:ExtractStackTrace ()
UnityEngine.DebugLogHandler:LogFormat (UnityEngine.LogType,UnityEngine.Object,string,object[])
UnityEngine.Logger:Log (UnityEngine.LogType,object)
UnityEngine.Debug:LogWarning (object)
UnityEngine.EventSystems.EventSystem:Update () (at ./Library/PackageCache/com.unity.ugui@1.0.0/Runtime/EventSystem/EventSystem.cs:543)

(Filename: ./Library/PackageCache/com.unity.ugui@1.0.0/Runtime/EventSystem/EventSystem.cs Line: 543)

There are 2 event systems in the scene. Please ensure there is always exactly one event system in the scene
UnityEngine.StackTraceUtility:ExtractStackTrace ()
UnityEngine.DebugLogHandler:LogFormat (UnityEngine.LogType,UnityEngine.Object,string,object[])
UnityEngine.Logger:Log (UnityEngine.LogType,object)
UnityEngine.Debug:LogWarning (object)
UnityEngine.EventSystems.EventSystem:Update () (at ./Library/PackageCache/com.unity.ugui@1.0.0/Runtime/EventSystem/EventSystem.cs:543)

(Filename: ./Library/PackageCache/com.unity.ugui@1.0.0/Runtime/EventSystem/EventSystem.cs Line: 543)

There are 2 event systems in the scene. Please ensure there is always exactly one event system in the scene
UnityEngine.StackTraceUtility:ExtractStackTrace ()
UnityEngine.DebugLogHandler:LogFormat (UnityEngine.LogType,UnityEngine.Object,string,object[])
UnityEngine.Logger:Log (UnityEngine.LogType,object)
UnityEngine.Debug:LogWarning (object)
UnityEngine.EventSystems.EventSystem:Update () (at ./Library/PackageCache/com.unity.ugui@1.0.0/Runtime/EventSystem/EventSystem.cs:543)

(Filename: ./Library/PackageCache/com.unity.ugui@1.0.0/Runtime/EventSystem/EventSystem.cs Line: 543)

There are 2 event systems in the scene. Please ensure there is always exactly one event system in the scene
UnityEngine.StackTraceUtility:ExtractStackTrace ()
UnityEngine.DebugLogHandler:LogFormat (UnityEngine.LogType,UnityEngine.Object,string,object[])
UnityEngine.Logger:Log (UnityEngine.LogType,object)
UnityEngine.Debug:LogWarning (object)
UnityEngine.EventSystems.EventSystem:Update () (at ./Library/PackageCache/com.unity.ugui@1.0.0/Runtime/EventSystem/EventSystem.cs:543)

(Filename: ./Library/PackageCache/com.unity.ugui@1.0.0/Runtime/EventSystem/EventSystem.cs Line: 543)

Loaded scene 'Assets/Game/Scene/Boss1.unity'
	Deserialize:            769.520 ms
	Integration:            10.484 ms
	Integration of assets:  325.131 ms
	Thread Wait Time:       1203.620 ms
	Total Operation Time:   2308.755 ms
已初始化BOSS血量:11
UnityEngine.StackTraceUtility:ExtractStackTrace ()
UnityEngine.DebugLogHandler:LogFormat (UnityEngine.LogType,UnityEngine.Object,string,object[])
UnityEngine.Logger:Log (UnityEngine.LogType,object)
UnityEngine.Debug:Log (object)
UnityEngine.MonoBehaviour:print (object)
Boss1_Controller:CreateBossHP () (at Assets/Game/Scripts/ColorTiming/Legacy/Boss1_Controller.cs:257)
Boss1_Controller:Start () (at Assets/Game/Scripts/ColorTiming/Legacy/Boss1_Controller.cs:67)

(Filename: Assets/Game/Scripts/ColorTiming/Legacy/Boss1_Controller.cs Line: 257)

Unloading 2517 Unused Serialized files (Serialized files now loaded: 0)
Unloading 73 unused Assets / (21.7 KB). Loaded Objects now: 19274.
Memory consumption went from 2.38 GB to 2.38 GB.
Total: 6.941100 ms (FindLiveObjects: 0.982500 ms CreateObjectMapping: 0.549000 ms MarkObjects: 5.298500 ms  DeleteObjects: 0.110300 ms)

Unloading 0 Unused Serialized files (Serialized files now loaded: 0)
Unloading 0 unused Assets / (3.8 KB). Loaded Objects now: 19274.
Memory consumption went from 2.38 GB to 2.38 GB.
Total: 5.658500 ms (FindLiveObjects: 0.730800 ms CreateObjectMapping: 0.397400 ms MarkObjects: 4.506600 ms  DeleteObjects: 0.023000 ms)

Loaded scene 'Assets/Game/Scene/Boss2.unity'
	Deserialize:            243.576 ms
	Integration:            9.830 ms
	Integration of assets:  138.181 ms
	Thread Wait Time:       46.876 ms
	Total Operation Time:   438.464 ms
已初始化BOSS血量:15
UnityEngine.StackTraceUtility:ExtractStackTrace ()
UnityEngine.DebugLogHandler:LogFormat (UnityEngine.LogType,UnityEngine.Object,string,object[])
UnityEngine.Logger:Log (UnityEngine.LogType,object)
UnityEngine.Debug:Log (object)
UnityEngine.MonoBehaviour:print (object)
Boss2_Controller:CreateBossHP () (at Assets/Game/Scripts/ColorTiming/Legacy/Boss2_Controller.cs:421)
Boss2_Controller:Start () (at Assets/Game/Scripts/ColorTiming/Legacy/Boss2_Controller.cs:87)

(Filename: Assets/Game/Scripts/ColorTiming/Legacy/Boss2_Controller.cs Line: 421)

Unloading 34 Unused Serialized files (Serialized files now loaded: 0)
Unloading 2297 unused Assets / (272.9 MB). Loaded Objects now: 16891.
Memory consumption went from 3.02 GB to 2.75 GB.
Total: 12.862800 ms (FindLiveObjects: 0.940700 ms CreateObjectMapping: 0.559300 ms MarkObjects: 5.140000 ms  DeleteObjects: 6.221800 ms)

Loaded scene 'Assets/Game/Scene/StartMenu.unity'
	Deserialize:            1.030 ms
	Integration:            0.653 ms
	Integration of assets:  0.002 ms
	Thread Wait Time:       30.106 ms
	Total Operation Time:   31.790 ms
There are 2 event systems in the scene. Please ensure there is always exactly one event system in the scene
UnityEngine.StackTraceUtility:ExtractStackTrace ()
UnityEngine.DebugLogHandler:LogFormat (UnityEngine.LogType,UnityEngine.Object,string,object[])
UnityEngine.Logger:Log (UnityEngine.LogType,object)
UnityEngine.Debug:LogWarning (object)
UnityEngine.EventSystems.EventSystem:Update () (at ./Library/PackageCache/com.unity.ugui@1.0.0/Runtime/EventSystem/EventSystem.cs:543)

(Filename: ./Library/PackageCache/com.unity.ugui@1.0.0/Runtime/EventSystem/EventSystem.cs Line: 543)

Unloading 2 Unused Serialized files (Serialized files now loaded: 0)
Unloading 3505 unused Assets / (1.70 GB). Loaded Objects now: 12384.
Memory consumption went from 2.72 GB to 1.02 GB.
Total: 57.112900 ms (FindLiveObjects: 0.798400 ms CreateObjectMapping: 0.495000 ms MarkObjects: 5.098100 ms  DeleteObjects: 50.720400 ms)

There are 2 event systems in the scene. Please ensure there is always exactly one event system in the scene
UnityEngine.StackTraceUtility:ExtractStackTrace ()
UnityEngine.DebugLogHandler:LogFormat (UnityEngine.LogType,UnityEngine.Object,string,object[])
UnityEngine.Logger:Log (UnityEngine.LogType,object)
UnityEngine.Debug:LogWarning (object)
UnityEngine.EventSystems.EventSystem:Update () (at ./Library/PackageCache/com.unity.ugui@1.0.0/Runtime/EventSystem/EventSystem.cs:543)

(Filename: ./Library/PackageCache/com.unity.ugui@1.0.0/Runtime/EventSystem/EventSystem.cs Line: 543)

There are 2 event systems in the scene. Please ensure there is always exactly one event system in the scene
UnityEngine.StackTraceUtility:ExtractStackTrace ()
UnityEngine.DebugLogHandler:LogFormat (UnityEngine.LogType,UnityEngine.Object,string,object[])
UnityEngine.Logger:Log (UnityEngine.LogType,object)
UnityEngine.Debug:LogWarning (object)
UnityEngine.EventSystems.EventSystem:Update () (at ./Library/PackageCache/com.unity.ugui@1.0.0/Runtime/EventSystem/EventSystem.cs:543)

(Filename: ./Library/PackageCache/com.unity.ugui@1.0.0/Runtime/EventSystem/EventSystem.cs Line: 543)

There are 2 event systems in the scene. Please ensure there is always exactly one event system in the scene
UnityEngine.StackTraceUtility:ExtractStackTrace ()
UnityEngine.DebugLogHandler:LogFormat (UnityEngine.LogType,UnityEngine.Object,string,object[])
UnityEngine.Logger:Log (UnityEngine.LogType,object)
UnityEngine.Debug:LogWarning (object)
UnityEngine.EventSystems.EventSystem:Update () (at ./Library/PackageCache/com.unity.ugui@1.0.0/Runtime/EventSystem/EventSystem.cs:543)

(Filename: ./Library/PackageCache/com.unity.ugui@1.0.0/Runtime/EventSystem/EventSystem.cs Line: 543)

There are 2 event systems in the scene. Please ensure there is always exactly one event system in the scene
UnityEngine.StackTraceUtility:ExtractStackTrace ()
UnityEngine.DebugLogHandler:LogFormat (UnityEngine.LogType,UnityEngine.Object,string,object[])
UnityEngine.Logger:Log (UnityEngine.LogType,object)
UnityEngine.Debug:LogWarning (object)
UnityEngine.EventSystems.EventSystem:Update () (at ./Library/PackageCache/com.unity.ugui@1.0.0/Runtime/EventSystem/EventSystem.cs:543)

(Filename: ./Library/PackageCache/com.unity.ugui@1.0.0/Runtime/EventSystem/EventSystem.cs Line: 543)

There are 2 event systems in the scene. Please ensure there is always exactly one event system in the scene
UnityEngine.StackTraceUtility:ExtractStackTrace ()
UnityEngine.DebugLogHandler:LogFormat (UnityEngine.LogType,UnityEngine.Object,string,object[])
UnityEngine.Logger:Log (UnityEngine.LogType,object)
UnityEngine.Debug:LogWarning (object)
UnityEngine.EventSystems.EventSystem:Update () (at ./Library/PackageCache/com.unity.ugui@1.0.0/Runtime/EventSystem/EventSystem.cs:543)

(Filename: ./Library/PackageCache/com.unity.ugui@1.0.0/Runtime/EventSystem/EventSystem.cs Line: 543)

There are 2 event systems in the scene. Please ensure there is always exactly one event system in the scene
UnityEngine.StackTraceUtility:ExtractStackTrace ()
UnityEngine.DebugLogHandler:LogFormat (UnityEngine.LogType,UnityEngine.Object,string,object[])
UnityEngine.Logger:Log (UnityEngine.LogType,object)
UnityEngine.Debug:LogWarning (object)
UnityEngine.EventSystems.EventSystem:Update () (at ./Library/PackageCache/com.unity.ugui@1.0.0/Runtime/EventSystem/EventSystem.cs:543)

(Filename: ./Library/PackageCache/com.unity.ugui@1.0.0/Runtime/EventSystem/EventSystem.cs Line: 543)

There are 2 event systems in the scene. Please ensure there is always exactly one event system in the scene
UnityEngine.StackTraceUtility:ExtractStackTrace ()
UnityEngine.DebugLogHandler:LogFormat (UnityEngine.LogType,UnityEngine.Object,string,object[])
UnityEngine.Logger:Log (UnityEngine.LogType,object)
UnityEngine.Debug:LogWarning (object)
UnityEngine.EventSystems.EventSystem:Update () (at ./Library/PackageCache/com.unity.ugui@1.0.0/Runtime/EventSystem/EventSystem.cs:543)

(Filename: ./Library/PackageCache/com.unity.ugui@1.0.0/Runtime/EventSystem/EventSystem.cs Line: 543)

There are 2 event systems in the scene. Please ensure there is always exactly one event system in the scene
UnityEngine.StackTraceUtility:ExtractStackTrace ()
UnityEngine.DebugLogHandler:LogFormat (UnityEngine.LogType,UnityEngine.Object,string,object[])
UnityEngine.Logger:Log (UnityEngine.LogType,object)
UnityEngine.Debug:LogWarning (object)
UnityEngine.EventSystems.EventSystem:Update () (at ./Library/PackageCache/com.unity.ugui@1.0.0/Runtime/EventSystem/EventSystem.cs:543)

(Filename: ./Library/PackageCache/com.unity.ugui@1.0.0/Runtime/EventSystem/EventSystem.cs Line: 543)

There are 2 event systems in the scene. Please ensure there is always exactly one event system in the scene
UnityEngine.StackTraceUtility:ExtractStackTrace ()
UnityEngine.DebugLogHandler:LogFormat (UnityEngine.LogType,UnityEngine.Object,string,object[])
UnityEngine.Logger:Log (UnityEngine.LogType,object)
UnityEngine.Debug:LogWarning (object)
UnityEngine.EventSystems.EventSystem:Update () (at ./Library/PackageCache/com.unity.ugui@1.0.0/Runtime/EventSystem/EventSystem.cs:543)

(Filename: ./Library/PackageCache/com.unity.ugui@1.0.0/Runtime/EventSystem/EventSystem.cs Line: 543)

There are 2 event systems in the scene. Please ensure there is always exactly one event system in the scene
UnityEngine.StackTraceUtility:ExtractStackTrace ()
UnityEngine.DebugLogHandler:LogFormat (UnityEngine.LogType,UnityEngine.Object,string,object[])
UnityEngine.Logger:Log (UnityEngine.LogType,object)
UnityEngine.Debug:LogWarning (object)
UnityEngine.EventSystems.EventSystem:Update () (at ./Library/PackageCache/com.unity.ugui@1.0.0/Runtime/EventSystem/EventSystem.cs:543)

(Filename: ./Library/PackageCache/com.unity.ugui@1.0.0/Runtime/EventSystem/EventSystem.cs Line: 543)

There are 2 event systems in the scene. Please ensure there is always exactly one event system in the scene
UnityEngine.StackTraceUtility:ExtractStackTrace ()
UnityEngine.DebugLogHandler:LogFormat (UnityEngine.LogType,UnityEngine.Object,string,object[])
UnityEngine.Logger:Log (UnityEngine.LogType,object)
UnityEngine.Debug:LogWarning (object)
UnityEngine.EventSystems.EventSystem:Update () (at ./Library/PackageCache/com.unity.ugui@1.0.0/Runtime/EventSystem/EventSystem.cs:543)

(Filename: ./Library/PackageCache/com.unity.ugui@1.0.0/Runtime/EventSystem/EventSystem.cs Line: 543)

There are 2 event systems in the scene. Please ensure there is always exactly one event system in the scene
UnityEngine.StackTraceUtility:ExtractStackTrace ()
UnityEngine.DebugLogHandler:LogFormat (UnityEngine.LogType,UnityEngine.Object,string,object[])
UnityEngine.Logger:Log (UnityEngine.LogType,object)
UnityEngine.Debug:LogWarning (object)
UnityEngine.EventSystems.EventSystem:Update () (at ./Library/PackageCache/com.unity.ugui@1.0.0/Runtime/EventSystem/EventSystem.cs:543)

(Filename: ./Library/PackageCache/com.unity.ugui@1.0.0/Runtime/EventSystem/EventSystem.cs Line: 543)

There are 2 event systems in the scene. Please ensure there is always exactly one event system in the scene
UnityEngine.StackTraceUtility:ExtractStackTrace ()
UnityEngine.DebugLogHandler:LogFormat (UnityEngine.LogType,UnityEngine.Object,string,object[])
UnityEngine.Logger:Log (UnityEngine.LogType,object)
UnityEngine.Debug:LogWarning (object)
UnityEngine.EventSystems.EventSystem:Update () (at ./Library/PackageCache/com.unity.ugui@1.0.0/Runtime/EventSystem/EventSystem.cs:543)

(Filename: ./Library/PackageCache/com.unity.ugui@1.0.0/Runtime/EventSystem/EventSystem.cs Line: 543)

There are 2 event systems in the scene. Please ensure there is always exactly one event system in the scene
UnityEngine.StackTraceUtility:ExtractStackTrace ()
UnityEngine.DebugLogHandler:LogFormat (UnityEngine.LogType,UnityEngine.Object,string,object[])
UnityEngine.Logger:Log (UnityEngine.LogType,object)
UnityEngine.Debug:LogWarning (object)
UnityEngine.EventSystems.EventSystem:Update () (at ./Library/PackageCache/com.unity.ugui@1.0.0/Runtime/EventSystem/EventSystem.cs:543)

(Filename: ./Library/PackageCache/com.unity.ugui@1.0.0/Runtime/EventSystem/EventSystem.cs Line: 543)

There are 2 event systems in the scene. Please ensure there is always exactly one event system in the scene
UnityEngine.StackTraceUtility:ExtractStackTrace ()
UnityEngine.DebugLogHandler:LogFormat (UnityEngine.LogType,UnityEngine.Object,string,object[])
UnityEngine.Logger:Log (UnityEngine.LogType,object)
UnityEngine.Debug:LogWarning (object)
UnityEngine.EventSystems.EventSystem:Update () (at ./Library/PackageCache/com.unity.ugui@1.0.0/Runtime/EventSystem/EventSystem.cs:543)

(Filename: ./Library/PackageCache/com.unity.ugui@1.0.0/Runtime/EventSystem/EventSystem.cs Line: 543)

There are 2 event systems in the scene. Please ensure there is always exactly one event system in the scene
UnityEngine.StackTraceUtility:ExtractStackTrace ()
UnityEngine.DebugLogHandler:LogFormat (UnityEngine.LogType,UnityEngine.Object,string,object[])
UnityEngine.Logger:Log (UnityEngine.LogType,object)
UnityEngine.Debug:LogWarning (object)
UnityEngine.EventSystems.EventSystem:Update () (at ./Library/PackageCache/com.unity.ugui@1.0.0/Runtime/EventSystem/EventSystem.cs:543)

(Filename: ./Library/PackageCache/com.unity.ugui@1.0.0/Runtime/EventSystem/EventSystem.cs Line: 543)

There are 2 event systems in the scene. Please ensure there is always exactly one event system in the scene
UnityEngine.StackTraceUtility:ExtractStackTrace ()
UnityEngine.DebugLogHandler:LogFormat (UnityEngine.LogType,UnityEngine.Object,string,object[])
UnityEngine.Logger:Log (UnityEngine.LogType,object)
UnityEngine.Debug:LogWarning (object)
UnityEngine.EventSystems.EventSystem:Update () (at ./Library/PackageCache/com.unity.ugui@1.0.0/Runtime/EventSystem/EventSystem.cs:543)

(Filename: ./Library/PackageCache/com.unity.ugui@1.0.0/Runtime/EventSystem/EventSystem.cs Line: 543)

There are 2 event systems in the scene. Please ensure there is always exactly one event system in the scene
UnityEngine.StackTraceUtility:ExtractStackTrace ()
UnityEngine.DebugLogHandler:LogFormat (UnityEngine.LogType,UnityEngine.Object,string,object[])
UnityEngine.Logger:Log (UnityEngine.LogType,object)
UnityEngine.Debug:LogWarning (object)
UnityEngine.EventSystems.EventSystem:Update () (at ./Library/PackageCache/com.unity.ugui@1.0.0/Runtime/EventSystem/EventSystem.cs:543)

(Filename: ./Library/PackageCache/com.unity.ugui@1.0.0/Runtime/EventSystem/EventSystem.cs Line: 543)

There are 2 event systems in the scene. Please ensure there is always exactly one event system in the scene
UnityEngine.StackTraceUtility:ExtractStackTrace ()
UnityEngine.DebugLogHandler:LogFormat (UnityEngine.LogType,UnityEngine.Object,string,object[])
UnityEngine.Logger:Log (UnityEngine.LogType,object)
UnityEngine.Debug:LogWarning (object)
UnityEngine.EventSystems.EventSystem:Update () (at ./Library/PackageCache/com.unity.ugui@1.0.0/Runtime/EventSystem/EventSystem.cs:543)

(Filename: ./Library/PackageCache/com.unity.ugui@1.0.0/Runtime/EventSystem/EventSystem.cs Line: 543)

There are 2 event systems in the scene. Please ensure there is always exactly one event system in the scene
UnityEngine.StackTraceUtility:ExtractStackTrace ()
UnityEngine.DebugLogHandler:LogFormat (UnityEngine.LogType,UnityEngine.Object,string,object[])
UnityEngine.Logger:Log (UnityEngine.LogType,object)
UnityEngine.Debug:LogWarning (object)
UnityEngine.EventSystems.EventSystem:Update () (at ./Library/PackageCache/com.unity.ugui@1.0.0/Runtime/EventSystem/EventSystem.cs:543)

(Filename: ./Library/PackageCache/com.unity.ugui@1.0.0/Runtime/EventSystem/EventSystem.cs Line: 543)

There are 2 event systems in the scene. Please ensure there is always exactly one event system in the scene
UnityEngine.StackTraceUtility:ExtractStackTrace ()
UnityEngine.DebugLogHandler:LogFormat (UnityEngine.LogType,UnityEngine.Object,string,object[])
UnityEngine.Logger:Log (UnityEngine.LogType,object)
UnityEngine.Debug:LogWarning (object)
UnityEngine.EventSystems.EventSystem:Update () (at ./Library/PackageCache/com.unity.ugui@1.0.0/Runtime/EventSystem/EventSystem.cs:543)

(Filename: ./Library/PackageCache/com.unity.ugui@1.0.0/Runtime/EventSystem/EventSystem.cs Line: 543)

There are 2 event systems in the scene. Please ensure there is always exactly one event system in the scene
UnityEngine.StackTraceUtility:ExtractStackTrace ()
UnityEngine.DebugLogHandler:LogFormat (UnityEngine.LogType,UnityEngine.Object,string,object[])
UnityEngine.Logger:Log (UnityEngine.LogType,object)
UnityEngine.Debug:LogWarning (object)
UnityEngine.EventSystems.EventSystem:Update () (at ./Library/PackageCache/com.unity.ugui@1.0.0/Runtime/EventSystem/EventSystem.cs:543)

(Filename: ./Library/PackageCache/com.unity.ugui@1.0.0/Runtime/EventSystem/EventSystem.cs Line: 543)

There are 2 event systems in the scene. Please ensure there is always exactly one event system in the scene
UnityEngine.StackTraceUtility:ExtractStackTrace ()
UnityEngine.DebugLogHandler:LogFormat (UnityEngine.LogType,UnityEngine.Object,string,object[])
UnityEngine.Logger:Log (UnityEngine.LogType,object)
UnityEngine.Debug:LogWarning (object)
UnityEngine.EventSystems.EventSystem:Update () (at ./Library/PackageCache/com.unity.ugui@1.0.0/Runtime/EventSystem/EventSystem.cs:543)

(Filename: ./Library/PackageCache/com.unity.ugui@1.0.0/Runtime/EventSystem/EventSystem.cs Line: 543)

There are 2 event systems in the scene. Please ensure there is always exactly one event system in the scene
UnityEngine.StackTraceUtility:ExtractStackTrace ()
UnityEngine.DebugLogHandler:LogFormat (UnityEngine.LogType,UnityEngine.Object,string,object[])
UnityEngine.Logger:Log (UnityEngine.LogType,object)
UnityEngine.Debug:LogWarning (object)
UnityEngine.EventSystems.EventSystem:Update () (at ./Library/PackageCache/com.unity.ugui@1.0.0/Runtime/EventSystem/EventSystem.cs:543)

(Filename: ./Library/PackageCache/com.unity.ugui@1.0.0/Runtime/EventSystem/EventSystem.cs Line: 543)

There are 2 event systems in the scene. Please ensure there is always exactly one event system in the scene
UnityEngine.StackTraceUtility:ExtractStackTrace ()
UnityEngine.DebugLogHandler:LogFormat (UnityEngine.LogType,UnityEngine.Object,string,object[])
UnityEngine.Logger:Log (UnityEngine.LogType,object)
UnityEngine.Debug:LogWarning (object)
UnityEngine.EventSystems.EventSystem:Update () (at ./Library/PackageCache/com.unity.ugui@1.0.0/Runtime/EventSystem/EventSystem.cs:543)

(Filename: ./Library/PackageCache/com.unity.ugui@1.0.0/Runtime/EventSystem/EventSystem.cs Line: 543)

There are 2 event systems in the scene. Please ensure there is always exactly one event system in the scene
UnityEngine.StackTraceUtility:ExtractStackTrace ()
UnityEngine.DebugLogHandler:LogFormat (UnityEngine.LogType,UnityEngine.Object,string,object[])
UnityEngine.Logger:Log (UnityEngine.LogType,object)
UnityEngine.Debug:LogWarning (object)
UnityEngine.EventSystems.EventSystem:Update () (at ./Library/PackageCache/com.unity.ugui@1.0.0/Runtime/EventSystem/EventSystem.cs:543)

(Filename: ./Library/PackageCache/com.unity.ugui@1.0.0/Runtime/EventSystem/EventSystem.cs Line: 543)

There are 2 event systems in the scene. Please ensure there is always exactly one event system in the scene
UnityEngine.StackTraceUtility:ExtractStackTrace ()
UnityEngine.DebugLogHandler:LogFormat (UnityEngine.LogType,UnityEngine.Object,string,object[])
UnityEngine.Logger:Log (UnityEngine.LogType,object)
UnityEngine.Debug:LogWarning (object)
UnityEngine.EventSystems.EventSystem:Update () (at ./Library/PackageCache/com.unity.ugui@1.0.0/Runtime/EventSystem/EventSystem.cs:543)

(Filename: ./Library/PackageCache/com.unity.ugui@1.0.0/Runtime/EventSystem/EventSystem.cs Line: 543)

There are 2 event systems in the scene. Please ensure there is always exactly one event system in the scene
UnityEngine.StackTraceUtility:ExtractStackTrace ()
UnityEngine.DebugLogHandler:LogFormat (UnityEngine.LogType,UnityEngine.Object,string,object[])
UnityEngine.Logger:Log (UnityEngine.LogType,object)
UnityEngine.Debug:LogWarning (object)
UnityEngine.EventSystems.EventSystem:Update () (at ./Library/PackageCache/com.unity.ugui@1.0.0/Runtime/EventSystem/EventSystem.cs:543)

(Filename: ./Library/PackageCache/com.unity.ugui@1.0.0/Runtime/EventSystem/EventSystem.cs Line: 543)

There are 2 event systems in the scene. Please ensure there is always exactly one event system in the scene
UnityEngine.StackTraceUtility:ExtractStackTrace ()
UnityEngine.DebugLogHandler:LogFormat (UnityEngine.LogType,UnityEngine.Object,string,object[])
UnityEngine.Logger:Log (UnityEngine.LogType,object)
UnityEngine.Debug:LogWarning (object)
UnityEngine.EventSystems.EventSystem:Update () (at ./Library/PackageCache/com.unity.ugui@1.0.0/Runtime/EventSystem/EventSystem.cs:543)

(Filename: ./Library/PackageCache/com.unity.ugui@1.0.0/Runtime/EventSystem/EventSystem.cs Line: 543)

There are 2 event systems in the scene. Please ensure there is always exactly one event system in the scene
UnityEngine.StackTraceUtility:ExtractStackTrace ()
UnityEngine.DebugLogHandler:LogFormat (UnityEngine.LogType,UnityEngine.Object,string,object[])
UnityEngine.Logger:Log (UnityEngine.LogType,object)
UnityEngine.Debug:LogWarning (object)
UnityEngine.EventSystems.EventSystem:Update () (at ./Library/PackageCache/com.unity.ugui@1.0.0/Runtime/EventSystem/EventSystem.cs:543)

(Filename: ./Library/PackageCache/com.unity.ugui@1.0.0/Runtime/EventSystem/EventSystem.cs Line: 543)

There are 2 event systems in the scene. Please ensure there is always exactly one event system in the scene
UnityEngine.StackTraceUtility:ExtractStackTrace ()
UnityEngine.DebugLogHandler:LogFormat (UnityEngine.LogType,UnityEngine.Object,string,object[])
UnityEngine.Logger:Log (UnityEngine.LogType,object)
UnityEngine.Debug:LogWarning (object)
UnityEngine.EventSystems.EventSystem:Update () (at ./Library/PackageCache/com.unity.ugui@1.0.0/Runtime/EventSystem/EventSystem.cs:543)

(Filename: ./Library/PackageCache/com.unity.ugui@1.0.0/Runtime/EventSystem/EventSystem.cs Line: 543)

There are 2 event systems in the scene. Please ensure there is always exactly one event system in the scene
UnityEngine.StackTraceUtility:ExtractStackTrace ()
UnityEngine.DebugLogHandler:LogFormat (UnityEngine.LogType,UnityEngine.Object,string,object[])
UnityEngine.Logger:Log (UnityEngine.LogType,object)
UnityEngine.Debug:LogWarning (object)
UnityEngine.EventSystems.EventSystem:Update () (at ./Library/PackageCache/com.unity.ugui@1.0.0/Runtime/EventSystem/EventSystem.cs:543)

(Filename: ./Library/PackageCache/com.unity.ugui@1.0.0/Runtime/EventSystem/EventSystem.cs Line: 543)

There are 2 event systems in the scene. Please ensure there is always exactly one event system in the scene
UnityEngine.StackTraceUtility:ExtractStackTrace ()
UnityEngine.DebugLogHandler:LogFormat (UnityEngine.LogType,UnityEngine.Object,string,object[])
UnityEngine.Logger:Log (UnityEngine.LogType,object)
UnityEngine.Debug:LogWarning (object)
UnityEngine.EventSystems.EventSystem:Update () (at ./Library/PackageCache/com.unity.ugui@1.0.0/Runtime/EventSystem/EventSystem.cs:543)

(Filename: ./Library/PackageCache/com.unity.ugui@1.0.0/Runtime/EventSystem/EventSystem.cs Line: 543)

There are 2 event systems in the scene. Please ensure there is always exactly one event system in the scene
UnityEngine.StackTraceUtility:ExtractStackTrace ()
UnityEngine.DebugLogHandler:LogFormat (UnityEngine.LogType,UnityEngine.Object,string,object[])
UnityEngine.Logger:Log (UnityEngine.LogType,object)
UnityEngine.Debug:LogWarning (object)
UnityEngine.EventSystems.EventSystem:Update () (at ./Library/PackageCache/com.unity.ugui@1.0.0/Runtime/EventSystem/EventSystem.cs:543)

(Filename: ./Library/PackageCache/com.unity.ugui@1.0.0/Runtime/EventSystem/EventSystem.cs Line: 543)

There are 2 event systems in the scene. Please ensure there is always exactly one event system in the scene
UnityEngine.StackTraceUtility:ExtractStackTrace ()
UnityEngine.DebugLogHandler:LogFormat (UnityEngine.LogType,UnityEngine.Object,string,object[])
UnityEngine.Logger:Log (UnityEngine.LogType,object)
UnityEngine.Debug:LogWarning (object)
UnityEngine.EventSystems.EventSystem:Update () (at ./Library/PackageCache/com.unity.ugui@1.0.0/Runtime/EventSystem/EventSystem.cs:543)

(Filename: ./Library/PackageCache/com.unity.ugui@1.0.0/Runtime/EventSystem/EventSystem.cs Line: 543)

There are 2 event systems in the scene. Please ensure there is always exactly one event system in the scene
UnityEngine.StackTraceUtility:ExtractStackTrace ()
UnityEngine.DebugLogHandler:LogFormat (UnityEngine.LogType,UnityEngine.Object,string,object[])
UnityEngine.Logger:Log (UnityEngine.LogType,object)
UnityEngine.Debug:LogWarning (object)
UnityEngine.EventSystems.EventSystem:Update () (at ./Library/PackageCache/com.unity.ugui@1.0.0/Runtime/EventSystem/EventSystem.cs:543)

(Filename: ./Library/PackageCache/com.unity.ugui@1.0.0/Runtime/EventSystem/EventSystem.cs Line: 543)

There are 2 event systems in the scene. Please ensure there is always exactly one event system in the scene
UnityEngine.StackTraceUtility:ExtractStackTrace ()
UnityEngine.DebugLogHandler:LogFormat (UnityEngine.LogType,UnityEngine.Object,string,object[])
UnityEngine.Logger:Log (UnityEngine.LogType,object)
UnityEngine.Debug:LogWarning (object)
UnityEngine.EventSystems.EventSystem:Update () (at ./Library/PackageCache/com.unity.ugui@1.0.0/Runtime/EventSystem/EventSystem.cs:543)

(Filename: ./Library/PackageCache/com.unity.ugui@1.0.0/Runtime/EventSystem/EventSystem.cs Line: 543)

There are 2 event systems in the scene. Please ensure there is always exactly one event system in the scene
UnityEngine.StackTraceUtility:ExtractStackTrace ()
UnityEngine.DebugLogHandler:LogFormat (UnityEngine.LogType,UnityEngine.Object,string,object[])
UnityEngine.Logger:Log (UnityEngine.LogType,object)
UnityEngine.Debug:LogWarning (object)
UnityEngine.EventSystems.EventSystem:Update () (at ./Library/PackageCache/com.unity.ugui@1.0.0/Runtime/EventSystem/EventSystem.cs:543)

(Filename: ./Library/PackageCache/com.unity.ugui@1.0.0/Runtime/EventSystem/EventSystem.cs Line: 543)

There are 2 event systems in the scene. Please ensure there is always exactly one event system in the scene
UnityEngine.StackTraceUtility:ExtractStackTrace ()
UnityEngine.DebugLogHandler:LogFormat (UnityEngine.LogType,UnityEngine.Object,string,object[])
UnityEngine.Logger:Log (UnityEngine.LogType,object)
UnityEngine.Debug:LogWarning (object)
UnityEngine.EventSystems.EventSystem:Update () (at ./Library/PackageCache/com.unity.ugui@1.0.0/Runtime/EventSystem/EventSystem.cs:543)

(Filename: ./Library/PackageCache/com.unity.ugui@1.0.0/Runtime/EventSystem/EventSystem.cs Line: 543)

There are 2 event systems in the scene. Please ensure there is always exactly one event system in the scene
UnityEngine.StackTraceUtility:ExtractStackTrace ()
UnityEngine.DebugLogHandler:LogFormat (UnityEngine.LogType,UnityEngine.Object,string,object[])
UnityEngine.Logger:Log (UnityEngine.LogType,object)
UnityEngine.Debug:LogWarning (object)
UnityEngine.EventSystems.EventSystem:Update () (at ./Library/PackageCache/com.unity.ugui@1.0.0/Runtime/EventSystem/EventSystem.cs:543)

(Filename: ./Library/PackageCache/com.unity.ugui@1.0.0/Runtime/EventSystem/EventSystem.cs Line: 543)

There are 2 event systems in the scene. Please ensure there is always exactly one event system in the scene
UnityEngine.StackTraceUtility:ExtractStackTrace ()
UnityEngine.DebugLogHandler:LogFormat (UnityEngine.LogType,UnityEngine.Object,string,object[])
UnityEngine.Logger:Log (UnityEngine.LogType,object)
UnityEngine.Debug:LogWarning (object)
UnityEngine.EventSystems.EventSystem:Update () (at ./Library/PackageCache/com.unity.ugui@1.0.0/Runtime/EventSystem/EventSystem.cs:543)

(Filename: ./Library/PackageCache/com.unity.ugui@1.0.0/Runtime/EventSystem/EventSystem.cs Line: 543)

There are 2 event systems in the scene. Please ensure there is always exactly one event system in the scene
UnityEngine.StackTraceUtility:ExtractStackTrace ()
UnityEngine.DebugLogHandler:LogFormat (UnityEngine.LogType,UnityEngine.Object,string,object[])
UnityEngine.Logger:Log (UnityEngine.LogType,object)
UnityEngine.Debug:LogWarning (object)
UnityEngine.EventSystems.EventSystem:Update () (at ./Library/PackageCache/com.unity.ugui@1.0.0/Runtime/EventSystem/EventSystem.cs:543)

(Filename: ./Library/PackageCache/com.unity.ugui@1.0.0/Runtime/EventSystem/EventSystem.cs Line: 543)

There are 2 event systems in the scene. Please ensure there is always exactly one event system in the scene
UnityEngine.StackTraceUtility:ExtractStackTrace ()
UnityEngine.DebugLogHandler:LogFormat (UnityEngine.LogType,UnityEngine.Object,string,object[])
UnityEngine.Logger:Log (UnityEngine.LogType,object)
UnityEngine.Debug:LogWarning (object)
UnityEngine.EventSystems.EventSystem:Update () (at ./Library/PackageCache/com.unity.ugui@1.0.0/Runtime/EventSystem/EventSystem.cs:543)

(Filename: ./Library/PackageCache/com.unity.ugui@1.0.0/Runtime/EventSystem/EventSystem.cs Line: 543)

There are 2 event systems in the scene. Please ensure there is always exactly one event system in the scene
UnityEngine.StackTraceUtility:ExtractStackTrace ()
UnityEngine.DebugLogHandler:LogFormat (UnityEngine.LogType,UnityEngine.Object,string,object[])
UnityEngine.Logger:Log (UnityEngine.LogType,object)
UnityEngine.Debug:LogWarning (object)
UnityEngine.EventSystems.EventSystem:Update () (at ./Library/PackageCache/com.unity.ugui@1.0.0/Runtime/EventSystem/EventSystem.cs:543)

(Filename: ./Library/PackageCache/com.unity.ugui@1.0.0/Runtime/EventSystem/EventSystem.cs Line: 543)

There are 2 event systems in the scene. Please ensure there is always exactly one event system in the scene
UnityEngine.StackTraceUtility:ExtractStackTrace ()
UnityEngine.DebugLogHandler:LogFormat (UnityEngine.LogType,UnityEngine.Object,string,object[])
UnityEngine.Logger:Log (UnityEngine.LogType,object)
UnityEngine.Debug:LogWarning (object)
UnityEngine.EventSystems.EventSystem:Update () (at ./Library/PackageCache/com.unity.ugui@1.0.0/Runtime/EventSystem/EventSystem.cs:543)

(Filename: ./Library/PackageCache/com.unity.ugui@1.0.0/Runtime/EventSystem/EventSystem.cs Line: 543)

There are 2 event systems in the scene. Please ensure there is always exactly one event system in the scene
UnityEngine.StackTraceUtility:ExtractStackTrace ()
UnityEngine.DebugLogHandler:LogFormat (UnityEngine.LogType,UnityEngine.Object,string,object[])
UnityEngine.Logger:Log (UnityEngine.LogType,object)
UnityEngine.Debug:LogWarning (object)
UnityEngine.EventSystems.EventSystem:Update () (at ./Library/PackageCache/com.unity.ugui@1.0.0/Runtime/EventSystem/EventSystem.cs:543)

(Filename: ./Library/PackageCache/com.unity.ugui@1.0.0/Runtime/EventSystem/EventSystem.cs Line: 543)

There are 2 event systems in the scene. Please ensure there is always exactly one event system in the scene
UnityEngine.StackTraceUtility:ExtractStackTrace ()
UnityEngine.DebugLogHandler:LogFormat (UnityEngine.LogType,UnityEngine.Object,string,object[])
UnityEngine.Logger:Log (UnityEngine.LogType,object)
UnityEngine.Debug:LogWarning (object)
UnityEngine.EventSystems.EventSystem:Update () (at ./Library/PackageCache/com.unity.ugui@1.0.0/Runtime/EventSystem/EventSystem.cs:543)

(Filename: ./Library/PackageCache/com.unity.ugui@1.0.0/Runtime/EventSystem/EventSystem.cs Line: 543)

There are 2 event systems in the scene. Please ensure there is always exactly one event system in the scene
UnityEngine.StackTraceUtility:ExtractStackTrace ()
UnityEngine.DebugLogHandler:LogFormat (UnityEngine.LogType,UnityEngine.Object,string,object[])
UnityEngine.Logger:Log (UnityEngine.LogType,object)
UnityEngine.Debug:LogWarning (object)
UnityEngine.EventSystems.EventSystem:Update () (at ./Library/PackageCache/com.unity.ugui@1.0.0/Runtime/EventSystem/EventSystem.cs:543)

(Filename: ./Library/PackageCache/com.unity.ugui@1.0.0/Runtime/EventSystem/EventSystem.cs Line: 543)

There are 2 event systems in the scene. Please ensure there is always exactly one event system in the scene
UnityEngine.StackTraceUtility:ExtractStackTrace ()
UnityEngine.DebugLogHandler:LogFormat (UnityEngine.LogType,UnityEngine.Object,string,object[])
UnityEngine.Logger:Log (UnityEngine.LogType,object)
UnityEngine.Debug:LogWarning (object)
UnityEngine.EventSystems.EventSystem:Update () (at ./Library/PackageCache/com.unity.ugui@1.0.0/Runtime/EventSystem/EventSystem.cs:543)

(Filename: ./Library/PackageCache/com.unity.ugui@1.0.0/Runtime/EventSystem/EventSystem.cs Line: 543)

There are 2 event systems in the scene. Please ensure there is always exactly one event system in the scene
UnityEngine.StackTraceUtility:ExtractStackTrace ()
UnityEngine.DebugLogHandler:LogFormat (UnityEngine.LogType,UnityEngine.Object,string,object[])
UnityEngine.Logger:Log (UnityEngine.LogType,object)
UnityEngine.Debug:LogWarning (object)
UnityEngine.EventSystems.EventSystem:Update () (at ./Library/PackageCache/com.unity.ugui@1.0.0/Runtime/EventSystem/EventSystem.cs:543)

(Filename: ./Library/PackageCache/com.unity.ugui@1.0.0/Runtime/EventSystem/EventSystem.cs Line: 543)

There are 2 event systems in the scene. Please ensure there is always exactly one event system in the scene
UnityEngine.StackTraceUtility:ExtractStackTrace ()
UnityEngine.DebugLogHandler:LogFormat (UnityEngine.LogType,UnityEngine.Object,string,object[])
UnityEngine.Logger:Log (UnityEngine.LogType,object)
UnityEngine.Debug:LogWarning (object)
UnityEngine.EventSystems.EventSystem:Update () (at ./Library/PackageCache/com.unity.ugui@1.0.0/Runtime/EventSystem/EventSystem.cs:543)

(Filename: ./Library/PackageCache/com.unity.ugui@1.0.0/Runtime/EventSystem/EventSystem.cs Line: 543)

There are 2 event systems in the scene. Please ensure there is always exactly one event system in the scene
UnityEngine.StackTraceUtility:ExtractStackTrace ()
UnityEngine.DebugLogHandler:LogFormat (UnityEngine.LogType,UnityEngine.Object,string,object[])
UnityEngine.Logger:Log (UnityEngine.LogType,object)
UnityEngine.Debug:LogWarning (object)
UnityEngine.EventSystems.EventSystem:Update () (at ./Library/PackageCache/com.unity.ugui@1.0.0/Runtime/EventSystem/EventSystem.cs:543)

(Filename: ./Library/PackageCache/com.unity.ugui@1.0.0/Runtime/EventSystem/EventSystem.cs Line: 543)

There are 2 event systems in the scene. Please ensure there is always exactly one event system in the scene
UnityEngine.StackTraceUtility:ExtractStackTrace ()
UnityEngine.DebugLogHandler:LogFormat (UnityEngine.LogType,UnityEngine.Object,string,object[])
UnityEngine.Logger:Log (UnityEngine.LogType,object)
UnityEngine.Debug:LogWarning (object)
UnityEngine.EventSystems.EventSystem:Update () (at ./Library/PackageCache/com.unity.ugui@1.0.0/Runtime/EventSystem/EventSystem.cs:543)

(Filename: ./Library/PackageCache/com.unity.ugui@1.0.0/Runtime/EventSystem/EventSystem.cs Line: 543)

There are 2 event systems in the scene. Please ensure there is always exactly one event system in the scene
UnityEngine.StackTraceUtility:ExtractStackTrace ()
UnityEngine.DebugLogHandler:LogFormat (UnityEngine.LogType,UnityEngine.Object,string,object[])
UnityEngine.Logger:Log (UnityEngine.LogType,object)
UnityEngine.Debug:LogWarning (object)
UnityEngine.EventSystems.EventSystem:Update () (at ./Library/PackageCache/com.unity.ugui@1.0.0/Runtime/EventSystem/EventSystem.cs:543)

(Filename: ./Library/PackageCache/com.unity.ugui@1.0.0/Runtime/EventSystem/EventSystem.cs Line: 543)

There are 2 event systems in the scene. Please ensure there is always exactly one event system in the scene
UnityEngine.StackTraceUtility:ExtractStackTrace ()
UnityEngine.DebugLogHandler:LogFormat (UnityEngine.LogType,UnityEngine.Object,string,object[])
UnityEngine.Logger:Log (UnityEngine.LogType,object)
UnityEngine.Debug:LogWarning (object)
UnityEngine.EventSystems.EventSystem:Update () (at ./Library/PackageCache/com.unity.ugui@1.0.0/Runtime/EventSystem/EventSystem.cs:543)

(Filename: ./Library/PackageCache/com.unity.ugui@1.0.0/Runtime/EventSystem/EventSystem.cs Line: 543)

There are 2 event systems in the scene. Please ensure there is always exactly one event system in the scene
UnityEngine.StackTraceUtility:ExtractStackTrace ()
UnityEngine.DebugLogHandler:LogFormat (UnityEngine.LogType,UnityEngine.Object,string,object[])
UnityEngine.Logger:Log (UnityEngine.LogType,object)
UnityEngine.Debug:LogWarning (object)
UnityEngine.EventSystems.EventSystem:Update () (at ./Library/PackageCache/com.unity.ugui@1.0.0/Runtime/EventSystem/EventSystem.cs:543)

(Filename: ./Library/PackageCache/com.unity.ugui@1.0.0/Runtime/EventSystem/EventSystem.cs Line: 543)

There are 2 event systems in the scene. Please ensure there is always exactly one event system in the scene
UnityEngine.StackTraceUtility:ExtractStackTrace ()
UnityEngine.DebugLogHandler:LogFormat (UnityEngine.LogType,UnityEngine.Object,string,object[])
UnityEngine.Logger:Log (UnityEngine.LogType,object)
UnityEngine.Debug:LogWarning (object)
UnityEngine.EventSystems.EventSystem:Update () (at ./Library/PackageCache/com.unity.ugui@1.0.0/Runtime/EventSystem/EventSystem.cs:543)

(Filename: ./Library/PackageCache/com.unity.ugui@1.0.0/Runtime/EventSystem/EventSystem.cs Line: 543)

There are 2 event systems in the scene. Please ensure there is always exactly one event system in the scene
UnityEngine.StackTraceUtility:ExtractStackTrace ()
UnityEngine.DebugLogHandler:LogFormat (UnityEngine.LogType,UnityEngine.Object,string,object[])
UnityEngine.Logger:Log (UnityEngine.LogType,object)
UnityEngine.Debug:LogWarning (object)
UnityEngine.EventSystems.EventSystem:Update () (at ./Library/PackageCache/com.unity.ugui@1.0.0/Runtime/EventSystem/EventSystem.cs:543)

(Filename: ./Library/PackageCache/com.unity.ugui@1.0.0/Runtime/EventSystem/EventSystem.cs Line: 543)

There are 2 event systems in the scene. Please ensure there is always exactly one event system in the scene
UnityEngine.StackTraceUtility:ExtractStackTrace ()
UnityEngine.DebugLogHandler:LogFormat (UnityEngine.LogType,UnityEngine.Object,string,object[])
UnityEngine.Logger:Log (UnityEngine.LogType,object)
UnityEngine.Debug:LogWarning (object)
UnityEngine.EventSystems.EventSystem:Update () (at ./Library/PackageCache/com.unity.ugui@1.0.0/Runtime/EventSystem/EventSystem.cs:543)

(Filename: ./Library/PackageCache/com.unity.ugui@1.0.0/Runtime/EventSystem/EventSystem.cs Line: 543)

There are 2 event systems in the scene. Please ensure there is always exactly one event system in the scene
UnityEngine.StackTraceUtility:ExtractStackTrace ()
UnityEngine.DebugLogHandler:LogFormat (UnityEngine.LogType,UnityEngine.Object,string,object[])
UnityEngine.Logger:Log (UnityEngine.LogType,object)
UnityEngine.Debug:LogWarning (object)
UnityEngine.EventSystems.EventSystem:Update () (at ./Library/PackageCache/com.unity.ugui@1.0.0/Runtime/EventSystem/EventSystem.cs:543)

(Filename: ./Library/PackageCache/com.unity.ugui@1.0.0/Runtime/EventSystem/EventSystem.cs Line: 543)

There are 2 event systems in the scene. Please ensure there is always exactly one event system in the scene
UnityEngine.StackTraceUtility:ExtractStackTrace ()
UnityEngine.DebugLogHandler:LogFormat (UnityEngine.LogType,UnityEngine.Object,string,object[])
UnityEngine.Logger:Log (UnityEngine.LogType,object)
UnityEngine.Debug:LogWarning (object)
UnityEngine.EventSystems.EventSystem:Update () (at ./Library/PackageCache/com.unity.ugui@1.0.0/Runtime/EventSystem/EventSystem.cs:543)

(Filename: ./Library/PackageCache/com.unity.ugui@1.0.0/Runtime/EventSystem/EventSystem.cs Line: 543)

There are 2 event systems in the scene. Please ensure there is always exactly one event system in the scene
UnityEngine.StackTraceUtility:ExtractStackTrace ()
UnityEngine.DebugLogHandler:LogFormat (UnityEngine.LogType,UnityEngine.Object,string,object[])
UnityEngine.Logger:Log (UnityEngine.LogType,object)
UnityEngine.Debug:LogWarning (object)
UnityEngine.EventSystems.EventSystem:Update () (at ./Library/PackageCache/com.unity.ugui@1.0.0/Runtime/EventSystem/EventSystem.cs:543)

(Filename: ./Library/PackageCache/com.unity.ugui@1.0.0/Runtime/EventSystem/EventSystem.cs Line: 543)

There are 2 event systems in the scene. Please ensure there is always exactly one event system in the scene
UnityEngine.StackTraceUtility:ExtractStackTrace ()
UnityEngine.DebugLogHandler:LogFormat (UnityEngine.LogType,UnityEngine.Object,string,object[])
UnityEngine.Logger:Log (UnityEngine.LogType,object)
UnityEngine.Debug:LogWarning (object)
UnityEngine.EventSystems.EventSystem:Update () (at ./Library/PackageCache/com.unity.ugui@1.0.0/Runtime/EventSystem/EventSystem.cs:543)

(Filename: ./Library/PackageCache/com.unity.ugui@1.0.0/Runtime/EventSystem/EventSystem.cs Line: 543)

There are 2 event systems in the scene. Please ensure there is always exactly one event system in the scene
UnityEngine.StackTraceUtility:ExtractStackTrace ()
UnityEngine.DebugLogHandler:LogFormat (UnityEngine.LogType,UnityEngine.Object,string,object[])
UnityEngine.Logger:Log (UnityEngine.LogType,object)
UnityEngine.Debug:LogWarning (object)
UnityEngine.EventSystems.EventSystem:Update () (at ./Library/PackageCache/com.unity.ugui@1.0.0/Runtime/EventSystem/EventSystem.cs:543)

(Filename: ./Library/PackageCache/com.unity.ugui@1.0.0/Runtime/EventSystem/EventSystem.cs Line: 543)

There are 2 event systems in the scene. Please ensure there is always exactly one event system in the scene
UnityEngine.StackTraceUtility:ExtractStackTrace ()
UnityEngine.DebugLogHandler:LogFormat (UnityEngine.LogType,UnityEngine.Object,string,object[])
UnityEngine.Logger:Log (UnityEngine.LogType,object)
UnityEngine.Debug:LogWarning (object)
UnityEngine.EventSystems.EventSystem:Update () (at ./Library/PackageCache/com.unity.ugui@1.0.0/Runtime/EventSystem/EventSystem.cs:543)

(Filename: ./Library/PackageCache/com.unity.ugui@1.0.0/Runtime/EventSystem/EventSystem.cs Line: 543)

There are 2 event systems in the scene. Please ensure there is always exactly one event system in the scene
UnityEngine.StackTraceUtility:ExtractStackTrace ()
UnityEngine.DebugLogHandler:LogFormat (UnityEngine.LogType,UnityEngine.Object,string,object[])
UnityEngine.Logger:Log (UnityEngine.LogType,object)
UnityEngine.Debug:LogWarning (object)
UnityEngine.EventSystems.EventSystem:Update () (at ./Library/PackageCache/com.unity.ugui@1.0.0/Runtime/EventSystem/EventSystem.cs:543)

(Filename: ./Library/PackageCache/com.unity.ugui@1.0.0/Runtime/EventSystem/EventSystem.cs Line: 543)

There are 2 event systems in the scene. Please ensure there is always exactly one event system in the scene
UnityEngine.StackTraceUtility:ExtractStackTrace ()
UnityEngine.DebugLogHandler:LogFormat (UnityEngine.LogType,UnityEngine.Object,string,object[])
UnityEngine.Logger:Log (UnityEngine.LogType,object)
UnityEngine.Debug:LogWarning (object)
UnityEngine.EventSystems.EventSystem:Update () (at ./Library/PackageCache/com.unity.ugui@1.0.0/Runtime/EventSystem/EventSystem.cs:543)

(Filename: ./Library/PackageCache/com.unity.ugui@1.0.0/Runtime/EventSystem/EventSystem.cs Line: 543)

There are 2 event systems in the scene. Please ensure there is always exactly one event system in the scene
UnityEngine.StackTraceUtility:ExtractStackTrace ()
UnityEngine.DebugLogHandler:LogFormat (UnityEngine.LogType,UnityEngine.Object,string,object[])
UnityEngine.Logger:Log (UnityEngine.LogType,object)
UnityEngine.Debug:LogWarning (object)
UnityEngine.EventSystems.EventSystem:Update () (at ./Library/PackageCache/com.unity.ugui@1.0.0/Runtime/EventSystem/EventSystem.cs:543)

(Filename: ./Library/PackageCache/com.unity.ugui@1.0.0/Runtime/EventSystem/EventSystem.cs Line: 543)

There are 2 event systems in the scene. Please ensure there is always exactly one event system in the scene
UnityEngine.StackTraceUtility:ExtractStackTrace ()
UnityEngine.DebugLogHandler:LogFormat (UnityEngine.LogType,UnityEngine.Object,string,object[])
UnityEngine.Logger:Log (UnityEngine.LogType,object)
UnityEngine.Debug:LogWarning (object)
UnityEngine.EventSystems.EventSystem:Update () (at ./Library/PackageCache/com.unity.ugui@1.0.0/Runtime/EventSystem/EventSystem.cs:543)

(Filename: ./Library/PackageCache/com.unity.ugui@1.0.0/Runtime/EventSystem/EventSystem.cs Line: 543)

There are 2 event systems in the scene. Please ensure there is always exactly one event system in the scene
UnityEngine.StackTraceUtility:ExtractStackTrace ()
UnityEngine.DebugLogHandler:LogFormat (UnityEngine.LogType,UnityEngine.Object,string,object[])
UnityEngine.Logger:Log (UnityEngine.LogType,object)
UnityEngine.Debug:LogWarning (object)
UnityEngine.EventSystems.EventSystem:Update () (at ./Library/PackageCache/com.unity.ugui@1.0.0/Runtime/EventSystem/EventSystem.cs:543)

(Filename: ./Library/PackageCache/com.unity.ugui@1.0.0/Runtime/EventSystem/EventSystem.cs Line: 543)

There are 2 event systems in the scene. Please ensure there is always exactly one event system in the scene
UnityEngine.StackTraceUtility:ExtractStackTrace ()
UnityEngine.DebugLogHandler:LogFormat (UnityEngine.LogType,UnityEngine.Object,string,object[])
UnityEngine.Logger:Log (UnityEngine.LogType,object)
UnityEngine.Debug:LogWarning (object)
UnityEngine.EventSystems.EventSystem:Update () (at ./Library/PackageCache/com.unity.ugui@1.0.0/Runtime/EventSystem/EventSystem.cs:543)

(Filename: ./Library/PackageCache/com.unity.ugui@1.0.0/Runtime/EventSystem/EventSystem.cs Line: 543)

There are 2 event systems in the scene. Please ensure there is always exactly one event system in the scene
UnityEngine.StackTraceUtility:ExtractStackTrace ()
UnityEngine.DebugLogHandler:LogFormat (UnityEngine.LogType,UnityEngine.Object,string,object[])
UnityEngine.Logger:Log (UnityEngine.LogType,object)
UnityEngine.Debug:LogWarning (object)
UnityEngine.EventSystems.EventSystem:Update () (at ./Library/PackageCache/com.unity.ugui@1.0.0/Runtime/EventSystem/EventSystem.cs:543)

(Filename: ./Library/PackageCache/com.unity.ugui@1.0.0/Runtime/EventSystem/EventSystem.cs Line: 543)

There are 2 event systems in the scene. Please ensure there is always exactly one event system in the scene
UnityEngine.StackTraceUtility:ExtractStackTrace ()
UnityEngine.DebugLogHandler:LogFormat (UnityEngine.LogType,UnityEngine.Object,string,object[])
UnityEngine.Logger:Log (UnityEngine.LogType,object)
UnityEngine.Debug:LogWarning (object)
UnityEngine.EventSystems.EventSystem:Update () (at ./Library/PackageCache/com.unity.ugui@1.0.0/Runtime/EventSystem/EventSystem.cs:543)

(Filename: ./Library/PackageCache/com.unity.ugui@1.0.0/Runtime/EventSystem/EventSystem.cs Line: 543)

There are 2 event systems in the scene. Please ensure there is always exactly one event system in the scene
UnityEngine.StackTraceUtility:ExtractStackTrace ()
UnityEngine.DebugLogHandler:LogFormat (UnityEngine.LogType,UnityEngine.Object,string,object[])
UnityEngine.Logger:Log (UnityEngine.LogType,object)
UnityEngine.Debug:LogWarning (object)
UnityEngine.EventSystems.EventSystem:Update () (at ./Library/PackageCache/com.unity.ugui@1.0.0/Runtime/EventSystem/EventSystem.cs:543)

(Filename: ./Library/PackageCache/com.unity.ugui@1.0.0/Runtime/EventSystem/EventSystem.cs Line: 543)

There are 2 event systems in the scene. Please ensure there is always exactly one event system in the scene
UnityEngine.StackTraceUtility:ExtractStackTrace ()
UnityEngine.DebugLogHandler:LogFormat (UnityEngine.LogType,UnityEngine.Object,string,object[])
UnityEngine.Logger:Log (UnityEngine.LogType,object)
UnityEngine.Debug:LogWarning (object)
UnityEngine.EventSystems.EventSystem:Update () (at ./Library/PackageCache/com.unity.ugui@1.0.0/Runtime/EventSystem/EventSystem.cs:543)

(Filename: ./Library/PackageCache/com.unity.ugui@1.0.0/Runtime/EventSystem/EventSystem.cs Line: 543)

There are 2 event systems in the scene. Please ensure there is always exactly one event system in the scene
UnityEngine.StackTraceUtility:ExtractStackTrace ()
UnityEngine.DebugLogHandler:LogFormat (UnityEngine.LogType,UnityEngine.Object,string,object[])
UnityEngine.Logger:Log (UnityEngine.LogType,object)
UnityEngine.Debug:LogWarning (object)
UnityEngine.EventSystems.EventSystem:Update () (at ./Library/PackageCache/com.unity.ugui@1.0.0/Runtime/EventSystem/EventSystem.cs:543)

(Filename: ./Library/PackageCache/com.unity.ugui@1.0.0/Runtime/EventSystem/EventSystem.cs Line: 543)

There are 2 event systems in the scene. Please ensure there is always exactly one event system in the scene
UnityEngine.StackTraceUtility:ExtractStackTrace ()
UnityEngine.DebugLogHandler:LogFormat (UnityEngine.LogType,UnityEngine.Object,string,object[])
UnityEngine.Logger:Log (UnityEngine.LogType,object)
UnityEngine.Debug:LogWarning (object)
UnityEngine.EventSystems.EventSystem:Update () (at ./Library/PackageCache/com.unity.ugui@1.0.0/Runtime/EventSystem/EventSystem.cs:543)

(Filename: ./Library/PackageCache/com.unity.ugui@1.0.0/Runtime/EventSystem/EventSystem.cs Line: 543)

There are 2 event systems in the scene. Please ensure there is always exactly one event system in the scene
UnityEngine.StackTraceUtility:ExtractStackTrace ()
UnityEngine.DebugLogHandler:LogFormat (UnityEngine.LogType,UnityEngine.Object,string,object[])
UnityEngine.Logger:Log (UnityEngine.LogType,object)
UnityEngine.Debug:LogWarning (object)
UnityEngine.EventSystems.EventSystem:Update () (at ./Library/PackageCache/com.unity.ugui@1.0.0/Runtime/EventSystem/EventSystem.cs:543)

(Filename: ./Library/PackageCache/com.unity.ugui@1.0.0/Runtime/EventSystem/EventSystem.cs Line: 543)

There are 2 event systems in the scene. Please ensure there is always exactly one event system in the scene
UnityEngine.StackTraceUtility:ExtractStackTrace ()
UnityEngine.DebugLogHandler:LogFormat (UnityEngine.LogType,UnityEngine.Object,string,object[])
UnityEngine.Logger:Log (UnityEngine.LogType,object)
UnityEngine.Debug:LogWarning (object)
UnityEngine.EventSystems.EventSystem:Update () (at ./Library/PackageCache/com.unity.ugui@1.0.0/Runtime/EventSystem/EventSystem.cs:543)

(Filename: ./Library/PackageCache/com.unity.ugui@1.0.0/Runtime/EventSystem/EventSystem.cs Line: 543)

There are 2 event systems in the scene. Please ensure there is always exactly one event system in the scene
UnityEngine.StackTraceUtility:ExtractStackTrace ()
UnityEngine.DebugLogHandler:LogFormat (UnityEngine.LogType,UnityEngine.Object,string,object[])
UnityEngine.Logger:Log (UnityEngine.LogType,object)
UnityEngine.Debug:LogWarning (object)
UnityEngine.EventSystems.EventSystem:Update () (at ./Library/PackageCache/com.unity.ugui@1.0.0/Runtime/EventSystem/EventSystem.cs:543)

(Filename: ./Library/PackageCache/com.unity.ugui@1.0.0/Runtime/EventSystem/EventSystem.cs Line: 543)

There are 2 event systems in the scene. Please ensure there is always exactly one event system in the scene
UnityEngine.StackTraceUtility:ExtractStackTrace ()
UnityEngine.DebugLogHandler:LogFormat (UnityEngine.LogType,UnityEngine.Object,string,object[])
UnityEngine.Logger:Log (UnityEngine.LogType,object)
UnityEngine.Debug:LogWarning (object)
UnityEngine.EventSystems.EventSystem:Update () (at ./Library/PackageCache/com.unity.ugui@1.0.0/Runtime/EventSystem/EventSystem.cs:543)

(Filename: ./Library/PackageCache/com.unity.ugui@1.0.0/Runtime/EventSystem/EventSystem.cs Line: 543)

There are 2 event systems in the scene. Please ensure there is always exactly one event system in the scene
UnityEngine.StackTraceUtility:ExtractStackTrace ()
UnityEngine.DebugLogHandler:LogFormat (UnityEngine.LogType,UnityEngine.Object,string,object[])
UnityEngine.Logger:Log (UnityEngine.LogType,object)
UnityEngine.Debug:LogWarning (object)
UnityEngine.EventSystems.EventSystem:Update () (at ./Library/PackageCache/com.unity.ugui@1.0.0/Runtime/EventSystem/EventSystem.cs:543)

(Filename: ./Library/PackageCache/com.unity.ugui@1.0.0/Runtime/EventSystem/EventSystem.cs Line: 543)

There are 2 event systems in the scene. Please ensure there is always exactly one event system in the scene
UnityEngine.StackTraceUtility:ExtractStackTrace ()
UnityEngine.DebugLogHandler:LogFormat (UnityEngine.LogType,UnityEngine.Object,string,object[])
UnityEngine.Logger:Log (UnityEngine.LogType,object)
UnityEngine.Debug:LogWarning (object)
UnityEngine.EventSystems.EventSystem:Update () (at ./Library/PackageCache/com.unity.ugui@1.0.0/Runtime/EventSystem/EventSystem.cs:543)

(Filename: ./Library/PackageCache/com.unity.ugui@1.0.0/Runtime/EventSystem/EventSystem.cs Line: 543)

There are 2 event systems in the scene. Please ensure there is always exactly one event system in the scene
UnityEngine.StackTraceUtility:ExtractStackTrace ()
UnityEngine.DebugLogHandler:LogFormat (UnityEngine.LogType,UnityEngine.Object,string,object[])
UnityEngine.Logger:Log (UnityEngine.LogType,object)
UnityEngine.Debug:LogWarning (object)
UnityEngine.EventSystems.EventSystem:Update () (at ./Library/PackageCache/com.unity.ugui@1.0.0/Runtime/EventSystem/EventSystem.cs:543)

(Filename: ./Library/PackageCache/com.unity.ugui@1.0.0/Runtime/EventSystem/EventSystem.cs Line: 543)

There are 2 event systems in the scene. Please ensure there is always exactly one event system in the scene
UnityEngine.StackTraceUtility:ExtractStackTrace ()
UnityEngine.DebugLogHandler:LogFormat (UnityEngine.LogType,UnityEngine.Object,string,object[])
UnityEngine.Logger:Log (UnityEngine.LogType,object)
UnityEngine.Debug:LogWarning (object)
UnityEngine.EventSystems.EventSystem:Update () (at ./Library/PackageCache/com.unity.ugui@1.0.0/Runtime/EventSystem/EventSystem.cs:543)

(Filename: ./Library/PackageCache/com.unity.ugui@1.0.0/Runtime/EventSystem/EventSystem.cs Line: 543)

There are 2 event systems in the scene. Please ensure there is always exactly one event system in the scene
UnityEngine.StackTraceUtility:ExtractStackTrace ()
UnityEngine.DebugLogHandler:LogFormat (UnityEngine.LogType,UnityEngine.Object,string,object[])
UnityEngine.Logger:Log (UnityEngine.LogType,object)
UnityEngine.Debug:LogWarning (object)
UnityEngine.EventSystems.EventSystem:Update () (at ./Library/PackageCache/com.unity.ugui@1.0.0/Runtime/EventSystem/EventSystem.cs:543)

(Filename: ./Library/PackageCache/com.unity.ugui@1.0.0/Runtime/EventSystem/EventSystem.cs Line: 543)

There are 2 event systems in the scene. Please ensure there is always exactly one event system in the scene
UnityEngine.StackTraceUtility:ExtractStackTrace ()
UnityEngine.DebugLogHandler:LogFormat (UnityEngine.LogType,UnityEngine.Object,string,object[])
UnityEngine.Logger:Log (UnityEngine.LogType,object)
UnityEngine.Debug:LogWarning (object)
UnityEngine.EventSystems.EventSystem:Update () (at ./Library/PackageCache/com.unity.ugui@1.0.0/Runtime/EventSystem/EventSystem.cs:543)

(Filename: ./Library/PackageCache/com.unity.ugui@1.0.0/Runtime/EventSystem/EventSystem.cs Line: 543)

There are 2 event systems in the scene. Please ensure there is always exactly one event system in the scene
UnityEngine.StackTraceUtility:ExtractStackTrace ()
UnityEngine.DebugLogHandler:LogFormat (UnityEngine.LogType,UnityEngine.Object,string,object[])
UnityEngine.Logger:Log (UnityEngine.LogType,object)
UnityEngine.Debug:LogWarning (object)
UnityEngine.EventSystems.EventSystem:Update () (at ./Library/PackageCache/com.unity.ugui@1.0.0/Runtime/EventSystem/EventSystem.cs:543)

(Filename: ./Library/PackageCache/com.unity.ugui@1.0.0/Runtime/EventSystem/EventSystem.cs Line: 543)

There are 2 event systems in the scene. Please ensure there is always exactly one event system in the scene
UnityEngine.StackTraceUtility:ExtractStackTrace ()
UnityEngine.DebugLogHandler:LogFormat (UnityEngine.LogType,UnityEngine.Object,string,object[])
UnityEngine.Logger:Log (UnityEngine.LogType,object)
UnityEngine.Debug:LogWarning (object)
UnityEngine.EventSystems.EventSystem:Update () (at ./Library/PackageCache/com.unity.ugui@1.0.0/Runtime/EventSystem/EventSystem.cs:543)

(Filename: ./Library/PackageCache/com.unity.ugui@1.0.0/Runtime/EventSystem/EventSystem.cs Line: 543)

There are 2 event systems in the scene. Please ensure there is always exactly one event system in the scene
UnityEngine.StackTraceUtility:ExtractStackTrace ()
UnityEngine.DebugLogHandler:LogFormat (UnityEngine.LogType,UnityEngine.Object,string,object[])
UnityEngine.Logger:Log (UnityEngine.LogType,object)
UnityEngine.Debug:LogWarning (object)
UnityEngine.EventSystems.EventSystem:Update () (at ./Library/PackageCache/com.unity.ugui@1.0.0/Runtime/EventSystem/EventSystem.cs:543)

(Filename: ./Library/PackageCache/com.unity.ugui@1.0.0/Runtime/EventSystem/EventSystem.cs Line: 543)

There are 2 event systems in the scene. Please ensure there is always exactly one event system in the scene
UnityEngine.StackTraceUtility:ExtractStackTrace ()
UnityEngine.DebugLogHandler:LogFormat (UnityEngine.LogType,UnityEngine.Object,string,object[])
UnityEngine.Logger:Log (UnityEngine.LogType,object)
UnityEngine.Debug:LogWarning (object)
UnityEngine.EventSystems.EventSystem:Update () (at ./Library/PackageCache/com.unity.ugui@1.0.0/Runtime/EventSystem/EventSystem.cs:543)

(Filename: ./Library/PackageCache/com.unity.ugui@1.0.0/Runtime/EventSystem/EventSystem.cs Line: 543)

There are 2 event systems in the scene. Please ensure there is always exactly one event system in the scene
UnityEngine.StackTraceUtility:ExtractStackTrace ()
UnityEngine.DebugLogHandler:LogFormat (UnityEngine.LogType,UnityEngine.Object,string,object[])
UnityEngine.Logger:Log (UnityEngine.LogType,object)
UnityEngine.Debug:LogWarning (object)
UnityEngine.EventSystems.EventSystem:Update () (at ./Library/PackageCache/com.unity.ugui@1.0.0/Runtime/EventSystem/EventSystem.cs:543)

(Filename: ./Library/PackageCache/com.unity.ugui@1.0.0/Runtime/EventSystem/EventSystem.cs Line: 543)

There are 2 event systems in the scene. Please ensure there is always exactly one event system in the scene
UnityEngine.StackTraceUtility:ExtractStackTrace ()
UnityEngine.DebugLogHandler:LogFormat (UnityEngine.LogType,UnityEngine.Object,string,object[])
UnityEngine.Logger:Log (UnityEngine.LogType,object)
UnityEngine.Debug:LogWarning (object)
UnityEngine.EventSystems.EventSystem:Update () (at ./Library/PackageCache/com.unity.ugui@1.0.0/Runtime/EventSystem/EventSystem.cs:543)

(Filename: ./Library/PackageCache/com.unity.ugui@1.0.0/Runtime/EventSystem/EventSystem.cs Line: 543)

There are 2 event systems in the scene. Please ensure there is always exactly one event system in the scene
UnityEngine.StackTraceUtility:ExtractStackTrace ()
UnityEngine.DebugLogHandler:LogFormat (UnityEngine.LogType,UnityEngine.Object,string,object[])
UnityEngine.Logger:Log (UnityEngine.LogType,object)
UnityEngine.Debug:LogWarning (object)
UnityEngine.EventSystems.EventSystem:Update () (at ./Library/PackageCache/com.unity.ugui@1.0.0/Runtime/EventSystem/EventSystem.cs:543)

(Filename: ./Library/PackageCache/com.unity.ugui@1.0.0/Runtime/EventSystem/EventSystem.cs Line: 543)

There are 2 event systems in the scene. Please ensure there is always exactly one event system in the scene
UnityEngine.StackTraceUtility:ExtractStackTrace ()
UnityEngine.DebugLogHandler:LogFormat (UnityEngine.LogType,UnityEngine.Object,string,object[])
UnityEngine.Logger:Log (UnityEngine.LogType,object)
UnityEngine.Debug:LogWarning (object)
UnityEngine.EventSystems.EventSystem:Update () (at ./Library/PackageCache/com.unity.ugui@1.0.0/Runtime/EventSystem/EventSystem.cs:543)

(Filename: ./Library/PackageCache/com.unity.ugui@1.0.0/Runtime/EventSystem/EventSystem.cs Line: 543)

There are 2 event systems in the scene. Please ensure there is always exactly one event system in the scene
UnityEngine.StackTraceUtility:ExtractStackTrace ()
UnityEngine.DebugLogHandler:LogFormat (UnityEngine.LogType,UnityEngine.Object,string,object[])
UnityEngine.Logger:Log (UnityEngine.LogType,object)
UnityEngine.Debug:LogWarning (object)
UnityEngine.EventSystems.EventSystem:Update () (at ./Library/PackageCache/com.unity.ugui@1.0.0/Runtime/EventSystem/EventSystem.cs:543)

(Filename: ./Library/PackageCache/com.unity.ugui@1.0.0/Runtime/EventSystem/EventSystem.cs Line: 543)

There are 2 event systems in the scene. Please ensure there is always exactly one event system in the scene
UnityEngine.StackTraceUtility:ExtractStackTrace ()
UnityEngine.DebugLogHandler:LogFormat (UnityEngine.LogType,UnityEngine.Object,string,object[])
UnityEngine.Logger:Log (UnityEngine.LogType,object)
UnityEngine.Debug:LogWarning (object)
UnityEngine.EventSystems.EventSystem:Update () (at ./Library/PackageCache/com.unity.ugui@1.0.0/Runtime/EventSystem/EventSystem.cs:543)

(Filename: ./Library/PackageCache/com.unity.ugui@1.0.0/Runtime/EventSystem/EventSystem.cs Line: 543)

There are 2 event systems in the scene. Please ensure there is always exactly one event system in the scene
UnityEngine.StackTraceUtility:ExtractStackTrace ()
UnityEngine.DebugLogHandler:LogFormat (UnityEngine.LogType,UnityEngine.Object,string,object[])
UnityEngine.Logger:Log (UnityEngine.LogType,object)
UnityEngine.Debug:LogWarning (object)
UnityEngine.EventSystems.EventSystem:Update () (at ./Library/PackageCache/com.unity.ugui@1.0.0/Runtime/EventSystem/EventSystem.cs:543)

(Filename: ./Library/PackageCache/com.unity.ugui@1.0.0/Runtime/EventSystem/EventSystem.cs Line: 543)

There are 2 event systems in the scene. Please ensure there is always exactly one event system in the scene
UnityEngine.StackTraceUtility:ExtractStackTrace ()
UnityEngine.DebugLogHandler:LogFormat (UnityEngine.LogType,UnityEngine.Object,string,object[])
UnityEngine.Logger:Log (UnityEngine.LogType,object)
UnityEngine.Debug:LogWarning (object)
UnityEngine.EventSystems.EventSystem:Update () (at ./Library/PackageCache/com.unity.ugui@1.0.0/Runtime/EventSystem/EventSystem.cs:543)

(Filename: ./Library/PackageCache/com.unity.ugui@1.0.0/Runtime/EventSystem/EventSystem.cs Line: 543)

There are 2 event systems in the scene. Please ensure there is always exactly one event system in the scene
UnityEngine.StackTraceUtility:ExtractStackTrace ()
UnityEngine.DebugLogHandler:LogFormat (UnityEngine.LogType,UnityEngine.Object,string,object[])
UnityEngine.Logger:Log (UnityEngine.LogType,object)
UnityEngine.Debug:LogWarning (object)
UnityEngine.EventSystems.EventSystem:Update () (at ./Library/PackageCache/com.unity.ugui@1.0.0/Runtime/EventSystem/EventSystem.cs:543)

(Filename: ./Library/PackageCache/com.unity.ugui@1.0.0/Runtime/EventSystem/EventSystem.cs Line: 543)

There are 2 event systems in the scene. Please ensure there is always exactly one event system in the scene
UnityEngine.StackTraceUtility:ExtractStackTrace ()
UnityEngine.DebugLogHandler:LogFormat (UnityEngine.LogType,UnityEngine.Object,string,object[])
UnityEngine.Logger:Log (UnityEngine.LogType,object)
UnityEngine.Debug:LogWarning (object)
UnityEngine.EventSystems.EventSystem:Update () (at ./Library/PackageCache/com.unity.ugui@1.0.0/Runtime/EventSystem/EventSystem.cs:543)

(Filename: ./Library/PackageCache/com.unity.ugui@1.0.0/Runtime/EventSystem/EventSystem.cs Line: 543)

There are 2 event systems in the scene. Please ensure there is always exactly one event system in the scene
UnityEngine.StackTraceUtility:ExtractStackTrace ()
UnityEngine.DebugLogHandler:LogFormat (UnityEngine.LogType,UnityEngine.Object,string,object[])
UnityEngine.Logger:Log (UnityEngine.LogType,object)
UnityEngine.Debug:LogWarning (object)
UnityEngine.EventSystems.EventSystem:Update () (at ./Library/PackageCache/com.unity.ugui@1.0.0/Runtime/EventSystem/EventSystem.cs:543)

(Filename: ./Library/PackageCache/com.unity.ugui@1.0.0/Runtime/EventSystem/EventSystem.cs Line: 543)

There are 2 event systems in the scene. Please ensure there is always exactly one event system in the scene
UnityEngine.StackTraceUtility:ExtractStackTrace ()
UnityEngine.DebugLogHandler:LogFormat (UnityEngine.LogType,UnityEngine.Object,string,object[])
UnityEngine.Logger:Log (UnityEngine.LogType,object)
UnityEngine.Debug:LogWarning (object)
UnityEngine.EventSystems.EventSystem:Update () (at ./Library/PackageCache/com.unity.ugui@1.0.0/Runtime/EventSystem/EventSystem.cs:543)

(Filename: ./Library/PackageCache/com.unity.ugui@1.0.0/Runtime/EventSystem/EventSystem.cs Line: 543)

There are 2 event systems in the scene. Please ensure there is always exactly one event system in the scene
UnityEngine.StackTraceUtility:ExtractStackTrace ()
UnityEngine.DebugLogHandler:LogFormat (UnityEngine.LogType,UnityEngine.Object,string,object[])
UnityEngine.Logger:Log (UnityEngine.LogType,object)
UnityEngine.Debug:LogWarning (object)
UnityEngine.EventSystems.EventSystem:Update () (at ./Library/PackageCache/com.unity.ugui@1.0.0/Runtime/EventSystem/EventSystem.cs:543)

(Filename: ./Library/PackageCache/com.unity.ugui@1.0.0/Runtime/EventSystem/EventSystem.cs Line: 543)

There are 2 event systems in the scene. Please ensure there is always exactly one event system in the scene
UnityEngine.StackTraceUtility:ExtractStackTrace ()
UnityEngine.DebugLogHandler:LogFormat (UnityEngine.LogType,UnityEngine.Object,string,object[])
UnityEngine.Logger:Log (UnityEngine.LogType,object)
UnityEngine.Debug:LogWarning (object)
UnityEngine.EventSystems.EventSystem:Update () (at ./Library/PackageCache/com.unity.ugui@1.0.0/Runtime/EventSystem/EventSystem.cs:543)

(Filename: ./Library/PackageCache/com.unity.ugui@1.0.0/Runtime/EventSystem/EventSystem.cs Line: 543)

There are 2 event systems in the scene. Please ensure there is always exactly one event system in the scene
UnityEngine.StackTraceUtility:ExtractStackTrace ()
UnityEngine.DebugLogHandler:LogFormat (UnityEngine.LogType,UnityEngine.Object,string,object[])
UnityEngine.Logger:Log (UnityEngine.LogType,object)
UnityEngine.Debug:LogWarning (object)
UnityEngine.EventSystems.EventSystem:Update () (at ./Library/PackageCache/com.unity.ugui@1.0.0/Runtime/EventSystem/EventSystem.cs:543)

(Filename: ./Library/PackageCache/com.unity.ugui@1.0.0/Runtime/EventSystem/EventSystem.cs Line: 543)

There are 2 event systems in the scene. Please ensure there is always exactly one event system in the scene
UnityEngine.StackTraceUtility:ExtractStackTrace ()
UnityEngine.DebugLogHandler:LogFormat (UnityEngine.LogType,UnityEngine.Object,string,object[])
UnityEngine.Logger:Log (UnityEngine.LogType,object)
UnityEngine.Debug:LogWarning (object)
UnityEngine.EventSystems.EventSystem:Update () (at ./Library/PackageCache/com.unity.ugui@1.0.0/Runtime/EventSystem/EventSystem.cs:543)

(Filename: ./Library/PackageCache/com.unity.ugui@1.0.0/Runtime/EventSystem/EventSystem.cs Line: 543)

There are 2 event systems in the scene. Please ensure there is always exactly one event system in the scene
UnityEngine.StackTraceUtility:ExtractStackTrace ()
UnityEngine.DebugLogHandler:LogFormat (UnityEngine.LogType,UnityEngine.Object,string,object[])
UnityEngine.Logger:Log (UnityEngine.LogType,object)
UnityEngine.Debug:LogWarning (object)
UnityEngine.EventSystems.EventSystem:Update () (at ./Library/PackageCache/com.unity.ugui@1.0.0/Runtime/EventSystem/EventSystem.cs:543)

(Filename: ./Library/PackageCache/com.unity.ugui@1.0.0/Runtime/EventSystem/EventSystem.cs Line: 543)

There are 2 event systems in the scene. Please ensure there is always exactly one event system in the scene
UnityEngine.StackTraceUtility:ExtractStackTrace ()
UnityEngine.DebugLogHandler:LogFormat (UnityEngine.LogType,UnityEngine.Object,string,object[])
UnityEngine.Logger:Log (UnityEngine.LogType,object)
UnityEngine.Debug:LogWarning (object)
UnityEngine.EventSystems.EventSystem:Update () (at ./Library/PackageCache/com.unity.ugui@1.0.0/Runtime/EventSystem/EventSystem.cs:543)

(Filename: ./Library/PackageCache/com.unity.ugui@1.0.0/Runtime/EventSystem/EventSystem.cs Line: 543)

There are 2 event systems in the scene. Please ensure there is always exactly one event system in the scene
UnityEngine.StackTraceUtility:ExtractStackTrace ()
UnityEngine.DebugLogHandler:LogFormat (UnityEngine.LogType,UnityEngine.Object,string,object[])
UnityEngine.Logger:Log (UnityEngine.LogType,object)
UnityEngine.Debug:LogWarning (object)
UnityEngine.EventSystems.EventSystem:Update () (at ./Library/PackageCache/com.unity.ugui@1.0.0/Runtime/EventSystem/EventSystem.cs:543)

(Filename: ./Library/PackageCache/com.unity.ugui@1.0.0/Runtime/EventSystem/EventSystem.cs Line: 543)

There are 2 event systems in the scene. Please ensure there is always exactly one event system in the scene
UnityEngine.StackTraceUtility:ExtractStackTrace ()
UnityEngine.DebugLogHandler:LogFormat (UnityEngine.LogType,UnityEngine.Object,string,object[])
UnityEngine.Logger:Log (UnityEngine.LogType,object)
UnityEngine.Debug:LogWarning (object)
UnityEngine.EventSystems.EventSystem:Update () (at ./Library/PackageCache/com.unity.ugui@1.0.0/Runtime/EventSystem/EventSystem.cs:543)

(Filename: ./Library/PackageCache/com.unity.ugui@1.0.0/Runtime/EventSystem/EventSystem.cs Line: 543)

There are 2 event systems in the scene. Please ensure there is always exactly one event system in the scene
UnityEngine.StackTraceUtility:ExtractStackTrace ()
UnityEngine.DebugLogHandler:LogFormat (UnityEngine.LogType,UnityEngine.Object,string,object[])
UnityEngine.Logger:Log (UnityEngine.LogType,object)
UnityEngine.Debug:LogWarning (object)
UnityEngine.EventSystems.EventSystem:Update () (at ./Library/PackageCache/com.unity.ugui@1.0.0/Runtime/EventSystem/EventSystem.cs:543)

(Filename: ./Library/PackageCache/com.unity.ugui@1.0.0/Runtime/EventSystem/EventSystem.cs Line: 543)

There are 2 event systems in the scene. Please ensure there is always exactly one event system in the scene
UnityEngine.StackTraceUtility:ExtractStackTrace ()
UnityEngine.DebugLogHandler:LogFormat (UnityEngine.LogType,UnityEngine.Object,string,object[])
UnityEngine.Logger:Log (UnityEngine.LogType,object)
UnityEngine.Debug:LogWarning (object)
UnityEngine.EventSystems.EventSystem:Update () (at ./Library/PackageCache/com.unity.ugui@1.0.0/Runtime/EventSystem/EventSystem.cs:543)

(Filename: ./Library/PackageCache/com.unity.ugui@1.0.0/Runtime/EventSystem/EventSystem.cs Line: 543)

There are 2 event systems in the scene. Please ensure there is always exactly one event system in the scene
UnityEngine.StackTraceUtility:ExtractStackTrace ()
UnityEngine.DebugLogHandler:LogFormat (UnityEngine.LogType,UnityEngine.Object,string,object[])
UnityEngine.Logger:Log (UnityEngine.LogType,object)
UnityEngine.Debug:LogWarning (object)
UnityEngine.EventSystems.EventSystem:Update () (at ./Library/PackageCache/com.unity.ugui@1.0.0/Runtime/EventSystem/EventSystem.cs:543)

(Filename: ./Library/PackageCache/com.unity.ugui@1.0.0/Runtime/EventSystem/EventSystem.cs Line: 543)

There are 2 event systems in the scene. Please ensure there is always exactly one event system in the scene
UnityEngine.StackTraceUtility:ExtractStackTrace ()
UnityEngine.DebugLogHandler:LogFormat (UnityEngine.LogType,UnityEngine.Object,string,object[])
UnityEngine.Logger:Log (UnityEngine.LogType,object)
UnityEngine.Debug:LogWarning (object)
UnityEngine.EventSystems.EventSystem:Update () (at ./Library/PackageCache/com.unity.ugui@1.0.0/Runtime/EventSystem/EventSystem.cs:543)

(Filename: ./Library/PackageCache/com.unity.ugui@1.0.0/Runtime/EventSystem/EventSystem.cs Line: 543)

There are 2 event systems in the scene. Please ensure there is always exactly one event system in the scene
UnityEngine.StackTraceUtility:ExtractStackTrace ()
UnityEngine.DebugLogHandler:LogFormat (UnityEngine.LogType,UnityEngine.Object,string,object[])
UnityEngine.Logger:Log (UnityEngine.LogType,object)
UnityEngine.Debug:LogWarning (object)
UnityEngine.EventSystems.EventSystem:Update () (at ./Library/PackageCache/com.unity.ugui@1.0.0/Runtime/EventSystem/EventSystem.cs:543)

(Filename: ./Library/PackageCache/com.unity.ugui@1.0.0/Runtime/EventSystem/EventSystem.cs Line: 543)

There are 2 event systems in the scene. Please ensure there is always exactly one event system in the scene
UnityEngine.StackTraceUtility:ExtractStackTrace ()
UnityEngine.DebugLogHandler:LogFormat (UnityEngine.LogType,UnityEngine.Object,string,object[])
UnityEngine.Logger:Log (UnityEngine.LogType,object)
UnityEngine.Debug:LogWarning (object)
UnityEngine.EventSystems.EventSystem:Update () (at ./Library/PackageCache/com.unity.ugui@1.0.0/Runtime/EventSystem/EventSystem.cs:543)

(Filename: ./Library/PackageCache/com.unity.ugui@1.0.0/Runtime/EventSystem/EventSystem.cs Line: 543)

There are 2 event systems in the scene. Please ensure there is always exactly one event system in the scene
UnityEngine.StackTraceUtility:ExtractStackTrace ()
UnityEngine.DebugLogHandler:LogFormat (UnityEngine.LogType,UnityEngine.Object,string,object[])
UnityEngine.Logger:Log (UnityEngine.LogType,object)
UnityEngine.Debug:LogWarning (object)
UnityEngine.EventSystems.EventSystem:Update () (at ./Library/PackageCache/com.unity.ugui@1.0.0/Runtime/EventSystem/EventSystem.cs:543)

(Filename: ./Library/PackageCache/com.unity.ugui@1.0.0/Runtime/EventSystem/EventSystem.cs Line: 543)

There are 2 event systems in the scene. Please ensure there is always exactly one event system in the scene
UnityEngine.StackTraceUtility:ExtractStackTrace ()
UnityEngine.DebugLogHandler:LogFormat (UnityEngine.LogType,UnityEngine.Object,string,object[])
UnityEngine.Logger:Log (UnityEngine.LogType,object)
UnityEngine.Debug:LogWarning (object)
UnityEngine.EventSystems.EventSystem:Update () (at ./Library/PackageCache/com.unity.ugui@1.0.0/Runtime/EventSystem/EventSystem.cs:543)

(Filename: ./Library/PackageCache/com.unity.ugui@1.0.0/Runtime/EventSystem/EventSystem.cs Line: 543)

There are 2 event systems in the scene. Please ensure there is always exactly one event system in the scene
UnityEngine.StackTraceUtility:ExtractStackTrace ()
UnityEngine.DebugLogHandler:LogFormat (UnityEngine.LogType,UnityEngine.Object,string,object[])
UnityEngine.Logger:Log (UnityEngine.LogType,object)
UnityEngine.Debug:LogWarning (object)
UnityEngine.EventSystems.EventSystem:Update () (at ./Library/PackageCache/com.unity.ugui@1.0.0/Runtime/EventSystem/EventSystem.cs:543)

(Filename: ./Library/PackageCache/com.unity.ugui@1.0.0/Runtime/EventSystem/EventSystem.cs Line: 543)

There are 2 event systems in the scene. Please ensure there is always exactly one event system in the scene
UnityEngine.StackTraceUtility:ExtractStackTrace ()
UnityEngine.DebugLogHandler:LogFormat (UnityEngine.LogType,UnityEngine.Object,string,object[])
UnityEngine.Logger:Log (UnityEngine.LogType,object)
UnityEngine.Debug:LogWarning (object)
UnityEngine.EventSystems.EventSystem:Update () (at ./Library/PackageCache/com.unity.ugui@1.0.0/Runtime/EventSystem/EventSystem.cs:543)

(Filename: ./Library/PackageCache/com.unity.ugui@1.0.0/Runtime/EventSystem/EventSystem.cs Line: 543)

There are 2 event systems in the scene. Please ensure there is always exactly one event system in the scene
UnityEngine.StackTraceUtility:ExtractStackTrace ()
UnityEngine.DebugLogHandler:LogFormat (UnityEngine.LogType,UnityEngine.Object,string,object[])
UnityEngine.Logger:Log (UnityEngine.LogType,object)
UnityEngine.Debug:LogWarning (object)
UnityEngine.EventSystems.EventSystem:Update () (at ./Library/PackageCache/com.unity.ugui@1.0.0/Runtime/EventSystem/EventSystem.cs:543)

(Filename: ./Library/PackageCache/com.unity.ugui@1.0.0/Runtime/EventSystem/EventSystem.cs Line: 543)

There are 2 event systems in the scene. Please ensure there is always exactly one event system in the scene
UnityEngine.StackTraceUtility:ExtractStackTrace ()
UnityEngine.DebugLogHandler:LogFormat (UnityEngine.LogType,UnityEngine.Object,string,object[])
UnityEngine.Logger:Log (UnityEngine.LogType,object)
UnityEngine.Debug:LogWarning (object)
UnityEngine.EventSystems.EventSystem:Update () (at ./Library/PackageCache/com.unity.ugui@1.0.0/Runtime/EventSystem/EventSystem.cs:543)

(Filename: ./Library/PackageCache/com.unity.ugui@1.0.0/Runtime/EventSystem/EventSystem.cs Line: 543)

There are 2 event systems in the scene. Please ensure there is always exactly one event system in the scene
UnityEngine.StackTraceUtility:ExtractStackTrace ()
UnityEngine.DebugLogHandler:LogFormat (UnityEngine.LogType,UnityEngine.Object,string,object[])
UnityEngine.Logger:Log (UnityEngine.LogType,object)
UnityEngine.Debug:LogWarning (object)
UnityEngine.EventSystems.EventSystem:Update () (at ./Library/PackageCache/com.unity.ugui@1.0.0/Runtime/EventSystem/EventSystem.cs:543)

(Filename: ./Library/PackageCache/com.unity.ugui@1.0.0/Runtime/EventSystem/EventSystem.cs Line: 543)

There are 2 event systems in the scene. Please ensure there is always exactly one event system in the scene
UnityEngine.StackTraceUtility:ExtractStackTrace ()
UnityEngine.DebugLogHandler:LogFormat (UnityEngine.LogType,UnityEngine.Object,string,object[])
UnityEngine.Logger:Log (UnityEngine.LogType,object)
UnityEngine.Debug:LogWarning (object)
UnityEngine.EventSystems.EventSystem:Update () (at ./Library/PackageCache/com.unity.ugui@1.0.0/Runtime/EventSystem/EventSystem.cs:543)

(Filename: ./Library/PackageCache/com.unity.ugui@1.0.0/Runtime/EventSystem/EventSystem.cs Line: 543)

There are 2 event systems in the scene. Please ensure there is always exactly one event system in the scene
UnityEngine.StackTraceUtility:ExtractStackTrace ()
UnityEngine.DebugLogHandler:LogFormat (UnityEngine.LogType,UnityEngine.Object,string,object[])
UnityEngine.Logger:Log (UnityEngine.LogType,object)
UnityEngine.Debug:LogWarning (object)
UnityEngine.EventSystems.EventSystem:Update () (at ./Library/PackageCache/com.unity.ugui@1.0.0/Runtime/EventSystem/EventSystem.cs:543)

(Filename: ./Library/PackageCache/com.unity.ugui@1.0.0/Runtime/EventSystem/EventSystem.cs Line: 543)

There are 2 event systems in the scene. Please ensure there is always exactly one event system in the scene
UnityEngine.StackTraceUtility:ExtractStackTrace ()
UnityEngine.DebugLogHandler:LogFormat (UnityEngine.LogType,UnityEngine.Object,string,object[])
UnityEngine.Logger:Log (UnityEngine.LogType,object)
UnityEngine.Debug:LogWarning (object)
UnityEngine.EventSystems.EventSystem:Update () (at ./Library/PackageCache/com.unity.ugui@1.0.0/Runtime/EventSystem/EventSystem.cs:543)

(Filename: ./Library/PackageCache/com.unity.ugui@1.0.0/Runtime/EventSystem/EventSystem.cs Line: 543)

There are 2 event systems in the scene. Please ensure there is always exactly one event system in the scene
UnityEngine.StackTraceUtility:ExtractStackTrace ()
UnityEngine.DebugLogHandler:LogFormat (UnityEngine.LogType,UnityEngine.Object,string,object[])
UnityEngine.Logger:Log (UnityEngine.LogType,object)
UnityEngine.Debug:LogWarning (object)
UnityEngine.EventSystems.EventSystem:Update () (at ./Library/PackageCache/com.unity.ugui@1.0.0/Runtime/EventSystem/EventSystem.cs:543)

(Filename: ./Library/PackageCache/com.unity.ugui@1.0.0/Runtime/EventSystem/EventSystem.cs Line: 543)

There are 2 event systems in the scene. Please ensure there is always exactly one event system in the scene
UnityEngine.StackTraceUtility:ExtractStackTrace ()
UnityEngine.DebugLogHandler:LogFormat (UnityEngine.LogType,UnityEngine.Object,string,object[])
UnityEngine.Logger:Log (UnityEngine.LogType,object)
UnityEngine.Debug:LogWarning (object)
UnityEngine.EventSystems.EventSystem:Update () (at ./Library/PackageCache/com.unity.ugui@1.0.0/Runtime/EventSystem/EventSystem.cs:543)

(Filename: ./Library/PackageCache/com.unity.ugui@1.0.0/Runtime/EventSystem/EventSystem.cs Line: 543)

There are 2 event systems in the scene. Please ensure there is always exactly one event system in the scene
UnityEngine.StackTraceUtility:ExtractStackTrace ()
UnityEngine.DebugLogHandler:LogFormat (UnityEngine.LogType,UnityEngine.Object,string,object[])
UnityEngine.Logger:Log (UnityEngine.LogType,object)
UnityEngine.Debug:LogWarning (object)
UnityEngine.EventSystems.EventSystem:Update () (at ./Library/PackageCache/com.unity.ugui@1.0.0/Runtime/EventSystem/EventSystem.cs:543)

(Filename: ./Library/PackageCache/com.unity.ugui@1.0.0/Runtime/EventSystem/EventSystem.cs Line: 543)

There are 2 event systems in the scene. Please ensure there is always exactly one event system in the scene
UnityEngine.StackTraceUtility:ExtractStackTrace ()
UnityEngine.DebugLogHandler:LogFormat (UnityEngine.LogType,UnityEngine.Object,string,object[])
UnityEngine.Logger:Log (UnityEngine.LogType,object)
UnityEngine.Debug:LogWarning (object)
UnityEngine.EventSystems.EventSystem:Update () (at ./Library/PackageCache/com.unity.ugui@1.0.0/Runtime/EventSystem/EventSystem.cs:543)

(Filename: ./Library/PackageCache/com.unity.ugui@1.0.0/Runtime/EventSystem/EventSystem.cs Line: 543)

There are 2 event systems in the scene. Please ensure there is always exactly one event system in the scene
UnityEngine.StackTraceUtility:ExtractStackTrace ()
UnityEngine.DebugLogHandler:LogFormat (UnityEngine.LogType,UnityEngine.Object,string,object[])
UnityEngine.Logger:Log (UnityEngine.LogType,object)
UnityEngine.Debug:LogWarning (object)
UnityEngine.EventSystems.EventSystem:Update () (at ./Library/PackageCache/com.unity.ugui@1.0.0/Runtime/EventSystem/EventSystem.cs:543)

(Filename: ./Library/PackageCache/com.unity.ugui@1.0.0/Runtime/EventSystem/EventSystem.cs Line: 543)

There are 2 event systems in the scene. Please ensure there is always exactly one event system in the scene
UnityEngine.StackTraceUtility:ExtractStackTrace ()
UnityEngine.DebugLogHandler:LogFormat (UnityEngine.LogType,UnityEngine.Object,string,object[])
UnityEngine.Logger:Log (UnityEngine.LogType,object)
UnityEngine.Debug:LogWarning (object)
UnityEngine.EventSystems.EventSystem:Update () (at ./Library/PackageCache/com.unity.ugui@1.0.0/Runtime/EventSystem/EventSystem.cs:543)

(Filename: ./Library/PackageCache/com.unity.ugui@1.0.0/Runtime/EventSystem/EventSystem.cs Line: 543)

There are 2 event systems in the scene. Please ensure there is always exactly one event system in the scene
UnityEngine.StackTraceUtility:ExtractStackTrace ()
UnityEngine.DebugLogHandler:LogFormat (UnityEngine.LogType,UnityEngine.Object,string,object[])
UnityEngine.Logger:Log (UnityEngine.LogType,object)
UnityEngine.Debug:LogWarning (object)
UnityEngine.EventSystems.EventSystem:Update () (at ./Library/PackageCache/com.unity.ugui@1.0.0/Runtime/EventSystem/EventSystem.cs:543)

(Filename: ./Library/PackageCache/com.unity.ugui@1.0.0/Runtime/EventSystem/EventSystem.cs Line: 543)

There are 2 event systems in the scene. Please ensure there is always exactly one event system in the scene
UnityEngine.StackTraceUtility:ExtractStackTrace ()
UnityEngine.DebugLogHandler:LogFormat (UnityEngine.LogType,UnityEngine.Object,string,object[])
UnityEngine.Logger:Log (UnityEngine.LogType,object)
UnityEngine.Debug:LogWarning (object)
UnityEngine.EventSystems.EventSystem:Update () (at ./Library/PackageCache/com.unity.ugui@1.0.0/Runtime/EventSystem/EventSystem.cs:543)

(Filename: ./Library/PackageCache/com.unity.ugui@1.0.0/Runtime/EventSystem/EventSystem.cs Line: 543)

There are 2 event systems in the scene. Please ensure there is always exactly one event system in the scene
UnityEngine.StackTraceUtility:ExtractStackTrace ()
UnityEngine.DebugLogHandler:LogFormat (UnityEngine.LogType,UnityEngine.Object,string,object[])
UnityEngine.Logger:Log (UnityEngine.LogType,object)
UnityEngine.Debug:LogWarning (object)
UnityEngine.EventSystems.EventSystem:Update () (at ./Library/PackageCache/com.unity.ugui@1.0.0/Runtime/EventSystem/EventSystem.cs:543)

(Filename: ./Library/PackageCache/com.unity.ugui@1.0.0/Runtime/EventSystem/EventSystem.cs Line: 543)

There are 2 event systems in the scene. Please ensure there is always exactly one event system in the scene
UnityEngine.StackTraceUtility:ExtractStackTrace ()
UnityEngine.DebugLogHandler:LogFormat (UnityEngine.LogType,UnityEngine.Object,string,object[])
UnityEngine.Logger:Log (UnityEngine.LogType,object)
UnityEngine.Debug:LogWarning (object)
UnityEngine.EventSystems.EventSystem:Update () (at ./Library/PackageCache/com.unity.ugui@1.0.0/Runtime/EventSystem/EventSystem.cs:543)

(Filename: ./Library/PackageCache/com.unity.ugui@1.0.0/Runtime/EventSystem/EventSystem.cs Line: 543)

There are 2 event systems in the scene. Please ensure there is always exactly one event system in the scene
UnityEngine.StackTraceUtility:ExtractStackTrace ()
UnityEngine.DebugLogHandler:LogFormat (UnityEngine.LogType,UnityEngine.Object,string,object[])
UnityEngine.Logger:Log (UnityEngine.LogType,object)
UnityEngine.Debug:LogWarning (object)
UnityEngine.EventSystems.EventSystem:Update () (at ./Library/PackageCache/com.unity.ugui@1.0.0/Runtime/EventSystem/EventSystem.cs:543)

(Filename: ./Library/PackageCache/com.unity.ugui@1.0.0/Runtime/EventSystem/EventSystem.cs Line: 543)

There are 2 event systems in the scene. Please ensure there is always exactly one event system in the scene
UnityEngine.StackTraceUtility:ExtractStackTrace ()
UnityEngine.DebugLogHandler:LogFormat (UnityEngine.LogType,UnityEngine.Object,string,object[])
UnityEngine.Logger:Log (UnityEngine.LogType,object)
UnityEngine.Debug:LogWarning (object)
UnityEngine.EventSystems.EventSystem:Update () (at ./Library/PackageCache/com.unity.ugui@1.0.0/Runtime/EventSystem/EventSystem.cs:543)

(Filename: ./Library/PackageCache/com.unity.ugui@1.0.0/Runtime/EventSystem/EventSystem.cs Line: 543)

There are 2 event systems in the scene. Please ensure there is always exactly one event system in the scene
UnityEngine.StackTraceUtility:ExtractStackTrace ()
UnityEngine.DebugLogHandler:LogFormat (UnityEngine.LogType,UnityEngine.Object,string,object[])
UnityEngine.Logger:Log (UnityEngine.LogType,object)
UnityEngine.Debug:LogWarning (object)
UnityEngine.EventSystems.EventSystem:Update () (at ./Library/PackageCache/com.unity.ugui@1.0.0/Runtime/EventSystem/EventSystem.cs:543)

(Filename: ./Library/PackageCache/com.unity.ugui@1.0.0/Runtime/EventSystem/EventSystem.cs Line: 543)

There are 2 event systems in the scene. Please ensure there is always exactly one event system in the scene
UnityEngine.StackTraceUtility:ExtractStackTrace ()
UnityEngine.DebugLogHandler:LogFormat (UnityEngine.LogType,UnityEngine.Object,string,object[])
UnityEngine.Logger:Log (UnityEngine.LogType,object)
UnityEngine.Debug:LogWarning (object)
UnityEngine.EventSystems.EventSystem:Update () (at ./Library/PackageCache/com.unity.ugui@1.0.0/Runtime/EventSystem/EventSystem.cs:543)

(Filename: ./Library/PackageCache/com.unity.ugui@1.0.0/Runtime/EventSystem/EventSystem.cs Line: 543)

There are 2 event systems in the scene. Please ensure there is always exactly one event system in the scene
UnityEngine.StackTraceUtility:ExtractStackTrace ()
UnityEngine.DebugLogHandler:LogFormat (UnityEngine.LogType,UnityEngine.Object,string,object[])
UnityEngine.Logger:Log (UnityEngine.LogType,object)
UnityEngine.Debug:LogWarning (object)
UnityEngine.EventSystems.EventSystem:Update () (at ./Library/PackageCache/com.unity.ugui@1.0.0/Runtime/EventSystem/EventSystem.cs:543)

(Filename: ./Library/PackageCache/com.unity.ugui@1.0.0/Runtime/EventSystem/EventSystem.cs Line: 543)

There are 2 event systems in the scene. Please ensure there is always exactly one event system in the scene
UnityEngine.StackTraceUtility:ExtractStackTrace ()
UnityEngine.DebugLogHandler:LogFormat (UnityEngine.LogType,UnityEngine.Object,string,object[])
UnityEngine.Logger:Log (UnityEngine.LogType,object)
UnityEngine.Debug:LogWarning (object)
UnityEngine.EventSystems.EventSystem:Update () (at ./Library/PackageCache/com.unity.ugui@1.0.0/Runtime/EventSystem/EventSystem.cs:543)

(Filename: ./Library/PackageCache/com.unity.ugui@1.0.0/Runtime/EventSystem/EventSystem.cs Line: 543)

There are 2 event systems in the scene. Please ensure there is always exactly one event system in the scene
UnityEngine.StackTraceUtility:ExtractStackTrace ()
UnityEngine.DebugLogHandler:LogFormat (UnityEngine.LogType,UnityEngine.Object,string,object[])
UnityEngine.Logger:Log (UnityEngine.LogType,object)
UnityEngine.Debug:LogWarning (object)
UnityEngine.EventSystems.EventSystem:Update () (at ./Library/PackageCache/com.unity.ugui@1.0.0/Runtime/EventSystem/EventSystem.cs:543)

(Filename: ./Library/PackageCache/com.unity.ugui@1.0.0/Runtime/EventSystem/EventSystem.cs Line: 543)

There are 2 event systems in the scene. Please ensure there is always exactly one event system in the scene
UnityEngine.StackTraceUtility:ExtractStackTrace ()
UnityEngine.DebugLogHandler:LogFormat (UnityEngine.LogType,UnityEngine.Object,string,object[])
UnityEngine.Logger:Log (UnityEngine.LogType,object)
UnityEngine.Debug:LogWarning (object)
UnityEngine.EventSystems.EventSystem:Update () (at ./Library/PackageCache/com.unity.ugui@1.0.0/Runtime/EventSystem/EventSystem.cs:543)

(Filename: ./Library/PackageCache/com.unity.ugui@1.0.0/Runtime/EventSystem/EventSystem.cs Line: 543)

There are 2 event systems in the scene. Please ensure there is always exactly one event system in the scene
UnityEngine.StackTraceUtility:ExtractStackTrace ()
UnityEngine.DebugLogHandler:LogFormat (UnityEngine.LogType,UnityEngine.Object,string,object[])
UnityEngine.Logger:Log (UnityEngine.LogType,object)
UnityEngine.Debug:LogWarning (object)
UnityEngine.EventSystems.EventSystem:Update () (at ./Library/PackageCache/com.unity.ugui@1.0.0/Runtime/EventSystem/EventSystem.cs:543)

(Filename: ./Library/PackageCache/com.unity.ugui@1.0.0/Runtime/EventSystem/EventSystem.cs Line: 543)

There are 2 event systems in the scene. Please ensure there is always exactly one event system in the scene
UnityEngine.StackTraceUtility:ExtractStackTrace ()
UnityEngine.DebugLogHandler:LogFormat (UnityEngine.LogType,UnityEngine.Object,string,object[])
UnityEngine.Logger:Log (UnityEngine.LogType,object)
UnityEngine.Debug:LogWarning (object)
UnityEngine.EventSystems.EventSystem:Update () (at ./Library/PackageCache/com.unity.ugui@1.0.0/Runtime/EventSystem/EventSystem.cs:543)

(Filename: ./Library/PackageCache/com.unity.ugui@1.0.0/Runtime/EventSystem/EventSystem.cs Line: 543)

There are 2 event systems in the scene. Please ensure there is always exactly one event system in the scene
UnityEngine.StackTraceUtility:ExtractStackTrace ()
UnityEngine.DebugLogHandler:LogFormat (UnityEngine.LogType,UnityEngine.Object,string,object[])
UnityEngine.Logger:Log (UnityEngine.LogType,object)
UnityEngine.Debug:LogWarning (object)
UnityEngine.EventSystems.EventSystem:Update () (at ./Library/PackageCache/com.unity.ugui@1.0.0/Runtime/EventSystem/EventSystem.cs:543)

(Filename: ./Library/PackageCache/com.unity.ugui@1.0.0/Runtime/EventSystem/EventSystem.cs Line: 543)

There are 2 event systems in the scene. Please ensure there is always exactly one event system in the scene
UnityEngine.StackTraceUtility:ExtractStackTrace ()
UnityEngine.DebugLogHandler:LogFormat (UnityEngine.LogType,UnityEngine.Object,string,object[])
UnityEngine.Logger:Log (UnityEngine.LogType,object)
UnityEngine.Debug:LogWarning (object)
UnityEngine.EventSystems.EventSystem:Update () (at ./Library/PackageCache/com.unity.ugui@1.0.0/Runtime/EventSystem/EventSystem.cs:543)

(Filename: ./Library/PackageCache/com.unity.ugui@1.0.0/Runtime/EventSystem/EventSystem.cs Line: 543)

There are 2 event systems in the scene. Please ensure there is always exactly one event system in the scene
UnityEngine.StackTraceUtility:ExtractStackTrace ()
UnityEngine.DebugLogHandler:LogFormat (UnityEngine.LogType,UnityEngine.Object,string,object[])
UnityEngine.Logger:Log (UnityEngine.LogType,object)
UnityEngine.Debug:LogWarning (object)
UnityEngine.EventSystems.EventSystem:Update () (at ./Library/PackageCache/com.unity.ugui@1.0.0/Runtime/EventSystem/EventSystem.cs:543)

(Filename: ./Library/PackageCache/com.unity.ugui@1.0.0/Runtime/EventSystem/EventSystem.cs Line: 543)

There are 2 event systems in the scene. Please ensure there is always exactly one event system in the scene
UnityEngine.StackTraceUtility:ExtractStackTrace ()
UnityEngine.DebugLogHandler:LogFormat (UnityEngine.LogType,UnityEngine.Object,string,object[])
UnityEngine.Logger:Log (UnityEngine.LogType,object)
UnityEngine.Debug:LogWarning (object)
UnityEngine.EventSystems.EventSystem:Update () (at ./Library/PackageCache/com.unity.ugui@1.0.0/Runtime/EventSystem/EventSystem.cs:543)

(Filename: ./Library/PackageCache/com.unity.ugui@1.0.0/Runtime/EventSystem/EventSystem.cs Line: 543)

There are 2 event systems in the scene. Please ensure there is always exactly one event system in the scene
UnityEngine.StackTraceUtility:ExtractStackTrace ()
UnityEngine.DebugLogHandler:LogFormat (UnityEngine.LogType,UnityEngine.Object,string,object[])
UnityEngine.Logger:Log (UnityEngine.LogType,object)
UnityEngine.Debug:LogWarning (object)
UnityEngine.EventSystems.EventSystem:Update () (at ./Library/PackageCache/com.unity.ugui@1.0.0/Runtime/EventSystem/EventSystem.cs:543)

(Filename: ./Library/PackageCache/com.unity.ugui@1.0.0/Runtime/EventSystem/EventSystem.cs Line: 543)

There are 2 event systems in the scene. Please ensure there is always exactly one event system in the scene
UnityEngine.StackTraceUtility:ExtractStackTrace ()
UnityEngine.DebugLogHandler:LogFormat (UnityEngine.LogType,UnityEngine.Object,string,object[])
UnityEngine.Logger:Log (UnityEngine.LogType,object)
UnityEngine.Debug:LogWarning (object)
UnityEngine.EventSystems.EventSystem:Update () (at ./Library/PackageCache/com.unity.ugui@1.0.0/Runtime/EventSystem/EventSystem.cs:543)

(Filename: ./Library/PackageCache/com.unity.ugui@1.0.0/Runtime/EventSystem/EventSystem.cs Line: 543)

There are 2 event systems in the scene. Please ensure there is always exactly one event system in the scene
UnityEngine.StackTraceUtility:ExtractStackTrace ()
UnityEngine.DebugLogHandler:LogFormat (UnityEngine.LogType,UnityEngine.Object,string,object[])
UnityEngine.Logger:Log (UnityEngine.LogType,object)
UnityEngine.Debug:LogWarning (object)
UnityEngine.EventSystems.EventSystem:Update () (at ./Library/PackageCache/com.unity.ugui@1.0.0/Runtime/EventSystem/EventSystem.cs:543)

(Filename: ./Library/PackageCache/com.unity.ugui@1.0.0/Runtime/EventSystem/EventSystem.cs Line: 543)

There are 2 event systems in the scene. Please ensure there is always exactly one event system in the scene
UnityEngine.StackTraceUtility:ExtractStackTrace ()
UnityEngine.DebugLogHandler:LogFormat (UnityEngine.LogType,UnityEngine.Object,string,object[])
UnityEngine.Logger:Log (UnityEngine.LogType,object)
UnityEngine.Debug:LogWarning (object)
UnityEngine.EventSystems.EventSystem:Update () (at ./Library/PackageCache/com.unity.ugui@1.0.0/Runtime/EventSystem/EventSystem.cs:543)

(Filename: ./Library/PackageCache/com.unity.ugui@1.0.0/Runtime/EventSystem/EventSystem.cs Line: 543)

There are 2 event systems in the scene. Please ensure there is always exactly one event system in the scene
UnityEngine.StackTraceUtility:ExtractStackTrace ()
UnityEngine.DebugLogHandler:LogFormat (UnityEngine.LogType,UnityEngine.Object,string,object[])
UnityEngine.Logger:Log (UnityEngine.LogType,object)
UnityEngine.Debug:LogWarning (object)
UnityEngine.EventSystems.EventSystem:Update () (at ./Library/PackageCache/com.unity.ugui@1.0.0/Runtime/EventSystem/EventSystem.cs:543)

(Filename: ./Library/PackageCache/com.unity.ugui@1.0.0/Runtime/EventSystem/EventSystem.cs Line: 543)

There are 2 event systems in the scene. Please ensure there is always exactly one event system in the scene
UnityEngine.StackTraceUtility:ExtractStackTrace ()
UnityEngine.DebugLogHandler:LogFormat (UnityEngine.LogType,UnityEngine.Object,string,object[])
UnityEngine.Logger:Log (UnityEngine.LogType,object)
UnityEngine.Debug:LogWarning (object)
UnityEngine.EventSystems.EventSystem:Update () (at ./Library/PackageCache/com.unity.ugui@1.0.0/Runtime/EventSystem/EventSystem.cs:543)

(Filename: ./Library/PackageCache/com.unity.ugui@1.0.0/Runtime/EventSystem/EventSystem.cs Line: 543)

There are 2 event systems in the scene. Please ensure there is always exactly one event system in the scene
UnityEngine.StackTraceUtility:ExtractStackTrace ()
UnityEngine.DebugLogHandler:LogFormat (UnityEngine.LogType,UnityEngine.Object,string,object[])
UnityEngine.Logger:Log (UnityEngine.LogType,object)
UnityEngine.Debug:LogWarning (object)
UnityEngine.EventSystems.EventSystem:Update () (at ./Library/PackageCache/com.unity.ugui@1.0.0/Runtime/EventSystem/EventSystem.cs:543)

(Filename: ./Library/PackageCache/com.unity.ugui@1.0.0/Runtime/EventSystem/EventSystem.cs Line: 543)

There are 2 event systems in the scene. Please ensure there is always exactly one event system in the scene
UnityEngine.StackTraceUtility:ExtractStackTrace ()
UnityEngine.DebugLogHandler:LogFormat (UnityEngine.LogType,UnityEngine.Object,string,object[])
UnityEngine.Logger:Log (UnityEngine.LogType,object)
UnityEngine.Debug:LogWarning (object)
UnityEngine.EventSystems.EventSystem:Update () (at ./Library/PackageCache/com.unity.ugui@1.0.0/Runtime/EventSystem/EventSystem.cs:543)

(Filename: ./Library/PackageCache/com.unity.ugui@1.0.0/Runtime/EventSystem/EventSystem.cs Line: 543)

There are 2 event systems in the scene. Please ensure there is always exactly one event system in the scene
UnityEngine.StackTraceUtility:ExtractStackTrace ()
UnityEngine.DebugLogHandler:LogFormat (UnityEngine.LogType,UnityEngine.Object,string,object[])
UnityEngine.Logger:Log (UnityEngine.LogType,object)
UnityEngine.Debug:LogWarning (object)
UnityEngine.EventSystems.EventSystem:Update () (at ./Library/PackageCache/com.unity.ugui@1.0.0/Runtime/EventSystem/EventSystem.cs:543)

(Filename: ./Library/PackageCache/com.unity.ugui@1.0.0/Runtime/EventSystem/EventSystem.cs Line: 543)

There are 2 event systems in the scene. Please ensure there is always exactly one event system in the scene
UnityEngine.StackTraceUtility:ExtractStackTrace ()
UnityEngine.DebugLogHandler:LogFormat (UnityEngine.LogType,UnityEngine.Object,string,object[])
UnityEngine.Logger:Log (UnityEngine.LogType,object)
UnityEngine.Debug:LogWarning (object)
UnityEngine.EventSystems.EventSystem:Update () (at ./Library/PackageCache/com.unity.ugui@1.0.0/Runtime/EventSystem/EventSystem.cs:543)

(Filename: ./Library/PackageCache/com.unity.ugui@1.0.0/Runtime/EventSystem/EventSystem.cs Line: 543)

There are 2 event systems in the scene. Please ensure there is always exactly one event system in the scene
UnityEngine.StackTraceUtility:ExtractStackTrace ()
UnityEngine.DebugLogHandler:LogFormat (UnityEngine.LogType,UnityEngine.Object,string,object[])
UnityEngine.Logger:Log (UnityEngine.LogType,object)
UnityEngine.Debug:LogWarning (object)
UnityEngine.EventSystems.EventSystem:Update () (at ./Library/PackageCache/com.unity.ugui@1.0.0/Runtime/EventSystem/EventSystem.cs:543)

(Filename: ./Library/PackageCache/com.unity.ugui@1.0.0/Runtime/EventSystem/EventSystem.cs Line: 543)

There are 2 event systems in the scene. Please ensure there is always exactly one event system in the scene
UnityEngine.StackTraceUtility:ExtractStackTrace ()
UnityEngine.DebugLogHandler:LogFormat (UnityEngine.LogType,UnityEngine.Object,string,object[])
UnityEngine.Logger:Log (UnityEngine.LogType,object)
UnityEngine.Debug:LogWarning (object)
UnityEngine.EventSystems.EventSystem:Update () (at ./Library/PackageCache/com.unity.ugui@1.0.0/Runtime/EventSystem/EventSystem.cs:543)

(Filename: ./Library/PackageCache/com.unity.ugui@1.0.0/Runtime/EventSystem/EventSystem.cs Line: 543)

There are 2 event systems in the scene. Please ensure there is always exactly one event system in the scene
UnityEngine.StackTraceUtility:ExtractStackTrace ()
UnityEngine.DebugLogHandler:LogFormat (UnityEngine.LogType,UnityEngine.Object,string,object[])
UnityEngine.Logger:Log (UnityEngine.LogType,object)
UnityEngine.Debug:LogWarning (object)
UnityEngine.EventSystems.EventSystem:Update () (at ./Library/PackageCache/com.unity.ugui@1.0.0/Runtime/EventSystem/EventSystem.cs:543)

(Filename: ./Library/PackageCache/com.unity.ugui@1.0.0/Runtime/EventSystem/EventSystem.cs Line: 543)

There are 2 event systems in the scene. Please ensure there is always exactly one event system in the scene
UnityEngine.StackTraceUtility:ExtractStackTrace ()
UnityEngine.DebugLogHandler:LogFormat (UnityEngine.LogType,UnityEngine.Object,string,object[])
UnityEngine.Logger:Log (UnityEngine.LogType,object)
UnityEngine.Debug:LogWarning (object)
UnityEngine.EventSystems.EventSystem:Update () (at ./Library/PackageCache/com.unity.ugui@1.0.0/Runtime/EventSystem/EventSystem.cs:543)

(Filename: ./Library/PackageCache/com.unity.ugui@1.0.0/Runtime/EventSystem/EventSystem.cs Line: 543)

There are 2 event systems in the scene. Please ensure there is always exactly one event system in the scene
UnityEngine.StackTraceUtility:ExtractStackTrace ()
UnityEngine.DebugLogHandler:LogFormat (UnityEngine.LogType,UnityEngine.Object,string,object[])
UnityEngine.Logger:Log (UnityEngine.LogType,object)
UnityEngine.Debug:LogWarning (object)
UnityEngine.EventSystems.EventSystem:Update () (at ./Library/PackageCache/com.unity.ugui@1.0.0/Runtime/EventSystem/EventSystem.cs:543)

(Filename: ./Library/PackageCache/com.unity.ugui@1.0.0/Runtime/EventSystem/EventSystem.cs Line: 543)

There are 2 event systems in the scene. Please ensure there is always exactly one event system in the scene
UnityEngine.StackTraceUtility:ExtractStackTrace ()
UnityEngine.DebugLogHandler:LogFormat (UnityEngine.LogType,UnityEngine.Object,string,object[])
UnityEngine.Logger:Log (UnityEngine.LogType,object)
UnityEngine.Debug:LogWarning (object)
UnityEngine.EventSystems.EventSystem:Update () (at ./Library/PackageCache/com.unity.ugui@1.0.0/Runtime/EventSystem/EventSystem.cs:543)

(Filename: ./Library/PackageCache/com.unity.ugui@1.0.0/Runtime/EventSystem/EventSystem.cs Line: 543)

There are 2 event systems in the scene. Please ensure there is always exactly one event system in the scene
UnityEngine.StackTraceUtility:ExtractStackTrace ()
UnityEngine.DebugLogHandler:LogFormat (UnityEngine.LogType,UnityEngine.Object,string,object[])
UnityEngine.Logger:Log (UnityEngine.LogType,object)
UnityEngine.Debug:LogWarning (object)
UnityEngine.EventSystems.EventSystem:Update () (at ./Library/PackageCache/com.unity.ugui@1.0.0/Runtime/EventSystem/EventSystem.cs:543)

(Filename: ./Library/PackageCache/com.unity.ugui@1.0.0/Runtime/EventSystem/EventSystem.cs Line: 543)

There are 2 event systems in the scene. Please ensure there is always exactly one event system in the scene
UnityEngine.StackTraceUtility:ExtractStackTrace ()
UnityEngine.DebugLogHandler:LogFormat (UnityEngine.LogType,UnityEngine.Object,string,object[])
UnityEngine.Logger:Log (UnityEngine.LogType,object)
UnityEngine.Debug:LogWarning (object)
UnityEngine.EventSystems.EventSystem:Update () (at ./Library/PackageCache/com.unity.ugui@1.0.0/Runtime/EventSystem/EventSystem.cs:543)

(Filename: ./Library/PackageCache/com.unity.ugui@1.0.0/Runtime/EventSystem/EventSystem.cs Line: 543)

There are 2 event systems in the scene. Please ensure there is always exactly one event system in the scene
UnityEngine.StackTraceUtility:ExtractStackTrace ()
UnityEngine.DebugLogHandler:LogFormat (UnityEngine.LogType,UnityEngine.Object,string,object[])
UnityEngine.Logger:Log (UnityEngine.LogType,object)
UnityEngine.Debug:LogWarning (object)
UnityEngine.EventSystems.EventSystem:Update () (at ./Library/PackageCache/com.unity.ugui@1.0.0/Runtime/EventSystem/EventSystem.cs:543)

(Filename: ./Library/PackageCache/com.unity.ugui@1.0.0/Runtime/EventSystem/EventSystem.cs Line: 543)

There are 2 event systems in the scene. Please ensure there is always exactly one event system in the scene
UnityEngine.StackTraceUtility:ExtractStackTrace ()
UnityEngine.DebugLogHandler:LogFormat (UnityEngine.LogType,UnityEngine.Object,string,object[])
UnityEngine.Logger:Log (UnityEngine.LogType,object)
UnityEngine.Debug:LogWarning (object)
UnityEngine.EventSystems.EventSystem:Update () (at ./Library/PackageCache/com.unity.ugui@1.0.0/Runtime/EventSystem/EventSystem.cs:543)

(Filename: ./Library/PackageCache/com.unity.ugui@1.0.0/Runtime/EventSystem/EventSystem.cs Line: 543)

There are 2 event systems in the scene. Please ensure there is always exactly one event system in the scene
UnityEngine.StackTraceUtility:ExtractStackTrace ()
UnityEngine.DebugLogHandler:LogFormat (UnityEngine.LogType,UnityEngine.Object,string,object[])
UnityEngine.Logger:Log (UnityEngine.LogType,object)
UnityEngine.Debug:LogWarning (object)
UnityEngine.EventSystems.EventSystem:Update () (at ./Library/PackageCache/com.unity.ugui@1.0.0/Runtime/EventSystem/EventSystem.cs:543)

(Filename: ./Library/PackageCache/com.unity.ugui@1.0.0/Runtime/EventSystem/EventSystem.cs Line: 543)

There are 2 event systems in the scene. Please ensure there is always exactly one event system in the scene
UnityEngine.StackTraceUtility:ExtractStackTrace ()
UnityEngine.DebugLogHandler:LogFormat (UnityEngine.LogType,UnityEngine.Object,string,object[])
UnityEngine.Logger:Log (UnityEngine.LogType,object)
UnityEngine.Debug:LogWarning (object)
UnityEngine.EventSystems.EventSystem:Update () (at ./Library/PackageCache/com.unity.ugui@1.0.0/Runtime/EventSystem/EventSystem.cs:543)

(Filename: ./Library/PackageCache/com.unity.ugui@1.0.0/Runtime/EventSystem/EventSystem.cs Line: 543)

There are 2 event systems in the scene. Please ensure there is always exactly one event system in the scene
UnityEngine.StackTraceUtility:ExtractStackTrace ()
UnityEngine.DebugLogHandler:LogFormat (UnityEngine.LogType,UnityEngine.Object,string,object[])
UnityEngine.Logger:Log (UnityEngine.LogType,object)
UnityEngine.Debug:LogWarning (object)
UnityEngine.EventSystems.EventSystem:Update () (at ./Library/PackageCache/com.unity.ugui@1.0.0/Runtime/EventSystem/EventSystem.cs:543)

(Filename: ./Library/PackageCache/com.unity.ugui@1.0.0/Runtime/EventSystem/EventSystem.cs Line: 543)

There are 2 event systems in the scene. Please ensure there is always exactly one event system in the scene
UnityEngine.StackTraceUtility:ExtractStackTrace ()
UnityEngine.DebugLogHandler:LogFormat (UnityEngine.LogType,UnityEngine.Object,string,object[])
UnityEngine.Logger:Log (UnityEngine.LogType,object)
UnityEngine.Debug:LogWarning (object)
UnityEngine.EventSystems.EventSystem:Update () (at ./Library/PackageCache/com.unity.ugui@1.0.0/Runtime/EventSystem/EventSystem.cs:543)

(Filename: ./Library/PackageCache/com.unity.ugui@1.0.0/Runtime/EventSystem/EventSystem.cs Line: 543)

There are 2 event systems in the scene. Please ensure there is always exactly one event system in the scene
UnityEngine.StackTraceUtility:ExtractStackTrace ()
UnityEngine.DebugLogHandler:LogFormat (UnityEngine.LogType,UnityEngine.Object,string,object[])
UnityEngine.Logger:Log (UnityEngine.LogType,object)
UnityEngine.Debug:LogWarning (object)
UnityEngine.EventSystems.EventSystem:Update () (at ./Library/PackageCache/com.unity.ugui@1.0.0/Runtime/EventSystem/EventSystem.cs:543)

(Filename: ./Library/PackageCache/com.unity.ugui@1.0.0/Runtime/EventSystem/EventSystem.cs Line: 543)

There are 2 event systems in the scene. Please ensure there is always exactly one event system in the scene
UnityEngine.StackTraceUtility:ExtractStackTrace ()
UnityEngine.DebugLogHandler:LogFormat (UnityEngine.LogType,UnityEngine.Object,string,object[])
UnityEngine.Logger:Log (UnityEngine.LogType,object)
UnityEngine.Debug:LogWarning (object)
UnityEngine.EventSystems.EventSystem:Update () (at ./Library/PackageCache/com.unity.ugui@1.0.0/Runtime/EventSystem/EventSystem.cs:543)

(Filename: ./Library/PackageCache/com.unity.ugui@1.0.0/Runtime/EventSystem/EventSystem.cs Line: 543)

There are 2 event systems in the scene. Please ensure there is always exactly one event system in the scene
UnityEngine.StackTraceUtility:ExtractStackTrace ()
UnityEngine.DebugLogHandler:LogFormat (UnityEngine.LogType,UnityEngine.Object,string,object[])
UnityEngine.Logger:Log (UnityEngine.LogType,object)
UnityEngine.Debug:LogWarning (object)
UnityEngine.EventSystems.EventSystem:Update () (at ./Library/PackageCache/com.unity.ugui@1.0.0/Runtime/EventSystem/EventSystem.cs:543)

(Filename: ./Library/PackageCache/com.unity.ugui@1.0.0/Runtime/EventSystem/EventSystem.cs Line: 543)

There are 2 event systems in the scene. Please ensure there is always exactly one event system in the scene
UnityEngine.StackTraceUtility:ExtractStackTrace ()
UnityEngine.DebugLogHandler:LogFormat (UnityEngine.LogType,UnityEngine.Object,string,object[])
UnityEngine.Logger:Log (UnityEngine.LogType,object)
UnityEngine.Debug:LogWarning (object)
UnityEngine.EventSystems.EventSystem:Update () (at ./Library/PackageCache/com.unity.ugui@1.0.0/Runtime/EventSystem/EventSystem.cs:543)

(Filename: ./Library/PackageCache/com.unity.ugui@1.0.0/Runtime/EventSystem/EventSystem.cs Line: 543)

There are 2 event systems in the scene. Please ensure there is always exactly one event system in the scene
UnityEngine.StackTraceUtility:ExtractStackTrace ()
UnityEngine.DebugLogHandler:LogFormat (UnityEngine.LogType,UnityEngine.Object,string,object[])
UnityEngine.Logger:Log (UnityEngine.LogType,object)
UnityEngine.Debug:LogWarning (object)
UnityEngine.EventSystems.EventSystem:Update () (at ./Library/PackageCache/com.unity.ugui@1.0.0/Runtime/EventSystem/EventSystem.cs:543)

(Filename: ./Library/PackageCache/com.unity.ugui@1.0.0/Runtime/EventSystem/EventSystem.cs Line: 543)

There are 2 event systems in the scene. Please ensure there is always exactly one event system in the scene
UnityEngine.StackTraceUtility:ExtractStackTrace ()
UnityEngine.DebugLogHandler:LogFormat (UnityEngine.LogType,UnityEngine.Object,string,object[])
UnityEngine.Logger:Log (UnityEngine.LogType,object)
UnityEngine.Debug:LogWarning (object)
UnityEngine.EventSystems.EventSystem:Update () (at ./Library/PackageCache/com.unity.ugui@1.0.0/Runtime/EventSystem/EventSystem.cs:543)

(Filename: ./Library/PackageCache/com.unity.ugui@1.0.0/Runtime/EventSystem/EventSystem.cs Line: 543)

There are 2 event systems in the scene. Please ensure there is always exactly one event system in the scene
UnityEngine.StackTraceUtility:ExtractStackTrace ()
UnityEngine.DebugLogHandler:LogFormat (UnityEngine.LogType,UnityEngine.Object,string,object[])
UnityEngine.Logger:Log (UnityEngine.LogType,object)
UnityEngine.Debug:LogWarning (object)
UnityEngine.EventSystems.EventSystem:Update () (at ./Library/PackageCache/com.unity.ugui@1.0.0/Runtime/EventSystem/EventSystem.cs:543)

(Filename: ./Library/PackageCache/com.unity.ugui@1.0.0/Runtime/EventSystem/EventSystem.cs Line: 543)

There are 2 event systems in the scene. Please ensure there is always exactly one event system in the scene
UnityEngine.StackTraceUtility:ExtractStackTrace ()
UnityEngine.DebugLogHandler:LogFormat (UnityEngine.LogType,UnityEngine.Object,string,object[])
UnityEngine.Logger:Log (UnityEngine.LogType,object)
UnityEngine.Debug:LogWarning (object)
UnityEngine.EventSystems.EventSystem:Update () (at ./Library/PackageCache/com.unity.ugui@1.0.0/Runtime/EventSystem/EventSystem.cs:543)

(Filename: ./Library/PackageCache/com.unity.ugui@1.0.0/Runtime/EventSystem/EventSystem.cs Line: 543)

There are 2 event systems in the scene. Please ensure there is always exactly one event system in the scene
UnityEngine.StackTraceUtility:ExtractStackTrace ()
UnityEngine.DebugLogHandler:LogFormat (UnityEngine.LogType,UnityEngine.Object,string,object[])
UnityEngine.Logger:Log (UnityEngine.LogType,object)
UnityEngine.Debug:LogWarning (object)
UnityEngine.EventSystems.EventSystem:Update () (at ./Library/PackageCache/com.unity.ugui@1.0.0/Runtime/EventSystem/EventSystem.cs:543)

(Filename: ./Library/PackageCache/com.unity.ugui@1.0.0/Runtime/EventSystem/EventSystem.cs Line: 543)

There are 2 event systems in the scene. Please ensure there is always exactly one event system in the scene
UnityEngine.StackTraceUtility:ExtractStackTrace ()
UnityEngine.DebugLogHandler:LogFormat (UnityEngine.LogType,UnityEngine.Object,string,object[])
UnityEngine.Logger:Log (UnityEngine.LogType,object)
UnityEngine.Debug:LogWarning (object)
UnityEngine.EventSystems.EventSystem:Update () (at ./Library/PackageCache/com.unity.ugui@1.0.0/Runtime/EventSystem/EventSystem.cs:543)

(Filename: ./Library/PackageCache/com.unity.ugui@1.0.0/Runtime/EventSystem/EventSystem.cs Line: 543)

There are 2 event systems in the scene. Please ensure there is always exactly one event system in the scene
UnityEngine.StackTraceUtility:ExtractStackTrace ()
UnityEngine.DebugLogHandler:LogFormat (UnityEngine.LogType,UnityEngine.Object,string,object[])
UnityEngine.Logger:Log (UnityEngine.LogType,object)
UnityEngine.Debug:LogWarning (object)
UnityEngine.EventSystems.EventSystem:Update () (at ./Library/PackageCache/com.unity.ugui@1.0.0/Runtime/EventSystem/EventSystem.cs:543)

(Filename: ./Library/PackageCache/com.unity.ugui@1.0.0/Runtime/EventSystem/EventSystem.cs Line: 543)

There are 2 event systems in the scene. Please ensure there is always exactly one event system in the scene
UnityEngine.StackTraceUtility:ExtractStackTrace ()
UnityEngine.DebugLogHandler:LogFormat (UnityEngine.LogType,UnityEngine.Object,string,object[])
UnityEngine.Logger:Log (UnityEngine.LogType,object)
UnityEngine.Debug:LogWarning (object)
UnityEngine.EventSystems.EventSystem:Update () (at ./Library/PackageCache/com.unity.ugui@1.0.0/Runtime/EventSystem/EventSystem.cs:543)

(Filename: ./Library/PackageCache/com.unity.ugui@1.0.0/Runtime/EventSystem/EventSystem.cs Line: 543)

There are 2 event systems in the scene. Please ensure there is always exactly one event system in the scene
UnityEngine.StackTraceUtility:ExtractStackTrace ()
UnityEngine.DebugLogHandler:LogFormat (UnityEngine.LogType,UnityEngine.Object,string,object[])
UnityEngine.Logger:Log (UnityEngine.LogType,object)
UnityEngine.Debug:LogWarning (object)
UnityEngine.EventSystems.EventSystem:Update () (at ./Library/PackageCache/com.unity.ugui@1.0.0/Runtime/EventSystem/EventSystem.cs:543)

(Filename: ./Library/PackageCache/com.unity.ugui@1.0.0/Runtime/EventSystem/EventSystem.cs Line: 543)

There are 2 event systems in the scene. Please ensure there is always exactly one event system in the scene
UnityEngine.StackTraceUtility:ExtractStackTrace ()
UnityEngine.DebugLogHandler:LogFormat (UnityEngine.LogType,UnityEngine.Object,string,object[])
UnityEngine.Logger:Log (UnityEngine.LogType,object)
UnityEngine.Debug:LogWarning (object)
UnityEngine.EventSystems.EventSystem:Update () (at ./Library/PackageCache/com.unity.ugui@1.0.0/Runtime/EventSystem/EventSystem.cs:543)

(Filename: ./Library/PackageCache/com.unity.ugui@1.0.0/Runtime/EventSystem/EventSystem.cs Line: 543)

There are 2 event systems in the scene. Please ensure there is always exactly one event system in the scene
UnityEngine.StackTraceUtility:ExtractStackTrace ()
UnityEngine.DebugLogHandler:LogFormat (UnityEngine.LogType,UnityEngine.Object,string,object[])
UnityEngine.Logger:Log (UnityEngine.LogType,object)
UnityEngine.Debug:LogWarning (object)
UnityEngine.EventSystems.EventSystem:Update () (at ./Library/PackageCache/com.unity.ugui@1.0.0/Runtime/EventSystem/EventSystem.cs:543)

(Filename: ./Library/PackageCache/com.unity.ugui@1.0.0/Runtime/EventSystem/EventSystem.cs Line: 543)

There are 2 event systems in the scene. Please ensure there is always exactly one event system in the scene
UnityEngine.StackTraceUtility:ExtractStackTrace ()
UnityEngine.DebugLogHandler:LogFormat (UnityEngine.LogType,UnityEngine.Object,string,object[])
UnityEngine.Logger:Log (UnityEngine.LogType,object)
UnityEngine.Debug:LogWarning (object)
UnityEngine.EventSystems.EventSystem:Update () (at ./Library/PackageCache/com.unity.ugui@1.0.0/Runtime/EventSystem/EventSystem.cs:543)

(Filename: ./Library/PackageCache/com.unity.ugui@1.0.0/Runtime/EventSystem/EventSystem.cs Line: 543)

There are 2 event systems in the scene. Please ensure there is always exactly one event system in the scene
UnityEngine.StackTraceUtility:ExtractStackTrace ()
UnityEngine.DebugLogHandler:LogFormat (UnityEngine.LogType,UnityEngine.Object,string,object[])
UnityEngine.Logger:Log (UnityEngine.LogType,object)
UnityEngine.Debug:LogWarning (object)
UnityEngine.EventSystems.EventSystem:Update () (at ./Library/PackageCache/com.unity.ugui@1.0.0/Runtime/EventSystem/EventSystem.cs:543)

(Filename: ./Library/PackageCache/com.unity.ugui@1.0.0/Runtime/EventSystem/EventSystem.cs Line: 543)

There are 2 event systems in the scene. Please ensure there is always exactly one event system in the scene
UnityEngine.StackTraceUtility:ExtractStackTrace ()
UnityEngine.DebugLogHandler:LogFormat (UnityEngine.LogType,UnityEngine.Object,string,object[])
UnityEngine.Logger:Log (UnityEngine.LogType,object)
UnityEngine.Debug:LogWarning (object)
UnityEngine.EventSystems.EventSystem:Update () (at ./Library/PackageCache/com.unity.ugui@1.0.0/Runtime/EventSystem/EventSystem.cs:543)

(Filename: ./Library/PackageCache/com.unity.ugui@1.0.0/Runtime/EventSystem/EventSystem.cs Line: 543)

There are 2 event systems in the scene. Please ensure there is always exactly one event system in the scene
UnityEngine.StackTraceUtility:ExtractStackTrace ()
UnityEngine.DebugLogHandler:LogFormat (UnityEngine.LogType,UnityEngine.Object,string,object[])
UnityEngine.Logger:Log (UnityEngine.LogType,object)
UnityEngine.Debug:LogWarning (object)
UnityEngine.EventSystems.EventSystem:Update () (at ./Library/PackageCache/com.unity.ugui@1.0.0/Runtime/EventSystem/EventSystem.cs:543)

(Filename: ./Library/PackageCache/com.unity.ugui@1.0.0/Runtime/EventSystem/EventSystem.cs Line: 543)

There are 2 event systems in the scene. Please ensure there is always exactly one event system in the scene
UnityEngine.StackTraceUtility:ExtractStackTrace ()
UnityEngine.DebugLogHandler:LogFormat (UnityEngine.LogType,UnityEngine.Object,string,object[])
UnityEngine.Logger:Log (UnityEngine.LogType,object)
UnityEngine.Debug:LogWarning (object)
UnityEngine.EventSystems.EventSystem:Update () (at ./Library/PackageCache/com.unity.ugui@1.0.0/Runtime/EventSystem/EventSystem.cs:543)

(Filename: ./Library/PackageCache/com.unity.ugui@1.0.0/Runtime/EventSystem/EventSystem.cs Line: 543)

There are 2 event systems in the scene. Please ensure there is always exactly one event system in the scene
UnityEngine.StackTraceUtility:ExtractStackTrace ()
UnityEngine.DebugLogHandler:LogFormat (UnityEngine.LogType,UnityEngine.Object,string,object[])
UnityEngine.Logger:Log (UnityEngine.LogType,object)
UnityEngine.Debug:LogWarning (object)
UnityEngine.EventSystems.EventSystem:Update () (at ./Library/PackageCache/com.unity.ugui@1.0.0/Runtime/EventSystem/EventSystem.cs:543)

(Filename: ./Library/PackageCache/com.unity.ugui@1.0.0/Runtime/EventSystem/EventSystem.cs Line: 543)

There are 2 event systems in the scene. Please ensure there is always exactly one event system in the scene
UnityEngine.StackTraceUtility:ExtractStackTrace ()
UnityEngine.DebugLogHandler:LogFormat (UnityEngine.LogType,UnityEngine.Object,string,object[])
UnityEngine.Logger:Log (UnityEngine.LogType,object)
UnityEngine.Debug:LogWarning (object)
UnityEngine.EventSystems.EventSystem:Update () (at ./Library/PackageCache/com.unity.ugui@1.0.0/Runtime/EventSystem/EventSystem.cs:543)

(Filename: ./Library/PackageCache/com.unity.ugui@1.0.0/Runtime/EventSystem/EventSystem.cs Line: 543)

There are 2 event systems in the scene. Please ensure there is always exactly one event system in the scene
UnityEngine.StackTraceUtility:ExtractStackTrace ()
UnityEngine.DebugLogHandler:LogFormat (UnityEngine.LogType,UnityEngine.Object,string,object[])
UnityEngine.Logger:Log (UnityEngine.LogType,object)
UnityEngine.Debug:LogWarning (object)
UnityEngine.EventSystems.EventSystem:Update () (at ./Library/PackageCache/com.unity.ugui@1.0.0/Runtime/EventSystem/EventSystem.cs:543)

(Filename: ./Library/PackageCache/com.unity.ugui@1.0.0/Runtime/EventSystem/EventSystem.cs Line: 543)

There are 2 event systems in the scene. Please ensure there is always exactly one event system in the scene
UnityEngine.StackTraceUtility:ExtractStackTrace ()
UnityEngine.DebugLogHandler:LogFormat (UnityEngine.LogType,UnityEngine.Object,string,object[])
UnityEngine.Logger:Log (UnityEngine.LogType,object)
UnityEngine.Debug:LogWarning (object)
UnityEngine.EventSystems.EventSystem:Update () (at ./Library/PackageCache/com.unity.ugui@1.0.0/Runtime/EventSystem/EventSystem.cs:543)

(Filename: ./Library/PackageCache/com.unity.ugui@1.0.0/Runtime/EventSystem/EventSystem.cs Line: 543)

There are 2 event systems in the scene. Please ensure there is always exactly one event system in the scene
UnityEngine.StackTraceUtility:ExtractStackTrace ()
UnityEngine.DebugLogHandler:LogFormat (UnityEngine.LogType,UnityEngine.Object,string,object[])
UnityEngine.Logger:Log (UnityEngine.LogType,object)
UnityEngine.Debug:LogWarning (object)
UnityEngine.EventSystems.EventSystem:Update () (at ./Library/PackageCache/com.unity.ugui@1.0.0/Runtime/EventSystem/EventSystem.cs:543)

(Filename: ./Library/PackageCache/com.unity.ugui@1.0.0/Runtime/EventSystem/EventSystem.cs Line: 543)

There are 2 event systems in the scene. Please ensure there is always exactly one event system in the scene
UnityEngine.StackTraceUtility:ExtractStackTrace ()
UnityEngine.DebugLogHandler:LogFormat (UnityEngine.LogType,UnityEngine.Object,string,object[])
UnityEngine.Logger:Log (UnityEngine.LogType,object)
UnityEngine.Debug:LogWarning (object)
UnityEngine.EventSystems.EventSystem:Update () (at ./Library/PackageCache/com.unity.ugui@1.0.0/Runtime/EventSystem/EventSystem.cs:543)

(Filename: ./Library/PackageCache/com.unity.ugui@1.0.0/Runtime/EventSystem/EventSystem.cs Line: 543)

There are 2 event systems in the scene. Please ensure there is always exactly one event system in the scene
UnityEngine.StackTraceUtility:ExtractStackTrace ()
UnityEngine.DebugLogHandler:LogFormat (UnityEngine.LogType,UnityEngine.Object,string,object[])
UnityEngine.Logger:Log (UnityEngine.LogType,object)
UnityEngine.Debug:LogWarning (object)
UnityEngine.EventSystems.EventSystem:Update () (at ./Library/PackageCache/com.unity.ugui@1.0.0/Runtime/EventSystem/EventSystem.cs:543)

(Filename: ./Library/PackageCache/com.unity.ugui@1.0.0/Runtime/EventSystem/EventSystem.cs Line: 543)

There are 2 event systems in the scene. Please ensure there is always exactly one event system in the scene
UnityEngine.StackTraceUtility:ExtractStackTrace ()
UnityEngine.DebugLogHandler:LogFormat (UnityEngine.LogType,UnityEngine.Object,string,object[])
UnityEngine.Logger:Log (UnityEngine.LogType,object)
UnityEngine.Debug:LogWarning (object)
UnityEngine.EventSystems.EventSystem:Update () (at ./Library/PackageCache/com.unity.ugui@1.0.0/Runtime/EventSystem/EventSystem.cs:543)

(Filename: ./Library/PackageCache/com.unity.ugui@1.0.0/Runtime/EventSystem/EventSystem.cs Line: 543)

There are 2 event systems in the scene. Please ensure there is always exactly one event system in the scene
UnityEngine.StackTraceUtility:ExtractStackTrace ()
UnityEngine.DebugLogHandler:LogFormat (UnityEngine.LogType,UnityEngine.Object,string,object[])
UnityEngine.Logger:Log (UnityEngine.LogType,object)
UnityEngine.Debug:LogWarning (object)
UnityEngine.EventSystems.EventSystem:Update () (at ./Library/PackageCache/com.unity.ugui@1.0.0/Runtime/EventSystem/EventSystem.cs:543)

(Filename: ./Library/PackageCache/com.unity.ugui@1.0.0/Runtime/EventSystem/EventSystem.cs Line: 543)

There are 2 event systems in the scene. Please ensure there is always exactly one event system in the scene
UnityEngine.StackTraceUtility:ExtractStackTrace ()
UnityEngine.DebugLogHandler:LogFormat (UnityEngine.LogType,UnityEngine.Object,string,object[])
UnityEngine.Logger:Log (UnityEngine.LogType,object)
UnityEngine.Debug:LogWarning (object)
UnityEngine.EventSystems.EventSystem:Update () (at ./Library/PackageCache/com.unity.ugui@1.0.0/Runtime/EventSystem/EventSystem.cs:543)

(Filename: ./Library/PackageCache/com.unity.ugui@1.0.0/Runtime/EventSystem/EventSystem.cs Line: 543)

There are 2 event systems in the scene. Please ensure there is always exactly one event system in the scene
UnityEngine.StackTraceUtility:ExtractStackTrace ()
UnityEngine.DebugLogHandler:LogFormat (UnityEngine.LogType,UnityEngine.Object,string,object[])
UnityEngine.Logger:Log (UnityEngine.LogType,object)
UnityEngine.Debug:LogWarning (object)
UnityEngine.EventSystems.EventSystem:Update () (at ./Library/PackageCache/com.unity.ugui@1.0.0/Runtime/EventSystem/EventSystem.cs:543)

(Filename: ./Library/PackageCache/com.unity.ugui@1.0.0/Runtime/EventSystem/EventSystem.cs Line: 543)

There are 2 event systems in the scene. Please ensure there is always exactly one event system in the scene
UnityEngine.StackTraceUtility:ExtractStackTrace ()
UnityEngine.DebugLogHandler:LogFormat (UnityEngine.LogType,UnityEngine.Object,string,object[])
UnityEngine.Logger:Log (UnityEngine.LogType,object)
UnityEngine.Debug:LogWarning (object)
UnityEngine.EventSystems.EventSystem:Update () (at ./Library/PackageCache/com.unity.ugui@1.0.0/Runtime/EventSystem/EventSystem.cs:543)

(Filename: ./Library/PackageCache/com.unity.ugui@1.0.0/Runtime/EventSystem/EventSystem.cs Line: 543)

There are 2 event systems in the scene. Please ensure there is always exactly one event system in the scene
UnityEngine.StackTraceUtility:ExtractStackTrace ()
UnityEngine.DebugLogHandler:LogFormat (UnityEngine.LogType,UnityEngine.Object,string,object[])
UnityEngine.Logger:Log (UnityEngine.LogType,object)
UnityEngine.Debug:LogWarning (object)
UnityEngine.EventSystems.EventSystem:Update () (at ./Library/PackageCache/com.unity.ugui@1.0.0/Runtime/EventSystem/EventSystem.cs:543)

(Filename: ./Library/PackageCache/com.unity.ugui@1.0.0/Runtime/EventSystem/EventSystem.cs Line: 543)

There are 2 event systems in the scene. Please ensure there is always exactly one event system in the scene
UnityEngine.StackTraceUtility:ExtractStackTrace ()
UnityEngine.DebugLogHandler:LogFormat (UnityEngine.LogType,UnityEngine.Object,string,object[])
UnityEngine.Logger:Log (UnityEngine.LogType,object)
UnityEngine.Debug:LogWarning (object)
UnityEngine.EventSystems.EventSystem:Update () (at ./Library/PackageCache/com.unity.ugui@1.0.0/Runtime/EventSystem/EventSystem.cs:543)

(Filename: ./Library/PackageCache/com.unity.ugui@1.0.0/Runtime/EventSystem/EventSystem.cs Line: 543)

There are 2 event systems in the scene. Please ensure there is always exactly one event system in the scene
UnityEngine.StackTraceUtility:ExtractStackTrace ()
UnityEngine.DebugLogHandler:LogFormat (UnityEngine.LogType,UnityEngine.Object,string,object[])
UnityEngine.Logger:Log (UnityEngine.LogType,object)
UnityEngine.Debug:LogWarning (object)
UnityEngine.EventSystems.EventSystem:Update () (at ./Library/PackageCache/com.unity.ugui@1.0.0/Runtime/EventSystem/EventSystem.cs:543)

(Filename: ./Library/PackageCache/com.unity.ugui@1.0.0/Runtime/EventSystem/EventSystem.cs Line: 543)

There are 2 event systems in the scene. Please ensure there is always exactly one event system in the scene
UnityEngine.StackTraceUtility:ExtractStackTrace ()
UnityEngine.DebugLogHandler:LogFormat (UnityEngine.LogType,UnityEngine.Object,string,object[])
UnityEngine.Logger:Log (UnityEngine.LogType,object)
UnityEngine.Debug:LogWarning (object)
UnityEngine.EventSystems.EventSystem:Update () (at ./Library/PackageCache/com.unity.ugui@1.0.0/Runtime/EventSystem/EventSystem.cs:543)

(Filename: ./Library/PackageCache/com.unity.ugui@1.0.0/Runtime/EventSystem/EventSystem.cs Line: 543)

There are 2 event systems in the scene. Please ensure there is always exactly one event system in the scene
UnityEngine.StackTraceUtility:ExtractStackTrace ()
UnityEngine.DebugLogHandler:LogFormat (UnityEngine.LogType,UnityEngine.Object,string,object[])
UnityEngine.Logger:Log (UnityEngine.LogType,object)
UnityEngine.Debug:LogWarning (object)
UnityEngine.EventSystems.EventSystem:Update () (at ./Library/PackageCache/com.unity.ugui@1.0.0/Runtime/EventSystem/EventSystem.cs:543)

(Filename: ./Library/PackageCache/com.unity.ugui@1.0.0/Runtime/EventSystem/EventSystem.cs Line: 543)

There are 2 event systems in the scene. Please ensure there is always exactly one event system in the scene
UnityEngine.StackTraceUtility:ExtractStackTrace ()
UnityEngine.DebugLogHandler:LogFormat (UnityEngine.LogType,UnityEngine.Object,string,object[])
UnityEngine.Logger:Log (UnityEngine.LogType,object)
UnityEngine.Debug:LogWarning (object)
UnityEngine.EventSystems.EventSystem:Update () (at ./Library/PackageCache/com.unity.ugui@1.0.0/Runtime/EventSystem/EventSystem.cs:543)

(Filename: ./Library/PackageCache/com.unity.ugui@1.0.0/Runtime/EventSystem/EventSystem.cs Line: 543)

There are 2 event systems in the scene. Please ensure there is always exactly one event system in the scene
UnityEngine.StackTraceUtility:ExtractStackTrace ()
UnityEngine.DebugLogHandler:LogFormat (UnityEngine.LogType,UnityEngine.Object,string,object[])
UnityEngine.Logger:Log (UnityEngine.LogType,object)
UnityEngine.Debug:LogWarning (object)
UnityEngine.EventSystems.EventSystem:Update () (at ./Library/PackageCache/com.unity.ugui@1.0.0/Runtime/EventSystem/EventSystem.cs:543)

(Filename: ./Library/PackageCache/com.unity.ugui@1.0.0/Runtime/EventSystem/EventSystem.cs Line: 543)

There are 2 event systems in the scene. Please ensure there is always exactly one event system in the scene
UnityEngine.StackTraceUtility:ExtractStackTrace ()
UnityEngine.DebugLogHandler:LogFormat (UnityEngine.LogType,UnityEngine.Object,string,object[])
UnityEngine.Logger:Log (UnityEngine.LogType,object)
UnityEngine.Debug:LogWarning (object)
UnityEngine.EventSystems.EventSystem:Update () (at ./Library/PackageCache/com.unity.ugui@1.0.0/Runtime/EventSystem/EventSystem.cs:543)

(Filename: ./Library/PackageCache/com.unity.ugui@1.0.0/Runtime/EventSystem/EventSystem.cs Line: 543)

There are 2 event systems in the scene. Please ensure there is always exactly one event system in the scene
UnityEngine.StackTraceUtility:ExtractStackTrace ()
UnityEngine.DebugLogHandler:LogFormat (UnityEngine.LogType,UnityEngine.Object,string,object[])
UnityEngine.Logger:Log (UnityEngine.LogType,object)
UnityEngine.Debug:LogWarning (object)
UnityEngine.EventSystems.EventSystem:Update () (at ./Library/PackageCache/com.unity.ugui@1.0.0/Runtime/EventSystem/EventSystem.cs:543)

(Filename: ./Library/PackageCache/com.unity.ugui@1.0.0/Runtime/EventSystem/EventSystem.cs Line: 543)

There are 2 event systems in the scene. Please ensure there is always exactly one event system in the scene
UnityEngine.StackTraceUtility:ExtractStackTrace ()
UnityEngine.DebugLogHandler:LogFormat (UnityEngine.LogType,UnityEngine.Object,string,object[])
UnityEngine.Logger:Log (UnityEngine.LogType,object)
UnityEngine.Debug:LogWarning (object)
UnityEngine.EventSystems.EventSystem:Update () (at ./Library/PackageCache/com.unity.ugui@1.0.0/Runtime/EventSystem/EventSystem.cs:543)

(Filename: ./Library/PackageCache/com.unity.ugui@1.0.0/Runtime/EventSystem/EventSystem.cs Line: 543)

There are 2 event systems in the scene. Please ensure there is always exactly one event system in the scene
UnityEngine.StackTraceUtility:ExtractStackTrace ()
UnityEngine.DebugLogHandler:LogFormat (UnityEngine.LogType,UnityEngine.Object,string,object[])
UnityEngine.Logger:Log (UnityEngine.LogType,object)
UnityEngine.Debug:LogWarning (object)
UnityEngine.EventSystems.EventSystem:Update () (at ./Library/PackageCache/com.unity.ugui@1.0.0/Runtime/EventSystem/EventSystem.cs:543)

(Filename: ./Library/PackageCache/com.unity.ugui@1.0.0/Runtime/EventSystem/EventSystem.cs Line: 543)

There are 2 event systems in the scene. Please ensure there is always exactly one event system in the scene
UnityEngine.StackTraceUtility:ExtractStackTrace ()
UnityEngine.DebugLogHandler:LogFormat (UnityEngine.LogType,UnityEngine.Object,string,object[])
UnityEngine.Logger:Log (UnityEngine.LogType,object)
UnityEngine.Debug:LogWarning (object)
UnityEngine.EventSystems.EventSystem:Update () (at ./Library/PackageCache/com.unity.ugui@1.0.0/Runtime/EventSystem/EventSystem.cs:543)

(Filename: ./Library/PackageCache/com.unity.ugui@1.0.0/Runtime/EventSystem/EventSystem.cs Line: 543)

There are 2 event systems in the scene. Please ensure there is always exactly one event system in the scene
UnityEngine.StackTraceUtility:ExtractStackTrace ()
UnityEngine.DebugLogHandler:LogFormat (UnityEngine.LogType,UnityEngine.Object,string,object[])
UnityEngine.Logger:Log (UnityEngine.LogType,object)
UnityEngine.Debug:LogWarning (object)
UnityEngine.EventSystems.EventSystem:Update () (at ./Library/PackageCache/com.unity.ugui@1.0.0/Runtime/EventSystem/EventSystem.cs:543)

(Filename: ./Library/PackageCache/com.unity.ugui@1.0.0/Runtime/EventSystem/EventSystem.cs Line: 543)

There are 2 event systems in the scene. Please ensure there is always exactly one event system in the scene
UnityEngine.StackTraceUtility:ExtractStackTrace ()
UnityEngine.DebugLogHandler:LogFormat (UnityEngine.LogType,UnityEngine.Object,string,object[])
UnityEngine.Logger:Log (UnityEngine.LogType,object)
UnityEngine.Debug:LogWarning (object)
UnityEngine.EventSystems.EventSystem:Update () (at ./Library/PackageCache/com.unity.ugui@1.0.0/Runtime/EventSystem/EventSystem.cs:543)

(Filename: ./Library/PackageCache/com.unity.ugui@1.0.0/Runtime/EventSystem/EventSystem.cs Line: 543)

There are 2 event systems in the scene. Please ensure there is always exactly one event system in the scene
UnityEngine.StackTraceUtility:ExtractStackTrace ()
UnityEngine.DebugLogHandler:LogFormat (UnityEngine.LogType,UnityEngine.Object,string,object[])
UnityEngine.Logger:Log (UnityEngine.LogType,object)
UnityEngine.Debug:LogWarning (object)
UnityEngine.EventSystems.EventSystem:Update () (at ./Library/PackageCache/com.unity.ugui@1.0.0/Runtime/EventSystem/EventSystem.cs:543)

(Filename: ./Library/PackageCache/com.unity.ugui@1.0.0/Runtime/EventSystem/EventSystem.cs Line: 543)

There are 2 event systems in the scene. Please ensure there is always exactly one event system in the scene
UnityEngine.StackTraceUtility:ExtractStackTrace ()
UnityEngine.DebugLogHandler:LogFormat (UnityEngine.LogType,UnityEngine.Object,string,object[])
UnityEngine.Logger:Log (UnityEngine.LogType,object)
UnityEngine.Debug:LogWarning (object)
UnityEngine.EventSystems.EventSystem:Update () (at ./Library/PackageCache/com.unity.ugui@1.0.0/Runtime/EventSystem/EventSystem.cs:543)

(Filename: ./Library/PackageCache/com.unity.ugui@1.0.0/Runtime/EventSystem/EventSystem.cs Line: 543)

There are 2 event systems in the scene. Please ensure there is always exactly one event system in the scene
UnityEngine.StackTraceUtility:ExtractStackTrace ()
UnityEngine.DebugLogHandler:LogFormat (UnityEngine.LogType,UnityEngine.Object,string,object[])
UnityEngine.Logger:Log (UnityEngine.LogType,object)
UnityEngine.Debug:LogWarning (object)
UnityEngine.EventSystems.EventSystem:Update () (at ./Library/PackageCache/com.unity.ugui@1.0.0/Runtime/EventSystem/EventSystem.cs:543)

(Filename: ./Library/PackageCache/com.unity.ugui@1.0.0/Runtime/EventSystem/EventSystem.cs Line: 543)

There are 2 event systems in the scene. Please ensure there is always exactly one event system in the scene
UnityEngine.StackTraceUtility:ExtractStackTrace ()
UnityEngine.DebugLogHandler:LogFormat (UnityEngine.LogType,UnityEngine.Object,string,object[])
UnityEngine.Logger:Log (UnityEngine.LogType,object)
UnityEngine.Debug:LogWarning (object)
UnityEngine.EventSystems.EventSystem:Update () (at ./Library/PackageCache/com.unity.ugui@1.0.0/Runtime/EventSystem/EventSystem.cs:543)

(Filename: ./Library/PackageCache/com.unity.ugui@1.0.0/Runtime/EventSystem/EventSystem.cs Line: 543)

There are 2 event systems in the scene. Please ensure there is always exactly one event system in the scene
UnityEngine.StackTraceUtility:ExtractStackTrace ()
UnityEngine.DebugLogHandler:LogFormat (UnityEngine.LogType,UnityEngine.Object,string,object[])
UnityEngine.Logger:Log (UnityEngine.LogType,object)
UnityEngine.Debug:LogWarning (object)
UnityEngine.EventSystems.EventSystem:Update () (at ./Library/PackageCache/com.unity.ugui@1.0.0/Runtime/EventSystem/EventSystem.cs:543)

(Filename: ./Library/PackageCache/com.unity.ugui@1.0.0/Runtime/EventSystem/EventSystem.cs Line: 543)

There are 2 event systems in the scene. Please ensure there is always exactly one event system in the scene
UnityEngine.StackTraceUtility:ExtractStackTrace ()
UnityEngine.DebugLogHandler:LogFormat (UnityEngine.LogType,UnityEngine.Object,string,object[])
UnityEngine.Logger:Log (UnityEngine.LogType,object)
UnityEngine.Debug:LogWarning (object)
UnityEngine.EventSystems.EventSystem:Update () (at ./Library/PackageCache/com.unity.ugui@1.0.0/Runtime/EventSystem/EventSystem.cs:543)

(Filename: ./Library/PackageCache/com.unity.ugui@1.0.0/Runtime/EventSystem/EventSystem.cs Line: 543)

There are 2 event systems in the scene. Please ensure there is always exactly one event system in the scene
UnityEngine.StackTraceUtility:ExtractStackTrace ()
UnityEngine.DebugLogHandler:LogFormat (UnityEngine.LogType,UnityEngine.Object,string,object[])
UnityEngine.Logger:Log (UnityEngine.LogType,object)
UnityEngine.Debug:LogWarning (object)
UnityEngine.EventSystems.EventSystem:Update () (at ./Library/PackageCache/com.unity.ugui@1.0.0/Runtime/EventSystem/EventSystem.cs:543)

(Filename: ./Library/PackageCache/com.unity.ugui@1.0.0/Runtime/EventSystem/EventSystem.cs Line: 543)

There are 2 event systems in the scene. Please ensure there is always exactly one event system in the scene
UnityEngine.StackTraceUtility:ExtractStackTrace ()
UnityEngine.DebugLogHandler:LogFormat (UnityEngine.LogType,UnityEngine.Object,string,object[])
UnityEngine.Logger:Log (UnityEngine.LogType,object)
UnityEngine.Debug:LogWarning (object)
UnityEngine.EventSystems.EventSystem:Update () (at ./Library/PackageCache/com.unity.ugui@1.0.0/Runtime/EventSystem/EventSystem.cs:543)

(Filename: ./Library/PackageCache/com.unity.ugui@1.0.0/Runtime/EventSystem/EventSystem.cs Line: 543)

There are 2 event systems in the scene. Please ensure there is always exactly one event system in the scene
UnityEngine.StackTraceUtility:ExtractStackTrace ()
UnityEngine.DebugLogHandler:LogFormat (UnityEngine.LogType,UnityEngine.Object,string,object[])
UnityEngine.Logger:Log (UnityEngine.LogType,object)
UnityEngine.Debug:LogWarning (object)
UnityEngine.EventSystems.EventSystem:Update () (at ./Library/PackageCache/com.unity.ugui@1.0.0/Runtime/EventSystem/EventSystem.cs:543)

(Filename: ./Library/PackageCache/com.unity.ugui@1.0.0/Runtime/EventSystem/EventSystem.cs Line: 543)

There are 2 event systems in the scene. Please ensure there is always exactly one event system in the scene
UnityEngine.StackTraceUtility:ExtractStackTrace ()
UnityEngine.DebugLogHandler:LogFormat (UnityEngine.LogType,UnityEngine.Object,string,object[])
UnityEngine.Logger:Log (UnityEngine.LogType,object)
UnityEngine.Debug:LogWarning (object)
UnityEngine.EventSystems.EventSystem:Update () (at ./Library/PackageCache/com.unity.ugui@1.0.0/Runtime/EventSystem/EventSystem.cs:543)

(Filename: ./Library/PackageCache/com.unity.ugui@1.0.0/Runtime/EventSystem/EventSystem.cs Line: 543)

There are 2 event systems in the scene. Please ensure there is always exactly one event system in the scene
UnityEngine.StackTraceUtility:ExtractStackTrace ()
UnityEngine.DebugLogHandler:LogFormat (UnityEngine.LogType,UnityEngine.Object,string,object[])
UnityEngine.Logger:Log (UnityEngine.LogType,object)
UnityEngine.Debug:LogWarning (object)
UnityEngine.EventSystems.EventSystem:Update () (at ./Library/PackageCache/com.unity.ugui@1.0.0/Runtime/EventSystem/EventSystem.cs:543)

(Filename: ./Library/PackageCache/com.unity.ugui@1.0.0/Runtime/EventSystem/EventSystem.cs Line: 543)

There are 2 event systems in the scene. Please ensure there is always exactly one event system in the scene
UnityEngine.StackTraceUtility:ExtractStackTrace ()
UnityEngine.DebugLogHandler:LogFormat (UnityEngine.LogType,UnityEngine.Object,string,object[])
UnityEngine.Logger:Log (UnityEngine.LogType,object)
UnityEngine.Debug:LogWarning (object)
UnityEngine.EventSystems.EventSystem:Update () (at ./Library/PackageCache/com.unity.ugui@1.0.0/Runtime/EventSystem/EventSystem.cs:543)

(Filename: ./Library/PackageCache/com.unity.ugui@1.0.0/Runtime/EventSystem/EventSystem.cs Line: 543)

There are 2 event systems in the scene. Please ensure there is always exactly one event system in the scene
UnityEngine.StackTraceUtility:ExtractStackTrace ()
UnityEngine.DebugLogHandler:LogFormat (UnityEngine.LogType,UnityEngine.Object,string,object[])
UnityEngine.Logger:Log (UnityEngine.LogType,object)
UnityEngine.Debug:LogWarning (object)
UnityEngine.EventSystems.EventSystem:Update () (at ./Library/PackageCache/com.unity.ugui@1.0.0/Runtime/EventSystem/EventSystem.cs:543)

(Filename: ./Library/PackageCache/com.unity.ugui@1.0.0/Runtime/EventSystem/EventSystem.cs Line: 543)

There are 2 event systems in the scene. Please ensure there is always exactly one event system in the scene
UnityEngine.StackTraceUtility:ExtractStackTrace ()
UnityEngine.DebugLogHandler:LogFormat (UnityEngine.LogType,UnityEngine.Object,string,object[])
UnityEngine.Logger:Log (UnityEngine.LogType,object)
UnityEngine.Debug:LogWarning (object)
UnityEngine.EventSystems.EventSystem:Update () (at ./Library/PackageCache/com.unity.ugui@1.0.0/Runtime/EventSystem/EventSystem.cs:543)

(Filename: ./Library/PackageCache/com.unity.ugui@1.0.0/Runtime/EventSystem/EventSystem.cs Line: 543)

There are 2 event systems in the scene. Please ensure there is always exactly one event system in the scene
UnityEngine.StackTraceUtility:ExtractStackTrace ()
UnityEngine.DebugLogHandler:LogFormat (UnityEngine.LogType,UnityEngine.Object,string,object[])
UnityEngine.Logger:Log (UnityEngine.LogType,object)
UnityEngine.Debug:LogWarning (object)
UnityEngine.EventSystems.EventSystem:Update () (at ./Library/PackageCache/com.unity.ugui@1.0.0/Runtime/EventSystem/EventSystem.cs:543)

(Filename: ./Library/PackageCache/com.unity.ugui@1.0.0/Runtime/EventSystem/EventSystem.cs Line: 543)

There are 2 event systems in the scene. Please ensure there is always exactly one event system in the scene
UnityEngine.StackTraceUtility:ExtractStackTrace ()
UnityEngine.DebugLogHandler:LogFormat (UnityEngine.LogType,UnityEngine.Object,string,object[])
UnityEngine.Logger:Log (UnityEngine.LogType,object)
UnityEngine.Debug:LogWarning (object)
UnityEngine.EventSystems.EventSystem:Update () (at ./Library/PackageCache/com.unity.ugui@1.0.0/Runtime/EventSystem/EventSystem.cs:543)

(Filename: ./Library/PackageCache/com.unity.ugui@1.0.0/Runtime/EventSystem/EventSystem.cs Line: 543)

There are 2 event systems in the scene. Please ensure there is always exactly one event system in the scene
UnityEngine.StackTraceUtility:ExtractStackTrace ()
UnityEngine.DebugLogHandler:LogFormat (UnityEngine.LogType,UnityEngine.Object,string,object[])
UnityEngine.Logger:Log (UnityEngine.LogType,object)
UnityEngine.Debug:LogWarning (object)
UnityEngine.EventSystems.EventSystem:Update () (at ./Library/PackageCache/com.unity.ugui@1.0.0/Runtime/EventSystem/EventSystem.cs:543)

(Filename: ./Library/PackageCache/com.unity.ugui@1.0.0/Runtime/EventSystem/EventSystem.cs Line: 543)

There are 2 event systems in the scene. Please ensure there is always exactly one event system in the scene
UnityEngine.StackTraceUtility:ExtractStackTrace ()
UnityEngine.DebugLogHandler:LogFormat (UnityEngine.LogType,UnityEngine.Object,string,object[])
UnityEngine.Logger:Log (UnityEngine.LogType,object)
UnityEngine.Debug:LogWarning (object)
UnityEngine.EventSystems.EventSystem:Update () (at ./Library/PackageCache/com.unity.ugui@1.0.0/Runtime/EventSystem/EventSystem.cs:543)

(Filename: ./Library/PackageCache/com.unity.ugui@1.0.0/Runtime/EventSystem/EventSystem.cs Line: 543)

There are 2 event systems in the scene. Please ensure there is always exactly one event system in the scene
UnityEngine.StackTraceUtility:ExtractStackTrace ()
UnityEngine.DebugLogHandler:LogFormat (UnityEngine.LogType,UnityEngine.Object,string,object[])
UnityEngine.Logger:Log (UnityEngine.LogType,object)
UnityEngine.Debug:LogWarning (object)
UnityEngine.EventSystems.EventSystem:Update () (at ./Library/PackageCache/com.unity.ugui@1.0.0/Runtime/EventSystem/EventSystem.cs:543)

(Filename: ./Library/PackageCache/com.unity.ugui@1.0.0/Runtime/EventSystem/EventSystem.cs Line: 543)

There are 2 event systems in the scene. Please ensure there is always exactly one event system in the scene
UnityEngine.StackTraceUtility:ExtractStackTrace ()
UnityEngine.DebugLogHandler:LogFormat (UnityEngine.LogType,UnityEngine.Object,string,object[])
UnityEngine.Logger:Log (UnityEngine.LogType,object)
UnityEngine.Debug:LogWarning (object)
UnityEngine.EventSystems.EventSystem:Update () (at ./Library/PackageCache/com.unity.ugui@1.0.0/Runtime/EventSystem/EventSystem.cs:543)

(Filename: ./Library/PackageCache/com.unity.ugui@1.0.0/Runtime/EventSystem/EventSystem.cs Line: 543)

There are 2 event systems in the scene. Please ensure there is always exactly one event system in the scene
UnityEngine.StackTraceUtility:ExtractStackTrace ()
UnityEngine.DebugLogHandler:LogFormat (UnityEngine.LogType,UnityEngine.Object,string,object[])
UnityEngine.Logger:Log (UnityEngine.LogType,object)
UnityEngine.Debug:LogWarning (object)
UnityEngine.EventSystems.EventSystem:Update () (at ./Library/PackageCache/com.unity.ugui@1.0.0/Runtime/EventSystem/EventSystem.cs:543)

(Filename: ./Library/PackageCache/com.unity.ugui@1.0.0/Runtime/EventSystem/EventSystem.cs Line: 543)

There are 2 event systems in the scene. Please ensure there is always exactly one event system in the scene
UnityEngine.StackTraceUtility:ExtractStackTrace ()
UnityEngine.DebugLogHandler:LogFormat (UnityEngine.LogType,UnityEngine.Object,string,object[])
UnityEngine.Logger:Log (UnityEngine.LogType,object)
UnityEngine.Debug:LogWarning (object)
UnityEngine.EventSystems.EventSystem:Update () (at ./Library/PackageCache/com.unity.ugui@1.0.0/Runtime/EventSystem/EventSystem.cs:543)

(Filename: ./Library/PackageCache/com.unity.ugui@1.0.0/Runtime/EventSystem/EventSystem.cs Line: 543)

There are 2 event systems in the scene. Please ensure there is always exactly one event system in the scene
UnityEngine.StackTraceUtility:ExtractStackTrace ()
UnityEngine.DebugLogHandler:LogFormat (UnityEngine.LogType,UnityEngine.Object,string,object[])
UnityEngine.Logger:Log (UnityEngine.LogType,object)
UnityEngine.Debug:LogWarning (object)
UnityEngine.EventSystems.EventSystem:Update () (at ./Library/PackageCache/com.unity.ugui@1.0.0/Runtime/EventSystem/EventSystem.cs:543)

(Filename: ./Library/PackageCache/com.unity.ugui@1.0.0/Runtime/EventSystem/EventSystem.cs Line: 543)

There are 2 event systems in the scene. Please ensure there is always exactly one event system in the scene
UnityEngine.StackTraceUtility:ExtractStackTrace ()
UnityEngine.DebugLogHandler:LogFormat (UnityEngine.LogType,UnityEngine.Object,string,object[])
UnityEngine.Logger:Log (UnityEngine.LogType,object)
UnityEngine.Debug:LogWarning (object)
UnityEngine.EventSystems.EventSystem:Update () (at ./Library/PackageCache/com.unity.ugui@1.0.0/Runtime/EventSystem/EventSystem.cs:543)

(Filename: ./Library/PackageCache/com.unity.ugui@1.0.0/Runtime/EventSystem/EventSystem.cs Line: 543)

There are 2 event systems in the scene. Please ensure there is always exactly one event system in the scene
UnityEngine.StackTraceUtility:ExtractStackTrace ()
UnityEngine.DebugLogHandler:LogFormat (UnityEngine.LogType,UnityEngine.Object,string,object[])
UnityEngine.Logger:Log (UnityEngine.LogType,object)
UnityEngine.Debug:LogWarning (object)
UnityEngine.EventSystems.EventSystem:Update () (at ./Library/PackageCache/com.unity.ugui@1.0.0/Runtime/EventSystem/EventSystem.cs:543)

(Filename: ./Library/PackageCache/com.unity.ugui@1.0.0/Runtime/EventSystem/EventSystem.cs Line: 543)

There are 2 event systems in the scene. Please ensure there is always exactly one event system in the scene
UnityEngine.StackTraceUtility:ExtractStackTrace ()
UnityEngine.DebugLogHandler:LogFormat (UnityEngine.LogType,UnityEngine.Object,string,object[])
UnityEngine.Logger:Log (UnityEngine.LogType,object)
UnityEngine.Debug:LogWarning (object)
UnityEngine.EventSystems.EventSystem:Update () (at ./Library/PackageCache/com.unity.ugui@1.0.0/Runtime/EventSystem/EventSystem.cs:543)

(Filename: ./Library/PackageCache/com.unity.ugui@1.0.0/Runtime/EventSystem/EventSystem.cs Line: 543)

There are 2 event systems in the scene. Please ensure there is always exactly one event system in the scene
UnityEngine.StackTraceUtility:ExtractStackTrace ()
UnityEngine.DebugLogHandler:LogFormat (UnityEngine.LogType,UnityEngine.Object,string,object[])
UnityEngine.Logger:Log (UnityEngine.LogType,object)
UnityEngine.Debug:LogWarning (object)
UnityEngine.EventSystems.EventSystem:Update () (at ./Library/PackageCache/com.unity.ugui@1.0.0/Runtime/EventSystem/EventSystem.cs:543)

(Filename: ./Library/PackageCache/com.unity.ugui@1.0.0/Runtime/EventSystem/EventSystem.cs Line: 543)

There are 2 event systems in the scene. Please ensure there is always exactly one event system in the scene
UnityEngine.StackTraceUtility:ExtractStackTrace ()
UnityEngine.DebugLogHandler:LogFormat (UnityEngine.LogType,UnityEngine.Object,string,object[])
UnityEngine.Logger:Log (UnityEngine.LogType,object)
UnityEngine.Debug:LogWarning (object)
UnityEngine.EventSystems.EventSystem:Update () (at ./Library/PackageCache/com.unity.ugui@1.0.0/Runtime/EventSystem/EventSystem.cs:543)

(Filename: ./Library/PackageCache/com.unity.ugui@1.0.0/Runtime/EventSystem/EventSystem.cs Line: 543)

There are 2 event systems in the scene. Please ensure there is always exactly one event system in the scene
UnityEngine.StackTraceUtility:ExtractStackTrace ()
UnityEngine.DebugLogHandler:LogFormat (UnityEngine.LogType,UnityEngine.Object,string,object[])
UnityEngine.Logger:Log (UnityEngine.LogType,object)
UnityEngine.Debug:LogWarning (object)
UnityEngine.EventSystems.EventSystem:Update () (at ./Library/PackageCache/com.unity.ugui@1.0.0/Runtime/EventSystem/EventSystem.cs:543)

(Filename: ./Library/PackageCache/com.unity.ugui@1.0.0/Runtime/EventSystem/EventSystem.cs Line: 543)

There are 2 event systems in the scene. Please ensure there is always exactly one event system in the scene
UnityEngine.StackTraceUtility:ExtractStackTrace ()
UnityEngine.DebugLogHandler:LogFormat (UnityEngine.LogType,UnityEngine.Object,string,object[])
UnityEngine.Logger:Log (UnityEngine.LogType,object)
UnityEngine.Debug:LogWarning (object)
UnityEngine.EventSystems.EventSystem:Update () (at ./Library/PackageCache/com.unity.ugui@1.0.0/Runtime/EventSystem/EventSystem.cs:543)

(Filename: ./Library/PackageCache/com.unity.ugui@1.0.0/Runtime/EventSystem/EventSystem.cs Line: 543)

There are 2 event systems in the scene. Please ensure there is always exactly one event system in the scene
UnityEngine.StackTraceUtility:ExtractStackTrace ()
UnityEngine.DebugLogHandler:LogFormat (UnityEngine.LogType,UnityEngine.Object,string,object[])
UnityEngine.Logger:Log (UnityEngine.LogType,object)
UnityEngine.Debug:LogWarning (object)
UnityEngine.EventSystems.EventSystem:Update () (at ./Library/PackageCache/com.unity.ugui@1.0.0/Runtime/EventSystem/EventSystem.cs:543)

(Filename: ./Library/PackageCache/com.unity.ugui@1.0.0/Runtime/EventSystem/EventSystem.cs Line: 543)

There are 2 event systems in the scene. Please ensure there is always exactly one event system in the scene
UnityEngine.StackTraceUtility:ExtractStackTrace ()
UnityEngine.DebugLogHandler:LogFormat (UnityEngine.LogType,UnityEngine.Object,string,object[])
UnityEngine.Logger:Log (UnityEngine.LogType,object)
UnityEngine.Debug:LogWarning (object)
UnityEngine.EventSystems.EventSystem:Update () (at ./Library/PackageCache/com.unity.ugui@1.0.0/Runtime/EventSystem/EventSystem.cs:543)

(Filename: ./Library/PackageCache/com.unity.ugui@1.0.0/Runtime/EventSystem/EventSystem.cs Line: 543)

There are 2 event systems in the scene. Please ensure there is always exactly one event system in the scene
UnityEngine.StackTraceUtility:ExtractStackTrace ()
UnityEngine.DebugLogHandler:LogFormat (UnityEngine.LogType,UnityEngine.Object,string,object[])
UnityEngine.Logger:Log (UnityEngine.LogType,object)
UnityEngine.Debug:LogWarning (object)
UnityEngine.EventSystems.EventSystem:Update () (at ./Library/PackageCache/com.unity.ugui@1.0.0/Runtime/EventSystem/EventSystem.cs:543)

(Filename: ./Library/PackageCache/com.unity.ugui@1.0.0/Runtime/EventSystem/EventSystem.cs Line: 543)

There are 2 event systems in the scene. Please ensure there is always exactly one event system in the scene
UnityEngine.StackTraceUtility:ExtractStackTrace ()
UnityEngine.DebugLogHandler:LogFormat (UnityEngine.LogType,UnityEngine.Object,string,object[])
UnityEngine.Logger:Log (UnityEngine.LogType,object)
UnityEngine.Debug:LogWarning (object)
UnityEngine.EventSystems.EventSystem:Update () (at ./Library/PackageCache/com.unity.ugui@1.0.0/Runtime/EventSystem/EventSystem.cs:543)

(Filename: ./Library/PackageCache/com.unity.ugui@1.0.0/Runtime/EventSystem/EventSystem.cs Line: 543)

There are 2 event systems in the scene. Please ensure there is always exactly one event system in the scene
UnityEngine.StackTraceUtility:ExtractStackTrace ()
UnityEngine.DebugLogHandler:LogFormat (UnityEngine.LogType,UnityEngine.Object,string,object[])
UnityEngine.Logger:Log (UnityEngine.LogType,object)
UnityEngine.Debug:LogWarning (object)
UnityEngine.EventSystems.EventSystem:Update () (at ./Library/PackageCache/com.unity.ugui@1.0.0/Runtime/EventSystem/EventSystem.cs:543)

(Filename: ./Library/PackageCache/com.unity.ugui@1.0.0/Runtime/EventSystem/EventSystem.cs Line: 543)

There are 2 event systems in the scene. Please ensure there is always exactly one event system in the scene
UnityEngine.StackTraceUtility:ExtractStackTrace ()
UnityEngine.DebugLogHandler:LogFormat (UnityEngine.LogType,UnityEngine.Object,string,object[])
UnityEngine.Logger:Log (UnityEngine.LogType,object)
UnityEngine.Debug:LogWarning (object)
UnityEngine.EventSystems.EventSystem:Update () (at ./Library/PackageCache/com.unity.ugui@1.0.0/Runtime/EventSystem/EventSystem.cs:543)

(Filename: ./Library/PackageCache/com.unity.ugui@1.0.0/Runtime/EventSystem/EventSystem.cs Line: 543)

There are 2 event systems in the scene. Please ensure there is always exactly one event system in the scene
UnityEngine.StackTraceUtility:ExtractStackTrace ()
UnityEngine.DebugLogHandler:LogFormat (UnityEngine.LogType,UnityEngine.Object,string,object[])
UnityEngine.Logger:Log (UnityEngine.LogType,object)
UnityEngine.Debug:LogWarning (object)
UnityEngine.EventSystems.EventSystem:Update () (at ./Library/PackageCache/com.unity.ugui@1.0.0/Runtime/EventSystem/EventSystem.cs:543)

(Filename: ./Library/PackageCache/com.unity.ugui@1.0.0/Runtime/EventSystem/EventSystem.cs Line: 543)

There are 2 event systems in the scene. Please ensure there is always exactly one event system in the scene
UnityEngine.StackTraceUtility:ExtractStackTrace ()
UnityEngine.DebugLogHandler:LogFormat (UnityEngine.LogType,UnityEngine.Object,string,object[])
UnityEngine.Logger:Log (UnityEngine.LogType,object)
UnityEngine.Debug:LogWarning (object)
UnityEngine.EventSystems.EventSystem:Update () (at ./Library/PackageCache/com.unity.ugui@1.0.0/Runtime/EventSystem/EventSystem.cs:543)

(Filename: ./Library/PackageCache/com.unity.ugui@1.0.0/Runtime/EventSystem/EventSystem.cs Line: 543)

There are 2 event systems in the scene. Please ensure there is always exactly one event system in the scene
UnityEngine.StackTraceUtility:ExtractStackTrace ()
UnityEngine.DebugLogHandler:LogFormat (UnityEngine.LogType,UnityEngine.Object,string,object[])
UnityEngine.Logger:Log (UnityEngine.LogType,object)
UnityEngine.Debug:LogWarning (object)
UnityEngine.EventSystems.EventSystem:Update () (at ./Library/PackageCache/com.unity.ugui@1.0.0/Runtime/EventSystem/EventSystem.cs:543)

(Filename: ./Library/PackageCache/com.unity.ugui@1.0.0/Runtime/EventSystem/EventSystem.cs Line: 543)

There are 2 event systems in the scene. Please ensure there is always exactly one event system in the scene
UnityEngine.StackTraceUtility:ExtractStackTrace ()
UnityEngine.DebugLogHandler:LogFormat (UnityEngine.LogType,UnityEngine.Object,string,object[])
UnityEngine.Logger:Log (UnityEngine.LogType,object)
UnityEngine.Debug:LogWarning (object)
UnityEngine.EventSystems.EventSystem:Update () (at ./Library/PackageCache/com.unity.ugui@1.0.0/Runtime/EventSystem/EventSystem.cs:543)

(Filename: ./Library/PackageCache/com.unity.ugui@1.0.0/Runtime/EventSystem/EventSystem.cs Line: 543)

There are 2 event systems in the scene. Please ensure there is always exactly one event system in the scene
UnityEngine.StackTraceUtility:ExtractStackTrace ()
UnityEngine.DebugLogHandler:LogFormat (UnityEngine.LogType,UnityEngine.Object,string,object[])
UnityEngine.Logger:Log (UnityEngine.LogType,object)
UnityEngine.Debug:LogWarning (object)
UnityEngine.EventSystems.EventSystem:Update () (at ./Library/PackageCache/com.unity.ugui@1.0.0/Runtime/EventSystem/EventSystem.cs:543)

(Filename: ./Library/PackageCache/com.unity.ugui@1.0.0/Runtime/EventSystem/EventSystem.cs Line: 543)

There are 2 event systems in the scene. Please ensure there is always exactly one event system in the scene
UnityEngine.StackTraceUtility:ExtractStackTrace ()
UnityEngine.DebugLogHandler:LogFormat (UnityEngine.LogType,UnityEngine.Object,string,object[])
UnityEngine.Logger:Log (UnityEngine.LogType,object)
UnityEngine.Debug:LogWarning (object)
UnityEngine.EventSystems.EventSystem:Update () (at ./Library/PackageCache/com.unity.ugui@1.0.0/Runtime/EventSystem/EventSystem.cs:543)

(Filename: ./Library/PackageCache/com.unity.ugui@1.0.0/Runtime/EventSystem/EventSystem.cs Line: 543)

There are 2 event systems in the scene. Please ensure there is always exactly one event system in the scene
UnityEngine.StackTraceUtility:ExtractStackTrace ()
UnityEngine.DebugLogHandler:LogFormat (UnityEngine.LogType,UnityEngine.Object,string,object[])
UnityEngine.Logger:Log (UnityEngine.LogType,object)
UnityEngine.Debug:LogWarning (object)
UnityEngine.EventSystems.EventSystem:Update () (at ./Library/PackageCache/com.unity.ugui@1.0.0/Runtime/EventSystem/EventSystem.cs:543)

(Filename: ./Library/PackageCache/com.unity.ugui@1.0.0/Runtime/EventSystem/EventSystem.cs Line: 543)

There are 2 event systems in the scene. Please ensure there is always exactly one event system in the scene
UnityEngine.StackTraceUtility:ExtractStackTrace ()
UnityEngine.DebugLogHandler:LogFormat (UnityEngine.LogType,UnityEngine.Object,string,object[])
UnityEngine.Logger:Log (UnityEngine.LogType,object)
UnityEngine.Debug:LogWarning (object)
UnityEngine.EventSystems.EventSystem:Update () (at ./Library/PackageCache/com.unity.ugui@1.0.0/Runtime/EventSystem/EventSystem.cs:543)

(Filename: ./Library/PackageCache/com.unity.ugui@1.0.0/Runtime/EventSystem/EventSystem.cs Line: 543)

There are 2 event systems in the scene. Please ensure there is always exactly one event system in the scene
UnityEngine.StackTraceUtility:ExtractStackTrace ()
UnityEngine.DebugLogHandler:LogFormat (UnityEngine.LogType,UnityEngine.Object,string,object[])
UnityEngine.Logger:Log (UnityEngine.LogType,object)
UnityEngine.Debug:LogWarning (object)
UnityEngine.EventSystems.EventSystem:Update () (at ./Library/PackageCache/com.unity.ugui@1.0.0/Runtime/EventSystem/EventSystem.cs:543)

(Filename: ./Library/PackageCache/com.unity.ugui@1.0.0/Runtime/EventSystem/EventSystem.cs Line: 543)

There are 2 event systems in the scene. Please ensure there is always exactly one event system in the scene
UnityEngine.StackTraceUtility:ExtractStackTrace ()
UnityEngine.DebugLogHandler:LogFormat (UnityEngine.LogType,UnityEngine.Object,string,object[])
UnityEngine.Logger:Log (UnityEngine.LogType,object)
UnityEngine.Debug:LogWarning (object)
UnityEngine.EventSystems.EventSystem:Update () (at ./Library/PackageCache/com.unity.ugui@1.0.0/Runtime/EventSystem/EventSystem.cs:543)

(Filename: ./Library/PackageCache/com.unity.ugui@1.0.0/Runtime/EventSystem/EventSystem.cs Line: 543)

There are 2 event systems in the scene. Please ensure there is always exactly one event system in the scene
UnityEngine.StackTraceUtility:ExtractStackTrace ()
UnityEngine.DebugLogHandler:LogFormat (UnityEngine.LogType,UnityEngine.Object,string,object[])
UnityEngine.Logger:Log (UnityEngine.LogType,object)
UnityEngine.Debug:LogWarning (object)
UnityEngine.EventSystems.EventSystem:Update () (at ./Library/PackageCache/com.unity.ugui@1.0.0/Runtime/EventSystem/EventSystem.cs:543)

(Filename: ./Library/PackageCache/com.unity.ugui@1.0.0/Runtime/EventSystem/EventSystem.cs Line: 543)

There are 2 event systems in the scene. Please ensure there is always exactly one event system in the scene
UnityEngine.StackTraceUtility:ExtractStackTrace ()
UnityEngine.DebugLogHandler:LogFormat (UnityEngine.LogType,UnityEngine.Object,string,object[])
UnityEngine.Logger:Log (UnityEngine.LogType,object)
UnityEngine.Debug:LogWarning (object)
UnityEngine.EventSystems.EventSystem:Update () (at ./Library/PackageCache/com.unity.ugui@1.0.0/Runtime/EventSystem/EventSystem.cs:543)

(Filename: ./Library/PackageCache/com.unity.ugui@1.0.0/Runtime/EventSystem/EventSystem.cs Line: 543)

There are 2 event systems in the scene. Please ensure there is always exactly one event system in the scene
UnityEngine.StackTraceUtility:ExtractStackTrace ()
UnityEngine.DebugLogHandler:LogFormat (UnityEngine.LogType,UnityEngine.Object,string,object[])
UnityEngine.Logger:Log (UnityEngine.LogType,object)
UnityEngine.Debug:LogWarning (object)
UnityEngine.EventSystems.EventSystem:Update () (at ./Library/PackageCache/com.unity.ugui@1.0.0/Runtime/EventSystem/EventSystem.cs:543)

(Filename: ./Library/PackageCache/com.unity.ugui@1.0.0/Runtime/EventSystem/EventSystem.cs Line: 543)

There are 2 event systems in the scene. Please ensure there is always exactly one event system in the scene
UnityEngine.StackTraceUtility:ExtractStackTrace ()
UnityEngine.DebugLogHandler:LogFormat (UnityEngine.LogType,UnityEngine.Object,string,object[])
UnityEngine.Logger:Log (UnityEngine.LogType,object)
UnityEngine.Debug:LogWarning (object)
UnityEngine.EventSystems.EventSystem:Update () (at ./Library/PackageCache/com.unity.ugui@1.0.0/Runtime/EventSystem/EventSystem.cs:543)

(Filename: ./Library/PackageCache/com.unity.ugui@1.0.0/Runtime/EventSystem/EventSystem.cs Line: 543)

There are 2 event systems in the scene. Please ensure there is always exactly one event system in the scene
UnityEngine.StackTraceUtility:ExtractStackTrace ()
UnityEngine.DebugLogHandler:LogFormat (UnityEngine.LogType,UnityEngine.Object,string,object[])
UnityEngine.Logger:Log (UnityEngine.LogType,object)
UnityEngine.Debug:LogWarning (object)
UnityEngine.EventSystems.EventSystem:Update () (at ./Library/PackageCache/com.unity.ugui@1.0.0/Runtime/EventSystem/EventSystem.cs:543)

(Filename: ./Library/PackageCache/com.unity.ugui@1.0.0/Runtime/EventSystem/EventSystem.cs Line: 543)

There are 2 event systems in the scene. Please ensure there is always exactly one event system in the scene
UnityEngine.StackTraceUtility:ExtractStackTrace ()
UnityEngine.DebugLogHandler:LogFormat (UnityEngine.LogType,UnityEngine.Object,string,object[])
UnityEngine.Logger:Log (UnityEngine.LogType,object)
UnityEngine.Debug:LogWarning (object)
UnityEngine.EventSystems.EventSystem:Update () (at ./Library/PackageCache/com.unity.ugui@1.0.0/Runtime/EventSystem/EventSystem.cs:543)

(Filename: ./Library/PackageCache/com.unity.ugui@1.0.0/Runtime/EventSystem/EventSystem.cs Line: 543)

There are 2 event systems in the scene. Please ensure there is always exactly one event system in the scene
UnityEngine.StackTraceUtility:ExtractStackTrace ()
UnityEngine.DebugLogHandler:LogFormat (UnityEngine.LogType,UnityEngine.Object,string,object[])
UnityEngine.Logger:Log (UnityEngine.LogType,object)
UnityEngine.Debug:LogWarning (object)
UnityEngine.EventSystems.EventSystem:Update () (at ./Library/PackageCache/com.unity.ugui@1.0.0/Runtime/EventSystem/EventSystem.cs:543)

(Filename: ./Library/PackageCache/com.unity.ugui@1.0.0/Runtime/EventSystem/EventSystem.cs Line: 543)

There are 2 event systems in the scene. Please ensure there is always exactly one event system in the scene
UnityEngine.StackTraceUtility:ExtractStackTrace ()
UnityEngine.DebugLogHandler:LogFormat (UnityEngine.LogType,UnityEngine.Object,string,object[])
UnityEngine.Logger:Log (UnityEngine.LogType,object)
UnityEngine.Debug:LogWarning (object)
UnityEngine.EventSystems.EventSystem:Update () (at ./Library/PackageCache/com.unity.ugui@1.0.0/Runtime/EventSystem/EventSystem.cs:543)

(Filename: ./Library/PackageCache/com.unity.ugui@1.0.0/Runtime/EventSystem/EventSystem.cs Line: 543)

There are 2 event systems in the scene. Please ensure there is always exactly one event system in the scene
UnityEngine.StackTraceUtility:ExtractStackTrace ()
UnityEngine.DebugLogHandler:LogFormat (UnityEngine.LogType,UnityEngine.Object,string,object[])
UnityEngine.Logger:Log (UnityEngine.LogType,object)
UnityEngine.Debug:LogWarning (object)
UnityEngine.EventSystems.EventSystem:Update () (at ./Library/PackageCache/com.unity.ugui@1.0.0/Runtime/EventSystem/EventSystem.cs:543)

(Filename: ./Library/PackageCache/com.unity.ugui@1.0.0/Runtime/EventSystem/EventSystem.cs Line: 543)

There are 2 event systems in the scene. Please ensure there is always exactly one event system in the scene
UnityEngine.StackTraceUtility:ExtractStackTrace ()
UnityEngine.DebugLogHandler:LogFormat (UnityEngine.LogType,UnityEngine.Object,string,object[])
UnityEngine.Logger:Log (UnityEngine.LogType,object)
UnityEngine.Debug:LogWarning (object)
UnityEngine.EventSystems.EventSystem:Update () (at ./Library/PackageCache/com.unity.ugui@1.0.0/Runtime/EventSystem/EventSystem.cs:543)

(Filename: ./Library/PackageCache/com.unity.ugui@1.0.0/Runtime/EventSystem/EventSystem.cs Line: 543)

There are 2 event systems in the scene. Please ensure there is always exactly one event system in the scene
UnityEngine.StackTraceUtility:ExtractStackTrace ()
UnityEngine.DebugLogHandler:LogFormat (UnityEngine.LogType,UnityEngine.Object,string,object[])
UnityEngine.Logger:Log (UnityEngine.LogType,object)
UnityEngine.Debug:LogWarning (object)
UnityEngine.EventSystems.EventSystem:Update () (at ./Library/PackageCache/com.unity.ugui@1.0.0/Runtime/EventSystem/EventSystem.cs:543)

(Filename: ./Library/PackageCache/com.unity.ugui@1.0.0/Runtime/EventSystem/EventSystem.cs Line: 543)

There are 2 event systems in the scene. Please ensure there is always exactly one event system in the scene
UnityEngine.StackTraceUtility:ExtractStackTrace ()
UnityEngine.DebugLogHandler:LogFormat (UnityEngine.LogType,UnityEngine.Object,string,object[])
UnityEngine.Logger:Log (UnityEngine.LogType,object)
UnityEngine.Debug:LogWarning (object)
UnityEngine.EventSystems.EventSystem:Update () (at ./Library/PackageCache/com.unity.ugui@1.0.0/Runtime/EventSystem/EventSystem.cs:543)

(Filename: ./Library/PackageCache/com.unity.ugui@1.0.0/Runtime/EventSystem/EventSystem.cs Line: 543)

There are 2 event systems in the scene. Please ensure there is always exactly one event system in the scene
UnityEngine.StackTraceUtility:ExtractStackTrace ()
UnityEngine.DebugLogHandler:LogFormat (UnityEngine.LogType,UnityEngine.Object,string,object[])
UnityEngine.Logger:Log (UnityEngine.LogType,object)
UnityEngine.Debug:LogWarning (object)
UnityEngine.EventSystems.EventSystem:Update () (at ./Library/PackageCache/com.unity.ugui@1.0.0/Runtime/EventSystem/EventSystem.cs:543)

(Filename: ./Library/PackageCache/com.unity.ugui@1.0.0/Runtime/EventSystem/EventSystem.cs Line: 543)

There are 2 event systems in the scene. Please ensure there is always exactly one event system in the scene
UnityEngine.StackTraceUtility:ExtractStackTrace ()
UnityEngine.DebugLogHandler:LogFormat (UnityEngine.LogType,UnityEngine.Object,string,object[])
UnityEngine.Logger:Log (UnityEngine.LogType,object)
UnityEngine.Debug:LogWarning (object)
UnityEngine.EventSystems.EventSystem:Update () (at ./Library/PackageCache/com.unity.ugui@1.0.0/Runtime/EventSystem/EventSystem.cs:543)

(Filename: ./Library/PackageCache/com.unity.ugui@1.0.0/Runtime/EventSystem/EventSystem.cs Line: 543)

There are 2 event systems in the scene. Please ensure there is always exactly one event system in the scene
UnityEngine.StackTraceUtility:ExtractStackTrace ()
UnityEngine.DebugLogHandler:LogFormat (UnityEngine.LogType,UnityEngine.Object,string,object[])
UnityEngine.Logger:Log (UnityEngine.LogType,object)
UnityEngine.Debug:LogWarning (object)
UnityEngine.EventSystems.EventSystem:Update () (at ./Library/PackageCache/com.unity.ugui@1.0.0/Runtime/EventSystem/EventSystem.cs:543)

(Filename: ./Library/PackageCache/com.unity.ugui@1.0.0/Runtime/EventSystem/EventSystem.cs Line: 543)

There are 2 event systems in the scene. Please ensure there is always exactly one event system in the scene
UnityEngine.StackTraceUtility:ExtractStackTrace ()
UnityEngine.DebugLogHandler:LogFormat (UnityEngine.LogType,UnityEngine.Object,string,object[])
UnityEngine.Logger:Log (UnityEngine.LogType,object)
UnityEngine.Debug:LogWarning (object)
UnityEngine.EventSystems.EventSystem:Update () (at ./Library/PackageCache/com.unity.ugui@1.0.0/Runtime/EventSystem/EventSystem.cs:543)

(Filename: ./Library/PackageCache/com.unity.ugui@1.0.0/Runtime/EventSystem/EventSystem.cs Line: 543)

There are 2 event systems in the scene. Please ensure there is always exactly one event system in the scene
UnityEngine.StackTraceUtility:ExtractStackTrace ()
UnityEngine.DebugLogHandler:LogFormat (UnityEngine.LogType,UnityEngine.Object,string,object[])
UnityEngine.Logger:Log (UnityEngine.LogType,object)
UnityEngine.Debug:LogWarning (object)
UnityEngine.EventSystems.EventSystem:Update () (at ./Library/PackageCache/com.unity.ugui@1.0.0/Runtime/EventSystem/EventSystem.cs:543)

(Filename: ./Library/PackageCache/com.unity.ugui@1.0.0/Runtime/EventSystem/EventSystem.cs Line: 543)

There are 2 event systems in the scene. Please ensure there is always exactly one event system in the scene
UnityEngine.StackTraceUtility:ExtractStackTrace ()
UnityEngine.DebugLogHandler:LogFormat (UnityEngine.LogType,UnityEngine.Object,string,object[])
UnityEngine.Logger:Log (UnityEngine.LogType,object)
UnityEngine.Debug:LogWarning (object)
UnityEngine.EventSystems.EventSystem:Update () (at ./Library/PackageCache/com.unity.ugui@1.0.0/Runtime/EventSystem/EventSystem.cs:543)

(Filename: ./Library/PackageCache/com.unity.ugui@1.0.0/Runtime/EventSystem/EventSystem.cs Line: 543)

There are 2 event systems in the scene. Please ensure there is always exactly one event system in the scene
UnityEngine.StackTraceUtility:ExtractStackTrace ()
UnityEngine.DebugLogHandler:LogFormat (UnityEngine.LogType,UnityEngine.Object,string,object[])
UnityEngine.Logger:Log (UnityEngine.LogType,object)
UnityEngine.Debug:LogWarning (object)
UnityEngine.EventSystems.EventSystem:Update () (at ./Library/PackageCache/com.unity.ugui@1.0.0/Runtime/EventSystem/EventSystem.cs:543)

(Filename: ./Library/PackageCache/com.unity.ugui@1.0.0/Runtime/EventSystem/EventSystem.cs Line: 543)

There are 2 event systems in the scene. Please ensure there is always exactly one event system in the scene
UnityEngine.StackTraceUtility:ExtractStackTrace ()
UnityEngine.DebugLogHandler:LogFormat (UnityEngine.LogType,UnityEngine.Object,string,object[])
UnityEngine.Logger:Log (UnityEngine.LogType,object)
UnityEngine.Debug:LogWarning (object)
UnityEngine.EventSystems.EventSystem:Update () (at ./Library/PackageCache/com.unity.ugui@1.0.0/Runtime/EventSystem/EventSystem.cs:543)

(Filename: ./Library/PackageCache/com.unity.ugui@1.0.0/Runtime/EventSystem/EventSystem.cs Line: 543)

There are 2 event systems in the scene. Please ensure there is always exactly one event system in the scene
UnityEngine.StackTraceUtility:ExtractStackTrace ()
UnityEngine.DebugLogHandler:LogFormat (UnityEngine.LogType,UnityEngine.Object,string,object[])
UnityEngine.Logger:Log (UnityEngine.LogType,object)
UnityEngine.Debug:LogWarning (object)
UnityEngine.EventSystems.EventSystem:Update () (at ./Library/PackageCache/com.unity.ugui@1.0.0/Runtime/EventSystem/EventSystem.cs:543)

(Filename: ./Library/PackageCache/com.unity.ugui@1.0.0/Runtime/EventSystem/EventSystem.cs Line: 543)

There are 2 event systems in the scene. Please ensure there is always exactly one event system in the scene
UnityEngine.StackTraceUtility:ExtractStackTrace ()
UnityEngine.DebugLogHandler:LogFormat (UnityEngine.LogType,UnityEngine.Object,string,object[])
UnityEngine.Logger:Log (UnityEngine.LogType,object)
UnityEngine.Debug:LogWarning (object)
UnityEngine.EventSystems.EventSystem:Update () (at ./Library/PackageCache/com.unity.ugui@1.0.0/Runtime/EventSystem/EventSystem.cs:543)

(Filename: ./Library/PackageCache/com.unity.ugui@1.0.0/Runtime/EventSystem/EventSystem.cs Line: 543)

There are 2 event systems in the scene. Please ensure there is always exactly one event system in the scene
UnityEngine.StackTraceUtility:ExtractStackTrace ()
UnityEngine.DebugLogHandler:LogFormat (UnityEngine.LogType,UnityEngine.Object,string,object[])
UnityEngine.Logger:Log (UnityEngine.LogType,object)
UnityEngine.Debug:LogWarning (object)
UnityEngine.EventSystems.EventSystem:Update () (at ./Library/PackageCache/com.unity.ugui@1.0.0/Runtime/EventSystem/EventSystem.cs:543)

(Filename: ./Library/PackageCache/com.unity.ugui@1.0.0/Runtime/EventSystem/EventSystem.cs Line: 543)

There are 2 event systems in the scene. Please ensure there is always exactly one event system in the scene
UnityEngine.StackTraceUtility:ExtractStackTrace ()
UnityEngine.DebugLogHandler:LogFormat (UnityEngine.LogType,UnityEngine.Object,string,object[])
UnityEngine.Logger:Log (UnityEngine.LogType,object)
UnityEngine.Debug:LogWarning (object)
UnityEngine.EventSystems.EventSystem:Update () (at ./Library/PackageCache/com.unity.ugui@1.0.0/Runtime/EventSystem/EventSystem.cs:543)

(Filename: ./Library/PackageCache/com.unity.ugui@1.0.0/Runtime/EventSystem/EventSystem.cs Line: 543)

There are 2 event systems in the scene. Please ensure there is always exactly one event system in the scene
UnityEngine.StackTraceUtility:ExtractStackTrace ()
UnityEngine.DebugLogHandler:LogFormat (UnityEngine.LogType,UnityEngine.Object,string,object[])
UnityEngine.Logger:Log (UnityEngine.LogType,object)
UnityEngine.Debug:LogWarning (object)
UnityEngine.EventSystems.EventSystem:Update () (at ./Library/PackageCache/com.unity.ugui@1.0.0/Runtime/EventSystem/EventSystem.cs:543)

(Filename: ./Library/PackageCache/com.unity.ugui@1.0.0/Runtime/EventSystem/EventSystem.cs Line: 543)

There are 2 event systems in the scene. Please ensure there is always exactly one event system in the scene
UnityEngine.StackTraceUtility:ExtractStackTrace ()
UnityEngine.DebugLogHandler:LogFormat (UnityEngine.LogType,UnityEngine.Object,string,object[])
UnityEngine.Logger:Log (UnityEngine.LogType,object)
UnityEngine.Debug:LogWarning (object)
UnityEngine.EventSystems.EventSystem:Update () (at ./Library/PackageCache/com.unity.ugui@1.0.0/Runtime/EventSystem/EventSystem.cs:543)

(Filename: ./Library/PackageCache/com.unity.ugui@1.0.0/Runtime/EventSystem/EventSystem.cs Line: 543)

There are 2 event systems in the scene. Please ensure there is always exactly one event system in the scene
UnityEngine.StackTraceUtility:ExtractStackTrace ()
UnityEngine.DebugLogHandler:LogFormat (UnityEngine.LogType,UnityEngine.Object,string,object[])
UnityEngine.Logger:Log (UnityEngine.LogType,object)
UnityEngine.Debug:LogWarning (object)
UnityEngine.EventSystems.EventSystem:Update () (at ./Library/PackageCache/com.unity.ugui@1.0.0/Runtime/EventSystem/EventSystem.cs:543)

(Filename: ./Library/PackageCache/com.unity.ugui@1.0.0/Runtime/EventSystem/EventSystem.cs Line: 543)

There are 2 event systems in the scene. Please ensure there is always exactly one event system in the scene
UnityEngine.StackTraceUtility:ExtractStackTrace ()
UnityEngine.DebugLogHandler:LogFormat (UnityEngine.LogType,UnityEngine.Object,string,object[])
UnityEngine.Logger:Log (UnityEngine.LogType,object)
UnityEngine.Debug:LogWarning (object)
UnityEngine.EventSystems.EventSystem:Update () (at ./Library/PackageCache/com.unity.ugui@1.0.0/Runtime/EventSystem/EventSystem.cs:543)

(Filename: ./Library/PackageCache/com.unity.ugui@1.0.0/Runtime/EventSystem/EventSystem.cs Line: 543)

There are 2 event systems in the scene. Please ensure there is always exactly one event system in the scene
UnityEngine.StackTraceUtility:ExtractStackTrace ()
UnityEngine.DebugLogHandler:LogFormat (UnityEngine.LogType,UnityEngine.Object,string,object[])
UnityEngine.Logger:Log (UnityEngine.LogType,object)
UnityEngine.Debug:LogWarning (object)
UnityEngine.EventSystems.EventSystem:Update () (at ./Library/PackageCache/com.unity.ugui@1.0.0/Runtime/EventSystem/EventSystem.cs:543)

(Filename: ./Library/PackageCache/com.unity.ugui@1.0.0/Runtime/EventSystem/EventSystem.cs Line: 543)

There are 2 event systems in the scene. Please ensure there is always exactly one event system in the scene
UnityEngine.StackTraceUtility:ExtractStackTrace ()
UnityEngine.DebugLogHandler:LogFormat (UnityEngine.LogType,UnityEngine.Object,string,object[])
UnityEngine.Logger:Log (UnityEngine.LogType,object)
UnityEngine.Debug:LogWarning (object)
UnityEngine.EventSystems.EventSystem:Update () (at ./Library/PackageCache/com.unity.ugui@1.0.0/Runtime/EventSystem/EventSystem.cs:543)

(Filename: ./Library/PackageCache/com.unity.ugui@1.0.0/Runtime/EventSystem/EventSystem.cs Line: 543)

There are 2 event systems in the scene. Please ensure there is always exactly one event system in the scene
UnityEngine.StackTraceUtility:ExtractStackTrace ()
UnityEngine.DebugLogHandler:LogFormat (UnityEngine.LogType,UnityEngine.Object,string,object[])
UnityEngine.Logger:Log (UnityEngine.LogType,object)
UnityEngine.Debug:LogWarning (object)
UnityEngine.EventSystems.EventSystem:Update () (at ./Library/PackageCache/com.unity.ugui@1.0.0/Runtime/EventSystem/EventSystem.cs:543)

(Filename: ./Library/PackageCache/com.unity.ugui@1.0.0/Runtime/EventSystem/EventSystem.cs Line: 543)

There are 2 event systems in the scene. Please ensure there is always exactly one event system in the scene
UnityEngine.StackTraceUtility:ExtractStackTrace ()
UnityEngine.DebugLogHandler:LogFormat (UnityEngine.LogType,UnityEngine.Object,string,object[])
UnityEngine.Logger:Log (UnityEngine.LogType,object)
UnityEngine.Debug:LogWarning (object)
UnityEngine.EventSystems.EventSystem:Update () (at ./Library/PackageCache/com.unity.ugui@1.0.0/Runtime/EventSystem/EventSystem.cs:543)

(Filename: ./Library/PackageCache/com.unity.ugui@1.0.0/Runtime/EventSystem/EventSystem.cs Line: 543)

There are 2 event systems in the scene. Please ensure there is always exactly one event system in the scene
UnityEngine.StackTraceUtility:ExtractStackTrace ()
UnityEngine.DebugLogHandler:LogFormat (UnityEngine.LogType,UnityEngine.Object,string,object[])
UnityEngine.Logger:Log (UnityEngine.LogType,object)
UnityEngine.Debug:LogWarning (object)
UnityEngine.EventSystems.EventSystem:Update () (at ./Library/PackageCache/com.unity.ugui@1.0.0/Runtime/EventSystem/EventSystem.cs:543)

(Filename: ./Library/PackageCache/com.unity.ugui@1.0.0/Runtime/EventSystem/EventSystem.cs Line: 543)

There are 2 event systems in the scene. Please ensure there is always exactly one event system in the scene
UnityEngine.StackTraceUtility:ExtractStackTrace ()
UnityEngine.DebugLogHandler:LogFormat (UnityEngine.LogType,UnityEngine.Object,string,object[])
UnityEngine.Logger:Log (UnityEngine.LogType,object)
UnityEngine.Debug:LogWarning (object)
UnityEngine.EventSystems.EventSystem:Update () (at ./Library/PackageCache/com.unity.ugui@1.0.0/Runtime/EventSystem/EventSystem.cs:543)

(Filename: ./Library/PackageCache/com.unity.ugui@1.0.0/Runtime/EventSystem/EventSystem.cs Line: 543)

There are 2 event systems in the scene. Please ensure there is always exactly one event system in the scene
UnityEngine.StackTraceUtility:ExtractStackTrace ()
UnityEngine.DebugLogHandler:LogFormat (UnityEngine.LogType,UnityEngine.Object,string,object[])
UnityEngine.Logger:Log (UnityEngine.LogType,object)
UnityEngine.Debug:LogWarning (object)
UnityEngine.EventSystems.EventSystem:Update () (at ./Library/PackageCache/com.unity.ugui@1.0.0/Runtime/EventSystem/EventSystem.cs:543)

(Filename: ./Library/PackageCache/com.unity.ugui@1.0.0/Runtime/EventSystem/EventSystem.cs Line: 543)

There are 2 event systems in the scene. Please ensure there is always exactly one event system in the scene
UnityEngine.StackTraceUtility:ExtractStackTrace ()
UnityEngine.DebugLogHandler:LogFormat (UnityEngine.LogType,UnityEngine.Object,string,object[])
UnityEngine.Logger:Log (UnityEngine.LogType,object)
UnityEngine.Debug:LogWarning (object)
UnityEngine.EventSystems.EventSystem:Update () (at ./Library/PackageCache/com.unity.ugui@1.0.0/Runtime/EventSystem/EventSystem.cs:543)

(Filename: ./Library/PackageCache/com.unity.ugui@1.0.0/Runtime/EventSystem/EventSystem.cs Line: 543)

There are 2 event systems in the scene. Please ensure there is always exactly one event system in the scene
UnityEngine.StackTraceUtility:ExtractStackTrace ()
UnityEngine.DebugLogHandler:LogFormat (UnityEngine.LogType,UnityEngine.Object,string,object[])
UnityEngine.Logger:Log (UnityEngine.LogType,object)
UnityEngine.Debug:LogWarning (object)
UnityEngine.EventSystems.EventSystem:Update () (at ./Library/PackageCache/com.unity.ugui@1.0.0/Runtime/EventSystem/EventSystem.cs:543)

(Filename: ./Library/PackageCache/com.unity.ugui@1.0.0/Runtime/EventSystem/EventSystem.cs Line: 543)

There are 2 event systems in the scene. Please ensure there is always exactly one event system in the scene
UnityEngine.StackTraceUtility:ExtractStackTrace ()
UnityEngine.DebugLogHandler:LogFormat (UnityEngine.LogType,UnityEngine.Object,string,object[])
UnityEngine.Logger:Log (UnityEngine.LogType,object)
UnityEngine.Debug:LogWarning (object)
UnityEngine.EventSystems.EventSystem:Update () (at ./Library/PackageCache/com.unity.ugui@1.0.0/Runtime/EventSystem/EventSystem.cs:543)

(Filename: ./Library/PackageCache/com.unity.ugui@1.0.0/Runtime/EventSystem/EventSystem.cs Line: 543)

There are 2 event systems in the scene. Please ensure there is always exactly one event system in the scene
UnityEngine.StackTraceUtility:ExtractStackTrace ()
UnityEngine.DebugLogHandler:LogFormat (UnityEngine.LogType,UnityEngine.Object,string,object[])
UnityEngine.Logger:Log (UnityEngine.LogType,object)
UnityEngine.Debug:LogWarning (object)
UnityEngine.EventSystems.EventSystem:Update () (at ./Library/PackageCache/com.unity.ugui@1.0.0/Runtime/EventSystem/EventSystem.cs:543)

(Filename: ./Library/PackageCache/com.unity.ugui@1.0.0/Runtime/EventSystem/EventSystem.cs Line: 543)

There are 2 event systems in the scene. Please ensure there is always exactly one event system in the scene
UnityEngine.StackTraceUtility:ExtractStackTrace ()
UnityEngine.DebugLogHandler:LogFormat (UnityEngine.LogType,UnityEngine.Object,string,object[])
UnityEngine.Logger:Log (UnityEngine.LogType,object)
UnityEngine.Debug:LogWarning (object)
UnityEngine.EventSystems.EventSystem:Update () (at ./Library/PackageCache/com.unity.ugui@1.0.0/Runtime/EventSystem/EventSystem.cs:543)

(Filename: ./Library/PackageCache/com.unity.ugui@1.0.0/Runtime/EventSystem/EventSystem.cs Line: 543)

There are 2 event systems in the scene. Please ensure there is always exactly one event system in the scene
UnityEngine.StackTraceUtility:ExtractStackTrace ()
UnityEngine.DebugLogHandler:LogFormat (UnityEngine.LogType,UnityEngine.Object,string,object[])
UnityEngine.Logger:Log (UnityEngine.LogType,object)
UnityEngine.Debug:LogWarning (object)
UnityEngine.EventSystems.EventSystem:Update () (at ./Library/PackageCache/com.unity.ugui@1.0.0/Runtime/EventSystem/EventSystem.cs:543)

(Filename: ./Library/PackageCache/com.unity.ugui@1.0.0/Runtime/EventSystem/EventSystem.cs Line: 543)

There are 2 event systems in the scene. Please ensure there is always exactly one event system in the scene
UnityEngine.StackTraceUtility:ExtractStackTrace ()
UnityEngine.DebugLogHandler:LogFormat (UnityEngine.LogType,UnityEngine.Object,string,object[])
UnityEngine.Logger:Log (UnityEngine.LogType,object)
UnityEngine.Debug:LogWarning (object)
UnityEngine.EventSystems.EventSystem:Update () (at ./Library/PackageCache/com.unity.ugui@1.0.0/Runtime/EventSystem/EventSystem.cs:543)

(Filename: ./Library/PackageCache/com.unity.ugui@1.0.0/Runtime/EventSystem/EventSystem.cs Line: 543)

There are 2 event systems in the scene. Please ensure there is always exactly one event system in the scene
UnityEngine.StackTraceUtility:ExtractStackTrace ()
UnityEngine.DebugLogHandler:LogFormat (UnityEngine.LogType,UnityEngine.Object,string,object[])
UnityEngine.Logger:Log (UnityEngine.LogType,object)
UnityEngine.Debug:LogWarning (object)
UnityEngine.EventSystems.EventSystem:Update () (at ./Library/PackageCache/com.unity.ugui@1.0.0/Runtime/EventSystem/EventSystem.cs:543)

(Filename: ./Library/PackageCache/com.unity.ugui@1.0.0/Runtime/EventSystem/EventSystem.cs Line: 543)

There are 2 event systems in the scene. Please ensure there is always exactly one event system in the scene
UnityEngine.StackTraceUtility:ExtractStackTrace ()
UnityEngine.DebugLogHandler:LogFormat (UnityEngine.LogType,UnityEngine.Object,string,object[])
UnityEngine.Logger:Log (UnityEngine.LogType,object)
UnityEngine.Debug:LogWarning (object)
UnityEngine.EventSystems.EventSystem:Update () (at ./Library/PackageCache/com.unity.ugui@1.0.0/Runtime/EventSystem/EventSystem.cs:543)

(Filename: ./Library/PackageCache/com.unity.ugui@1.0.0/Runtime/EventSystem/EventSystem.cs Line: 543)

There are 2 event systems in the scene. Please ensure there is always exactly one event system in the scene
UnityEngine.StackTraceUtility:ExtractStackTrace ()
UnityEngine.DebugLogHandler:LogFormat (UnityEngine.LogType,UnityEngine.Object,string,object[])
UnityEngine.Logger:Log (UnityEngine.LogType,object)
UnityEngine.Debug:LogWarning (object)
UnityEngine.EventSystems.EventSystem:Update () (at ./Library/PackageCache/com.unity.ugui@1.0.0/Runtime/EventSystem/EventSystem.cs:543)

(Filename: ./Library/PackageCache/com.unity.ugui@1.0.0/Runtime/EventSystem/EventSystem.cs Line: 543)

Color primaries 0 is unknown or unsupported by WindowsMediaFoundation. Falling back to default may result in color shift. D:\unity\UnityProject\ColorTimeing\New\_ColorTiming_PlayModeVerification_20260824b\Assets\Game\ColorTiming\Art\Vido\2循环.mp4
There are 2 event systems in the scene. Please ensure there is always exactly one event system in the scene
UnityEngine.StackTraceUtility:ExtractStackTrace ()
UnityEngine.DebugLogHandler:LogFormat (UnityEngine.LogType,UnityEngine.Object,string,object[])
UnityEngine.Logger:Log (UnityEngine.LogType,object)
UnityEngine.Debug:LogWarning (object)
UnityEngine.EventSystems.EventSystem:Update () (at ./Library/PackageCache/com.unity.ugui@1.0.0/Runtime/EventSystem/EventSystem.cs:543)

(Filename: ./Library/PackageCache/com.unity.ugui@1.0.0/Runtime/EventSystem/EventSystem.cs Line: 543)

There are 2 event systems in the scene. Please ensure there is always exactly one event system in the scene
UnityEngine.StackTraceUtility:ExtractStackTrace ()
UnityEngine.DebugLogHandler:LogFormat (UnityEngine.LogType,UnityEngine.Object,string,object[])
UnityEngine.Logger:Log (UnityEngine.LogType,object)
UnityEngine.Debug:LogWarning (object)
UnityEngine.EventSystems.EventSystem:Update () (at ./Library/PackageCache/com.unity.ugui@1.0.0/Runtime/EventSystem/EventSystem.cs:543)

(Filename: ./Library/PackageCache/com.unity.ugui@1.0.0/Runtime/EventSystem/EventSystem.cs Line: 543)

There are 2 event systems in the scene. Please ensure there is always exactly one event system in the scene
UnityEngine.StackTraceUtility:ExtractStackTrace ()
UnityEngine.DebugLogHandler:LogFormat (UnityEngine.LogType,UnityEngine.Object,string,object[])
UnityEngine.Logger:Log (UnityEngine.LogType,object)
UnityEngine.Debug:LogWarning (object)
UnityEngine.EventSystems.EventSystem:Update () (at ./Library/PackageCache/com.unity.ugui@1.0.0/Runtime/EventSystem/EventSystem.cs:543)

(Filename: ./Library/PackageCache/com.unity.ugui@1.0.0/Runtime/EventSystem/EventSystem.cs Line: 543)

There are 2 event systems in the scene. Please ensure there is always exactly one event system in the scene
UnityEngine.StackTraceUtility:ExtractStackTrace ()
UnityEngine.DebugLogHandler:LogFormat (UnityEngine.LogType,UnityEngine.Object,string,object[])
UnityEngine.Logger:Log (UnityEngine.LogType,object)
UnityEngine.Debug:LogWarning (object)
UnityEngine.EventSystems.EventSystem:Update () (at ./Library/PackageCache/com.unity.ugui@1.0.0/Runtime/EventSystem/EventSystem.cs:543)

(Filename: ./Library/PackageCache/com.unity.ugui@1.0.0/Runtime/EventSystem/EventSystem.cs Line: 543)

There are 2 event systems in the scene. Please ensure there is always exactly one event system in the scene
UnityEngine.StackTraceUtility:ExtractStackTrace ()
UnityEngine.DebugLogHandler:LogFormat (UnityEngine.LogType,UnityEngine.Object,string,object[])
UnityEngine.Logger:Log (UnityEngine.LogType,object)
UnityEngine.Debug:LogWarning (object)
UnityEngine.EventSystems.EventSystem:Update () (at ./Library/PackageCache/com.unity.ugui@1.0.0/Runtime/EventSystem/EventSystem.cs:543)

(Filename: ./Library/PackageCache/com.unity.ugui@1.0.0/Runtime/EventSystem/EventSystem.cs Line: 543)

There are 2 event systems in the scene. Please ensure there is always exactly one event system in the scene
UnityEngine.StackTraceUtility:ExtractStackTrace ()
UnityEngine.DebugLogHandler:LogFormat (UnityEngine.LogType,UnityEngine.Object,string,object[])
UnityEngine.Logger:Log (UnityEngine.LogType,object)
UnityEngine.Debug:LogWarning (object)
UnityEngine.EventSystems.EventSystem:Update () (at ./Library/PackageCache/com.unity.ugui@1.0.0/Runtime/EventSystem/EventSystem.cs:543)

(Filename: ./Library/PackageCache/com.unity.ugui@1.0.0/Runtime/EventSystem/EventSystem.cs Line: 543)

There are 2 event systems in the scene. Please ensure there is always exactly one event system in the scene
UnityEngine.StackTraceUtility:ExtractStackTrace ()
UnityEngine.DebugLogHandler:LogFormat (UnityEngine.LogType,UnityEngine.Object,string,object[])
UnityEngine.Logger:Log (UnityEngine.LogType,object)
UnityEngine.Debug:LogWarning (object)
UnityEngine.EventSystems.EventSystem:Update () (at ./Library/PackageCache/com.unity.ugui@1.0.0/Runtime/EventSystem/EventSystem.cs:543)

(Filename: ./Library/PackageCache/com.unity.ugui@1.0.0/Runtime/EventSystem/EventSystem.cs Line: 543)

There are 2 event systems in the scene. Please ensure there is always exactly one event system in the scene
UnityEngine.StackTraceUtility:ExtractStackTrace ()
UnityEngine.DebugLogHandler:LogFormat (UnityEngine.LogType,UnityEngine.Object,string,object[])
UnityEngine.Logger:Log (UnityEngine.LogType,object)
UnityEngine.Debug:LogWarning (object)
UnityEngine.EventSystems.EventSystem:Update () (at ./Library/PackageCache/com.unity.ugui@1.0.0/Runtime/EventSystem/EventSystem.cs:543)

(Filename: ./Library/PackageCache/com.unity.ugui@1.0.0/Runtime/EventSystem/EventSystem.cs Line: 543)

There are 2 event systems in the scene. Please ensure there is always exactly one event system in the scene
UnityEngine.StackTraceUtility:ExtractStackTrace ()
UnityEngine.DebugLogHandler:LogFormat (UnityEngine.LogType,UnityEngine.Object,string,object[])
UnityEngine.Logger:Log (UnityEngine.LogType,object)
UnityEngine.Debug:LogWarning (object)
UnityEngine.EventSystems.EventSystem:Update () (at ./Library/PackageCache/com.unity.ugui@1.0.0/Runtime/EventSystem/EventSystem.cs:543)

(Filename: ./Library/PackageCache/com.unity.ugui@1.0.0/Runtime/EventSystem/EventSystem.cs Line: 543)

There are 2 event systems in the scene. Please ensure there is always exactly one event system in the scene
UnityEngine.StackTraceUtility:ExtractStackTrace ()
UnityEngine.DebugLogHandler:LogFormat (UnityEngine.LogType,UnityEngine.Object,string,object[])
UnityEngine.Logger:Log (UnityEngine.LogType,object)
UnityEngine.Debug:LogWarning (object)
UnityEngine.EventSystems.EventSystem:Update () (at ./Library/PackageCache/com.unity.ugui@1.0.0/Runtime/EventSystem/EventSystem.cs:543)

(Filename: ./Library/PackageCache/com.unity.ugui@1.0.0/Runtime/EventSystem/EventSystem.cs Line: 543)

There are 2 event systems in the scene. Please ensure there is always exactly one event system in the scene
UnityEngine.StackTraceUtility:ExtractStackTrace ()
UnityEngine.DebugLogHandler:LogFormat (UnityEngine.LogType,UnityEngine.Object,string,object[])
UnityEngine.Logger:Log (UnityEngine.LogType,object)
UnityEngine.Debug:LogWarning (object)
UnityEngine.EventSystems.EventSystem:Update () (at ./Library/PackageCache/com.unity.ugui@1.0.0/Runtime/EventSystem/EventSystem.cs:543)

(Filename: ./Library/PackageCache/com.unity.ugui@1.0.0/Runtime/EventSystem/EventSystem.cs Line: 543)

There are 2 event systems in the scene. Please ensure there is always exactly one event system in the scene
UnityEngine.StackTraceUtility:ExtractStackTrace ()
UnityEngine.DebugLogHandler:LogFormat (UnityEngine.LogType,UnityEngine.Object,string,object[])
UnityEngine.Logger:Log (UnityEngine.LogType,object)
UnityEngine.Debug:LogWarning (object)
UnityEngine.EventSystems.EventSystem:Update () (at ./Library/PackageCache/com.unity.ugui@1.0.0/Runtime/EventSystem/EventSystem.cs:543)

(Filename: ./Library/PackageCache/com.unity.ugui@1.0.0/Runtime/EventSystem/EventSystem.cs Line: 543)

There are 2 event systems in the scene. Please ensure there is always exactly one event system in the scene
UnityEngine.StackTraceUtility:ExtractStackTrace ()
UnityEngine.DebugLogHandler:LogFormat (UnityEngine.LogType,UnityEngine.Object,string,object[])
UnityEngine.Logger:Log (UnityEngine.LogType,object)
UnityEngine.Debug:LogWarning (object)
UnityEngine.EventSystems.EventSystem:Update () (at ./Library/PackageCache/com.unity.ugui@1.0.0/Runtime/EventSystem/EventSystem.cs:543)

(Filename: ./Library/PackageCache/com.unity.ugui@1.0.0/Runtime/EventSystem/EventSystem.cs Line: 543)

There are 2 event systems in the scene. Please ensure there is always exactly one event system in the scene
UnityEngine.StackTraceUtility:ExtractStackTrace ()
UnityEngine.DebugLogHandler:LogFormat (UnityEngine.LogType,UnityEngine.Object,string,object[])
UnityEngine.Logger:Log (UnityEngine.LogType,object)
UnityEngine.Debug:LogWarning (object)
UnityEngine.EventSystems.EventSystem:Update () (at ./Library/PackageCache/com.unity.ugui@1.0.0/Runtime/EventSystem/EventSystem.cs:543)

(Filename: ./Library/PackageCache/com.unity.ugui@1.0.0/Runtime/EventSystem/EventSystem.cs Line: 543)

There are 2 event systems in the scene. Please ensure there is always exactly one event system in the scene
UnityEngine.StackTraceUtility:ExtractStackTrace ()
UnityEngine.DebugLogHandler:LogFormat (UnityEngine.LogType,UnityEngine.Object,string,object[])
UnityEngine.Logger:Log (UnityEngine.LogType,object)
UnityEngine.Debug:LogWarning (object)
UnityEngine.EventSystems.EventSystem:Update () (at ./Library/PackageCache/com.unity.ugui@1.0.0/Runtime/EventSystem/EventSystem.cs:543)

(Filename: ./Library/PackageCache/com.unity.ugui@1.0.0/Runtime/EventSystem/EventSystem.cs Line: 543)

There are 2 event systems in the scene. Please ensure there is always exactly one event system in the scene
UnityEngine.StackTraceUtility:ExtractStackTrace ()
UnityEngine.DebugLogHandler:LogFormat (UnityEngine.LogType,UnityEngine.Object,string,object[])
UnityEngine.Logger:Log (UnityEngine.LogType,object)
UnityEngine.Debug:LogWarning (object)
UnityEngine.EventSystems.EventSystem:Update () (at ./Library/PackageCache/com.unity.ugui@1.0.0/Runtime/EventSystem/EventSystem.cs:543)

(Filename: ./Library/PackageCache/com.unity.ugui@1.0.0/Runtime/EventSystem/EventSystem.cs Line: 543)

There are 2 event systems in the scene. Please ensure there is always exactly one event system in the scene
UnityEngine.StackTraceUtility:ExtractStackTrace ()
UnityEngine.DebugLogHandler:LogFormat (UnityEngine.LogType,UnityEngine.Object,string,object[])
UnityEngine.Logger:Log (UnityEngine.LogType,object)
UnityEngine.Debug:LogWarning (object)
UnityEngine.EventSystems.EventSystem:Update () (at ./Library/PackageCache/com.unity.ugui@1.0.0/Runtime/EventSystem/EventSystem.cs:543)

(Filename: ./Library/PackageCache/com.unity.ugui@1.0.0/Runtime/EventSystem/EventSystem.cs Line: 543)

There are 2 event systems in the scene. Please ensure there is always exactly one event system in the scene
UnityEngine.StackTraceUtility:ExtractStackTrace ()
UnityEngine.DebugLogHandler:LogFormat (UnityEngine.LogType,UnityEngine.Object,string,object[])
UnityEngine.Logger:Log (UnityEngine.LogType,object)
UnityEngine.Debug:LogWarning (object)
UnityEngine.EventSystems.EventSystem:Update () (at ./Library/PackageCache/com.unity.ugui@1.0.0/Runtime/EventSystem/EventSystem.cs:543)

(Filename: ./Library/PackageCache/com.unity.ugui@1.0.0/Runtime/EventSystem/EventSystem.cs Line: 543)

There are 2 event systems in the scene. Please ensure there is always exactly one event system in the scene
UnityEngine.StackTraceUtility:ExtractStackTrace ()
UnityEngine.DebugLogHandler:LogFormat (UnityEngine.LogType,UnityEngine.Object,string,object[])
UnityEngine.Logger:Log (UnityEngine.LogType,object)
UnityEngine.Debug:LogWarning (object)
UnityEngine.EventSystems.EventSystem:Update () (at ./Library/PackageCache/com.unity.ugui@1.0.0/Runtime/EventSystem/EventSystem.cs:543)

(Filename: ./Library/PackageCache/com.unity.ugui@1.0.0/Runtime/EventSystem/EventSystem.cs Line: 543)

There are 2 event systems in the scene. Please ensure there is always exactly one event system in the scene
UnityEngine.StackTraceUtility:ExtractStackTrace ()
UnityEngine.DebugLogHandler:LogFormat (UnityEngine.LogType,UnityEngine.Object,string,object[])
UnityEngine.Logger:Log (UnityEngine.LogType,object)
UnityEngine.Debug:LogWarning (object)
UnityEngine.EventSystems.EventSystem:Update () (at ./Library/PackageCache/com.unity.ugui@1.0.0/Runtime/EventSystem/EventSystem.cs:543)

(Filename: ./Library/PackageCache/com.unity.ugui@1.0.0/Runtime/EventSystem/EventSystem.cs Line: 543)

There are 2 event systems in the scene. Please ensure there is always exactly one event system in the scene
UnityEngine.StackTraceUtility:ExtractStackTrace ()
UnityEngine.DebugLogHandler:LogFormat (UnityEngine.LogType,UnityEngine.Object,string,object[])
UnityEngine.Logger:Log (UnityEngine.LogType,object)
UnityEngine.Debug:LogWarning (object)
UnityEngine.EventSystems.EventSystem:Update () (at ./Library/PackageCache/com.unity.ugui@1.0.0/Runtime/EventSystem/EventSystem.cs:543)

(Filename: ./Library/PackageCache/com.unity.ugui@1.0.0/Runtime/EventSystem/EventSystem.cs Line: 543)

There are 2 event systems in the scene. Please ensure there is always exactly one event system in the scene
UnityEngine.StackTraceUtility:ExtractStackTrace ()
UnityEngine.DebugLogHandler:LogFormat (UnityEngine.LogType,UnityEngine.Object,string,object[])
UnityEngine.Logger:Log (UnityEngine.LogType,object)
UnityEngine.Debug:LogWarning (object)
UnityEngine.EventSystems.EventSystem:Update () (at ./Library/PackageCache/com.unity.ugui@1.0.0/Runtime/EventSystem/EventSystem.cs:543)

(Filename: ./Library/PackageCache/com.unity.ugui@1.0.0/Runtime/EventSystem/EventSystem.cs Line: 543)

There are 2 event systems in the scene. Please ensure there is always exactly one event system in the scene
UnityEngine.StackTraceUtility:ExtractStackTrace ()
UnityEngine.DebugLogHandler:LogFormat (UnityEngine.LogType,UnityEngine.Object,string,object[])
UnityEngine.Logger:Log (UnityEngine.LogType,object)
UnityEngine.Debug:LogWarning (object)
UnityEngine.EventSystems.EventSystem:Update () (at ./Library/PackageCache/com.unity.ugui@1.0.0/Runtime/EventSystem/EventSystem.cs:543)

(Filename: ./Library/PackageCache/com.unity.ugui@1.0.0/Runtime/EventSystem/EventSystem.cs Line: 543)

There are 2 event systems in the scene. Please ensure there is always exactly one event system in the scene
UnityEngine.StackTraceUtility:ExtractStackTrace ()
UnityEngine.DebugLogHandler:LogFormat (UnityEngine.LogType,UnityEngine.Object,string,object[])
UnityEngine.Logger:Log (UnityEngine.LogType,object)
UnityEngine.Debug:LogWarning (object)
UnityEngine.EventSystems.EventSystem:Update () (at ./Library/PackageCache/com.unity.ugui@1.0.0/Runtime/EventSystem/EventSystem.cs:543)

(Filename: ./Library/PackageCache/com.unity.ugui@1.0.0/Runtime/EventSystem/EventSystem.cs Line: 543)

There are 2 event systems in the scene. Please ensure there is always exactly one event system in the scene
UnityEngine.StackTraceUtility:ExtractStackTrace ()
UnityEngine.DebugLogHandler:LogFormat (UnityEngine.LogType,UnityEngine.Object,string,object[])
UnityEngine.Logger:Log (UnityEngine.LogType,object)
UnityEngine.Debug:LogWarning (object)
UnityEngine.EventSystems.EventSystem:Update () (at ./Library/PackageCache/com.unity.ugui@1.0.0/Runtime/EventSystem/EventSystem.cs:543)

(Filename: ./Library/PackageCache/com.unity.ugui@1.0.0/Runtime/EventSystem/EventSystem.cs Line: 543)

There are 2 event systems in the scene. Please ensure there is always exactly one event system in the scene
UnityEngine.StackTraceUtility:ExtractStackTrace ()
UnityEngine.DebugLogHandler:LogFormat (UnityEngine.LogType,UnityEngine.Object,string,object[])
UnityEngine.Logger:Log (UnityEngine.LogType,object)
UnityEngine.Debug:LogWarning (object)
UnityEngine.EventSystems.EventSystem:Update () (at ./Library/PackageCache/com.unity.ugui@1.0.0/Runtime/EventSystem/EventSystem.cs:543)

(Filename: ./Library/PackageCache/com.unity.ugui@1.0.0/Runtime/EventSystem/EventSystem.cs Line: 543)

Loaded scene 'Assets/Game/Scene/Boss1.unity'
	Deserialize:            745.311 ms
	Integration:            11.438 ms
	Integration of assets:  354.495 ms
	Thread Wait Time:       1315.774 ms
	Total Operation Time:   2427.017 ms
已初始化BOSS血量:11
UnityEngine.StackTraceUtility:ExtractStackTrace ()
UnityEngine.DebugLogHandler:LogFormat (UnityEngine.LogType,UnityEngine.Object,string,object[])
UnityEngine.Logger:Log (UnityEngine.LogType,object)
UnityEngine.Debug:Log (object)
UnityEngine.MonoBehaviour:print (object)
Boss1_Controller:CreateBossHP () (at Assets/Game/Scripts/ColorTiming/Legacy/Boss1_Controller.cs:257)
Boss1_Controller:Start () (at Assets/Game/Scripts/ColorTiming/Legacy/Boss1_Controller.cs:67)

(Filename: Assets/Game/Scripts/ColorTiming/Legacy/Boss1_Controller.cs Line: 257)

Unloading 2522 Unused Serialized files (Serialized files now loaded: 0)
Unloading 73 unused Assets / (21.7 KB). Loaded Objects now: 18625.
Memory consumption went from 2.39 GB to 2.39 GB.
Total: 6.854900 ms (FindLiveObjects: 0.948700 ms CreateObjectMapping: 0.498400 ms MarkObjects: 5.311300 ms  DeleteObjects: 0.095500 ms)

Unloading 0 Unused Serialized files (Serialized files now loaded: 0)
Unloading 0 unused Assets / (3.9 KB). Loaded Objects now: 18625.
Memory consumption went from 2.39 GB to 2.39 GB.
Total: 5.907600 ms (FindLiveObjects: 0.727200 ms CreateObjectMapping: 0.408900 ms MarkObjects: 4.749100 ms  DeleteObjects: 0.022100 ms)

Loaded scene 'Assets/Game/Scene/StartMenu.unity'
	Deserialize:            0.875 ms
	Integration:            0.618 ms
	Integration of assets:  0.002 ms
	Thread Wait Time:       29.880 ms
	Total Operation Time:   31.375 ms
There are 2 event systems in the scene. Please ensure there is always exactly one event system in the scene
UnityEngine.StackTraceUtility:ExtractStackTrace ()
UnityEngine.DebugLogHandler:LogFormat (UnityEngine.LogType,UnityEngine.Object,string,object[])
UnityEngine.Logger:Log (UnityEngine.LogType,object)
UnityEngine.Debug:LogWarning (object)
UnityEngine.EventSystems.EventSystem:Update () (at ./Library/PackageCache/com.unity.ugui@1.0.0/Runtime/EventSystem/EventSystem.cs:543)

(Filename: ./Library/PackageCache/com.unity.ugui@1.0.0/Runtime/EventSystem/EventSystem.cs Line: 543)

Unloading 2 Unused Serialized files (Serialized files now loaded: 0)
Unloading 5715 unused Assets / (1.38 GB). Loaded Objects now: 11738.
Memory consumption went from 2.38 GB to 1.00 GB.
Total: 42.392200 ms (FindLiveObjects: 0.912000 ms CreateObjectMapping: 0.621500 ms MarkObjects: 5.042600 ms  DeleteObjects: 35.814500 ms)

There are 2 event systems in the scene. Please ensure there is always exactly one event system in the scene
UnityEngine.StackTraceUtility:ExtractStackTrace ()
UnityEngine.DebugLogHandler:LogFormat (UnityEngine.LogType,UnityEngine.Object,string,object[])
UnityEngine.Logger:Log (UnityEngine.LogType,object)
UnityEngine.Debug:LogWarning (object)
UnityEngine.EventSystems.EventSystem:Update () (at ./Library/PackageCache/com.unity.ugui@1.0.0/Runtime/EventSystem/EventSystem.cs:543)

(Filename: ./Library/PackageCache/com.unity.ugui@1.0.0/Runtime/EventSystem/EventSystem.cs Line: 543)

There are 2 event systems in the scene. Please ensure there is always exactly one event system in the scene
UnityEngine.StackTraceUtility:ExtractStackTrace ()
UnityEngine.DebugLogHandler:LogFormat (UnityEngine.LogType,UnityEngine.Object,string,object[])
UnityEngine.Logger:Log (UnityEngine.LogType,object)
UnityEngine.Debug:LogWarning (object)
UnityEngine.EventSystems.EventSystem:Update () (at ./Library/PackageCache/com.unity.ugui@1.0.0/Runtime/EventSystem/EventSystem.cs:543)

(Filename: ./Library/PackageCache/com.unity.ugui@1.0.0/Runtime/EventSystem/EventSystem.cs Line: 543)

There are 2 event systems in the scene. Please ensure there is always exactly one event system in the scene
UnityEngine.StackTraceUtility:ExtractStackTrace ()
UnityEngine.DebugLogHandler:LogFormat (UnityEngine.LogType,UnityEngine.Object,string,object[])
UnityEngine.Logger:Log (UnityEngine.LogType,object)
UnityEngine.Debug:LogWarning (object)
UnityEngine.EventSystems.EventSystem:Update () (at ./Library/PackageCache/com.unity.ugui@1.0.0/Runtime/EventSystem/EventSystem.cs:543)

(Filename: ./Library/PackageCache/com.unity.ugui@1.0.0/Runtime/EventSystem/EventSystem.cs Line: 543)

There are 2 event systems in the scene. Please ensure there is always exactly one event system in the scene
UnityEngine.StackTraceUtility:ExtractStackTrace ()
UnityEngine.DebugLogHandler:LogFormat (UnityEngine.LogType,UnityEngine.Object,string,object[])
UnityEngine.Logger:Log (UnityEngine.LogType,object)
UnityEngine.Debug:LogWarning (object)
UnityEngine.EventSystems.EventSystem:Update () (at ./Library/PackageCache/com.unity.ugui@1.0.0/Runtime/EventSystem/EventSystem.cs:543)

(Filename: ./Library/PackageCache/com.unity.ugui@1.0.0/Runtime/EventSystem/EventSystem.cs Line: 543)

There are 2 event systems in the scene. Please ensure there is always exactly one event system in the scene
UnityEngine.StackTraceUtility:ExtractStackTrace ()
UnityEngine.DebugLogHandler:LogFormat (UnityEngine.LogType,UnityEngine.Object,string,object[])
UnityEngine.Logger:Log (UnityEngine.LogType,object)
UnityEngine.Debug:LogWarning (object)
UnityEngine.EventSystems.EventSystem:Update () (at ./Library/PackageCache/com.unity.ugui@1.0.0/Runtime/EventSystem/EventSystem.cs:543)

(Filename: ./Library/PackageCache/com.unity.ugui@1.0.0/Runtime/EventSystem/EventSystem.cs Line: 543)

There are 2 event systems in the scene. Please ensure there is always exactly one event system in the scene
UnityEngine.StackTraceUtility:ExtractStackTrace ()
UnityEngine.DebugLogHandler:LogFormat (UnityEngine.LogType,UnityEngine.Object,string,object[])
UnityEngine.Logger:Log (UnityEngine.LogType,object)
UnityEngine.Debug:LogWarning (object)
UnityEngine.EventSystems.EventSystem:Update () (at ./Library/PackageCache/com.unity.ugui@1.0.0/Runtime/EventSystem/EventSystem.cs:543)

(Filename: ./Library/PackageCache/com.unity.ugui@1.0.0/Runtime/EventSystem/EventSystem.cs Line: 543)

There are 2 event systems in the scene. Please ensure there is always exactly one event system in the scene
UnityEngine.StackTraceUtility:ExtractStackTrace ()
UnityEngine.DebugLogHandler:LogFormat (UnityEngine.LogType,UnityEngine.Object,string,object[])
UnityEngine.Logger:Log (UnityEngine.LogType,object)
UnityEngine.Debug:LogWarning (object)
UnityEngine.EventSystems.EventSystem:Update () (at ./Library/PackageCache/com.unity.ugui@1.0.0/Runtime/EventSystem/EventSystem.cs:543)

(Filename: ./Library/PackageCache/com.unity.ugui@1.0.0/Runtime/EventSystem/EventSystem.cs Line: 543)

There are 2 event systems in the scene. Please ensure there is always exactly one event system in the scene
UnityEngine.StackTraceUtility:ExtractStackTrace ()
UnityEngine.DebugLogHandler:LogFormat (UnityEngine.LogType,UnityEngine.Object,string,object[])
UnityEngine.Logger:Log (UnityEngine.LogType,object)
UnityEngine.Debug:LogWarning (object)
UnityEngine.EventSystems.EventSystem:Update () (at ./Library/PackageCache/com.unity.ugui@1.0.0/Runtime/EventSystem/EventSystem.cs:543)

(Filename: ./Library/PackageCache/com.unity.ugui@1.0.0/Runtime/EventSystem/EventSystem.cs Line: 543)

There are 2 event systems in the scene. Please ensure there is always exactly one event system in the scene
UnityEngine.StackTraceUtility:ExtractStackTrace ()
UnityEngine.DebugLogHandler:LogFormat (UnityEngine.LogType,UnityEngine.Object,string,object[])
UnityEngine.Logger:Log (UnityEngine.LogType,object)
UnityEngine.Debug:LogWarning (object)
UnityEngine.EventSystems.EventSystem:Update () (at ./Library/PackageCache/com.unity.ugui@1.0.0/Runtime/EventSystem/EventSystem.cs:543)

(Filename: ./Library/PackageCache/com.unity.ugui@1.0.0/Runtime/EventSystem/EventSystem.cs Line: 543)

There are 2 event systems in the scene. Please ensure there is always exactly one event system in the scene
UnityEngine.StackTraceUtility:ExtractStackTrace ()
UnityEngine.DebugLogHandler:LogFormat (UnityEngine.LogType,UnityEngine.Object,string,object[])
UnityEngine.Logger:Log (UnityEngine.LogType,object)
UnityEngine.Debug:LogWarning (object)
UnityEngine.EventSystems.EventSystem:Update () (at ./Library/PackageCache/com.unity.ugui@1.0.0/Runtime/EventSystem/EventSystem.cs:543)

(Filename: ./Library/PackageCache/com.unity.ugui@1.0.0/Runtime/EventSystem/EventSystem.cs Line: 543)

There are 2 event systems in the scene. Please ensure there is always exactly one event system in the scene
UnityEngine.StackTraceUtility:ExtractStackTrace ()
UnityEngine.DebugLogHandler:LogFormat (UnityEngine.LogType,UnityEngine.Object,string,object[])
UnityEngine.Logger:Log (UnityEngine.LogType,object)
UnityEngine.Debug:LogWarning (object)
UnityEngine.EventSystems.EventSystem:Update () (at ./Library/PackageCache/com.unity.ugui@1.0.0/Runtime/EventSystem/EventSystem.cs:543)

(Filename: ./Library/PackageCache/com.unity.ugui@1.0.0/Runtime/EventSystem/EventSystem.cs Line: 543)

There are 2 event systems in the scene. Please ensure there is always exactly one event system in the scene
UnityEngine.StackTraceUtility:ExtractStackTrace ()
UnityEngine.DebugLogHandler:LogFormat (UnityEngine.LogType,UnityEngine.Object,string,object[])
UnityEngine.Logger:Log (UnityEngine.LogType,object)
UnityEngine.Debug:LogWarning (object)
UnityEngine.EventSystems.EventSystem:Update () (at ./Library/PackageCache/com.unity.ugui@1.0.0/Runtime/EventSystem/EventSystem.cs:543)

(Filename: ./Library/PackageCache/com.unity.ugui@1.0.0/Runtime/EventSystem/EventSystem.cs Line: 543)

There are 2 event systems in the scene. Please ensure there is always exactly one event system in the scene
UnityEngine.StackTraceUtility:ExtractStackTrace ()
UnityEngine.DebugLogHandler:LogFormat (UnityEngine.LogType,UnityEngine.Object,string,object[])
UnityEngine.Logger:Log (UnityEngine.LogType,object)
UnityEngine.Debug:LogWarning (object)
UnityEngine.EventSystems.EventSystem:Update () (at ./Library/PackageCache/com.unity.ugui@1.0.0/Runtime/EventSystem/EventSystem.cs:543)

(Filename: ./Library/PackageCache/com.unity.ugui@1.0.0/Runtime/EventSystem/EventSystem.cs Line: 543)

There are 2 event systems in the scene. Please ensure there is always exactly one event system in the scene
UnityEngine.StackTraceUtility:ExtractStackTrace ()
UnityEngine.DebugLogHandler:LogFormat (UnityEngine.LogType,UnityEngine.Object,string,object[])
UnityEngine.Logger:Log (UnityEngine.LogType,object)
UnityEngine.Debug:LogWarning (object)
UnityEngine.EventSystems.EventSystem:Update () (at ./Library/PackageCache/com.unity.ugui@1.0.0/Runtime/EventSystem/EventSystem.cs:543)

(Filename: ./Library/PackageCache/com.unity.ugui@1.0.0/Runtime/EventSystem/EventSystem.cs Line: 543)

There are 2 event systems in the scene. Please ensure there is always exactly one event system in the scene
UnityEngine.StackTraceUtility:ExtractStackTrace ()
UnityEngine.DebugLogHandler:LogFormat (UnityEngine.LogType,UnityEngine.Object,string,object[])
UnityEngine.Logger:Log (UnityEngine.LogType,object)
UnityEngine.Debug:LogWarning (object)
UnityEngine.EventSystems.EventSystem:Update () (at ./Library/PackageCache/com.unity.ugui@1.0.0/Runtime/EventSystem/EventSystem.cs:543)

(Filename: ./Library/PackageCache/com.unity.ugui@1.0.0/Runtime/EventSystem/EventSystem.cs Line: 543)

There are 2 event systems in the scene. Please ensure there is always exactly one event system in the scene
UnityEngine.StackTraceUtility:ExtractStackTrace ()
UnityEngine.DebugLogHandler:LogFormat (UnityEngine.LogType,UnityEngine.Object,string,object[])
UnityEngine.Logger:Log (UnityEngine.LogType,object)
UnityEngine.Debug:LogWarning (object)
UnityEngine.EventSystems.EventSystem:Update () (at ./Library/PackageCache/com.unity.ugui@1.0.0/Runtime/EventSystem/EventSystem.cs:543)

(Filename: ./Library/PackageCache/com.unity.ugui@1.0.0/Runtime/EventSystem/EventSystem.cs Line: 543)

Loaded scene 'Assets/Game/Scene/Boss1.unity'
	Deserialize:            742.281 ms
	Integration:            11.874 ms
	Integration of assets:  339.380 ms
	Thread Wait Time:       1249.478 ms
	Total Operation Time:   2343.012 ms
已初始化BOSS血量:11
UnityEngine.StackTraceUtility:ExtractStackTrace ()
UnityEngine.DebugLogHandler:LogFormat (UnityEngine.LogType,UnityEngine.Object,string,object[])
UnityEngine.Logger:Log (UnityEngine.LogType,object)
UnityEngine.Debug:Log (object)
UnityEngine.MonoBehaviour:print (object)
Boss1_Controller:CreateBossHP () (at Assets/Game/Scripts/ColorTiming/Legacy/Boss1_Controller.cs:257)
Boss1_Controller:Start () (at Assets/Game/Scripts/ColorTiming/Legacy/Boss1_Controller.cs:67)

(Filename: Assets/Game/Scripts/ColorTiming/Legacy/Boss1_Controller.cs Line: 257)

Unloading 2514 Unused Serialized files (Serialized files now loaded: 0)
Unloading 73 unused Assets / (22.3 KB). Loaded Objects now: 18625.
Memory consumption went from 2.39 GB to 2.39 GB.
Total: 7.803400 ms (FindLiveObjects: 1.006100 ms CreateObjectMapping: 0.615900 ms MarkObjects: 6.038700 ms  DeleteObjects: 0.141400 ms)

Unloading 0 Unused Serialized files (Serialized files now loaded: 0)
Unloading 0 unused Assets / (3.8 KB). Loaded Objects now: 18625.
Memory consumption went from 2.39 GB to 2.39 GB.
Total: 6.617600 ms (FindLiveObjects: 0.909500 ms CreateObjectMapping: 0.515500 ms MarkObjects: 5.155300 ms  DeleteObjects: 0.036400 ms)

Unloading 0 Unused Serialized files (Serialized files now loaded: 0)
Unloading 0 unused Assets / (0 B). Loaded Objects now: 18625.
Memory consumption went from 2.39 GB to 2.39 GB.
Total: 6.898500 ms (FindLiveObjects: 0.931900 ms CreateObjectMapping: 0.594100 ms MarkObjects: 5.348600 ms  DeleteObjects: 0.023100 ms)

Unloading 0 Unused Serialized files (Serialized files now loaded: 0)
Unloading 0 unused Assets / (0 B). Loaded Objects now: 18625.
Memory consumption went from 2.39 GB to 2.39 GB.
Total: 6.634600 ms (FindLiveObjects: 0.948200 ms CreateObjectMapping: 0.622500 ms MarkObjects: 5.045300 ms  DeleteObjects: 0.017900 ms)

Unloading 0 Unused Serialized files (Serialized files now loaded: 0)
Unloading 0 unused Assets / (0 B). Loaded Objects now: 18625.
Memory consumption went from 2.39 GB to 2.39 GB.
Total: 6.780100 ms (FindLiveObjects: 0.933800 ms CreateObjectMapping: 0.587200 ms MarkObjects: 5.240600 ms  DeleteObjects: 0.017600 ms)

Unloading 0 Unused Serialized files (Serialized files now loaded: 0)
Unloading 0 unused Assets / (0 B). Loaded Objects now: 18625.
Memory consumption went from 2.39 GB to 2.39 GB.
Total: 6.085900 ms (FindLiveObjects: 0.878400 ms CreateObjectMapping: 0.518400 ms MarkObjects: 4.647900 ms  DeleteObjects: 0.040100 ms)

Unloading 0 Unused Serialized files (Serialized files now loaded: 0)
Unloading 0 unused Assets / (0 B). Loaded Objects now: 18625.
Memory consumption went from 2.39 GB to 2.39 GB.
Total: 6.835700 ms (FindLiveObjects: 0.922400 ms CreateObjectMapping: 0.597700 ms MarkObjects: 5.268100 ms  DeleteObjects: 0.046800 ms)

Unloading 0 Unused Serialized files (Serialized files now loaded: 0)
Unloading 0 unused Assets / (0 B). Loaded Objects now: 18625.
Memory consumption went from 2.39 GB to 2.39 GB.
Total: 6.888200 ms (FindLiveObjects: 0.966000 ms CreateObjectMapping: 0.618100 ms MarkObjects: 5.268100 ms  DeleteObjects: 0.035300 ms)

Unloading 0 Unused Serialized files (Serialized files now loaded: 0)
Unloading 0 unused Assets / (0 B). Loaded Objects now: 18625.
Memory consumption went from 2.39 GB to 2.39 GB.
Total: 6.843500 ms (FindLiveObjects: 0.939900 ms CreateObjectMapping: 0.595400 ms MarkObjects: 5.289400 ms  DeleteObjects: 0.017700 ms)

Unloading 0 Unused Serialized files (Serialized files now loaded: 0)
Unloading 0 unused Assets / (0 B). Loaded Objects now: 18625.
Memory consumption went from 2.39 GB to 2.39 GB.
Total: 7.001500 ms (FindLiveObjects: 0.960800 ms CreateObjectMapping: 0.557800 ms MarkObjects: 5.457000 ms  DeleteObjects: 0.025100 ms)

Unloading 0 Unused Serialized files (Serialized files now loaded: 0)
Unloading 0 unused Assets / (0 B). Loaded Objects now: 18625.
Memory consumption went from 2.39 GB to 2.39 GB.
Total: 6.924000 ms (FindLiveObjects: 0.936400 ms CreateObjectMapping: 0.612400 ms MarkObjects: 5.337200 ms  DeleteObjects: 0.037200 ms)

Unloading 0 Unused Serialized files (Serialized files now loaded: 0)
Unloading 0 unused Assets / (0 B). Loaded Objects now: 18625.
Memory consumption went from 2.39 GB to 2.39 GB.
Total: 7.367600 ms (FindLiveObjects: 1.003400 ms CreateObjectMapping: 0.634400 ms MarkObjects: 5.695100 ms  DeleteObjects: 0.033500 ms)

Unloading 0 Unused Serialized files (Serialized files now loaded: 0)
Unloading 0 unused Assets / (0 B). Loaded Objects now: 18625.
Memory consumption went from 2.39 GB to 2.39 GB.
Total: 6.792400 ms (FindLiveObjects: 0.973600 ms CreateObjectMapping: 0.600100 ms MarkObjects: 5.193500 ms  DeleteObjects: 0.024300 ms)

Unloading 0 Unused Serialized files (Serialized files now loaded: 0)
Unloading 0 unused Assets / (0 B). Loaded Objects now: 18633.
Memory consumption went from 2.39 GB to 2.39 GB.
Total: 7.037800 ms (FindLiveObjects: 0.929900 ms CreateObjectMapping: 0.602500 ms MarkObjects: 5.477400 ms  DeleteObjects: 0.027300 ms)

Unloading 0 Unused Serialized files (Serialized files now loaded: 0)
Unloading 0 unused Assets / (0 B). Loaded Objects now: 18641.
Memory consumption went from 2.39 GB to 2.39 GB.
Total: 7.412500 ms (FindLiveObjects: 0.942400 ms CreateObjectMapping: 0.601200 ms MarkObjects: 5.845800 ms  DeleteObjects: 0.022400 ms)

Unloading 0 Unused Serialized files (Serialized files now loaded: 0)
Unloading 0 unused Assets / (0 B). Loaded Objects now: 18641.
Memory consumption went from 2.39 GB to 2.39 GB.
Total: 6.701100 ms (FindLiveObjects: 0.943100 ms CreateObjectMapping: 0.588600 ms MarkObjects: 5.149100 ms  DeleteObjects: 0.019600 ms)

Unloading 0 Unused Serialized files (Serialized files now loaded: 0)
Unloading 0 unused Assets / (0 B). Loaded Objects now: 18649.
Memory consumption went from 2.39 GB to 2.39 GB.
Total: 6.756300 ms (FindLiveObjects: 0.939200 ms CreateObjectMapping: 0.591700 ms MarkObjects: 5.203100 ms  DeleteObjects: 0.021400 ms)

Loaded scene 'Assets/Game/Scene/Boss1.unity'
	Deserialize:            8.740 ms
	Integration:            9.942 ms
	Integration of assets:  0.157 ms
	Thread Wait Time:       22.661 ms
	Total Operation Time:   41.500 ms
已初始化BOSS血量:11
UnityEngine.StackTraceUtility:ExtractStackTrace ()
UnityEngine.DebugLogHandler:LogFormat (UnityEngine.LogType,UnityEngine.Object,string,object[])
UnityEngine.Logger:Log (UnityEngine.LogType,object)
UnityEngine.Debug:Log (object)
UnityEngine.MonoBehaviour:print (object)
Boss1_Controller:CreateBossHP () (at Assets/Game/Scripts/ColorTiming/Legacy/Boss1_Controller.cs:257)
Boss1_Controller:Start () (at Assets/Game/Scripts/ColorTiming/Legacy/Boss1_Controller.cs:67)

(Filename: Assets/Game/Scripts/ColorTiming/Legacy/Boss1_Controller.cs Line: 257)

Unloading 10 Unused Serialized files (Serialized files now loaded: 0)
Unloading 73 unused Assets / (22.0 KB). Loaded Objects now: 18649.
Memory consumption went from 2.39 GB to 2.39 GB.
Total: 7.485900 ms (FindLiveObjects: 0.944100 ms CreateObjectMapping: 0.626900 ms MarkObjects: 5.793300 ms  DeleteObjects: 0.120900 ms)

Unloading 0 Unused Serialized files (Serialized files now loaded: 0)
Unloading 0 unused Assets / (3.8 KB). Loaded Objects now: 18649.
Memory consumption went from 2.39 GB to 2.39 GB.
Total: 6.688300 ms (FindLiveObjects: 0.884800 ms CreateObjectMapping: 0.465800 ms MarkObjects: 5.312900 ms  DeleteObjects: 0.024300 ms)

Loaded scene 'Assets/Game/Scene/StartMenu.unity'
	Deserialize:            0.951 ms
	Integration:            0.801 ms
	Integration of assets:  0.002 ms
	Thread Wait Time:       29.854 ms
	Total Operation Time:   31.608 ms
There are 2 event systems in the scene. Please ensure there is always exactly one event system in the scene
UnityEngine.StackTraceUtility:ExtractStackTrace ()
UnityEngine.DebugLogHandler:LogFormat (UnityEngine.LogType,UnityEngine.Object,string,object[])
UnityEngine.Logger:Log (UnityEngine.LogType,object)
UnityEngine.Debug:LogWarning (object)
UnityEngine.EventSystems.EventSystem:Update () (at ./Library/PackageCache/com.unity.ugui@1.0.0/Runtime/EventSystem/EventSystem.cs:543)

(Filename: ./Library/PackageCache/com.unity.ugui@1.0.0/Runtime/EventSystem/EventSystem.cs Line: 543)

Unloading 2 Unused Serialized files (Serialized files now loaded: 0)
Unloading 5718 unused Assets / (1.37 GB). Loaded Objects now: 11802.
Memory consumption went from 2.38 GB to 1.01 GB.
Total: 36.137000 ms (FindLiveObjects: 0.880500 ms CreateObjectMapping: 0.638200 ms MarkObjects: 5.621400 ms  DeleteObjects: 28.995900 ms)

There are 2 event systems in the scene. Please ensure there is always exactly one event system in the scene
UnityEngine.StackTraceUtility:ExtractStackTrace ()
UnityEngine.DebugLogHandler:LogFormat (UnityEngine.LogType,UnityEngine.Object,string,object[])
UnityEngine.Logger:Log (UnityEngine.LogType,object)
UnityEngine.Debug:LogWarning (object)
UnityEngine.EventSystems.EventSystem:Update () (at ./Library/PackageCache/com.unity.ugui@1.0.0/Runtime/EventSystem/EventSystem.cs:543)

(Filename: ./Library/PackageCache/com.unity.ugui@1.0.0/Runtime/EventSystem/EventSystem.cs Line: 543)

There are 2 event systems in the scene. Please ensure there is always exactly one event system in the scene
UnityEngine.StackTraceUtility:ExtractStackTrace ()
UnityEngine.DebugLogHandler:LogFormat (UnityEngine.LogType,UnityEngine.Object,string,object[])
UnityEngine.Logger:Log (UnityEngine.LogType,object)
UnityEngine.Debug:LogWarning (object)
UnityEngine.EventSystems.EventSystem:Update () (at ./Library/PackageCache/com.unity.ugui@1.0.0/Runtime/EventSystem/EventSystem.cs:543)

(Filename: ./Library/PackageCache/com.unity.ugui@1.0.0/Runtime/EventSystem/EventSystem.cs Line: 543)

There are 2 event systems in the scene. Please ensure there is always exactly one event system in the scene
UnityEngine.StackTraceUtility:ExtractStackTrace ()
UnityEngine.DebugLogHandler:LogFormat (UnityEngine.LogType,UnityEngine.Object,string,object[])
UnityEngine.Logger:Log (UnityEngine.LogType,object)
UnityEngine.Debug:LogWarning (object)
UnityEngine.EventSystems.EventSystem:Update () (at ./Library/PackageCache/com.unity.ugui@1.0.0/Runtime/EventSystem/EventSystem.cs:543)

(Filename: ./Library/PackageCache/com.unity.ugui@1.0.0/Runtime/EventSystem/EventSystem.cs Line: 543)

There are 2 event systems in the scene. Please ensure there is always exactly one event system in the scene
UnityEngine.StackTraceUtility:ExtractStackTrace ()
UnityEngine.DebugLogHandler:LogFormat (UnityEngine.LogType,UnityEngine.Object,string,object[])
UnityEngine.Logger:Log (UnityEngine.LogType,object)
UnityEngine.Debug:LogWarning (object)
UnityEngine.EventSystems.EventSystem:Update () (at ./Library/PackageCache/com.unity.ugui@1.0.0/Runtime/EventSystem/EventSystem.cs:543)

(Filename: ./Library/PackageCache/com.unity.ugui@1.0.0/Runtime/EventSystem/EventSystem.cs Line: 543)

There are 2 event systems in the scene. Please ensure there is always exactly one event system in the scene
UnityEngine.StackTraceUtility:ExtractStackTrace ()
UnityEngine.DebugLogHandler:LogFormat (UnityEngine.LogType,UnityEngine.Object,string,object[])
UnityEngine.Logger:Log (UnityEngine.LogType,object)
UnityEngine.Debug:LogWarning (object)
UnityEngine.EventSystems.EventSystem:Update () (at ./Library/PackageCache/com.unity.ugui@1.0.0/Runtime/EventSystem/EventSystem.cs:543)

(Filename: ./Library/PackageCache/com.unity.ugui@1.0.0/Runtime/EventSystem/EventSystem.cs Line: 543)

There are 2 event systems in the scene. Please ensure there is always exactly one event system in the scene
UnityEngine.StackTraceUtility:ExtractStackTrace ()
UnityEngine.DebugLogHandler:LogFormat (UnityEngine.LogType,UnityEngine.Object,string,object[])
UnityEngine.Logger:Log (UnityEngine.LogType,object)
UnityEngine.Debug:LogWarning (object)
UnityEngine.EventSystems.EventSystem:Update () (at ./Library/PackageCache/com.unity.ugui@1.0.0/Runtime/EventSystem/EventSystem.cs:543)

(Filename: ./Library/PackageCache/com.unity.ugui@1.0.0/Runtime/EventSystem/EventSystem.cs Line: 543)

There are 2 event systems in the scene. Please ensure there is always exactly one event system in the scene
UnityEngine.StackTraceUtility:ExtractStackTrace ()
UnityEngine.DebugLogHandler:LogFormat (UnityEngine.LogType,UnityEngine.Object,string,object[])
UnityEngine.Logger:Log (UnityEngine.LogType,object)
UnityEngine.Debug:LogWarning (object)
UnityEngine.EventSystems.EventSystem:Update () (at ./Library/PackageCache/com.unity.ugui@1.0.0/Runtime/EventSystem/EventSystem.cs:543)

(Filename: ./Library/PackageCache/com.unity.ugui@1.0.0/Runtime/EventSystem/EventSystem.cs Line: 543)

There are 2 event systems in the scene. Please ensure there is always exactly one event system in the scene
UnityEngine.StackTraceUtility:ExtractStackTrace ()
UnityEngine.DebugLogHandler:LogFormat (UnityEngine.LogType,UnityEngine.Object,string,object[])
UnityEngine.Logger:Log (UnityEngine.LogType,object)
UnityEngine.Debug:LogWarning (object)
UnityEngine.EventSystems.EventSystem:Update () (at ./Library/PackageCache/com.unity.ugui@1.0.0/Runtime/EventSystem/EventSystem.cs:543)

(Filename: ./Library/PackageCache/com.unity.ugui@1.0.0/Runtime/EventSystem/EventSystem.cs Line: 543)

There are 2 event systems in the scene. Please ensure there is always exactly one event system in the scene
UnityEngine.StackTraceUtility:ExtractStackTrace ()
UnityEngine.DebugLogHandler:LogFormat (UnityEngine.LogType,UnityEngine.Object,string,object[])
UnityEngine.Logger:Log (UnityEngine.LogType,object)
UnityEngine.Debug:LogWarning (object)
UnityEngine.EventSystems.EventSystem:Update () (at ./Library/PackageCache/com.unity.ugui@1.0.0/Runtime/EventSystem/EventSystem.cs:543)

(Filename: ./Library/PackageCache/com.unity.ugui@1.0.0/Runtime/EventSystem/EventSystem.cs Line: 543)

There are 2 event systems in the scene. Please ensure there is always exactly one event system in the scene
UnityEngine.StackTraceUtility:ExtractStackTrace ()
UnityEngine.DebugLogHandler:LogFormat (UnityEngine.LogType,UnityEngine.Object,string,object[])
UnityEngine.Logger:Log (UnityEngine.LogType,object)
UnityEngine.Debug:LogWarning (object)
UnityEngine.EventSystems.EventSystem:Update () (at ./Library/PackageCache/com.unity.ugui@1.0.0/Runtime/EventSystem/EventSystem.cs:543)

(Filename: ./Library/PackageCache/com.unity.ugui@1.0.0/Runtime/EventSystem/EventSystem.cs Line: 543)

There are 2 event systems in the scene. Please ensure there is always exactly one event system in the scene
UnityEngine.StackTraceUtility:ExtractStackTrace ()
UnityEngine.DebugLogHandler:LogFormat (UnityEngine.LogType,UnityEngine.Object,string,object[])
UnityEngine.Logger:Log (UnityEngine.LogType,object)
UnityEngine.Debug:LogWarning (object)
UnityEngine.EventSystems.EventSystem:Update () (at ./Library/PackageCache/com.unity.ugui@1.0.0/Runtime/EventSystem/EventSystem.cs:543)

(Filename: ./Library/PackageCache/com.unity.ugui@1.0.0/Runtime/EventSystem/EventSystem.cs Line: 543)

There are 2 event systems in the scene. Please ensure there is always exactly one event system in the scene
UnityEngine.StackTraceUtility:ExtractStackTrace ()
UnityEngine.DebugLogHandler:LogFormat (UnityEngine.LogType,UnityEngine.Object,string,object[])
UnityEngine.Logger:Log (UnityEngine.LogType,object)
UnityEngine.Debug:LogWarning (object)
UnityEngine.EventSystems.EventSystem:Update () (at ./Library/PackageCache/com.unity.ugui@1.0.0/Runtime/EventSystem/EventSystem.cs:543)

(Filename: ./Library/PackageCache/com.unity.ugui@1.0.0/Runtime/EventSystem/EventSystem.cs Line: 543)

Loaded scene 'Assets/Game/Scene/Boss1.unity'
	Deserialize:            783.753 ms
	Integration:            10.467 ms
	Integration of assets:  346.132 ms
	Thread Wait Time:       1285.145 ms
	Total Operation Time:   2425.496 ms
已初始化BOSS血量:11
UnityEngine.StackTraceUtility:ExtractStackTrace ()
UnityEngine.DebugLogHandler:LogFormat (UnityEngine.LogType,UnityEngine.Object,string,object[])
UnityEngine.Logger:Log (UnityEngine.LogType,object)
UnityEngine.Debug:Log (object)
UnityEngine.MonoBehaviour:print (object)
Boss1_Controller:CreateBossHP () (at Assets/Game/Scripts/ColorTiming/Legacy/Boss1_Controller.cs:257)
Boss1_Controller:Start () (at Assets/Game/Scripts/ColorTiming/Legacy/Boss1_Controller.cs:67)

(Filename: Assets/Game/Scripts/ColorTiming/Legacy/Boss1_Controller.cs Line: 257)

Unloading 2517 Unused Serialized files (Serialized files now loaded: 0)
Unloading 73 unused Assets / (21.7 KB). Loaded Objects now: 18649.
Memory consumption went from 2.39 GB to 2.39 GB.
Total: 7.234300 ms (FindLiveObjects: 0.943000 ms CreateObjectMapping: 0.624600 ms MarkObjects: 5.556500 ms  DeleteObjects: 0.109600 ms)

Unloading 0 Unused Serialized files (Serialized files now loaded: 0)
Unloading 0 unused Assets / (3.8 KB). Loaded Objects now: 18649.
Memory consumption went from 2.39 GB to 2.39 GB.
Total: 6.012400 ms (FindLiveObjects: 0.734600 ms CreateObjectMapping: 0.384900 ms MarkObjects: 4.867700 ms  DeleteObjects: 0.024600 ms)

Unloading 0 Unused Serialized files (Serialized files now loaded: 0)
Unloading 0 unused Assets / (0 B). Loaded Objects now: 18656.
Memory consumption went from 2.39 GB to 2.39 GB.
Total: 7.174100 ms (FindLiveObjects: 0.912600 ms CreateObjectMapping: 0.573300 ms MarkObjects: 5.647600 ms  DeleteObjects: 0.039800 ms)

Unloading 0 Unused Serialized files (Serialized files now loaded: 0)
Unloading 0 unused Assets / (0 B). Loaded Objects now: 18670.
Memory consumption went from 2.39 GB to 2.39 GB.
Total: 6.902800 ms (FindLiveObjects: 0.952400 ms CreateObjectMapping: 0.556600 ms MarkObjects: 5.370500 ms  DeleteObjects: 0.022300 ms)

Unloading 0 Unused Serialized files (Serialized files now loaded: 0)
Unloading 0 unused Assets / (0 B). Loaded Objects now: 18670.
Memory consumption went from 2.39 GB to 2.39 GB.
Total: 7.122000 ms (FindLiveObjects: 0.977400 ms CreateObjectMapping: 0.579500 ms MarkObjects: 5.524900 ms  DeleteObjects: 0.039100 ms)

Unloading 0 Unused Serialized files (Serialized files now loaded: 0)
Unloading 0 unused Assets / (0 B). Loaded Objects now: 18670.
Memory consumption went from 2.39 GB to 2.39 GB.
Total: 7.089500 ms (FindLiveObjects: 0.955200 ms CreateObjectMapping: 0.616600 ms MarkObjects: 5.476400 ms  DeleteObjects: 0.040400 ms)

Unloading 0 Unused Serialized files (Serialized files now loaded: 0)
Unloading 0 unused Assets / (0 B). Loaded Objects now: 18670.
Memory consumption went from 2.39 GB to 2.39 GB.
Total: 7.198300 ms (FindLiveObjects: 0.996300 ms CreateObjectMapping: 0.660400 ms MarkObjects: 5.521200 ms  DeleteObjects: 0.019100 ms)

Unloading 0 Unused Serialized files (Serialized files now loaded: 0)
Unloading 0 unused Assets / (0 B). Loaded Objects now: 18670.
Memory consumption went from 2.39 GB to 2.39 GB.
Total: 7.053100 ms (FindLiveObjects: 0.976900 ms CreateObjectMapping: 0.639400 ms MarkObjects: 5.393200 ms  DeleteObjects: 0.042600 ms)

Unloading 0 Unused Serialized files (Serialized files now loaded: 0)
Unloading 0 unused Assets / (0 B). Loaded Objects now: 18686.
Memory consumption went from 2.39 GB to 2.39 GB.
Total: 7.201800 ms (FindLiveObjects: 0.955700 ms CreateObjectMapping: 0.568400 ms MarkObjects: 5.653400 ms  DeleteObjects: 0.023400 ms)

Unloading 0 Unused Serialized files (Serialized files now loaded: 0)
Unloading 0 unused Assets / (0 B). Loaded Objects now: 18693.
Memory consumption went from 2.39 GB to 2.39 GB.
Total: 6.969500 ms (FindLiveObjects: 0.943400 ms CreateObjectMapping: 0.599200 ms MarkObjects: 5.403800 ms  DeleteObjects: 0.022100 ms)

Unloading 0 Unused Serialized files (Serialized files now loaded: 0)
Unloading 0 unused Assets / (0 B). Loaded Objects now: 18709.
Memory consumption went from 2.39 GB to 2.39 GB.
Total: 6.540800 ms (FindLiveObjects: 0.921900 ms CreateObjectMapping: 0.564200 ms MarkObjects: 5.034900 ms  DeleteObjects: 0.019000 ms)

Unloading 0 Unused Serialized files (Serialized files now loaded: 0)
Unloading 0 unused Assets / (0 B). Loaded Objects now: 18709.
Memory consumption went from 2.39 GB to 2.39 GB.
Total: 6.868700 ms (FindLiveObjects: 0.938200 ms CreateObjectMapping: 0.588600 ms MarkObjects: 5.294900 ms  DeleteObjects: 0.046300 ms)

Unloading 0 Unused Serialized files (Serialized files now loaded: 0)
Unloading 0 unused Assets / (0 B). Loaded Objects now: 18725.
Memory consumption went from 2.39 GB to 2.39 GB.
Total: 6.670500 ms (FindLiveObjects: 0.917200 ms CreateObjectMapping: 0.585900 ms MarkObjects: 5.145500 ms  DeleteObjects: 0.021100 ms)

Unloading 0 Unused Serialized files (Serialized files now loaded: 0)
Unloading 0 unused Assets / (0 B). Loaded Objects now: 18725.
Memory consumption went from 2.39 GB to 2.39 GB.
Total: 7.225500 ms (FindLiveObjects: 0.952400 ms CreateObjectMapping: 0.622600 ms MarkObjects: 5.626600 ms  DeleteObjects: 0.022800 ms)

Unloading 0 Unused Serialized files (Serialized files now loaded: 0)
Unloading 0 unused Assets / (0 B). Loaded Objects now: 18741.
Memory consumption went from 2.39 GB to 2.39 GB.
Total: 6.987500 ms (FindLiveObjects: 0.983800 ms CreateObjectMapping: 0.565600 ms MarkObjects: 5.410500 ms  DeleteObjects: 0.026700 ms)

看看角度:::::79.2591563505457
UnityEngine.StackTraceUtility:ExtractStackTrace ()
UnityEngine.DebugLogHandler:LogFormat (UnityEngine.LogType,UnityEngine.Object,string,object[])
UnityEngine.Logger:Log (UnityEngine.LogType,object)
UnityEngine.Debug:Log (object)
UnityEngine.MonoBehaviour:print (object)
Skill_Zhadan:ChildStart () (at Assets/Game/Scripts/ColorTiming/Legacy/Skill/Skill_Zhadan.cs:67)
Skill_base:InitializeForSpawn () (at Assets/Game/Scripts/ColorTiming/Legacy/Skill/Skill_base.cs:200)
Skill_base:OnFrameworkEntitySpawned () (at Assets/Game/Scripts/ColorTiming/Legacy/Skill/Skill_base.cs:144)
ColorTiming.Presentation.Entities.ColorTimingTransientEntity:OnShow (object) (at Assets/Game/Scripts/ColorTiming/Presentation/Entities/GfTransientEntityService.cs:119)
UnityGameFramework.Runtime.Entity:OnShow (object) (at Assets/Plugins/UnityGameFramework/Scripts/Runtime/Entity/Entity.cs:166)
GameFramework.Entity.EntityManager:InternalShowEntity (int,string,GameFramework.Entity.EntityManager/EntityGroup,object,bool,single,object) (at Assets/Plugins/UnityGameFramework/GameFramework/Entity/EntityManager.cs:1179)
GameFramework.Entity.EntityManager:LoadAssetSuccessCallback (string,object,single,object) (at Assets/Plugins/UnityGameFramework/GameFramework/Entity/EntityManager.cs:1264)
UnityGameFramework.Runtime.EditorResourceComponent:Update () (at Assets/Plugins/UnityGameFramework/Scripts/Runtime/Resource/EditorResourceComponent.cs:612)

(Filename: Assets/Game/Scripts/ColorTiming/Legacy/Skill/Skill_Zhadan.cs Line: 67)

Unloading 0 Unused Serialized files (Serialized files now loaded: 0)
Unloading 0 unused Assets / (0 B). Loaded Objects now: 18758.
Memory consumption went from 2.39 GB to 2.39 GB.
Total: 7.000400 ms (FindLiveObjects: 0.980400 ms CreateObjectMapping: 0.641900 ms MarkObjects: 5.354500 ms  DeleteObjects: 0.022700 ms)

Unloading 0 Unused Serialized files (Serialized files now loaded: 0)
Unloading 0 unused Assets / (0 B). Loaded Objects now: 18774.
Memory consumption went from 2.39 GB to 2.39 GB.
Total: 7.054100 ms (FindLiveObjects: 0.976900 ms CreateObjectMapping: 0.584000 ms MarkObjects: 5.446400 ms  DeleteObjects: 0.045900 ms)

看看角度:::::79.2591563505457
UnityEngine.StackTraceUtility:ExtractStackTrace ()
UnityEngine.DebugLogHandler:LogFormat (UnityEngine.LogType,UnityEngine.Object,string,object[])
UnityEngine.Logger:Log (UnityEngine.LogType,object)
UnityEngine.Debug:Log (object)
UnityEngine.MonoBehaviour:print (object)
Skill_Zhadan:ChildStart () (at Assets/Game/Scripts/ColorTiming/Legacy/Skill/Skill_Zhadan.cs:67)
Skill_base:InitializeForSpawn () (at Assets/Game/Scripts/ColorTiming/Legacy/Skill/Skill_base.cs:200)
Skill_base:OnFrameworkEntitySpawned () (at Assets/Game/Scripts/ColorTiming/Legacy/Skill/Skill_base.cs:144)
ColorTiming.Presentation.Entities.ColorTimingTransientEntity:OnShow (object) (at Assets/Game/Scripts/ColorTiming/Presentation/Entities/GfTransientEntityService.cs:119)
UnityGameFramework.Runtime.Entity:OnShow (object) (at Assets/Plugins/UnityGameFramework/Scripts/Runtime/Entity/Entity.cs:166)
GameFramework.Entity.EntityManager:InternalShowEntity (int,string,GameFramework.Entity.EntityManager/EntityGroup,object,bool,single,object) (at Assets/Plugins/UnityGameFramework/GameFramework/Entity/EntityManager.cs:1179)
GameFramework.Entity.EntityManager:ShowEntity (int,string,string,int,object) (at Assets/Plugins/UnityGameFramework/GameFramework/Entity/EntityManager.cs:655)
UnityGameFramework.Runtime.EntityComponent:ShowEntity (int,System.Type,string,string,int,object) (at Assets/Plugins/UnityGameFramework/Scripts/Runtime/Entity/EntityComponent.cs:494)
UnityGameFramework.Runtime.EntityComponent:ShowEntity<ColorTiming.Presentation.Entities.ColorTimingTransientEntity> (int,string,string,int,object) (at Assets/Plugins/UnityGameFramework/Scripts/Runtime/Entity/EntityComponent.cs:474)
EntityExtension:ShowEntity<ColorTiming.Presentation.Entities.ColorTimingTransientEntity> (UnityGameFramework.Runtime.EntityComponent,string,string,int,int,object) (at Assets/Game/Scripts/Extension/EntityExtension.cs:47)
EntityExtension:ShowEntity<ColorTiming.Presentation.Entities.ColorTimingTransientEntity> (UnityGameFramework.Runtime.EntityComponent,string,string,int,object) (at Assets/Game/Scripts/Extension/EntityExtension.cs:59)
ColorTiming.Presentation.Entities.GfTransientEntityService:Spawn (string,UnityEngine.Vector3,UnityEngine.Quaternion,UnityEngine.Transform,System.Action`1<UnityEngine.GameObject>) (at Assets/Game/Scripts/ColorTiming/Presentation/Entities/GfTransientEntityService.cs:66)
HeroFrireSystem:CreateSkill (UnityEngine.GameObject,Weapon,UnityEngine.Vector3,int,string,UnityEngine.Transform) (at Assets/Game/Scripts/ColorTiming/Legacy/HeroFrireSystem.cs:134)
HeroFrireSystem:OnFire (Weapon,single,string) (at Assets/Game/Scripts/ColorTiming/Legacy/HeroFrireSystem.cs:108)
HeroController:Attack (string) (at Assets/Game/Scripts/ColorTiming/Legacy/HeroController.cs:329)
UnityEngine.Events.InvokableCall`1<string>:Invoke (string)
UnityEngine.Events.UnityEvent`1<string>:Invoke (string)
HeroAnimStae:Attack (string) (at Assets/Game/Scripts/ColorTiming/Legacy/HeroAnimStae.cs:132)
ColorTiming.Tests.PlayMode.WeaponAnimationEventExecutionPlayModeTests/<ExecuteAndAssert>d__7:MoveNext () (at Assets/Game/Tests/ColorTiming/PlayMode/WeaponAnimationEventExecutionPlayModeTests.cs:143)
UnityEngine.TestTools.TestEnumerator/<Execute>d__7:MoveNext () (at ./Library/PackageCache/com.unity.test-framework@1.4.6/UnityEngine.TestRunner/NUnitExtensions/Attributes/TestEnumerator.cs:44)
UnityEngine.TestTools.EnumerableTestMethodCommand/<ExecuteEnumerableAndRecordExceptions>d__4:MoveNext () (at ./Library/PackageCache/com.unity.test-framework@1.4.6/UnityEngine.TestRunner/NUnitExtensions/Commands/EnumerableTestMethodCommand.cs:79)
UnityEngine.SetupCoroutine:InvokeMoveNext (System.Collections.IEnumerator,intptr)

(Filename: Assets/Game/Scripts/ColorTiming/Legacy/Skill/Skill_Zhadan.cs Line: 67)

Unloading 0 Unused Serialized files (Serialized files now loaded: 0)
Unloading 0 unused Assets / (0 B). Loaded Objects now: 18774.
Memory consumption went from 2.39 GB to 2.39 GB.
Total: 7.213400 ms (FindLiveObjects: 0.964200 ms CreateObjectMapping: 0.612700 ms MarkObjects: 5.609200 ms  DeleteObjects: 0.026400 ms)

Unloading 0 Unused Serialized files (Serialized files now loaded: 0)
Unloading 0 unused Assets / (0 B). Loaded Objects now: 18790.
Memory consumption went from 2.39 GB to 2.39 GB.
Total: 7.058300 ms (FindLiveObjects: 0.952300 ms CreateObjectMapping: 0.581800 ms MarkObjects: 5.501200 ms  DeleteObjects: 0.022300 ms)

看看角度:::::79.2591563505457
UnityEngine.StackTraceUtility:ExtractStackTrace ()
UnityEngine.DebugLogHandler:LogFormat (UnityEngine.LogType,UnityEngine.Object,string,object[])
UnityEngine.Logger:Log (UnityEngine.LogType,object)
UnityEngine.Debug:Log (object)
UnityEngine.MonoBehaviour:print (object)
Skill_Zhadan:ChildStart () (at Assets/Game/Scripts/ColorTiming/Legacy/Skill/Skill_Zhadan.cs:67)
Skill_base:InitializeForSpawn () (at Assets/Game/Scripts/ColorTiming/Legacy/Skill/Skill_base.cs:200)
Skill_base:OnFrameworkEntitySpawned () (at Assets/Game/Scripts/ColorTiming/Legacy/Skill/Skill_base.cs:144)
ColorTiming.Presentation.Entities.ColorTimingTransientEntity:OnShow (object) (at Assets/Game/Scripts/ColorTiming/Presentation/Entities/GfTransientEntityService.cs:119)
UnityGameFramework.Runtime.Entity:OnShow (object) (at Assets/Plugins/UnityGameFramework/Scripts/Runtime/Entity/Entity.cs:166)
GameFramework.Entity.EntityManager:InternalShowEntity (int,string,GameFramework.Entity.EntityManager/EntityGroup,object,bool,single,object) (at Assets/Plugins/UnityGameFramework/GameFramework/Entity/EntityManager.cs:1179)
GameFramework.Entity.EntityManager:ShowEntity (int,string,string,int,object) (at Assets/Plugins/UnityGameFramework/GameFramework/Entity/EntityManager.cs:655)
UnityGameFramework.Runtime.EntityComponent:ShowEntity (int,System.Type,string,string,int,object) (at Assets/Plugins/UnityGameFramework/Scripts/Runtime/Entity/EntityComponent.cs:494)
UnityGameFramework.Runtime.EntityComponent:ShowEntity<ColorTiming.Presentation.Entities.ColorTimingTransientEntity> (int,string,string,int,object) (at Assets/Plugins/UnityGameFramework/Scripts/Runtime/Entity/EntityComponent.cs:474)
EntityExtension:ShowEntity<ColorTiming.Presentation.Entities.ColorTimingTransientEntity> (UnityGameFramework.Runtime.EntityComponent,string,string,int,int,object) (at Assets/Game/Scripts/Extension/EntityExtension.cs:47)
EntityExtension:ShowEntity<ColorTiming.Presentation.Entities.ColorTimingTransientEntity> (UnityGameFramework.Runtime.EntityComponent,string,string,int,object) (at Assets/Game/Scripts/Extension/EntityExtension.cs:59)
ColorTiming.Presentation.Entities.GfTransientEntityService:Spawn (string,UnityEngine.Vector3,UnityEngine.Quaternion,UnityEngine.Transform,System.Action`1<UnityEngine.GameObject>) (at Assets/Game/Scripts/ColorTiming/Presentation/Entities/GfTransientEntityService.cs:66)
HeroFrireSystem:CreateSkill (UnityEngine.GameObject,Weapon,UnityEngine.Vector3,int,string,UnityEngine.Transform) (at Assets/Game/Scripts/ColorTiming/Legacy/HeroFrireSystem.cs:134)
HeroFrireSystem:OnFire (Weapon,single,string) (at Assets/Game/Scripts/ColorTiming/Legacy/HeroFrireSystem.cs:108)
HeroController:Attack (string) (at Assets/Game/Scripts/ColorTiming/Legacy/HeroController.cs:329)
UnityEngine.Events.InvokableCall`1<string>:Invoke (string)
UnityEngine.Events.UnityEvent`1<string>:Invoke (string)
HeroAnimStae:Attack (string) (at Assets/Game/Scripts/ColorTiming/Legacy/HeroAnimStae.cs:132)
ColorTiming.Tests.PlayMode.WeaponAnimationEventExecutionPlayModeTests/<ExecuteAndAssert>d__7:MoveNext () (at Assets/Game/Tests/ColorTiming/PlayMode/WeaponAnimationEventExecutionPlayModeTests.cs:143)
UnityEngine.TestTools.TestEnumerator/<Execute>d__7:MoveNext () (at ./Library/PackageCache/com.unity.test-framework@1.4.6/UnityEngine.TestRunner/NUnitExtensions/Attributes/TestEnumerator.cs:44)
UnityEngine.TestTools.EnumerableTestMethodCommand/<ExecuteEnumerableAndRecordExceptions>d__4:MoveNext () (at ./Library/PackageCache/com.unity.test-framework@1.4.6/UnityEngine.TestRunner/NUnitExtensions/Commands/EnumerableTestMethodCommand.cs:79)
UnityEngine.SetupCoroutine:InvokeMoveNext (System.Collections.IEnumerator,intptr)

(Filename: Assets/Game/Scripts/ColorTiming/Legacy/Skill/Skill_Zhadan.cs Line: 67)

Unloading 0 Unused Serialized files (Serialized files now loaded: 0)
Unloading 0 unused Assets / (0 B). Loaded Objects now: 18790.
Memory consumption went from 2.39 GB to 2.39 GB.
Total: 6.882400 ms (FindLiveObjects: 0.963000 ms CreateObjectMapping: 0.600700 ms MarkObjects: 5.296500 ms  DeleteObjects: 0.021200 ms)

Loaded scene 'Assets/Game/Scene/Boss2.unity'
	Deserialize:            246.967 ms
	Integration:            10.215 ms
	Integration of assets:  99.966 ms
	Thread Wait Time:       59.221 ms
	Total Operation Time:   416.368 ms
已初始化BOSS血量:15
UnityEngine.StackTraceUtility:ExtractStackTrace ()
UnityEngine.DebugLogHandler:LogFormat (UnityEngine.LogType,UnityEngine.Object,string,object[])
UnityEngine.Logger:Log (UnityEngine.LogType,object)
UnityEngine.Debug:Log (object)
UnityEngine.MonoBehaviour:print (object)
Boss2_Controller:CreateBossHP () (at Assets/Game/Scripts/ColorTiming/Legacy/Boss2_Controller.cs:421)
Boss2_Controller:Start () (at Assets/Game/Scripts/ColorTiming/Legacy/Boss2_Controller.cs:87)

(Filename: Assets/Game/Scripts/ColorTiming/Legacy/Boss2_Controller.cs Line: 421)

Unloading 34 Unused Serialized files (Serialized files now loaded: 0)
Unloading 2297 unused Assets / (274.9 MB). Loaded Objects now: 16423.
Memory consumption went from 3.02 GB to 2.75 GB.
Total: 12.845000 ms (FindLiveObjects: 0.901700 ms CreateObjectMapping: 0.601800 ms MarkObjects: 5.290400 ms  DeleteObjects: 6.050000 ms)

Unloading 0 Unused Serialized files (Serialized files now loaded: 0)
Unloading 0 unused Assets / (0 B). Loaded Objects now: 16423.
Memory consumption went from 2.72 GB to 2.72 GB.
Total: 7.002000 ms (FindLiveObjects: 0.887500 ms CreateObjectMapping: 0.531900 ms MarkObjects: 5.562800 ms  DeleteObjects: 0.019100 ms)

Unloading 0 Unused Serialized files (Serialized files now loaded: 0)
Unloading 0 unused Assets / (0 B). Loaded Objects now: 16430.
Memory consumption went from 2.72 GB to 2.72 GB.
Total: 7.484500 ms (FindLiveObjects: 0.859900 ms CreateObjectMapping: 0.520000 ms MarkObjects: 6.082400 ms  DeleteObjects: 0.021200 ms)

Unloading 0 Unused Serialized files (Serialized files now loaded: 0)
Unloading 0 unused Assets / (0 B). Loaded Objects now: 16430.
Memory consumption went from 2.72 GB to 2.72 GB.
Total: 6.709400 ms (FindLiveObjects: 0.889300 ms CreateObjectMapping: 0.507500 ms MarkObjects: 5.289500 ms  DeleteObjects: 0.022400 ms)

Unloading 0 Unused Serialized files (Serialized files now loaded: 0)
Unloading 0 unused Assets / (0 B). Loaded Objects now: 16430.
Memory consumption went from 2.72 GB to 2.72 GB.
Total: 7.877600 ms (FindLiveObjects: 0.941100 ms CreateObjectMapping: 0.582800 ms MarkObjects: 6.316200 ms  DeleteObjects: 0.036300 ms)

Unloading 0 Unused Serialized files (Serialized files now loaded: 0)
Unloading 0 unused Assets / (0 B). Loaded Objects now: 16430.
Memory consumption went from 2.72 GB to 2.72 GB.
Total: 7.788100 ms (FindLiveObjects: 0.939600 ms CreateObjectMapping: 0.561800 ms MarkObjects: 6.258700 ms  DeleteObjects: 0.027100 ms)

Unloading 0 Unused Serialized files (Serialized files now loaded: 0)
Unloading 0 unused Assets / (0 B). Loaded Objects now: 16430.
Memory consumption went from 2.72 GB to 2.72 GB.
Total: 7.646500 ms (FindLiveObjects: 0.912600 ms CreateObjectMapping: 0.561100 ms MarkObjects: 6.145900 ms  DeleteObjects: 0.025600 ms)

Unloading 0 Unused Serialized files (Serialized files now loaded: 0)
Unloading 0 unused Assets / (0 B). Loaded Objects now: 16430.
Memory consumption went from 2.72 GB to 2.72 GB.
Total: 7.034000 ms (FindLiveObjects: 0.912600 ms CreateObjectMapping: 0.551500 ms MarkObjects: 5.539800 ms  DeleteObjects: 0.029300 ms)

Unloading 0 Unused Serialized files (Serialized files now loaded: 0)
Unloading 0 unused Assets / (0 B). Loaded Objects now: 16430.
Memory consumption went from 2.72 GB to 2.72 GB.
Total: 6.849600 ms (FindLiveObjects: 0.917300 ms CreateObjectMapping: 0.575600 ms MarkObjects: 5.334100 ms  DeleteObjects: 0.021800 ms)

Unloading 0 Unused Serialized files (Serialized files now loaded: 0)
Unloading 0 unused Assets / (0 B). Loaded Objects now: 16430.
Memory consumption went from 2.72 GB to 2.72 GB.
Total: 7.465500 ms (FindLiveObjects: 1.014500 ms CreateObjectMapping: 0.631100 ms MarkObjects: 5.792500 ms  DeleteObjects: 0.026500 ms)

Unloading 0 Unused Serialized files (Serialized files now loaded: 0)
Unloading 0 unused Assets / (0 B). Loaded Objects now: 16453.
Memory consumption went from 2.72 GB to 2.72 GB.
Total: 6.979500 ms (FindLiveObjects: 0.917700 ms CreateObjectMapping: 0.563400 ms MarkObjects: 5.473800 ms  DeleteObjects: 0.023700 ms)

Unloading 0 Unused Serialized files (Serialized files now loaded: 0)
Unloading 0 unused Assets / (0 B). Loaded Objects now: 16453.
Memory consumption went from 2.72 GB to 2.72 GB.
Total: 6.904900 ms (FindLiveObjects: 0.946200 ms CreateObjectMapping: 0.551800 ms MarkObjects: 5.383100 ms  DeleteObjects: 0.022900 ms)

Unloading 0 Unused Serialized files (Serialized files now loaded: 0)
Unloading 0 unused Assets / (106 B). Loaded Objects now: 16453.
Memory consumption went from 2.72 GB to 2.72 GB.
Total: 7.094400 ms (FindLiveObjects: 0.926200 ms CreateObjectMapping: 0.563900 ms MarkObjects: 5.576400 ms  DeleteObjects: 0.027000 ms)

Unloading 0 Unused Serialized files (Serialized files now loaded: 0)
Unloading 0 unused Assets / (0 B). Loaded Objects now: 16453.
Memory consumption went from 2.72 GB to 2.72 GB.
Total: 7.359700 ms (FindLiveObjects: 0.966600 ms CreateObjectMapping: 0.596300 ms MarkObjects: 5.767200 ms  DeleteObjects: 0.028800 ms)

Unloading 0 Unused Serialized files (Serialized files now loaded: 0)
Unloading 0 unused Assets / (0 B). Loaded Objects now: 16453.
Memory consumption went from 2.72 GB to 2.72 GB.
Total: 7.071300 ms (FindLiveObjects: 0.919700 ms CreateObjectMapping: 0.546800 ms MarkObjects: 5.578800 ms  DeleteObjects: 0.025000 ms)

Unloading 0 Unused Serialized files (Serialized files now loaded: 0)
Unloading 0 unused Assets / (0 B). Loaded Objects now: 16453.
Memory consumption went from 2.72 GB to 2.72 GB.
Total: 7.047700 ms (FindLiveObjects: 0.899400 ms CreateObjectMapping: 0.557900 ms MarkObjects: 5.564000 ms  DeleteObjects: 0.025700 ms)

Unloading 0 Unused Serialized files (Serialized files now loaded: 0)
Unloading 0 unused Assets / (0 B). Loaded Objects now: 16453.
Memory consumption went from 2.72 GB to 2.72 GB.
Total: 6.973500 ms (FindLiveObjects: 0.951700 ms CreateObjectMapping: 0.605200 ms MarkObjects: 5.373500 ms  DeleteObjects: 0.042200 ms)

Unloading 0 Unused Serialized files (Serialized files now loaded: 0)
Unloading 0 unused Assets / (0 B). Loaded Objects now: 16453.
Memory consumption went from 2.72 GB to 2.72 GB.
Total: 6.932800 ms (FindLiveObjects: 0.951700 ms CreateObjectMapping: 0.534800 ms MarkObjects: 5.424000 ms  DeleteObjects: 0.021700 ms)

看看角度:::::78.6416214505796
UnityEngine.StackTraceUtility:ExtractStackTrace ()
UnityEngine.DebugLogHandler:LogFormat (UnityEngine.LogType,UnityEngine.Object,string,object[])
UnityEngine.Logger:Log (UnityEngine.LogType,object)
UnityEngine.Debug:Log (object)
UnityEngine.MonoBehaviour:print (object)
Skill_Zhadan:ChildStart () (at Assets/Game/Scripts/ColorTiming/Legacy/Skill/Skill_Zhadan.cs:67)
Skill_base:InitializeForSpawn () (at Assets/Game/Scripts/ColorTiming/Legacy/Skill/Skill_base.cs:200)
Skill_base:OnFrameworkEntitySpawned () (at Assets/Game/Scripts/ColorTiming/Legacy/Skill/Skill_base.cs:144)
ColorTiming.Presentation.Entities.ColorTimingTransientEntity:OnShow (object) (at Assets/Game/Scripts/ColorTiming/Presentation/Entities/GfTransientEntityService.cs:119)
UnityGameFramework.Runtime.Entity:OnShow (object) (at Assets/Plugins/UnityGameFramework/Scripts/Runtime/Entity/Entity.cs:166)
GameFramework.Entity.EntityManager:InternalShowEntity (int,string,GameFramework.Entity.EntityManager/EntityGroup,object,bool,single,object) (at Assets/Plugins/UnityGameFramework/GameFramework/Entity/EntityManager.cs:1179)
GameFramework.Entity.EntityManager:LoadAssetSuccessCallback (string,object,single,object) (at Assets/Plugins/UnityGameFramework/GameFramework/Entity/EntityManager.cs:1264)
UnityGameFramework.Runtime.EditorResourceComponent:Update () (at Assets/Plugins/UnityGameFramework/Scripts/Runtime/Resource/EditorResourceComponent.cs:612)

(Filename: Assets/Game/Scripts/ColorTiming/Legacy/Skill/Skill_Zhadan.cs Line: 67)

Unloading 0 Unused Serialized files (Serialized files now loaded: 0)
Unloading 0 unused Assets / (106 B). Loaded Objects now: 16467.
Memory consumption went from 2.72 GB to 2.72 GB.
Total: 7.250200 ms (FindLiveObjects: 0.901000 ms CreateObjectMapping: 0.563200 ms MarkObjects: 5.765100 ms  DeleteObjects: 0.020100 ms)

Unloading 0 Unused Serialized files (Serialized files now loaded: 0)
Unloading 0 unused Assets / (0 B). Loaded Objects now: 16467.
Memory consumption went from 2.72 GB to 2.72 GB.
Total: 6.792400 ms (FindLiveObjects: 0.876100 ms CreateObjectMapping: 0.471600 ms MarkObjects: 5.414700 ms  DeleteObjects: 0.028800 ms)

看看角度:::::78.6416214505796
UnityEngine.StackTraceUtility:ExtractStackTrace ()
UnityEngine.DebugLogHandler:LogFormat (UnityEngine.LogType,UnityEngine.Object,string,object[])
UnityEngine.Logger:Log (UnityEngine.LogType,object)
UnityEngine.Debug:Log (object)
UnityEngine.MonoBehaviour:print (object)
Skill_Zhadan:ChildStart () (at Assets/Game/Scripts/ColorTiming/Legacy/Skill/Skill_Zhadan.cs:67)
Skill_base:InitializeForSpawn () (at Assets/Game/Scripts/ColorTiming/Legacy/Skill/Skill_base.cs:200)
Skill_base:OnFrameworkEntitySpawned () (at Assets/Game/Scripts/ColorTiming/Legacy/Skill/Skill_base.cs:144)
ColorTiming.Presentation.Entities.ColorTimingTransientEntity:OnShow (object) (at Assets/Game/Scripts/ColorTiming/Presentation/Entities/GfTransientEntityService.cs:119)
UnityGameFramework.Runtime.Entity:OnShow (object) (at Assets/Plugins/UnityGameFramework/Scripts/Runtime/Entity/Entity.cs:166)
GameFramework.Entity.EntityManager:InternalShowEntity (int,string,GameFramework.Entity.EntityManager/EntityGroup,object,bool,single,object) (at Assets/Plugins/UnityGameFramework/GameFramework/Entity/EntityManager.cs:1179)
GameFramework.Entity.EntityManager:ShowEntity (int,string,string,int,object) (at Assets/Plugins/UnityGameFramework/GameFramework/Entity/EntityManager.cs:655)
UnityGameFramework.Runtime.EntityComponent:ShowEntity (int,System.Type,string,string,int,object) (at Assets/Plugins/UnityGameFramework/Scripts/Runtime/Entity/EntityComponent.cs:494)
UnityGameFramework.Runtime.EntityComponent:ShowEntity<ColorTiming.Presentation.Entities.ColorTimingTransientEntity> (int,string,string,int,object) (at Assets/Plugins/UnityGameFramework/Scripts/Runtime/Entity/EntityComponent.cs:474)
EntityExtension:ShowEntity<ColorTiming.Presentation.Entities.ColorTimingTransientEntity> (UnityGameFramework.Runtime.EntityComponent,string,string,int,int,object) (at Assets/Game/Scripts/Extension/EntityExtension.cs:47)
EntityExtension:ShowEntity<ColorTiming.Presentation.Entities.ColorTimingTransientEntity> (UnityGameFramework.Runtime.EntityComponent,string,string,int,object) (at Assets/Game/Scripts/Extension/EntityExtension.cs:59)
ColorTiming.Presentation.Entities.GfTransientEntityService:Spawn (string,UnityEngine.Vector3,UnityEngine.Quaternion,UnityEngine.Transform,System.Action`1<UnityEngine.GameObject>) (at Assets/Game/Scripts/ColorTiming/Presentation/Entities/GfTransientEntityService.cs:66)
HeroFrireSystem:CreateSkill (UnityEngine.GameObject,Weapon,UnityEngine.Vector3,int,string,UnityEngine.Transform) (at Assets/Game/Scripts/ColorTiming/Legacy/HeroFrireSystem.cs:134)
HeroFrireSystem:OnFire (Weapon,single,string) (at Assets/Game/Scripts/ColorTiming/Legacy/HeroFrireSystem.cs:108)
HeroController:Attack (string) (at Assets/Game/Scripts/ColorTiming/Legacy/HeroController.cs:329)
UnityEngine.Events.InvokableCall`1<string>:Invoke (string)
UnityEngine.Events.UnityEvent`1<string>:Invoke (string)
HeroAnimStae:Attack (string) (at Assets/Game/Scripts/ColorTiming/Legacy/HeroAnimStae.cs:132)
ColorTiming.Tests.PlayMode.WeaponAnimationEventExecutionPlayModeTests/<ExecuteAndAssert>d__7:MoveNext () (at Assets/Game/Tests/ColorTiming/PlayMode/WeaponAnimationEventExecutionPlayModeTests.cs:143)
UnityEngine.TestTools.TestEnumerator/<Execute>d__7:MoveNext () (at ./Library/PackageCache/com.unity.test-framework@1.4.6/UnityEngine.TestRunner/NUnitExtensions/Attributes/TestEnumerator.cs:44)
UnityEngine.TestTools.EnumerableTestMethodCommand/<ExecuteEnumerableAndRecordExceptions>d__4:MoveNext () (at ./Library/PackageCache/com.unity.test-framework@1.4.6/UnityEngine.TestRunner/NUnitExtensions/Commands/EnumerableTestMethodCommand.cs:79)
UnityEngine.SetupCoroutine:InvokeMoveNext (System.Collections.IEnumerator,intptr)

(Filename: Assets/Game/Scripts/ColorTiming/Legacy/Skill/Skill_Zhadan.cs Line: 67)

Unloading 0 Unused Serialized files (Serialized files now loaded: 0)
Unloading 0 unused Assets / (0 B). Loaded Objects now: 16467.
Memory consumption went from 2.72 GB to 2.72 GB.
Total: 7.229400 ms (FindLiveObjects: 0.869000 ms CreateObjectMapping: 0.543900 ms MarkObjects: 5.796000 ms  DeleteObjects: 0.019600 ms)

Unloading 0 Unused Serialized files (Serialized files now loaded: 0)
Unloading 0 unused Assets / (0 B). Loaded Objects now: 16483.
Memory consumption went from 2.72 GB to 2.72 GB.
Total: 6.931300 ms (FindLiveObjects: 0.879800 ms CreateObjectMapping: 0.532000 ms MarkObjects: 5.495100 ms  DeleteObjects: 0.023300 ms)

看看角度:::::78.6416214505796
UnityEngine.StackTraceUtility:ExtractStackTrace ()
UnityEngine.DebugLogHandler:LogFormat (UnityEngine.LogType,UnityEngine.Object,string,object[])
UnityEngine.Logger:Log (UnityEngine.LogType,object)
UnityEngine.Debug:Log (object)
UnityEngine.MonoBehaviour:print (object)
Skill_Zhadan:ChildStart () (at Assets/Game/Scripts/ColorTiming/Legacy/Skill/Skill_Zhadan.cs:67)
Skill_base:InitializeForSpawn () (at Assets/Game/Scripts/ColorTiming/Legacy/Skill/Skill_base.cs:200)
Skill_base:OnFrameworkEntitySpawned () (at Assets/Game/Scripts/ColorTiming/Legacy/Skill/Skill_base.cs:144)
ColorTiming.Presentation.Entities.ColorTimingTransientEntity:OnShow (object) (at Assets/Game/Scripts/ColorTiming/Presentation/Entities/GfTransientEntityService.cs:119)
UnityGameFramework.Runtime.Entity:OnShow (object) (at Assets/Plugins/UnityGameFramework/Scripts/Runtime/Entity/Entity.cs:166)
GameFramework.Entity.EntityManager:InternalShowEntity (int,string,GameFramework.Entity.EntityManager/EntityGroup,object,bool,single,object) (at Assets/Plugins/UnityGameFramework/GameFramework/Entity/EntityManager.cs:1179)
GameFramework.Entity.EntityManager:ShowEntity (int,string,string,int,object) (at Assets/Plugins/UnityGameFramework/GameFramework/Entity/EntityManager.cs:655)
UnityGameFramework.Runtime.EntityComponent:ShowEntity (int,System.Type,string,string,int,object) (at Assets/Plugins/UnityGameFramework/Scripts/Runtime/Entity/EntityComponent.cs:494)
UnityGameFramework.Runtime.EntityComponent:ShowEntity<ColorTiming.Presentation.Entities.ColorTimingTransientEntity> (int,string,string,int,object) (at Assets/Plugins/UnityGameFramework/Scripts/Runtime/Entity/EntityComponent.cs:474)
EntityExtension:ShowEntity<ColorTiming.Presentation.Entities.ColorTimingTransientEntity> (UnityGameFramework.Runtime.EntityComponent,string,string,int,int,object) (at Assets/Game/Scripts/Extension/EntityExtension.cs:47)
EntityExtension:ShowEntity<ColorTiming.Presentation.Entities.ColorTimingTransientEntity> (UnityGameFramework.Runtime.EntityComponent,string,string,int,object) (at Assets/Game/Scripts/Extension/EntityExtension.cs:59)
ColorTiming.Presentation.Entities.GfTransientEntityService:Spawn (string,UnityEngine.Vector3,UnityEngine.Quaternion,UnityEngine.Transform,System.Action`1<UnityEngine.GameObject>) (at Assets/Game/Scripts/ColorTiming/Presentation/Entities/GfTransientEntityService.cs:66)
HeroFrireSystem:CreateSkill (UnityEngine.GameObject,Weapon,UnityEngine.Vector3,int,string,UnityEngine.Transform) (at Assets/Game/Scripts/ColorTiming/Legacy/HeroFrireSystem.cs:134)
HeroFrireSystem:OnFire (Weapon,single,string) (at Assets/Game/Scripts/ColorTiming/Legacy/HeroFrireSystem.cs:108)
HeroController:Attack (string) (at Assets/Game/Scripts/ColorTiming/Legacy/HeroController.cs:329)
UnityEngine.Events.InvokableCall`1<string>:Invoke (string)
UnityEngine.Events.UnityEvent`1<string>:Invoke (string)
HeroAnimStae:Attack (string) (at Assets/Game/Scripts/ColorTiming/Legacy/HeroAnimStae.cs:132)
ColorTiming.Tests.PlayMode.WeaponAnimationEventExecutionPlayModeTests/<ExecuteAndAssert>d__7:MoveNext () (at Assets/Game/Tests/ColorTiming/PlayMode/WeaponAnimationEventExecutionPlayModeTests.cs:143)
UnityEngine.TestTools.TestEnumerator/<Execute>d__7:MoveNext () (at ./Library/PackageCache/com.unity.test-framework@1.4.6/UnityEngine.TestRunner/NUnitExtensions/Attributes/TestEnumerator.cs:44)
UnityEngine.TestTools.EnumerableTestMethodCommand/<ExecuteEnumerableAndRecordExceptions>d__4:MoveNext () (at ./Library/PackageCache/com.unity.test-framework@1.4.6/UnityEngine.TestRunner/NUnitExtensions/Commands/EnumerableTestMethodCommand.cs:79)
UnityEngine.SetupCoroutine:InvokeMoveNext (System.Collections.IEnumerator,intptr)

(Filename: Assets/Game/Scripts/ColorTiming/Legacy/Skill/Skill_Zhadan.cs Line: 67)

Unloading 0 Unused Serialized files (Serialized files now loaded: 0)
Unloading 0 unused Assets / (0 B). Loaded Objects now: 16483.
Memory consumption went from 2.72 GB to 2.72 GB.
Total: 7.510900 ms (FindLiveObjects: 0.927800 ms CreateObjectMapping: 0.575400 ms MarkObjects: 5.983600 ms  DeleteObjects: 0.023000 ms)

Unloading 0 Unused Serialized files (Serialized files now loaded: 0)
Unloading 0 unused Assets / (0 B). Loaded Objects now: 16499.
Memory consumption went from 2.72 GB to 2.72 GB.
Total: 7.685800 ms (FindLiveObjects: 0.953200 ms CreateObjectMapping: 0.485800 ms MarkObjects: 6.223800 ms  DeleteObjects: 0.022000 ms)

看看角度:::::78.6416214505796
UnityEngine.StackTraceUtility:ExtractStackTrace ()
UnityEngine.DebugLogHandler:LogFormat (UnityEngine.LogType,UnityEngine.Object,string,object[])
UnityEngine.Logger:Log (UnityEngine.LogType,object)
UnityEngine.Debug:Log (object)
UnityEngine.MonoBehaviour:print (object)
Skill_Zhadan:ChildStart () (at Assets/Game/Scripts/ColorTiming/Legacy/Skill/Skill_Zhadan.cs:67)
Skill_base:InitializeForSpawn () (at Assets/Game/Scripts/ColorTiming/Legacy/Skill/Skill_base.cs:200)
Skill_base:OnFrameworkEntitySpawned () (at Assets/Game/Scripts/ColorTiming/Legacy/Skill/Skill_base.cs:144)
ColorTiming.Presentation.Entities.ColorTimingTransientEntity:OnShow (object) (at Assets/Game/Scripts/ColorTiming/Presentation/Entities/GfTransientEntityService.cs:119)
UnityGameFramework.Runtime.Entity:OnShow (object) (at Assets/Plugins/UnityGameFramework/Scripts/Runtime/Entity/Entity.cs:166)
GameFramework.Entity.EntityManager:InternalShowEntity (int,string,GameFramework.Entity.EntityManager/EntityGroup,object,bool,single,object) (at Assets/Plugins/UnityGameFramework/GameFramework/Entity/EntityManager.cs:1179)
GameFramework.Entity.EntityManager:ShowEntity (int,string,string,int,object) (at Assets/Plugins/UnityGameFramework/GameFramework/Entity/EntityManager.cs:655)
UnityGameFramework.Runtime.EntityComponent:ShowEntity (int,System.Type,string,string,int,object) (at Assets/Plugins/UnityGameFramework/Scripts/Runtime/Entity/EntityComponent.cs:494)
UnityGameFramework.Runtime.EntityComponent:ShowEntity<ColorTiming.Presentation.Entities.ColorTimingTransientEntity> (int,string,string,int,object) (at Assets/Plugins/UnityGameFramework/Scripts/Runtime/Entity/EntityComponent.cs:474)
EntityExtension:ShowEntity<ColorTiming.Presentation.Entities.ColorTimingTransientEntity> (UnityGameFramework.Runtime.EntityComponent,string,string,int,int,object) (at Assets/Game/Scripts/Extension/EntityExtension.cs:47)
EntityExtension:ShowEntity<ColorTiming.Presentation.Entities.ColorTimingTransientEntity> (UnityGameFramework.Runtime.EntityComponent,string,string,int,object) (at Assets/Game/Scripts/Extension/EntityExtension.cs:59)
ColorTiming.Presentation.Entities.GfTransientEntityService:Spawn (string,UnityEngine.Vector3,UnityEngine.Quaternion,UnityEngine.Transform,System.Action`1<UnityEngine.GameObject>) (at Assets/Game/Scripts/ColorTiming/Presentation/Entities/GfTransientEntityService.cs:66)
HeroFrireSystem:CreateSkill (UnityEngine.GameObject,Weapon,UnityEngine.Vector3,int,string,UnityEngine.Transform) (at Assets/Game/Scripts/ColorTiming/Legacy/HeroFrireSystem.cs:134)
HeroFrireSystem:OnFire (Weapon,single,string) (at Assets/Game/Scripts/ColorTiming/Legacy/HeroFrireSystem.cs:108)
HeroController:Attack (string) (at Assets/Game/Scripts/ColorTiming/Legacy/HeroController.cs:329)
UnityEngine.Events.InvokableCall`1<string>:Invoke (string)
UnityEngine.Events.UnityEvent`1<string>:Invoke (string)
HeroAnimStae:Attack (string) (at Assets/Game/Scripts/ColorTiming/Legacy/HeroAnimStae.cs:132)
ColorTiming.Tests.PlayMode.WeaponAnimationEventExecutionPlayModeTests/<ExecuteAndAssert>d__7:MoveNext () (at Assets/Game/Tests/ColorTiming/PlayMode/WeaponAnimationEventExecutionPlayModeTests.cs:143)
UnityEngine.TestTools.TestEnumerator/<Execute>d__7:MoveNext () (at ./Library/PackageCache/com.unity.test-framework@1.4.6/UnityEngine.TestRunner/NUnitExtensions/Attributes/TestEnumerator.cs:44)
UnityEngine.TestTools.EnumerableTestMethodCommand/<ExecuteEnumerableAndRecordExceptions>d__4:MoveNext () (at ./Library/PackageCache/com.unity.test-framework@1.4.6/UnityEngine.TestRunner/NUnitExtensions/Commands/EnumerableTestMethodCommand.cs:79)
UnityEngine.SetupCoroutine:InvokeMoveNext (System.Collections.IEnumerator,intptr)

(Filename: Assets/Game/Scripts/ColorTiming/Legacy/Skill/Skill_Zhadan.cs Line: 67)

Unloading 0 Unused Serialized files (Serialized files now loaded: 0)
Unloading 0 unused Assets / (0 B). Loaded Objects now: 16499.
Memory consumption went from 2.72 GB to 2.72 GB.
Total: 7.049500 ms (FindLiveObjects: 0.941900 ms CreateObjectMapping: 0.528300 ms MarkObjects: 5.553600 ms  DeleteObjects: 0.024600 ms)

Loaded scene 'Assets/Game/Scene/StartMenu.unity'
	Deserialize:            0.966 ms
	Integration:            0.716 ms
	Integration of assets:  0.002 ms
	Thread Wait Time:       30.162 ms
	Total Operation Time:   31.846 ms
There are 2 event systems in the scene. Please ensure there is always exactly one event system in the scene
UnityEngine.StackTraceUtility:ExtractStackTrace ()
UnityEngine.DebugLogHandler:LogFormat (UnityEngine.LogType,UnityEngine.Object,string,object[])
UnityEngine.Logger:Log (UnityEngine.LogType,object)
UnityEngine.Debug:LogWarning (object)
UnityEngine.EventSystems.EventSystem:Update () (at ./Library/PackageCache/com.unity.ugui@1.0.0/Runtime/EventSystem/EventSystem.cs:543)

(Filename: ./Library/PackageCache/com.unity.ugui@1.0.0/Runtime/EventSystem/EventSystem.cs Line: 543)

Unloading 2 Unused Serialized files (Serialized files now loaded: 0)
Unloading 3505 unused Assets / (1.58 GB). Loaded Objects now: 12008.
Memory consumption went from 2.72 GB to 1.14 GB.
Total: 57.123500 ms (FindLiveObjects: 0.819900 ms CreateObjectMapping: 0.537800 ms MarkObjects: 5.685700 ms  DeleteObjects: 50.078500 ms)

Saving results to: C:/Users/WIN10/AppData/LocalLow/DefaultCompany/GameDesinger\TestResults.xml
Saving results to: D:\unity\UnityProject\ColorTimeing\New\_ColorTiming_PlayModeVerification_20260824b\playmode-14-final3.xml
ColorTiming PlayMode evidence saved: 14/14 passed, 0 failed.
UnityEngine.StackTraceUtility:ExtractStackTrace ()
UnityEngine.DebugLogHandler:LogFormat (UnityEngine.LogType,UnityEngine.Object,string,object[])
UnityEngine.Logger:Log (UnityEngine.LogType,object)
UnityEngine.Debug:Log (object)
ColorTiming.Editor.ColorTimingTestEvidence/EvidenceCallbacks:RunFinished (UnityEditor.TestTools.TestRunner.Api.ITestResultAdaptor) (at Assets/Game/Editor/ColorTimingMigration/ColorTimingTestEvidence.cs:91)
UnityEditor.TestTools.TestRunner.Api.CallbacksDelegator/<>c__DisplayClass9_0:<RunFinished>b__0 (UnityEditor.TestTools.TestRunner.Api.ICallbacks) (at ./Library/PackageCache/com.unity.test-framework@1.4.6/UnityEditor.TestRunner/Api/CallbacksDelegator.cs:55)
UnityEditor.TestTools.TestRunner.Api.CallbacksDelegator:TryInvokeAllCallbacks (System.Action`1<UnityEditor.TestTools.TestRunner.Api.ICallbacks>) (at ./Library/PackageCache/com.unity.test-framework@1.4.6/UnityEditor.TestRunner/Api/CallbacksDelegator.cs:135)
UnityEditor.TestTools.TestRunner.Api.CallbacksDelegator:RunFinished (NUnit.Framework.Interfaces.ITestResult) (at ./Library/PackageCache/com.unity.test-framework@1.4.6/UnityEditor.TestRunner/Api/CallbacksDelegator.cs:55)
UnityEngine.Events.InvokableCall`1<NUnit.Framework.Interfaces.ITestResult>:Invoke (NUnit.Framework.Interfaces.ITestResult)
UnityEngine.Events.UnityEvent`1<NUnit.Framework.Interfaces.ITestResult>:Invoke (NUnit.Framework.Interfaces.ITestResult)
UnityEngine.Events.InvokableCall`1<NUnit.Framework.Interfaces.ITestResult>:Invoke (NUnit.Framework.Interfaces.ITestResult)
UnityEngine.Events.UnityEvent`1<NUnit.Framework.Interfaces.ITestResult>:Invoke (NUnit.Framework.Interfaces.ITestResult)
UnityEngine.TestTools.TestRunner.PlaymodeTestsController/<TestRunnerCoroutine>d__24:MoveNext () (at ./Library/PackageCache/com.unity.test-framework@1.4.6/UnityEngine.TestRunner/TestRunner/PlaymodeTestsController.cs:109)
UnityEngine.SetupCoroutine:InvokeMoveNext (System.Collections.IEnumerator,intptr)

(Filename: Assets/Game/Editor/ColorTimingMigration/ColorTimingTestEvidence.cs Line: 91)

There are 2 event systems in the scene. Please ensure there is always exactly one event system in the scene
UnityEngine.StackTraceUtility:ExtractStackTrace ()
UnityEngine.DebugLogHandler:LogFormat (UnityEngine.LogType,UnityEngine.Object,string,object[])
UnityEngine.Logger:Log (UnityEngine.LogType,object)
UnityEngine.Debug:LogWarning (object)
UnityEngine.EventSystems.EventSystem:Update () (at ./Library/PackageCache/com.unity.ugui@1.0.0/Runtime/EventSystem/EventSystem.cs:543)

(Filename: ./Library/PackageCache/com.unity.ugui@1.0.0/Runtime/EventSystem/EventSystem.cs Line: 543)

[PhysX] Initialized MultithreadedTaskDispatcher with 20 workers.
Unloading 0 Unused Serialized files (Serialized files now loaded: 0)
Loaded scene 'Temp/__Backupscenes/0.backup'
	Deserialize:            0.488 ms
	Integration:            228.276 ms
	Integration of assets:  0.002 ms
	Thread Wait Time:       0.006 ms
	Total Operation Time:   228.772 ms
Unloading 130 unused Assets / (0.9 MB). Loaded Objects now: 10864.
Memory consumption went from 0.96 GB to 0.95 GB.
Total: 8.016200 ms (FindLiveObjects: 0.592500 ms CreateObjectMapping: 0.392300 ms MarkObjects: 6.198100 ms  DeleteObjects: 0.832600 ms)

[Licensing::Client] Successfully resolved entitlement details
Executing IPostBuildCleanup for: Unity.PerformanceTesting.Editor.TestRunBuilder.
UnityEngine.StackTraceUtility:ExtractStackTrace ()
UnityEngine.DebugLogHandler:LogFormat (UnityEngine.LogType,UnityEngine.Object,string,object[])
UnityEngine.Logger:Log (UnityEngine.LogType,object)
UnityEngine.Debug:Log (object)
UnityEditor.TestTools.TestRunner.TestRun.Tasks.BuildActionTaskBase`1/<ExecuteMethods>d__8<UnityEngine.TestTools.IPostBuildCleanup>:MoveNext () (at ./Library/PackageCache/com.unity.test-framework@1.4.6/UnityEditor.TestRunner/TestRun/Tasks/BuildActionTaskBase.cs:51)
UnityEditor.TestTools.TestRunner.TestRun.Tasks.BuildActionTaskBase`1/<Execute>d__7<UnityEngine.TestTools.IPostBuildCleanup>:MoveNext () (at ./Library/PackageCache/com.unity.test-framework@1.4.6/UnityEditor.TestRunner/TestRun/Tasks/BuildActionTaskBase.cs:35)
UnityEditor.TestTools.TestRunner.TestRun.TestJobRunner:ExecuteStep () (at ./Library/PackageCache/com.unity.test-framework@1.4.6/UnityEditor.TestRunner/TestRun/TestJobRunner.cs:173)
UnityEditor.TestTools.TestRunner.TestRun.TestJobRunner:ExecuteCallback () (at ./Library/PackageCache/com.unity.test-framework@1.4.6/UnityEditor.TestRunner/TestRun/TestJobRunner.cs:108)
UnityEditor.EditorApplication:Internal_CallUpdateFunctions ()

(Filename: ./Library/PackageCache/com.unity.test-framework@1.4.6/UnityEditor.TestRunner/TestRun/Tasks/BuildActionTaskBase.cs Line: 51)

Asset Pipeline Refresh (id=c825f465bce0b994c96b2e2d9a33fdba): Total: 0.010 seconds - Initiated by RefreshV2(NoUpdateAssetOptions)
[PhysX] Initialized MultithreadedTaskDispatcher with 20 workers.
Unloading 0 Unused Serialized files (Serialized files now loaded: 0)
Unloading 0 unused Assets / (0 B). Loaded Objects now: 10869.
Memory consumption went from 0.54 GB to 0.54 GB.
Total: 6.862500 ms (FindLiveObjects: 0.423400 ms CreateObjectMapping: 0.289400 ms MarkObjects: 6.133700 ms  DeleteObjects: 0.015500 ms)

Refreshing native plugins compatible for Editor in 5.39 ms, found 5 plugins.
Preloading 0 native plugins for Editor in 0.00 ms.
Asset Pipeline Refresh (id=7ddaa288244c91d4e88e07225101a4ee): Total: 0.081 seconds - Initiated by StopAssetImportingV2(NoUpdateAssetOptions)
DisplayProgressbar: Undo
Test run completed. Exiting with code 0 (Ok). Run completed.
UnityEngine.StackTraceUtility:ExtractStackTrace ()
UnityEngine.DebugLogHandler:LogFormat (UnityEngine.LogType,UnityEngine.Object,string,object[])
UnityEngine.Logger:Log (UnityEngine.LogType,object)
UnityEngine.Debug:Log (object)
UnityEditor.TestTools.TestRunner.CommandLineTest.Executer:ExitApplication (UnityEditor.TestTools.TestRunner.CommandLineTest.Executer/ReturnCodes,string) (at ./Library/PackageCache/com.unity.test-framework@1.4.6/UnityEditor.TestRunner/CommandLineTest/Executer.cs:81)
UnityEditor.TestTools.TestRunner.CommandLineTest.Executer:ExitIfRunIsCompleted () (at ./Library/PackageCache/com.unity.test-framework@1.4.6/UnityEditor.TestRunner/CommandLineTest/Executer.cs:74)
UnityEditor.EditorApplication:Internal_CallUpdateFunctions ()

(Filename: ./Library/PackageCache/com.unity.test-framework@1.4.6/UnityEditor.TestRunner/CommandLineTest/Executer.cs Line: 81)

Start importing ProjectSettings/ProjectSettings.asset using Guid(00000000000000004000000000000000) Importer(-1,00000000000000000000000000000000) [PhysX] Initialized MultithreadedTaskDispatcher with 20 workers.
 -> (artifact id: '03862eaa66e6a8e25303cadf08670967') in 0.006129 seconds
Refreshing native plugins compatible for Editor in 5.73 ms, found 5 plugins.
Preloading 0 native plugins for Editor in 0.00 ms.
Asset Pipeline Refresh (id=2556369feb364f54aab630e346776fb8): Total: 0.049 seconds - Initiated by StopAssetImportingV2(NoUpdateAssetOptions)
[PhysX] Initialized MultithreadedTaskDispatcher with 20 workers.
Input System module state changed to: ShutdownInProgress.
Input System polling thread exited.
Input System module state changed to: Shutdown.
[Licensing::IpcConnector] LicenseClient-WIN10-2022.3.62-notifications channel disconnected successfully.
[Licensing::IpcConnector] LicenseClient-WIN10-2022.3.62 channel disconnected successfully.
Cleanup mono
[Performance] WinEditorMain                                                                                                                        :        1 samples, Peak.   734 ms (1.0x), Avg.   734 ms, Total. 733.7 ms (0.7%)
[Performance] WinEditorMain.ConfigureCrashHandler                                                                                                  :        1 samples, Peak.  17.5 us (1.0x), Avg.  17.5 us, Total. 17.50 us (0.0%)
[Performance] WinEditorMain.CurlRequestInitialize                                                                                                  :        1 samples, Peak.  1.10 ms (1.0x), Avg.  1.10 ms, Total. 1.105 ms (0.0%)
[Performance] WinEditorMain.SetupLogFile                                                                                                           :        1 samples, Peak.   212 us (1.0x), Avg.   212 us, Total. 211.9 us (0.0%)
[Performance] WinEditorMain.RunNativeTestsIfRequiredAndExit                                                                                        :        1 samples, Peak. 0.0 (-nan(ind)x), Avg. 0.0, Total. 0.0 (0.0%)
[Performance] WinEditorMain.Licensing                                                                                                              :        1 samples, Peak.   699 ms (1.0x), Avg.   699 ms, Total. 699.1 ms (0.7%)
[Performance] WinEditorMain.InitializeCrashHandler                                                                                                 :        1 samples, Peak.  13.0 ms (1.0x), Avg.  13.0 ms, Total. 12.98 ms (0.0%)
[Performance] WinEditorMain.CreateApplication                                                                                                      :        1 samples, Peak.  15.6 ms (1.0x), Avg.  15.6 ms, Total. 15.57 ms (0.0%)
[Performance] Application.InitializeProject                                                                                                        :        1 samples, Peak.  8.42 s (1.0x), Avg.  8.42 s, Total. 8.421 s (8.1%)
[Performance] Application.PackageManager.StartServer                                                                                               :        1 samples, Peak.  8.70 ms (1.0x), Avg.  8.70 ms, Total. 8.695 ms (0.0%)
[Performance] Application.AcquireProjectLock                                                                                                       :        1 samples, Peak.  7.70 ms (1.0x), Avg.  7.70 ms, Total. 7.701 ms (0.0%)
[Performance] Application.InitializeEngineNoGraphics                                                                                               :        1 samples, Peak.  40.0 ms (1.0x), Avg.  40.0 ms, Total. 39.95 ms (0.0%)
[Performance] Application.PackageManager.Initialize                                                                                                :        1 samples, Peak.   240 ms (1.0x), Avg.   240 ms, Total. 240.1 ms (0.2%)
[Performance] Connecting to Package Manager                                                                                                        :       25 samples, Peak.  59.0 us (19.3x), Avg.  3.06 us, Total. 76.40 us (0.0%)
[Performance] Application.EngineGraphics.Initialize                                                                                                :        1 samples, Peak.   232 ms (1.0x), Avg.   232 ms, Total. 232.3 ms (0.2%)
[Performance] Application.GI.Initialize                                                                                                            :        1 samples, Peak.  4.94 ms (1.0x), Avg.  4.94 ms, Total. 4.939 ms (0.0%)
[Performance] Application.LoadAllDefaultResourcesFromEditor                                                                                        :        1 samples, Peak.  1.42 ms (1.0x), Avg.  1.42 ms, Total. 1.418 ms (0.0%)
[Performance] Application.LoadMonoAssemblies                                                                                                       :        1 samples, Peak.   348 ms (1.0x), Avg.   348 ms, Total. 347.6 ms (0.3%)
[Performance] RestoreManagedReferences                                                                                                             :        3 samples, Peak.  51.9 ms (1.5x), Avg.  34.4 ms, Total. 103.1 ms (0.1%)
[Performance] InitializeOnLoad DrivenRectTransformUndo                                                                                             :        3 samples, Peak.   350 us (1.0x), Avg.   341 us, Total. 1.022 ms (0.0%)
[Performance] InitializeOnLoad SceneSearch                                                                                                         :        3 samples, Peak.   201 us (1.7x), Avg.   118 us, Total. 355.3 us (0.0%)
[Performance] InitializeOnLoad CloudBuild                                                                                                          :        3 samples, Peak.  3.50 us (1.2x), Avg.  2.87 us, Total. 8.600 us (0.0%)
[Performance] InitializeOnLoad NativeFormatImporterUtility                                                                                         :        3 samples, Peak.  1.75 ms (1.3x), Avg.  1.34 ms, Total. 4.024 ms (0.0%)
[Performance] InitializeOnLoad SearchService                                                                                                       :        3 samples, Peak.  80.2 us (1.1x), Avg.  76.1 us, Total. 228.2 us (0.0%)
[Performance] InitializeOnLoad SettingsService                                                                                                     :        3 samples, Peak.  7.60 us (1.2x), Avg.  6.37 us, Total. 19.10 us (0.0%)
[Performance] InitializeOnLoad WindowLayout                                                                                                        :        3 samples, Peak.   607 us (1.6x), Avg.   376 us, Total. 1.127 ms (0.0%)
[Performance] InitializeOnLoad AssetStoreContext                                                                                                   :        3 samples, Peak.  15.1 ms (2.3x), Avg.  6.58 ms, Total. 19.73 ms (0.0%)
[Performance] InitializeOnLoad PoolManager                                                                                                         :        3 samples, Peak.   360 us (1.0x), Avg.   349 us, Total. 1.048 ms (0.0%)
[Performance] InitializeOnLoad MixerEffectDefinitionReloader                                                                                       :        3 samples, Peak.  1.74 ms (1.5x), Avg.  1.19 ms, Total. 3.557 ms (0.0%)
[Performance] InitializeOnLoad ProjectSearch                                                                                                       :        3 samples, Peak.  40.7 us (1.0x), Avg.  39.5 us, Total. 118.5 us (0.0%)
[Performance] InitializeOnLoad UISystemProfilerRenderService                                                                                       :        3 samples, Peak.  6.10 us (1.1x), Avg.  5.33 us, Total. 16.00 us (0.0%)
[Performance] InitializeOnLoad EditMode                                                                                                            :        3 samples, Peak.   258 us (1.1x), Avg.   233 us, Total. 697.9 us (0.0%)
[Performance] InitializeOnLoad UnityConnect                                                                                                        :        3 samples, Peak.  35.2 us (1.1x), Avg.  33.4 us, Total. 100.3 us (0.0%)
[Performance] InitializeOnLoad ManagedDebugger                                                                                                     :        3 samples, Peak.   373 us (2.1x), Avg.   178 us, Total. 535.1 us (0.0%)
[Performance] InitializeOnLoad ShortcutIntegration                                                                                                 :        3 samples, Peak.  35.1 us (1.0x), Avg.  33.4 us, Total. 100.3 us (0.0%)
[Performance] InitializeOnLoad AddComponentWindow                                                                                                  :        3 samples, Peak.  75.4 us (1.1x), Avg.  68.1 us, Total. 204.2 us (0.0%)
[Performance] InitializeOnLoad ManagedDebuggerWindow                                                                                               :        3 samples, Peak.  77.9 us (1.0x), Avg.  76.6 us, Total. 229.9 us (0.0%)
[Performance] InitializeOnLoad CacheServerWindow                                                                                                   :        3 samples, Peak.  5.90 us (1.2x), Avg.  4.97 us, Total. 14.90 us (0.0%)
[Performance] InitializeOnLoad PlayModeDownload                                                                                                    :        3 samples, Peak.  4.14 ms (2.8x), Avg.  1.50 ms, Total. 4.494 ms (0.0%)
[Performance] InitializeOnLoad MenuItems                                                                                                           :        3 samples, Peak.  62.6 us (1.1x), Avg.  54.6 us, Total. 163.7 us (0.0%)
[Performance] InitializeOnLoad PrefabInstanceChangedListener                                                                                       :        3 samples, Peak.  78.0 us (1.0x), Avg.  77.7 us, Total. 233.0 us (0.0%)
[Performance] InitializeOnLoad ObjectSelectorSearch                                                                                                :        3 samples, Peak.  59.2 us (1.7x), Avg.  35.2 us, Total. 105.7 us (0.0%)
[Performance] InitializeOnLoad EditorMonitor                                                                                                       :        3 samples, Peak.   462 us (1.2x), Avg.   382 us, Total. 1.145 ms (0.0%)
[Performance] InitializeOnLoad RetainedMode                                                                                                        :        3 samples, Peak.  1.39 ms (1.1x), Avg.  1.27 ms, Total. 3.814 ms (0.0%)
[Performance] InitializeOnLoad EditorShaderLoader                                                                                                  :        3 samples, Peak.   377 us (1.1x), Avg.   355 us, Total. 1.066 ms (0.0%)
[Performance] InitializeOnLoad EditorDelegateRegistration                                                                                          :        3 samples, Peak.   370 us (1.2x), Avg.   311 us, Total. 934.3 us (0.0%)
[Performance] InitializeOnLoad UIDocumentHierarchyWatcher                                                                                          :        3 samples, Peak.  42.8 us (1.0x), Avg.  41.1 us, Total. 123.3 us (0.0%)
[Performance] InitializeOnLoad LiveReloadTrackerCreator                                                                                            :        3 samples, Peak.   108 us (1.1x), Avg.  94.5 us, Total. 283.4 us (0.0%)
[Performance] InitializeOnLoad UxmlObjectEditorFactories                                                                                           :        3 samples, Peak.   298 us (1.1x), Avg.   275 us, Total. 825.2 us (0.0%)
[Performance] InitializeOnLoad UXMLEditorFactories                                                                                                 :        3 samples, Peak.  37.2 ms (1.1x), Avg.  34.7 ms, Total. 104.2 ms (0.1%)
[Performance] InitializeOnLoad PurchasingService                                                                                                   :        3 samples, Peak.  3.92 ms (1.0x), Avg.  3.87 ms, Total. 11.62 ms (0.0%)
[Performance] InitializeOnLoad CloudBuildPoller                                                                                                    :        3 samples, Peak.  80.1 us (1.1x), Avg.  74.1 us, Total. 222.2 us (0.0%)
[Performance] InitializeOnLoad EditorGameServicesAnalytics                                                                                         :        3 samples, Peak.  1.04 ms (2.0x), Avg.   525 us, Total. 1.576 ms (0.0%)
[Performance] InitializeOnLoad AnalyticsService                                                                                                    :        3 samples, Peak.   107 us (1.0x), Avg.   105 us, Total. 316.0 us (0.0%)
[Performance] InitializeOnLoad BuildService                                                                                                        :        3 samples, Peak.  88.1 us (1.0x), Avg.  86.8 us, Total. 260.5 us (0.0%)
[Performance] InitializeOnLoad AdsService                                                                                                          :        3 samples, Peak.   269 us (1.1x), Avg.   248 us, Total. 742.8 us (0.0%)
[Performance] InitializeOnLoad UDPService                                                                                                          :        3 samples, Peak.  89.7 us (1.1x), Avg.  84.9 us, Total. 254.8 us (0.0%)
[Performance] InitializeOnLoad CrashService                                                                                                        :        3 samples, Peak.  84.1 us (1.1x), Avg.  79.2 us, Total. 237.7 us (0.0%)
[Performance] InitializeOnLoad ServicesRepository                                                                                                  :        3 samples, Peak.   800 ns (1.7x), Avg.   467 ns, Total. 1.400 us (0.0%)
[Performance] InitializeOnLoad SearchWindow                                                                                                        :        3 samples, Peak.   124 us (1.3x), Avg.  93.4 us, Total. 280.1 us (0.0%)
[Performance] InitializeOnLoad CustomIndexers                                                                                                      :        3 samples, Peak.  10.4 ms (1.1x), Avg.  9.05 ms, Total. 27.14 ms (0.0%)
[Performance] InitializeOnLoad SearchMonitor                                                                                                       :        3 samples, Peak.   609 us (1.1x), Avg.   541 us, Total. 1.622 ms (0.0%)
[Performance] InitializeOnLoad ParameterControllerEditor                                                                                           :        3 samples, Peak.  11.7 us (1.1x), Avg.  10.5 us, Total. 31.50 us (0.0%)
[Performance] InitializeOnLoad LayerSettingsWindow                                                                                                 :        3 samples, Peak.  15.9 us (1.4x), Avg.  11.4 us, Total. 34.10 us (0.0%)
[Performance] InitializeOnLoad PackageManagerHookGUIDConverter.RegisterPackagesEventHandler                                                        :        3 samples, Peak.   457 us (2.0x), Avg.   233 us, Total. 698.4 us (0.0%)
[Performance] InitializeOnLoad EditorDragAndDrop.RegisterEditorClient                                                                              :        3 samples, Peak.   169 us (1.1x), Avg.   148 us, Total. 444.7 us (0.0%)
[Performance] InitializeOnLoad EditorEventCallbacks.InitializeFontAssetResourceChangeCallBacks                                                     :        3 samples, Peak.   614 us (1.0x), Avg.   599 us, Total. 1.798 ms (0.0%)
[Performance] InitializeOnLoad SceneTemplateService.Init                                                                                           :        3 samples, Peak.   619 us (1.3x), Avg.   490 us, Total. 1.470 ms (0.0%)
[Performance] InitializeOnLoad DiagnosticSwitchesConsoleMessage.Init                                                                               :        3 samples, Peak.  8.98 ms (1.5x), Avg.  6.04 ms, Total. 18.11 ms (0.0%)
[Performance] InitializeOnLoad MemoryProfilerCompilationGuard.InjectCompileGuard                                                                   :        3 samples, Peak.   144 us (1.4x), Avg.  99.7 us, Total. 299.1 us (0.0%)
[Performance] InitializeOnLoad EditorWindow.Initialize                                                                                             :        3 samples, Peak.   189 us (1.3x), Avg.   140 us, Total. 420.4 us (0.0%)
[Performance] InitializeOnLoad AssetPostprocessingInternal.RefreshCustomDependencies                                                               :        3 samples, Peak.  2.11 ms (1.3x), Avg.  1.61 ms, Total. 4.843 ms (0.0%)
[Performance] InitializeOnLoad SysrootManager.Initialize                                                                                           :        3 samples, Peak.   268 us (1.1x), Avg.   244 us, Total. 730.9 us (0.0%)
[Performance] InitializeOnLoad PackageManagerWindow.EditorInitializedInSafeMode                                                                    :        3 samples, Peak.  14.7 ms (3.0x), Avg.  4.97 ms, Total. 14.92 ms (0.0%)
[Performance] InitializeOnLoad ToolShortcutContext.Init                                                                                            :        3 samples, Peak.   103 us (1.1x), Avg.  91.1 us, Total. 273.2 us (0.0%)
[Performance] InitializeOnLoad SceneVisibilityManager.Initialize                                                                                   :        3 samples, Peak.  3.03 ms (2.2x), Avg.  1.35 ms, Total. 4.051 ms (0.0%)
[Performance] InitializeOnLoad ScopedRegistryAddedPopup.SubscribeToRegistriesAdded                                                                 :        3 samples, Peak.  5.29 ms (1.6x), Avg.  3.26 ms, Total. 9.790 ms (0.0%)
[Performance] AssemblyReloadEvents.afterAssemblyReload: UnityEditor.SceneTemplate.SceneTemplateService.AfterAssemblyReload                         :        3 samples, Peak.   712 us (1.2x), Avg.   570 us, Total. 1.711 ms (0.0%)
[Performance] ProcessService.EditorAfterLoadAllAssemblies                                                                                          :        3 samples, Peak.   240 us (1.1x), Avg.   216 us, Total. 648.9 us (0.0%)
[Performance] Application.ReadLicenseInfo                                                                                                          :        1 samples, Peak.  14.7 ms (1.0x), Avg.  14.7 ms, Total. 14.69 ms (0.0%)
[Performance] Application.InitialRefresh                                                                                                           :        1 samples, Peak.  6.72 s (1.0x), Avg.  6.72 s, Total. 6.719 s (6.5%)
[Performance] Compiling Scripts                                                                                                                    :        1 samples, Peak.   668 ms (1.0x), Avg.   668 ms, Total. 668.2 ms (0.6%)
[Performance] AssemblyReloadEvents.beforeAssemblyReload: UnityEditor.SceneTemplate.SceneTemplateService.BeforeAssemblyReload                       :        2 samples, Peak.   355 us (1.4x), Avg.   258 us, Total. 516.1 us (0.0%)
[Performance] InitializeOnLoad BurstLoader                                                                                                         :        2 samples, Peak.  2.40 s (2.0x), Avg.  1.21 s, Total. 2.414 s (2.3%)
[Performance] InitializeOnLoad ShadowCasterGroup2DManager                                                                                          :        2 samples, Peak.   274 us (1.7x), Avg.   164 us, Total. 328.6 us (0.0%)
[Performance] InitializeOnLoad OnDomainReload                                                                                                      :        2 samples, Peak.   371 us (1.1x), Avg.   342 us, Total. 683.0 us (0.0%)
[Performance] InitializeOnLoad EditorInitialize                                                                                                    :        8 samples, Peak.  10.2 ms (3.7x), Avg.  2.73 ms, Total. 21.84 ms (0.0%)
[Performance] InitializeOnLoad CanvasesAndTheirOwners                                                                                              :        2 samples, Peak.   146 us (1.2x), Avg.   125 us, Total. 249.7 us (0.0%)
[Performance] InitializeOnLoad UnityTestProtocolStarter                                                                                            :        2 samples, Peak.   374 us (1.4x), Avg.   272 us, Total. 544.3 us (0.0%)
[Performance] InitializeOnLoad TestRunnerInitializer                                                                                               :        2 samples, Peak.  2.40 ms (1.1x), Avg.  2.11 ms, Total. 4.219 ms (0.0%)
[Performance] InitializeOnLoad ProbeGIBaking                                                                                                       :        2 samples, Peak.  1.87 ms (1.1x), Avg.  1.70 ms, Total. 3.396 ms (0.0%)
[Performance] InitializeOnLoad FilterWindow                                                                                                        :        2 samples, Peak.  57.8 us (1.4x), Avg.  42.5 us, Total. 85.00 us (0.0%)
[Performance] InitializeOnLoad RealtimeProbeSubdivisionDebug                                                                                       :        2 samples, Peak.  61.8 us (1.1x), Avg.  55.1 us, Total. 110.2 us (0.0%)
[Performance] InitializeOnLoad CinemachineStoryboardMute                                                                                           :        2 samples, Peak.   261 us (1.1x), Avg.   243 us, Total. 486.7 us (0.0%)
[Performance] InitializeOnLoad SaveDuringPlay                                                                                                      :        2 samples, Peak.  49.0 us (1.0x), Avg.  47.8 us, Total. 95.50 us (0.0%)
[Performance] InitializeOnLoad CollectGizmoDrawers                                                                                                 :        2 samples, Peak.  15.4 ms (1.1x), Avg.  14.5 ms, Total. 28.95 ms (0.0%)
[Performance] InitializeOnLoad CinemachineScreenComposerGuidesGlobalDraggable                                                                      :        2 samples, Peak.   265 us (1.0x), Avg.   256 us, Total. 511.2 us (0.0%)
[Performance] InitializeOnLoad CinemachineEditorAnalytics                                                                                          :        2 samples, Peak.  34.1 us (1.0x), Avg.  34.0 us, Total. 67.90 us (0.0%)
[Performance] InitializeOnLoad CreateRigWithUndo                                                                                                   :        2 samples, Peak.   110 us (1.1x), Avg.   101 us, Total. 201.5 us (0.0%)
[Performance] InitializeOnLoad CreatePipelineWithUndo                                                                                              :        2 samples, Peak.  98.8 us (1.1x), Avg.  94.0 us, Total. 188.0 us (0.0%)
[Performance] InitializeOnLoad SyncCacheEnabledSetting                                                                                             :        2 samples, Peak.   480 us (1.1x), Avg.   447 us, Total. 893.9 us (0.0%)
[Performance] InitializeOnLoad CinemachineColliderPrefs                                                                                            :        2 samples, Peak.   149 us (1.1x), Avg.   131 us, Total. 261.4 us (0.0%)
[Performance] InitializeOnLoad EditorToolManager                                                                                                   :        4 samples, Peak.  1.24 ms (2.1x), Avg.   601 us, Total. 2.405 ms (0.0%)
[Performance] InitializeOnLoad GetIl2CppFolderHook                                                                                                 :        2 samples, Peak.  6.60 ms (1.0x), Avg.  6.42 ms, Total. 12.84 ms (0.0%)
[Performance] InitializeOnLoad CopyStrippedAOTAssembliesHook                                                                                       :        2 samples, Peak.   973 us (1.2x), Avg.   821 us, Total. 1.643 ms (0.0%)
[Performance] InitializeOnLoad SpriteEditorWindow                                                                                                  :        2 samples, Peak.   423 us (1.2x), Avg.   351 us, Total. 701.7 us (0.0%)
[Performance] InitializeOnLoad PrefabLayoutRebuilder                                                                                               :        2 samples, Peak.   196 us (1.1x), Avg.   172 us, Total. 343.5 us (0.0%)
[Performance] InitializeOnLoad UnityEditorToolbar                                                                                                  :        2 samples, Peak.   900 us (1.0x), Avg.   867 us, Total. 1.734 ms (0.0%)
[Performance] InitializeOnLoad NodeClassCache                                                                                                      :        2 samples, Peak.  6.00 us (1.1x), Avg.  5.45 us, Total. 10.90 us (0.0%)
[Performance] InitializeOnLoad ShaderGraphMaterialsUpdater                                                                                         :        4 samples, Peak.   237 us (1.8x), Avg.   134 us, Total. 536.5 us (0.0%)
[Performance] InitializeOnLoad Renderer2DAnalytics                                                                                                 :        2 samples, Peak.  91.5 us (1.2x), Avg.  76.8 us, Total. 153.6 us (0.0%)
[Performance] InitializeOnLoad RiderScriptEditor                                                                                                   :        2 samples, Peak.  6.51 ms (1.0x), Avg.  6.24 ms, Total. 12.48 ms (0.0%)
[Performance] InitializeOnLoad CallbackInitializer                                                                                                 :        2 samples, Peak.  1.03 ms (1.9x), Avg.   555 us, Total. 1.111 ms (0.0%)
[Performance] InitializeOnLoad ColorTimingTestEvidence                                                                                             :        2 samples, Peak.   522 us (1.3x), Avg.   409 us, Total. 818.4 us (0.0%)
[Performance] InitializeOnLoad LoggerScopedInitializer                                                                                             :        2 samples, Peak.   220 us (1.1x), Avg.   208 us, Total. 415.3 us (0.0%)
[Performance] InitializeOnLoad AssemblyChangesLoader                                                                                               :        2 samples, Peak.  93.8 us (1.1x), Avg.  83.0 us, Total. 165.9 us (0.0%)
[Performance] InitializeOnLoad DetourCrashHandler                                                                                                  :        2 samples, Peak.   152 us (1.1x), Avg.   140 us, Total. 279.3 us (0.0%)
[Performance] InitializeOnLoad NewFieldsRendererDefaultEditorPatch                                                                                 :        2 samples, Peak.   180 ms (1.1x), Avg.   163 ms, Total. 325.1 ms (0.3%)
[Performance] InitializeOnLoad ProjectWindowReloadStatusIndicatorDrawer                                                                            :        2 samples, Peak.   980 us (1.1x), Avg.   890 us, Total. 1.780 ms (0.0%)
[Performance] InitializeOnLoad FastScriptReloadManager                                                                                             :        2 samples, Peak.  1.20 us (1.1x), Avg.  1.10 us, Total. 2.200 us (0.0%)
[Performance] InitializeOnLoad DynamicCompilationBase                                                                                              :        2 samples, Peak.  86.8 ms (2.0x), Avg.  43.6 ms, Total. 87.15 ms (0.1%)
[Performance] InitializeOnLoad CustomFileWatcher                                                                                                   :        2 samples, Peak.   108 us (1.2x), Avg.  88.5 us, Total. 177.1 us (0.0%)
[Performance] InitializeOnLoad DotnetExeDynamicCompilation                                                                                         :        2 samples, Peak.   237 ms (1.5x), Avg.   159 ms, Total. 318.5 ms (0.3%)
[Performance] InitializeOnLoad ScriptGenerationOverridesManager                                                                                    :        2 samples, Peak.  1.02 ms (1.2x), Avg.   876 us, Total. 1.753 ms (0.0%)
[Performance] InitializeOnLoad AddInternalsVisibleToForAllUserAssembliesPostProcess                                                                :        2 samples, Peak.   333 us (1.4x), Avg.   234 us, Total. 469.0 us (0.0%)
[Performance] InitializeOnLoad FastScriptReloadWelcomeScreenInitializer                                                                            :        2 samples, Peak.  34.2 ms (1.2x), Avg.  29.3 ms, Total. 58.60 ms (0.1%)
[Performance] InitializeOnLoad PackageEntryPoint                                                                                                   :        2 samples, Peak.  54.3 ms (1.2x), Avg.  44.7 ms, Total. 89.46 ms (0.1%)
[Performance] InitializeOnLoad SpineEditorUtilities                                                                                                :        2 samples, Peak.   204 us (1.1x), Avg.   186 us, Total. 372.7 us (0.0%)
[Performance] InitializeOnLoad BackgroundImport                                                                                                    :        2 samples, Peak.   170 us (1.3x), Avg.   128 us, Total. 255.3 us (0.0%)
[Performance] InitializeOnLoad RegistryService                                                                                                     :        2 samples, Peak.  4.79 ms (1.2x), Avg.  4.00 ms, Total. 7.991 ms (0.0%)
[Performance] InitializeOnLoad BatchJobService                                                                                                     :        2 samples, Peak.  2.33 ms (1.2x), Avg.  2.01 ms, Total. 4.020 ms (0.0%)
[Performance] InitializeOnLoad AsyncJobService                                                                                                     :        2 samples, Peak.   181 us (1.2x), Avg.   146 us, Total. 292.8 us (0.0%)
[Performance] InitializeOnLoad SkillsHttpServer                                                                                                    :        2 samples, Peak.  1.25 ms (1.2x), Avg.  1.01 ms, Total. 2.027 ms (0.0%)
[Performance] InitializeOnLoad VSCodeScriptEditor                                                                                                  :        2 samples, Peak.  5.06 ms (1.3x), Avg.  3.97 ms, Total. 7.944 ms (0.0%)
[Performance] InitializeOnLoad VSUsageUtility                                                                                                      :        2 samples, Peak.  28.3 ms (2.0x), Avg.  14.4 ms, Total. 28.70 ms (0.0%)
[Performance] InitializeOnLoad VisualStudioEditor                                                                                                  :        2 samples, Peak.  6.02 ms (1.3x), Avg.  4.67 ms, Total. 9.348 ms (0.0%)
[Performance] InitializeOnLoad TestRunnerApiListener                                                                                               :        2 samples, Peak.   484 us (1.3x), Avg.   359 us, Total. 719.0 us (0.0%)
[Performance] InitializeOnLoad VisualStudioIntegration                                                                                             :        2 samples, Peak.   629 us (1.4x), Avg.   434 us, Total. 868.7 us (0.0%)
[Performance] InitializeOnLoad SpriteSkinCompositeStartup                                                                                          :        2 samples, Peak.  9.72 ms (1.3x), Avg.  7.23 ms, Total. 14.47 ms (0.0%)
[Performance] InitializeOnLoad VersionValidator                                                                                                    :        2 samples, Peak.  1.20 ms (1.2x), Avg.  1.03 ms, Total. 2.069 ms (0.0%)
[Performance] InitializeOnLoad LogPreferences                                                                                                      :        2 samples, Peak.   201 us (1.3x), Avg.   157 us, Total. 314.1 us (0.0%)
[Performance] InitializeOnLoad DestroyListener                                                                                                     :        2 samples, Peak.   242 us (1.1x), Avg.   214 us, Total. 428.9 us (0.0%)
[Performance] InitializeOnLoad ProGridsInterface                                                                                                   :        2 samples, Peak.  1.47 ms (1.2x), Avg.  1.27 ms, Total. 2.537 ms (0.0%)
[Performance] InitializeOnLoad EntityVisibility                                                                                                    :        2 samples, Peak.   411 us (1.5x), Avg.   268 us, Total. 535.4 us (0.0%)
[Performance] InitializeOnLoad VertexManipulationToolSettings                                                                                      :        2 samples, Peak.  46.1 us (1.2x), Avg.  39.1 us, Total. 78.20 us (0.0%)
[Performance] InitializeOnLoad UndoUtility                                                                                                         :        2 samples, Peak.  65.0 us (1.2x), Avg.  55.8 us, Total. 111.5 us (0.0%)
[Performance] InitializeOnLoad HierarchyListener                                                                                                   :        2 samples, Peak.   128 us (1.1x), Avg.   114 us, Total. 227.9 us (0.0%)
[Performance] InitializeOnLoad Lightmapping                                                                                                        :        2 samples, Peak.  1.34 ms (1.6x), Avg.   827 us, Total. 1.654 ms (0.0%)
[Performance] InitializeOnLoad SceneDragAndDropListener                                                                                            :        2 samples, Peak.   302 us (1.3x), Avg.   234 us, Total. 467.8 us (0.0%)
[Performance] InitializeOnLoad MeshSelection                                                                                                       :        2 samples, Peak.  21.8 ms (1.8x), Avg.  11.9 ms, Total. 23.73 ms (0.0%)
[Performance] InitializeOnLoad UnityInternalsInjector                                                                                              :        2 samples, Peak.  16.6 ms (1.9x), Avg.  8.70 ms, Total. 17.41 ms (0.0%)
[Performance] InitializeOnLoad UVCSToolbarBoostrap                                                                                                 :        2 samples, Peak.  65.9 ms (1.1x), Avg.  58.5 ms, Total. 117.1 ms (0.1%)
[Performance] InitializeOnLoad UnityAnalyticsStorage                                                                                               :        2 samples, Peak.   314 us (1.0x), Avg.   303 us, Total. 605.6 us (0.0%)
[Performance] InitializeOnLoad BoneGizmoInitializer                                                                                                :        2 samples, Peak.  2.06 ms (1.3x), Avg.  1.56 ms, Total. 3.118 ms (0.0%)
[Performance] InitializeOnLoad Analytics                                                                                                           :        2 samples, Peak.   188 us (1.1x), Avg.   174 us, Total. 348.1 us (0.0%)
[Performance] InitializeOnLoad SceneDragAndDrop                                                                                                    :        2 samples, Peak.   122 us (1.0x), Avg.   117 us, Total. 234.2 us (0.0%)
[Performance] InitializeOnLoad SpriteShapeUpdateCache                                                                                              :        2 samples, Peak.   372 us (1.1x), Avg.   332 us, Total. 663.7 us (0.0%)
[Performance] InitializeOnLoad SpriteShapeUnityAnalyticsStorage                                                                                    :        2 samples, Peak.  9.60 us (1.1x), Avg.  8.90 us, Total. 17.80 us (0.0%)
[Performance] InitializeOnLoad IKEditorManager.CreateInstance                                                                                      :        2 samples, Peak.  1.13 ms (1.6x), Avg.   693 us, Total. 1.386 ms (0.0%)
[Performance] InitializeOnLoad __JobReflectionRegistrationOutput__13059449685540781863.EarlyInit                                                   :        2 samples, Peak.   620 us (1.0x), Avg.   609 us, Total. 1.218 ms (0.0%)
[Performance] InitializeOnLoad $BurstDirectCallInitializer.Initialize                                                                              :       14 samples, Peak.  18.3 ms (4.7x), Avg.  3.91 ms, Total. 54.72 ms (0.1%)
[Performance] InitializeOnLoad SceneViewGridManager.Initialize                                                                                     :        2 samples, Peak.  2.71 ms (1.2x), Avg.  2.31 ms, Total. 4.618 ms (0.0%)
[Performance] InitializeOnLoad TilemapPrefabStageHelper.Initialize                                                                                 :        2 samples, Peak.   913 us (1.4x), Avg.   673 us, Total. 1.346 ms (0.0%)
[Performance] InitializeOnLoad SceneViewOpenTilePaletteHelper.Initialize                                                                           :        2 samples, Peak.   709 us (1.6x), Avg.   450 us, Total. 900.8 us (0.0%)
[Performance] InitializeOnLoad TileDragAndDropManager.Initialize                                                                                   :        2 samples, Peak.   457 us (1.8x), Avg.   255 us, Total. 510.4 us (0.0%)
[Performance] InitializeOnLoad UnityConverterInitializer.Init                                                                                      :        2 samples, Peak.  22.9 ms (1.0x), Avg.  22.5 ms, Total. 44.92 ms (0.0%)
[Performance] InitializeOnLoad ProBuilderSettings.SaveSettingsOnExit                                                                               :        2 samples, Peak.  42.3 us (1.1x), Avg.  39.1 us, Total. 78.20 us (0.0%)
[Performance] InitializeOnLoad __JobReflectionRegistrationOutput__12640072059193112690.EarlyInit                                                   :        2 samples, Peak.  1.43 ms (1.0x), Avg.  1.41 ms, Total. 2.823 ms (0.0%)
[Performance] InitializeOnLoad VisualStudioEditor.LegacyVisualStudioCodePackageDisabler                                                            :        2 samples, Peak.  2.56 ms (1.0x), Avg.  2.56 ms, Total. 5.113 ms (0.0%)
[Performance] InitializeOnLoad MaterialReimporter.RegisterUpgraderReimport                                                                         :        4 samples, Peak.   154 us (1.7x), Avg.  89.2 us, Total. 356.8 us (0.0%)
[Performance] InitializeOnLoad PackageManagerHelper.Initialize                                                                                     :        2 samples, Peak.  6.76 ms (1.0x), Avg.  6.71 ms, Total. 13.42 ms (0.0%)
[Performance] InitializeOnLoad DOTweenPresenceDetector.Synchronize                                                                                 :        2 samples, Peak.  3.05 ms (1.1x), Avg.  2.90 ms, Total. 5.799 ms (0.0%)
[Performance] InitializeOnLoad BackgroundImport.Setup                                                                                              :        2 samples, Peak.   431 us (1.2x), Avg.   346 us, Total. 692.9 us (0.0%)
[Performance] InitializeOnLoad CLILeakDetectionSwitcher.SetLeakDetectionModeFromEnvironment                                                        :        2 samples, Peak.   211 us (1.1x), Avg.   197 us, Total. 394.8 us (0.0%)
[Performance] InitializeOnLoad PlayerLoopHelper.InitOnEditor                                                                                       :        2 samples, Peak.  4.22 ms (1.1x), Avg.  3.98 ms, Total. 7.960 ms (0.0%)
[Performance] InitializeOnLoad __JobReflectionRegistrationOutput__1652832624114795843.EarlyInit                                                    :        2 samples, Peak.  2.84 ms (1.1x), Avg.  2.70 ms, Total. 5.393 ms (0.0%)
[Performance] InitializeOnLoad GameDataGenerator.InitEPPlusLicense                                                                                 :        2 samples, Peak.   409 us (1.1x), Avg.   358 us, Total. 715.1 us (0.0%)
[Performance] InitializeOnLoad UIFormBaseInspector.InitEditor                                                                                      :        2 samples, Peak.   147 us (1.1x), Avg.   132 us, Total. 263.2 us (0.0%)
[Performance] InitializeOnLoad DataTableUpdater.Init                                                                                               :        2 samples, Peak.  14.8 ms (1.1x), Avg.  13.3 ms, Total. 26.56 ms (0.0%)
[Performance] InitializeOnLoad EditorToolbarExtension.Init                                                                                         :        2 samples, Peak.   300 ms (1.2x), Avg.   260 ms, Total. 520.2 ms (0.5%)
[Performance] EditorResources.Load                                                                                                                 :      108 samples, Peak.  12.6 ms (92.8x), Avg.   136 us, Total. 14.65 ms (0.0%)
[Performance] InitializeOnLoad UIFormBaseInspector.RebindPropertiesDelay                                                                           :        2 samples, Peak.   338 us (1.1x), Avg.   321 us, Total. 642.9 us (0.0%)
[Performance] InitializeOnLoad UIItemBaseInspector.RebindPropertiesDelay                                                                           :        2 samples, Peak.   489 us (1.4x), Avg.   345 us, Total. 690.4 us (0.0%)
[Performance] InitializeOnLoad ProjectPanelRightClickExtension.TaskRefresh                                                                         :        2 samples, Peak.   266 us (1.0x), Avg.   259 us, Total. 518.3 us (0.0%)
[Performance] InitializeOnLoad TestStarter.Initialize                                                                                              :        2 samples, Peak.  6.43 ms (1.1x), Avg.  5.81 ms, Total. 11.62 ms (0.0%)
[Performance] InitializeOnLoad AnalyticsReporter.RegisterCallbacks                                                                                 :        2 samples, Peak.   316 us (1.2x), Avg.   265 us, Total. 530.1 us (0.0%)
[Performance] InitializeOnLoad TestJobDataHolder.ResumeRunningJobs                                                                                 :        2 samples, Peak.  72.8 ms (2.0x), Avg.  37.0 ms, Total. 73.96 ms (0.1%)
[Performance] InitializeOnLoad DebugManagerWindowLifetimeAnalytic.SubscribeToDebugManagerOpenCloseWindows                                          :        2 samples, Peak.   635 us (1.2x), Avg.   523 us, Total. 1.046 ms (0.0%)
[Performance] InitializeOnLoad CoreRenderPipelinePreferences.InitPreferenceProviders                                                               :        2 samples, Peak.  24.1 ms (1.2x), Avg.  19.3 ms, Total. 38.61 ms (0.0%)
[Performance] InitializeOnLoad VolumeGizmoDrawer.InitVolumeGizmoCallbacks                                                                          :        2 samples, Peak.   269 us (1.0x), Avg.   258 us, Total. 516.2 us (0.0%)
[Performance] DidReloadScriptsCinemachineExtension.OnScriptReload                                                                                  :        2 samples, Peak.   357 us (1.1x), Avg.   318 us, Total. 635.6 us (0.0%)
[Performance] DidReloadScriptsCinemachineVirtualCameraBase.OnScriptReload                                                                          :        2 samples, Peak.   100 us (1.2x), Avg.  84.8 us, Total. 169.5 us (0.0%)
[Performance] DidReloadScriptsTestRunnerWindow.CompilationCallback                                                                                 :        2 samples, Peak.   416 us (1.1x), Avg.   386 us, Total. 771.0 us (0.0%)
[Performance] DidReloadScriptsTestListCache.ScriptReloaded                                                                                         :        2 samples, Peak.  1.14 ms (1.8x), Avg.   637 us, Total. 1.274 ms (0.0%)
[Performance] DidReloadScriptsLookDev.OnEditorReload                                                                                               :        2 samples, Peak.   169 us (1.0x), Avg.   166 us, Total. 331.7 us (0.0%)
[Performance] DidReloadScriptsDebugWindow.OnEditorReload                                                                                           :        2 samples, Peak.  4.77 ms (1.0x), Avg.  4.74 ms, Total. 9.485 ms (0.0%)
[Performance] DidReloadScriptsVolumeComponentEditor.OnEditorReload                                                                                 :        2 samples, Peak.  10.7 ms (1.0x), Avg.  10.3 ms, Total. 20.54 ms (0.0%)
[Performance] DidReloadScriptsAdvancedDropdownWindow.OnScriptReload                                                                                :        2 samples, Peak.   147 us (1.0x), Avg.   147 us, Total. 293.3 us (0.0%)
[Performance] AssemblyReloadEvents.afterAssemblyReload: UnitySkills.SkillsHttpServer.OnAfterAssemblyReload                                         :        2 samples, Peak.   673 us (1.1x), Avg.   593 us, Total. 1.187 ms (0.0%)
[Performance] AssemblyReloadEvents.afterAssemblyReload: UnityEditor.ProBuilder.HierarchyListener.OnAfterAssemblyReload                             :        2 samples, Peak.   201 us (1.1x), Avg.   185 us, Total. 370.6 us (0.0%)
[Performance] AssemblyReloadEvents.afterAssemblyReload: UnityEditor.U2D.Animation.BoneGizmo.OnAfterAssemblyReload                                  :        2 samples, Peak.   526 us (1.1x), Avg.   497 us, Total. 994.1 us (0.0%)
[Performance] CinemachineSettings.OnPostprocessAllAssets                                                                                           :       10 samples, Peak.   194 us (2.7x), Avg.  72.7 us, Total. 726.6 us (0.0%)
[Performance] UniversalRenderPipelineGlobalSettingsPostprocessor.OnPostprocessAllAssets                                                            :       10 samples, Peak.   883 us (3.5x), Avg.   256 us, Total. 2.559 ms (0.0%)
[Performance] SyncVS.PostprocessSyncProject                                                                                                        :        5 samples, Peak.  5.96 ms (1.7x), Avg.  3.41 ms, Total. 17.07 ms (0.0%)
[Performance] Application.ImportPackagesAndSetTemplateWhenCreatingProject                                                                          :        1 samples, Peak.  7.97 ms (1.0x), Avg.  7.97 ms, Total. 7.969 ms (0.0%)
[Performance] Application.SyncCurrentColorSpace                                                                                                    :        1 samples, Peak.   112 ms (1.0x), Avg.   112 ms, Total. 112.3 ms (0.1%)
[Performance] Application.OnUsbDevicesChanged                                                                                                      :        1 samples, Peak.  4.88 ms (1.0x), Avg.  4.88 ms, Total. 4.882 ms (0.0%)
[Performance] Application.AssetInstanceCacheUpdate                                                                                                 :        1 samples, Peak.   600 ns (1.0x), Avg.   600 ns, Total. 600.0 ns (0.0%)
[Performance] Application.UnityExtensions.Initialize                                                                                               :        1 samples, Peak.  6.54 ms (1.0x), Avg.  6.54 ms, Total. 6.541 ms (0.0%)
[Performance] CodeEditorProjectSync.SyncEditorProject                                                                                              :        1 samples, Peak.   310 ms (1.0x), Avg.   310 ms, Total. 309.8 ms (0.3%)
[Performance] Application.ExecuteStartups                                                                                                          :        1 samples, Peak.  75.2 ms (1.0x), Avg.  75.2 ms, Total. 75.23 ms (0.1%)
[Performance] Menu.RegisterMenuInterface                                                                                                           :       26 samples, Peak.  2.00 us (9.5x), Avg.   212 ns, Total. 5.500 us (0.0%)
[Performance] Gizmo.RebuildRenderers                                                                                                               :        4 samples, Peak.  73.4 ms (1.7x), Avg.  43.8 ms, Total. 175.2 ms (0.2%)
[Performance] Gizmo.AddGizmoRenderers                                                                                                              :      728 samples, Peak.   917 us (73.1x), Avg.  12.6 us, Total. 9.142 ms (0.0%)
[Performance] Application.editorInitializingProject                                                                                                :        1 samples, Peak.  12.8 us (1.0x), Avg.  12.8 us, Total. 12.80 us (0.0%)
[Performance] Application.FinishLoadingProject                                                                                                     :        1 samples, Peak.   614 ms (1.0x), Avg.   614 ms, Total. 613.8 ms (0.6%)
[Performance] Application.InitializeMenu                                                                                                           :        1 samples, Peak.   172 ms (1.0x), Avg.   172 ms, Total. 172.3 ms (0.2%)
[Performance] Menu.RebuildAll                                                                                                                      :        1 samples, Peak.   172 ms (1.0x), Avg.   172 ms, Total. 172.3 ms (0.2%)
[Performance] Menu.BuildRegisteredMenuInterfaces                                                                                                   :        1 samples, Peak.   168 ms (1.0x), Avg.   168 ms, Total. 168.1 ms (0.2%)
[Performance] Menu.FilterMenuItem                                                                                                                  :     1200 samples, Peak.  71.7 ms (1057.1x), Avg.  67.8 us, Total. 81.39 ms (0.1%)
[Performance] UpdateAllMenus                                                                                                                       :        1 samples, Peak.   890 us (1.0x), Avg.   890 us, Total. 890.0 us (0.0%)
[Performance] Menu.RebuildOSMainMenu                                                                                                               :        1 samples, Peak.  3.14 ms (1.0x), Avg.  3.14 ms, Total. 3.145 ms (0.0%)
[Performance] EditorSceneManager.sceneClosing: UnityEditor.SceneVisibilityManager.EditorSceneManagerOnSceneClosing                                 :        6 samples, Peak.   261 us (3.4x), Avg.  76.3 us, Total. 457.9 us (0.0%)
[Performance] GUIView.RepaintAll.PlayerLoopController                                                                                              :    74578 samples, Peak.  60.2 us (476.1x), Avg.   126 ns, Total. 9.429 ms (0.0%)
[Performance] EditorSceneManager.newSceneCreated: UnityEditor.SceneTemplate.SceneTemplateService.OnNewSceneCreated                                 :        3 samples, Peak.   241 us (1.6x), Avg.   155 us, Total. 463.7 us (0.0%)
[Performance] EditorSceneManager.newSceneCreated: UnityEditor.SceneVisibilityManager.EditorSceneManagerOnNewSceneCreated                           :        3 samples, Peak.   238 us (1.8x), Avg.   129 us, Total. 386.6 us (0.0%)
[Performance] EditorSceneManager.newSceneCreated: UnityEditor.SceneManagement.StageNavigationManager.OnNewSceneCreated                             :        3 samples, Peak.  65.2 us (1.8x), Avg.  36.2 us, Total. 108.5 us (0.0%)
[Performance] Application.InvokeFinishedLoadingProject                                                                                             :        1 samples, Peak.   311 ms (1.0x), Avg.   311 ms, Total. 311.1 ms (0.3%)
[Performance] ProcessService.OnProjectLoaded                                                                                                       :        1 samples, Peak.   571 us (1.0x), Avg.   571 us, Total. 570.5 us (0.0%)
[Performance] VersionControl.Task.Wait                                                                                                             :        1 samples, Peak.  7.40 us (1.0x), Avg.  7.40 us, Total. 7.400 us (0.0%)
[Performance] Application.InvokeProjectWasLoaded                                                                                                   :        1 samples, Peak.  27.2 us (1.0x), Avg.  27.2 us, Total. 27.20 us (0.0%)
[Performance] Application.Message                                                                                                                  :    74620 samples, Peak.  11.4 ms (25288.1x), Avg.   450 ns, Total. 33.60 ms (0.0%)
[Performance] Application.Message.Timer                                                                                                            :      184 samples, Peak.  56.3 us (2.8x), Avg.  20.4 us, Total. 3.761 ms (0.0%)
[Performance] Application.Message.WM_0031F                                                                                                         :        1 samples, Peak.  6.90 us (1.0x), Avg.  6.90 us, Total. 6.900 us (0.0%)
[Performance] Application.Tick                                                                                                                     :    74619 samples, Peak.  2.49 s (2007.0x), Avg.  1.24 ms, Total. 92.53 s (88.8%)
[Performance] CheckLicensingClient                                                                                                                 :       19 samples, Peak.  14.0 us (1.3x), Avg.  10.5 us, Total. 199.6 us (0.0%)
[Performance] CheckLicensingClientNotification                                                                                                     :       19 samples, Peak.  15.7 us (1.3x), Avg.  12.2 us, Total. 231.8 us (0.0%)
[Performance] LicenseActivated.Tick                                                                                                                :        1 samples, Peak.  9.40 us (1.0x), Avg.  9.40 us, Total. 9.400 us (0.0%)
[Performance] Application.TickVersionControl                                                                                                       :    74620 samples, Peak.  52.8 us (198.6x), Avg.   266 ns, Total. 19.84 ms (0.0%)
[Performance] MonoCompiler.Tick                                                                                                                    :      441 samples, Peak.  41.5 us (24.4x), Avg.  1.70 us, Total. 748.7 us (0.0%)
[Performance] UnityConnect.Tick                                                                                                                    :        7 samples, Peak.  4.58 ms (6.5x), Avg.   702 us, Total. 4.914 ms (0.0%)
[Performance] UnityVersionControl.Tick                                                                                                             :        7 samples, Peak.   600 ns (2.6x), Avg.   229 ns, Total. 1.600 us (0.0%)
[Performance] CurlRequest.Tick                                                                                                                     :      866 samples, Peak.   334 us (250.4x), Avg.  1.33 us, Total. 1.154 ms (0.0%)
[Performance] HubClient.Tick                                                                                                                       :      866 samples, Peak.   500 ns (2.6x), Avg.   194 ns, Total. 168.4 us (0.0%)
[Performance] AssetDatabase.Tick                                                                                                                   :      866 samples, Peak.  62.5 us (241.5x), Avg.   259 ns, Total. 224.1 us (0.0%)
[Performance] SceneBackgroundTask.Tick                                                                                                             :      583 samples, Peak.   400 ns (2.9x), Avg.   140 ns, Total. 81.50 us (0.0%)
[Performance] Scheduler.Tick                                                                                                                       :     7823 samples, Peak.  1.67 ms (329.7x), Avg.  5.08 us, Total. 39.75 ms (0.0%)
[Performance] RepaintAllProfilerWindows                                                                                                            :      182 samples, Peak.   213 us (54.7x), Avg.  3.89 us, Total. 708.7 us (0.0%)
[Performance] PlayerUpdates.Tick                                                                                                                   :     1702 samples, Peak.  94.3 us (6.5x), Avg.  14.5 us, Total. 24.62 ms (0.0%)
[Performance] Application.TickGlobalCallbacks                                                                                                      :    74620 samples, Peak.   104 ms (5775.3x), Avg.  18.0 us, Total. 1.344 s (1.3%)
[Performance] CoreBusinessMetrics.Tick                                                                                                             :        2 samples, Peak.  52.1 us (1.0x), Avg.  50.2 us, Total. 100.3 us (0.0%)
[Performance] EditorAnalytics.Tick                                                                                                                 :      355 samples, Peak.  7.70 us (36.3x), Avg.   212 ns, Total. 75.20 us (0.0%)
[Performance] GI.Tick                                                                                                                              :        7 samples, Peak.   104 ms (6.9x), Avg.  15.1 ms, Total. 105.7 ms (0.1%)
[Performance] Video.Update                                                                                                                         :    74620 samples, Peak.  80.9 ms (22447.0x), Avg.  3.61 us, Total. 269.0 ms (0.3%)
[Performance] UnitySynchronization.ExecuteTasks                                                                                                    :        6 samples, Peak.  5.90 us (1.8x), Avg.  3.32 us, Total. 19.90 us (0.0%)
[Performance] Application.TickPreloadManager                                                                                                       :       57 samples, Peak.  6.00 us (3.3x), Avg.  1.83 us, Total. 104.4 us (0.0%)
[Performance] Application.TickProgress                                                                                                             :    74620 samples, Peak.  1.62 ms (7953.4x), Avg.   203 ns, Total. 15.17 ms (0.0%)
[Performance] Application.TickSceneTracker                                                                                                         :    74619 samples, Peak.   494 ms (515.9x), Avg.   957 us, Total. 71.44 s (68.6%)
[Performance] EditorApplication.update                                                                                                             :    74619 samples, Peak.   494 ms (516.8x), Avg.   956 us, Total. 71.32 s (68.5%)
[Performance] EditorApplication.update: UnityEngine.Rendering.ProbeSubdivisionContext+RealtimeProbeSubdivisionDebug.UpdateRealtimeSubdivisionDebug :    74620 samples, Peak.  1.97 ms (5043.5x), Avg.   390 ns, Total. 29.13 ms (0.0%)
[Performance] EditorApplication.update: UGF.EditorTools.ToolbarCallback.OnUpdate                                                                   :    74620 samples, Peak.  9.06 ms (142.7x), Avg.  63.5 us, Total. 4.737 s (4.5%)
[Performance] EditorApplication.update: FastScriptReload.Editor.FastScriptReloadManager.Update                                                     :    74620 samples, Peak.  90.9 ms (115.2x), Avg.   789 us, Total. 58.87 s (56.5%)
[Performance] EditorApplication.update: callback in FastScriptReload.Editor.GUI.ProjectWindowReloadStatusIndicatorDrawer                           :    74620 samples, Peak.  3.10 ms (48.1x), Avg.  64.4 us, Total. 4.805 s (4.6%)
[Performance] EditorApplication.update: FastScriptReload.Editor.Compilation.ScriptGenerationOverrides.ScriptGenerationOverridesManager.Update      :    74620 samples, Peak.  45.8 us (132.8x), Avg.   345 ns, Total. 25.73 ms (0.0%)
[Performance] EditorApplication.update: callback in ImmersiveVRTools.Editor.Common.WelcomeScreen.WelcomeScreenInitializerBase                      :        2 samples, Peak.   677 us (1.5x), Avg.   441 us, Total. 881.7 us (0.0%)
[Performance] EditorApplication.update: Unity.PlasticSCM.Editor.Hub.ProcessHubCommand.RunOnceWhenAccessTokenIsInitialized                          :    74620 samples, Peak.   154 us (231.4x), Avg.   667 ns, Total. 49.76 ms (0.0%)
[Performance] EditorApplication.update: UnitySkills.BatchJobService.ProcessQueuedJobs                                                              :    74620 samples, Peak.   178 us (984.9x), Avg.   181 ns, Total. 13.49 ms (0.0%)
[Performance] EditorApplication.update: UnitySkills.AsyncJobService.ProcessJobs                                                                    :    74620 samples, Peak.   372 us (210.9x), Avg.  1.76 us, Total. 131.5 ms (0.1%)
[Performance] EditorApplication.update: UnitySkills.SkillsHttpServer.ProcessJobQueue                                                               :    74620 samples, Peak.   601 us (1057.4x), Avg.   569 ns, Total. 42.43 ms (0.0%)
[Performance] EditorApplication.update: callback in Unity.PlasticSCM.Editor.Execute                                                                :        2 samples, Peak.   469 us (1.0x), Avg.   467 us, Total. 934.5 us (0.0%)
[Performance] EditorApplication.update: callback in UnityEditor.Rendering.Universal.MaterialReimporter                                             :    74620 samples, Peak.   732 us (710.7x), Avg.  1.03 us, Total. 76.82 ms (0.1%)
[Performance] EditorApplication.update: UnityEditor.U2D.Aseprite.BackgroundImport.OnUpdate                                                         :    74620 samples, Peak.  8.31 ms (5024.2x), Avg.  1.65 us, Total. 123.5 ms (0.1%)
[Performance] EditorApplication.update: Cysharp.Threading.Tasks.PlayerLoopHelper.ForceEditorPlayerLoopUpdate                                       :    74620 samples, Peak.   117 us (388.0x), Avg.   301 ns, Total. 22.48 ms (0.0%)
[Performance] EditorApplication.update: UGF.EditorTools.DataTableUpdater.OnUpdate                                                                  :    74620 samples, Peak.   187 us (737.7x), Avg.   254 ns, Total. 18.94 ms (0.0%)
[Performance] EditorApplication.update: UnityEditor.TestTools.TestRunner.CommandLineTest.TestStarter.InitializeAndExecuteRun                       :        1 samples, Peak.  80.5 ms (1.0x), Avg.  80.5 ms, Total. 80.53 ms (0.1%)
[Performance] EditorApplication.update: UnityEditor.PackageManager.UI.Internal.ApplicationProxy.OnUpdate                                           :    74619 samples, Peak.   411 us (578.2x), Avg.   710 ns, Total. 52.99 ms (0.1%)
[Performance] EditorApplication.update: UnityEditor.SceneManagement.StageNavigationManager.Update                                                  :    74619 samples, Peak.   395 us (2288.9x), Avg.   173 ns, Total. 12.87 ms (0.0%)
[Performance] ConsoleLog.Tick                                                                                                                      :      439 samples, Peak.   289 us (93.0x), Avg.  3.11 us, Total. 1.366 ms (0.0%)
[Performance] HierarchyWindow.Tick                                                                                                                 :      583 samples, Peak.  5.22 ms (83.6x), Avg.  62.4 us, Total. 36.38 ms (0.0%)
[Performance] EditorApplication.hierarchyChanged: Unity.UIElements.Editor.UIDocumentHierarchyWatcher.OnHierarchyChanged                            :      151 samples, Peak.   202 us (53.5x), Avg.  3.78 us, Total. 571.5 us (0.0%)
[Performance] EditorApplication.hierarchyChanged: UnityEditor.Tilemaps.SceneViewGridManager.UpdateCache                                            :      151 samples, Peak.  4.43 ms (125.5x), Avg.  35.3 us, Total. 5.326 ms (0.0%)
[Performance] EditorApplication.hierarchyChanged: UnityEditor.Tilemaps.SceneViewOpenTilePaletteHelper.SelectionChanged                             :      151 samples, Peak.  23.7 us (17.6x), Avg.  1.35 us, Total. 203.4 us (0.0%)
[Performance] Inspector.Tick                                                                                                                       :      583 samples, Peak.   166 ms (402.8x), Avg.   412 us, Total. 240.0 ms (0.2%)
[Performance] EditorApplication.delayCall: UnityEditor.ShortcutManagement.ShortcutIntegration.EnsureShortcutsAreInitialized                        :        2 samples, Peak.  45.2 ms (1.3x), Avg.  33.6 ms, Total. 67.10 ms (0.1%)
[Performance] EditorApplication.delayCall: Spine.Unity.Editor.SpineEditorUtilities.Initialize                                                      :        2 samples, Peak.  65.1 ms (2.0x), Avg.  32.7 ms, Total. 65.46 ms (0.1%)
[Performance] EditorApplication.delayCall: callback in UnitySkills.SkillsHttpServer                                                                :        2 samples, Peak.   158 us (1.2x), Avg.   129 us, Total. 257.2 us (0.0%)
[Performance] EditorApplication.delayCall: UnityEditor.ProBuilder.VersionValidator.ValidateVersion                                                 :        2 samples, Peak.  4.26 ms (1.1x), Avg.  4.02 ms, Total. 8.044 ms (0.0%)
[Performance] EditorApplication.delayCall: callback in UnityEditor.ProBuilder.LogPreferences                                                       :        2 samples, Peak.  1.78 ms (1.0x), Avg.  1.75 ms, Total. 3.502 ms (0.0%)
[Performance] EditorApplication.delayCall: callback in UnitySkills.PackageManagerHelper                                                            :        2 samples, Peak.   481 us (1.1x), Avg.   446 us, Total. 891.3 us (0.0%)
[Performance] EditorApplication.delayCall: UGF.EditorTools.UIItemBaseInspector.RebindProperties                                                    :        2 samples, Peak.  73.3 us (1.1x), Avg.  69.0 us, Total. 138.0 us (0.0%)
[Performance] EditorApplication.delayCall: callback in UnityEditor.EditorWindow                                                                    :        2 samples, Peak.   825 us (1.5x), Avg.   541 us, Total. 1.083 ms (0.0%)
[Performance] EditorApplication.delayCall: callback in UnityEditor.EditorTools.ToolShortcutContext                                                 :        2 samples, Peak.   115 us (1.0x), Avg.   110 us, Total. 219.2 us (0.0%)
[Performance] EditorApplication.delayCall: callback in UnityEditor.SceneVisibilityManager                                                          :        2 samples, Peak.  26.0 us (1.1x), Avg.  24.6 us, Total. 49.10 us (0.0%)
[Performance] EditorApplication.delayCall: callback in UnityEditor.ProBuilder.HierarchyListener                                                    :        2 samples, Peak.  47.4 ms (1.0x), Avg.  45.8 ms, Total. 91.52 ms (0.1%)
[Performance] EditorApplication.delayCall: UnityEditor.EditorTools.EditorToolContext.Activate                                                      :        2 samples, Peak.  46.3 us (1.9x), Avg.  24.3 us, Total. 48.70 us (0.0%)
[Performance] Tooltip.Tick                                                                                                                         :     1700 samples, Peak.   162 us (261.5x), Avg.   619 ns, Total. 1.053 ms (0.0%)
[Performance] Application.RequestRepaintForPanels                                                                                                  :    74619 samples, Peak.   293 us (221.0x), Avg.  1.32 us, Total. 98.86 ms (0.1%)
[Performance] Application.UpdateScene                                                                                                              :    74619 samples, Peak.   392 ms (1862.9x), Avg.   210 us, Total. 15.70 s (15.1%)
[Performance] Application.UpdateTextureStreaming                                                                                                   :       56 samples, Peak.   500 ns (3.8x), Avg.   132 ns, Total. 7.400 us (0.0%)
[Performance] Application.UpdateVideoTextures                                                                                                      :       56 samples, Peak.   400 ns (3.6x), Avg.   112 ns, Total. 6.300 us (0.0%)
[Performance] PackageImporter.Tick                                                                                                                 :      439 samples, Peak.   600 ns (3.3x), Avg.   183 ns, Total. 80.20 us (0.0%)
[Performance] InspectorBackground.Tick                                                                                                             :      582 samples, Peak.  2.10 us (8.3x), Avg.   252 ns, Total. 146.8 us (0.0%)
[Performance] BurstDebug.Tick                                                                                                                      :      180 samples, Peak.  1.10 us (1.9x), Avg.   567 ns, Total. 102.0 us (0.0%)
[Performance] Application.ChangeLayoutIfNeeded                                                                                                     :    74619 samples, Peak.  1.80 us (49.8x), Avg.  36.2 ns, Total. 2.699 ms (0.0%)
[Performance] AsyncReadManager.ForceCloseFiles                                                                                                     :       91 samples, Peak.  58.7 us (14.7x), Avg.  3.99 us, Total. 362.7 us (0.0%)
[Performance] EditorApplication.update: callback in ImmersiveVRTools.Editor.Common.WelcomeScreen.Utilities.BackgroundTaskRunner                    :       41 samples, Peak.  2.28 ms (39.0x), Avg.  58.6 us, Total. 2.402 ms (0.0%)
[Performance] EditorApplication.update: UnityEditor.TestTools.TestRunner.TestRun.TestJobRunner.ExecuteCallback                                     :    74618 samples, Peak.   494 ms (20327.4x), Avg.  24.3 us, Total. 1.812 s (1.7%)
[Performance] EditorApplication.update: UnityEditor.TestTools.TestRunner.CommandLineTest.Executer.ExitIfRunIsCompleted                             :    74618 samples, Peak.   413 us (226.9x), Avg.  1.82 us, Total. 135.8 ms (0.1%)
[Performance] EditorApplication.update: callback in UnitySkills.SkillsHttpServer                                                                   :      465 samples, Peak.   543 us (332.2x), Avg.  1.63 us, Total. 759.9 us (0.0%)
[Performance] EditorApplication.update: UnitySkills.PackageManagerHelper.OnListProgress                                                            :       25 samples, Peak.  3.00 ms (11.9x), Avg.   253 us, Total. 6.313 ms (0.0%)
[Performance] Package.AsyncRequest                                                                                                                 :        3 samples, Peak.   679 us (3.0x), Avg.   227 us, Total. 680.4 us (0.0%)
[Performance] GUIView.RepaintAll.RepaintScene                                                                                                      :       46 samples, Peak.   600 ns (2.3x), Avg.   257 ns, Total. 11.80 us (0.0%)
[Performance] EditorApplication.update: UnityEditor.Rendering.Universal.SceneViewDrawMode.UpdateSceneViewStates                                    :       29 samples, Peak.   234 us (25.2x), Avg.  9.28 us, Total. 269.1 us (0.0%)
[Performance] PaletteAssetModificationProcessor.OnWillSaveAssets                                                                                   :        3 samples, Peak.  1.48 ms (2.6x), Avg.   573 us, Total. 1.718 ms (0.0%)
[Performance] StateMacroSavedEvent.OnWillSaveAssets                                                                                                :        3 samples, Peak.   171 us (1.7x), Avg.   102 us, Total. 305.2 us (0.0%)
[Performance] FlowMacroSavedEvent.OnWillSaveAssets                                                                                                 :        3 samples, Peak.   114 us (1.7x), Avg.  68.7 us, Total. 206.2 us (0.0%)
[Performance] TextureModificationWarningProcessor.OnWillSaveAssets                                                                                 :        3 samples, Peak.   182 us (1.5x), Avg.   118 us, Total. 353.6 us (0.0%)
[Performance] UnityCloudProjectLinkMonitor.OnWillSaveAssets                                                                                        :        3 samples, Peak.   372 us (1.6x), Avg.   234 us, Total. 702.5 us (0.0%)
[Performance] UVCSAssetModificationProcessor.OnWillSaveAssets                                                                                      :        3 samples, Peak.   322 us (1.5x), Avg.   212 us, Total. 635.5 us (0.0%)
[Performance] BuilderAssetModificationProcessor.OnWillSaveAssets                                                                                   :        3 samples, Peak.   345 us (2.1x), Avg.   168 us, Total. 503.0 us (0.0%)
[Performance] TerrainModificationProcessor.OnWillSaveAssets                                                                                        :        3 samples, Peak.   544 us (1.6x), Avg.   332 us, Total. 996.6 us (0.0%)
[Performance] AssetDatabase.ImportAssets                                                                                                           :        7 samples, Peak.  48.8 ms (7.0x), Avg.  6.98 ms, Total. 48.84 ms (0.0%)
[Performance] EditorSceneManager.sceneSaving: callback in UnityEditor.U2D.SpriteShapeUpdateCache                                                   :        1 samples, Peak.   679 us (1.0x), Avg.   679 us, Total. 679.4 us (0.0%)
[Performance] EditorSceneManager.sceneSaving: UnityEditor.SceneTemplate.SceneTemplateService.OnSceneSaving                                         :        1 samples, Peak.   156 us (1.0x), Avg.   156 us, Total. 156.4 us (0.0%)
[Performance] EditorSceneManager.sceneSaving: UnityEditor.SceneVisibilityManager.EditorSceneManagerOnSceneSaving                                   :        1 samples, Peak.  76.6 us (1.0x), Avg.  76.6 us, Total. 76.60 us (0.0%)
[Performance] PaletteAssetModificationProcessor.OnWillCreateAsset                                                                                  :        2 samples, Peak.  72.6 us (1.8x), Avg.  39.7 us, Total. 79.50 us (0.0%)
[Performance] MaterialModificationProcessor.OnWillCreateAsset                                                                                      :        4 samples, Peak.   198 us (2.5x), Avg.  78.3 us, Total. 313.4 us (0.0%)
[Performance] CreateNewScriptListener.OnWillCreateAsset                                                                                            :        2 samples, Peak.   114 us (1.6x), Avg.  70.9 us, Total. 141.9 us (0.0%)
[Performance] BuilderAssetModificationProcessor.OnWillCreateAsset                                                                                  :        2 samples, Peak.   156 us (1.8x), Avg.  86.2 us, Total. 172.4 us (0.0%)
[Performance] AssetDatabase.ImportAsset                                                                                                            :        1 samples, Peak.  77.3 ms (1.0x), Avg.  77.3 ms, Total. 77.26 ms (0.1%)
[Performance] ShaderImporter.SourceAssetModified                                                                                                   :        2 samples, Peak.   700 ns (1.3x), Avg.   550 ns, Total. 1.100 us (0.0%)
[Performance] ShaderIncludeImporter.SourceAssetModified                                                                                            :        2 samples, Peak.   800 ns (1.3x), Avg.   600 ns, Total. 1.200 us (0.0%)
[Performance] PSDImporterAssetPostProcessor.OnPreprocessAsset                                                                                      :        2 samples, Peak.   137 us (1.0x), Avg.   133 us, Total. 266.8 us (0.0%)
[Performance] PresetManagerPostProcessor.OnPreprocessAsset                                                                                         :        2 samples, Peak.   188 us (1.2x), Avg.   154 us, Total. 308.8 us (0.0%)
[Performance] CancelSplashScreenOnAssetChange.OnPreprocessAsset                                                                                    :        2 samples, Peak.  83.0 us (1.6x), Avg.  51.9 us, Total. 103.8 us (0.0%)
[Performance] ShaderGraphAssetPostProcessor.OnPreprocessAsset                                                                                      :        2 samples, Peak.   126 us (1.0x), Avg.   125 us, Total. 250.1 us (0.0%)
[Performance] SpritePostProcess.OnPreprocessAsset                                                                                                  :        2 samples, Peak.  1.20 ms (1.1x), Avg.  1.12 ms, Total. 2.240 ms (0.0%)
[Performance] UtilityWindowPostProcessor.OnPostprocessAllAssets                                                                                    :        6 samples, Peak.   715 us (1.3x), Avg.   533 us, Total. 3.196 ms (0.0%)
[Performance] SpineEditorUtilities.OnPostprocessAllAssets                                                                                          :        6 samples, Peak.  8.54 ms (1.5x), Avg.  5.62 ms, Total. 33.75 ms (0.0%)
[Performance] TMPro_TexturePostProcessor.OnPostprocessAllAssets                                                                                    :        6 samples, Peak.   247 us (1.5x), Avg.   166 us, Total. 996.3 us (0.0%)
[Performance] UVCSAssetPostprocessor.OnPostprocessAllAssets                                                                                        :        6 samples, Peak.   546 us (1.7x), Avg.   331 us, Total. 1.986 ms (0.0%)
[Performance] BuilderAssetPostprocessor.OnPostprocessAllAssets                                                                                     :        6 samples, Peak.  1.50 ms (1.6x), Avg.   929 us, Total. 5.577 ms (0.0%)
[Performance] ArtifactBrowserPostProcessor.OnPostprocessAllAssets                                                                                  :        6 samples, Peak.   239 us (1.6x), Avg.   153 us, Total. 917.9 us (0.0%)
[Performance] AssetEvents.OnPostprocessAllAssets                                                                                                   :       12 samples, Peak.   138 us (2.5x), Avg.  54.7 us, Total. 656.3 us (0.0%)
[Performance] AudioMixerPostprocessor.OnPostprocessAllAssets                                                                                       :        6 samples, Peak.   213 us (1.5x), Avg.   140 us, Total. 837.8 us (0.0%)
[Performance] StyleCatalogPostProcessor.OnPostprocessAllAssets                                                                                     :        6 samples, Peak.  14.1 ms (1.6x), Avg.  8.91 ms, Total. 53.46 ms (0.1%)
[Performance] BuildCatalog                                                                                                                         :        2 samples, Peak.  13.5 ms (1.1x), Avg.  12.8 ms, Total. 25.59 ms (0.0%)
[Performance] ModelImporterPostProcessor.OnPostprocessAllAssets                                                                                    :        6 samples, Peak.   707 us (1.4x), Avg.   517 us, Total. 3.100 ms (0.0%)
[Performance] MaterialPostprocessor.OnPostprocessAllAssets                                                                                         :       12 samples, Peak.   394 us (1.7x), Avg.   231 us, Total. 2.777 ms (0.0%)
[Performance] RetainedModeAssetPostprocessor.OnPostprocessAllAssets                                                                                :        6 samples, Peak.  1.07 ms (1.6x), Avg.   678 us, Total. 4.071 ms (0.0%)
[Performance] AssetChangedListener.OnPostprocessAllAssets                                                                                          :        6 samples, Peak.   974 us (1.6x), Avg.   605 us, Total. 3.629 ms (0.0%)
[Performance] PostProcessor.OnPostprocessAllAssets                                                                                                 :        6 samples, Peak.   180 us (1.5x), Avg.   120 us, Total. 719.6 us (0.0%)
[Performance] ShaderGraphAssetPostProcessor.OnPostprocessAllAssets                                                                                 :        6 samples, Peak.  1.21 ms (1.5x), Avg.   827 us, Total. 4.961 ms (0.0%)
[Performance] SpeedTreePostProcessor.OnPostprocessAllAssets                                                                                        :        6 samples, Peak.   126 us (1.5x), Avg.  82.1 us, Total. 492.7 us (0.0%)
[Performance] TextAssetPostProcessor.OnPostprocessAllAssets                                                                                        :        6 samples, Peak.   250 us (1.5x), Avg.   165 us, Total. 991.0 us (0.0%)
[Performance] AssetProcessor.OnPostprocessAllAssets                                                                                                :       18 samples, Peak.   583 us (3.0x), Avg.   197 us, Total. 3.544 ms (0.0%)
[Performance] SpriteLibraryAssetPostprocessor.OnPostprocessAllAssets                                                                               :        6 samples, Peak.   192 us (1.5x), Avg.   124 us, Total. 746.0 us (0.0%)
[Performance] PSDImporterAssetPostProcessor.OnPostprocessAllAssets                                                                                 :        6 samples, Peak.  72.3 us (1.5x), Avg.  46.9 us, Total. 281.3 us (0.0%)
[Performance] PSDImportPostProcessor.OnPostprocessAllAssets                                                                                        :        6 samples, Peak.  82.3 us (1.5x), Avg.  54.4 us, Total. 326.5 us (0.0%)
[Performance] SpriteEditorTexturePostprocessor.OnPostprocessAllAssets                                                                              :        6 samples, Peak.   184 us (1.4x), Avg.   132 us, Total. 791.8 us (0.0%)
[Performance] SpriteShapeAssetPostProcessor.OnPostprocessAllAssets                                                                                 :        6 samples, Peak.   332 us (1.9x), Avg.   179 us, Total. 1.074 ms (0.0%)
[Performance] EditorApplication.projectChanged: UnityEditor.Audio.MixerEffectDefinitionReloader.OnProjectChanged                                   :        2 samples, Peak.   315 us (1.0x), Avg.   303 us, Total. 606.9 us (0.0%)
[Performance] EditorSceneManager.sceneSaved: UnityEditor.SceneTemplate.SceneTemplateService.OnSceneSaved                                           :        1 samples, Peak.  37.4 ms (1.0x), Avg.  37.4 ms, Total. 37.36 ms (0.0%)
[Performance] EditorSceneManager.sceneSaved: UnityEditor.SceneVisibilityManager.EditorSceneManagerOnSceneSaved                                     :        1 samples, Peak.  94.0 us (1.0x), Avg.  94.0 us, Total. 94.00 us (0.0%)
[Performance] EditorApplication.hierarchyChanged: Spine.Unity.Editor.SpineEditorUtilities+HierarchyHandler.IconsOnChanged                          :        1 samples, Peak.  16.0 us (1.0x), Avg.  16.0 us, Total. 16.00 us (0.0%)
[Performance] EditorApplication.hierarchyChanged: UnityEditor.Tilemaps.GridPaintingState.HierarchyChanged                                          :      150 samples, Peak.   149 us (54.2x), Avg.  2.75 us, Total. 412.0 us (0.0%)
[Performance] ObjectChangeEvents.changesPublished: UnityEditor.PrefabInstanceChangedListener.OnObjectChanged                                       :        1 samples, Peak.   406 us (1.0x), Avg.   406 us, Total. 406.3 us (0.0%)
[Performance] ObjectChangeEvents.changesPublished: UnityEditor.ProBuilder.HierarchyListener.ObjectEventChangesPublished                            :        1 samples, Peak.   169 us (1.0x), Avg.   169 us, Total. 169.1 us (0.0%)
[Performance] EditorApplication.playModeStateChanged                                                                                               :        2 samples, Peak.  2.82 ms (1.7x), Avg.  1.63 ms, Total. 3.265 ms (0.0%)
[Performance] EditorApplication.playModeStateChanged: UnityEditor.ObjectPool.PoolManager.OnEditorStateChange                                       :        4 samples, Peak.  61.8 us (2.1x), Avg.  29.7 us, Total. 118.8 us (0.0%)
[Performance] EditorApplication.playModeStateChanged: UnityEditor.PackageManager.UI.Internal.PlayModeDownload.PlayModeStateChanged                 :        4 samples, Peak.   274 us (3.0x), Avg.  90.9 us, Total. 363.7 us (0.0%)
[Performance] EditorApplication.playModeStateChanged: Unity.Burst.Editor.BurstLoader.EditorApplicationOnPlayModeStateChanged                       :        4 samples, Peak.   116 us (2.1x), Avg.  54.9 us, Total. 219.7 us (0.0%)
[Performance] EditorApplication.playModeStateChanged: UnityEngine.Rendering.Universal.ShadowCasterGroup2DManager.OnPlayModeStateChanged            :        4 samples, Peak.  52.7 us (2.0x), Avg.  26.1 us, Total. 104.3 us (0.0%)
[Performance] EditorApplication.playModeStateChanged: SaveDuringPlay.SaveDuringPlay.OnPlayStateChanged                                             :        4 samples, Peak.   177 us (3.0x), Avg.  59.2 us, Total. 236.7 us (0.0%)
[Performance] EditorApplication.playModeStateChanged: Cinemachine.Editor.CinemachineEditorAnalytics.SendAnalyticsOnPlayEnter                       :        4 samples, Peak.   277 us (2.2x), Avg.   125 us, Total. 499.4 us (0.0%)
[Performance] EditorApplication.playModeStateChanged: FastScriptReload.Editor.FastScriptReloadManager.OnEditorApplicationOnplayModeStateChanged    :        4 samples, Peak.   212 us (1.2x), Avg.   177 us, Total. 706.4 us (0.0%)
[Performance] EditorApplication.playModeStateChanged: callback in FastScriptReload.Editor.Compilation.DotnetExeDynamicCompilation                  :        4 samples, Peak.   117 us (2.0x), Avg.  59.6 us, Total. 238.4 us (0.0%)
[Performance] EditorApplication.playModeStateChanged: callback in UnityEditor.ProBuilder.EntityVisibility                                          :        4 samples, Peak.   118 us (1.7x), Avg.  70.0 us, Total. 279.8 us (0.0%)
[Performance] EditorApplication.playModeStateChanged: UnityEditor.U2D.Animation.BoneGizmo.PlayModeStateChanged                                     :        4 samples, Peak.  36.1 us (1.9x), Avg.  18.9 us, Total. 75.80 us (0.0%)
[Performance] EditorApplication.playModeStateChanged: callback in UnityEditor.U2D.SpriteShapeUpdateCache                                           :        4 samples, Peak.  66.4 us (3.1x), Avg.  21.6 us, Total. 86.50 us (0.0%)
[Performance] EditorApplication.playModeStateChanged: UnityEditor.SceneManagement.EditorSceneManager.PlayModeStateChangedCallback                  :        4 samples, Peak.  26.8 us (2.0x), Avg.  13.6 us, Total. 54.30 us (0.0%)
[Performance] EditorApplication.playModeStateChanged: callback in Cysharp.Threading.Tasks.PlayerLoopHelper                                         :       64 samples, Peak.   188 us (27.2x), Avg.  6.90 us, Total. 441.4 us (0.0%)
[Performance] EditorApplication.playModeStateChanged: UnityEditor.SceneVisibilityManager.EditorApplicationPlayModeStateChanged                     :        4 samples, Peak.  28.7 us (2.2x), Avg.  13.0 us, Total. 52.00 us (0.0%)
[Performance] EditorApplication.playModeStateChanged: UnityEditor.PackageManager.UI.Internal.ApplicationProxy.PlayModeStateChanged                 :        4 samples, Peak.   108 us (2.0x), Avg.  54.2 us, Total. 216.8 us (0.0%)
[Performance] EditorApplication.playModeStateChanged: UnityEditor.TestTools.TestRunner.TestRunnerWindow.OnPlayModeStateChanged                     :        4 samples, Peak.  58.9 us (2.0x), Avg.  29.8 us, Total. 119.1 us (0.0%)
[Performance] EditorApplication.playModeStateChanged: Spine.Unity.Editor.SpineEditorUtilities+HierarchyHandler.IconsOnPlaymodeStateChanged         :        1 samples, Peak.   146 us (1.0x), Avg.   146 us, Total. 145.9 us (0.0%)
[Performance] EditorApplication.playModeStateChanged: Spine.Unity.Editor.SpineEditorUtilities+DataReloadHandler.OnPlaymodeStateChanged             :        1 samples, Peak.  3.20 us (1.0x), Avg.  3.20 us, Total. 3.200 us (0.0%)
[Performance] EditorApplication.playModeStateChanged: UnityEditor.Tilemaps.GridPaintingState.PlayModeStateChanged                                  :        4 samples, Peak.   335 us (2.9x), Avg.   115 us, Total. 460.0 us (0.0%)
[Performance] EditorApplication.playModeStateChanged: UnityEditor.TestTools.TestRunner.TestRun.Tasks.EnableTestOutLoggerTask.WaitForExitPlaymode   :        3 samples, Peak.   220 us (1.8x), Avg.   119 us, Total. 356.7 us (0.0%)
[Performance] Application.EnterPlayMode                                                                                                            :        1 samples, Peak.  2.44 s (1.0x), Avg.  2.44 s, Total. 2.445 s (2.3%)
[Performance] Application.Reload                                                                                                                   :        1 samples, Peak.  2.18 s (1.0x), Avg.  2.18 s, Total. 2.178 s (2.1%)
[Performance] AssemblyReloadEvents.beforeAssemblyReload: UnitySkills.SkillsHttpServer.OnBeforeAssemblyReload                                       :        1 samples, Peak.   486 us (1.0x), Avg.   486 us, Total. 486.3 us (0.0%)
[Performance] AssemblyReloadEvents.beforeAssemblyReload: UnityEditor.SettingsManagement.FileSettingsRepository.Save                                :        1 samples, Peak.   986 us (1.0x), Avg.   986 us, Total. 986.1 us (0.0%)
[Performance] AssemblyReloadEvents.beforeAssemblyReload: UnityEditor.ProBuilder.SceneDragAndDropListener.OnBeforeAssemblyReload                    :        1 samples, Peak.  57.5 us (1.0x), Avg.  57.5 us, Total. 57.50 us (0.0%)
[Performance] AssemblyReloadEvents.beforeAssemblyReload: UnityEditor.Rendering.Analytics.DebugManagerWindowLifetimeAnalytic.OnBeforeAssemblyReload :        1 samples, Peak.   149 us (1.0x), Avg.   149 us, Total. 149.4 us (0.0%)
[Performance] AssemblyReloadEvents.beforeAssemblyReload: UnityEditor.EditorTools.EditorToolManager.BeforeAssemblyReload                            :        1 samples, Peak.  68.4 us (1.0x), Avg.  68.4 us, Total. 68.40 us (0.0%)
[Performance] TimelineAnalyticsProcess.OnProcessScene                                                                                              :       23 samples, Peak.   936 us (17.7x), Avg.  52.9 us, Total. 1.218 ms (0.0%)
[Performance] UnityBuildPostprocessor.OnProcessScene                                                                                               :       23 samples, Peak.   468 us (8.7x), Avg.  54.0 us, Total. 1.243 ms (0.0%)
[Performance] AttributeCallbackWrapper.OnProcessScene                                                                                              :       23 samples, Peak.   850 us (2.6x), Avg.   325 us, Total. 7.483 ms (0.0%)
[Performance] Inspector.InitOrRebuild                                                                                                              :        2 samples, Peak.  4.05 ms (1.9x), Avg.  2.15 ms, Total. 4.303 ms (0.0%)
[Performance] EditorApplication.update: UnityEngine.U2D.Animation.BufferManager.Update                                                             :    74577 samples, Peak.   161 us (306.4x), Avg.   525 ns, Total. 39.19 ms (0.0%)
[Performance] SceneDataContainer.TransformHierarchyChangedSetParentCallback                                                                        :     1836 samples, Peak.  11.6 us (10.8x), Avg.  1.07 us, Total. 1.966 ms (0.0%)
[Performance] SceneVisibilityState.IsFlagSetInParents                                                                                              :    11982 samples, Peak.  3.60 us (16.2x), Avg.   222 ns, Total. 2.663 ms (0.0%)
[Performance] Application.ExitPlayMode                                                                                                             :        1 samples, Peak.   282 ms (1.0x), Avg.   282 ms, Total. 281.6 ms (0.3%)
[Performance] AssetDatabase.Refresh                                                                                                                :        1 samples, Peak.  9.60 ms (1.0x), Avg.  9.60 ms, Total. 9.601 ms (0.0%)
[Performance] AssetDatabase.DeleteAssets                                                                                                           :        1 samples, Peak.  84.2 ms (1.0x), Avg.  84.2 ms, Total. 84.19 ms (0.1%)
[Performance] UtilityWindowModificationProcessor.OnWillDeleteAsset                                                                                 :        1 samples, Peak.   543 us (1.0x), Avg.   543 us, Total. 542.8 us (0.0%)
[Performance] BuilderAssetModificationProcessor.OnWillDeleteAsset                                                                                  :        1 samples, Peak.   432 us (1.0x), Avg.   432 us, Total. 432.5 us (0.0%)
[Performance] TMP_FontAssetPostProcessor.OnWillDeleteAsset                                                                                         :        1 samples, Peak.   181 us (1.0x), Avg.   181 us, Total. 181.1 us (0.0%)
[Performance] CancelSplashScreenOnAssetDelete.OnWillDeleteAsset                                                                                    :        1 samples, Peak.   181 us (1.0x), Avg.   181 us, Total. 181.5 us (0.0%)
[Performance] Application.Shutdown.SaveDefaultWindowPreferences                                                                                    :        1 samples, Peak.   185 us (1.0x), Avg.   185 us, Total. 184.8 us (0.0%)
[Performance] Application.Shutdown.SaveSceneManagerSetup                                                                                           :        1 samples, Peak.   487 us (1.0x), Avg.   487 us, Total. 487.2 us (0.0%)
[Performance] Application.Shutdown.CleanupAllContainerWindows                                                                                      :        1 samples, Peak.  1.10 us (1.0x), Avg.  1.10 us, Total. 1.100 us (0.0%)
[Performance] EditorApplication.quitting: Unity.Burst.Editor.BurstLoader.OnEditorApplicationQuitting                                               :        1 samples, Peak.  31.1 us (1.0x), Avg.  31.1 us, Total. 31.10 us (0.0%)
[Performance] EditorApplication.quitting: UnitySkills.RegistryService.Unregister                                                                   :        1 samples, Peak.  34.4 ms (1.0x), Avg.  34.4 ms, Total. 34.35 ms (0.0%)
[Performance] EditorApplication.quitting: UnitySkills.SkillsHttpServer.OnEditorQuitting                                                            :        1 samples, Peak.   762 us (1.0x), Avg.   762 us, Total. 762.0 us (0.0%)
[Performance] EditorApplication.quitting: UnityEditor.SettingsManagement.FileSettingsRepository.Save                                               :        1 samples, Peak.   951 us (1.0x), Avg.   951 us, Total. 951.5 us (0.0%)
[Performance] EditorApplication.quitting: UnityEditor.Tilemaps.SceneViewGridManager.EditorQuitting                                                 :        1 samples, Peak.   130 us (1.0x), Avg.   130 us, Total. 130.5 us (0.0%)
[Performance] EditorApplication.quitting: UnityEditor.ProBuilder.ProBuilderSettings.Save                                                           :        1 samples, Peak.   348 us (1.0x), Avg.   348 us, Total. 348.3 us (0.0%)
[Performance] EditorApplication.quitting: callback in UnityEditor.TextCore.Text.EditorEventCallbacks                                               :        1 samples, Peak.  40.8 ms (1.0x), Avg.  40.8 ms, Total. 40.76 ms (0.0%)
[Performance] Application.Shutdown.PauseProfilerSession                                                                                            :        1 samples, Peak.  24.1 us (1.0x), Avg.  24.1 us, Total. 24.10 us (0.0%)
[Performance] Application.Shutdown.PauseAssetImportWorkers                                                                                         :        1 samples, Peak.   269 us (1.0x), Avg.   269 us, Total. 269.3 us (0.0%)
[Performance] Application.Shutdown.SaveAssets                                                                                                      :        1 samples, Peak.  56.7 ms (1.0x), Avg.  56.7 ms, Total. 56.68 ms (0.1%)
[Performance] Application.Shutdown.CleanupRenderPipeline                                                                                           :        1 samples, Peak.  2.90 us (1.0x), Avg.  2.90 us, Total. 2.900 us (0.0%)
[Performance] Application.Shutdown.StopPreloadManager                                                                                              :        1 samples, Peak.  9.97 ms (1.0x), Avg.  9.97 ms, Total. 9.966 ms (0.0%)
[Performance] Application.Shutdown.DestroyWorld                                                                                                    :        1 samples, Peak.   868 us (1.0x), Avg.   868 us, Total. 867.7 us (0.0%)
[Performance] Application.Shutdown.CleanupAfterLoad                                                                                                :        1 samples, Peak.   215 ms (1.0x), Avg.   215 ms, Total. 215.2 ms (0.2%)
[Performance] Application.Shutdown.Progress                                                                                                        :        1 samples, Peak.  7.70 us (1.0x), Avg.  7.70 us, Total. 7.700 us (0.0%)
[Performance] Application.Shutdown.GICleanupManagers                                                                                               :        1 samples, Peak.   994 us (1.0x), Avg.   994 us, Total. 993.8 us (0.0%)
[Performance] Application.Shutdown.MenuCleanupClass                                                                                                :        1 samples, Peak.   316 us (1.0x), Avg.   316 us, Total. 316.2 us (0.0%)
[Performance] Application.Shutdown.ADBSaveStateBeforeShutdown                                                                                      :        1 samples, Peak.  9.40 us (1.0x), Avg.  9.40 us, Total. 9.400 us (0.0%)
[Performance] Application.Shutdown.RemoteShutdown                                                                                                  :        1 samples, Peak.  1.70 us (1.0x), Avg.  1.70 us, Total. 1.700 us (0.0%)
[Performance] Application.Shutdown.CleanupVCProvider                                                                                               :        1 samples, Peak.  7.70 us (1.0x), Avg.  7.70 us, Total. 7.700 us (0.0%)
[Performance] Application.Shutdown.InputShutdown                                                                                                   :        1 samples, Peak.   400 ns (1.0x), Avg.   400 ns, Total. 400.0 ns (0.0%)
[Performance] Application.Shutdown.GizmoManagerDestroy                                                                                             :        1 samples, Peak.   561 us (1.0x), Avg.   561 us, Total. 560.6 us (0.0%)
[Performance] Application.Shutdown.ProfilerSession                                                                                                 :        1 samples, Peak.   243 us (1.0x), Avg.   243 us, Total. 242.9 us (0.0%)
[Performance] Application.Shutdown.ReleaseGfxWindowOnAllGUIViews                                                                                   :        1 samples, Peak. 100.0 ns (1.0x), Avg. 100.0 ns, Total. 100.00 ns (0.0%)
[Performance] Application.Shutdown.CleanupEngine                                                                                                   :        1 samples, Peak.   223 ms (1.0x), Avg.   223 ms, Total. 222.7 ms (0.2%)
[Performance] Application.Shutdown.CleanupAssetDatabase                                                                                            :        1 samples, Peak.  12.6 ms (1.0x), Avg.  12.6 ms, Total. 12.64 ms (0.0%)
[Performance] Application.Shutdown.ScriptCompilationCleanUp                                                                                        :        1 samples, Peak.  29.5 ms (1.0x), Avg.  29.5 ms, Total. 29.47 ms (0.0%)
[Performance] Application.Shutdown.DestroyJobSystem                                                                                                :        1 samples, Peak.   163 us (1.0x), Avg.   163 us, Total. 163.5 us (0.0%)
[Performance] Application.Shutdown.CleanupPersistentManager                                                                                        :        1 samples, Peak.  9.94 ms (1.0x), Avg.  9.94 ms, Total. 9.941 ms (0.0%)
[Performance] Application.Shutdown.CleanupAsyncReadManager                                                                                         :        1 samples, Peak.   369 us (1.0x), Avg.   369 us, Total. 369.1 us (0.0%)
[Performance] Application.Shutdown.CleanupProgressBar                                                                                              :        1 samples, Peak.   400 ns (1.0x), Avg.   400 ns, Total. 400.0 ns (0.0%)
[Performance] Application.Shutdown.CleanupMono                                                                                                     :        1 samples, Peak.   197 ms (1.0x), Avg.   197 ms, Total. 196.6 ms (0.2%)
[Performance] Application.Shutdown.CleanupStdConverters                                                                                            :        1 samples, Peak.  6.30 us (1.0x), Avg.  6.30 us, Total. 6.300 us (0.0%)
[Performance] Application.Shutdown.UnloadAllPlatformSupportModuleNativeDlls                                                                        :        1 samples, Peak.   500 ns (1.0x), Avg.   500 ns, Total. 500.0 ns (0.0%)
[Performance] Application.Shutdown.UnloadAllPlatformSupportNativeLibraries                                                                         :        1 samples, Peak.   100 ns (1.0x), Avg.   100 ns, Total. 100.0 ns (0.0%)
[Performance] Application.Shutdown.CleanupAutoDocumentation                                                                                        :        1 samples, Peak.   260 us (1.0x), Avg.   260 us, Total. 260.3 us (0.0%)
[Performance] Application.Shutdown.ShaderNameManagerDestroy                                                                                        :        1 samples, Peak.  37.9 us (1.0x), Avg.  37.9 us, Total. 37.90 us (0.0%)
[Performance] Application.Shutdown.CleanupCacheServer                                                                                              :        1 samples, Peak. 0.0 (-nan(ind)x), Avg. 0.0, Total. 0.0 (0.0%)
[Performance] Application.Shutdown.Virtualization_Shutdown                                                                                         :        1 samples, Peak.   200 ns (1.0x), Avg.   200 ns, Total. 200.0 ns (0.0%)
[Performance] Application.Shutdown.DevConnections                                                                                                  :        1 samples, Peak.   104 us (1.0x), Avg.   104 us, Total. 104.0 us (0.0%)
Checking for leaked weakptr:
  Found no leaked weakptrs.
[Package Manager] Server::Kill -- Server was shutdown
Memory Statistics:
[ALLOC_TEMP_TLS] TLS Allocator
  StackAllocators :
    [ALLOC_TEMP_CurlRequest]
      Initial Block Size 64.0 KB
      Current Block Size 64.0 KB
      Peak Allocated Bytes 0 B
      Overflow Count 0
    [ALLOC_TEMP_MAIN]
      Peak usage frame count: [4.0 KB-8.0 KB]: 695 frames, [8.0 KB-16.0 KB]: 1114 frames, [16.0 KB-32.0 KB]: 2934 frames, [32.0 KB-64.0 KB]: 256 frames, [64.0 KB-128.0 KB]: 4 frames, [128.0 KB-256.0 KB]: 1 frames, [1.0 MB-2.0 MB]: 4 frames, [2.0 MB-4.0 MB]: 128 frames, [4.0 MB-8.0 MB]: 3 frames, [8.0 MB-16.0 MB]: 1 frames, [16.0 MB-32.0 MB]: 1 frames
      Initial Block Size 16.0 MB
      Current Block Size 45.7 MB
      Peak Allocated Bytes 25.1 MB
      Overflow Count 0
    [ALLOC_TEMP_Job.Worker 18]
      Initial Block Size 256.0 KB
      Current Block Size 256.0 KB
      Peak Allocated Bytes 2.0 KB
      Overflow Count 1
    [ALLOC_TEMP_Background Job.Worker 8]
      Initial Block Size 32.0 KB
      Current Block Size 32.0 KB
      Peak Allocated Bytes 54 B
      Overflow Count 0
    [ALLOC_TEMP_BakingJobs.Worker 17]
      Initial Block Size 256.0 KB
      Current Block Size 256.0 KB
      Peak Allocated Bytes 54 B
      Overflow Count 0
    [ALLOC_TEMP_Job.Worker 4]
      Initial Block Size 256.0 KB
      Current Block Size 256.0 KB
      Peak Allocated Bytes 12.4 KB
      Overflow Count 1
    [ALLOC_TEMP_AUDIO_FMOD mixer thread]
      Initial Block Size 64.0 KB
      Current Block Size 64.0 KB
      Peak Allocated Bytes 54 B
      Overflow Count 0
    [ALLOC_TEMP_BakingJobs.Worker 5]
      Initial Block Size 256.0 KB
      Current Block Size 256.0 KB
      Peak Allocated Bytes 54 B
      Overflow Count 0
    [ALLOC_TEMP_BakingJobs.Worker 10]
      Initial Block Size 256.0 KB
      Current Block Size 256.0 KB
      Peak Allocated Bytes 54 B
      Overflow Count 0
    [ALLOC_TEMP_Background Job.Worker 3]
      Initial Block Size 32.0 KB
      Current Block Size 32.0 KB
      Peak Allocated Bytes 68 B
      Overflow Count 0
    [ALLOC_TEMP_BatchDeleteObjects]
      Initial Block Size 64.0 KB
      Current Block Size 64.0 KB
      Peak Allocated Bytes 54 B
      Overflow Count 0
    [ALLOC_TEMP_Background Job.Worker 11]
      Initial Block Size 32.0 KB
      Current Block Size 32.0 KB
      Peak Allocated Bytes 54 B
      Overflow Count 0
    [ALLOC_TEMP_REST Message Handler]
      Initial Block Size 64.0 KB
      Current Block Size 64.0 KB
      Peak Allocated Bytes 54 B
      Overflow Count 0
    [ALLOC_TEMP_CoreBusinessMetricsCache]
      Initial Block Size 64.0 KB
      Current Block Size 64.0 KB
      Peak Allocated Bytes 8.0 KB
      Overflow Count 0
    [ALLOC_TEMP_Job.Worker 13]
      Initial Block Size 256.0 KB
      Current Block Size 256.0 KB
      Peak Allocated Bytes 3.4 KB
      Overflow Count 0
    [ALLOC_TEMP_Background Job.Worker 2]
      Initial Block Size 32.0 KB
      Current Block Size 32.0 KB
      Peak Allocated Bytes 2.8 KB
      Overflow Count 0
    [ALLOC_TEMP_AssetDatabase.IOService]
      Initial Block Size 64.0 KB
      Current Block Size 64.0 KB
      Peak Allocated Bytes 54 B
      Overflow Count 0
    [ALLOC_TEMP_Job.Worker 10]
      Initial Block Size 256.0 KB
      Current Block Size 256.0 KB
      Peak Allocated Bytes 7.8 KB
      Overflow Count 1
    [ALLOC_TEMP_Job.Worker 15]
      Initial Block Size 256.0 KB
      Current Block Size 1.8 MB
      Peak Allocated Bytes 1.8 MB
      Overflow Count 0
    [ALLOC_TEMP_Job.Worker 12]
      Initial Block Size 256.0 KB
      Current Block Size 1.8 MB
      Peak Allocated Bytes 1.8 MB
      Overflow Count 0
    [ALLOC_TEMP_Loading.PreloadManager] x 3
      Initial Block Size 32.0 MB
      Current Block Size 32.0 MB
      Peak Allocated Bytes 2.9 MB
      Overflow Count 0
    [ALLOC_TEMP_Profiler.Dispatcher]
      Initial Block Size 64.0 KB
      Current Block Size 64.0 KB
      Peak Allocated Bytes 0 B
      Overflow Count 0
    [ALLOC_TEMP_Job.Worker 14]
      Initial Block Size 256.0 KB
      Current Block Size 256.0 KB
      Peak Allocated Bytes 3.8 KB
      Overflow Count 0
    [ALLOC_TEMP_Job.Worker 17]
      Initial Block Size 256.0 KB
      Current Block Size 1.8 MB
      Peak Allocated Bytes 1.8 MB
      Overflow Count 0
    [ALLOC_TEMP_BakingJobs.Worker 7]
      Initial Block Size 256.0 KB
      Current Block Size 256.0 KB
      Peak Allocated Bytes 54 B
      Overflow Count 0
    [ALLOC_TEMP_Background Job.Worker 5]
      Initial Block Size 32.0 KB
      Current Block Size 32.0 KB
      Peak Allocated Bytes 54 B
      Overflow Count 0
    [ALLOC_TEMP_CurlRequest]
      Initial Block Size 64.0 KB
      Current Block Size 64.0 KB
      Peak Allocated Bytes 1.9 KB
      Overflow Count 0
    [ALLOC_TEMP_Background Job.Worker 13]
      Initial Block Size 32.0 KB
      Current Block Size 32.0 KB
      Peak Allocated Bytes 54 B
      Overflow Count 0
    [ALLOC_TEMP_Job.Worker 3]
      Initial Block Size 256.0 KB
      Current Block Size 256.0 KB
      Peak Allocated Bytes 12.7 KB
      Overflow Count 1
    [ALLOC_TEMP_Job.Worker 2]
      Initial Block Size 256.0 KB
      Current Block Size 256.0 KB
      Peak Allocated Bytes 19.5 KB
      Overflow Count 1
    [ALLOC_TEMP_BakingJobs.Worker 6]
      Initial Block Size 256.0 KB
      Current Block Size 256.0 KB
      Peak Allocated Bytes 54 B
      Overflow Count 0
    [ALLOC_TEMP_Job.Worker 11]
      Initial Block Size 256.0 KB
      Current Block Size 256.0 KB
      Peak Allocated Bytes 12.6 KB
      Overflow Count 1
    [ALLOC_TEMP_Job.Worker 0]
      Initial Block Size 256.0 KB
      Current Block Size 1.8 MB
      Peak Allocated Bytes 1.8 MB
      Overflow Count 0
    [ALLOC_TEMP_Background Job.Worker 9]
      Initial Block Size 32.0 KB
      Current Block Size 32.0 KB
      Peak Allocated Bytes 54 B
      Overflow Count 0
    [ALLOC_TEMP_Job.Worker 5]
      Initial Block Size 256.0 KB
      Current Block Size 256.0 KB
      Peak Allocated Bytes 12.4 KB
      Overflow Count 1
    [ALLOC_TEMP_ReadCacheIndex] x 3
      Initial Block Size 64.0 KB
      Current Block Size 64.0 KB
      Peak Allocated Bytes 0.5 KB
      Overflow Count 0
    [ALLOC_TEMP_EnlightenWorker] x 5
      Initial Block Size 64.0 KB
      Current Block Size 64.0 KB
      Peak Allocated Bytes 54 B
      Overflow Count 0
    [ALLOC_TEMP_BakingJobs.Worker 8]
      Initial Block Size 256.0 KB
      Current Block Size 256.0 KB
      Peak Allocated Bytes 54 B
      Overflow Count 0
    [ALLOC_TEMP_Job.Worker 9]
      Initial Block Size 256.0 KB
      Current Block Size 1.8 MB
      Peak Allocated Bytes 1.8 MB
      Overflow Count 0
    [ALLOC_TEMP_Job.Worker 6]
      Initial Block Size 256.0 KB
      Current Block Size 1.8 MB
      Peak Allocated Bytes 1.8 MB
      Overflow Count 0
    [ALLOC_TEMP_BakingJobs.Worker 1]
      Initial Block Size 256.0 KB
      Current Block Size 1.0 MB
      Peak Allocated Bytes 1.0 MB
      Overflow Count 1
    [ALLOC_TEMP_DirMonitor]
      Initial Block Size 64.0 KB
      Current Block Size 64.0 KB
      Peak Allocated Bytes 1.0 KB
      Overflow Count 0
    [ALLOC_TEMP_Loading.AsyncRead]
      Initial Block Size 64.0 KB
      Current Block Size 64.0 KB
      Peak Allocated Bytes 128 B
      Overflow Count 0
    [ALLOC_TEMP_Background Job.Worker 10]
      Initial Block Size 32.0 KB
      Current Block Size 32.0 KB
      Peak Allocated Bytes 54 B
      Overflow Count 0
    [ALLOC_TEMP_Job.Worker 16]
      Initial Block Size 256.0 KB
      Current Block Size 256.0 KB
      Peak Allocated Bytes 8.7 KB
      Overflow Count 1
    [ALLOC_TEMP_BakingJobs.Worker 9]
      Initial Block Size 256.0 KB
      Current Block Size 256.0 KB
      Peak Allocated Bytes 54 B
      Overflow Count 0
    [ALLOC_TEMP_BakingJobs.Worker 16]
      Initial Block Size 256.0 KB
      Current Block Size 256.0 KB
      Peak Allocated Bytes 54 B
      Overflow Count 0
    [ALLOC_TEMP_Background Job.Worker 6]
      Initial Block Size 32.0 KB
      Current Block Size 32.0 KB
      Peak Allocated Bytes 54 B
      Overflow Count 0
    [ALLOC_TEMP_AUDIO_FMOD (WASAPI) feeder thread]
      Initial Block Size 64.0 KB
      Current Block Size 64.0 KB
      Peak Allocated Bytes 168 B
      Overflow Count 0
    [ALLOC_TEMP_Background Job.Worker 1]
      Initial Block Size 32.0 KB
      Current Block Size 200.0 KB
      Peak Allocated Bytes 130.7 KB
      Overflow Count 0
    [ALLOC_TEMP_BakingJobs.Worker 11]
      Initial Block Size 256.0 KB
      Current Block Size 256.0 KB
      Peak Allocated Bytes 54 B
      Overflow Count 0
    [ALLOC_TEMP_AUDIO_FMOD stream thread]
      Initial Block Size 64.0 KB
      Current Block Size 64.0 KB
      Peak Allocated Bytes 54 B
      Overflow Count 0
    [ALLOC_TEMP_BakingJobs.Worker 19]
      Initial Block Size 256.0 KB
      Current Block Size 256.0 KB
      Peak Allocated Bytes 54 B
      Overflow Count 0
    [ALLOC_TEMP_BakingJobs.Worker 2]
      Initial Block Size 256.0 KB
      Current Block Size 256.0 KB
      Peak Allocated Bytes 54 B
      Overflow Count 0
    [ALLOC_TEMP_Background Job.Worker 7]
      Initial Block Size 32.0 KB
      Current Block Size 32.0 KB
      Peak Allocated Bytes 54 B
      Overflow Count 0
    [ALLOC_TEMP_Job.Worker 8]
      Initial Block Size 256.0 KB
      Current Block Size 1.8 MB
      Peak Allocated Bytes 1.8 MB
      Overflow Count 0
    [ALLOC_TEMP_BakingJobs.Worker 15]
      Initial Block Size 256.0 KB
      Current Block Size 256.0 KB
      Peak Allocated Bytes 54 B
      Overflow Count 0
    [ALLOC_TEMP_BakingJobs.Worker 0]
      Initial Block Size 256.0 KB
      Current Block Size 256.0 KB
      Peak Allocated Bytes 54 B
      Overflow Count 0
    [ALLOC_TEMP_BakingJobs.Worker 3]
      Initial Block Size 256.0 KB
      Current Block Size 256.0 KB
      Peak Allocated Bytes 54 B
      Overflow Count 0
    [ALLOC_TEMP_BakingJobs.Worker 14]
      Initial Block Size 256.0 KB
      Current Block Size 256.0 KB
      Peak Allocated Bytes 54 B
      Overflow Count 0
    [ALLOC_TEMP_EditorTaskManager]
      Initial Block Size 64.0 KB
      Current Block Size 68.0 KB
      Peak Allocated Bytes 64.0 KB
      Overflow Count 0
    [ALLOC_TEMP_Background Job.Worker 15]
      Initial Block Size 32.0 KB
      Current Block Size 32.0 KB
      Peak Allocated Bytes 54 B
      Overflow Count 0
    [ALLOC_TEMP_Job.Worker 1]
      Initial Block Size 256.0 KB
      Current Block Size 1.8 MB
      Peak Allocated Bytes 1.8 MB
      Overflow Count 0
    [ALLOC_TEMP_BakingJobs.Worker 4]
      Initial Block Size 256.0 KB
      Current Block Size 256.0 KB
      Peak Allocated Bytes 54 B
      Overflow Count 0
    [ALLOC_TEMP_Background Job.Worker 12]
      Initial Block Size 32.0 KB
      Current Block Size 32.0 KB
      Peak Allocated Bytes 54 B
      Overflow Count 0
    [ALLOC_TEMP_HTTP REST Server]
      Initial Block Size 64.0 KB
      Current Block Size 64.0 KB
      Peak Allocated Bytes 152 B
      Overflow Count 0
    [ALLOC_TEMP_BakingJobs.Worker 12]
      Initial Block Size 256.0 KB
      Current Block Size 256.0 KB
      Peak Allocated Bytes 54 B
      Overflow Count 0
    [ALLOC_TEMP_BakingJobs.Worker 13]
      Initial Block Size 256.0 KB
      Current Block Size 256.0 KB
      Peak Allocated Bytes 54 B
      Overflow Count 0
    [ALLOC_TEMP_BakingJobs.Worker 18]
      Initial Block Size 256.0 KB
      Current Block Size 256.0 KB
      Peak Allocated Bytes 54 B
      Overflow Count 0
    [ALLOC_TEMP_AssetGarbageCollectorHelper] x 19
      Initial Block Size 64.0 KB
      Current Block Size 64.0 KB
      Peak Allocated Bytes 0 B
      Overflow Count 0
    [ALLOC_TEMP_Background Job.Worker 0]
      Initial Block Size 32.0 KB
      Current Block Size 32.0 KB
      Peak Allocated Bytes 54 B
      Overflow Count 0
    [ALLOC_TEMP_Background Job.Worker 4]
      Initial Block Size 32.0 KB
      Current Block Size 32.0 KB
      Peak Allocated Bytes 54 B
      Overflow Count 0
    [ALLOC_TEMP_Background Job.Worker 14]
      Initial Block Size 32.0 KB
      Current Block Size 32.0 KB
      Peak Allocated Bytes 54 B
      Overflow Count 0
    [ALLOC_TEMP_Job.Worker 7]
      Initial Block Size 256.0 KB
      Current Block Size 1.8 MB
      Peak Allocated Bytes 1.8 MB
      Overflow Count 0
[ALLOC_MEMORYPROFILER]
  Peak usage frame count: [0.5 MB-1.0 MB]: 2832 frames, [1.0 MB-2.0 MB]: 2309 frames
  Requested Block Size 1.0 MB
  Peak Block count 2
  Peak Allocated memory 1.5 MB
  Peak Large allocation bytes 0 B
[ALLOC_DEFAULT] Dual Thread Allocator
  Peak main deferred allocation count 1425
    [ALLOC_BUCKET]
      Large Block size 32.0 MB
      Used Block count 2
      Peak Allocated bytes 18.5 MB
    [ALLOC_DEFAULT_MAIN]
      Peak usage frame count: [128.0 MB-256.0 MB]: 5141 frames
      Requested Block Size 16.0 MB
      Peak Block count 10
      Peak Allocated memory 200.2 MB
      Peak Large allocation bytes 56.9 MB
    [ALLOC_DEFAULT_THREAD]
      Peak usage frame count: [8.0 MB-16.0 MB]: 1929 frames, [16.0 MB-32.0 MB]: 3212 frames
      Requested Block Size 16.0 MB
      Peak Block count 2
      Peak Allocated memory 21.0 MB
      Peak Large allocation bytes 0 B
[ALLOC_TEMP_JOB_1_FRAME]
  Initial Block Size 2.0 MB
  Used Block Count 0
  Overflow Count (too large) 0
  Overflow Count (full) 0
[ALLOC_TEMP_JOB_2_FRAMES]
  Initial Block Size 2.0 MB
  Used Block Count 0
  Overflow Count (too large) 0
  Overflow Count (full) 0
[ALLOC_TEMP_JOB_4_FRAMES (JobTemp)]
  Initial Block Size 2.0 MB
  Used Block Count 1
  Overflow Count (too large) 0
  Overflow Count (full) 0
[ALLOC_TEMP_JOB_ASYNC (Background)]
  Initial Block Size 1.0 MB
  Used Block Count 1
  Overflow Count (too large) 0
  Overflow Count (full) 0
[ALLOC_GFX] Dual Thread Allocator
  Peak main deferred allocation count 130
    [ALLOC_BUCKET]
      Large Block size 32.0 MB
      Used Block count 2
      Peak Allocated bytes 18.5 MB
    [ALLOC_GFX_MAIN]
      Peak usage frame count: [8.0 MB-16.0 MB]: 2267 frames, [16.0 MB-32.0 MB]: 2874 frames
      Requested Block Size 16.0 MB
      Peak Block count 2
      Peak Allocated memory 17.4 MB
      Peak Large allocation bytes 0 B
    [ALLOC_GFX_THREAD]
      Peak usage frame count: [0-1.0 KB]: 1 frames, [2.0 KB-4.0 KB]: 2 frames, [128.0 KB-256.0 KB]: 15 frames, [4.0 MB-8.0 MB]: 27 frames, [8.0 MB-16.0 MB]: 11 frames, [16.0 MB-32.0 MB]: 1 frames, [64.0 MB-128.0 MB]: 3 frames, [128.0 MB-256.0 MB]: 6 frames, [256.0 MB-0.50 GB]: 22 frames, [0.50 GB-1.00 GB]: 483 frames, [1.00 GB-2.00 GB]: 1700 frames, [2.00 GB-4.00 GB]: 2870 frames
      Requested Block Size 16.0 MB
      Peak Block count 115
      Peak Allocated memory 2.71 GB
      Peak Large allocation bytes 0.93 GB
[ALLOC_CACHEOBJECTS] Dual Thread Allocator
  Peak main deferred allocation count 749
    [ALLOC_BUCKET]
      Large Block size 32.0 MB
      Used Block count 2
      Peak Allocated bytes 18.5 MB
    [ALLOC_CACHEOBJECTS_MAIN]
      Peak usage frame count: [16.0 MB-32.0 MB]: 5093 frames, [32.0 MB-64.0 MB]: 46 frames, [64.0 MB-128.0 MB]: 2 frames
      Requested Block Size 4.0 MB
      Peak Block count 40
      Peak Allocated memory 113.1 MB
      Peak Large allocation bytes 48.2 MB
    [ALLOC_CACHEOBJECTS_THREAD]
      Peak usage frame count: [0-1.0 KB]: 1 frames, [1.0 KB-2.0 KB]: 2 frames, [2.0 KB-4.0 KB]: 10 frames, [128.0 KB-256.0 KB]: 5 frames, [16.0 MB-32.0 MB]: 3929 frames, [32.0 MB-64.0 MB]: 41 frames, [64.0 MB-128.0 MB]: 67 frames, [128.0 MB-256.0 MB]: 188 frames, [256.0 MB-0.50 GB]: 898 frames
      Requested Block Size 4.0 MB
      Peak Block count 93
      Peak Allocated memory 388.9 MB
      Peak Large allocation bytes 19.1 MB
[ALLOC_TYPETREE] Dual Thread Allocator
  Peak main deferred allocation count 1079
    [ALLOC_BUCKET]
      Large Block size 32.0 MB
      Used Block count 2
      Peak Allocated bytes 18.5 MB
    [ALLOC_TYPETREE_MAIN]
      Peak usage frame count: [256.0 KB-0.5 MB]: 4453 frames, [0.5 MB-1.0 MB]: 494 frames, [1.0 MB-2.0 MB]: 190 frames, [2.0 MB-4.0 MB]: 3 frames, [32.0 MB-64.0 MB]: 1 frames
      Requested Block Size 2.0 MB
      Peak Block count 22
      Peak Allocated memory 40.0 MB
      Peak Large allocation bytes 0 B
    [ALLOC_TYPETREE_THREAD]
      Peak usage frame count: [1.0 KB-2.0 KB]: 3 frames, [8.0 KB-16.0 KB]: 3 frames, [32.0 KB-64.0 KB]: 12 frames, [128.0 KB-256.0 KB]: 27 frames, [256.0 KB-0.5 MB]: 3894 frames, [0.5 MB-1.0 MB]: 1 frames, [1.0 MB-2.0 MB]: 36 frames, [2.0 MB-4.0 MB]: 4 frames, [4.0 MB-8.0 MB]: 6 frames, [8.0 MB-16.0 MB]: 7 frames, [16.0 MB-32.0 MB]: 115 frames, [32.0 MB-64.0 MB]: 145 frames, [64.0 MB-128.0 MB]: 888 frames
      Requested Block Size 2.0 MB
      Peak Block count 44
      Peak Allocated memory 84.0 MB
      Peak Large allocation bytes 0 B
[ALLOC_PROFILER]
  Peak usage frame count: [0.5 MB-1.0 MB]: 5141 frames
  Requested Block Size 16.0 MB
  Peak Block count 1
  Peak Allocated memory 0.7 MB
  Peak Large allocation bytes 0 B
    [ALLOC_PROFILER_BUCKET]
      Large Block size 32.0 MB
      Used Block count 1
      Peak Allocated bytes 17.1 KB
[ALLOC_PROFILER_EDITOR]
  Peak usage frame count: [0-1.0 KB]: 5141 frames
  Requested Block Size 1.0 MB
  Peak Block count 0
  Peak Allocated memory 0 B
  Peak Large allocation bytes 0 B
    [ALLOC_PROFILER_BUCKET]
      Large Block size 32.0 MB
      Used Block count 1
      Peak Allocated bytes 17.1 KB
##utp:{"type":"MemoryLeaks","version":2,"phase":"Immediate","time":1787582166179,"processId":40908,"allocatedMemory":35488409,"memoryLabels":[{"Default":20431},{"Permanent":15615},{"NewDelete":82208},{"Thread":4229412},{"Manager":35536},{"VertexData":204},{"Geometry":560},{"Texture":632},{"Shader":68854},{"Material":24},{"GfxDevice":57208},{"Animation":296},{"Audio":3928},{"FontEngine":272},{"Physics":513},{"Serialization":948},{"Input":14744},{"JobScheduler":35336},{"Mono":40},{"ScriptingNativeRuntime":191848},{"BaseObject":1627276},{"Resource":1360},{"Renderer":2304},{"Transform":16},{"File":21279},{"WebCam":96},{"Culling":40},{"Terrain":1137},{"Wind":24},{"STL":48},{"String":17018},{"DynamicArray":131159},{"HashMap":4463279},{"Utility":2664898},{"Curl":1424},{"PoolAlloc":1784},{"AI":104},{"TypeTree":5077},{"ScriptManager":640},{"RuntimeInitializeOnLoadManager":80},{"SpriteAtlas":128},{"GI":5032},{"Director":7960},{"WebRequest":688},{"VR":46081},{"SceneManager":568},{"Video":72},{"LazyScriptCache":40},{"NativeArray":12},{"Camera":25},{"Secure":1},{"SerializationCache":1584},{"APIUpdating":11872},{"Subsystems":392},{"VirtualTexturing":57896},{"StaticSafetyDebugInfo":327680},{"EditorGui":56},{"EditorUtility":41211},{"VersionControl":4},{"Undo":704},{"AssetDatabase":21240141},{"RestService":1414},{"EditorGi":376},{"License":3584},{"UnityConnect":25344},{"Collab":593},{"Upm":2032},{"DrivenProperties":96},{"LocalIPC":296},{"ProfilerEditor":10943},{"CoreBusinessMetrics":3852},{"AssetReference":40},{"IPCStream":40}]}
