[Licensing::Module] Trying to connect to existing licensing client channel...
[Licensing::IpcConnector] Successfully connected to: "LicenseClient-WIN10" at "2026-08-24T09:16:18.8746462Z"
[Licensing::Client] Code 10 while verifying Licensing Client signature (process Id: 6032, path: "D:/unity/Unity Hub/UnityLicensingClient_V1/Unity.Licensing.Client.exe")
[Licensing::Module] LicensingClient has failed validation; ignoring
[Licensing::Client] Error: HandshakeResponse reported an error:
	ResponseCode: 505
	ResponseStatus: Unsupported protocol version '1.16.2'.
[Licensing::Module] Error: Failed to handshake to channel: "LicenseClient-WIN10"
[Licensing::IpcConnector] LicenseClient-WIN10 channel disconnected successfully.
[Licensing::IpcConnector] Successfully connected to: "LicenseClient-WIN10-2022.3.62" at "2026-08-24T09:16:18.9366477Z"
[Licensing::Client] Code 10 while verifying Licensing Client signature (process Id: 16716, path: "C:/Program Files/Unity/Hub/Editor/2022.3.62f3/Editor/Data/Resources/Licensing/Client/Unity.Licensing.Client.exe")
[Licensing::Module] LicensingClient has failed validation; ignoring
[Licensing::Client] Handshaking with LicensingClient:
  Version:                 1.16.2+bdef8f5
  Session Id:              f7181742a27a4ddca38128ffe3591063
  Correlation Id:          32fcc81276828896fcc3479650094061
  External correlation Id: 8511281360809866719
  Machine Id:              OfSOB9hlSOHqKDTn/0aysRfJBWw=
[Licensing::Module] Successfully connected to LicensingClient on channel: "LicenseClient-WIN10-2022.3.62" (connect: 0.00s, validation: 0.01s, handshake: 0.01s)
[Licensing::IpcConnector] Successfully connected to: "LicenseClient-WIN10-2022.3.62-notifications" at "2026-08-24T09:16:18.9551469Z"
[Licensing::Module] Error: Access token is unavailable; failed to update
[Licensing::Client] Successfully updated license
Built from '2022.3/china_unity/release' branch; Version is '2022.3.62f3c1 (1623fc0bbb97) revision 1451004'; Using compiler version '192829333'; Build Type 'Release'
OS: 'Windows 10  (10.0.19045) 64bit Professional' Language: 'zh' Physical Memory: 65241 MB
[Licensing::Client] Successfully resolved entitlement details
[Licensing::Module] Serial number assigned to: "F4-FUFT-MQVB-TJ9V-896H-XXXX"
BatchMode: 1, IsHumanControllingUs: 0, StartBugReporterOnCrash: 0, Is64bit: 1, IsPro: 0
[Licensing::Client] Successfully resolved entitlement details

COMMAND LINE ARGUMENTS:
C:\Program Files\Unity\Hub\Editor\2022.3.62f3c1\Editor\Unity.exe
-batchmode
-nographics
-projectPath
D:\unity\UnityProject\ColorTimeing\New\_ColorTiming
-runTests
-testPlatform
PlayMode
-testFilter
ColorTiming.Tests.PlayMode.StartupFlowPlayModeTests
-testResults
D:\unity\UnityProject\ColorTimeing\New\_ColorTiming\Documentation\Refactor\playmode-startup-smoke.xml
-logFile
D:\unity\UnityProject\ColorTimeing\New\_ColorTiming\Documentation\Refactor\playmode-startup-smoke.log
Successfully changed project path to: D:\unity\UnityProject\ColorTimeing\New\_ColorTiming
D:/unity/UnityProject/ColorTimeing/New/_ColorTiming
[UnityMemory] Configuration Parameters - Can be set up in boot.config
    "memorysetup-bucket-allocator-granularity=16"
    "memorysetup-bucket-allocator-bucket-count=8"
    "memorysetup-bucket-allocator-block-size=33554432"
    "memorysetup-bucket-allocator-block-count=8"
    "memorysetup-main-allocator-block-size=16777216"
    "memorysetup-thread-allocator-block-size=16777216"
    "memorysetup-gfx-main-allocator-block-size=16777216"
    "memorysetup-gfx-thread-allocator-block-size=16777216"
    "memorysetup-cache-allocator-block-size=4194304"
    "memorysetup-typetree-allocator-block-size=2097152"
    "memorysetup-profiler-bucket-allocator-granularity=16"
    "memorysetup-profiler-bucket-allocator-bucket-count=8"
    "memorysetup-profiler-bucket-allocator-block-size=33554432"
    "memorysetup-profiler-bucket-allocator-block-count=8"
    "memorysetup-profiler-allocator-block-size=16777216"
    "memorysetup-profiler-editor-allocator-block-size=1048576"
    "memorysetup-temp-allocator-size-main=16777216"
    "memorysetup-job-temp-allocator-block-size=2097152"
    "memorysetup-job-temp-allocator-block-size-background=1048576"
    "memorysetup-job-temp-allocator-reduction-small-platforms=262144"
    "memorysetup-allocator-temp-initial-block-size-main=262144"
    "memorysetup-allocator-temp-initial-block-size-worker=262144"
    "memorysetup-temp-allocator-size-background-worker=32768"
    "memorysetup-temp-allocator-size-job-worker=262144"
    "memorysetup-temp-allocator-size-preload-manager=33554432"
    "memorysetup-temp-allocator-size-nav-mesh-worker=65536"
    "memorysetup-temp-allocator-size-audio-worker=65536"
    "memorysetup-temp-allocator-size-cloud-worker=32768"
    "memorysetup-temp-allocator-size-gi-baking-worker=262144"
    "memorysetup-temp-allocator-size-gfx=262144"
Player connection [33672]  Target information:

Player connection [33672]  * "[IP] 192.168.3.51 [Port] 55506 [Flags] 2 [Guid] 725720974 [EditorId] 725720974 [Version] 1048832 [Id] WindowsEditor(7,DESKTOP-7JQ11GM) [Debug] 1 [PackageName] WindowsEditor [ProjectName] Editor" 

Player connection [33672] Host joined multi-casting on [225.0.0.222:54997]...
Player connection [33672] Host joined alternative multi-casting on [225.0.0.222:34997]...
Input System module state changed to: Initialized.
[PhysX] Initialized MultithreadedTaskDispatcher with 20 workers.
[Package Manager] UpmClient::Connect -- Connected to IPC stream "Upm-75376" after 0.3 seconds.
[Package Manager] Restoring resolved packages state from cache
[Licensing::Client] Successfully resolved entitlement details
[Package Manager] Registered 73 packages:
  Packages from [https://npm.cloudsmith.io/jillejr/newtonsoft-json-for-unity]:
    jillejr.newtonsoft.json-for-unity.converters@1.6.3 (location: D:\unity\UnityProject\ColorTimeing\New\_ColorTiming\Library\PackageCache\jillejr.newtonsoft.json-for-unity.converters@1.6.3)
  Packages from [https://packages.unity.cn]:
    com.unity.cinemachine@2.10.3 (location: D:\unity\UnityProject\ColorTimeing\New\_ColorTiming\Library\PackageCache\com.unity.cinemachine@2.10.3)
    com.unity.collab-proxy@2.12.4 (location: D:\unity\UnityProject\ColorTimeing\New\_ColorTiming\Library\PackageCache\com.unity.collab-proxy@2.12.4)
    com.unity.collections@2.5.7 (location: D:\unity\UnityProject\ColorTimeing\New\_ColorTiming\Library\PackageCache\com.unity.collections@2.5.7)
    com.unity.ide.rider@3.0.36 (location: D:\unity\UnityProject\ColorTimeing\New\_ColorTiming\Library\PackageCache\com.unity.ide.rider@3.0.36)
    com.unity.ide.visualstudio@2.0.22 (location: D:\unity\UnityProject\ColorTimeing\New\_ColorTiming\Library\PackageCache\com.unity.ide.visualstudio@2.0.22)
    com.unity.ide.vscode@1.2.5 (location: D:\unity\UnityProject\ColorTimeing\New\_ColorTiming\Library\PackageCache\com.unity.ide.vscode@1.2.5)
    com.unity.jobs@0.70.0-preview.7 (location: D:\unity\UnityProject\ColorTimeing\New\_ColorTiming\Library\PackageCache\com.unity.jobs@0.70.0-preview.7)
    com.unity.nuget.newtonsoft-json@3.2.1 (location: D:\unity\UnityProject\ColorTimeing\New\_ColorTiming\Library\PackageCache\com.unity.nuget.newtonsoft-json@3.2.1)
    com.unity.probuilder@5.2.4 (location: D:\unity\UnityProject\ColorTimeing\New\_ColorTiming\Library\PackageCache\com.unity.probuilder@5.2.4)
    com.unity.searcher@4.9.2 (location: D:\unity\UnityProject\ColorTimeing\New\_ColorTiming\Library\PackageCache\com.unity.searcher@4.9.2)
    com.unity.textmeshpro@3.0.8 (location: D:\unity\UnityProject\ColorTimeing\New\_ColorTiming\Library\PackageCache\com.unity.textmeshpro@3.0.8)
    com.unity.timeline@1.7.7 (location: D:\unity\UnityProject\ColorTimeing\New\_ColorTiming\Library\PackageCache\com.unity.timeline@1.7.7)
    com.unity.visualscripting@1.9.4 (location: D:\unity\UnityProject\ColorTimeing\New\_ColorTiming\Library\PackageCache\com.unity.visualscripting@1.9.4)
    com.unity.burst@1.8.21 (location: D:\unity\UnityProject\ColorTimeing\New\_ColorTiming\Library\PackageCache\com.unity.burst@1.8.21)
    com.unity.settings-manager@2.1.0 (location: D:\unity\UnityProject\ColorTimeing\New\_ColorTiming\Library\PackageCache\com.unity.settings-manager@2.1.0)
    com.unity.2d.animation@9.2.0 (location: D:\unity\UnityProject\ColorTimeing\New\_ColorTiming\Library\PackageCache\com.unity.2d.animation@9.2.0)
    com.unity.2d.pixel-perfect@5.1.0 (location: D:\unity\UnityProject\ColorTimeing\New\_ColorTiming\Library\PackageCache\com.unity.2d.pixel-perfect@5.1.0)
    com.unity.2d.psdimporter@8.1.0 (location: D:\unity\UnityProject\ColorTimeing\New\_ColorTiming\Library\PackageCache\com.unity.2d.psdimporter@8.1.0)
    com.unity.2d.spriteshape@9.1.0 (location: D:\unity\UnityProject\ColorTimeing\New\_ColorTiming\Library\PackageCache\com.unity.2d.spriteshape@9.1.0)
    com.unity.2d.tilemap.extras@3.1.3 (location: D:\unity\UnityProject\ColorTimeing\New\_ColorTiming\Library\PackageCache\com.unity.2d.tilemap.extras@3.1.3)
    com.unity.2d.aseprite@1.1.9 (location: D:\unity\UnityProject\ColorTimeing\New\_ColorTiming\Library\PackageCache\com.unity.2d.aseprite@1.1.9)
    com.unity.mathematics@1.3.2 (location: D:\unity\UnityProject\ColorTimeing\New\_ColorTiming\Library\PackageCache\com.unity.mathematics@1.3.2)
    com.unity.test-framework@1.4.6 (location: D:\unity\UnityProject\ColorTimeing\New\_ColorTiming\Library\PackageCache\com.unity.test-framework@1.4.6)
    com.unity.nuget.mono-cecil@1.11.5 (location: D:\unity\UnityProject\ColorTimeing\New\_ColorTiming\Library\PackageCache\com.unity.nuget.mono-cecil@1.11.5)
    com.unity.test-framework.performance@3.0.3 (location: D:\unity\UnityProject\ColorTimeing\New\_ColorTiming\Library\PackageCache\com.unity.test-framework.performance@3.0.3)
    com.unity.2d.common@8.1.0 (location: D:\unity\UnityProject\ColorTimeing\New\_ColorTiming\Library\PackageCache\com.unity.2d.common@8.1.0)
    com.unity.ext.nunit@2.0.3 (location: D:\unity\UnityProject\ColorTimeing\New\_ColorTiming\Library\PackageCache\com.unity.ext.nunit@2.0.3)
  Built-in packages:
    com.unity.feature.2d@2.0.1 (location: D:\unity\UnityProject\ColorTimeing\New\_ColorTiming\Library\PackageCache\com.unity.feature.2d@2.0.1)
    com.unity.render-pipelines.universal@14.0.12 (location: D:\unity\UnityProject\ColorTimeing\New\_ColorTiming\Library\PackageCache\com.unity.render-pipelines.universal@14.0.12)
    com.unity.ugui@1.0.0 (location: D:\unity\UnityProject\ColorTimeing\New\_ColorTiming\Library\PackageCache\com.unity.ugui@1.0.0)
    com.unity.modules.ai@1.0.0 (location: D:\unity\UnityProject\ColorTimeing\New\_ColorTiming\Library\PackageCache\com.unity.modules.ai@1.0.0)
    com.unity.modules.androidjni@1.0.0 (location: D:\unity\UnityProject\ColorTimeing\New\_ColorTiming\Library\PackageCache\com.unity.modules.androidjni@1.0.0)
    com.unity.modules.animation@1.0.0 (location: D:\unity\UnityProject\ColorTimeing\New\_ColorTiming\Library\PackageCache\com.unity.modules.animation@1.0.0)
    com.unity.modules.assetbundle@1.0.0 (location: D:\unity\UnityProject\ColorTimeing\New\_ColorTiming\Library\PackageCache\com.unity.modules.assetbundle@1.0.0)
    com.unity.modules.audio@1.0.0 (location: D:\unity\UnityProject\ColorTimeing\New\_ColorTiming\Library\PackageCache\com.unity.modules.audio@1.0.0)
    com.unity.modules.cloth@1.0.0 (location: D:\unity\UnityProject\ColorTimeing\New\_ColorTiming\Library\PackageCache\com.unity.modules.cloth@1.0.0)
    com.unity.modules.director@1.0.0 (location: D:\unity\UnityProject\ColorTimeing\New\_ColorTiming\Library\PackageCache\com.unity.modules.director@1.0.0)
    com.unity.modules.imageconversion@1.0.0 (location: D:\unity\UnityProject\ColorTimeing\New\_ColorTiming\Library\PackageCache\com.unity.modules.imageconversion@1.0.0)
    com.unity.modules.imgui@1.0.0 (location: D:\unity\UnityProject\ColorTimeing\New\_ColorTiming\Library\PackageCache\com.unity.modules.imgui@1.0.0)
    com.unity.modules.jsonserialize@1.0.0 (location: D:\unity\UnityProject\ColorTimeing\New\_ColorTiming\Library\PackageCache\com.unity.modules.jsonserialize@1.0.0)
    com.unity.modules.particlesystem@1.0.0 (location: D:\unity\UnityProject\ColorTimeing\New\_ColorTiming\Library\PackageCache\com.unity.modules.particlesystem@1.0.0)
    com.unity.modules.physics@1.0.0 (location: D:\unity\UnityProject\ColorTimeing\New\_ColorTiming\Library\PackageCache\com.unity.modules.physics@1.0.0)
    com.unity.modules.physics2d@1.0.0 (location: D:\unity\UnityProject\ColorTimeing\New\_ColorTiming\Library\PackageCache\com.unity.modules.physics2d@1.0.0)
    com.unity.modules.screencapture@1.0.0 (location: D:\unity\UnityProject\ColorTimeing\New\_ColorTiming\Library\PackageCache\com.unity.modules.screencapture@1.0.0)
    com.unity.modules.terrain@1.0.0 (location: D:\unity\UnityProject\ColorTimeing\New\_ColorTiming\Library\PackageCache\com.unity.modules.terrain@1.0.0)
    com.unity.modules.terrainphysics@1.0.0 (location: D:\unity\UnityProject\ColorTimeing\New\_ColorTiming\Library\PackageCache\com.unity.modules.terrainphysics@1.0.0)
    com.unity.modules.tilemap@1.0.0 (location: D:\unity\UnityProject\ColorTimeing\New\_ColorTiming\Library\PackageCache\com.unity.modules.tilemap@1.0.0)
    com.unity.modules.ui@1.0.0 (location: D:\unity\UnityProject\ColorTimeing\New\_ColorTiming\Library\PackageCache\com.unity.modules.ui@1.0.0)
    com.unity.modules.uielements@1.0.0 (location: D:\unity\UnityProject\ColorTimeing\New\_ColorTiming\Library\PackageCache\com.unity.modules.uielements@1.0.0)
    com.unity.modules.umbra@1.0.0 (location: D:\unity\UnityProject\ColorTimeing\New\_ColorTiming\Library\PackageCache\com.unity.modules.umbra@1.0.0)
    com.unity.modules.unityanalytics@1.0.0 (location: D:\unity\UnityProject\ColorTimeing\New\_ColorTiming\Library\PackageCache\com.unity.modules.unityanalytics@1.0.0)
    com.unity.modules.unitywebrequest@1.0.0 (location: D:\unity\UnityProject\ColorTimeing\New\_ColorTiming\Library\PackageCache\com.unity.modules.unitywebrequest@1.0.0)
    com.unity.modules.unitywebrequestassetbundle@1.0.0 (location: D:\unity\UnityProject\ColorTimeing\New\_ColorTiming\Library\PackageCache\com.unity.modules.unitywebrequestassetbundle@1.0.0)
    com.unity.modules.unitywebrequestaudio@1.0.0 (location: D:\unity\UnityProject\ColorTimeing\New\_ColorTiming\Library\PackageCache\com.unity.modules.unitywebrequestaudio@1.0.0)
    com.unity.modules.unitywebrequesttexture@1.0.0 (location: D:\unity\UnityProject\ColorTimeing\New\_ColorTiming\Library\PackageCache\com.unity.modules.unitywebrequesttexture@1.0.0)
    com.unity.modules.unitywebrequestwww@1.0.0 (location: D:\unity\UnityProject\ColorTimeing\New\_ColorTiming\Library\PackageCache\com.unity.modules.unitywebrequestwww@1.0.0)
    com.unity.modules.vehicles@1.0.0 (location: D:\unity\UnityProject\ColorTimeing\New\_ColorTiming\Library\PackageCache\com.unity.modules.vehicles@1.0.0)
    com.unity.modules.video@1.0.0 (location: D:\unity\UnityProject\ColorTimeing\New\_ColorTiming\Library\PackageCache\com.unity.modules.video@1.0.0)
    com.unity.modules.vr@1.0.0 (location: D:\unity\UnityProject\ColorTimeing\New\_ColorTiming\Library\PackageCache\com.unity.modules.vr@1.0.0)
    com.unity.modules.wind@1.0.0 (location: D:\unity\UnityProject\ColorTimeing\New\_ColorTiming\Library\PackageCache\com.unity.modules.wind@1.0.0)
    com.unity.modules.xr@1.0.0 (location: D:\unity\UnityProject\ColorTimeing\New\_ColorTiming\Library\PackageCache\com.unity.modules.xr@1.0.0)
    com.unity.modules.subsystems@1.0.0 (location: D:\unity\UnityProject\ColorTimeing\New\_ColorTiming\Library\PackageCache\com.unity.modules.subsystems@1.0.0)
    com.unity.render-pipelines.core@14.0.12 (location: D:\unity\UnityProject\ColorTimeing\New\_ColorTiming\Library\PackageCache\com.unity.render-pipelines.core@14.0.12)
    com.unity.shadergraph@14.0.12 (location: D:\unity\UnityProject\ColorTimeing\New\_ColorTiming\Library\PackageCache\com.unity.shadergraph@14.0.12)
    com.unity.render-pipelines.universal-config@14.0.10 (location: D:\unity\UnityProject\ColorTimeing\New\_ColorTiming\Library\PackageCache\com.unity.render-pipelines.universal-config@14.0.10)
    com.unity.2d.sprite@1.0.0 (location: D:\unity\UnityProject\ColorTimeing\New\_ColorTiming\Library\PackageCache\com.unity.2d.sprite@1.0.0)
    com.unity.2d.tilemap@1.0.0 (location: D:\unity\UnityProject\ColorTimeing\New\_ColorTiming\Library\PackageCache\com.unity.2d.tilemap@1.0.0)
  Local packages:
    com.handzlikchris.fastscriptreload@file:D:\unity\UnityProject\ColorTimeing\New\_ColorTiming\LocalPackages\FastScriptReload\Assets (location: D:\unity\UnityProject\ColorTimeing\New\_ColorTiming\LocalPackages\FastScriptReload\Assets)
  Git packages:
    com.besty.unity-skills@https://github.com/Besty0728/Unity-Skills.git?path=/SkillsForUnity#v2.1.0 (location: D:\unity\UnityProject\ColorTimeing\New\_ColorTiming\Library\PackageCache\com.besty.unity-skills@f6f09e6bb0)
    com.code-philosophy.hybridclr@https://gitee.com/focus-creative-games/hybridclr_unity.git (location: D:\unity\UnityProject\ColorTimeing\New\_ColorTiming\Library\PackageCache\com.code-philosophy.hybridclr@e4def761d6)
    com.code-philosophy.obfuz@https://gitee.com/focus-creative-games/obfuz.git (location: D:\unity\UnityProject\ColorTimeing\New\_ColorTiming\Library\PackageCache\com.code-philosophy.obfuz@977779c8b7)
    com.code-philosophy.obfuz4hybridclr@https://gitee.com/focus-creative-games/obfuz4hybridclr.git (location: D:\unity\UnityProject\ColorTimeing\New\_ColorTiming\Library\PackageCache\com.code-philosophy.obfuz4hybridclr@40c8b6c1a8)
[Subsystems] No new subsystems found in resolved package list.
Package Manager log level set to [2]
[Package Manager] Done registering packages in 0.10 seconds
Refreshing native plugins compatible for Editor in 20.49 ms, found 5 plugins.
Preloading 0 native plugins for Editor in 0.00 ms.
Initialize engine version: 2022.3.62f3c1 (1623fc0bbb97)
[Subsystems] Discovering subsystems at path C:/Program Files/Unity/Hub/Editor/2022.3.62f3c1/Editor/Data/Resources/UnitySubsystems
[Subsystems] Discovering subsystems at path D:/unity/UnityProject/ColorTimeing/New/_ColorTiming/Assets
Forcing GfxDevice: Null
GfxDevice: creating device client; threaded=0; jobified=0
NullGfxDevice:
    Version:  NULL 1.0 [1.0]
    Renderer: Null Device
    Vendor:   Unity Technologies
[Licensing::Client] Successfully resolved entitlement details
Initialize mono
Mono path[0] = 'C:/Program Files/Unity/Hub/Editor/2022.3.62f3c1/Editor/Data/Managed'
Mono path[1] = 'C:/Program Files/Unity/Hub/Editor/2022.3.62f3c1/Editor/Data/MonoBleedingEdge/lib/mono/unityjit-win32'
Mono config path = 'C:/Program Files/Unity/Hub/Editor/2022.3.62f3c1/Editor/Data/MonoBleedingEdge/etc'
Using monoOptions --debugger-agent=transport=dt_socket,embedding=1,server=y,suspend=n,address=127.0.0.1:56376
Using cacheserver namespaces - metadata:defaultmetadata, artifacts:defaultartifacts
Using cacheserver namespaces - metadata:defaultmetadata, artifacts:defaultartifacts
ImportWorker Server TCP listen port: 0
Begin MonoManager ReloadAssembly
Registering precompiled unity dll's ...
Register platform support module: C:/Program Files/Unity/Hub/Editor/2022.3.62f3c1/Editor/Data/PlaybackEngines/WindowsStandaloneSupport/UnityEditor.WindowsStandalone.Extensions.dll
Registered in 0.006913 seconds.
- Loaded All Assemblies, in  0.274 seconds
Native extension for WindowsStandalone target not found
Mono: successfully reloaded assembly
- Finished resetting the current domain, in  0.189 seconds
Domain Reload Profiling: 462ms
	BeginReloadAssembly (96ms)
		ExecutionOrderSort (0ms)
		DisableScriptedObjects (0ms)
		BackupInstance (0ms)
		ReleaseScriptingObjects (0ms)
		CreateAndSetChildDomain (1ms)
	RebuildCommonClasses (27ms)
	RebuildNativeTypeToScriptingClass (7ms)
	initialDomainReloadingComplete (50ms)
	LoadAllAssembliesAndSetupDomain (92ms)
		LoadAssemblies (94ms)
		RebuildTransferFunctionScriptingTraits (0ms)
		AnalyzeDomain (90ms)
			TypeCache.Refresh (89ms)
				TypeCache.ScanAssembly (81ms)
			ScanForSourceGeneratedMonoScriptInfo (0ms)
			ResolveRequiredComponents (0ms)
	FinalizeReload (189ms)
		ReleaseScriptCaches (0ms)
		RebuildScriptCaches (0ms)
		SetupLoadedEditorAssemblies (157ms)
			LogAssemblyErrors (0ms)
			InitializePlatformSupportModulesInManaged (7ms)
			SetLoadedEditorAssemblies (5ms)
			RefreshPlugins (0ms)
			BeforeProcessingInitializeOnLoad (2ms)
			ProcessInitializeOnLoadAttributes (98ms)
			ProcessInitializeOnLoadMethodAttributes (45ms)
			AfterProcessingInitializeOnLoad (0ms)
			EditorAssembliesLoaded (0ms)
		ExecutionOrderSort2 (0ms)
		AwakeInstancesAfterBackupRestoration (0ms)
[Licensing::Client] Successfully resolved entitlement details
Application.AssetDatabase Initial Refresh Start
[ScriptCompilation] Requested script compilation because: Assetdatabase observed changes in script compilation related files
Duplicate assembly 'Mono.Cecil.Pdb.dll' with different versions detected, using 'Packages/com.handzlikchris.fastscriptreload/Plugins/Harmony/net48/Mono.Cecil.Pdb.dll, AssemblyName=Mono.Cecil.Pdb, Version=0.11.6.0, Culture=neutral, PublicKeyToken=50cebf1cceb9d05e' and ignoring 'Packages/com.unity.nuget.mono-cecil/Mono.Cecil.Pdb.dll, AssemblyName=Mono.Cecil.Pdb, Version=0.11.5.0, Culture=neutral, PublicKeyToken=50cebf1cceb9d05e'.Duplicate assembly 'System.Collections.Immutable.dll' with different versions detected, using 'Assets/Plugins/Protobuf/System.Collections.Immutable.dll, AssemblyName=System.Collections.Immutable, Version=7.0.0.0, Culture=neutral, PublicKeyToken=b03f5f7f11d50a3a' and ignoring 'Packages/com.handzlikchris.fastscriptreload/Plugins/Roslyn/2021+/System.Collections.Immutable.dll, AssemblyName=System.Collections.Immutable, Version=1.2.3.0, Culture=neutral, PublicKeyToken=b03f5f7f11d50a3a'.Duplicate assembly 'Mono.Cecil.Rocks.dll' with different versions detected, using 'Packages/com.handzlikchris.fastscriptreload/Plugins/Harmony/net48/Mono.Cecil.Rocks.dll, AssemblyName=Mono.Cecil.Rocks, Version=0.11.6.0, Culture=neutral, PublicKeyToken=50cebf1cceb9d05e' and ignoring 'Packages/com.unity.nuget.mono-cecil/Mono.Cecil.Rocks.dll, AssemblyName=Mono.Cecil.Rocks, Version=0.11.5.0, Culture=neutral, PublicKeyToken=50cebf1cceb9d05e'.Duplicate assembly 'Mono.Cecil.Mdb.dll' with different versions detected, using 'Packages/com.handzlikchris.fastscriptreload/Plugins/Harmony/net48/Mono.Cecil.Mdb.dll, AssemblyName=Mono.Cecil.Mdb, Version=0.11.6.0, Culture=neutral, PublicKeyToken=50cebf1cceb9d05e' and ignoring 'Packages/com.unity.nuget.mono-cecil/Mono.Cecil.Mdb.dll, AssemblyName=Mono.Cecil.Mdb, Version=0.11.5.0, Culture=neutral, PublicKeyToken=50cebf1cceb9d05e'.Duplicate assembly 'Mono.Cecil.dll' with different versions detected, using 'Packages/com.handzlikchris.fastscriptreload/Plugins/Harmony/net48/Mono.Cecil.dll, AssemblyName=Mono.Cecil, Version=0.11.6.0, Culture=neutral, PublicKeyToken=50cebf1cceb9d05e' and ignoring 'Packages/com.unity.nuget.mono-cecil/Mono.Cecil.dll, AssemblyName=Mono.Cecil, Version=0.11.5.0, Culture=neutral, PublicKeyToken=50cebf1cceb9d05e'.Starting: C:\Program Files\Unity\Hub\Editor\2022.3.62f3c1\Editor\Data\bee_backend.exe --ipc --defer-dag-verification --dagfile="Library/Bee/1900b0aEDbg.dag" --continue-on-failure --profile="Library/Bee/backend1.traceevents" ScriptAssemblies
WorkingDir: D:/unity/UnityProject/ColorTimeing/New/_ColorTiming
DisplayProgressbar: Compiling Scripts
Starting: C:\Program Files\Unity\Hub\Editor\2022.3.62f3c1\Editor\Data\Tools\netcorerun\netcorerun.exe "C:\Program Files\Unity\Hub\Editor\2022.3.62f3c1\Editor\Data\Tools\BuildPipeline\ScriptCompilationBuildProgram.exe" "Library/Bee/1900b0aEDbg.dag.json" "Library/Bee/1900b0aEDbg-inputdata.json" "Library\Bee\buildprogram0.traceevents"
WorkingDir: D:/unity/UnityProject/ColorTimeing/New/_ColorTiming
ExitCode: 4 Duration: 0s270ms
Rebuilding DAG because FileSignature timestamp changed: Library/Bee/1900b0aEDbg-inputdata.json
[ 929/1233  0s] ILPP-Configuration Library/ilpp-configuration.nevergeneratedoutput
*** Tundra requires additional run (0.21 seconds), 1 items updated, 928 evaluated
ExitCode: 0 Duration: 0s761ms
Starting: C:\Program Files\Unity\Hub\Editor\2022.3.62f3c1\Editor\Data\bee_backend.exe --ipc --defer-dag-verification --dagfile="Library/Bee/1900b0aEDbg.dag" --continue-on-failure --dagfilejson="Library\Bee\1900b0aEDbg.dag.json" --profile="Library/Bee/backend2.traceevents" ScriptAssemblies
WorkingDir: D:/unity/UnityProject/ColorTimeing/New/_ColorTiming
ExitCode: 0 Duration: 1s489ms
Finished compiling graph: 1247 nodes, 19517 flattened edges (15281 ToBuild, 220 ToUse), maximum node priority 1415
[ 641/1243  0s] WriteText Library/Bee/artifacts/1900b0aEDbg.dag/ColorTiming.PlayMode.Tests.dll.mvfrm.rsp
[ 642/1243  0s] WriteResponseFile Library/Bee/artifacts/rsp/14869478014946318214.rsp
[ 643/1243  0s] WriteText Library/Bee/artifacts/1900b0aEDbg.dag/ColorTiming.PlayMode.Tests.UnityAdditionalFile.txt
[ 644/1243  0s] WriteText Library/Bee/artifacts/1900b0aEDbg.dag/ColorTiming.PlayMode.Tests.rsp2
[ 645/1243  0s] WriteText Library/Bee/artifacts/1900b0aEDbg.dag/ColorTiming.PlayMode.Tests.rsp
[ 934/1243  0s] ILPP-Configuration Library/ilpp-configuration.nevergeneratedoutput
[1230/1243  0s] MovedFromExtractorCombine Library/Bee/artifacts/1900b0aEDbg.dag/ColorTiming.PlayMode.Tests.dll.mvfrm
[1239/1243  0s] Csc Library/Bee/artifacts/1900b0aEDbg.dag/ColorTiming.PlayMode.Tests.dll (+2 others)
[1240/1243  0s] ILPostProcess Library/Bee/artifacts/1900b0aEDbg.dag/post-processed/ColorTiming.PlayMode.Tests.dll (+pdb)
Processing assembly Library/Bee/artifacts/1900b0aEDbg.dag/ColorTiming.PlayMode.Tests.dll, with 121 defines and 211 references

processors: Unity.Jobs.CodeGen.JobsILPostProcessor, zzzUnity.Burst.CodeGen.BurstILPostProcessor

running Unity.Jobs.CodeGen.JobsILPostProcessor

running zzzUnity.Burst.CodeGen.BurstILPostProcessor
[1241/1243  0s] CopyFiles Library/ScriptAssemblies/ColorTiming.PlayMode.Tests.pdb
[1242/1243  0s] CopyFiles Library/ScriptAssemblies/ColorTiming.PlayMode.Tests.dll
*** Tundra build success (1.42 seconds), 11 items updated, 1243 evaluated
AssetDatabase: script compilation time: 3.080254s
Begin MonoManager ReloadAssembly
Duplicate assembly 'Mono.Cecil.Pdb.dll' with different versions detected, using 'Packages/com.handzlikchris.fastscriptreload/Plugins/Harmony/net48/Mono.Cecil.Pdb.dll, AssemblyName=Mono.Cecil.Pdb, Version=0.11.6.0, Culture=neutral, PublicKeyToken=50cebf1cceb9d05e' and ignoring 'Packages/com.unity.nuget.mono-cecil/Mono.Cecil.Pdb.dll, AssemblyName=Mono.Cecil.Pdb, Version=0.11.5.0, Culture=neutral, PublicKeyToken=50cebf1cceb9d05e'.Duplicate assembly 'System.Collections.Immutable.dll' with different versions detected, using 'Assets/Plugins/Protobuf/System.Collections.Immutable.dll, AssemblyName=System.Collections.Immutable, Version=7.0.0.0, Culture=neutral, PublicKeyToken=b03f5f7f11d50a3a' and ignoring 'Packages/com.handzlikchris.fastscriptreload/Plugins/Roslyn/2021+/System.Collections.Immutable.dll, AssemblyName=System.Collections.Immutable, Version=1.2.3.0, Culture=neutral, PublicKeyToken=b03f5f7f11d50a3a'.Duplicate assembly 'Mono.Cecil.Rocks.dll' with different versions detected, using 'Packages/com.handzlikchris.fastscriptreload/Plugins/Harmony/net48/Mono.Cecil.Rocks.dll, AssemblyName=Mono.Cecil.Rocks, Version=0.11.6.0, Culture=neutral, PublicKeyToken=50cebf1cceb9d05e' and ignoring 'Packages/com.unity.nuget.mono-cecil/Mono.Cecil.Rocks.dll, AssemblyName=Mono.Cecil.Rocks, Version=0.11.5.0, Culture=neutral, PublicKeyToken=50cebf1cceb9d05e'.Duplicate assembly 'Mono.Cecil.Mdb.dll' with different versions detected, using 'Packages/com.handzlikchris.fastscriptreload/Plugins/Harmony/net48/Mono.Cecil.Mdb.dll, AssemblyName=Mono.Cecil.Mdb, Version=0.11.6.0, Culture=neutral, PublicKeyToken=50cebf1cceb9d05e' and ignoring 'Packages/com.unity.nuget.mono-cecil/Mono.Cecil.Mdb.dll, AssemblyName=Mono.Cecil.Mdb, Version=0.11.5.0, Culture=neutral, PublicKeyToken=50cebf1cceb9d05e'.Duplicate assembly 'Mono.Cecil.dll' with different versions detected, using 'Packages/com.handzlikchris.fastscriptreload/Plugins/Harmony/net48/Mono.Cecil.dll, AssemblyName=Mono.Cecil, Version=0.11.6.0, Culture=neutral, PublicKeyToken=50cebf1cceb9d05e' and ignoring 'Packages/com.unity.nuget.mono-cecil/Mono.Cecil.dll, AssemblyName=Mono.Cecil, Version=0.11.5.0, Culture=neutral, PublicKeyToken=50cebf1cceb9d05e'.- Loaded All Assemblies, in  0.880 seconds
Refreshing native plugins compatible for Editor in 5.73 ms, found 5 plugins.
Preloading 0 native plugins for Editor in 0.00 ms.
Start importing Assets/Game/Tests/ColorTiming/PlayMode/StartupFlowPlayModeTests.cs using Guid(3f6aa50bf885f424f95e4a852328d5dc) Importer(-1,00000000000000000000000000000000) [PhysX] Initialized MultithreadedTaskDispatcher with 20 workers.
 -> (artifact id: 'cc8298c84f4176a8e41f766073266b84') in 0.008624 seconds
Refreshing native plugins compatible for Editor in 5.71 ms, found 5 plugins.
Native extension for WindowsStandalone target not found
Duplicate assembly 'Mono.Cecil.Pdb.dll' with different versions detected, using 'Packages/com.handzlikchris.fastscriptreload/Plugins/Harmony/net48/Mono.Cecil.Pdb.dll, AssemblyName=Mono.Cecil.Pdb, Version=0.11.6.0, Culture=neutral, PublicKeyToken=50cebf1cceb9d05e' and ignoring 'Packages/com.unity.nuget.mono-cecil/Mono.Cecil.Pdb.dll, AssemblyName=Mono.Cecil.Pdb, Version=0.11.5.0, Culture=neutral, PublicKeyToken=50cebf1cceb9d05e'.Duplicate assembly 'System.Collections.Immutable.dll' with different versions detected, using 'Assets/Plugins/Protobuf/System.Collections.Immutable.dll, AssemblyName=System.Collections.Immutable, Version=7.0.0.0, Culture=neutral, PublicKeyToken=b03f5f7f11d50a3a' and ignoring 'Packages/com.handzlikchris.fastscriptreload/Plugins/Roslyn/2021+/System.Collections.Immutable.dll, AssemblyName=System.Collections.Immutable, Version=1.2.3.0, Culture=neutral, PublicKeyToken=b03f5f7f11d50a3a'.Duplicate assembly 'Mono.Cecil.Rocks.dll' with different versions detected, using 'Packages/com.handzlikchris.fastscriptreload/Plugins/Harmony/net48/Mono.Cecil.Rocks.dll, AssemblyName=Mono.Cecil.Rocks, Version=0.11.6.0, Culture=neutral, PublicKeyToken=50cebf1cceb9d05e' and ignoring 'Packages/com.unity.nuget.mono-cecil/Mono.Cecil.Rocks.dll, AssemblyName=Mono.Cecil.Rocks, Version=0.11.5.0, Culture=neutral, PublicKeyToken=50cebf1cceb9d05e'.Duplicate assembly 'Mono.Cecil.Mdb.dll' with different versions detected, using 'Packages/com.handzlikchris.fastscriptreload/Plugins/Harmony/net48/Mono.Cecil.Mdb.dll, AssemblyName=Mono.Cecil.Mdb, Version=0.11.6.0, Culture=neutral, PublicKeyToken=50cebf1cceb9d05e' and ignoring 'Packages/com.unity.nuget.mono-cecil/Mono.Cecil.Mdb.dll, AssemblyName=Mono.Cecil.Mdb, Version=0.11.5.0, Culture=neutral, PublicKeyToken=50cebf1cceb9d05e'.Duplicate assembly 'Mono.Cecil.dll' with different versions detected, using 'Packages/com.handzlikchris.fastscriptreload/Plugins/Harmony/net48/Mono.Cecil.dll, AssemblyName=Mono.Cecil, Version=0.11.6.0, Culture=neutral, PublicKeyToken=50cebf1cceb9d05e' and ignoring 'Packages/com.unity.nuget.mono-cecil/Mono.Cecil.dll, AssemblyName=Mono.Cecil, Version=0.11.5.0, Culture=neutral, PublicKeyToken=50cebf1cceb9d05e'.Skip optional Config Excel watcher because directory does not exist: D:/unity/UnityProject/ColorTimeing/New/_ColorTiming/GameData/Configs
UnityEngine.StackTraceUtility:ExtractStackTrace ()
UnityEngine.DebugLogHandler:LogFormat (UnityEngine.LogType,UnityEngine.Object,string,object[])
UnityEngine.Logger:Log (UnityEngine.LogType,object)
UnityEngine.Debug:Log (object)
UGF.EditorTools.DataTableUpdater:CreateExcelWatcher (string,System.IO.NotifyFilters,System.IO.FileSystemEventHandler,string) (at Assets/Game/ScriptsBuiltin/Editor/DataTableUpdater.cs:64)
UGF.EditorTools.DataTableUpdater:Init () (at Assets/Game/ScriptsBuiltin/Editor/DataTableUpdater.cs:36)
System.Reflection.RuntimeMethodInfo:Invoke (object,System.Reflection.BindingFlags,System.Reflection.Binder,object[],System.Globalization.CultureInfo)
System.Reflection.MethodBase:Invoke (object,object[])
UnityEditor.EditorAssemblies:ProcessInitializeOnLoadMethodAttributes ()

(Filename: Assets/Game/ScriptsBuiltin/Editor/DataTableUpdater.cs Line: 64)

Mono: successfully reloaded assembly
- Finished resetting the current domain, in  4.337 seconds
Domain Reload Profiling: 5215ms
	BeginReloadAssembly (130ms)
		ExecutionOrderSort (0ms)
		DisableScriptedObjects (5ms)
		BackupInstance (0ms)
		ReleaseScriptingObjects (0ms)
		CreateAndSetChildDomain (24ms)
	RebuildCommonClasses (21ms)
	RebuildNativeTypeToScriptingClass (7ms)
	initialDomainReloadingComplete (49ms)
	LoadAllAssembliesAndSetupDomain (671ms)
		LoadAssemblies (417ms)
		RebuildTransferFunctionScriptingTraits (0ms)
		AnalyzeDomain (321ms)
			TypeCache.Refresh (277ms)
				TypeCache.ScanAssembly (259ms)
			ScanForSourceGeneratedMonoScriptInfo (30ms)
			ResolveRequiredComponents (11ms)
	FinalizeReload (4337ms)
		ReleaseScriptCaches (0ms)
		RebuildScriptCaches (0ms)
		SetupLoadedEditorAssemblies (4181ms)
			LogAssemblyErrors (0ms)
			InitializePlatformSupportModulesInManaged (3ms)
			SetLoadedEditorAssemblies (6ms)
			RefreshPlugins (0ms)
			BeforeProcessingInitializeOnLoad (86ms)
			ProcessInitializeOnLoadAttributes (3532ms)
			ProcessInitializeOnLoadMethodAttributes (550ms)
			AfterProcessingInitializeOnLoad (4ms)
			EditorAssembliesLoaded (0ms)
		ExecutionOrderSort2 (0ms)
		AwakeInstancesAfterBackupRestoration (8ms)
Refreshing native plugins compatible for Editor in 5.20 ms, found 5 plugins.
Preloading 0 native plugins for Editor in 0.00 ms.
Asset Pipeline Refresh (id=a0a2f50c7b4246d40bd018595e47829b): Total: 10.271 seconds - Initiated by InitialRefreshV2(ForceSynchronousImport)
	Summary:
		Imports: total=1693 (actual=1, local cache=1692, cache server=0)
		Asset DB Process Time: managed=3 ms, native=1497 ms
		Asset DB Callback time: managed=236 ms, native=8 ms
		Scripting: domain reloads=1, domain reload time=5345 ms, compile time=3082 ms, other=96 ms
		Project Asset Count: scripts=10397, non-scripts=6287
		Asset File Changes: new=1, changed=1, moved=0, deleted=0
		Scan Filter Count: 0
	InvokeBeforeRefreshCallbacks: 0.287ms
	ApplyChangesToAssetFolders: 0.048ms
	Scan: 192.534ms
	OnSourceAssetsModified: 1.745ms
	GetAllGuidsForCategorization: 1.385ms
	CategorizeAssets: 208.034ms
	ImportOutOfDateAssets: 4479.570ms (1279.352ms without children)
		ImportManagerImport: 82.534ms (2.323ms without children)
			ImportInProcess: 80.186ms
			UpdateCategorizedAssets: 0.025ms
		CompileScripts: 3081.513ms
		ReloadNativeAssets: 0.019ms
		UnloadImportedAssets: 31.343ms
		ReloadImportedAssets: 0.000ms
		EnsureUptoDateAssetsAreRegisteredWithGuidPM: 2.994ms
		InitializingProgressBar: 0.001ms
		PostProcessAllAssetNotificationsAddChangedAssets: 0.000ms
		OnDemandSchedulerStart: 1.814ms
	PostProcessAllAssets: 237.062ms
	Hotreload: 6.148ms
	GatherAllCurrentPrimaryArtifactRevisions: 0.001ms
	UnloadStreamsBegin: 0.168ms
	PersistCurrentRevisions: 0.536ms
	UnloadStreamsEnd: 0.075ms
	GenerateScriptTypeHashes: 2.254ms
	Untracked: 5143.092ms
Application.AssetDatabase Initial Refresh End
Shader Hidden/ProbeVolume/VoxelizeScene is not supported: GPU does not support conservative rasterization
Shader Hidden/ProbeVolume/VoxelizeScene is not supported: GPU does not support conservative rasterization
Scanning for USB devices : 4.851ms
Initializing Unity extensions:
[MODES] ModeService[none].Initialize
[MODES] ModeService[none].LoadModes
[MODES] Loading mode Default (0) for mode-current-id-GameDesinger
[PhysX] Initialized MultithreadedTaskDispatcher with 20 workers.
ProgressiveSceneManager::Cancel()
Unloading 119 Unused Serialized files (Serialized files now loaded: 0)
Unloading 428 unused Assets / (9.4 MB). Loaded Objects now: 9118.
Memory consumption went from 243.9 MB to 234.4 MB.
Total: 7.940300 ms (FindLiveObjects: 0.444700 ms CreateObjectMapping: 0.269300 ms MarkObjects: 4.213100 ms  DeleteObjects: 3.012200 ms)

Microsoft Media Foundation video decoding to texture disabled: graphics device is Null, only Direct3D 11 and Direct3D 12 (only on desktop) are supported for hardware-accelerated video decoding.
[Project] Loading completed in 14.056 seconds
	Project init time: 				11.890 seconds
		Template init time: 		0.000 seconds
		Package Manager init time: 		0.250 seconds
		Asset Database init time: 		0.203 seconds
		Global illumination init time: 	0.004 seconds
		Assemblies load time: 			0.475 seconds
		Unity extensions init time: 	0.006 seconds
		Asset Database refresh time: 	0.000 seconds
	Scene opening time: 			0.723 seconds
##utp:{"type":"ProjectInfo","version":2,"phase":"Immediate","time":1787562992906,"processId":75376,"projectLoad":14.056085000000002,"projectInit":11.8900164,"templateInit":0.0,"packageManagerInit":0.2501224,"assetDatabaseInit":0.2033004,"globalIlluminationInit":0.0044615,"assembliesLoad":0.4752802,"unityExtensionsInit":0.0059709,"assetDatabaseRefresh":0.0,"sceneOpening":0.7233781}
##utp:{"type":"EditorInfo","version":2,"phase":"Immediate","time":1787562992906,"processId":75376,"editorVersion":"2022.3.62f3c1 (1623fc0bbb97)","branch":"2022.3/china_unity/release","buildType":"Release","platform":"Windows"}
Running tests for ExecutionSettings with details:
targetPlatform = 
playerHeartbeatTimeout = 600
filters[0] = 
   Filter with settings:
   testMode = PlayMode
   targetPlatform = 
   testNames = null
   groupNames = ColorTiming.Tests.PlayMode.StartupFlowPlayModeTests
   categoryNames = null
   assemblyNames = null
ignoreTests = {}
featureFlags = null

UnityEngine.StackTraceUtility:ExtractStackTrace ()
UnityEngine.DebugLogHandler:LogFormat (UnityEngine.LogType,UnityEngine.Object,string,object[])
UnityEngine.Logger:Log (UnityEngine.LogType,object)
UnityEngine.Debug:Log (object)
UnityEditor.TestTools.TestRunner.CommandLineTest.Executer:InitializeAndExecuteRun (string[]) (at ./Library/PackageCache/com.unity.test-framework@1.4.6/UnityEditor.TestRunner/CommandLineTest/Executer.cs:53)
UnityEditor.TestTools.TestRunner.CommandLineTest.TestStarter:InitializeAndExecuteRun () (at ./Library/PackageCache/com.unity.test-framework@1.4.6/UnityEditor.TestRunner/CommandLineTest/TestStarter.cs:64)
UnityEditor.EditorApplication:Internal_CallUpdateFunctions ()

(Filename: ./Library/PackageCache/com.unity.test-framework@1.4.6/UnityEditor.TestRunner/CommandLineTest/Executer.cs Line: 53)

Launched and connected shader compiler UnityShaderCompiler.exe after 0.04 seconds
Texture '第二章boss' with size 8192x4096 was too large for graphics device maximum supported texture size (4096x4096). Falling back to a dummy texture. Generate mip maps to provide lower size fallback.
UnityEngine.StackTraceUtility:ExtractStackTrace ()
Spine.Unity.MaterialChecks:IsPMAMaterial (UnityEngine.Material) (at Assets/Plugins/Spine/Runtime/spine-unity/Utility/MaterialChecks.cs:258)
Spine.Unity.MaterialChecks:IsTextureSetupProblematic (UnityEngine.Material,UnityEngine.ColorSpace,bool,bool,bool,string,string,string&) (at Assets/Plugins/Spine/Runtime/spine-unity/Utility/MaterialChecks.cs:199)
Spine.Unity.Editor.SpineEditorUtilities:IssueWarningsForUnrecommendedTextureSettings (string) (at Assets/Plugins/Spine/Editor/spine-unity/Editor/Utility/SpineEditorUtilities.cs:267)
Spine.Unity.Editor.SpineEditorUtilities:IssueWarningsForUnrecommendedTextureSettings () (at Assets/Plugins/Spine/Editor/spine-unity/Editor/Utility/SpineEditorUtilities.cs:185)
Spine.Unity.Editor.SpineEditorUtilities:Initialize () (at Assets/Plugins/Spine/Editor/spine-unity/Editor/Utility/SpineEditorUtilities.cs:164)
UnityEditor.EditorApplication:Internal_CallDelayFunctions ()

[Assets/Plugins/Spine/Editor/spine-unity/Editor/Utility/SpineEditorUtilities.cs line 267]

Texture '第二章boss' with size 8192x4096 was too large for graphics device maximum supported texture size (4096x4096). Falling back to a dummy texture. Generate mip maps to provide lower size fallback.
UnityEngine.StackTraceUtility:ExtractStackTrace ()
Spine.Unity.MaterialChecks:IsPMAMaterial (UnityEngine.Material) (at Assets/Plugins/Spine/Runtime/spine-unity/Utility/MaterialChecks.cs:258)
Spine.Unity.MaterialChecks:IsTextureSetupProblematic (UnityEngine.Material,UnityEngine.ColorSpace,bool,bool,bool,string,string,string&) (at Assets/Plugins/Spine/Runtime/spine-unity/Utility/MaterialChecks.cs:199)
Spine.Unity.Editor.SpineEditorUtilities:IssueWarningsForUnrecommendedTextureSettings (string) (at Assets/Plugins/Spine/Editor/spine-unity/Editor/Utility/SpineEditorUtilities.cs:267)
Spine.Unity.Editor.SpineEditorUtilities:IssueWarningsForUnrecommendedTextureSettings () (at Assets/Plugins/Spine/Editor/spine-unity/Editor/Utility/SpineEditorUtilities.cs:185)
Spine.Unity.Editor.SpineEditorUtilities:Initialize () (at Assets/Plugins/Spine/Editor/spine-unity/Editor/Utility/SpineEditorUtilities.cs:164)
UnityEditor.EditorApplication:Internal_CallDelayFunctions ()

[Assets/Plugins/Spine/Editor/spine-unity/Editor/Utility/SpineEditorUtilities.cs line 267]

[UnityConnectServicesConfig] config is NOT valid, switching to default
Created GICache directory at C:/Users/WIN10/AppData/LocalLow/Unity/Caches/GiCache. Took: 0.012s, timestamps: [14.062 - 14.074]
gi::BakeBackendSwitch: switching bake backend from 3 to 1.
GfxDevice renderer is null. Unity cannot update the Ambient Probe and Reflection Probes that the SkyManager generates. Run the Editor without the -nographics argument or generate lighting for your scene.
[PhysX] Initialized MultithreadedTaskDispatcher with 20 workers.
Unloading 77 Unused Serialized files (Serialized files now loaded: 0)
Unloading 46 unused Assets / (28.5 KB). Loaded Objects now: 9162.
Memory consumption went from 487.0 MB to 487.0 MB.
Total: 6.075500 ms (FindLiveObjects: 0.323200 ms CreateObjectMapping: 0.227300 ms MarkObjects: 5.409100 ms  DeleteObjects: 0.114900 ms)

Start importing Assets/InitTestScene021ad435-8dac-4def-8db3-ebe8ee8f6e38.unity using Guid(38eaf019b4ea1b646805dd825d20c94a) Importer(-1,00000000000000000000000000000000) [PhysX] Initialized MultithreadedTaskDispatcher with 20 workers.
 -> (artifact id: 'c3af1f8cb700a1bcbe2defc0bb71e966') in 0.000981 seconds
Refreshing native plugins compatible for Editor in 5.06 ms, found 5 plugins.
Preloading 0 native plugins for Editor in 0.00 ms.
Asset Pipeline Refresh (id=492f16dde8b341b48b28b8875ab800be): Total: 0.045 seconds - Initiated by StopAssetImportingV2(NoUpdateAssetOptions)
GfxDevice renderer is null. Unity cannot update the Ambient Probe and Reflection Probes that the SkyManager generates. Run the Editor without the -nographics argument or generate lighting for your scene.
Executing IPrebuildSetup for: Unity.PerformanceTesting.Editor.TestRunBuilder.
UnityEngine.StackTraceUtility:ExtractStackTrace ()
UnityEngine.DebugLogHandler:LogFormat (UnityEngine.LogType,UnityEngine.Object,string,object[])
UnityEngine.Logger:Log (UnityEngine.LogType,object)
UnityEngine.Debug:Log (object)
UnityEditor.TestTools.TestRunner.TestRun.Tasks.BuildActionTaskBase`1/<ExecuteMethods>d__8<UnityEngine.TestTools.IPrebuildSetup>:MoveNext () (at ./Library/PackageCache/com.unity.test-framework@1.4.6/UnityEditor.TestRunner/TestRun/Tasks/BuildActionTaskBase.cs:51)
UnityEditor.TestTools.TestRunner.TestRun.Tasks.BuildActionTaskBase`1/<Execute>d__7<UnityEngine.TestTools.IPrebuildSetup>:MoveNext () (at ./Library/PackageCache/com.unity.test-framework@1.4.6/UnityEditor.TestRunner/TestRun/Tasks/BuildActionTaskBase.cs:35)
UnityEditor.TestTools.TestRunner.TestRun.TestJobRunner:ExecuteStep () (at ./Library/PackageCache/com.unity.test-framework@1.4.6/UnityEditor.TestRunner/TestRun/TestJobRunner.cs:173)
UnityEditor.TestTools.TestRunner.TestRun.TestJobRunner:ExecuteCallback () (at ./Library/PackageCache/com.unity.test-framework@1.4.6/UnityEditor.TestRunner/TestRun/TestJobRunner.cs:108)
UnityEditor.EditorApplication:Internal_CallUpdateFunctions ()

(Filename: ./Library/PackageCache/com.unity.test-framework@1.4.6/UnityEditor.TestRunner/TestRun/Tasks/BuildActionTaskBase.cs Line: 51)

Reloading assemblies for play mode.
Reloading assemblies after forced synchronous recompile.
Duplicate assembly 'Mono.Cecil.Pdb.dll' with different versions detected, using 'Packages/com.handzlikchris.fastscriptreload/Plugins/Harmony/net48/Mono.Cecil.Pdb.dll, AssemblyName=Mono.Cecil.Pdb, Version=0.11.6.0, Culture=neutral, PublicKeyToken=50cebf1cceb9d05e' and ignoring 'Packages/com.unity.nuget.mono-cecil/Mono.Cecil.Pdb.dll, AssemblyName=Mono.Cecil.Pdb, Version=0.11.5.0, Culture=neutral, PublicKeyToken=50cebf1cceb9d05e'.Duplicate assembly 'System.Collections.Immutable.dll' with different versions detected, using 'Assets/Plugins/Protobuf/System.Collections.Immutable.dll, AssemblyName=System.Collections.Immutable, Version=7.0.0.0, Culture=neutral, PublicKeyToken=b03f5f7f11d50a3a' and ignoring 'Packages/com.handzlikchris.fastscriptreload/Plugins/Roslyn/2021+/System.Collections.Immutable.dll, AssemblyName=System.Collections.Immutable, Version=1.2.3.0, Culture=neutral, PublicKeyToken=b03f5f7f11d50a3a'.Duplicate assembly 'Mono.Cecil.Rocks.dll' with different versions detected, using 'Packages/com.handzlikchris.fastscriptreload/Plugins/Harmony/net48/Mono.Cecil.Rocks.dll, AssemblyName=Mono.Cecil.Rocks, Version=0.11.6.0, Culture=neutral, PublicKeyToken=50cebf1cceb9d05e' and ignoring 'Packages/com.unity.nuget.mono-cecil/Mono.Cecil.Rocks.dll, AssemblyName=Mono.Cecil.Rocks, Version=0.11.5.0, Culture=neutral, PublicKeyToken=50cebf1cceb9d05e'.Duplicate assembly 'Mono.Cecil.Mdb.dll' with different versions detected, using 'Packages/com.handzlikchris.fastscriptreload/Plugins/Harmony/net48/Mono.Cecil.Mdb.dll, AssemblyName=Mono.Cecil.Mdb, Version=0.11.6.0, Culture=neutral, PublicKeyToken=50cebf1cceb9d05e' and ignoring 'Packages/com.unity.nuget.mono-cecil/Mono.Cecil.Mdb.dll, AssemblyName=Mono.Cecil.Mdb, Version=0.11.5.0, Culture=neutral, PublicKeyToken=50cebf1cceb9d05e'.Duplicate assembly 'Mono.Cecil.dll' with different versions detected, using 'Packages/com.handzlikchris.fastscriptreload/Plugins/Harmony/net48/Mono.Cecil.dll, AssemblyName=Mono.Cecil, Version=0.11.6.0, Culture=neutral, PublicKeyToken=50cebf1cceb9d05e' and ignoring 'Packages/com.unity.nuget.mono-cecil/Mono.Cecil.dll, AssemblyName=Mono.Cecil, Version=0.11.5.0, Culture=neutral, PublicKeyToken=50cebf1cceb9d05e'.Begin MonoManager ReloadAssembly
Duplicate assembly 'Mono.Cecil.Pdb.dll' with different versions detected, using 'Packages/com.handzlikchris.fastscriptreload/Plugins/Harmony/net48/Mono.Cecil.Pdb.dll, AssemblyName=Mono.Cecil.Pdb, Version=0.11.6.0, Culture=neutral, PublicKeyToken=50cebf1cceb9d05e' and ignoring 'Packages/com.unity.nuget.mono-cecil/Mono.Cecil.Pdb.dll, AssemblyName=Mono.Cecil.Pdb, Version=0.11.5.0, Culture=neutral, PublicKeyToken=50cebf1cceb9d05e'.Duplicate assembly 'System.Collections.Immutable.dll' with different versions detected, using 'Assets/Plugins/Protobuf/System.Collections.Immutable.dll, AssemblyName=System.Collections.Immutable, Version=7.0.0.0, Culture=neutral, PublicKeyToken=b03f5f7f11d50a3a' and ignoring 'Packages/com.handzlikchris.fastscriptreload/Plugins/Roslyn/2021+/System.Collections.Immutable.dll, AssemblyName=System.Collections.Immutable, Version=1.2.3.0, Culture=neutral, PublicKeyToken=b03f5f7f11d50a3a'.Duplicate assembly 'Mono.Cecil.Rocks.dll' with different versions detected, using 'Packages/com.handzlikchris.fastscriptreload/Plugins/Harmony/net48/Mono.Cecil.Rocks.dll, AssemblyName=Mono.Cecil.Rocks, Version=0.11.6.0, Culture=neutral, PublicKeyToken=50cebf1cceb9d05e' and ignoring 'Packages/com.unity.nuget.mono-cecil/Mono.Cecil.Rocks.dll, AssemblyName=Mono.Cecil.Rocks, Version=0.11.5.0, Culture=neutral, PublicKeyToken=50cebf1cceb9d05e'.Duplicate assembly 'Mono.Cecil.Mdb.dll' with different versions detected, using 'Packages/com.handzlikchris.fastscriptreload/Plugins/Harmony/net48/Mono.Cecil.Mdb.dll, AssemblyName=Mono.Cecil.Mdb, Version=0.11.6.0, Culture=neutral, PublicKeyToken=50cebf1cceb9d05e' and ignoring 'Packages/com.unity.nuget.mono-cecil/Mono.Cecil.Mdb.dll, AssemblyName=Mono.Cecil.Mdb, Version=0.11.5.0, Culture=neutral, PublicKeyToken=50cebf1cceb9d05e'.Duplicate assembly 'Mono.Cecil.dll' with different versions detected, using 'Packages/com.handzlikchris.fastscriptreload/Plugins/Harmony/net48/Mono.Cecil.dll, AssemblyName=Mono.Cecil, Version=0.11.6.0, Culture=neutral, PublicKeyToken=50cebf1cceb9d05e' and ignoring 'Packages/com.unity.nuget.mono-cecil/Mono.Cecil.dll, AssemblyName=Mono.Cecil, Version=0.11.5.0, Culture=neutral, PublicKeyToken=50cebf1cceb9d05e'.- Loaded All Assemblies, in  0.574 seconds
Refreshing native plugins compatible for Editor in 4.96 ms, found 5 plugins.
Native extension for WindowsStandalone target not found
Skip optional Config Excel watcher because directory does not exist: D:/unity/UnityProject/ColorTimeing/New/_ColorTiming/GameData/Configs
UnityEngine.StackTraceUtility:ExtractStackTrace ()
UnityEngine.DebugLogHandler:LogFormat (UnityEngine.LogType,UnityEngine.Object,string,object[])
UnityEngine.Logger:Log (UnityEngine.LogType,object)
UnityEngine.Debug:Log (object)
UGF.EditorTools.DataTableUpdater:CreateExcelWatcher (string,System.IO.NotifyFilters,System.IO.FileSystemEventHandler,string) (at Assets/Game/ScriptsBuiltin/Editor/DataTableUpdater.cs:64)
UGF.EditorTools.DataTableUpdater:Init () (at Assets/Game/ScriptsBuiltin/Editor/DataTableUpdater.cs:36)
System.Reflection.RuntimeMethodInfo:Invoke (object,System.Reflection.BindingFlags,System.Reflection.Binder,object[],System.Globalization.CultureInfo)
System.Reflection.MethodBase:Invoke (object,object[])
UnityEditor.EditorAssemblies:ProcessInitializeOnLoadMethodAttributes ()

(Filename: Assets/Game/ScriptsBuiltin/Editor/DataTableUpdater.cs Line: 64)

Duplicate assembly 'Mono.Cecil.Pdb.dll' with different versions detected, using 'Packages/com.handzlikchris.fastscriptreload/Plugins/Harmony/net48/Mono.Cecil.Pdb.dll, AssemblyName=Mono.Cecil.Pdb, Version=0.11.6.0, Culture=neutral, PublicKeyToken=50cebf1cceb9d05e' and ignoring 'Packages/com.unity.nuget.mono-cecil/Mono.Cecil.Pdb.dll, AssemblyName=Mono.Cecil.Pdb, Version=0.11.5.0, Culture=neutral, PublicKeyToken=50cebf1cceb9d05e'.Duplicate assembly 'System.Collections.Immutable.dll' with different versions detected, using 'Assets/Plugins/Protobuf/System.Collections.Immutable.dll, AssemblyName=System.Collections.Immutable, Version=7.0.0.0, Culture=neutral, PublicKeyToken=b03f5f7f11d50a3a' and ignoring 'Packages/com.handzlikchris.fastscriptreload/Plugins/Roslyn/2021+/System.Collections.Immutable.dll, AssemblyName=System.Collections.Immutable, Version=1.2.3.0, Culture=neutral, PublicKeyToken=b03f5f7f11d50a3a'.Duplicate assembly 'Mono.Cecil.Rocks.dll' with different versions detected, using 'Packages/com.handzlikchris.fastscriptreload/Plugins/Harmony/net48/Mono.Cecil.Rocks.dll, AssemblyName=Mono.Cecil.Rocks, Version=0.11.6.0, Culture=neutral, PublicKeyToken=50cebf1cceb9d05e' and ignoring 'Packages/com.unity.nuget.mono-cecil/Mono.Cecil.Rocks.dll, AssemblyName=Mono.Cecil.Rocks, Version=0.11.5.0, Culture=neutral, PublicKeyToken=50cebf1cceb9d05e'.Duplicate assembly 'Mono.Cecil.Mdb.dll' with different versions detected, using 'Packages/com.handzlikchris.fastscriptreload/Plugins/Harmony/net48/Mono.Cecil.Mdb.dll, AssemblyName=Mono.Cecil.Mdb, Version=0.11.6.0, Culture=neutral, PublicKeyToken=50cebf1cceb9d05e' and ignoring 'Packages/com.unity.nuget.mono-cecil/Mono.Cecil.Mdb.dll, AssemblyName=Mono.Cecil.Mdb, Version=0.11.5.0, Culture=neutral, PublicKeyToken=50cebf1cceb9d05e'.Duplicate assembly 'Mono.Cecil.dll' with different versions detected, using 'Packages/com.handzlikchris.fastscriptreload/Plugins/Harmony/net48/Mono.Cecil.dll, AssemblyName=Mono.Cecil, Version=0.11.6.0, Culture=neutral, PublicKeyToken=50cebf1cceb9d05e' and ignoring 'Packages/com.unity.nuget.mono-cecil/Mono.Cecil.dll, AssemblyName=Mono.Cecil, Version=0.11.5.0, Culture=neutral, PublicKeyToken=50cebf1cceb9d05e'.Mono: successfully reloaded assembly
- Finished resetting the current domain, in  1.334 seconds
Domain Reload Profiling: 1910ms
	BeginReloadAssembly (398ms)
		ExecutionOrderSort (0ms)
		DisableScriptedObjects (8ms)
		BackupInstance (0ms)
		ReleaseScriptingObjects (0ms)
		CreateAndSetChildDomain (294ms)
	RebuildCommonClasses (22ms)
	RebuildNativeTypeToScriptingClass (8ms)
	initialDomainReloadingComplete (46ms)
	LoadAllAssembliesAndSetupDomain (102ms)
		LoadAssemblies (139ms)
		RebuildTransferFunctionScriptingTraits (0ms)
		AnalyzeDomain (22ms)
			TypeCache.Refresh (7ms)
				TypeCache.ScanAssembly (0ms)
			ScanForSourceGeneratedMonoScriptInfo (0ms)
			ResolveRequiredComponents (11ms)
	FinalizeReload (1334ms)
		ReleaseScriptCaches (0ms)
		RebuildScriptCaches (0ms)
		SetupLoadedEditorAssemblies (1142ms)
			LogAssemblyErrors (0ms)
			InitializePlatformSupportModulesInManaged (4ms)
			SetLoadedEditorAssemblies (5ms)
			RefreshPlugins (0ms)
			BeforeProcessingInitializeOnLoad (97ms)
			ProcessInitializeOnLoadAttributes (601ms)
			ProcessInitializeOnLoadMethodAttributes (430ms)
			AfterProcessingInitializeOnLoad (4ms)
			EditorAssembliesLoaded (0ms)
		ExecutionOrderSort2 (0ms)
		AwakeInstancesAfterBackupRestoration (15ms)
Asset Pipeline Refresh (id=365c2dfe35103634387ea8010d2265ba): Total: 2.362 seconds - Initiated by StopAssetImportingV2(ForceSynchronousImport | ForceDomainReload)
	Summary:
		Imports: total=0 (actual=0, local cache=0, cache server=0)
		Asset DB Process Time: managed=0 ms, native=407 ms
		Asset DB Callback time: managed=13 ms, native=0 ms
		Scripting: domain reloads=1, domain reload time=1938 ms, compile time=1 ms, other=0 ms
		Project Asset Count: scripts=10397, non-scripts=6288
		Asset File Changes: new=0, changed=0, moved=0, deleted=0
		Scan Filter Count: 0
	InvokeBeforeRefreshCallbacks: 0.303ms
	ApplyChangesToAssetFolders: 0.069ms
	Scan: 0.000ms
	OnSourceAssetsModified: 0.001ms
	GetAllGuidsForCategorization: 1.343ms
	CategorizeAssets: 182.712ms
	ImportOutOfDateAssets: 1358.877ms (1350.762ms without children)
		CompileScripts: 1.329ms
		CollectScriptTypesHashes: 0.292ms
		ReloadNativeAssets: 0.662ms
		UnloadImportedAssets: 1.179ms
		EnsureUptoDateAssetsAreRegisteredWithGuidPM: 2.588ms
		InitializingProgressBar: 0.001ms
		PostProcessAllAssetNotificationsAddChangedAssets: 0.001ms
		OnDemandSchedulerStart: 2.064ms
	PostProcessAllAssets: 13.841ms
	GatherAllCurrentPrimaryArtifactRevisions: 0.537ms
	UnloadStreamsBegin: 0.556ms
	PersistCurrentRevisions: 0.424ms
	UnloadStreamsEnd: 0.063ms
	GenerateScriptTypeHashes: 3.737ms
	Untracked: 803.371ms
[PhysX] Initialized MultithreadedTaskDispatcher with 20 workers.
Loaded scene 'Temp/__Backupscenes/0.backup'
	Deserialize:            0.593 ms
	Integration:            283.915 ms
	Integration of assets:  0.001 ms
	Thread Wait Time:       0.010 ms
	Total Operation Time:   284.518 ms
[MODES] ModeService[none].Initialize
[MODES] ModeService[none].LoadModes
[MODES] Loading mode Default (0) for mode-current-id-GameDesinger
Unloading 44 Unused Serialized files (Serialized files now loaded: 0)
Refreshing native plugins compatible for Editor in 4.99 ms, found 5 plugins.
Preloading 0 native plugins for Editor in 0.00 ms.
Refreshing native plugins compatible for Editor in 4.23 ms, found 5 plugins.
Preloading 0 native plugins for Editor in 0.00 ms.
Refreshing native plugins compatible for Editor in 3.96 ms, found 5 plugins.
Preloading 0 native plugins for Editor in 0.00 ms.
[PhysX] Initialized MultithreadedTaskDispatcher with 20 workers.
UnloadTime: 0.282500 ms
<color=#2BD988>------------Set ResourceMode:Package------------</color>
UnityEngine.StackTraceUtility:ExtractStackTrace ()
UnityEngine.DebugLogHandler:LogFormat (UnityEngine.LogType,UnityEngine.Object,string,object[])
UnityEngine.Logger:Log (UnityEngine.LogType,object)
UnityEngine.Debug:Log (object)
GFBuiltin:Log (string) (at Assets/Game/ScriptsBuiltin/Runtime/Extension/GFBuiltin.cs:104)
GFBuiltin:Awake () (at Assets/Game/ScriptsBuiltin/Runtime/Extension/GFBuiltin.cs:48)

(Filename: Assets/Game/ScriptsBuiltin/Runtime/Extension/GFBuiltin.cs Line: 104)

Loaded scene 'Assets/Game/Scene/Launch.unity'
	Deserialize:            67.399 ms
	Integration:            239.377 ms
	Integration of assets:  18.530 ms
	Thread Wait Time:       -0.024 ms
	Total Operation Time:   325.282 ms
Unloading 370 unused Assets / (9.5 MB). Loaded Objects now: 9346.
Memory consumption went from 232.9 MB to 223.3 MB.
Total: 7.314400 ms (FindLiveObjects: 0.434800 ms CreateObjectMapping: 0.286200 ms MarkObjects: 5.668200 ms  DeleteObjects: 0.924200 ms)

<color=#2BD988>----------UI Match:0----------</color>
UnityEngine.StackTraceUtility:ExtractStackTrace ()
UnityEngine.DebugLogHandler:LogFormat (UnityEngine.LogType,UnityEngine.Object,string,object[])
UnityEngine.Logger:Log (UnityEngine.LogType,object)
UnityEngine.Debug:Log (object)
GFBuiltin:Log (string) (at Assets/Game/ScriptsBuiltin/Runtime/Extension/GFBuiltin.cs:104)
GFBuiltin:UpdateCanvasScaler () (at Assets/Game/ScriptsBuiltin/Runtime/Extension/GFBuiltin.cs:93)
GFBuiltin:Start () (at Assets/Game/ScriptsBuiltin/Runtime/Extension/GFBuiltin.cs:82)

(Filename: Assets/Game/ScriptsBuiltin/Runtime/Extension/GFBuiltin.cs Line: 104)

Saving results to: C:/Users/WIN10/AppData/LocalLow/DefaultCompany/GameDesinger\TestResults.xml
Saving results to: D:\unity\UnityProject\ColorTimeing\New\_ColorTiming\Documentation\Refactor\playmode-startup-smoke.xml
[PhysX] Initialized MultithreadedTaskDispatcher with 20 workers.
Unloading 15 Unused Serialized files (Serialized files now loaded: 0)
Loaded scene 'Temp/__Backupscenes/0.backup'
	Deserialize:            0.405 ms
	Integration:            214.283 ms
	Integration of assets:  0.001 ms
	Thread Wait Time:       0.009 ms
	Total Operation Time:   214.698 ms
Unloading 4 unused Assets / (7.5 KB). Loaded Objects now: 9190.
Memory consumption went from 222.1 MB to 222.0 MB.
Total: 6.616600 ms (FindLiveObjects: 0.433500 ms CreateObjectMapping: 0.308400 ms MarkObjects: 5.819800 ms  DeleteObjects: 0.054100 ms)

GfxDevice renderer is null. Unity cannot update the Ambient Probe and Reflection Probes that the SkyManager generates. Run the Editor without the -nographics argument or generate lighting for your scene.
Executing IPostBuildCleanup for: Unity.PerformanceTesting.Editor.TestRunBuilder.
UnityEngine.StackTraceUtility:ExtractStackTrace ()
UnityEngine.DebugLogHandler:LogFormat (UnityEngine.LogType,UnityEngine.Object,string,object[])
UnityEngine.Logger:Log (UnityEngine.LogType,object)
UnityEngine.Debug:Log (object)
UnityEditor.TestTools.TestRunner.TestRun.Tasks.BuildActionTaskBase`1/<ExecuteMethods>d__8<UnityEngine.TestTools.IPostBuildCleanup>:MoveNext () (at ./Library/PackageCache/com.unity.test-framework@1.4.6/UnityEditor.TestRunner/TestRun/Tasks/BuildActionTaskBase.cs:51)
UnityEditor.TestTools.TestRunner.TestRun.Tasks.BuildActionTaskBase`1/<Execute>d__7<UnityEngine.TestTools.IPostBuildCleanup>:MoveNext () (at ./Library/PackageCache/com.unity.test-framework@1.4.6/UnityEditor.TestRunner/TestRun/Tasks/BuildActionTaskBase.cs:35)
UnityEditor.TestTools.TestRunner.TestRun.TestJobRunner:ExecuteStep () (at ./Library/PackageCache/com.unity.test-framework@1.4.6/UnityEditor.TestRunner/TestRun/TestJobRunner.cs:173)
UnityEditor.TestTools.TestRunner.TestRun.TestJobRunner:ExecuteCallback () (at ./Library/PackageCache/com.unity.test-framework@1.4.6/UnityEditor.TestRunner/TestRun/TestJobRunner.cs:108)
UnityEditor.EditorApplication:Internal_CallUpdateFunctions ()

(Filename: ./Library/PackageCache/com.unity.test-framework@1.4.6/UnityEditor.TestRunner/TestRun/Tasks/BuildActionTaskBase.cs Line: 51)

Asset Pipeline Refresh (id=d4da2eaab13ddb349a79f6337f4ebd65): Total: 0.009 seconds - Initiated by RefreshV2(NoUpdateAssetOptions)
[PhysX] Initialized MultithreadedTaskDispatcher with 20 workers.
Unloading 0 Unused Serialized files (Serialized files now loaded: 0)
Unloading 0 unused Assets / (0 B). Loaded Objects now: 9195.
Memory consumption went from 221.8 MB to 221.8 MB.
Total: 6.724000 ms (FindLiveObjects: 0.264900 ms CreateObjectMapping: 0.132900 ms MarkObjects: 6.305600 ms  DeleteObjects: 0.019900 ms)

Refreshing native plugins compatible for Editor in 5.90 ms, found 5 plugins.
Preloading 0 native plugins for Editor in 0.00 ms.
Asset Pipeline Refresh (id=f4ceb556f558d1b468363e096182456f): Total: 0.084 seconds - Initiated by StopAssetImportingV2(NoUpdateAssetOptions)
GfxDevice renderer is null. Unity cannot update the Ambient Probe and Reflection Probes that the SkyManager generates. Run the Editor without the -nographics argument or generate lighting for your scene.
DisplayProgressbar: Undo
Test run completed. Exiting with code 2 (Failed). One or more tests failed.
UnityEngine.StackTraceUtility:ExtractStackTrace ()
UnityEngine.DebugLogHandler:LogFormat (UnityEngine.LogType,UnityEngine.Object,string,object[])
UnityEngine.Logger:Log (UnityEngine.LogType,object)
UnityEngine.Debug:Log (object)
UnityEditor.TestTools.TestRunner.CommandLineTest.Executer:ExitApplication (UnityEditor.TestTools.TestRunner.CommandLineTest.Executer/ReturnCodes,string) (at ./Library/PackageCache/com.unity.test-framework@1.4.6/UnityEditor.TestRunner/CommandLineTest/Executer.cs:81)
UnityEditor.TestTools.TestRunner.CommandLineTest.Executer:ExitIfRunIsCompleted () (at ./Library/PackageCache/com.unity.test-framework@1.4.6/UnityEditor.TestRunner/CommandLineTest/Executer.cs:74)
UnityEditor.EditorApplication:Internal_CallUpdateFunctions ()

(Filename: ./Library/PackageCache/com.unity.test-framework@1.4.6/UnityEditor.TestRunner/CommandLineTest/Executer.cs Line: 81)

Start importing ProjectSettings/ProjectSettings.asset using Guid(00000000000000004000000000000000) Importer(-1,00000000000000000000000000000000) [PhysX] Initialized MultithreadedTaskDispatcher with 20 workers.
 -> (artifact id: '03862eaa66e6a8e25303cadf08670967') in 0.006279 seconds
Refreshing native plugins compatible for Editor in 6.12 ms, found 5 plugins.
Preloading 0 native plugins for Editor in 0.00 ms.
Asset Pipeline Refresh (id=adb9f705962adfb4bbb0dbaa66b31050): Total: 0.048 seconds - Initiated by StopAssetImportingV2(NoUpdateAssetOptions)
[PhysX] Initialized MultithreadedTaskDispatcher with 20 workers.
Input System module state changed to: ShutdownInProgress.
Input System polling thread exited.
Input System module state changed to: Shutdown.
[Licensing::IpcConnector] LicenseClient-WIN10-2022.3.62-notifications channel disconnected successfully.
[Licensing::IpcConnector] LicenseClient-WIN10-2022.3.62 channel disconnected successfully.
Cleanup mono
[Performance] WinEditorMain                                                                                                                        :        1 samples, Peak.  1.43 s (1.0x), Avg.  1.43 s, Total. 1.426 s (2.9%)
[Performance] WinEditorMain.ConfigureCrashHandler                                                                                                  :        1 samples, Peak.  20.0 us (1.0x), Avg.  20.0 us, Total. 20.00 us (0.0%)
[Performance] WinEditorMain.CurlRequestInitialize                                                                                                  :        1 samples, Peak.  1.01 ms (1.0x), Avg.  1.01 ms, Total. 1.013 ms (0.0%)
[Performance] WinEditorMain.SetupLogFile                                                                                                           :        1 samples, Peak.   227 us (1.0x), Avg.   227 us, Total. 227.4 us (0.0%)
[Performance] WinEditorMain.RunNativeTestsIfRequiredAndExit                                                                                        :        1 samples, Peak. 100.0 ns (1.0x), Avg. 100.0 ns, Total. 100.00 ns (0.0%)
[Performance] WinEditorMain.Licensing                                                                                                              :        1 samples, Peak.  1.38 s (1.0x), Avg.  1.38 s, Total. 1.376 s (2.8%)
[Performance] WinEditorMain.InitializeCrashHandler                                                                                                 :        1 samples, Peak.  13.4 ms (1.0x), Avg.  13.4 ms, Total. 13.43 ms (0.0%)
[Performance] WinEditorMain.CreateApplication                                                                                                      :        1 samples, Peak.  16.6 ms (1.0x), Avg.  16.6 ms, Total. 16.64 ms (0.0%)
[Performance] Application.InitializeProject                                                                                                        :        1 samples, Peak.  11.9 s (1.0x), Avg.  11.9 s, Total. 11.89 s (23.9%)
[Performance] Application.PackageManager.StartServer                                                                                               :        1 samples, Peak.  9.26 ms (1.0x), Avg.  9.26 ms, Total. 9.258 ms (0.0%)
[Performance] Application.AcquireProjectLock                                                                                                       :        1 samples, Peak.  13.8 ms (1.0x), Avg.  13.8 ms, Total. 13.81 ms (0.0%)
[Performance] Application.InitializeEngineNoGraphics                                                                                               :        1 samples, Peak.  41.9 ms (1.0x), Avg.  41.9 ms, Total. 41.94 ms (0.1%)
[Performance] Application.PackageManager.Initialize                                                                                                :        1 samples, Peak.   250 ms (1.0x), Avg.   250 ms, Total. 250.1 ms (0.5%)
[Performance] Connecting to Package Manager                                                                                                        :       26 samples, Peak.  63.3 us (16.5x), Avg.  3.83 us, Total. 99.60 us (0.0%)
[Performance] Application.EngineGraphics.Initialize                                                                                                :        1 samples, Peak.  20.5 ms (1.0x), Avg.  20.5 ms, Total. 20.51 ms (0.0%)
[Performance] Application.GI.Initialize                                                                                                            :        1 samples, Peak.  4.46 ms (1.0x), Avg.  4.46 ms, Total. 4.464 ms (0.0%)
[Performance] Application.LoadAllDefaultResourcesFromEditor                                                                                        :        1 samples, Peak.  1.84 ms (1.0x), Avg.  1.84 ms, Total. 1.838 ms (0.0%)
[Performance] Application.LoadMonoAssemblies                                                                                                       :        1 samples, Peak.   475 ms (1.0x), Avg.   475 ms, Total. 475.3 ms (1.0%)
[Performance] RestoreManagedReferences                                                                                                             :        3 samples, Peak.  74.5 ms (1.6x), Avg.  45.2 ms, Total. 135.6 ms (0.3%)
[Performance] InitializeOnLoad DrivenRectTransformUndo                                                                                             :        3 samples, Peak.   395 us (1.1x), Avg.   348 us, Total. 1.045 ms (0.0%)
[Performance] InitializeOnLoad SceneSearch                                                                                                         :        3 samples, Peak.   204 us (1.5x), Avg.   136 us, Total. 407.2 us (0.0%)
[Performance] InitializeOnLoad CloudBuild                                                                                                          :        3 samples, Peak.  3.30 us (1.1x), Avg.  2.97 us, Total. 8.900 us (0.0%)
[Performance] InitializeOnLoad NativeFormatImporterUtility                                                                                         :        3 samples, Peak.  1.88 ms (1.3x), Avg.  1.40 ms, Total. 4.213 ms (0.0%)
[Performance] InitializeOnLoad SearchService                                                                                                       :        3 samples, Peak.  82.4 us (1.0x), Avg.  80.3 us, Total. 240.8 us (0.0%)
[Performance] InitializeOnLoad SettingsService                                                                                                     :        3 samples, Peak.  8.70 us (1.3x), Avg.  6.73 us, Total. 20.20 us (0.0%)
[Performance] InitializeOnLoad WindowLayout                                                                                                        :        3 samples, Peak.   580 us (1.7x), Avg.   345 us, Total. 1.034 ms (0.0%)
[Performance] InitializeOnLoad AssetStoreContext                                                                                                   :        3 samples, Peak.  18.8 ms (2.4x), Avg.  7.88 ms, Total. 23.65 ms (0.0%)
[Performance] InitializeOnLoad PoolManager                                                                                                         :        3 samples, Peak.   429 us (1.1x), Avg.   381 us, Total. 1.144 ms (0.0%)
[Performance] InitializeOnLoad MixerEffectDefinitionReloader                                                                                       :        3 samples, Peak.  1.98 ms (1.4x), Avg.  1.40 ms, Total. 4.196 ms (0.0%)
[Performance] InitializeOnLoad ProjectSearch                                                                                                       :        3 samples, Peak.  93.6 us (1.5x), Avg.  60.7 us, Total. 182.0 us (0.0%)
[Performance] InitializeOnLoad UISystemProfilerRenderService                                                                                       :        3 samples, Peak.  7.50 us (1.2x), Avg.  6.17 us, Total. 18.50 us (0.0%)
[Performance] InitializeOnLoad EditMode                                                                                                            :        3 samples, Peak.   292 us (1.2x), Avg.   248 us, Total. 744.4 us (0.0%)
[Performance] InitializeOnLoad UnityConnect                                                                                                        :        3 samples, Peak.  39.7 us (1.1x), Avg.  36.7 us, Total. 110.0 us (0.0%)
[Performance] InitializeOnLoad ManagedDebugger                                                                                                     :        3 samples, Peak.   717 us (2.5x), Avg.   292 us, Total. 875.5 us (0.0%)
[Performance] InitializeOnLoad ShortcutIntegration                                                                                                 :        3 samples, Peak.  77.9 us (1.7x), Avg.  47.2 us, Total. 141.5 us (0.0%)
[Performance] InitializeOnLoad AddComponentWindow                                                                                                  :        3 samples, Peak.  94.9 us (1.3x), Avg.  74.9 us, Total. 224.7 us (0.0%)
[Performance] InitializeOnLoad ManagedDebuggerWindow                                                                                               :        3 samples, Peak.   107 us (1.2x), Avg.  87.6 us, Total. 262.9 us (0.0%)
[Performance] InitializeOnLoad CacheServerWindow                                                                                                   :        3 samples, Peak.  6.10 us (1.1x), Avg.  5.73 us, Total. 17.20 us (0.0%)
[Performance] InitializeOnLoad PlayModeDownload                                                                                                    :        3 samples, Peak.  4.92 ms (2.8x), Avg.  1.77 ms, Total. 5.308 ms (0.0%)
[Performance] InitializeOnLoad MenuItems                                                                                                           :        3 samples, Peak.   160 us (1.8x), Avg.  89.5 us, Total. 268.4 us (0.0%)
[Performance] InitializeOnLoad PrefabInstanceChangedListener                                                                                       :        3 samples, Peak.   169 us (1.5x), Avg.   114 us, Total. 341.0 us (0.0%)
[Performance] InitializeOnLoad ObjectSelectorSearch                                                                                                :        3 samples, Peak.  38.3 us (1.2x), Avg.  31.3 us, Total. 93.80 us (0.0%)
[Performance] InitializeOnLoad EditorMonitor                                                                                                       :        3 samples, Peak.   486 us (1.0x), Avg.   465 us, Total. 1.394 ms (0.0%)
[Performance] InitializeOnLoad RetainedMode                                                                                                        :        3 samples, Peak.  1.77 ms (1.2x), Avg.  1.52 ms, Total. 4.553 ms (0.0%)
[Performance] InitializeOnLoad EditorShaderLoader                                                                                                  :        3 samples, Peak.   446 us (1.2x), Avg.   383 us, Total. 1.150 ms (0.0%)
[Performance] InitializeOnLoad EditorDelegateRegistration                                                                                          :        3 samples, Peak.  1.68 ms (2.0x), Avg.   847 us, Total. 2.542 ms (0.0%)
[Performance] InitializeOnLoad UIDocumentHierarchyWatcher                                                                                          :        3 samples, Peak.   124 us (1.6x), Avg.  78.4 us, Total. 235.3 us (0.0%)
[Performance] InitializeOnLoad LiveReloadTrackerCreator                                                                                            :        3 samples, Peak.   142 us (1.2x), Avg.   115 us, Total. 345.6 us (0.0%)
[Performance] InitializeOnLoad UxmlObjectEditorFactories                                                                                           :        3 samples, Peak.  1.29 ms (2.0x), Avg.   630 us, Total. 1.889 ms (0.0%)
[Performance] InitializeOnLoad UXMLEditorFactories                                                                                                 :        3 samples, Peak.  40.1 ms (1.0x), Avg.  38.8 ms, Total. 116.3 ms (0.2%)
[Performance] InitializeOnLoad PurchasingService                                                                                                   :        3 samples, Peak.  4.30 ms (1.1x), Avg.  4.04 ms, Total. 12.11 ms (0.0%)
[Performance] InitializeOnLoad CloudBuildPoller                                                                                                    :        3 samples, Peak.  81.9 us (1.1x), Avg.  76.5 us, Total. 229.6 us (0.0%)
[Performance] InitializeOnLoad EditorGameServicesAnalytics                                                                                         :        3 samples, Peak.  1.09 ms (2.0x), Avg.   557 us, Total. 1.672 ms (0.0%)
[Performance] InitializeOnLoad AnalyticsService                                                                                                    :        3 samples, Peak.   113 us (1.0x), Avg.   109 us, Total. 328.4 us (0.0%)
[Performance] InitializeOnLoad BuildService                                                                                                        :        3 samples, Peak.  90.7 us (1.0x), Avg.  87.5 us, Total. 262.6 us (0.0%)
[Performance] InitializeOnLoad AdsService                                                                                                          :        3 samples, Peak.   280 us (1.1x), Avg.   247 us, Total. 739.6 us (0.0%)
[Performance] InitializeOnLoad UDPService                                                                                                          :        3 samples, Peak.  91.3 us (1.0x), Avg.  87.2 us, Total. 261.5 us (0.0%)
[Performance] InitializeOnLoad CrashService                                                                                                        :        3 samples, Peak.  82.9 us (1.0x), Avg.  79.4 us, Total. 238.2 us (0.0%)
[Performance] InitializeOnLoad ServicesRepository                                                                                                  :        3 samples, Peak.  1.00 us (1.8x), Avg.   567 ns, Total. 1.700 us (0.0%)
[Performance] InitializeOnLoad SearchWindow                                                                                                        :        3 samples, Peak.   117 us (1.2x), Avg.  94.2 us, Total. 282.5 us (0.0%)
[Performance] InitializeOnLoad CustomIndexers                                                                                                      :        3 samples, Peak.  13.5 ms (1.3x), Avg.  10.1 ms, Total. 30.16 ms (0.1%)
[Performance] InitializeOnLoad SearchMonitor                                                                                                       :        3 samples, Peak.   631 us (1.0x), Avg.   606 us, Total. 1.817 ms (0.0%)
[Performance] InitializeOnLoad ParameterControllerEditor                                                                                           :        3 samples, Peak.  14.8 us (1.3x), Avg.  11.5 us, Total. 34.60 us (0.0%)
[Performance] InitializeOnLoad LayerSettingsWindow                                                                                                 :        3 samples, Peak.  35.2 us (1.9x), Avg.  18.7 us, Total. 56.10 us (0.0%)
[Performance] InitializeOnLoad PackageManagerHookGUIDConverter.RegisterPackagesEventHandler                                                        :        3 samples, Peak.   549 us (2.0x), Avg.   276 us, Total. 827.4 us (0.0%)
[Performance] InitializeOnLoad EditorDragAndDrop.RegisterEditorClient                                                                              :        3 samples, Peak.   217 us (1.2x), Avg.   185 us, Total. 556.5 us (0.0%)
[Performance] InitializeOnLoad EditorEventCallbacks.InitializeFontAssetResourceChangeCallBacks                                                     :        3 samples, Peak.   675 us (1.1x), Avg.   629 us, Total. 1.888 ms (0.0%)
[Performance] InitializeOnLoad SceneTemplateService.Init                                                                                           :        3 samples, Peak.   688 us (1.3x), Avg.   526 us, Total. 1.579 ms (0.0%)
[Performance] InitializeOnLoad DiagnosticSwitchesConsoleMessage.Init                                                                               :        3 samples, Peak.  13.1 ms (1.7x), Avg.  7.48 ms, Total. 22.45 ms (0.0%)
[Performance] InitializeOnLoad MemoryProfilerCompilationGuard.InjectCompileGuard                                                                   :        3 samples, Peak.   141 us (1.8x), Avg.  80.3 us, Total. 240.9 us (0.0%)
[Performance] InitializeOnLoad EditorWindow.Initialize                                                                                             :        3 samples, Peak.   182 us (1.4x), Avg.   133 us, Total. 398.0 us (0.0%)
[Performance] InitializeOnLoad AssetPostprocessingInternal.RefreshCustomDependencies                                                               :        3 samples, Peak.  3.03 ms (1.4x), Avg.  2.23 ms, Total. 6.705 ms (0.0%)
[Performance] InitializeOnLoad SysrootManager.Initialize                                                                                           :        3 samples, Peak.   512 us (1.4x), Avg.   378 us, Total. 1.134 ms (0.0%)
[Performance] InitializeOnLoad PackageManagerWindow.EditorInitializedInSafeMode                                                                    :        3 samples, Peak.  21.0 ms (3.0x), Avg.  7.10 ms, Total. 21.30 ms (0.0%)
[Performance] InitializeOnLoad ToolShortcutContext.Init                                                                                            :        3 samples, Peak.   126 us (1.2x), Avg.   104 us, Total. 311.6 us (0.0%)
[Performance] InitializeOnLoad SceneVisibilityManager.Initialize                                                                                   :        3 samples, Peak.  3.38 ms (2.3x), Avg.  1.50 ms, Total. 4.490 ms (0.0%)
[Performance] InitializeOnLoad ScopedRegistryAddedPopup.SubscribeToRegistriesAdded                                                                 :        3 samples, Peak.  4.95 ms (1.5x), Avg.  3.22 ms, Total. 9.653 ms (0.0%)
[Performance] AssemblyReloadEvents.afterAssemblyReload: UnityEditor.SceneTemplate.SceneTemplateService.AfterAssemblyReload                         :        3 samples, Peak.   799 us (1.3x), Avg.   595 us, Total. 1.784 ms (0.0%)
[Performance] ProcessService.EditorAfterLoadAllAssemblies                                                                                          :        3 samples, Peak.   265 us (1.2x), Avg.   229 us, Total. 685.5 us (0.0%)
[Performance] Application.ReadLicenseInfo                                                                                                          :        1 samples, Peak.  15.3 ms (1.0x), Avg.  15.3 ms, Total. 15.31 ms (0.0%)
[Performance] Application.InitialRefresh                                                                                                           :        1 samples, Peak.  10.3 s (1.0x), Avg.  10.3 s, Total. 10.27 s (20.6%)
[Performance] BuilderAssetModificationProcessor.OnWillCreateAsset                                                                                  :        3 samples, Peak.   581 us (2.2x), Avg.   268 us, Total. 802.8 us (0.0%)
[Performance] ShaderImporter.SourceAssetModified                                                                                                   :        4 samples, Peak.  1000 ns (1.6x), Avg.   625 ns, Total. 2.500 us (0.0%)
[Performance] ShaderIncludeImporter.SourceAssetModified                                                                                            :        4 samples, Peak.   900 ns (1.1x), Avg.   800 ns, Total. 3.200 us (0.0%)
[Performance] Compiling Scripts                                                                                                                    :        1 samples, Peak.  3.08 s (1.0x), Avg.  3.08 s, Total. 3.080 s (6.2%)
[Performance] AssemblyReloadEvents.beforeAssemblyReload: UnityEditor.SceneTemplate.SceneTemplateService.BeforeAssemblyReload                       :        2 samples, Peak.   407 us (1.4x), Avg.   289 us, Total. 577.8 us (0.0%)
[Performance] PSDImporterAssetPostProcessor.OnPreprocessAsset                                                                                      :        3 samples, Peak.   732 us (2.5x), Avg.   292 us, Total. 875.4 us (0.0%)
[Performance] PresetManagerPostProcessor.OnPreprocessAsset                                                                                         :        3 samples, Peak.   199 us (1.5x), Avg.   130 us, Total. 390.2 us (0.0%)
[Performance] CancelSplashScreenOnAssetChange.OnPreprocessAsset                                                                                    :        3 samples, Peak.  95.4 us (2.4x), Avg.  40.0 us, Total. 120.0 us (0.0%)
[Performance] ShaderGraphAssetPostProcessor.OnPreprocessAsset                                                                                      :        3 samples, Peak.   132 us (1.6x), Avg.  84.3 us, Total. 252.8 us (0.0%)
[Performance] SpritePostProcess.OnPreprocessAsset                                                                                                  :        3 samples, Peak.  1.40 ms (1.6x), Avg.   886 us, Total. 2.659 ms (0.0%)
[Performance] InitializeOnLoad BurstLoader                                                                                                         :        2 samples, Peak.  2.49 s (2.0x), Avg.  1.25 s, Total. 2.508 s (5.0%)
[Performance] InitializeOnLoad ShadowCasterGroup2DManager                                                                                          :        2 samples, Peak.   123 us (1.3x), Avg.  92.6 us, Total. 185.2 us (0.0%)
[Performance] InitializeOnLoad OnDomainReload                                                                                                      :        2 samples, Peak.   387 us (1.0x), Avg.   370 us, Total. 739.6 us (0.0%)
[Performance] InitializeOnLoad EditorInitialize                                                                                                    :        8 samples, Peak.  11.0 ms (3.7x), Avg.  2.97 ms, Total. 23.77 ms (0.0%)
[Performance] InitializeOnLoad CanvasesAndTheirOwners                                                                                              :        2 samples, Peak.   172 us (1.2x), Avg.   144 us, Total. 288.6 us (0.0%)
[Performance] InitializeOnLoad UnityTestProtocolStarter                                                                                            :        2 samples, Peak.   250 us (1.1x), Avg.   218 us, Total. 436.1 us (0.0%)
[Performance] InitializeOnLoad TestRunnerInitializer                                                                                               :        2 samples, Peak.  2.48 ms (1.1x), Avg.  2.18 ms, Total. 4.369 ms (0.0%)
[Performance] InitializeOnLoad ProbeGIBaking                                                                                                       :        2 samples, Peak.  7.03 ms (1.6x), Avg.  4.28 ms, Total. 8.554 ms (0.0%)
[Performance] InitializeOnLoad FilterWindow                                                                                                        :        2 samples, Peak.  85.3 us (1.5x), Avg.  56.3 us, Total. 112.5 us (0.0%)
[Performance] InitializeOnLoad RealtimeProbeSubdivisionDebug                                                                                       :        2 samples, Peak.  92.7 us (1.3x), Avg.  71.8 us, Total. 143.5 us (0.0%)
[Performance] InitializeOnLoad CinemachineStoryboardMute                                                                                           :        2 samples, Peak.   338 us (1.1x), Avg.   296 us, Total. 591.2 us (0.0%)
[Performance] InitializeOnLoad SaveDuringPlay                                                                                                      :        2 samples, Peak.  76.7 us (1.2x), Avg.  63.7 us, Total. 127.4 us (0.0%)
[Performance] InitializeOnLoad CollectGizmoDrawers                                                                                                 :        2 samples, Peak.  60.8 ms (1.6x), Avg.  37.4 ms, Total. 74.84 ms (0.2%)
[Performance] InitializeOnLoad CinemachineScreenComposerGuidesGlobalDraggable                                                                      :        2 samples, Peak.   350 us (1.1x), Avg.   319 us, Total. 638.8 us (0.0%)
[Performance] InitializeOnLoad CinemachineEditorAnalytics                                                                                          :        2 samples, Peak.  51.1 us (1.1x), Avg.  47.6 us, Total. 95.10 us (0.0%)
[Performance] InitializeOnLoad CreateRigWithUndo                                                                                                   :        2 samples, Peak.   108 us (1.0x), Avg.   105 us, Total. 210.6 us (0.0%)
[Performance] InitializeOnLoad CreatePipelineWithUndo                                                                                              :        2 samples, Peak.   117 us (1.0x), Avg.   113 us, Total. 226.8 us (0.0%)
[Performance] InitializeOnLoad SyncCacheEnabledSetting                                                                                             :        2 samples, Peak.   877 us (1.2x), Avg.   749 us, Total. 1.497 ms (0.0%)
[Performance] InitializeOnLoad CinemachineColliderPrefs                                                                                            :        2 samples, Peak.   283 us (1.3x), Avg.   210 us, Total. 420.4 us (0.0%)
[Performance] InitializeOnLoad EditorToolManager                                                                                                   :        4 samples, Peak.  1.59 ms (2.0x), Avg.   774 us, Total. 3.097 ms (0.0%)
[Performance] InitializeOnLoad GetIl2CppFolderHook                                                                                                 :        2 samples, Peak.  8.34 ms (1.1x), Avg.  7.31 ms, Total. 14.62 ms (0.0%)
[Performance] InitializeOnLoad CopyStrippedAOTAssembliesHook                                                                                       :        2 samples, Peak.   856 us (1.1x), Avg.   815 us, Total. 1.629 ms (0.0%)
[Performance] InitializeOnLoad SpriteEditorWindow                                                                                                  :        2 samples, Peak.   305 us (1.0x), Avg.   297 us, Total. 593.4 us (0.0%)
[Performance] InitializeOnLoad PrefabLayoutRebuilder                                                                                               :        2 samples, Peak.   160 us (1.0x), Avg.   156 us, Total. 311.5 us (0.0%)
[Performance] InitializeOnLoad UnityEditorToolbar                                                                                                  :        2 samples, Peak.   933 us (1.0x), Avg.   904 us, Total. 1.807 ms (0.0%)
[Performance] InitializeOnLoad NodeClassCache                                                                                                      :        2 samples, Peak.  6.70 us (1.1x), Avg.  6.10 us, Total. 12.20 us (0.0%)
[Performance] InitializeOnLoad ShaderGraphMaterialsUpdater                                                                                         :        4 samples, Peak.   241 us (1.5x), Avg.   156 us, Total. 625.5 us (0.0%)
[Performance] InitializeOnLoad Renderer2DAnalytics                                                                                                 :        2 samples, Peak.  91.1 us (1.2x), Avg.  76.7 us, Total. 153.5 us (0.0%)
[Performance] InitializeOnLoad RiderScriptEditor                                                                                                   :        2 samples, Peak.  8.65 ms (1.1x), Avg.  7.71 ms, Total. 15.41 ms (0.0%)
[Performance] InitializeOnLoad CallbackInitializer                                                                                                 :        2 samples, Peak.  1.31 ms (1.9x), Avg.   701 us, Total. 1.402 ms (0.0%)
[Performance] InitializeOnLoad LoggerScopedInitializer                                                                                             :        2 samples, Peak.   191 us (1.0x), Avg.   186 us, Total. 372.4 us (0.0%)
[Performance] InitializeOnLoad AssemblyChangesLoader                                                                                               :        2 samples, Peak.  80.2 us (1.0x), Avg.  77.1 us, Total. 154.2 us (0.0%)
[Performance] InitializeOnLoad DetourCrashHandler                                                                                                  :        2 samples, Peak.   129 us (1.0x), Avg.   128 us, Total. 255.6 us (0.0%)
[Performance] InitializeOnLoad NewFieldsRendererDefaultEditorPatch                                                                                 :        2 samples, Peak.   188 ms (1.1x), Avg.   172 ms, Total. 343.1 ms (0.7%)
[Performance] InitializeOnLoad ProjectWindowReloadStatusIndicatorDrawer                                                                            :        2 samples, Peak.   919 us (1.0x), Avg.   907 us, Total. 1.815 ms (0.0%)
[Performance] InitializeOnLoad FastScriptReloadManager                                                                                             :        2 samples, Peak.  1.40 us (1.0x), Avg.  1.35 us, Total. 2.700 us (0.0%)
[Performance] InitializeOnLoad DynamicCompilationBase                                                                                              :        2 samples, Peak.  88.7 ms (2.0x), Avg.  44.5 ms, Total. 89.07 ms (0.2%)
[Performance] InitializeOnLoad CustomFileWatcher                                                                                                   :        2 samples, Peak.   107 us (1.2x), Avg.  89.8 us, Total. 179.5 us (0.0%)
[Performance] InitializeOnLoad DotnetExeDynamicCompilation                                                                                         :        2 samples, Peak.   276 ms (1.5x), Avg.   181 ms, Total. 362.4 ms (0.7%)
[Performance] InitializeOnLoad ScriptGenerationOverridesManager                                                                                    :        2 samples, Peak.   799 us (1.0x), Avg.   791 us, Total. 1.582 ms (0.0%)
[Performance] InitializeOnLoad AddInternalsVisibleToForAllUserAssembliesPostProcess                                                                :        2 samples, Peak.   153 us (1.0x), Avg.   150 us, Total. 299.4 us (0.0%)
[Performance] InitializeOnLoad FastScriptReloadWelcomeScreenInitializer                                                                            :        2 samples, Peak.  26.6 ms (1.0x), Avg.  26.2 ms, Total. 52.44 ms (0.1%)
[Performance] InitializeOnLoad PackageEntryPoint                                                                                                   :        2 samples, Peak.  42.0 ms (1.0x), Avg.  40.2 ms, Total. 80.34 ms (0.2%)
[Performance] InitializeOnLoad SpineEditorUtilities                                                                                                :        2 samples, Peak.   185 us (1.0x), Avg.   183 us, Total. 365.3 us (0.0%)
[Performance] InitializeOnLoad BackgroundImport                                                                                                    :        2 samples, Peak.   145 us (1.2x), Avg.   121 us, Total. 242.5 us (0.0%)
[Performance] InitializeOnLoad RegistryService                                                                                                     :        2 samples, Peak.  4.07 ms (1.1x), Avg.  3.79 ms, Total. 7.587 ms (0.0%)
[Performance] InitializeOnLoad BatchJobService                                                                                                     :        2 samples, Peak.   104 ms (1.1x), Avg.  95.1 ms, Total. 190.2 ms (0.4%)
[Performance] InitializeOnLoad AsyncJobService                                                                                                     :        2 samples, Peak.   193 us (1.1x), Avg.   173 us, Total. 345.9 us (0.0%)
[Performance] InitializeOnLoad SkillsHttpServer                                                                                                    :        2 samples, Peak.  1.01 ms (1.0x), Avg.   997 us, Total. 1.993 ms (0.0%)
[Performance] InitializeOnLoad VSCodeScriptEditor                                                                                                  :        2 samples, Peak.  3.30 ms (1.0x), Avg.  3.27 ms, Total. 6.549 ms (0.0%)
[Performance] InitializeOnLoad VSUsageUtility                                                                                                      :        2 samples, Peak.  14.8 ms (1.9x), Avg.  7.61 ms, Total. 15.22 ms (0.0%)
[Performance] InitializeOnLoad VisualStudioEditor                                                                                                  :        2 samples, Peak.  3.55 ms (1.0x), Avg.  3.43 ms, Total. 6.850 ms (0.0%)
[Performance] InitializeOnLoad TestRunnerApiListener                                                                                               :        2 samples, Peak.   300 us (1.1x), Avg.   282 us, Total. 563.1 us (0.0%)
[Performance] InitializeOnLoad VisualStudioIntegration                                                                                             :        2 samples, Peak.   343 us (1.1x), Avg.   302 us, Total. 604.3 us (0.0%)
[Performance] InitializeOnLoad SpriteSkinCompositeStartup                                                                                          :        2 samples, Peak.  9.12 ms (1.3x), Avg.  7.14 ms, Total. 14.29 ms (0.0%)
[Performance] InitializeOnLoad VersionValidator                                                                                                    :        2 samples, Peak.  1.13 ms (1.1x), Avg.  1.03 ms, Total. 2.058 ms (0.0%)
[Performance] InitializeOnLoad LogPreferences                                                                                                      :        2 samples, Peak.   177 us (1.1x), Avg.   154 us, Total. 308.6 us (0.0%)
[Performance] InitializeOnLoad DestroyListener                                                                                                     :        2 samples, Peak.   231 us (1.0x), Avg.   226 us, Total. 452.3 us (0.0%)
[Performance] InitializeOnLoad ProGridsInterface                                                                                                   :        2 samples, Peak.  1.47 ms (1.1x), Avg.  1.33 ms, Total. 2.663 ms (0.0%)
[Performance] InitializeOnLoad EntityVisibility                                                                                                    :        2 samples, Peak.   294 us (1.2x), Avg.   236 us, Total. 472.4 us (0.0%)
[Performance] InitializeOnLoad VertexManipulationToolSettings                                                                                      :        2 samples, Peak.  54.8 us (1.1x), Avg.  47.8 us, Total. 95.70 us (0.0%)
[Performance] InitializeOnLoad UndoUtility                                                                                                         :        2 samples, Peak.   232 us (1.5x), Avg.   152 us, Total. 303.4 us (0.0%)
[Performance] InitializeOnLoad HierarchyListener                                                                                                   :        2 samples, Peak.   273 us (1.2x), Avg.   236 us, Total. 471.5 us (0.0%)
[Performance] InitializeOnLoad Lightmapping                                                                                                        :        2 samples, Peak.   522 us (1.1x), Avg.   471 us, Total. 941.5 us (0.0%)
[Performance] InitializeOnLoad SceneDragAndDropListener                                                                                            :        2 samples, Peak.   475 us (1.3x), Avg.   361 us, Total. 722.5 us (0.0%)
[Performance] InitializeOnLoad MeshSelection                                                                                                       :        2 samples, Peak.  2.68 ms (1.1x), Avg.  2.48 ms, Total. 4.960 ms (0.0%)
[Performance] InitializeOnLoad UnityInternalsInjector                                                                                              :        2 samples, Peak.  1.37 ms (1.1x), Avg.  1.20 ms, Total. 2.394 ms (0.0%)
[Performance] InitializeOnLoad UVCSToolbarBoostrap                                                                                                 :        2 samples, Peak.  78.1 ms (1.2x), Avg.  65.2 ms, Total. 130.5 ms (0.3%)
[Performance] InitializeOnLoad UnityAnalyticsStorage                                                                                               :        2 samples, Peak.   757 us (1.4x), Avg.   535 us, Total. 1.070 ms (0.0%)
[Performance] InitializeOnLoad BoneGizmoInitializer                                                                                                :        2 samples, Peak.  2.86 ms (1.5x), Avg.  1.97 ms, Total. 3.932 ms (0.0%)
[Performance] InitializeOnLoad Analytics                                                                                                           :        2 samples, Peak.   434 us (1.5x), Avg.   290 us, Total. 580.2 us (0.0%)
[Performance] InitializeOnLoad SceneDragAndDrop                                                                                                    :        2 samples, Peak.   192 us (1.3x), Avg.   152 us, Total. 303.3 us (0.0%)
[Performance] InitializeOnLoad SpriteShapeUpdateCache                                                                                              :        2 samples, Peak.   681 us (1.4x), Avg.   488 us, Total. 975.8 us (0.0%)
[Performance] InitializeOnLoad SpriteShapeUnityAnalyticsStorage                                                                                    :        2 samples, Peak.  11.9 us (1.2x), Avg. 10.00 us, Total. 20.00 us (0.0%)
[Performance] InitializeOnLoad IKEditorManager.CreateInstance                                                                                      :        2 samples, Peak.  1.84 ms (1.8x), Avg.  1.04 ms, Total. 2.070 ms (0.0%)
[Performance] InitializeOnLoad __JobReflectionRegistrationOutput__13059449685540781863.EarlyInit                                                   :        2 samples, Peak.  1.05 ms (1.2x), Avg.   847 us, Total. 1.694 ms (0.0%)
[Performance] InitializeOnLoad $BurstDirectCallInitializer.Initialize                                                                              :       14 samples, Peak.  55.9 ms (6.8x), Avg.  8.17 ms, Total. 114.4 ms (0.2%)
[Performance] InitializeOnLoad SceneViewGridManager.Initialize                                                                                     :        2 samples, Peak.  5.34 ms (1.4x), Avg.  3.73 ms, Total. 7.451 ms (0.0%)
[Performance] InitializeOnLoad TilemapPrefabStageHelper.Initialize                                                                                 :        2 samples, Peak.  1.66 ms (1.4x), Avg.  1.22 ms, Total. 2.439 ms (0.0%)
[Performance] InitializeOnLoad SceneViewOpenTilePaletteHelper.Initialize                                                                           :        2 samples, Peak.  1.11 ms (1.5x), Avg.   760 us, Total. 1.519 ms (0.0%)
[Performance] InitializeOnLoad TileDragAndDropManager.Initialize                                                                                   :        2 samples, Peak.   728 us (1.8x), Avg.   403 us, Total. 806.7 us (0.0%)
[Performance] InitializeOnLoad UnityConverterInitializer.Init                                                                                      :        2 samples, Peak.  33.1 ms (1.2x), Avg.  27.5 ms, Total. 55.09 ms (0.1%)
[Performance] InitializeOnLoad ProBuilderSettings.SaveSettingsOnExit                                                                               :        2 samples, Peak.  65.6 us (1.3x), Avg.  49.7 us, Total. 99.40 us (0.0%)
[Performance] InitializeOnLoad __JobReflectionRegistrationOutput__12640072059193112690.EarlyInit                                                   :        2 samples, Peak.  2.61 ms (1.3x), Avg.  2.03 ms, Total. 4.064 ms (0.0%)
[Performance] InitializeOnLoad VisualStudioEditor.LegacyVisualStudioCodePackageDisabler                                                            :        2 samples, Peak.  4.69 ms (1.2x), Avg.  3.85 ms, Total. 7.695 ms (0.0%)
[Performance] InitializeOnLoad MaterialReimporter.RegisterUpgraderReimport                                                                         :        4 samples, Peak.   319 us (2.0x), Avg.   161 us, Total. 645.5 us (0.0%)
[Performance] InitializeOnLoad PackageManagerHelper.Initialize                                                                                     :        2 samples, Peak.  6.16 ms (1.3x), Avg.  4.84 ms, Total. 9.677 ms (0.0%)
[Performance] InitializeOnLoad DOTweenPresenceDetector.Synchronize                                                                                 :        2 samples, Peak.  5.79 ms (1.3x), Avg.  4.48 ms, Total. 8.964 ms (0.0%)
[Performance] InitializeOnLoad BackgroundImport.Setup                                                                                              :        2 samples, Peak.   756 us (1.5x), Avg.   521 us, Total. 1.041 ms (0.0%)
[Performance] InitializeOnLoad CLILeakDetectionSwitcher.SetLeakDetectionModeFromEnvironment                                                        :        2 samples, Peak.   217 us (1.1x), Avg.   197 us, Total. 395.0 us (0.0%)
[Performance] InitializeOnLoad PlayerLoopHelper.InitOnEditor                                                                                       :        2 samples, Peak.  6.75 ms (1.3x), Avg.  5.35 ms, Total. 10.70 ms (0.0%)
[Performance] InitializeOnLoad __JobReflectionRegistrationOutput__1652832624114795843.EarlyInit                                                    :        2 samples, Peak.  4.34 ms (1.1x), Avg.  3.80 ms, Total. 7.602 ms (0.0%)
[Performance] InitializeOnLoad GameDataGenerator.InitEPPlusLicense                                                                                 :        2 samples, Peak.   609 us (1.3x), Avg.   487 us, Total. 973.8 us (0.0%)
[Performance] InitializeOnLoad UIFormBaseInspector.InitEditor                                                                                      :        2 samples, Peak.   238 us (1.3x), Avg.   182 us, Total. 363.3 us (0.0%)
[Performance] InitializeOnLoad DataTableUpdater.Init                                                                                               :        2 samples, Peak.  24.8 ms (1.2x), Avg.  20.8 ms, Total. 41.67 ms (0.1%)
[Performance] InitializeOnLoad EditorToolbarExtension.Init                                                                                         :        2 samples, Peak.   329 ms (1.2x), Avg.   279 ms, Total. 558.8 ms (1.1%)
[Performance] EditorResources.Load                                                                                                                 :      108 samples, Peak.  12.9 ms (99.1x), Avg.   130 us, Total. 14.08 ms (0.0%)
[Performance] InitializeOnLoad UIFormBaseInspector.RebindPropertiesDelay                                                                           :        2 samples, Peak.   240 us (1.0x), Avg.   230 us, Total. 459.2 us (0.0%)
[Performance] InitializeOnLoad UIItemBaseInspector.RebindPropertiesDelay                                                                           :        2 samples, Peak.   167 us (1.0x), Avg.   165 us, Total. 329.1 us (0.0%)
[Performance] InitializeOnLoad ProjectPanelRightClickExtension.TaskRefresh                                                                         :        2 samples, Peak.   241 us (1.0x), Avg.   240 us, Total. 480.0 us (0.0%)
[Performance] InitializeOnLoad TestStarter.Initialize                                                                                              :        2 samples, Peak.  5.78 ms (1.1x), Avg.  5.49 ms, Total. 10.97 ms (0.0%)
[Performance] InitializeOnLoad AnalyticsReporter.RegisterCallbacks                                                                                 :        2 samples, Peak.   307 us (1.2x), Avg.   265 us, Total. 529.4 us (0.0%)
[Performance] InitializeOnLoad TestJobDataHolder.ResumeRunningJobs                                                                                 :        2 samples, Peak.  77.3 ms (2.0x), Avg.  39.1 ms, Total. 78.11 ms (0.2%)
[Performance] InitializeOnLoad DebugManagerWindowLifetimeAnalytic.SubscribeToDebugManagerOpenCloseWindows                                          :        2 samples, Peak.   382 us (1.0x), Avg.   373 us, Total. 745.1 us (0.0%)
[Performance] InitializeOnLoad CoreRenderPipelinePreferences.InitPreferenceProviders                                                               :        2 samples, Peak.  9.42 ms (1.0x), Avg.  9.28 ms, Total. 18.55 ms (0.0%)
[Performance] InitializeOnLoad VolumeGizmoDrawer.InitVolumeGizmoCallbacks                                                                          :        2 samples, Peak.   296 us (1.0x), Avg.   287 us, Total. 573.9 us (0.0%)
[Performance] DidReloadScriptsCinemachineExtension.OnScriptReload                                                                                  :        2 samples, Peak.   388 us (1.1x), Avg.   351 us, Total. 702.8 us (0.0%)
[Performance] DidReloadScriptsCinemachineVirtualCameraBase.OnScriptReload                                                                          :        2 samples, Peak.  82.1 us (1.1x), Avg.  77.3 us, Total. 154.5 us (0.0%)
[Performance] DidReloadScriptsTestRunnerWindow.CompilationCallback                                                                                 :        2 samples, Peak.   423 us (1.0x), Avg.   407 us, Total. 814.7 us (0.0%)
[Performance] DidReloadScriptsTestListCache.ScriptReloaded                                                                                         :        2 samples, Peak.  1.15 ms (1.8x), Avg.   637 us, Total. 1.273 ms (0.0%)
[Performance] DidReloadScriptsLookDev.OnEditorReload                                                                                               :        2 samples, Peak.   170 us (1.0x), Avg.   167 us, Total. 333.8 us (0.0%)
[Performance] DidReloadScriptsDebugWindow.OnEditorReload                                                                                           :        2 samples, Peak.  4.92 ms (1.0x), Avg.  4.87 ms, Total. 9.741 ms (0.0%)
[Performance] DidReloadScriptsVolumeComponentEditor.OnEditorReload                                                                                 :        2 samples, Peak.  7.53 ms (1.1x), Avg.  6.88 ms, Total. 13.77 ms (0.0%)
[Performance] DidReloadScriptsAdvancedDropdownWindow.OnScriptReload                                                                                :        2 samples, Peak.   171 us (1.0x), Avg.   168 us, Total. 335.2 us (0.0%)
[Performance] AssemblyReloadEvents.afterAssemblyReload: UnitySkills.SkillsHttpServer.OnAfterAssemblyReload                                         :        2 samples, Peak.   683 us (1.1x), Avg.   606 us, Total. 1.212 ms (0.0%)
[Performance] AssemblyReloadEvents.afterAssemblyReload: UnityEditor.ProBuilder.HierarchyListener.OnAfterAssemblyReload                             :        2 samples, Peak.   206 us (1.0x), Avg.   206 us, Total. 411.8 us (0.0%)
[Performance] AssemblyReloadEvents.afterAssemblyReload: UnityEditor.U2D.Animation.BoneGizmo.OnAfterAssemblyReload                                  :        2 samples, Peak.   572 us (1.1x), Avg.   539 us, Total. 1.079 ms (0.0%)
[Performance] AssetDatabase.ImportAssets                                                                                                           :        8 samples, Peak.  47.7 ms (8.0x), Avg.  5.96 ms, Total. 47.72 ms (0.1%)
[Performance] VersionControl.Task.Wait                                                                                                             :        1 samples, Peak.  6.80 us (1.0x), Avg.  6.80 us, Total. 6.800 us (0.0%)
[Performance] CinemachineSettings.OnPostprocessAllAssets                                                                                           :       10 samples, Peak.   400 us (3.5x), Avg.   116 us, Total. 1.158 ms (0.0%)
[Performance] UtilityWindowPostProcessor.OnPostprocessAllAssets                                                                                    :        8 samples, Peak.   740 us (1.9x), Avg.   385 us, Total. 3.084 ms (0.0%)
[Performance] SpineEditorUtilities.OnPostprocessAllAssets                                                                                          :        8 samples, Peak.  9.98 ms (2.1x), Avg.  4.65 ms, Total. 37.18 ms (0.1%)
[Performance] TMPro_TexturePostProcessor.OnPostprocessAllAssets                                                                                    :        8 samples, Peak.   310 us (2.2x), Avg.   141 us, Total. 1.132 ms (0.0%)
[Performance] UVCSAssetPostprocessor.OnPostprocessAllAssets                                                                                        :        8 samples, Peak.   685 us (2.5x), Avg.   280 us, Total. 2.236 ms (0.0%)
[Performance] BuilderAssetPostprocessor.OnPostprocessAllAssets                                                                                     :        8 samples, Peak.  2.78 ms (2.7x), Avg.  1.01 ms, Total. 8.081 ms (0.0%)
[Performance] ArtifactBrowserPostProcessor.OnPostprocessAllAssets                                                                                  :        8 samples, Peak.   340 us (2.6x), Avg.   133 us, Total. 1.062 ms (0.0%)
[Performance] AssetEvents.OnPostprocessAllAssets                                                                                                   :       16 samples, Peak.   137 us (3.0x), Avg.  46.3 us, Total. 740.7 us (0.0%)
[Performance] AudioMixerPostprocessor.OnPostprocessAllAssets                                                                                       :        8 samples, Peak.   292 us (2.4x), Avg.   120 us, Total. 963.6 us (0.0%)
[Performance] StyleCatalogPostProcessor.OnPostprocessAllAssets                                                                                     :        8 samples, Peak.  36.3 ms (2.8x), Avg.  13.0 ms, Total. 103.7 ms (0.2%)
[Performance] BuildCatalog                                                                                                                         :        2 samples, Peak.  35.6 ms (1.4x), Avg.  25.3 ms, Total. 50.62 ms (0.1%)
[Performance] ModelImporterPostProcessor.OnPostprocessAllAssets                                                                                    :        8 samples, Peak.   923 us (2.0x), Avg.   469 us, Total. 3.752 ms (0.0%)
[Performance] MaterialPostprocessor.OnPostprocessAllAssets                                                                                         :       16 samples, Peak.   456 us (2.1x), Avg.   222 us, Total. 3.547 ms (0.0%)
[Performance] UniversalRenderPipelineGlobalSettingsPostprocessor.OnPostprocessAllAssets                                                            :       10 samples, Peak.   777 us (3.2x), Avg.   244 us, Total. 2.440 ms (0.0%)
[Performance] RetainedModeAssetPostprocessor.OnPostprocessAllAssets                                                                                :        8 samples, Peak.   982 us (2.0x), Avg.   479 us, Total. 3.834 ms (0.0%)
[Performance] AssetChangedListener.OnPostprocessAllAssets                                                                                          :        8 samples, Peak.   954 us (2.2x), Avg.   440 us, Total. 3.516 ms (0.0%)
[Performance] PostProcessor.OnPostprocessAllAssets                                                                                                 :        8 samples, Peak.   184 us (2.0x), Avg.  91.9 us, Total. 734.8 us (0.0%)
[Performance] ShaderGraphAssetPostProcessor.OnPostprocessAllAssets                                                                                 :        8 samples, Peak.  1.51 ms (2.1x), Avg.   732 us, Total. 5.856 ms (0.0%)
[Performance] SpeedTreePostProcessor.OnPostprocessAllAssets                                                                                        :        8 samples, Peak.   117 us (2.0x), Avg.  60.2 us, Total. 481.3 us (0.0%)
[Performance] TextAssetPostProcessor.OnPostprocessAllAssets                                                                                        :        8 samples, Peak.   234 us (2.0x), Avg.   119 us, Total. 951.2 us (0.0%)
[Performance] AssetProcessor.OnPostprocessAllAssets                                                                                                :       24 samples, Peak.  1.06 ms (4.5x), Avg.   234 us, Total. 5.605 ms (0.0%)
[Performance] SpriteLibraryAssetPostprocessor.OnPostprocessAllAssets                                                                               :        8 samples, Peak.   215 us (2.2x), Avg.  97.8 us, Total. 782.4 us (0.0%)
[Performance] PSDImporterAssetPostProcessor.OnPostprocessAllAssets                                                                                 :        8 samples, Peak.   129 us (2.5x), Avg.  51.3 us, Total. 410.5 us (0.0%)
[Performance] PSDImportPostProcessor.OnPostprocessAllAssets                                                                                        :        8 samples, Peak.   124 us (2.4x), Avg.  51.1 us, Total. 409.1 us (0.0%)
[Performance] SpriteEditorTexturePostprocessor.OnPostprocessAllAssets                                                                              :        8 samples, Peak.   184 us (1.9x), Avg.  98.1 us, Total. 784.5 us (0.0%)
[Performance] SpriteShapeAssetPostProcessor.OnPostprocessAllAssets                                                                                 :        8 samples, Peak.   411 us (2.0x), Avg.   210 us, Total. 1.677 ms (0.0%)
[Performance] SyncVS.PostprocessSyncProject                                                                                                        :        5 samples, Peak.   160 ms (4.7x), Avg.  34.3 ms, Total. 171.7 ms (0.3%)
[Performance] EditorApplication.projectChanged: UnityEditor.Audio.MixerEffectDefinitionReloader.OnProjectChanged                                   :        3 samples, Peak.   516 us (1.3x), Avg.   400 us, Total. 1.201 ms (0.0%)
[Performance] Application.ImportPackagesAndSetTemplateWhenCreatingProject                                                                          :        1 samples, Peak.  8.59 ms (1.0x), Avg.  8.59 ms, Total. 8.589 ms (0.0%)
[Performance] Application.SyncCurrentColorSpace                                                                                                    :        1 samples, Peak.  17.2 ms (1.0x), Avg.  17.2 ms, Total. 17.25 ms (0.0%)
[Performance] Application.OnUsbDevicesChanged                                                                                                      :        1 samples, Peak.  4.91 ms (1.0x), Avg.  4.91 ms, Total. 4.911 ms (0.0%)
[Performance] Application.AssetInstanceCacheUpdate                                                                                                 :        1 samples, Peak.   500 ns (1.0x), Avg.   500 ns, Total. 500.0 ns (0.0%)
[Performance] Application.UnityExtensions.Initialize                                                                                               :        1 samples, Peak.  5.97 ms (1.0x), Avg.  5.97 ms, Total. 5.973 ms (0.0%)
[Performance] CodeEditorProjectSync.SyncEditorProject                                                                                              :        1 samples, Peak.   357 ms (1.0x), Avg.   357 ms, Total. 357.3 ms (0.7%)
[Performance] Application.ExecuteStartups                                                                                                          :        1 samples, Peak.  23.3 ms (1.0x), Avg.  23.3 ms, Total. 23.25 ms (0.0%)
[Performance] Menu.RegisterMenuInterface                                                                                                           :       26 samples, Peak.  2.20 us (9.5x), Avg.   231 ns, Total. 6.000 us (0.0%)
[Performance] Gizmo.RebuildRenderers                                                                                                               :        4 samples, Peak.  21.1 ms (1.3x), Avg.  16.2 ms, Total. 64.95 ms (0.1%)
[Performance] Gizmo.AddGizmoRenderers                                                                                                              :      728 samples, Peak.   999 us (75.3x), Avg.  13.3 us, Total. 9.655 ms (0.0%)
[Performance] Application.editorInitializingProject                                                                                                :        1 samples, Peak.  15.4 us (1.0x), Avg.  15.4 us, Total. 15.40 us (0.0%)
[Performance] Application.FinishLoadingProject                                                                                                     :        1 samples, Peak.   723 ms (1.0x), Avg.   723 ms, Total. 723.4 ms (1.5%)
[Performance] Application.InitializeMenu                                                                                                           :        1 samples, Peak.   348 ms (1.0x), Avg.   348 ms, Total. 348.4 ms (0.7%)
[Performance] Menu.RebuildAll                                                                                                                      :        1 samples, Peak.   348 ms (1.0x), Avg.   348 ms, Total. 348.4 ms (0.7%)
[Performance] Menu.BuildRegisteredMenuInterfaces                                                                                                   :        1 samples, Peak.   344 ms (1.0x), Avg.   344 ms, Total. 343.5 ms (0.7%)
[Performance] Menu.FilterMenuItem                                                                                                                  :     1193 samples, Peak.  64.3 ms (816.4x), Avg.  78.8 us, Total. 94.01 ms (0.2%)
[Performance] UpdateAllMenus                                                                                                                       :        1 samples, Peak.  1.47 ms (1.0x), Avg.  1.47 ms, Total. 1.472 ms (0.0%)
[Performance] Menu.RebuildOSMainMenu                                                                                                               :        2 samples, Peak.  3.24 ms (1.0x), Avg.  3.21 ms, Total. 6.420 ms (0.0%)
[Performance] EditorSceneManager.sceneClosing: UnityEditor.SceneVisibilityManager.EditorSceneManagerOnSceneClosing                                 :        5 samples, Peak.   283 us (2.9x), Avg.  97.5 us, Total. 487.5 us (0.0%)
[Performance] GUIView.RepaintAll.PlayerLoopController                                                                                              :    28573 samples, Peak.  10.9 us (66.5x), Avg.   164 ns, Total. 4.681 ms (0.0%)
[Performance] EditorSceneManager.newSceneCreated: UnityEditor.SceneTemplate.SceneTemplateService.OnNewSceneCreated                                 :        3 samples, Peak.   182 us (1.5x), Avg.   119 us, Total. 357.0 us (0.0%)
[Performance] EditorSceneManager.newSceneCreated: UnityEditor.SceneVisibilityManager.EditorSceneManagerOnNewSceneCreated                           :        3 samples, Peak.   143 us (1.5x), Avg.  92.6 us, Total. 277.9 us (0.0%)
[Performance] EditorSceneManager.newSceneCreated: UnityEditor.SceneManagement.StageNavigationManager.OnNewSceneCreated                             :        3 samples, Peak.  83.1 us (2.0x), Avg.  41.3 us, Total. 124.0 us (0.0%)
[Performance] Application.InvokeFinishedLoadingProject                                                                                             :        1 samples, Peak.   279 ms (1.0x), Avg.   279 ms, Total. 279.1 ms (0.6%)
[Performance] ProcessService.OnProjectLoaded                                                                                                       :        1 samples, Peak.   582 us (1.0x), Avg.   582 us, Total. 582.1 us (0.0%)
[Performance] Application.InvokeProjectWasLoaded                                                                                                   :        1 samples, Peak.  83.0 us (1.0x), Avg.  83.0 us, Total. 83.00 us (0.0%)
[Performance] Application.Message                                                                                                                  :    28615 samples, Peak.   338 us (915.2x), Avg.   370 ns, Total. 10.57 ms (0.0%)
[Performance] Application.Message.Timer                                                                                                            :       68 samples, Peak.  71.8 us (2.9x), Avg.  25.1 us, Total. 1.710 ms (0.0%)
[Performance] Application.Message.WM_0031F                                                                                                         :        1 samples, Peak.  3.30 us (1.0x), Avg.  3.30 us, Total. 3.300 us (0.0%)
[Performance] Application.Tick                                                                                                                     :    28614 samples, Peak.  2.70 s (2232.4x), Avg.  1.21 ms, Total. 34.60 s (69.5%)
[Performance] CheckLicensingClient                                                                                                                 :        8 samples, Peak.  13.0 us (1.2x), Avg.  10.6 us, Total. 85.00 us (0.0%)
[Performance] CheckLicensingClientNotification                                                                                                     :        8 samples, Peak.  14.2 us (1.1x), Avg.  12.8 us, Total. 102.7 us (0.0%)
[Performance] LicenseActivated.Tick                                                                                                                :        1 samples, Peak.  7.40 us (1.0x), Avg.  7.40 us, Total. 7.400 us (0.0%)
[Performance] Application.TickVersionControl                                                                                                       :    28615 samples, Peak.  43.7 us (119.0x), Avg.   367 ns, Total. 10.51 ms (0.0%)
[Performance] MonoCompiler.Tick                                                                                                                    :      155 samples, Peak.  12.1 us (6.2x), Avg.  1.95 us, Total. 302.9 us (0.0%)
[Performance] UnityConnect.Tick                                                                                                                    :        6 samples, Peak.  4.00 ms (5.8x), Avg.   686 us, Total. 4.115 ms (0.0%)
[Performance] UnityVersionControl.Tick                                                                                                             :        6 samples, Peak.   600 ns (2.3x), Avg.   267 ns, Total. 1.600 us (0.0%)
[Performance] CurlRequest.Tick                                                                                                                     :      303 samples, Peak.   287 us (143.4x), Avg.  2.00 us, Total. 606.5 us (0.0%)
[Performance] HubClient.Tick                                                                                                                       :      303 samples, Peak.  37.4 us (123.8x), Avg.   302 ns, Total. 91.50 us (0.0%)
[Performance] AssetDatabase.Tick                                                                                                                   :      303 samples, Peak.  48.2 us (120.1x), Avg.   401 ns, Total. 121.6 us (0.0%)
[Performance] SceneBackgroundTask.Tick                                                                                                             :      204 samples, Peak.   300 ns (2.0x), Avg.   153 ns, Total. 31.30 us (0.0%)
[Performance] Scheduler.Tick                                                                                                                       :     2819 samples, Peak.  1.59 ms (231.4x), Avg.  6.87 us, Total. 19.38 ms (0.0%)
[Performance] RepaintAllProfilerWindows                                                                                                            :       65 samples, Peak.   197 us (26.3x), Avg.  7.48 us, Total. 486.1 us (0.0%)
[Performance] PlayerUpdates.Tick                                                                                                                   :      594 samples, Peak.  36.9 us (2.3x), Avg.  16.0 us, Total. 9.483 ms (0.0%)
[Performance] Application.TickGlobalCallbacks                                                                                                      :    28615 samples, Peak.  71.9 ms (3894.6x), Avg.  18.5 us, Total. 528.1 ms (1.1%)
[Performance] CoreBusinessMetrics.Tick                                                                                                             :        1 samples, Peak.  42.4 us (1.0x), Avg.  42.4 us, Total. 42.40 us (0.0%)
[Performance] EditorAnalytics.Tick                                                                                                                 :      126 samples, Peak.  7.80 us (29.1x), Avg.   268 ns, Total. 33.80 us (0.0%)
[Performance] GI.Tick                                                                                                                              :        6 samples, Peak.   436 us (2.0x), Avg.   214 us, Total. 1.282 ms (0.0%)
[Performance] Video.Update                                                                                                                         :    28615 samples, Peak.  37.1 us (195.9x), Avg.   189 ns, Total. 5.420 ms (0.0%)
[Performance] UnitySynchronization.ExecuteTasks                                                                                                    :        6 samples, Peak.  4.10 us (1.4x), Avg.  2.98 us, Total. 17.90 us (0.0%)
[Performance] Application.TickPreloadManager                                                                                                       :       56 samples, Peak.  6.20 us (2.7x), Avg.  2.32 us, Total. 129.9 us (0.0%)
[Performance] Application.TickProgress                                                                                                             :    28615 samples, Peak.  1.72 ms (5398.9x), Avg.   318 ns, Total. 9.095 ms (0.0%)
[Performance] Application.TickSceneTracker                                                                                                         :    28614 samples, Peak.   540 ms (540.9x), Avg.   999 us, Total. 28.59 s (57.4%)
[Performance] EditorApplication.update                                                                                                             :    28614 samples, Peak.   540 ms (542.2x), Avg.   997 us, Total. 28.52 s (57.3%)
[Performance] EditorApplication.update: UnityEngine.Rendering.ProbeSubdivisionContext+RealtimeProbeSubdivisionDebug.UpdateRealtimeSubdivisionDebug :    28615 samples, Peak.  2.07 ms (3508.7x), Avg.   590 ns, Total. 16.89 ms (0.0%)
[Performance] EditorApplication.update: UGF.EditorTools.ToolbarCallback.OnUpdate                                                                   :    28615 samples, Peak.   553 us (31.9x), Avg.  17.3 us, Total. 496.3 ms (1.0%)
[Performance] EditorApplication.update: FastScriptReload.Editor.FastScriptReloadManager.Update                                                     :    28615 samples, Peak.  93.6 ms (112.6x), Avg.   831 us, Total. 23.78 s (47.7%)
[Performance] EditorApplication.update: callback in FastScriptReload.Editor.GUI.ProjectWindowReloadStatusIndicatorDrawer                           :    28615 samples, Peak.  10.1 ms (146.7x), Avg.  68.6 us, Total. 1.962 s (3.9%)
[Performance] EditorApplication.update: FastScriptReload.Editor.Compilation.ScriptGenerationOverrides.ScriptGenerationOverridesManager.Update      :    28615 samples, Peak.  46.7 us (102.3x), Avg.   457 ns, Total. 13.07 ms (0.0%)
[Performance] EditorApplication.update: callback in ImmersiveVRTools.Editor.Common.WelcomeScreen.WelcomeScreenInitializerBase                      :        2 samples, Peak.   648 us (1.6x), Avg.   397 us, Total. 794.9 us (0.0%)
[Performance] EditorApplication.update: Unity.PlasticSCM.Editor.Hub.ProcessHubCommand.RunOnceWhenAccessTokenIsInitialized                          :    28615 samples, Peak.   149 us (167.8x), Avg.   891 ns, Total. 25.49 ms (0.1%)
[Performance] EditorApplication.update: UnitySkills.BatchJobService.ProcessQueuedJobs                                                              :    28615 samples, Peak.   165 us (605.4x), Avg.   272 ns, Total. 7.776 ms (0.0%)
[Performance] EditorApplication.update: UnitySkills.AsyncJobService.ProcessJobs                                                                    :    28615 samples, Peak.  3.10 ms (498.9x), Avg.  6.22 us, Total. 178.0 ms (0.4%)
[Performance] EditorApplication.update: UnitySkills.SkillsHttpServer.ProcessJobQueue                                                               :    28615 samples, Peak.   624 us (754.2x), Avg.   828 ns, Total. 23.69 ms (0.0%)
[Performance] EditorApplication.update: callback in Unity.PlasticSCM.Editor.Execute                                                                :        2 samples, Peak.   703 us (1.2x), Avg.   590 us, Total. 1.179 ms (0.0%)
[Performance] EditorApplication.update: callback in UnityEditor.Rendering.Universal.MaterialReimporter                                             :    28615 samples, Peak.   697 us (446.2x), Avg.  1.56 us, Total. 44.67 ms (0.1%)
[Performance] EditorApplication.update: UnityEditor.U2D.Aseprite.BackgroundImport.OnUpdate                                                         :    28615 samples, Peak.   298 us (141.6x), Avg.  2.10 us, Total. 60.23 ms (0.1%)
[Performance] EditorApplication.update: Cysharp.Threading.Tasks.PlayerLoopHelper.ForceEditorPlayerLoopUpdate                                       :    28615 samples, Peak.   109 us (261.1x), Avg.   417 ns, Total. 11.92 ms (0.0%)
[Performance] EditorApplication.update: UGF.EditorTools.DataTableUpdater.OnUpdate                                                                  :    28615 samples, Peak.   213 us (532.2x), Avg.   400 ns, Total. 11.45 ms (0.0%)
[Performance] EditorApplication.update: UnityEditor.TestTools.TestRunner.CommandLineTest.TestStarter.InitializeAndExecuteRun                       :        1 samples, Peak.  48.7 ms (1.0x), Avg.  48.7 ms, Total. 48.75 ms (0.1%)
[Performance] EditorApplication.update: UnityEditor.PackageManager.UI.Internal.ApplicationProxy.OnUpdate                                           :    28614 samples, Peak.   371 us (403.6x), Avg.   920 ns, Total. 26.33 ms (0.1%)
[Performance] EditorApplication.update: UnityEditor.SceneManagement.StageNavigationManager.Update                                                  :    28614 samples, Peak.   374 us (1646.8x), Avg.   227 ns, Total. 6.500 ms (0.0%)
[Performance] ConsoleLog.Tick                                                                                                                      :      154 samples, Peak.   166 us (34.6x), Avg.  4.81 us, Total. 741.4 us (0.0%)
[Performance] HierarchyWindow.Tick                                                                                                                 :      203 samples, Peak.  3.30 ms (135.5x), Avg.  24.4 us, Total. 4.943 ms (0.0%)
[Performance] EditorApplication.hierarchyChanged: Unity.UIElements.Editor.UIDocumentHierarchyWatcher.OnHierarchyChanged                            :        5 samples, Peak.   167 us (1.8x), Avg.  91.4 us, Total. 457.1 us (0.0%)
[Performance] EditorApplication.hierarchyChanged: UnityEditor.Tilemaps.SceneViewGridManager.UpdateCache                                            :        5 samples, Peak.  2.58 ms (5.0x), Avg.   522 us, Total. 2.609 ms (0.0%)
[Performance] EditorApplication.hierarchyChanged: UnityEditor.Tilemaps.SceneViewOpenTilePaletteHelper.SelectionChanged                             :        5 samples, Peak.  47.6 us (3.3x), Avg.  14.6 us, Total. 73.00 us (0.0%)
[Performance] EditorApplication.hierarchyChanged: UnityEditor.Tilemaps.GridPaintingState.HierarchyChanged                                          :        5 samples, Peak.   142 us (2.8x), Avg.  50.7 us, Total. 253.3 us (0.0%)
[Performance] Inspector.Tick                                                                                                                       :      203 samples, Peak.   356 ms (168.4x), Avg.  2.11 ms, Total. 428.9 ms (0.9%)
[Performance] EditorApplication.delayCall: UnityEditor.ShortcutManagement.ShortcutIntegration.EnsureShortcutsAreInitialized                        :        2 samples, Peak.  25.3 ms (1.0x), Avg.  24.3 ms, Total. 48.55 ms (0.1%)
[Performance] EditorApplication.delayCall: Spine.Unity.Editor.SpineEditorUtilities.Initialize                                                      :        2 samples, Peak.   277 ms (2.0x), Avg.   139 ms, Total. 277.9 ms (0.6%)
[Performance] EditorApplication.delayCall: callback in UnitySkills.SkillsHttpServer                                                                :        2 samples, Peak.   241 us (1.4x), Avg.   178 us, Total. 355.8 us (0.0%)
[Performance] EditorApplication.delayCall: UnityEditor.ProBuilder.VersionValidator.ValidateVersion                                                 :        2 samples, Peak.  4.08 ms (1.0x), Avg.  3.95 ms, Total. 7.908 ms (0.0%)
[Performance] EditorApplication.delayCall: callback in UnityEditor.ProBuilder.LogPreferences                                                       :        2 samples, Peak.  1.88 ms (1.0x), Avg.  1.85 ms, Total. 3.695 ms (0.0%)
[Performance] EditorApplication.delayCall: callback in UnitySkills.PackageManagerHelper                                                            :        2 samples, Peak.   433 us (1.0x), Avg.   426 us, Total. 851.9 us (0.0%)
[Performance] EditorApplication.delayCall: UGF.EditorTools.UIItemBaseInspector.RebindProperties                                                    :        2 samples, Peak.  69.7 us (1.0x), Avg.  69.4 us, Total. 138.8 us (0.0%)
[Performance] EditorApplication.delayCall: callback in UnityEditor.EditorWindow                                                                    :        2 samples, Peak.   755 us (1.4x), Avg.   554 us, Total. 1.107 ms (0.0%)
[Performance] EditorApplication.delayCall: callback in UnityEditor.EditorTools.ToolShortcutContext                                                 :        2 samples, Peak.   142 us (1.1x), Avg.   129 us, Total. 257.8 us (0.0%)
[Performance] EditorApplication.delayCall: callback in UnityEditor.SceneVisibilityManager                                                          :        2 samples, Peak.  27.9 us (1.0x), Avg.  27.7 us, Total. 55.40 us (0.0%)
[Performance] EditorApplication.delayCall: callback in UnityEditor.ProBuilder.HierarchyListener                                                    :        2 samples, Peak.  45.2 ms (1.0x), Avg.  43.5 ms, Total. 87.02 ms (0.2%)
[Performance] EditorApplication.delayCall: UnityEditor.EditorTools.EditorToolContext.Activate                                                      :        2 samples, Peak.  58.7 us (1.9x), Avg.  30.8 us, Total. 61.50 us (0.0%)
[Performance] Tooltip.Tick                                                                                                                         :      592 samples, Peak.   168 us (149.7x), Avg.  1.12 us, Total. 662.7 us (0.0%)
[Performance] Application.RequestRepaintForPanels                                                                                                  :    28614 samples, Peak.   444 us (225.0x), Avg.  1.97 us, Total. 56.51 ms (0.1%)
[Performance] Application.UpdateScene                                                                                                              :    28614 samples, Peak.   427 ms (7639.7x), Avg.  55.9 us, Total. 1.601 s (3.2%)
[Performance] Application.UpdateTextureStreaming                                                                                                   :       55 samples, Peak.   400 ns (2.6x), Avg.   155 ns, Total. 8.500 us (0.0%)
[Performance] Application.UpdateVideoTextures                                                                                                      :       55 samples, Peak.   400 ns (2.7x), Avg.   147 ns, Total. 8.100 us (0.0%)
[Performance] PackageImporter.Tick                                                                                                                 :      153 samples, Peak.   500 ns (2.5x), Avg.   202 ns, Total. 30.90 us (0.0%)
[Performance] InspectorBackground.Tick                                                                                                             :      202 samples, Peak.  2.30 us (4.3x), Avg.   534 ns, Total. 107.8 us (0.0%)
[Performance] BurstDebug.Tick                                                                                                                      :       63 samples, Peak.  1.40 us (2.0x), Avg.   697 ns, Total. 43.90 us (0.0%)
[Performance] Application.ChangeLayoutIfNeeded                                                                                                     :    28614 samples, Peak.  1.40 us (39.2x), Avg.  35.7 ns, Total. 1.022 ms (0.0%)
[Performance] AsyncReadManager.ForceCloseFiles                                                                                                     :       32 samples, Peak.  75.3 us (12.2x), Avg.  6.17 us, Total. 197.3 us (0.0%)
[Performance] EditorApplication.update: callback in ImmersiveVRTools.Editor.Common.WelcomeScreen.Utilities.BackgroundTaskRunner                    :       40 samples, Peak.  2.58 ms (37.3x), Avg.  69.1 us, Total. 2.765 ms (0.0%)
[Performance] EditorApplication.update: UnityEditor.TestTools.TestRunner.TestRun.TestJobRunner.ExecuteCallback                                     :    28613 samples, Peak.   540 ms (9731.1x), Avg.  55.5 us, Total. 1.588 s (3.2%)
[Performance] EditorApplication.update: UnityEditor.TestTools.TestRunner.CommandLineTest.Executer.ExitIfRunIsCompleted                             :    28613 samples, Peak.   492 us (189.6x), Avg.  2.59 us, Total. 74.18 ms (0.1%)
[Performance] EditorApplication.update: callback in UnitySkills.SkillsHttpServer                                                                   :      526 samples, Peak.   587 us (341.6x), Avg.  1.72 us, Total. 904.4 us (0.0%)
[Performance] EditorApplication.update: UnitySkills.PackageManagerHelper.OnListProgress                                                            :       25 samples, Peak.  2.84 ms (10.6x), Avg.   268 us, Total. 6.691 ms (0.0%)
[Performance] Package.AsyncRequest                                                                                                                 :        3 samples, Peak.   640 us (3.0x), Avg.   214 us, Total. 642.0 us (0.0%)
[Performance] GUIView.RepaintAll.RepaintScene                                                                                                      :       46 samples, Peak.   900 ns (3.0x), Avg.   304 ns, Total. 14.00 us (0.0%)
[Performance] PaletteAssetModificationProcessor.OnWillSaveAssets                                                                                   :        3 samples, Peak.   196 us (1.5x), Avg.   133 us, Total. 400.4 us (0.0%)
[Performance] StateMacroSavedEvent.OnWillSaveAssets                                                                                                :        3 samples, Peak.   151 us (1.7x), Avg.  89.7 us, Total. 269.1 us (0.0%)
[Performance] FlowMacroSavedEvent.OnWillSaveAssets                                                                                                 :        3 samples, Peak.   106 us (1.6x), Avg.  68.4 us, Total. 205.1 us (0.0%)
[Performance] TextureModificationWarningProcessor.OnWillSaveAssets                                                                                 :        3 samples, Peak.   162 us (1.6x), Avg.  99.9 us, Total. 299.8 us (0.0%)
[Performance] UnityCloudProjectLinkMonitor.OnWillSaveAssets                                                                                        :        3 samples, Peak.   364 us (1.5x), Avg.   243 us, Total. 727.8 us (0.0%)
[Performance] UVCSAssetModificationProcessor.OnWillSaveAssets                                                                                      :        3 samples, Peak.   394 us (2.2x), Avg.   180 us, Total. 540.1 us (0.0%)
[Performance] BuilderAssetModificationProcessor.OnWillSaveAssets                                                                                   :        3 samples, Peak.   279 us (2.0x), Avg.   137 us, Total. 409.8 us (0.0%)
[Performance] TerrainModificationProcessor.OnWillSaveAssets                                                                                        :        3 samples, Peak.   688 us (1.9x), Avg.   371 us, Total. 1.112 ms (0.0%)
[Performance] EditorSceneManager.sceneSaving: callback in UnityEditor.U2D.SpriteShapeUpdateCache                                                   :        1 samples, Peak.   688 us (1.0x), Avg.   688 us, Total. 688.2 us (0.0%)
[Performance] EditorSceneManager.sceneSaving: UnityEditor.SceneTemplate.SceneTemplateService.OnSceneSaving                                         :        1 samples, Peak.   161 us (1.0x), Avg.   161 us, Total. 161.5 us (0.0%)
[Performance] EditorSceneManager.sceneSaving: UnityEditor.SceneVisibilityManager.EditorSceneManagerOnSceneSaving                                   :        1 samples, Peak.  83.9 us (1.0x), Avg.  83.9 us, Total. 83.90 us (0.0%)
[Performance] PaletteAssetModificationProcessor.OnWillCreateAsset                                                                                  :        2 samples, Peak.  78.4 us (1.8x), Avg.  43.6 us, Total. 87.20 us (0.0%)
[Performance] MaterialModificationProcessor.OnWillCreateAsset                                                                                      :        4 samples, Peak.   118 us (1.6x), Avg.  74.0 us, Total. 295.9 us (0.0%)
[Performance] CreateNewScriptListener.OnWillCreateAsset                                                                                            :        2 samples, Peak.   125 us (1.6x), Avg.  78.0 us, Total. 156.1 us (0.0%)
[Performance] AssetDatabase.ImportAsset                                                                                                            :        1 samples, Peak.  45.1 ms (1.0x), Avg.  45.1 ms, Total. 45.15 ms (0.1%)
[Performance] EditorSceneManager.sceneSaved: UnityEditor.SceneTemplate.SceneTemplateService.OnSceneSaved                                           :        1 samples, Peak.  55.8 ms (1.0x), Avg.  55.8 ms, Total. 55.82 ms (0.1%)
[Performance] EditorSceneManager.sceneSaved: UnityEditor.SceneVisibilityManager.EditorSceneManagerOnSceneSaved                                     :        1 samples, Peak.  95.1 us (1.0x), Avg.  95.1 us, Total. 95.10 us (0.0%)
[Performance] EditorApplication.hierarchyChanged: Spine.Unity.Editor.SpineEditorUtilities+HierarchyHandler.IconsOnChanged                          :        1 samples, Peak.  16.3 us (1.0x), Avg.  16.3 us, Total. 16.30 us (0.0%)
[Performance] ObjectChangeEvents.changesPublished: UnityEditor.PrefabInstanceChangedListener.OnObjectChanged                                       :        1 samples, Peak.   457 us (1.0x), Avg.   457 us, Total. 457.4 us (0.0%)
[Performance] ObjectChangeEvents.changesPublished: UnityEditor.ProBuilder.HierarchyListener.ObjectEventChangesPublished                            :        1 samples, Peak.   214 us (1.0x), Avg.   214 us, Total. 213.9 us (0.0%)
[Performance] EditorApplication.playModeStateChanged                                                                                               :        2 samples, Peak.  4.17 ms (1.8x), Avg.  2.27 ms, Total. 4.543 ms (0.0%)
[Performance] EditorApplication.playModeStateChanged: UnityEditor.ObjectPool.PoolManager.OnEditorStateChange                                       :        4 samples, Peak.  77.7 us (2.3x), Avg.  33.3 us, Total. 133.1 us (0.0%)
[Performance] EditorApplication.playModeStateChanged: UnityEditor.PackageManager.UI.Internal.PlayModeDownload.PlayModeStateChanged                 :        4 samples, Peak.   503 us (3.4x), Avg.   147 us, Total. 587.5 us (0.0%)
[Performance] EditorApplication.playModeStateChanged: Unity.Burst.Editor.BurstLoader.EditorApplicationOnPlayModeStateChanged                       :        4 samples, Peak.  86.1 us (1.7x), Avg.  50.9 us, Total. 203.7 us (0.0%)
[Performance] EditorApplication.playModeStateChanged: UnityEngine.Rendering.Universal.ShadowCasterGroup2DManager.OnPlayModeStateChanged            :        4 samples, Peak.  73.9 us (2.3x), Avg.  31.6 us, Total. 126.3 us (0.0%)
[Performance] EditorApplication.playModeStateChanged: SaveDuringPlay.SaveDuringPlay.OnPlayStateChanged                                             :        4 samples, Peak.   216 us (3.0x), Avg.  71.1 us, Total. 284.4 us (0.0%)
[Performance] EditorApplication.playModeStateChanged: Cinemachine.Editor.CinemachineEditorAnalytics.SendAnalyticsOnPlayEnter                       :        4 samples, Peak.   234 us (2.1x), Avg.   110 us, Total. 438.4 us (0.0%)
[Performance] EditorApplication.playModeStateChanged: FastScriptReload.Editor.FastScriptReloadManager.OnEditorApplicationOnplayModeStateChanged    :        4 samples, Peak.   389 us (1.8x), Avg.   221 us, Total. 882.9 us (0.0%)
[Performance] EditorApplication.playModeStateChanged: callback in FastScriptReload.Editor.Compilation.DotnetExeDynamicCompilation                  :        4 samples, Peak.   135 us (2.1x), Avg.  65.9 us, Total. 263.7 us (0.0%)
[Performance] EditorApplication.playModeStateChanged: callback in UnityEditor.ProBuilder.EntityVisibility                                          :        4 samples, Peak.   133 us (1.8x), Avg.  72.0 us, Total. 287.9 us (0.0%)
[Performance] EditorApplication.playModeStateChanged: UnityEditor.U2D.Animation.BoneGizmo.PlayModeStateChanged                                     :        4 samples, Peak.  81.1 us (2.4x), Avg.  34.1 us, Total. 136.6 us (0.0%)
[Performance] EditorApplication.playModeStateChanged: callback in UnityEditor.U2D.SpriteShapeUpdateCache                                           :        4 samples, Peak.   146 us (3.4x), Avg.  43.0 us, Total. 172.1 us (0.0%)
[Performance] EditorApplication.playModeStateChanged: UnityEditor.SceneManagement.EditorSceneManager.PlayModeStateChangedCallback                  :        4 samples, Peak.  51.1 us (2.6x), Avg.  19.6 us, Total. 78.30 us (0.0%)
[Performance] EditorApplication.playModeStateChanged: callback in Cysharp.Threading.Tasks.PlayerLoopHelper                                         :       64 samples, Peak.   210 us (29.1x), Avg.  7.21 us, Total. 461.2 us (0.0%)
[Performance] EditorApplication.playModeStateChanged: UnityEditor.SceneVisibilityManager.EditorApplicationPlayModeStateChanged                     :        4 samples, Peak.  34.8 us (2.3x), Avg.  15.4 us, Total. 61.80 us (0.0%)
[Performance] EditorApplication.playModeStateChanged: UnityEditor.PackageManager.UI.Internal.ApplicationProxy.PlayModeStateChanged                 :        4 samples, Peak.   131 us (2.1x), Avg.  62.0 us, Total. 248.1 us (0.0%)
[Performance] EditorApplication.playModeStateChanged: UnityEditor.TestTools.TestRunner.TestRunnerWindow.OnPlayModeStateChanged                     :        4 samples, Peak.  70.4 us (2.1x), Avg.  32.8 us, Total. 131.3 us (0.0%)
[Performance] EditorApplication.playModeStateChanged: UnityEditor.Tilemaps.GridPaintingState.PlayModeStateChanged                                  :        4 samples, Peak.   336 us (2.9x), Avg.   115 us, Total. 459.7 us (0.0%)
[Performance] EditorApplication.playModeStateChanged: Spine.Unity.Editor.SpineEditorUtilities+HierarchyHandler.IconsOnPlaymodeStateChanged         :        1 samples, Peak.   300 us (1.0x), Avg.   300 us, Total. 300.0 us (0.0%)
[Performance] EditorApplication.playModeStateChanged: Spine.Unity.Editor.SpineEditorUtilities+DataReloadHandler.OnPlaymodeStateChanged             :        1 samples, Peak.  5.10 us (1.0x), Avg.  5.10 us, Total. 5.100 us (0.0%)
[Performance] EditorApplication.playModeStateChanged: UnityEditor.TestTools.TestRunner.TestRun.Tasks.EnableTestOutLoggerTask.WaitForExitPlaymode   :        3 samples, Peak.   222 us (1.6x), Avg.   140 us, Total. 418.9 us (0.0%)
[Performance] Application.EnterPlayMode                                                                                                            :        1 samples, Peak.  2.68 s (1.0x), Avg.  2.68 s, Total. 2.678 s (5.4%)
[Performance] Application.Reload                                                                                                                   :        1 samples, Peak.  2.36 s (1.0x), Avg.  2.36 s, Total. 2.362 s (4.7%)
[Performance] AssemblyReloadEvents.beforeAssemblyReload: UnitySkills.SkillsHttpServer.OnBeforeAssemblyReload                                       :        1 samples, Peak.   642 us (1.0x), Avg.   642 us, Total. 642.3 us (0.0%)
[Performance] AssemblyReloadEvents.beforeAssemblyReload: UnityEditor.SettingsManagement.FileSettingsRepository.Save                                :        1 samples, Peak.  1.18 ms (1.0x), Avg.  1.18 ms, Total. 1.185 ms (0.0%)
[Performance] AssemblyReloadEvents.beforeAssemblyReload: UnityEditor.ProBuilder.SceneDragAndDropListener.OnBeforeAssemblyReload                    :        1 samples, Peak.  81.6 us (1.0x), Avg.  81.6 us, Total. 81.60 us (0.0%)
[Performance] AssemblyReloadEvents.beforeAssemblyReload: UnityEditor.Rendering.Analytics.DebugManagerWindowLifetimeAnalytic.OnBeforeAssemblyReload :        1 samples, Peak.   190 us (1.0x), Avg.   190 us, Total. 189.7 us (0.0%)
[Performance] AssemblyReloadEvents.beforeAssemblyReload: UnityEditor.EditorTools.EditorToolManager.BeforeAssemblyReload                            :        1 samples, Peak.  79.9 us (1.0x), Avg.  79.9 us, Total. 79.90 us (0.0%)
[Performance] TimelineAnalyticsProcess.OnProcessScene                                                                                              :        2 samples, Peak.   913 us (2.0x), Avg.   462 us, Total. 924.5 us (0.0%)
[Performance] UnityBuildPostprocessor.OnProcessScene                                                                                               :        2 samples, Peak.   539 us (1.9x), Avg.   281 us, Total. 561.9 us (0.0%)
[Performance] AttributeCallbackWrapper.OnProcessScene                                                                                              :        2 samples, Peak.  28.8 ms (2.0x), Avg.  14.4 ms, Total. 28.87 ms (0.1%)
[Performance] Inspector.InitOrRebuild                                                                                                              :        2 samples, Peak.  4.00 ms (1.9x), Avg.  2.12 ms, Total. 4.231 ms (0.0%)
[Performance] EditorApplication.update: UnityEngine.U2D.Animation.BufferManager.Update                                                             :    28573 samples, Peak.   627 us (799.5x), Avg.   784 ns, Total. 22.41 ms (0.0%)
[Performance] SceneDataContainer.TransformHierarchyChangedSetParentCallback                                                                        :       48 samples, Peak.  11.8 us (11.0x), Avg.  1.07 us, Total. 51.30 us (0.0%)
[Performance] SceneVisibilityState.IsFlagSetInParents                                                                                              :      156 samples, Peak.  2.00 us (7.5x), Avg.   266 ns, Total. 41.50 us (0.0%)
[Performance] Application.ExitPlayMode                                                                                                             :        1 samples, Peak.   247 ms (1.0x), Avg.   247 ms, Total. 246.6 ms (0.5%)
[Performance] AssetDatabase.Refresh                                                                                                                :        1 samples, Peak.  9.14 ms (1.0x), Avg.  9.14 ms, Total. 9.135 ms (0.0%)
[Performance] AssetDatabase.DeleteAssets                                                                                                           :        1 samples, Peak.  87.5 ms (1.0x), Avg.  87.5 ms, Total. 87.50 ms (0.2%)
[Performance] UtilityWindowModificationProcessor.OnWillDeleteAsset                                                                                 :        1 samples, Peak.   521 us (1.0x), Avg.   521 us, Total. 521.2 us (0.0%)
[Performance] BuilderAssetModificationProcessor.OnWillDeleteAsset                                                                                  :        1 samples, Peak.   356 us (1.0x), Avg.   356 us, Total. 356.4 us (0.0%)
[Performance] TMP_FontAssetPostProcessor.OnWillDeleteAsset                                                                                         :        1 samples, Peak.   166 us (1.0x), Avg.   166 us, Total. 166.3 us (0.0%)
[Performance] CancelSplashScreenOnAssetDelete.OnWillDeleteAsset                                                                                    :        1 samples, Peak.   138 us (1.0x), Avg.   138 us, Total. 137.6 us (0.0%)
[Performance] Application.Shutdown.SaveDefaultWindowPreferences                                                                                    :        1 samples, Peak.   131 us (1.0x), Avg.   131 us, Total. 131.3 us (0.0%)
[Performance] Application.Shutdown.SaveSceneManagerSetup                                                                                           :        1 samples, Peak.   697 us (1.0x), Avg.   697 us, Total. 696.8 us (0.0%)
[Performance] Application.Shutdown.CleanupAllContainerWindows                                                                                      :        1 samples, Peak.  1.10 us (1.0x), Avg.  1.10 us, Total. 1.100 us (0.0%)
[Performance] EditorApplication.quitting: Unity.Burst.Editor.BurstLoader.OnEditorApplicationQuitting                                               :        1 samples, Peak.  74.1 us (1.0x), Avg.  74.1 us, Total. 74.10 us (0.0%)
[Performance] EditorApplication.quitting: UnitySkills.RegistryService.Unregister                                                                   :        1 samples, Peak.  19.1 ms (1.0x), Avg.  19.1 ms, Total. 19.08 ms (0.0%)
[Performance] EditorApplication.quitting: UnitySkills.SkillsHttpServer.OnEditorQuitting                                                            :        1 samples, Peak.   834 us (1.0x), Avg.   834 us, Total. 833.7 us (0.0%)
[Performance] EditorApplication.quitting: UnityEditor.SettingsManagement.FileSettingsRepository.Save                                               :        1 samples, Peak.   867 us (1.0x), Avg.   867 us, Total. 866.5 us (0.0%)
[Performance] EditorApplication.quitting: UnityEditor.Tilemaps.SceneViewGridManager.EditorQuitting                                                 :        1 samples, Peak.   115 us (1.0x), Avg.   115 us, Total. 114.9 us (0.0%)
[Performance] EditorApplication.quitting: UnityEditor.ProBuilder.ProBuilderSettings.Save                                                           :        1 samples, Peak.   326 us (1.0x), Avg.   326 us, Total. 326.5 us (0.0%)
[Performance] EditorApplication.quitting: callback in UnityEditor.TextCore.Text.EditorEventCallbacks                                               :        1 samples, Peak.  40.0 ms (1.0x), Avg.  40.0 ms, Total. 40.01 ms (0.1%)
[Performance] Application.Shutdown.PauseProfilerSession                                                                                            :        1 samples, Peak.  23.7 us (1.0x), Avg.  23.7 us, Total. 23.70 us (0.0%)
[Performance] Application.Shutdown.PauseAssetImportWorkers                                                                                         :        1 samples, Peak.   296 us (1.0x), Avg.   296 us, Total. 296.2 us (0.0%)
[Performance] Application.Shutdown.SaveAssets                                                                                                      :        1 samples, Peak.  55.5 ms (1.0x), Avg.  55.5 ms, Total. 55.46 ms (0.1%)
[Performance] Application.Shutdown.CleanupRenderPipeline                                                                                           :        1 samples, Peak.  2.80 us (1.0x), Avg.  2.80 us, Total. 2.800 us (0.0%)
[Performance] Application.Shutdown.StopPreloadManager                                                                                              :        1 samples, Peak.  9.54 ms (1.0x), Avg.  9.54 ms, Total. 9.545 ms (0.0%)
[Performance] Application.Shutdown.DestroyWorld                                                                                                    :        1 samples, Peak.   709 us (1.0x), Avg.   709 us, Total. 709.2 us (0.0%)
[Performance] Application.Shutdown.CleanupAfterLoad                                                                                                :        1 samples, Peak.   215 ms (1.0x), Avg.   215 ms, Total. 214.7 ms (0.4%)
[Performance] Application.Shutdown.Progress                                                                                                        :        1 samples, Peak.  2.60 us (1.0x), Avg.  2.60 us, Total. 2.600 us (0.0%)
[Performance] Application.Shutdown.GICleanupManagers                                                                                               :        1 samples, Peak.   630 us (1.0x), Avg.   630 us, Total. 630.1 us (0.0%)
[Performance] Application.Shutdown.MenuCleanupClass                                                                                                :        1 samples, Peak.   291 us (1.0x), Avg.   291 us, Total. 291.3 us (0.0%)
[Performance] Application.Shutdown.ADBSaveStateBeforeShutdown                                                                                      :        1 samples, Peak.  10.8 us (1.0x), Avg.  10.8 us, Total. 10.80 us (0.0%)
[Performance] Application.Shutdown.RemoteShutdown                                                                                                  :        1 samples, Peak.  1000 ns (1.0x), Avg.  1000 ns, Total. 1000.0 ns (0.0%)
[Performance] Application.Shutdown.CleanupVCProvider                                                                                               :        1 samples, Peak.  9.40 us (1.0x), Avg.  9.40 us, Total. 9.400 us (0.0%)
[Performance] Application.Shutdown.InputShutdown                                                                                                   :        1 samples, Peak.   400 ns (1.0x), Avg.   400 ns, Total. 400.0 ns (0.0%)
[Performance] Application.Shutdown.GizmoManagerDestroy                                                                                             :        1 samples, Peak.   589 us (1.0x), Avg.   589 us, Total. 588.8 us (0.0%)
[Performance] Application.Shutdown.ProfilerSession                                                                                                 :        1 samples, Peak.   131 us (1.0x), Avg.   131 us, Total. 130.8 us (0.0%)
[Performance] Application.Shutdown.ReleaseGfxWindowOnAllGUIViews                                                                                   :        1 samples, Peak.   400 ns (1.0x), Avg.   400 ns, Total. 400.0 ns (0.0%)
[Performance] Application.Shutdown.CleanupEngine                                                                                                   :        1 samples, Peak.   142 ms (1.0x), Avg.   142 ms, Total. 141.7 ms (0.3%)
[Performance] Application.Shutdown.CleanupAssetDatabase                                                                                            :        1 samples, Peak.  12.0 ms (1.0x), Avg.  12.0 ms, Total. 12.03 ms (0.0%)
[Performance] Application.Shutdown.ScriptCompilationCleanUp                                                                                        :        1 samples, Peak.  29.0 ms (1.0x), Avg.  29.0 ms, Total. 28.98 ms (0.1%)
[Performance] Application.Shutdown.DestroyJobSystem                                                                                                :        1 samples, Peak.   179 us (1.0x), Avg.   179 us, Total. 179.2 us (0.0%)
[Performance] Application.Shutdown.CleanupPersistentManager                                                                                        :        1 samples, Peak.  2.52 ms (1.0x), Avg.  2.52 ms, Total. 2.515 ms (0.0%)
[Performance] Application.Shutdown.CleanupAsyncReadManager                                                                                         :        1 samples, Peak.   542 us (1.0x), Avg.   542 us, Total. 542.2 us (0.0%)
[Performance] Application.Shutdown.CleanupProgressBar                                                                                              :        1 samples, Peak.   200 ns (1.0x), Avg.   200 ns, Total. 200.0 ns (0.0%)
[Performance] Application.Shutdown.CleanupMono                                                                                                     :        1 samples, Peak.   148 ms (1.0x), Avg.   148 ms, Total. 147.5 ms (0.3%)
[Performance] Application.Shutdown.CleanupStdConverters                                                                                            :        1 samples, Peak.  6.50 us (1.0x), Avg.  6.50 us, Total. 6.500 us (0.0%)
[Performance] Application.Shutdown.UnloadAllPlatformSupportModuleNativeDlls                                                                        :        1 samples, Peak.   500 ns (1.0x), Avg.   500 ns, Total. 500.0 ns (0.0%)
[Performance] Application.Shutdown.UnloadAllPlatformSupportNativeLibraries                                                                         :        1 samples, Peak. 0.0 (-nan(ind)x), Avg. 0.0, Total. 0.0 (0.0%)
[Performance] Application.Shutdown.CleanupAutoDocumentation                                                                                        :        1 samples, Peak.   256 us (1.0x), Avg.   256 us, Total. 255.7 us (0.0%)
[Performance] Application.Shutdown.ShaderNameManagerDestroy                                                                                        :        1 samples, Peak.  40.9 us (1.0x), Avg.  40.9 us, Total. 40.90 us (0.0%)
[Performance] Application.Shutdown.CleanupCacheServer                                                                                              :        1 samples, Peak. 0.0 (-nan(ind)x), Avg. 0.0, Total. 0.0 (0.0%)
[Performance] Application.Shutdown.Virtualization_Shutdown                                                                                         :        1 samples, Peak.   300 ns (1.0x), Avg.   300 ns, Total. 300.0 ns (0.0%)
[Performance] Application.Shutdown.DevConnections                                                                                                  :        1 samples, Peak.   114 us (1.0x), Avg.   114 us, Total. 114.4 us (0.0%)
Checking for leaked weakptr:
  Found no leaked weakptrs.
[Package Manager] Server::Kill -- Server was shutdown
Memory Statistics:
[ALLOC_TEMP_TLS] TLS Allocator
  StackAllocators : 
    [ALLOC_TEMP_CurlRequest]
      Initial Block Size 64.0 KB
      Current Block Size 64.0 KB
      Peak Allocated Bytes 0 B
      Overflow Count 0
    [ALLOC_TEMP_MAIN]
      Peak usage frame count: [4.0 KB-8.0 KB]: 1790 frames, [16.0 KB-32.0 KB]: 1 frames, [256.0 KB-0.5 MB]: 1 frames, [1.0 MB-2.0 MB]: 1 frames, [2.0 MB-4.0 MB]: 1 frames, [4.0 MB-8.0 MB]: 3 frames, [8.0 MB-16.0 MB]: 1 frames, [16.0 MB-32.0 MB]: 1 frames
      Initial Block Size 16.0 MB
      Current Block Size 45.9 MB
      Peak Allocated Bytes 25.1 MB
      Overflow Count 0
    [ALLOC_TEMP_Job.Worker 18]
      Initial Block Size 256.0 KB
      Current Block Size 256.0 KB
      Peak Allocated Bytes 1.6 KB
      Overflow Count 0
    [ALLOC_TEMP_Background Job.Worker 8]
      Initial Block Size 32.0 KB
      Current Block Size 32.0 KB
      Peak Allocated Bytes 54 B
      Overflow Count 0
    [ALLOC_TEMP_BakingJobs.Worker 17]
      Initial Block Size 256.0 KB
      Current Block Size 256.0 KB
      Peak Allocated Bytes 54 B
      Overflow Count 0
    [ALLOC_TEMP_Job.Worker 4]
      Initial Block Size 256.0 KB
      Current Block Size 256.0 KB
      Peak Allocated Bytes 1.7 KB
      Overflow Count 1
    [ALLOC_TEMP_AUDIO_FMOD mixer thread]
      Initial Block Size 64.0 KB
      Current Block Size 64.0 KB
      Peak Allocated Bytes 54 B
      Overflow Count 0
    [ALLOC_TEMP_BakingJobs.Worker 10]
      Initial Block Size 256.0 KB
      Current Block Size 256.0 KB
      Peak Allocated Bytes 54 B
      Overflow Count 0
    [ALLOC_TEMP_BakingJobs.Worker 5]
      Initial Block Size 256.0 KB
      Current Block Size 256.0 KB
      Peak Allocated Bytes 54 B
      Overflow Count 0
    [ALLOC_TEMP_Background Job.Worker 11]
      Initial Block Size 32.0 KB
      Current Block Size 32.0 KB
      Peak Allocated Bytes 54 B
      Overflow Count 0
    [ALLOC_TEMP_Background Job.Worker 3]
      Initial Block Size 32.0 KB
      Current Block Size 32.0 KB
      Peak Allocated Bytes 54 B
      Overflow Count 0
    [ALLOC_TEMP_BatchDeleteObjects]
      Initial Block Size 64.0 KB
      Current Block Size 64.0 KB
      Peak Allocated Bytes 54 B
      Overflow Count 0
    [ALLOC_TEMP_CoreBusinessMetricsCache]
      Initial Block Size 64.0 KB
      Current Block Size 64.0 KB
      Peak Allocated Bytes 8.0 KB
      Overflow Count 0
    [ALLOC_TEMP_REST Message Handler]
      Initial Block Size 64.0 KB
      Current Block Size 64.0 KB
      Peak Allocated Bytes 54 B
      Overflow Count 0
    [ALLOC_TEMP_Job.Worker 13]
      Initial Block Size 256.0 KB
      Current Block Size 256.0 KB
      Peak Allocated Bytes 1.7 KB
      Overflow Count 1
    [ALLOC_TEMP_Background Job.Worker 2]
      Initial Block Size 32.0 KB
      Current Block Size 32.0 KB
      Peak Allocated Bytes 2.0 KB
      Overflow Count 0
    [ALLOC_TEMP_AssetDatabase.IOService]
      Initial Block Size 64.0 KB
      Current Block Size 64.0 KB
      Peak Allocated Bytes 54 B
      Overflow Count 0
    [ALLOC_TEMP_Job.Worker 10]
      Initial Block Size 256.0 KB
      Current Block Size 256.0 KB
      Peak Allocated Bytes 1.8 KB
      Overflow Count 1
    [ALLOC_TEMP_Job.Worker 15]
      Initial Block Size 256.0 KB
      Current Block Size 256.0 KB
      Peak Allocated Bytes 1.7 KB
      Overflow Count 1
    [ALLOC_TEMP_Job.Worker 12]
      Initial Block Size 256.0 KB
      Current Block Size 256.0 KB
      Peak Allocated Bytes 1.6 KB
      Overflow Count 1
    [ALLOC_TEMP_Loading.PreloadManager] x 3
      Initial Block Size 32.0 MB
      Current Block Size 32.0 MB
      Peak Allocated Bytes 2.9 MB
      Overflow Count 0
    [ALLOC_TEMP_Profiler.Dispatcher]
      Initial Block Size 64.0 KB
      Current Block Size 64.0 KB
      Peak Allocated Bytes 0 B
      Overflow Count 0
    [ALLOC_TEMP_Job.Worker 14]
      Initial Block Size 256.0 KB
      Current Block Size 256.0 KB
      Peak Allocated Bytes 1.7 KB
      Overflow Count 1
    [ALLOC_TEMP_Job.Worker 3]
      Initial Block Size 256.0 KB
      Current Block Size 256.0 KB
      Peak Allocated Bytes 1.6 KB
      Overflow Count 1
    [ALLOC_TEMP_BakingJobs.Worker 7]
      Initial Block Size 256.0 KB
      Current Block Size 256.0 KB
      Peak Allocated Bytes 54 B
      Overflow Count 0
    [ALLOC_TEMP_Job.Worker 17]
      Initial Block Size 256.0 KB
      Current Block Size 256.0 KB
      Peak Allocated Bytes 1.7 KB
      Overflow Count 0
    [ALLOC_TEMP_Background Job.Worker 5]
      Initial Block Size 32.0 KB
      Current Block Size 32.0 KB
      Peak Allocated Bytes 54 B
      Overflow Count 0
    [ALLOC_TEMP_CurlRequest]
      Initial Block Size 64.0 KB
      Current Block Size 64.0 KB
      Peak Allocated Bytes 1.9 KB
      Overflow Count 0
    [ALLOC_TEMP_Background Job.Worker 13]
      Initial Block Size 32.0 KB
      Current Block Size 32.0 KB
      Peak Allocated Bytes 54 B
      Overflow Count 0
    [ALLOC_TEMP_Job.Worker 2]
      Initial Block Size 256.0 KB
      Current Block Size 256.0 KB
      Peak Allocated Bytes 1.7 KB
      Overflow Count 1
    [ALLOC_TEMP_BakingJobs.Worker 6]
      Initial Block Size 256.0 KB
      Current Block Size 256.0 KB
      Peak Allocated Bytes 54 B
      Overflow Count 0
    [ALLOC_TEMP_Job.Worker 11]
      Initial Block Size 256.0 KB
      Current Block Size 256.0 KB
      Peak Allocated Bytes 1.7 KB
      Overflow Count 1
    [ALLOC_TEMP_Job.Worker 0]
      Initial Block Size 256.0 KB
      Current Block Size 256.0 KB
      Peak Allocated Bytes 1.7 KB
      Overflow Count 1
    [ALLOC_TEMP_Job.Worker 5]
      Initial Block Size 256.0 KB
      Current Block Size 256.0 KB
      Peak Allocated Bytes 1.6 KB
      Overflow Count 1
    [ALLOC_TEMP_ReadCacheIndex] x 3
      Initial Block Size 64.0 KB
      Current Block Size 64.0 KB
      Peak Allocated Bytes 0.5 KB
      Overflow Count 0
    [ALLOC_TEMP_EnlightenWorker] x 5
      Initial Block Size 64.0 KB
      Current Block Size 64.0 KB
      Peak Allocated Bytes 54 B
      Overflow Count 0
    [ALLOC_TEMP_BakingJobs.Worker 8]
      Initial Block Size 256.0 KB
      Current Block Size 256.0 KB
      Peak Allocated Bytes 54 B
      Overflow Count 0
    [ALLOC_TEMP_Job.Worker 9]
      Initial Block Size 256.0 KB
      Current Block Size 256.0 KB
      Peak Allocated Bytes 1.7 KB
      Overflow Count 1
    [ALLOC_TEMP_Background Job.Worker 9]
      Initial Block Size 32.0 KB
      Current Block Size 32.0 KB
      Peak Allocated Bytes 54 B
      Overflow Count 0
    [ALLOC_TEMP_BakingJobs.Worker 1]
      Initial Block Size 256.0 KB
      Current Block Size 256.0 KB
      Peak Allocated Bytes 0.6 KB
      Overflow Count 0
    [ALLOC_TEMP_DirMonitor]
      Initial Block Size 64.0 KB
      Current Block Size 64.0 KB
      Peak Allocated Bytes 0.8 KB
      Overflow Count 0
    [ALLOC_TEMP_Loading.AsyncRead]
      Initial Block Size 64.0 KB
      Current Block Size 64.0 KB
      Peak Allocated Bytes 128 B
      Overflow Count 0
    [ALLOC_TEMP_Job.Worker 6]
      Initial Block Size 256.0 KB
      Current Block Size 256.0 KB
      Peak Allocated Bytes 1.6 KB
      Overflow Count 1
    [ALLOC_TEMP_Background Job.Worker 10]
      Initial Block Size 32.0 KB
      Current Block Size 32.0 KB
      Peak Allocated Bytes 54 B
      Overflow Count 0
    [ALLOC_TEMP_Job.Worker 16]
      Initial Block Size 256.0 KB
      Current Block Size 256.0 KB
      Peak Allocated Bytes 1.8 KB
      Overflow Count 1
    [ALLOC_TEMP_BakingJobs.Worker 9]
      Initial Block Size 256.0 KB
      Current Block Size 256.0 KB
      Peak Allocated Bytes 54 B
      Overflow Count 0
    [ALLOC_TEMP_BakingJobs.Worker 16]
      Initial Block Size 256.0 KB
      Current Block Size 256.0 KB
      Peak Allocated Bytes 54 B
      Overflow Count 0
    [ALLOC_TEMP_Background Job.Worker 6]
      Initial Block Size 32.0 KB
      Current Block Size 32.0 KB
      Peak Allocated Bytes 54 B
      Overflow Count 0
    [ALLOC_TEMP_AUDIO_FMOD (WASAPI) feeder thread]
      Initial Block Size 64.0 KB
      Current Block Size 64.0 KB
      Peak Allocated Bytes 168 B
      Overflow Count 0
    [ALLOC_TEMP_Background Job.Worker 1]
      Initial Block Size 32.0 KB
      Current Block Size 204.0 KB
      Peak Allocated Bytes 129.7 KB
      Overflow Count 0
    [ALLOC_TEMP_BakingJobs.Worker 11]
      Initial Block Size 256.0 KB
      Current Block Size 256.0 KB
      Peak Allocated Bytes 54 B
      Overflow Count 0
    [ALLOC_TEMP_AUDIO_FMOD stream thread]
      Initial Block Size 64.0 KB
      Current Block Size 64.0 KB
      Peak Allocated Bytes 54 B
      Overflow Count 0
    [ALLOC_TEMP_BakingJobs.Worker 19]
      Initial Block Size 256.0 KB
      Current Block Size 256.0 KB
      Peak Allocated Bytes 54 B
      Overflow Count 0
    [ALLOC_TEMP_BakingJobs.Worker 2]
      Initial Block Size 256.0 KB
      Current Block Size 256.0 KB
      Peak Allocated Bytes 54 B
      Overflow Count 0
    [ALLOC_TEMP_Background Job.Worker 7]
      Initial Block Size 32.0 KB
      Current Block Size 32.0 KB
      Peak Allocated Bytes 54 B
      Overflow Count 0
    [ALLOC_TEMP_Job.Worker 8]
      Initial Block Size 256.0 KB
      Current Block Size 256.0 KB
      Peak Allocated Bytes 1.7 KB
      Overflow Count 1
    [ALLOC_TEMP_BakingJobs.Worker 15]
      Initial Block Size 256.0 KB
      Current Block Size 256.0 KB
      Peak Allocated Bytes 54 B
      Overflow Count 0
    [ALLOC_TEMP_BakingJobs.Worker 0]
      Initial Block Size 256.0 KB
      Current Block Size 256.0 KB
      Peak Allocated Bytes 54 B
      Overflow Count 0
    [ALLOC_TEMP_BakingJobs.Worker 3]
      Initial Block Size 256.0 KB
      Current Block Size 256.0 KB
      Peak Allocated Bytes 54 B
      Overflow Count 0
    [ALLOC_TEMP_BakingJobs.Worker 14]
      Initial Block Size 256.0 KB
      Current Block Size 256.0 KB
      Peak Allocated Bytes 54 B
      Overflow Count 0
    [ALLOC_TEMP_EditorTaskManager]
      Initial Block Size 64.0 KB
      Current Block Size 68.0 KB
      Peak Allocated Bytes 64.0 KB
      Overflow Count 0
    [ALLOC_TEMP_Background Job.Worker 15]
      Initial Block Size 32.0 KB
      Current Block Size 32.0 KB
      Peak Allocated Bytes 54 B
      Overflow Count 0
    [ALLOC_TEMP_Job.Worker 1]
      Initial Block Size 256.0 KB
      Current Block Size 1.0 MB
      Peak Allocated Bytes 1.0 MB
      Overflow Count 1
    [ALLOC_TEMP_BakingJobs.Worker 4]
      Initial Block Size 256.0 KB
      Current Block Size 256.0 KB
      Peak Allocated Bytes 54 B
      Overflow Count 0
    [ALLOC_TEMP_Background Job.Worker 12]
      Initial Block Size 32.0 KB
      Current Block Size 32.0 KB
      Peak Allocated Bytes 54 B
      Overflow Count 0
    [ALLOC_TEMP_HTTP REST Server]
      Initial Block Size 64.0 KB
      Current Block Size 64.0 KB
      Peak Allocated Bytes 152 B
      Overflow Count 0
    [ALLOC_TEMP_BakingJobs.Worker 12]
      Initial Block Size 256.0 KB
      Current Block Size 256.0 KB
      Peak Allocated Bytes 54 B
      Overflow Count 0
    [ALLOC_TEMP_BakingJobs.Worker 13]
      Initial Block Size 256.0 KB
      Current Block Size 256.0 KB
      Peak Allocated Bytes 54 B
      Overflow Count 0
    [ALLOC_TEMP_BakingJobs.Worker 18]
      Initial Block Size 256.0 KB
      Current Block Size 256.0 KB
      Peak Allocated Bytes 54 B
      Overflow Count 0
    [ALLOC_TEMP_AssetGarbageCollectorHelper] x 19
      Initial Block Size 64.0 KB
      Current Block Size 64.0 KB
      Peak Allocated Bytes 0 B
      Overflow Count 0
    [ALLOC_TEMP_Background Job.Worker 0]
      Initial Block Size 32.0 KB
      Current Block Size 32.0 KB
      Peak Allocated Bytes 54 B
      Overflow Count 0
    [ALLOC_TEMP_Background Job.Worker 4]
      Initial Block Size 32.0 KB
      Current Block Size 32.0 KB
      Peak Allocated Bytes 54 B
      Overflow Count 0
    [ALLOC_TEMP_Background Job.Worker 14]
      Initial Block Size 32.0 KB
      Current Block Size 32.0 KB
      Peak Allocated Bytes 54 B
      Overflow Count 0
    [ALLOC_TEMP_Job.Worker 7]
      Initial Block Size 256.0 KB
      Current Block Size 256.0 KB
      Peak Allocated Bytes 1.7 KB
      Overflow Count 1
[ALLOC_MEMORYPROFILER]
  Peak usage frame count: [0.5 MB-1.0 MB]: 1798 frames, [1.0 MB-2.0 MB]: 1 frames
  Requested Block Size 1.0 MB
  Peak Block count 2
  Peak Allocated memory 1.5 MB
  Peak Large allocation bytes 0 B
[ALLOC_DEFAULT] Dual Thread Allocator
  Peak main deferred allocation count 1428
    [ALLOC_BUCKET]
      Large Block size 32.0 MB
      Used Block count 1
      Peak Allocated bytes 15.6 MB
    [ALLOC_DEFAULT_MAIN]
      Peak usage frame count: [128.0 MB-256.0 MB]: 1799 frames
      Requested Block Size 16.0 MB
      Peak Block count 9
      Peak Allocated memory 164.4 MB
      Peak Large allocation bytes 37.0 MB
    [ALLOC_DEFAULT_THREAD]
      Peak usage frame count: [4.0 MB-8.0 MB]: 4 frames, [8.0 MB-16.0 MB]: 1794 frames, [64.0 MB-128.0 MB]: 1 frames
      Requested Block Size 16.0 MB
      Peak Block count 1
      Peak Allocated memory 113.9 MB
      Peak Large allocation bytes 99.6 MB
[ALLOC_TEMP_JOB_1_FRAME]
  Initial Block Size 2.0 MB
  Used Block Count 0
  Overflow Count (too large) 0
  Overflow Count (full) 0
[ALLOC_TEMP_JOB_2_FRAMES]
  Initial Block Size 2.0 MB
  Used Block Count 0
  Overflow Count (too large) 0
  Overflow Count (full) 0
[ALLOC_TEMP_JOB_4_FRAMES (JobTemp)]
  Initial Block Size 2.0 MB
  Used Block Count 1
  Overflow Count (too large) 0
  Overflow Count (full) 0
[ALLOC_TEMP_JOB_ASYNC (Background)]
  Initial Block Size 1.0 MB
  Used Block Count 1
  Overflow Count (too large) 8
  Overflow Count (full) 0
[ALLOC_GFX] Dual Thread Allocator
  Peak main deferred allocation count 130
    [ALLOC_BUCKET]
      Large Block size 32.0 MB
      Used Block count 1
      Peak Allocated bytes 15.6 MB
    [ALLOC_GFX_MAIN]
      Peak usage frame count: [8.0 MB-16.0 MB]: 1797 frames, [256.0 MB-0.50 GB]: 2 frames
      Requested Block Size 16.0 MB
      Peak Block count 1
      Peak Allocated memory 286.9 MB
      Peak Large allocation bytes 272.0 MB
    [ALLOC_GFX_THREAD]
      Peak usage frame count: [0-1.0 KB]: 17 frames, [4.0 MB-8.0 MB]: 1782 frames
      Requested Block Size 16.0 MB
      Peak Block count 1
      Peak Allocated memory 4.2 MB
      Peak Large allocation bytes 0 B
[ALLOC_CACHEOBJECTS] Dual Thread Allocator
  Peak main deferred allocation count 1531
    [ALLOC_BUCKET]
      Large Block size 32.0 MB
      Used Block count 1
      Peak Allocated bytes 15.6 MB
    [ALLOC_CACHEOBJECTS_MAIN]
      Peak usage frame count: [16.0 MB-32.0 MB]: 1797 frames, [64.0 MB-128.0 MB]: 2 frames
      Requested Block Size 4.0 MB
      Peak Block count 39
      Peak Allocated memory 108.5 MB
      Peak Large allocation bytes 48.2 MB
    [ALLOC_CACHEOBJECTS_THREAD]
      Peak usage frame count: [0-1.0 KB]: 5 frames, [2.0 KB-4.0 KB]: 10 frames, [8.0 KB-16.0 KB]: 1 frames, [128.0 KB-256.0 KB]: 1 frames, [16.0 MB-32.0 MB]: 1782 frames
      Requested Block Size 4.0 MB
      Peak Block count 1
      Peak Allocated memory 18.8 MB
      Peak Large allocation bytes 17.1 MB
[ALLOC_TYPETREE] Dual Thread Allocator
  Peak main deferred allocation count 1529
    [ALLOC_BUCKET]
      Large Block size 32.0 MB
      Used Block count 1
      Peak Allocated bytes 15.6 MB
    [ALLOC_TYPETREE_MAIN]
      Peak usage frame count: [256.0 KB-0.5 MB]: 2 frames, [0.5 MB-1.0 MB]: 1779 frames, [1.0 MB-2.0 MB]: 13 frames, [2.0 MB-4.0 MB]: 4 frames, [32.0 MB-64.0 MB]: 1 frames
      Requested Block Size 2.0 MB
      Peak Block count 22
      Peak Allocated memory 40.1 MB
      Peak Large allocation bytes 0 B
    [ALLOC_TYPETREE_THREAD]
      Peak usage frame count: [1.0 KB-2.0 KB]: 5 frames, [32.0 KB-64.0 KB]: 12 frames, [128.0 KB-256.0 KB]: 1777 frames, [256.0 KB-0.5 MB]: 4 frames, [0.5 MB-1.0 MB]: 1 frames
      Requested Block Size 2.0 MB
      Peak Block count 1
      Peak Allocated memory 0.8 MB
      Peak Large allocation bytes 0 B
[ALLOC_PROFILER]
  Peak usage frame count: [256.0 KB-0.5 MB]: 1799 frames
  Requested Block Size 16.0 MB
  Peak Block count 1
  Peak Allocated memory 498.0 KB
  Peak Large allocation bytes 0 B
    [ALLOC_PROFILER_BUCKET]
      Large Block size 32.0 MB
      Used Block count 1
      Peak Allocated bytes 10.4 KB
[ALLOC_PROFILER_EDITOR]
  Peak usage frame count: [0-1.0 KB]: 1799 frames
  Requested Block Size 1.0 MB
  Peak Block count 0
  Peak Allocated memory 0 B
  Peak Large allocation bytes 0 B
    [ALLOC_PROFILER_BUCKET]
      Large Block size 32.0 MB
      Used Block count 1
      Peak Allocated bytes 10.4 KB
##utp:{"type":"MemoryLeaks","version":2,"phase":"Immediate","time":1787563028698,"processId":75376,"allocatedMemory":35466030,"memoryLabels":[{"Default":20431},{"Permanent":15615},{"NewDelete":82208},{"Thread":4229412},{"Manager":35536},{"VertexData":12},{"Geometry":560},{"Texture":632},{"Shader":68854},{"Material":24},{"GfxDevice":57048},{"Animation":296},{"Audio":3928},{"FontEngine":272},{"Physics":513},{"Serialization":948},{"Input":14744},{"JobScheduler":33368},{"Mono":40},{"ScriptingNativeRuntime":191848},{"BaseObject":1627276},{"Resource":1360},{"Renderer":2304},{"Transform":16},{"File":12536},{"WebCam":96},{"Culling":40},{"Terrain":1137},{"Wind":24},{"STL":48},{"String":16885},{"DynamicArray":130083},{"HashMap":4459480},{"Utility":2664898},{"Curl":1424},{"PoolAlloc":1784},{"AI":104},{"TypeTree":5077},{"ScriptManager":640},{"RuntimeInitializeOnLoadManager":80},{"SpriteAtlas":128},{"GI":4072},{"Director":7960},{"WebRequest":688},{"VR":46081},{"SceneManager":568},{"Video":72},{"LazyScriptCache":40},{"NativeArray":12},{"Camera":25},{"Secure":1},{"SerializationCache":1584},{"APIUpdating":11872},{"Subsystems":392},{"VirtualTexturing":57896},{"StaticSafetyDebugInfo":327680},{"EditorGui":56},{"EditorUtility":40879},{"VersionControl":4},{"Undo":704},{"AssetDatabase":21235125},{"RestService":1414},{"EditorGi":376},{"License":3584},{"UnityConnect":25344},{"Collab":593},{"Upm":2032},{"DrivenProperties":96},{"LocalIPC":296},{"ProfilerEditor":10943},{"CoreBusinessMetrics":3852},{"AssetReference":40},{"IPCStream":40}]}
