[Licensing::Module] Trying to connect to existing licensing client channel...
[Licensing::IpcConnector] Successfully connected to: "LicenseClient-WIN10" at "2026-08-24T09:02:55.0131589Z"
[Licensing::Client] Code 10 while verifying Licensing Client signature (process Id: 6032, path: "D:/unity/Unity Hub/UnityLicensingClient_V1/Unity.Licensing.Client.exe")
[Licensing::Module] LicensingClient has failed validation; ignoring
[Licensing::Client] Error: HandshakeResponse reported an error:
	ResponseCode: 505
	ResponseStatus: Unsupported protocol version '1.16.2'.
[Licensing::Module] Error: Failed to handshake to channel: "LicenseClient-WIN10"
[Licensing::IpcConnector] LicenseClient-WIN10 channel disconnected successfully.
[Licensing::IpcConnector] Successfully connected to: "LicenseClient-WIN10-2022.3.62" at "2026-08-24T09:02:55.0726672Z"
[Licensing::Client] Code 10 while verifying Licensing Client signature (process Id: 16716, path: "C:/Program Files/Unity/Hub/Editor/2022.3.62f3/Editor/Data/Resources/Licensing/Client/Unity.Licensing.Client.exe")
[Licensing::Module] LicensingClient has failed validation; ignoring
[Licensing::Client] Handshaking with LicensingClient:
  Version:                 1.16.2+bdef8f5
  Session Id:              a731c4f2e89a47c8ac17edc3e8f057f6
  Correlation Id:          32fcc81276828896fcc3479650094061
  External correlation Id: 1400430629340143223
  Machine Id:              OfSOB9hlSOHqKDTn/0aysRfJBWw=
[Licensing::Module] Successfully connected to LicensingClient on channel: "LicenseClient-WIN10-2022.3.62" (connect: 0.00s, validation: 0.01s, handshake: 0.01s)
[Licensing::IpcConnector] Successfully connected to: "LicenseClient-WIN10-2022.3.62-notifications" at "2026-08-24T09:02:55.0906591Z"
[Licensing::Module] Error: Access token is unavailable; failed to update
[Licensing::Client] Successfully updated license
Built from '2022.3/china_unity/release' branch; Version is '2022.3.62f3c1 (1623fc0bbb97) revision 1451004'; Using compiler version '192829333'; Build Type 'Release'
OS: 'Windows 10  (10.0.19045) 64bit Professional' Language: 'zh' Physical Memory: 65241 MB
[Licensing::Client] Successfully resolved entitlement details
[Licensing::Module] Serial number assigned to: "F4-FUFT-MQVB-TJ9V-896H-XXXX"
BatchMode: 1, IsHumanControllingUs: 0, StartBugReporterOnCrash: 0, Is64bit: 1, IsPro: 0
[Licensing::Client] Successfully resolved entitlement details

COMMAND LINE ARGUMENTS:
C:\Program Files\Unity\Hub\Editor\2022.3.62f3c1\Editor\Unity.exe
-batchmode
-nographics
-projectPath
D:\unity\UnityProject\ColorTimeing\New\_ColorTiming
-executeMethod
ColorTiming.Editor.ColorTimingMigrationValidator.RefreshFrameworkResourceCollection
-logFile
D:\unity\UnityProject\ColorTimeing\New\_ColorTiming\Documentation\Refactor\resource-collection-refresh-2.log
Successfully changed project path to: D:\unity\UnityProject\ColorTimeing\New\_ColorTiming
D:/unity/UnityProject/ColorTimeing/New/_ColorTiming
[UnityMemory] Configuration Parameters - Can be set up in boot.config
    "memorysetup-bucket-allocator-granularity=16"
    "memorysetup-bucket-allocator-bucket-count=8"
    "memorysetup-bucket-allocator-block-size=33554432"
    "memorysetup-bucket-allocator-block-count=8"
    "memorysetup-main-allocator-block-size=16777216"
    "memorysetup-thread-allocator-block-size=16777216"
    "memorysetup-gfx-main-allocator-block-size=16777216"
    "memorysetup-gfx-thread-allocator-block-size=16777216"
    "memorysetup-cache-allocator-block-size=4194304"
    "memorysetup-typetree-allocator-block-size=2097152"
    "memorysetup-profiler-bucket-allocator-granularity=16"
    "memorysetup-profiler-bucket-allocator-bucket-count=8"
    "memorysetup-profiler-bucket-allocator-block-size=33554432"
    "memorysetup-profiler-bucket-allocator-block-count=8"
    "memorysetup-profiler-allocator-block-size=16777216"
    "memorysetup-profiler-editor-allocator-block-size=1048576"
    "memorysetup-temp-allocator-size-main=16777216"
    "memorysetup-job-temp-allocator-block-size=2097152"
    "memorysetup-job-temp-allocator-block-size-background=1048576"
    "memorysetup-job-temp-allocator-reduction-small-platforms=262144"
    "memorysetup-allocator-temp-initial-block-size-main=262144"
    "memorysetup-allocator-temp-initial-block-size-worker=262144"
    "memorysetup-temp-allocator-size-background-worker=32768"
    "memorysetup-temp-allocator-size-job-worker=262144"
    "memorysetup-temp-allocator-size-preload-manager=33554432"
    "memorysetup-temp-allocator-size-nav-mesh-worker=65536"
    "memorysetup-temp-allocator-size-audio-worker=65536"
    "memorysetup-temp-allocator-size-cloud-worker=32768"
    "memorysetup-temp-allocator-size-gi-baking-worker=262144"
    "memorysetup-temp-allocator-size-gfx=262144"
Player connection [56488]  Target information:

Player connection [56488]  * "[IP] 192.168.3.51 [Port] 55506 [Flags] 2 [Guid] 3198629406 [EditorId] 3198629406 [Version] 1048832 [Id] WindowsEditor(7,DESKTOP-7JQ11GM) [Debug] 1 [PackageName] WindowsEditor [ProjectName] Editor" 

Player connection [56488] Host joined multi-casting on [225.0.0.222:54997]...
Player connection [56488] Host joined alternative multi-casting on [225.0.0.222:34997]...
Input System module state changed to: Initialized.
[PhysX] Initialized MultithreadedTaskDispatcher with 20 workers.
[Package Manager] UpmClient::Connect -- Connected to IPC stream "Upm-42908" after 0.3 seconds.
[Package Manager] Restoring resolved packages state from cache
[Licensing::Client] Successfully resolved entitlement details
[Package Manager] Registered 73 packages:
  Packages from [https://npm.cloudsmith.io/jillejr/newtonsoft-json-for-unity]:
    jillejr.newtonsoft.json-for-unity.converters@1.6.3 (location: D:\unity\UnityProject\ColorTimeing\New\_ColorTiming\Library\PackageCache\jillejr.newtonsoft.json-for-unity.converters@1.6.3)
  Packages from [https://packages.unity.cn]:
    com.unity.cinemachine@2.10.3 (location: D:\unity\UnityProject\ColorTimeing\New\_ColorTiming\Library\PackageCache\com.unity.cinemachine@2.10.3)
    com.unity.collab-proxy@2.12.4 (location: D:\unity\UnityProject\ColorTimeing\New\_ColorTiming\Library\PackageCache\com.unity.collab-proxy@2.12.4)
    com.unity.collections@2.5.7 (location: D:\unity\UnityProject\ColorTimeing\New\_ColorTiming\Library\PackageCache\com.unity.collections@2.5.7)
    com.unity.ide.rider@3.0.36 (location: D:\unity\UnityProject\ColorTimeing\New\_ColorTiming\Library\PackageCache\com.unity.ide.rider@3.0.36)
    com.unity.ide.visualstudio@2.0.22 (location: D:\unity\UnityProject\ColorTimeing\New\_ColorTiming\Library\PackageCache\com.unity.ide.visualstudio@2.0.22)
    com.unity.ide.vscode@1.2.5 (location: D:\unity\UnityProject\ColorTimeing\New\_ColorTiming\Library\PackageCache\com.unity.ide.vscode@1.2.5)
    com.unity.jobs@0.70.0-preview.7 (location: D:\unity\UnityProject\ColorTimeing\New\_ColorTiming\Library\PackageCache\com.unity.jobs@0.70.0-preview.7)
    com.unity.nuget.newtonsoft-json@3.2.1 (location: D:\unity\UnityProject\ColorTimeing\New\_ColorTiming\Library\PackageCache\com.unity.nuget.newtonsoft-json@3.2.1)
    com.unity.probuilder@5.2.4 (location: D:\unity\UnityProject\ColorTimeing\New\_ColorTiming\Library\PackageCache\com.unity.probuilder@5.2.4)
    com.unity.searcher@4.9.2 (location: D:\unity\UnityProject\ColorTimeing\New\_ColorTiming\Library\PackageCache\com.unity.searcher@4.9.2)
    com.unity.textmeshpro@3.0.8 (location: D:\unity\UnityProject\ColorTimeing\New\_ColorTiming\Library\PackageCache\com.unity.textmeshpro@3.0.8)
    com.unity.timeline@1.7.7 (location: D:\unity\UnityProject\ColorTimeing\New\_ColorTiming\Library\PackageCache\com.unity.timeline@1.7.7)
    com.unity.visualscripting@1.9.4 (location: D:\unity\UnityProject\ColorTimeing\New\_ColorTiming\Library\PackageCache\com.unity.visualscripting@1.9.4)
    com.unity.burst@1.8.21 (location: D:\unity\UnityProject\ColorTimeing\New\_ColorTiming\Library\PackageCache\com.unity.burst@1.8.21)
    com.unity.settings-manager@2.1.0 (location: D:\unity\UnityProject\ColorTimeing\New\_ColorTiming\Library\PackageCache\com.unity.settings-manager@2.1.0)
    com.unity.2d.animation@9.2.0 (location: D:\unity\UnityProject\ColorTimeing\New\_ColorTiming\Library\PackageCache\com.unity.2d.animation@9.2.0)
    com.unity.2d.pixel-perfect@5.1.0 (location: D:\unity\UnityProject\ColorTimeing\New\_ColorTiming\Library\PackageCache\com.unity.2d.pixel-perfect@5.1.0)
    com.unity.2d.psdimporter@8.1.0 (location: D:\unity\UnityProject\ColorTimeing\New\_ColorTiming\Library\PackageCache\com.unity.2d.psdimporter@8.1.0)
    com.unity.2d.spriteshape@9.1.0 (location: D:\unity\UnityProject\ColorTimeing\New\_ColorTiming\Library\PackageCache\com.unity.2d.spriteshape@9.1.0)
    com.unity.2d.tilemap.extras@3.1.3 (location: D:\unity\UnityProject\ColorTimeing\New\_ColorTiming\Library\PackageCache\com.unity.2d.tilemap.extras@3.1.3)
    com.unity.2d.aseprite@1.1.9 (location: D:\unity\UnityProject\ColorTimeing\New\_ColorTiming\Library\PackageCache\com.unity.2d.aseprite@1.1.9)
    com.unity.mathematics@1.3.2 (location: D:\unity\UnityProject\ColorTimeing\New\_ColorTiming\Library\PackageCache\com.unity.mathematics@1.3.2)
    com.unity.test-framework@1.4.6 (location: D:\unity\UnityProject\ColorTimeing\New\_ColorTiming\Library\PackageCache\com.unity.test-framework@1.4.6)
    com.unity.nuget.mono-cecil@1.11.5 (location: D:\unity\UnityProject\ColorTimeing\New\_ColorTiming\Library\PackageCache\com.unity.nuget.mono-cecil@1.11.5)
    com.unity.test-framework.performance@3.0.3 (location: D:\unity\UnityProject\ColorTimeing\New\_ColorTiming\Library\PackageCache\com.unity.test-framework.performance@3.0.3)
    com.unity.2d.common@8.1.0 (location: D:\unity\UnityProject\ColorTimeing\New\_ColorTiming\Library\PackageCache\com.unity.2d.common@8.1.0)
    com.unity.ext.nunit@2.0.3 (location: D:\unity\UnityProject\ColorTimeing\New\_ColorTiming\Library\PackageCache\com.unity.ext.nunit@2.0.3)
  Built-in packages:
    com.unity.feature.2d@2.0.1 (location: D:\unity\UnityProject\ColorTimeing\New\_ColorTiming\Library\PackageCache\com.unity.feature.2d@2.0.1)
    com.unity.render-pipelines.universal@14.0.12 (location: D:\unity\UnityProject\ColorTimeing\New\_ColorTiming\Library\PackageCache\com.unity.render-pipelines.universal@14.0.12)
    com.unity.ugui@1.0.0 (location: D:\unity\UnityProject\ColorTimeing\New\_ColorTiming\Library\PackageCache\com.unity.ugui@1.0.0)
    com.unity.modules.ai@1.0.0 (location: D:\unity\UnityProject\ColorTimeing\New\_ColorTiming\Library\PackageCache\com.unity.modules.ai@1.0.0)
    com.unity.modules.androidjni@1.0.0 (location: D:\unity\UnityProject\ColorTimeing\New\_ColorTiming\Library\PackageCache\com.unity.modules.androidjni@1.0.0)
    com.unity.modules.animation@1.0.0 (location: D:\unity\UnityProject\ColorTimeing\New\_ColorTiming\Library\PackageCache\com.unity.modules.animation@1.0.0)
    com.unity.modules.assetbundle@1.0.0 (location: D:\unity\UnityProject\ColorTimeing\New\_ColorTiming\Library\PackageCache\com.unity.modules.assetbundle@1.0.0)
    com.unity.modules.audio@1.0.0 (location: D:\unity\UnityProject\ColorTimeing\New\_ColorTiming\Library\PackageCache\com.unity.modules.audio@1.0.0)
    com.unity.modules.cloth@1.0.0 (location: D:\unity\UnityProject\ColorTimeing\New\_ColorTiming\Library\PackageCache\com.unity.modules.cloth@1.0.0)
    com.unity.modules.director@1.0.0 (location: D:\unity\UnityProject\ColorTimeing\New\_ColorTiming\Library\PackageCache\com.unity.modules.director@1.0.0)
    com.unity.modules.imageconversion@1.0.0 (location: D:\unity\UnityProject\ColorTimeing\New\_ColorTiming\Library\PackageCache\com.unity.modules.imageconversion@1.0.0)
    com.unity.modules.imgui@1.0.0 (location: D:\unity\UnityProject\ColorTimeing\New\_ColorTiming\Library\PackageCache\com.unity.modules.imgui@1.0.0)
    com.unity.modules.jsonserialize@1.0.0 (location: D:\unity\UnityProject\ColorTimeing\New\_ColorTiming\Library\PackageCache\com.unity.modules.jsonserialize@1.0.0)
    com.unity.modules.particlesystem@1.0.0 (location: D:\unity\UnityProject\ColorTimeing\New\_ColorTiming\Library\PackageCache\com.unity.modules.particlesystem@1.0.0)
    com.unity.modules.physics@1.0.0 (location: D:\unity\UnityProject\ColorTimeing\New\_ColorTiming\Library\PackageCache\com.unity.modules.physics@1.0.0)
    com.unity.modules.physics2d@1.0.0 (location: D:\unity\UnityProject\ColorTimeing\New\_ColorTiming\Library\PackageCache\com.unity.modules.physics2d@1.0.0)
    com.unity.modules.screencapture@1.0.0 (location: D:\unity\UnityProject\ColorTimeing\New\_ColorTiming\Library\PackageCache\com.unity.modules.screencapture@1.0.0)
    com.unity.modules.terrain@1.0.0 (location: D:\unity\UnityProject\ColorTimeing\New\_ColorTiming\Library\PackageCache\com.unity.modules.terrain@1.0.0)
    com.unity.modules.terrainphysics@1.0.0 (location: D:\unity\UnityProject\ColorTimeing\New\_ColorTiming\Library\PackageCache\com.unity.modules.terrainphysics@1.0.0)
    com.unity.modules.tilemap@1.0.0 (location: D:\unity\UnityProject\ColorTimeing\New\_ColorTiming\Library\PackageCache\com.unity.modules.tilemap@1.0.0)
    com.unity.modules.ui@1.0.0 (location: D:\unity\UnityProject\ColorTimeing\New\_ColorTiming\Library\PackageCache\com.unity.modules.ui@1.0.0)
    com.unity.modules.uielements@1.0.0 (location: D:\unity\UnityProject\ColorTimeing\New\_ColorTiming\Library\PackageCache\com.unity.modules.uielements@1.0.0)
    com.unity.modules.umbra@1.0.0 (location: D:\unity\UnityProject\ColorTimeing\New\_ColorTiming\Library\PackageCache\com.unity.modules.umbra@1.0.0)
    com.unity.modules.unityanalytics@1.0.0 (location: D:\unity\UnityProject\ColorTimeing\New\_ColorTiming\Library\PackageCache\com.unity.modules.unityanalytics@1.0.0)
    com.unity.modules.unitywebrequest@1.0.0 (location: D:\unity\UnityProject\ColorTimeing\New\_ColorTiming\Library\PackageCache\com.unity.modules.unitywebrequest@1.0.0)
    com.unity.modules.unitywebrequestassetbundle@1.0.0 (location: D:\unity\UnityProject\ColorTimeing\New\_ColorTiming\Library\PackageCache\com.unity.modules.unitywebrequestassetbundle@1.0.0)
    com.unity.modules.unitywebrequestaudio@1.0.0 (location: D:\unity\UnityProject\ColorTimeing\New\_ColorTiming\Library\PackageCache\com.unity.modules.unitywebrequestaudio@1.0.0)
    com.unity.modules.unitywebrequesttexture@1.0.0 (location: D:\unity\UnityProject\ColorTimeing\New\_ColorTiming\Library\PackageCache\com.unity.modules.unitywebrequesttexture@1.0.0)
    com.unity.modules.unitywebrequestwww@1.0.0 (location: D:\unity\UnityProject\ColorTimeing\New\_ColorTiming\Library\PackageCache\com.unity.modules.unitywebrequestwww@1.0.0)
    com.unity.modules.vehicles@1.0.0 (location: D:\unity\UnityProject\ColorTimeing\New\_ColorTiming\Library\PackageCache\com.unity.modules.vehicles@1.0.0)
    com.unity.modules.video@1.0.0 (location: D:\unity\UnityProject\ColorTimeing\New\_ColorTiming\Library\PackageCache\com.unity.modules.video@1.0.0)
    com.unity.modules.vr@1.0.0 (location: D:\unity\UnityProject\ColorTimeing\New\_ColorTiming\Library\PackageCache\com.unity.modules.vr@1.0.0)
    com.unity.modules.wind@1.0.0 (location: D:\unity\UnityProject\ColorTimeing\New\_ColorTiming\Library\PackageCache\com.unity.modules.wind@1.0.0)
    com.unity.modules.xr@1.0.0 (location: D:\unity\UnityProject\ColorTimeing\New\_ColorTiming\Library\PackageCache\com.unity.modules.xr@1.0.0)
    com.unity.modules.subsystems@1.0.0 (location: D:\unity\UnityProject\ColorTimeing\New\_ColorTiming\Library\PackageCache\com.unity.modules.subsystems@1.0.0)
    com.unity.render-pipelines.core@14.0.12 (location: D:\unity\UnityProject\ColorTimeing\New\_ColorTiming\Library\PackageCache\com.unity.render-pipelines.core@14.0.12)
    com.unity.shadergraph@14.0.12 (location: D:\unity\UnityProject\ColorTimeing\New\_ColorTiming\Library\PackageCache\com.unity.shadergraph@14.0.12)
    com.unity.render-pipelines.universal-config@14.0.10 (location: D:\unity\UnityProject\ColorTimeing\New\_ColorTiming\Library\PackageCache\com.unity.render-pipelines.universal-config@14.0.10)
    com.unity.2d.sprite@1.0.0 (location: D:\unity\UnityProject\ColorTimeing\New\_ColorTiming\Library\PackageCache\com.unity.2d.sprite@1.0.0)
    com.unity.2d.tilemap@1.0.0 (location: D:\unity\UnityProject\ColorTimeing\New\_ColorTiming\Library\PackageCache\com.unity.2d.tilemap@1.0.0)
  Local packages:
    com.handzlikchris.fastscriptreload@file:D:\unity\UnityProject\ColorTimeing\New\_ColorTiming\LocalPackages\FastScriptReload\Assets (location: D:\unity\UnityProject\ColorTimeing\New\_ColorTiming\LocalPackages\FastScriptReload\Assets)
  Git packages:
    com.besty.unity-skills@https://github.com/Besty0728/Unity-Skills.git?path=/SkillsForUnity#v2.1.0 (location: D:\unity\UnityProject\ColorTimeing\New\_ColorTiming\Library\PackageCache\com.besty.unity-skills@f6f09e6bb0)
    com.code-philosophy.hybridclr@https://gitee.com/focus-creative-games/hybridclr_unity.git (location: D:\unity\UnityProject\ColorTimeing\New\_ColorTiming\Library\PackageCache\com.code-philosophy.hybridclr@e4def761d6)
    com.code-philosophy.obfuz@https://gitee.com/focus-creative-games/obfuz.git (location: D:\unity\UnityProject\ColorTimeing\New\_ColorTiming\Library\PackageCache\com.code-philosophy.obfuz@977779c8b7)
    com.code-philosophy.obfuz4hybridclr@https://gitee.com/focus-creative-games/obfuz4hybridclr.git (location: D:\unity\UnityProject\ColorTimeing\New\_ColorTiming\Library\PackageCache\com.code-philosophy.obfuz4hybridclr@40c8b6c1a8)
[Subsystems] No new subsystems found in resolved package list.
Package Manager log level set to [2]
[Package Manager] Done registering packages in 0.10 seconds
Artifact Garbage Collection - Removed 1 unused hashed content files
Refreshing native plugins compatible for Editor in 15.82 ms, found 5 plugins.
Preloading 0 native plugins for Editor in 0.00 ms.
Initialize engine version: 2022.3.62f3c1 (1623fc0bbb97)
[Subsystems] Discovering subsystems at path C:/Program Files/Unity/Hub/Editor/2022.3.62f3c1/Editor/Data/Resources/UnitySubsystems
[Subsystems] Discovering subsystems at path D:/unity/UnityProject/ColorTimeing/New/_ColorTiming/Assets
Forcing GfxDevice: Null
GfxDevice: creating device client; threaded=0; jobified=0
NullGfxDevice:
    Version:  NULL 1.0 [1.0]
    Renderer: Null Device
    Vendor:   Unity Technologies
[Licensing::Client] Successfully resolved entitlement details
Initialize mono
Mono path[0] = 'C:/Program Files/Unity/Hub/Editor/2022.3.62f3c1/Editor/Data/Managed'
Mono path[1] = 'C:/Program Files/Unity/Hub/Editor/2022.3.62f3c1/Editor/Data/MonoBleedingEdge/lib/mono/unityjit-win32'
Mono config path = 'C:/Program Files/Unity/Hub/Editor/2022.3.62f3c1/Editor/Data/MonoBleedingEdge/etc'
Using monoOptions --debugger-agent=transport=dt_socket,embedding=1,server=y,suspend=n,address=127.0.0.1:56908
Using cacheserver namespaces - metadata:defaultmetadata, artifacts:defaultartifacts
Using cacheserver namespaces - metadata:defaultmetadata, artifacts:defaultartifacts
ImportWorker Server TCP listen port: 0
Begin MonoManager ReloadAssembly
Registering precompiled unity dll's ...
Register platform support module: C:/Program Files/Unity/Hub/Editor/2022.3.62f3c1/Editor/Data/PlaybackEngines/WindowsStandaloneSupport/UnityEditor.WindowsStandalone.Extensions.dll
Registered in 0.004124 seconds.
- Loaded All Assemblies, in  0.199 seconds
Native extension for WindowsStandalone target not found
Mono: successfully reloaded assembly
- Finished resetting the current domain, in  0.148 seconds
Domain Reload Profiling: 347ms
	BeginReloadAssembly (62ms)
		ExecutionOrderSort (0ms)
		DisableScriptedObjects (0ms)
		BackupInstance (0ms)
		ReleaseScriptingObjects (0ms)
		CreateAndSetChildDomain (1ms)
	RebuildCommonClasses (19ms)
	RebuildNativeTypeToScriptingClass (6ms)
	initialDomainReloadingComplete (34ms)
	LoadAllAssembliesAndSetupDomain (77ms)
		LoadAssemblies (61ms)
		RebuildTransferFunctionScriptingTraits (0ms)
		AnalyzeDomain (76ms)
			TypeCache.Refresh (75ms)
				TypeCache.ScanAssembly (66ms)
			ScanForSourceGeneratedMonoScriptInfo (0ms)
			ResolveRequiredComponents (0ms)
	FinalizeReload (148ms)
		ReleaseScriptCaches (0ms)
		RebuildScriptCaches (0ms)
		SetupLoadedEditorAssemblies (122ms)
			LogAssemblyErrors (0ms)
			InitializePlatformSupportModulesInManaged (6ms)
			SetLoadedEditorAssemblies (5ms)
			RefreshPlugins (0ms)
			BeforeProcessingInitializeOnLoad (1ms)
			ProcessInitializeOnLoadAttributes (78ms)
			ProcessInitializeOnLoadMethodAttributes (32ms)
			AfterProcessingInitializeOnLoad (0ms)
			EditorAssembliesLoaded (0ms)
		ExecutionOrderSort2 (0ms)
		AwakeInstancesAfterBackupRestoration (0ms)
[Licensing::Client] Successfully resolved entitlement details
Application.AssetDatabase Initial Refresh Start
Duplicate assembly 'Mono.Cecil.Pdb.dll' with different versions detected, using 'Packages/com.handzlikchris.fastscriptreload/Plugins/Harmony/net48/Mono.Cecil.Pdb.dll, AssemblyName=Mono.Cecil.Pdb, Version=0.11.6.0, Culture=neutral, PublicKeyToken=50cebf1cceb9d05e' and ignoring 'Packages/com.unity.nuget.mono-cecil/Mono.Cecil.Pdb.dll, AssemblyName=Mono.Cecil.Pdb, Version=0.11.5.0, Culture=neutral, PublicKeyToken=50cebf1cceb9d05e'.Duplicate assembly 'System.Collections.Immutable.dll' with different versions detected, using 'Assets/Plugins/Protobuf/System.Collections.Immutable.dll, AssemblyName=System.Collections.Immutable, Version=7.0.0.0, Culture=neutral, PublicKeyToken=b03f5f7f11d50a3a' and ignoring 'Packages/com.handzlikchris.fastscriptreload/Plugins/Roslyn/2021+/System.Collections.Immutable.dll, AssemblyName=System.Collections.Immutable, Version=1.2.3.0, Culture=neutral, PublicKeyToken=b03f5f7f11d50a3a'.Duplicate assembly 'Mono.Cecil.Rocks.dll' with different versions detected, using 'Packages/com.handzlikchris.fastscriptreload/Plugins/Harmony/net48/Mono.Cecil.Rocks.dll, AssemblyName=Mono.Cecil.Rocks, Version=0.11.6.0, Culture=neutral, PublicKeyToken=50cebf1cceb9d05e' and ignoring 'Packages/com.unity.nuget.mono-cecil/Mono.Cecil.Rocks.dll, AssemblyName=Mono.Cecil.Rocks, Version=0.11.5.0, Culture=neutral, PublicKeyToken=50cebf1cceb9d05e'.Duplicate assembly 'Mono.Cecil.Mdb.dll' with different versions detected, using 'Packages/com.handzlikchris.fastscriptreload/Plugins/Harmony/net48/Mono.Cecil.Mdb.dll, AssemblyName=Mono.Cecil.Mdb, Version=0.11.6.0, Culture=neutral, PublicKeyToken=50cebf1cceb9d05e' and ignoring 'Packages/com.unity.nuget.mono-cecil/Mono.Cecil.Mdb.dll, AssemblyName=Mono.Cecil.Mdb, Version=0.11.5.0, Culture=neutral, PublicKeyToken=50cebf1cceb9d05e'.Duplicate assembly 'Mono.Cecil.dll' with different versions detected, using 'Packages/com.handzlikchris.fastscriptreload/Plugins/Harmony/net48/Mono.Cecil.dll, AssemblyName=Mono.Cecil, Version=0.11.6.0, Culture=neutral, PublicKeyToken=50cebf1cceb9d05e' and ignoring 'Packages/com.unity.nuget.mono-cecil/Mono.Cecil.dll, AssemblyName=Mono.Cecil, Version=0.11.5.0, Culture=neutral, PublicKeyToken=50cebf1cceb9d05e'.Assembly for Assembly Definition File 'Assets/Game/Tests/ColorTiming/EditMode/ColorTiming.EditMode.Tests.asmdef' will not be compiled, because it has no scripts associated with it.
UnityEngine.StackTraceUtility:ExtractStackTrace ()
UnityEngine.DebugLogHandler:LogFormat (UnityEngine.LogType,UnityEngine.Object,string,object[])
UnityEngine.Logger:LogFormat (UnityEngine.LogType,string,object[])
UnityEngine.Debug:LogWarningFormat (string,object[])
UnityEditor.Scripting.ScriptCompilation.EditorCompilation:WarnIfThereAreAssembliesWithoutAnyScripts (UnityEditor.Scripting.ScriptCompilation.ScriptAssemblySettings,UnityEditor.Scripting.ScriptCompilation.ScriptAssembly[])
UnityEditor.Scripting.ScriptCompilation.EditorCompilation:CompileScriptsWithSettings (UnityEditor.Scripting.ScriptCompilation.ScriptAssemblySettings)
UnityEditor.Scripting.ScriptCompilation.EditorCompilation:CompileScripts (UnityEditor.Scripting.ScriptCompilation.EditorScriptCompilationOptions,UnityEditor.BuildTargetGroup,UnityEditor.BuildTarget,int,string[])
UnityEditor.Scripting.ScriptCompilation.EditorCompilationInterface/<>c__DisplayClass21_0:<CompileScripts>b__0 ()
UnityEditor.Scripting.ScriptCompilation.EditorCompilationInterface:EmitExceptionAsError<UnityEditor.Scripting.ScriptCompilation.EditorCompilation/CompileStatus> (System.Func`1<UnityEditor.Scripting.ScriptCompilation.EditorCompilation/CompileStatus>,UnityEditor.Scripting.ScriptCompilation.EditorCompilation/CompileStatus)
UnityEditor.Scripting.ScriptCompilation.EditorCompilationInterface:CompileScripts (UnityEditor.Scripting.ScriptCompilation.EditorScriptCompilationOptions,UnityEditor.BuildTargetGroup,UnityEditor.BuildTarget,int,string[])

Assembly for Assembly Definition File 'Assets/Game/Tests/ColorTiming/PlayMode/ColorTiming.PlayMode.Tests.asmdef' will not be compiled, because it has no scripts associated with it.
UnityEngine.StackTraceUtility:ExtractStackTrace ()
UnityEngine.DebugLogHandler:LogFormat (UnityEngine.LogType,UnityEngine.Object,string,object[])
UnityEngine.Logger:LogFormat (UnityEngine.LogType,string,object[])
UnityEngine.Debug:LogWarningFormat (string,object[])
UnityEditor.Scripting.ScriptCompilation.EditorCompilation:WarnIfThereAreAssembliesWithoutAnyScripts (UnityEditor.Scripting.ScriptCompilation.ScriptAssemblySettings,UnityEditor.Scripting.ScriptCompilation.ScriptAssembly[])
UnityEditor.Scripting.ScriptCompilation.EditorCompilation:CompileScriptsWithSettings (UnityEditor.Scripting.ScriptCompilation.ScriptAssemblySettings)
UnityEditor.Scripting.ScriptCompilation.EditorCompilation:CompileScripts (UnityEditor.Scripting.ScriptCompilation.EditorScriptCompilationOptions,UnityEditor.BuildTargetGroup,UnityEditor.BuildTarget,int,string[])
UnityEditor.Scripting.ScriptCompilation.EditorCompilationInterface/<>c__DisplayClass21_0:<CompileScripts>b__0 ()
UnityEditor.Scripting.ScriptCompilation.EditorCompilationInterface:EmitExceptionAsError<UnityEditor.Scripting.ScriptCompilation.EditorCompilation/CompileStatus> (System.Func`1<UnityEditor.Scripting.ScriptCompilation.EditorCompilation/CompileStatus>,UnityEditor.Scripting.ScriptCompilation.EditorCompilation/CompileStatus)
UnityEditor.Scripting.ScriptCompilation.EditorCompilationInterface:CompileScripts (UnityEditor.Scripting.ScriptCompilation.EditorScriptCompilationOptions,UnityEditor.BuildTargetGroup,UnityEditor.BuildTarget,int,string[])

Starting: C:\Program Files\Unity\Hub\Editor\2022.3.62f3c1\Editor\Data\bee_backend.exe --ipc --defer-dag-verification --dagfile="Library/Bee/1900b0aEDbg.dag" --continue-on-failure --profile="Library/Bee/backend1.traceevents" ScriptAssemblies
WorkingDir: D:/unity/UnityProject/ColorTimeing/New/_ColorTiming
DisplayProgressbar: Compiling Scripts
ExitCode: 0 Duration: 0s239ms
[ 922/1223  0s] ILPP-Configuration Library/ilpp-configuration.nevergeneratedoutput
*** Tundra build success (0.20 seconds), 1 items updated, 1223 evaluated
AssetDatabase: script compilation time: 0.666654s
Begin MonoManager ReloadAssembly
Duplicate assembly 'Mono.Cecil.Pdb.dll' with different versions detected, using 'Packages/com.handzlikchris.fastscriptreload/Plugins/Harmony/net48/Mono.Cecil.Pdb.dll, AssemblyName=Mono.Cecil.Pdb, Version=0.11.6.0, Culture=neutral, PublicKeyToken=50cebf1cceb9d05e' and ignoring 'Packages/com.unity.nuget.mono-cecil/Mono.Cecil.Pdb.dll, AssemblyName=Mono.Cecil.Pdb, Version=0.11.5.0, Culture=neutral, PublicKeyToken=50cebf1cceb9d05e'.Duplicate assembly 'System.Collections.Immutable.dll' with different versions detected, using 'Assets/Plugins/Protobuf/System.Collections.Immutable.dll, AssemblyName=System.Collections.Immutable, Version=7.0.0.0, Culture=neutral, PublicKeyToken=b03f5f7f11d50a3a' and ignoring 'Packages/com.handzlikchris.fastscriptreload/Plugins/Roslyn/2021+/System.Collections.Immutable.dll, AssemblyName=System.Collections.Immutable, Version=1.2.3.0, Culture=neutral, PublicKeyToken=b03f5f7f11d50a3a'.Duplicate assembly 'Mono.Cecil.Rocks.dll' with different versions detected, using 'Packages/com.handzlikchris.fastscriptreload/Plugins/Harmony/net48/Mono.Cecil.Rocks.dll, AssemblyName=Mono.Cecil.Rocks, Version=0.11.6.0, Culture=neutral, PublicKeyToken=50cebf1cceb9d05e' and ignoring 'Packages/com.unity.nuget.mono-cecil/Mono.Cecil.Rocks.dll, AssemblyName=Mono.Cecil.Rocks, Version=0.11.5.0, Culture=neutral, PublicKeyToken=50cebf1cceb9d05e'.Duplicate assembly 'Mono.Cecil.Mdb.dll' with different versions detected, using 'Packages/com.handzlikchris.fastscriptreload/Plugins/Harmony/net48/Mono.Cecil.Mdb.dll, AssemblyName=Mono.Cecil.Mdb, Version=0.11.6.0, Culture=neutral, PublicKeyToken=50cebf1cceb9d05e' and ignoring 'Packages/com.unity.nuget.mono-cecil/Mono.Cecil.Mdb.dll, AssemblyName=Mono.Cecil.Mdb, Version=0.11.5.0, Culture=neutral, PublicKeyToken=50cebf1cceb9d05e'.Duplicate assembly 'Mono.Cecil.dll' with different versions detected, using 'Packages/com.handzlikchris.fastscriptreload/Plugins/Harmony/net48/Mono.Cecil.dll, AssemblyName=Mono.Cecil, Version=0.11.6.0, Culture=neutral, PublicKeyToken=50cebf1cceb9d05e' and ignoring 'Packages/com.unity.nuget.mono-cecil/Mono.Cecil.dll, AssemblyName=Mono.Cecil, Version=0.11.5.0, Culture=neutral, PublicKeyToken=50cebf1cceb9d05e'.- Loaded All Assemblies, in  0.792 seconds
Refreshing native plugins compatible for Editor in 5.66 ms, found 5 plugins.
Preloading 0 native plugins for Editor in 0.00 ms.
Start importing Assets/Game/Config using Guid(1dfca3707a2e2f44c9a9ab4cf3ab8fcc) Importer(-1,00000000000000000000000000000000) [PhysX] Initialized MultithreadedTaskDispatcher with 20 workers.
 -> (artifact id: '434709e09069d3bd4e4095a1f2e217db') in 0.007115 seconds
Start importing Assets/Game/HotfixDlls using Guid(ad40cb8fc212f9945ba19ee15aaf3f60) Importer(-1,00000000000000000000000000000000) [PhysX] Initialized MultithreadedTaskDispatcher with 20 workers.
 -> (artifact id: '89fa4b5fd8f742d8e1c2410b6867e51e') in 0.001360 seconds
Refreshing native plugins compatible for Editor in 4.93 ms, found 5 plugins.
Native extension for WindowsStandalone target not found
Duplicate assembly 'Mono.Cecil.Pdb.dll' with different versions detected, using 'Packages/com.handzlikchris.fastscriptreload/Plugins/Harmony/net48/Mono.Cecil.Pdb.dll, AssemblyName=Mono.Cecil.Pdb, Version=0.11.6.0, Culture=neutral, PublicKeyToken=50cebf1cceb9d05e' and ignoring 'Packages/com.unity.nuget.mono-cecil/Mono.Cecil.Pdb.dll, AssemblyName=Mono.Cecil.Pdb, Version=0.11.5.0, Culture=neutral, PublicKeyToken=50cebf1cceb9d05e'.Duplicate assembly 'System.Collections.Immutable.dll' with different versions detected, using 'Assets/Plugins/Protobuf/System.Collections.Immutable.dll, AssemblyName=System.Collections.Immutable, Version=7.0.0.0, Culture=neutral, PublicKeyToken=b03f5f7f11d50a3a' and ignoring 'Packages/com.handzlikchris.fastscriptreload/Plugins/Roslyn/2021+/System.Collections.Immutable.dll, AssemblyName=System.Collections.Immutable, Version=1.2.3.0, Culture=neutral, PublicKeyToken=b03f5f7f11d50a3a'.Duplicate assembly 'Mono.Cecil.Rocks.dll' with different versions detected, using 'Packages/com.handzlikchris.fastscriptreload/Plugins/Harmony/net48/Mono.Cecil.Rocks.dll, AssemblyName=Mono.Cecil.Rocks, Version=0.11.6.0, Culture=neutral, PublicKeyToken=50cebf1cceb9d05e' and ignoring 'Packages/com.unity.nuget.mono-cecil/Mono.Cecil.Rocks.dll, AssemblyName=Mono.Cecil.Rocks, Version=0.11.5.0, Culture=neutral, PublicKeyToken=50cebf1cceb9d05e'.Duplicate assembly 'Mono.Cecil.Mdb.dll' with different versions detected, using 'Packages/com.handzlikchris.fastscriptreload/Plugins/Harmony/net48/Mono.Cecil.Mdb.dll, AssemblyName=Mono.Cecil.Mdb, Version=0.11.6.0, Culture=neutral, PublicKeyToken=50cebf1cceb9d05e' and ignoring 'Packages/com.unity.nuget.mono-cecil/Mono.Cecil.Mdb.dll, AssemblyName=Mono.Cecil.Mdb, Version=0.11.5.0, Culture=neutral, PublicKeyToken=50cebf1cceb9d05e'.Duplicate assembly 'Mono.Cecil.dll' with different versions detected, using 'Packages/com.handzlikchris.fastscriptreload/Plugins/Harmony/net48/Mono.Cecil.dll, AssemblyName=Mono.Cecil, Version=0.11.6.0, Culture=neutral, PublicKeyToken=50cebf1cceb9d05e' and ignoring 'Packages/com.unity.nuget.mono-cecil/Mono.Cecil.dll, AssemblyName=Mono.Cecil, Version=0.11.5.0, Culture=neutral, PublicKeyToken=50cebf1cceb9d05e'.Skip optional Config Excel watcher because directory does not exist: D:/unity/UnityProject/ColorTimeing/New/_ColorTiming/GameData/Configs
UnityEngine.StackTraceUtility:ExtractStackTrace ()
UnityEngine.DebugLogHandler:LogFormat (UnityEngine.LogType,UnityEngine.Object,string,object[])
UnityEngine.Logger:Log (UnityEngine.LogType,object)
UnityEngine.Debug:Log (object)
UGF.EditorTools.DataTableUpdater:CreateExcelWatcher (string,System.IO.NotifyFilters,System.IO.FileSystemEventHandler,string) (at Assets/Game/ScriptsBuiltin/Editor/DataTableUpdater.cs:64)
UGF.EditorTools.DataTableUpdater:Init () (at Assets/Game/ScriptsBuiltin/Editor/DataTableUpdater.cs:36)
System.Reflection.RuntimeMethodInfo:Invoke (object,System.Reflection.BindingFlags,System.Reflection.Binder,object[],System.Globalization.CultureInfo)
System.Reflection.MethodBase:Invoke (object,object[])
UnityEditor.EditorAssemblies:ProcessInitializeOnLoadMethodAttributes ()

(Filename: Assets/Game/ScriptsBuiltin/Editor/DataTableUpdater.cs Line: 64)

Mono: successfully reloaded assembly
- Finished resetting the current domain, in  4.841 seconds
Domain Reload Profiling: 5631ms
	BeginReloadAssembly (84ms)
		ExecutionOrderSort (0ms)
		DisableScriptedObjects (3ms)
		BackupInstance (0ms)
		ReleaseScriptingObjects (0ms)
		CreateAndSetChildDomain (17ms)
	RebuildCommonClasses (17ms)
	RebuildNativeTypeToScriptingClass (5ms)
	initialDomainReloadingComplete (40ms)
	LoadAllAssembliesAndSetupDomain (644ms)
		LoadAssemblies (361ms)
		RebuildTransferFunctionScriptingTraits (0ms)
		AnalyzeDomain (328ms)
			TypeCache.Refresh (289ms)
				TypeCache.ScanAssembly (255ms)
			ScanForSourceGeneratedMonoScriptInfo (26ms)
			ResolveRequiredComponents (9ms)
	FinalizeReload (4841ms)
		ReleaseScriptCaches (0ms)
		RebuildScriptCaches (0ms)
		SetupLoadedEditorAssemblies (4651ms)
			LogAssemblyErrors (0ms)
			InitializePlatformSupportModulesInManaged (3ms)
			SetLoadedEditorAssemblies (5ms)
			RefreshPlugins (0ms)
			BeforeProcessingInitializeOnLoad (102ms)
			ProcessInitializeOnLoadAttributes (3877ms)
			ProcessInitializeOnLoadMethodAttributes (657ms)
			AfterProcessingInitializeOnLoad (6ms)
			EditorAssembliesLoaded (0ms)
		ExecutionOrderSort2 (0ms)
		AwakeInstancesAfterBackupRestoration (22ms)
Refreshing native plugins compatible for Editor in 7.43 ms, found 5 plugins.
Preloading 0 native plugins for Editor in 0.00 ms.
Asset Pipeline Refresh (id=b6c7dfa6c114f3e4a925fd37476dc86b): Total: 7.753 seconds - Initiated by InitialRefreshV2(ForceSynchronousImport)
	Summary:
		Imports: total=1694 (actual=2, local cache=1692, cache server=0)
		Asset DB Process Time: managed=3 ms, native=1182 ms
		Asset DB Callback time: managed=61 ms, native=10 ms
		Scripting: domain reloads=1, domain reload time=5745 ms, compile time=668 ms, other=81 ms
		Project Asset Count: scripts=10378, non-scripts=6287
		Asset File Changes: new=2, changed=2, moved=0, deleted=0
		Scan Filter Count: 0
	InvokeBeforeRefreshCallbacks: 0.271ms
	ApplyChangesToAssetFolders: 0.046ms
	Scan: 101.153ms
	OnSourceAssetsModified: 1.433ms
	GetAllGuidsForCategorization: 1.389ms
	CategorizeAssets: 231.292ms
	ImportOutOfDateAssets: 4927.184ms (4208.726ms without children)
		ImportManagerImport: 12.104ms (2.730ms without children)
			ImportInProcess: 9.349ms
			UpdateCategorizedAssets: 0.025ms
		CompileScripts: 667.793ms
		ReloadNativeAssets: 0.032ms
		UnloadImportedAssets: 31.871ms
		EnsureUptoDateAssetsAreRegisteredWithGuidPM: 4.419ms
		InitializingProgressBar: 0.001ms
		PostProcessAllAssetNotificationsAddChangedAssets: 0.001ms
		OnDemandSchedulerStart: 2.238ms
	PostProcessAllAssets: 62.065ms
	Hotreload: 8.562ms
	GatherAllCurrentPrimaryArtifactRevisions: 0.001ms
	UnloadStreamsBegin: 0.153ms
	PersistCurrentRevisions: 0.591ms
	UnloadStreamsEnd: 0.085ms
	GenerateScriptTypeHashes: 2.665ms
	Untracked: 2418.884ms
Application.AssetDatabase Initial Refresh End
Shader Hidden/ProbeVolume/VoxelizeScene is not supported: GPU does not support conservative rasterization
Shader Hidden/ProbeVolume/VoxelizeScene is not supported: GPU does not support conservative rasterization
Scanning for USB devices : 5.005ms
Initializing Unity extensions:
[Licensing::Client] Successfully resolved entitlement details
[MODES] ModeService[none].Initialize
[MODES] ModeService[none].LoadModes
[MODES] Loading mode Default (0) for mode-current-id-GameDesinger
[PhysX] Initialized MultithreadedTaskDispatcher with 20 workers.
ProgressiveSceneManager::Cancel()
Curl error 6: Could not resolve host: config.uca.cloud.unity3d.com
Unloading 121 Unused Serialized files (Serialized files now loaded: 0)
Unloading 430 unused Assets / (9.5 MB). Loaded Objects now: 9097.
Memory consumption went from 254.8 MB to 245.3 MB.
Total: 8.028300 ms (FindLiveObjects: 0.457700 ms CreateObjectMapping: 0.317400 ms MarkObjects: 3.928000 ms  DeleteObjects: 3.324200 ms)

Start importing Assets/Plugins/UnityGameFramework/Configs/ResourceCollection.xml using Guid(8abb86c6f04380a4aa43c848597327cc) Importer(-1,00000000000000000000000000000000) [PhysX] Initialized MultithreadedTaskDispatcher with 20 workers.
 -> (artifact id: '1db3a6169106e5a1129627a55188ada6') in 0.002090 seconds
Refreshing native plugins compatible for Editor in 5.14 ms, found 5 plugins.
Preloading 0 native plugins for Editor in 0.00 ms.
Asset Pipeline Refresh (id=3e3f11ac03488b8449b8eaeed78c67fc): Total: 0.070 seconds - Initiated by RefreshV2(NoUpdateAssetOptions)
Refresh ResourceCollection.xml success
UnityEngine.StackTraceUtility:ExtractStackTrace ()
UnityEngine.DebugLogHandler:LogFormat (UnityEngine.LogType,UnityEngine.Object,string,object[])
UnityEngine.Logger:Log (UnityEngine.LogType,object)
UnityEngine.Debug:Log (object)
UGF.EditorTools.ResourceTools.ResourceRuleEditor:RefreshResourceCollection () (at Assets/Game/ScriptsBuiltin/Editor/ResourceRuleEditor/ResourceRuleEditor.cs:382)
UGF.EditorTools.ResourceTools.ResourceRuleEditorUtility:RefreshResourceCollection () (at Assets/Game/ScriptsBuiltin/Editor/ResourceRuleEditor/ResourceRuleEditorUtility.cs:10)
ColorTiming.Editor.ColorTimingMigrationValidator:RefreshFrameworkResourceCollection () (at Assets/Game/Editor/ColorTimingMigration/ColorTimingMigrationValidator.cs:137)

(Filename: Assets/Game/ScriptsBuiltin/Editor/ResourceRuleEditor/ResourceRuleEditor.cs Line: 382)

ColorTiming framework resource collection refreshed.
UnityEngine.StackTraceUtility:ExtractStackTrace ()
UnityEngine.DebugLogHandler:LogFormat (UnityEngine.LogType,UnityEngine.Object,string,object[])
UnityEngine.Logger:Log (UnityEngine.LogType,object)
UnityEngine.Debug:Log (object)
ColorTiming.Editor.ColorTimingMigrationValidator:RefreshFrameworkResourceCollection () (at Assets/Game/Editor/ColorTimingMigration/ColorTimingMigrationValidator.cs:139)

(Filename: Assets/Game/Editor/ColorTimingMigration/ColorTimingMigrationValidator.cs Line: 139)

[PhysX] Initialized MultithreadedTaskDispatcher with 20 workers.
Input System module state changed to: ShutdownInProgress.
Input System polling thread exited.
Input System module state changed to: Shutdown.
[Licensing::IpcConnector] LicenseClient-WIN10-2022.3.62-notifications channel disconnected successfully.
[Licensing::IpcConnector] LicenseClient-WIN10-2022.3.62 channel disconnected successfully.
Cleanup mono
[Performance] WinEditorMain                                                                                                  :        1 samples, Peak.  1.74 s (1.0x), Avg.  1.74 s, Total. 1.743 s (12.8%)
[Performance] WinEditorMain.ConfigureCrashHandler                                                                            :        1 samples, Peak.  20.3 us (1.0x), Avg.  20.3 us, Total. 20.30 us (0.0%)
[Performance] WinEditorMain.CurlRequestInitialize                                                                            :        1 samples, Peak.  1.10 ms (1.0x), Avg.  1.10 ms, Total. 1.102 ms (0.0%)
[Performance] WinEditorMain.SetupLogFile                                                                                     :        1 samples, Peak.   254 us (1.0x), Avg.   254 us, Total. 253.5 us (0.0%)
[Performance] WinEditorMain.RunNativeTestsIfRequiredAndExit                                                                  :        1 samples, Peak.   100 ns (1.0x), Avg.   100 ns, Total. 100.0 ns (0.0%)
[Performance] WinEditorMain.Licensing                                                                                        :        1 samples, Peak.   747 ms (1.0x), Avg.   747 ms, Total. 747.2 ms (5.5%)
[Performance] WinEditorMain.InitializeCrashHandler                                                                           :        1 samples, Peak.  13.5 ms (1.0x), Avg.  13.5 ms, Total. 13.52 ms (0.1%)
[Performance] WinEditorMain.CreateApplication                                                                                :        1 samples, Peak.  17.0 ms (1.0x), Avg.  17.0 ms, Total. 16.97 ms (0.1%)
[Performance] Application.InitializeProject                                                                                  :        1 samples, Peak.  9.58 s (1.0x), Avg.  9.58 s, Total. 9.581 s (70.6%)
[Performance] Application.PackageManager.StartServer                                                                         :        1 samples, Peak.  11.0 ms (1.0x), Avg.  11.0 ms, Total. 10.96 ms (0.1%)
[Performance] Application.AcquireProjectLock                                                                                 :        1 samples, Peak.  9.30 ms (1.0x), Avg.  9.30 ms, Total. 9.301 ms (0.1%)
[Performance] Application.InitializeEngineNoGraphics                                                                         :        1 samples, Peak.  45.4 ms (1.0x), Avg.  45.4 ms, Total. 45.39 ms (0.3%)
[Performance] Application.PackageManager.Initialize                                                                          :        1 samples, Peak.   270 ms (1.0x), Avg.   270 ms, Total. 270.1 ms (2.0%)
[Performance] Connecting to Package Manager                                                                                  :       28 samples, Peak.  54.7 us (14.8x), Avg.  3.70 us, Total. 103.7 us (0.0%)
[Performance] Application.EngineGraphics.Initialize                                                                          :        1 samples, Peak.  18.2 ms (1.0x), Avg.  18.2 ms, Total. 18.16 ms (0.1%)
[Performance] Application.GI.Initialize                                                                                      :        1 samples, Peak.  3.74 ms (1.0x), Avg.  3.74 ms, Total. 3.736 ms (0.0%)
[Performance] Application.LoadAllDefaultResourcesFromEditor                                                                  :        1 samples, Peak.  1.32 ms (1.0x), Avg.  1.32 ms, Total. 1.319 ms (0.0%)
[Performance] Application.LoadMonoAssemblies                                                                                 :        1 samples, Peak.   358 ms (1.0x), Avg.   358 ms, Total. 358.1 ms (2.6%)
[Performance] RestoreManagedReferences                                                                                       :        2 samples, Peak.  61.9 ms (2.0x), Avg.  30.9 ms, Total. 61.89 ms (0.5%)
[Performance] InitializeOnLoad DrivenRectTransformUndo                                                                       :        2 samples, Peak.   351 us (1.0x), Avg.   339 us, Total. 678.6 us (0.0%)
[Performance] InitializeOnLoad SceneSearch                                                                                   :        2 samples, Peak.   104 us (1.3x), Avg.  82.8 us, Total. 165.5 us (0.0%)
[Performance] InitializeOnLoad CloudBuild                                                                                    :        2 samples, Peak.  3.30 us (1.3x), Avg.  2.45 us, Total. 4.900 us (0.0%)
[Performance] InitializeOnLoad NativeFormatImporterUtility                                                                   :        2 samples, Peak.  1.75 ms (1.2x), Avg.  1.51 ms, Total. 3.025 ms (0.0%)
[Performance] InitializeOnLoad SearchService                                                                                 :        2 samples, Peak.  83.7 us (1.0x), Avg.  81.5 us, Total. 163.0 us (0.0%)
[Performance] InitializeOnLoad SettingsService                                                                               :        2 samples, Peak.  9.30 us (1.4x), Avg.  6.70 us, Total. 13.40 us (0.0%)
[Performance] InitializeOnLoad WindowLayout                                                                                  :        2 samples, Peak.   486 us (1.0x), Avg.   471 us, Total. 941.8 us (0.0%)
[Performance] InitializeOnLoad AssetStoreContext                                                                             :        2 samples, Peak.  14.7 ms (1.7x), Avg.  8.76 ms, Total. 17.53 ms (0.1%)
[Performance] InitializeOnLoad PoolManager                                                                                   :        2 samples, Peak.   390 us (1.1x), Avg.   368 us, Total. 735.0 us (0.0%)
[Performance] InitializeOnLoad MixerEffectDefinitionReloader                                                                 :        2 samples, Peak.  1.68 ms (1.1x), Avg.  1.49 ms, Total. 2.976 ms (0.0%)
[Performance] InitializeOnLoad ProjectSearch                                                                                 :        2 samples, Peak.  60.9 us (1.3x), Avg.  47.5 us, Total. 94.90 us (0.0%)
[Performance] InitializeOnLoad UISystemProfilerRenderService                                                                 :        2 samples, Peak.  9.00 us (1.3x), Avg.  6.80 us, Total. 13.60 us (0.0%)
[Performance] InitializeOnLoad EditMode                                                                                      :        2 samples, Peak.   248 us (1.0x), Avg.   246 us, Total. 491.7 us (0.0%)
[Performance] InitializeOnLoad UnityConnect                                                                                  :        2 samples, Peak.  35.6 us (1.1x), Avg.  33.0 us, Total. 65.90 us (0.0%)
[Performance] InitializeOnLoad ManagedDebugger                                                                               :        2 samples, Peak.   358 us (1.6x), Avg.   218 us, Total. 436.4 us (0.0%)
[Performance] InitializeOnLoad ShortcutIntegration                                                                           :        2 samples, Peak.  31.8 us (1.0x), Avg.  31.2 us, Total. 62.30 us (0.0%)
[Performance] InitializeOnLoad AddComponentWindow                                                                            :        2 samples, Peak.   131 us (1.4x), Avg.  93.8 us, Total. 187.6 us (0.0%)
[Performance] InitializeOnLoad ManagedDebuggerWindow                                                                         :        2 samples, Peak.   151 us (1.4x), Avg.   108 us, Total. 216.1 us (0.0%)
[Performance] InitializeOnLoad CacheServerWindow                                                                             :        2 samples, Peak.  7.20 us (1.4x), Avg.  5.20 us, Total. 10.40 us (0.0%)
[Performance] InitializeOnLoad PlayModeDownload                                                                              :        2 samples, Peak.  3.75 ms (1.9x), Avg.  1.96 ms, Total. 3.910 ms (0.0%)
[Performance] InitializeOnLoad MenuItems                                                                                     :        2 samples, Peak.   168 us (1.5x), Avg.   116 us, Total. 231.1 us (0.0%)
[Performance] InitializeOnLoad PrefabInstanceChangedListener                                                                 :        2 samples, Peak.  97.7 us (1.1x), Avg.  88.7 us, Total. 177.5 us (0.0%)
[Performance] InitializeOnLoad ObjectSelectorSearch                                                                          :        2 samples, Peak.  70.8 us (1.6x), Avg.  45.3 us, Total. 90.60 us (0.0%)
[Performance] InitializeOnLoad EditorMonitor                                                                                 :        2 samples, Peak.   519 us (1.3x), Avg.   389 us, Total. 778.9 us (0.0%)
[Performance] InitializeOnLoad RetainedMode                                                                                  :        2 samples, Peak.  1.43 ms (1.0x), Avg.  1.42 ms, Total. 2.848 ms (0.0%)
[Performance] InitializeOnLoad EditorShaderLoader                                                                            :        2 samples, Peak.   419 us (1.1x), Avg.   394 us, Total. 788.2 us (0.0%)
[Performance] InitializeOnLoad EditorDelegateRegistration                                                                    :        2 samples, Peak.   347 us (1.2x), Avg.   299 us, Total. 598.8 us (0.0%)
[Performance] InitializeOnLoad UIDocumentHierarchyWatcher                                                                    :        2 samples, Peak.  54.0 us (1.0x), Avg.  53.4 us, Total. 106.8 us (0.0%)
[Performance] InitializeOnLoad LiveReloadTrackerCreator                                                                      :        2 samples, Peak.   157 us (1.3x), Avg.   118 us, Total. 236.4 us (0.0%)
[Performance] InitializeOnLoad UxmlObjectEditorFactories                                                                     :        2 samples, Peak.   518 us (1.3x), Avg.   402 us, Total. 805.0 us (0.0%)
[Performance] InitializeOnLoad UXMLEditorFactories                                                                           :        2 samples, Peak.  41.3 ms (1.1x), Avg.  36.2 ms, Total. 72.35 ms (0.5%)
[Performance] InitializeOnLoad PurchasingService                                                                             :        2 samples, Peak.  4.81 ms (1.1x), Avg.  4.36 ms, Total. 8.726 ms (0.1%)
[Performance] InitializeOnLoad CloudBuildPoller                                                                              :        2 samples, Peak.  84.6 us (1.1x), Avg.  77.2 us, Total. 154.4 us (0.0%)
[Performance] InitializeOnLoad EditorGameServicesAnalytics                                                                   :        2 samples, Peak.  1.01 ms (1.5x), Avg.   654 us, Total. 1.308 ms (0.0%)
[Performance] InitializeOnLoad AnalyticsService                                                                              :        2 samples, Peak.   116 us (1.0x), Avg.   111 us, Total. 222.0 us (0.0%)
[Performance] InitializeOnLoad BuildService                                                                                  :        2 samples, Peak.  87.7 us (1.0x), Avg.  85.1 us, Total. 170.1 us (0.0%)
[Performance] InitializeOnLoad AdsService                                                                                    :        2 samples, Peak.   261 us (1.0x), Avg.   255 us, Total. 510.6 us (0.0%)
[Performance] InitializeOnLoad UDPService                                                                                    :        2 samples, Peak.  91.7 us (1.1x), Avg.  85.2 us, Total. 170.3 us (0.0%)
[Performance] InitializeOnLoad CrashService                                                                                  :        2 samples, Peak.  85.4 us (1.1x), Avg.  78.9 us, Total. 157.9 us (0.0%)
[Performance] InitializeOnLoad ServicesRepository                                                                            :        2 samples, Peak.  1.10 us (1.5x), Avg.   750 ns, Total. 1.500 us (0.0%)
[Performance] InitializeOnLoad SearchWindow                                                                                  :        2 samples, Peak.   103 us (1.2x), Avg.  86.9 us, Total. 173.8 us (0.0%)
[Performance] InitializeOnLoad CustomIndexers                                                                                :        2 samples, Peak.  10.4 ms (1.1x), Avg.  9.52 ms, Total. 19.04 ms (0.1%)
[Performance] InitializeOnLoad SearchMonitor                                                                                 :        2 samples, Peak.   879 us (1.3x), Avg.   658 us, Total. 1.315 ms (0.0%)
[Performance] InitializeOnLoad ParameterControllerEditor                                                                     :        2 samples, Peak.  13.5 us (1.0x), Avg.  13.0 us, Total. 26.10 us (0.0%)
[Performance] InitializeOnLoad LayerSettingsWindow                                                                           :        2 samples, Peak.  20.9 us (1.8x), Avg.  11.7 us, Total. 23.40 us (0.0%)
[Performance] InitializeOnLoad PackageManagerHookGUIDConverter.RegisterPackagesEventHandler                                  :        2 samples, Peak.   518 us (1.3x), Avg.   395 us, Total. 790.5 us (0.0%)
[Performance] InitializeOnLoad EditorDragAndDrop.RegisterEditorClient                                                        :        2 samples, Peak.   715 us (1.7x), Avg.   425 us, Total. 849.1 us (0.0%)
[Performance] InitializeOnLoad EditorEventCallbacks.InitializeFontAssetResourceChangeCallBacks                               :        2 samples, Peak.  1.39 ms (1.4x), Avg.  1.00 ms, Total. 2.007 ms (0.0%)
[Performance] InitializeOnLoad SceneTemplateService.Init                                                                     :        2 samples, Peak.  1.03 ms (1.2x), Avg.   843 us, Total. 1.686 ms (0.0%)
[Performance] InitializeOnLoad DiagnosticSwitchesConsoleMessage.Init                                                         :        2 samples, Peak.  8.33 ms (1.8x), Avg.  4.52 ms, Total. 9.031 ms (0.1%)
[Performance] InitializeOnLoad MemoryProfilerCompilationGuard.InjectCompileGuard                                             :        2 samples, Peak.   103 us (1.0x), Avg.  99.4 us, Total. 198.8 us (0.0%)
[Performance] InitializeOnLoad EditorWindow.Initialize                                                                       :        2 samples, Peak.   364 us (1.2x), Avg.   313 us, Total. 626.7 us (0.0%)
[Performance] InitializeOnLoad AssetPostprocessingInternal.RefreshCustomDependencies                                         :        2 samples, Peak.  2.66 ms (1.1x), Avg.  2.48 ms, Total. 4.961 ms (0.0%)
[Performance] InitializeOnLoad SysrootManager.Initialize                                                                     :        2 samples, Peak.   504 us (1.3x), Avg.   385 us, Total. 769.3 us (0.0%)
[Performance] InitializeOnLoad PackageManagerWindow.EditorInitializedInSafeMode                                              :        2 samples, Peak.  15.1 ms (2.0x), Avg.  7.68 ms, Total. 15.36 ms (0.1%)
[Performance] InitializeOnLoad ToolShortcutContext.Init                                                                      :        2 samples, Peak.   189 us (1.4x), Avg.   134 us, Total. 268.6 us (0.0%)
[Performance] InitializeOnLoad SceneVisibilityManager.Initialize                                                             :        2 samples, Peak.  2.82 ms (1.5x), Avg.  1.89 ms, Total. 3.789 ms (0.0%)
[Performance] InitializeOnLoad ScopedRegistryAddedPopup.SubscribeToRegistriesAdded                                           :        2 samples, Peak.  8.41 ms (2.0x), Avg.  4.24 ms, Total. 8.471 ms (0.1%)
[Performance] AssemblyReloadEvents.afterAssemblyReload: UnityEditor.SceneTemplate.SceneTemplateService.AfterAssemblyReload   :        2 samples, Peak.  1.31 ms (1.8x), Avg.   740 us, Total. 1.480 ms (0.0%)
[Performance] ProcessService.EditorAfterLoadAllAssemblies                                                                    :        2 samples, Peak.   435 us (1.5x), Avg.   294 us, Total. 588.1 us (0.0%)
[Performance] Application.ReadLicenseInfo                                                                                    :        1 samples, Peak.  15.0 ms (1.0x), Avg.  15.0 ms, Total. 15.03 ms (0.1%)
[Performance] Application.InitialRefresh                                                                                     :        1 samples, Peak.  7.76 s (1.0x), Avg.  7.76 s, Total. 7.758 s (57.2%)
[Performance] BuilderAssetModificationProcessor.OnWillCreateAsset                                                            :        2 samples, Peak.   568 us (1.9x), Avg.   291 us, Total. 582.4 us (0.0%)
[Performance] ShaderImporter.SourceAssetModified                                                                             :        3 samples, Peak.  1.10 us (1.5x), Avg.   733 ns, Total. 2.200 us (0.0%)
[Performance] ShaderIncludeImporter.SourceAssetModified                                                                      :        3 samples, Peak.   700 ns (1.2x), Avg.   567 ns, Total. 1.700 us (0.0%)
[Performance] Compiling Scripts                                                                                              :        1 samples, Peak.   667 ms (1.0x), Avg.   667 ms, Total. 666.7 ms (4.9%)
[Performance] AssemblyReloadEvents.beforeAssemblyReload: UnityEditor.SceneTemplate.SceneTemplateService.BeforeAssemblyReload :        1 samples, Peak.   375 us (1.0x), Avg.   375 us, Total. 375.3 us (0.0%)
[Performance] PSDImporterAssetPostProcessor.OnPreprocessAsset                                                                :        3 samples, Peak.   653 us (2.9x), Avg.   223 us, Total. 669.3 us (0.0%)
[Performance] PresetManagerPostProcessor.OnPreprocessAsset                                                                   :        3 samples, Peak.   202 us (2.8x), Avg.  71.3 us, Total. 214.0 us (0.0%)
[Performance] CancelSplashScreenOnAssetChange.OnPreprocessAsset                                                              :        3 samples, Peak.  95.5 us (2.9x), Avg.  32.9 us, Total. 98.80 us (0.0%)
[Performance] ShaderGraphAssetPostProcessor.OnPreprocessAsset                                                                :        3 samples, Peak.   124 us (2.9x), Avg.  42.5 us, Total. 127.4 us (0.0%)
[Performance] SpritePostProcess.OnPreprocessAsset                                                                            :        3 samples, Peak.  1.30 ms (3.0x), Avg.   437 us, Total. 1.312 ms (0.0%)
[Performance] InitializeOnLoad UnityTestProtocolStarter                                                                      :        1 samples, Peak.   372 us (1.0x), Avg.   372 us, Total. 372.4 us (0.0%)
[Performance] InitializeOnLoad TestRunnerInitializer                                                                         :        1 samples, Peak.  3.50 ms (1.0x), Avg.  3.50 ms, Total. 3.496 ms (0.0%)
[Performance] InitializeOnLoad BurstLoader                                                                                   :        1 samples, Peak.  2.67 s (1.0x), Avg.  2.67 s, Total. 2.669 s (19.7%)
[Performance] InitializeOnLoad ShadowCasterGroup2DManager                                                                    :        1 samples, Peak.   412 us (1.0x), Avg.   412 us, Total. 411.8 us (0.0%)
[Performance] InitializeOnLoad OnDomainReload                                                                                :        1 samples, Peak.   521 us (1.0x), Avg.   521 us, Total. 520.5 us (0.0%)
[Performance] InitializeOnLoad EditorInitialize                                                                              :        4 samples, Peak.  36.1 ms (3.8x), Avg.  9.40 ms, Total. 37.59 ms (0.3%)
[Performance] InitializeOnLoad CanvasesAndTheirOwners                                                                        :        1 samples, Peak.   268 us (1.0x), Avg.   268 us, Total. 268.5 us (0.0%)
[Performance] InitializeOnLoad ProbeGIBaking                                                                                 :        1 samples, Peak.  2.35 ms (1.0x), Avg.  2.35 ms, Total. 2.354 ms (0.0%)
[Performance] InitializeOnLoad FilterWindow                                                                                  :        1 samples, Peak.  37.2 us (1.0x), Avg.  37.2 us, Total. 37.20 us (0.0%)
[Performance] InitializeOnLoad RealtimeProbeSubdivisionDebug                                                                 :        1 samples, Peak.  66.6 us (1.0x), Avg.  66.6 us, Total. 66.60 us (0.0%)
[Performance] InitializeOnLoad CinemachineStoryboardMute                                                                     :        1 samples, Peak.   290 us (1.0x), Avg.   290 us, Total. 290.4 us (0.0%)
[Performance] InitializeOnLoad SaveDuringPlay                                                                                :        1 samples, Peak.  67.3 us (1.0x), Avg.  67.3 us, Total. 67.30 us (0.0%)
[Performance] InitializeOnLoad CollectGizmoDrawers                                                                           :        1 samples, Peak.  59.9 ms (1.0x), Avg.  59.9 ms, Total. 59.89 ms (0.4%)
[Performance] InitializeOnLoad CinemachineScreenComposerGuidesGlobalDraggable                                                :        1 samples, Peak.   524 us (1.0x), Avg.   524 us, Total. 523.8 us (0.0%)
[Performance] InitializeOnLoad CinemachineEditorAnalytics                                                                    :        1 samples, Peak.   116 us (1.0x), Avg.   116 us, Total. 116.0 us (0.0%)
[Performance] InitializeOnLoad CreateRigWithUndo                                                                             :        1 samples, Peak.   214 us (1.0x), Avg.   214 us, Total. 213.8 us (0.0%)
[Performance] InitializeOnLoad CreatePipelineWithUndo                                                                        :        1 samples, Peak.   278 us (1.0x), Avg.   278 us, Total. 278.2 us (0.0%)
[Performance] InitializeOnLoad SyncCacheEnabledSetting                                                                       :        1 samples, Peak.   968 us (1.0x), Avg.   968 us, Total. 968.3 us (0.0%)
[Performance] InitializeOnLoad CinemachineColliderPrefs                                                                      :        1 samples, Peak.   191 us (1.0x), Avg.   191 us, Total. 191.1 us (0.0%)
[Performance] InitializeOnLoad EditorToolManager                                                                             :        2 samples, Peak.  2.18 ms (1.7x), Avg.  1.31 ms, Total. 2.629 ms (0.0%)
[Performance] InitializeOnLoad GetIl2CppFolderHook                                                                           :        1 samples, Peak.  10.9 ms (1.0x), Avg.  10.9 ms, Total. 10.94 ms (0.1%)
[Performance] InitializeOnLoad CopyStrippedAOTAssembliesHook                                                                 :        1 samples, Peak.  1.75 ms (1.0x), Avg.  1.75 ms, Total. 1.753 ms (0.0%)
[Performance] InitializeOnLoad SpriteEditorWindow                                                                            :        1 samples, Peak.   933 us (1.0x), Avg.   933 us, Total. 933.3 us (0.0%)
[Performance] InitializeOnLoad PrefabLayoutRebuilder                                                                         :        1 samples, Peak.   526 us (1.0x), Avg.   526 us, Total. 526.2 us (0.0%)
[Performance] InitializeOnLoad UnityEditorToolbar                                                                            :        1 samples, Peak.  1.86 ms (1.0x), Avg.  1.86 ms, Total. 1.855 ms (0.0%)
[Performance] InitializeOnLoad NodeClassCache                                                                                :        1 samples, Peak.  12.8 us (1.0x), Avg.  12.8 us, Total. 12.80 us (0.0%)
[Performance] InitializeOnLoad ShaderGraphMaterialsUpdater                                                                   :        2 samples, Peak.   679 us (1.5x), Avg.   447 us, Total. 893.0 us (0.0%)
[Performance] InitializeOnLoad Renderer2DAnalytics                                                                           :        1 samples, Peak.   131 us (1.0x), Avg.   131 us, Total. 131.4 us (0.0%)
[Performance] InitializeOnLoad RiderScriptEditor                                                                             :        1 samples, Peak.  11.9 ms (1.0x), Avg.  11.9 ms, Total. 11.93 ms (0.1%)
[Performance] InitializeOnLoad CallbackInitializer                                                                           :        1 samples, Peak.  1.39 ms (1.0x), Avg.  1.39 ms, Total. 1.388 ms (0.0%)
[Performance] InitializeOnLoad LoggerScopedInitializer                                                                       :        1 samples, Peak.   418 us (1.0x), Avg.   418 us, Total. 417.8 us (0.0%)
[Performance] InitializeOnLoad AssemblyChangesLoader                                                                         :        1 samples, Peak.   117 us (1.0x), Avg.   117 us, Total. 117.4 us (0.0%)
[Performance] InitializeOnLoad DetourCrashHandler                                                                            :        1 samples, Peak.   267 us (1.0x), Avg.   267 us, Total. 267.2 us (0.0%)
[Performance] InitializeOnLoad NewFieldsRendererDefaultEditorPatch                                                           :        1 samples, Peak.   280 ms (1.0x), Avg.   280 ms, Total. 280.4 ms (2.1%)
[Performance] InitializeOnLoad ProjectWindowReloadStatusIndicatorDrawer                                                      :        1 samples, Peak.   994 us (1.0x), Avg.   994 us, Total. 993.7 us (0.0%)
[Performance] InitializeOnLoad FastScriptReloadManager                                                                       :        1 samples, Peak.  1.50 us (1.0x), Avg.  1.50 us, Total. 1.500 us (0.0%)
[Performance] InitializeOnLoad DynamicCompilationBase                                                                        :        1 samples, Peak.   124 ms (1.0x), Avg.   124 ms, Total. 124.1 ms (0.9%)
[Performance] InitializeOnLoad CustomFileWatcher                                                                             :        1 samples, Peak.   144 us (1.0x), Avg.   144 us, Total. 144.5 us (0.0%)
[Performance] InitializeOnLoad DotnetExeDynamicCompilation                                                                   :        1 samples, Peak.   344 ms (1.0x), Avg.   344 ms, Total. 343.7 ms (2.5%)
[Performance] InitializeOnLoad ScriptGenerationOverridesManager                                                              :        1 samples, Peak.   866 us (1.0x), Avg.   866 us, Total. 865.7 us (0.0%)
[Performance] InitializeOnLoad AddInternalsVisibleToForAllUserAssembliesPostProcess                                          :        1 samples, Peak.   191 us (1.0x), Avg.   191 us, Total. 190.7 us (0.0%)
[Performance] InitializeOnLoad FastScriptReloadWelcomeScreenInitializer                                                      :        1 samples, Peak.  32.2 ms (1.0x), Avg.  32.2 ms, Total. 32.18 ms (0.2%)
[Performance] InitializeOnLoad PackageEntryPoint                                                                             :        1 samples, Peak.  77.1 ms (1.0x), Avg.  77.1 ms, Total. 77.05 ms (0.6%)
[Performance] InitializeOnLoad SpineEditorUtilities                                                                          :        1 samples, Peak.   421 us (1.0x), Avg.   421 us, Total. 420.9 us (0.0%)
[Performance] InitializeOnLoad BackgroundImport                                                                              :        1 samples, Peak.   243 us (1.0x), Avg.   243 us, Total. 243.4 us (0.0%)
[Performance] InitializeOnLoad RegistryService                                                                               :        1 samples, Peak.  7.76 ms (1.0x), Avg.  7.76 ms, Total. 7.763 ms (0.1%)
[Performance] InitializeOnLoad BatchJobService                                                                               :        1 samples, Peak.  3.84 ms (1.0x), Avg.  3.84 ms, Total. 3.838 ms (0.0%)
[Performance] InitializeOnLoad AsyncJobService                                                                               :        1 samples, Peak.   348 us (1.0x), Avg.   348 us, Total. 348.0 us (0.0%)
[Performance] InitializeOnLoad SkillsHttpServer                                                                              :        1 samples, Peak.  8.97 ms (1.0x), Avg.  8.97 ms, Total. 8.972 ms (0.1%)
[Performance] InitializeOnLoad VSCodeScriptEditor                                                                            :        1 samples, Peak.  3.80 ms (1.0x), Avg.  3.80 ms, Total. 3.802 ms (0.0%)
[Performance] InitializeOnLoad VSUsageUtility                                                                                :        1 samples, Peak.  14.3 ms (1.0x), Avg.  14.3 ms, Total. 14.31 ms (0.1%)
[Performance] InitializeOnLoad VisualStudioEditor                                                                            :        1 samples, Peak.  3.59 ms (1.0x), Avg.  3.59 ms, Total. 3.590 ms (0.0%)
[Performance] InitializeOnLoad TestRunnerApiListener                                                                         :        1 samples, Peak.   305 us (1.0x), Avg.   305 us, Total. 305.4 us (0.0%)
[Performance] InitializeOnLoad VisualStudioIntegration                                                                       :        1 samples, Peak.   448 us (1.0x), Avg.   448 us, Total. 448.4 us (0.0%)
[Performance] InitializeOnLoad SpriteSkinCompositeStartup                                                                    :        1 samples, Peak.  11.7 ms (1.0x), Avg.  11.7 ms, Total. 11.70 ms (0.1%)
[Performance] InitializeOnLoad VersionValidator                                                                              :        1 samples, Peak.  1.32 ms (1.0x), Avg.  1.32 ms, Total. 1.318 ms (0.0%)
[Performance] InitializeOnLoad LogPreferences                                                                                :        1 samples, Peak.   215 us (1.0x), Avg.   215 us, Total. 214.7 us (0.0%)
[Performance] InitializeOnLoad DestroyListener                                                                               :        1 samples, Peak.   350 us (1.0x), Avg.   350 us, Total. 349.5 us (0.0%)
[Performance] InitializeOnLoad ProGridsInterface                                                                             :        1 samples, Peak.  1.81 ms (1.0x), Avg.  1.81 ms, Total. 1.812 ms (0.0%)
[Performance] InitializeOnLoad EntityVisibility                                                                              :        1 samples, Peak.   294 us (1.0x), Avg.   294 us, Total. 294.0 us (0.0%)
[Performance] InitializeOnLoad VertexManipulationToolSettings                                                                :        1 samples, Peak.  50.1 us (1.0x), Avg.  50.1 us, Total. 50.10 us (0.0%)
[Performance] InitializeOnLoad UndoUtility                                                                                   :        1 samples, Peak.   114 us (1.0x), Avg.   114 us, Total. 113.8 us (0.0%)
[Performance] InitializeOnLoad HierarchyListener                                                                             :        1 samples, Peak.   205 us (1.0x), Avg.   205 us, Total. 204.9 us (0.0%)
[Performance] InitializeOnLoad Lightmapping                                                                                  :        1 samples, Peak.   470 us (1.0x), Avg.   470 us, Total. 470.3 us (0.0%)
[Performance] InitializeOnLoad SceneDragAndDropListener                                                                      :        1 samples, Peak.   276 us (1.0x), Avg.   276 us, Total. 276.0 us (0.0%)
[Performance] InitializeOnLoad MeshSelection                                                                                 :        1 samples, Peak.  2.75 ms (1.0x), Avg.  2.75 ms, Total. 2.746 ms (0.0%)
[Performance] InitializeOnLoad UnityInternalsInjector                                                                        :        1 samples, Peak.   948 us (1.0x), Avg.   948 us, Total. 948.1 us (0.0%)
[Performance] InitializeOnLoad UVCSToolbarBoostrap                                                                           :        1 samples, Peak.  62.2 ms (1.0x), Avg.  62.2 ms, Total. 62.21 ms (0.5%)
[Performance] InitializeOnLoad UnityAnalyticsStorage                                                                         :        1 samples, Peak.   443 us (1.0x), Avg.   443 us, Total. 443.1 us (0.0%)
[Performance] InitializeOnLoad BoneGizmoInitializer                                                                          :        1 samples, Peak.  2.73 ms (1.0x), Avg.  2.73 ms, Total. 2.732 ms (0.0%)
[Performance] InitializeOnLoad Analytics                                                                                     :        1 samples, Peak.   228 us (1.0x), Avg.   228 us, Total. 227.8 us (0.0%)
[Performance] InitializeOnLoad SceneDragAndDrop                                                                              :        1 samples, Peak.   213 us (1.0x), Avg.   213 us, Total. 212.6 us (0.0%)
[Performance] InitializeOnLoad SpriteShapeUpdateCache                                                                        :        1 samples, Peak.   459 us (1.0x), Avg.   459 us, Total. 459.0 us (0.0%)
[Performance] InitializeOnLoad SpriteShapeUnityAnalyticsStorage                                                              :        1 samples, Peak.  22.0 us (1.0x), Avg.  22.0 us, Total. 22.00 us (0.0%)
[Performance] InitializeOnLoad IKEditorManager.CreateInstance                                                                :        1 samples, Peak.  2.03 ms (1.0x), Avg.  2.03 ms, Total. 2.031 ms (0.0%)
[Performance] InitializeOnLoad __JobReflectionRegistrationOutput__13059449685540781863.EarlyInit                             :        1 samples, Peak.   970 us (1.0x), Avg.   970 us, Total. 969.8 us (0.0%)
[Performance] InitializeOnLoad $BurstDirectCallInitializer.Initialize                                                        :        7 samples, Peak.  23.0 ms (3.8x), Avg.  6.02 ms, Total. 42.17 ms (0.3%)
[Performance] InitializeOnLoad SceneViewGridManager.Initialize                                                               :        1 samples, Peak.  3.38 ms (1.0x), Avg.  3.38 ms, Total. 3.379 ms (0.0%)
[Performance] InitializeOnLoad TilemapPrefabStageHelper.Initialize                                                           :        1 samples, Peak.  1.27 ms (1.0x), Avg.  1.27 ms, Total. 1.268 ms (0.0%)
[Performance] InitializeOnLoad SceneViewOpenTilePaletteHelper.Initialize                                                     :        1 samples, Peak.   934 us (1.0x), Avg.   934 us, Total. 934.2 us (0.0%)
[Performance] InitializeOnLoad TileDragAndDropManager.Initialize                                                             :        1 samples, Peak.   507 us (1.0x), Avg.   507 us, Total. 507.3 us (0.0%)
[Performance] InitializeOnLoad UnityConverterInitializer.Init                                                                :        1 samples, Peak.  29.8 ms (1.0x), Avg.  29.8 ms, Total. 29.82 ms (0.2%)
[Performance] InitializeOnLoad ProBuilderSettings.SaveSettingsOnExit                                                         :        1 samples, Peak.  56.4 us (1.0x), Avg.  56.4 us, Total. 56.40 us (0.0%)
[Performance] InitializeOnLoad __JobReflectionRegistrationOutput__12640072059193112690.EarlyInit                             :        1 samples, Peak.  2.13 ms (1.0x), Avg.  2.13 ms, Total. 2.131 ms (0.0%)
[Performance] InitializeOnLoad VisualStudioEditor.LegacyVisualStudioCodePackageDisabler                                      :        1 samples, Peak.  3.79 ms (1.0x), Avg.  3.79 ms, Total. 3.790 ms (0.0%)
[Performance] InitializeOnLoad MaterialReimporter.RegisterUpgraderReimport                                                   :        2 samples, Peak.   313 us (1.7x), Avg.   181 us, Total. 361.7 us (0.0%)
[Performance] InitializeOnLoad PackageManagerHelper.Initialize                                                               :        1 samples, Peak.  9.09 ms (1.0x), Avg.  9.09 ms, Total. 9.086 ms (0.1%)
[Performance] InitializeOnLoad DOTweenPresenceDetector.Synchronize                                                           :        1 samples, Peak.  3.74 ms (1.0x), Avg.  3.74 ms, Total. 3.735 ms (0.0%)
[Performance] InitializeOnLoad BackgroundImport.Setup                                                                        :        1 samples, Peak.   496 us (1.0x), Avg.   496 us, Total. 496.3 us (0.0%)
[Performance] InitializeOnLoad CLILeakDetectionSwitcher.SetLeakDetectionModeFromEnvironment                                  :        1 samples, Peak.   219 us (1.0x), Avg.   219 us, Total. 219.2 us (0.0%)
[Performance] InitializeOnLoad PlayerLoopHelper.InitOnEditor                                                                 :        1 samples, Peak.  4.31 ms (1.0x), Avg.  4.31 ms, Total. 4.308 ms (0.0%)
[Performance] InitializeOnLoad __JobReflectionRegistrationOutput__1652832624114795843.EarlyInit                              :        1 samples, Peak.  3.03 ms (1.0x), Avg.  3.03 ms, Total. 3.031 ms (0.0%)
[Performance] InitializeOnLoad GameDataGenerator.InitEPPlusLicense                                                           :        1 samples, Peak.   468 us (1.0x), Avg.   468 us, Total. 468.3 us (0.0%)
[Performance] InitializeOnLoad UIFormBaseInspector.InitEditor                                                                :        1 samples, Peak.   142 us (1.0x), Avg.   142 us, Total. 141.7 us (0.0%)
[Performance] InitializeOnLoad DataTableUpdater.Init                                                                         :        1 samples, Peak.  14.2 ms (1.0x), Avg.  14.2 ms, Total. 14.17 ms (0.1%)
[Performance] InitializeOnLoad EditorToolbarExtension.Init                                                                   :        1 samples, Peak.   471 ms (1.0x), Avg.   471 ms, Total. 471.1 ms (3.5%)
[Performance] EditorResources.Load                                                                                           :       54 samples, Peak.  13.7 ms (49.9x), Avg.   274 us, Total. 14.81 ms (0.1%)
[Performance] InitializeOnLoad UIFormBaseInspector.RebindPropertiesDelay                                                     :        1 samples, Peak.   528 us (1.0x), Avg.   528 us, Total. 528.0 us (0.0%)
[Performance] InitializeOnLoad UIItemBaseInspector.RebindPropertiesDelay                                                     :        1 samples, Peak.   518 us (1.0x), Avg.   518 us, Total. 517.7 us (0.0%)
[Performance] InitializeOnLoad ProjectPanelRightClickExtension.TaskRefresh                                                   :        1 samples, Peak.   398 us (1.0x), Avg.   398 us, Total. 398.0 us (0.0%)
[Performance] InitializeOnLoad TestStarter.Initialize                                                                        :        1 samples, Peak.  2.89 ms (1.0x), Avg.  2.89 ms, Total. 2.886 ms (0.0%)
[Performance] InitializeOnLoad AnalyticsReporter.RegisterCallbacks                                                           :        1 samples, Peak.   708 us (1.0x), Avg.   708 us, Total. 707.7 us (0.0%)
[Performance] InitializeOnLoad TestJobDataHolder.ResumeRunningJobs                                                           :        1 samples, Peak.  2.88 ms (1.0x), Avg.  2.88 ms, Total. 2.879 ms (0.0%)
[Performance] InitializeOnLoad DebugManagerWindowLifetimeAnalytic.SubscribeToDebugManagerOpenCloseWindows                    :        1 samples, Peak.   799 us (1.0x), Avg.   799 us, Total. 798.6 us (0.0%)
[Performance] InitializeOnLoad CoreRenderPipelinePreferences.InitPreferenceProviders                                         :        1 samples, Peak.  33.5 ms (1.0x), Avg.  33.5 ms, Total. 33.55 ms (0.2%)
[Performance] InitializeOnLoad VolumeGizmoDrawer.InitVolumeGizmoCallbacks                                                    :        1 samples, Peak.   615 us (1.0x), Avg.   615 us, Total. 614.9 us (0.0%)
[Performance] DidReloadScriptsCinemachineExtension.OnScriptReload                                                            :        1 samples, Peak.   523 us (1.0x), Avg.   523 us, Total. 523.5 us (0.0%)
[Performance] DidReloadScriptsCinemachineVirtualCameraBase.OnScriptReload                                                    :        1 samples, Peak.   157 us (1.0x), Avg.   157 us, Total. 157.3 us (0.0%)
[Performance] DidReloadScriptsTestRunnerWindow.CompilationCallback                                                           :        1 samples, Peak.   809 us (1.0x), Avg.   809 us, Total. 809.4 us (0.0%)
[Performance] DidReloadScriptsTestListCache.ScriptReloaded                                                                   :        1 samples, Peak.  2.28 ms (1.0x), Avg.  2.28 ms, Total. 2.281 ms (0.0%)
[Performance] DidReloadScriptsLookDev.OnEditorReload                                                                         :        1 samples, Peak.   298 us (1.0x), Avg.   298 us, Total. 297.9 us (0.0%)
[Performance] DidReloadScriptsDebugWindow.OnEditorReload                                                                     :        1 samples, Peak.  9.80 ms (1.0x), Avg.  9.80 ms, Total. 9.804 ms (0.1%)
[Performance] DidReloadScriptsVolumeComponentEditor.OnEditorReload                                                           :        1 samples, Peak.  27.8 ms (1.0x), Avg.  27.8 ms, Total. 27.83 ms (0.2%)
[Performance] DidReloadScriptsAdvancedDropdownWindow.OnScriptReload                                                          :        1 samples, Peak.   215 us (1.0x), Avg.   215 us, Total. 214.7 us (0.0%)
[Performance] AssemblyReloadEvents.afterAssemblyReload: UnitySkills.SkillsHttpServer.OnAfterAssemblyReload                   :        1 samples, Peak.  1.31 ms (1.0x), Avg.  1.31 ms, Total. 1.308 ms (0.0%)
[Performance] AssemblyReloadEvents.afterAssemblyReload: UnityEditor.ProBuilder.HierarchyListener.OnAfterAssemblyReload       :        1 samples, Peak.   356 us (1.0x), Avg.   356 us, Total. 355.6 us (0.0%)
[Performance] AssemblyReloadEvents.afterAssemblyReload: UnityEditor.U2D.Animation.BoneGizmo.OnAfterAssemblyReload            :        1 samples, Peak.   664 us (1.0x), Avg.   664 us, Total. 664.0 us (0.0%)
[Performance] AssetDatabase.ImportAssets                                                                                     :        2 samples, Peak.   800 ns (1.1x), Avg.   750 ns, Total. 1.500 us (0.0%)
[Performance] VersionControl.Task.Wait                                                                                       :        1 samples, Peak.  7.30 us (1.0x), Avg.  7.30 us, Total. 7.300 us (0.0%)
[Performance] CinemachineSettings.OnPostprocessAllAssets                                                                     :        4 samples, Peak.   214 us (2.3x), Avg.  93.0 us, Total. 371.9 us (0.0%)
[Performance] UtilityWindowPostProcessor.OnPostprocessAllAssets                                                              :        4 samples, Peak.   534 us (2.0x), Avg.   268 us, Total. 1.074 ms (0.0%)
[Performance] SpineEditorUtilities.OnPostprocessAllAssets                                                                    :        4 samples, Peak.  8.99 ms (2.0x), Avg.  4.53 ms, Total. 18.10 ms (0.1%)
[Performance] TMPro_TexturePostProcessor.OnPostprocessAllAssets                                                              :        4 samples, Peak.   296 us (1.9x), Avg.   152 us, Total. 607.3 us (0.0%)
[Performance] UVCSAssetPostprocessor.OnPostprocessAllAssets                                                                  :        4 samples, Peak.   453 us (2.0x), Avg.   227 us, Total. 908.0 us (0.0%)
[Performance] BuilderAssetPostprocessor.OnPostprocessAllAssets                                                               :        4 samples, Peak.  1.90 ms (2.0x), Avg.   966 us, Total. 3.865 ms (0.0%)
[Performance] ArtifactBrowserPostProcessor.OnPostprocessAllAssets                                                            :        4 samples, Peak.   282 us (2.0x), Avg.   141 us, Total. 565.1 us (0.0%)
[Performance] AssetEvents.OnPostprocessAllAssets                                                                             :        8 samples, Peak.   141 us (2.9x), Avg.  48.7 us, Total. 389.3 us (0.0%)
[Performance] AudioMixerPostprocessor.OnPostprocessAllAssets                                                                 :        4 samples, Peak.   212 us (2.0x), Avg.   107 us, Total. 426.5 us (0.0%)
[Performance] StyleCatalogPostProcessor.OnPostprocessAllAssets                                                               :        4 samples, Peak.  16.0 ms (2.0x), Avg.  8.02 ms, Total. 32.10 ms (0.2%)
[Performance] BuildCatalog                                                                                                   :        1 samples, Peak.  15.5 ms (1.0x), Avg.  15.5 ms, Total. 15.46 ms (0.1%)
[Performance] ModelImporterPostProcessor.OnPostprocessAllAssets                                                              :        4 samples, Peak.   924 us (2.0x), Avg.   467 us, Total. 1.869 ms (0.0%)
[Performance] MaterialPostprocessor.OnPostprocessAllAssets                                                                   :        8 samples, Peak.   455 us (2.1x), Avg.   219 us, Total. 1.752 ms (0.0%)
[Performance] UniversalRenderPipelineGlobalSettingsPostprocessor.OnPostprocessAllAssets                                      :        4 samples, Peak.  1.11 ms (2.0x), Avg.   569 us, Total. 2.276 ms (0.0%)
[Performance] RetainedModeAssetPostprocessor.OnPostprocessAllAssets                                                          :        4 samples, Peak.  1.27 ms (2.0x), Avg.   640 us, Total. 2.562 ms (0.0%)
[Performance] AssetChangedListener.OnPostprocessAllAssets                                                                    :        4 samples, Peak.   927 us (2.0x), Avg.   471 us, Total. 1.886 ms (0.0%)
[Performance] PostProcessor.OnPostprocessAllAssets                                                                           :        4 samples, Peak.   237 us (1.9x), Avg.   123 us, Total. 491.9 us (0.0%)
[Performance] ShaderGraphAssetPostProcessor.OnPostprocessAllAssets                                                           :        4 samples, Peak.  1.37 ms (1.9x), Avg.   716 us, Total. 2.863 ms (0.0%)
[Performance] SpeedTreePostProcessor.OnPostprocessAllAssets                                                                  :        4 samples, Peak.   148 us (1.9x), Avg.  77.4 us, Total. 309.7 us (0.0%)
[Performance] TextAssetPostProcessor.OnPostprocessAllAssets                                                                  :        4 samples, Peak.   261 us (2.0x), Avg.   132 us, Total. 529.1 us (0.0%)
[Performance] AssetProcessor.OnPostprocessAllAssets                                                                          :       12 samples, Peak.  1.18 ms (3.0x), Avg.   394 us, Total. 4.730 ms (0.0%)
[Performance] SpriteLibraryAssetPostprocessor.OnPostprocessAllAssets                                                         :        4 samples, Peak.   212 us (2.0x), Avg.   106 us, Total. 425.1 us (0.0%)
[Performance] PSDImporterAssetPostProcessor.OnPostprocessAllAssets                                                           :        4 samples, Peak.  73.7 us (2.0x), Avg.  37.3 us, Total. 149.3 us (0.0%)
[Performance] PSDImportPostProcessor.OnPostprocessAllAssets                                                                  :        4 samples, Peak.  87.3 us (2.0x), Avg.  44.1 us, Total. 176.4 us (0.0%)
[Performance] SpriteEditorTexturePostprocessor.OnPostprocessAllAssets                                                        :        4 samples, Peak.   195 us (1.9x), Avg.   103 us, Total. 414.0 us (0.0%)
[Performance] SpriteShapeAssetPostProcessor.OnPostprocessAllAssets                                                           :        4 samples, Peak.   218 us (1.9x), Avg.   112 us, Total. 447.3 us (0.0%)
[Performance] SyncVS.PostprocessSyncProject                                                                                  :        2 samples, Peak.  11.1 ms (1.8x), Avg.  6.22 ms, Total. 12.44 ms (0.1%)
[Performance] EditorApplication.projectChanged: UnityEditor.Audio.MixerEffectDefinitionReloader.OnProjectChanged             :        1 samples, Peak.   320 us (1.0x), Avg.   320 us, Total. 320.3 us (0.0%)
[Performance] Application.ImportPackagesAndSetTemplateWhenCreatingProject                                                    :        1 samples, Peak.  8.98 ms (1.0x), Avg.  8.98 ms, Total. 8.978 ms (0.1%)
[Performance] Application.SyncCurrentColorSpace                                                                              :        1 samples, Peak.  20.1 ms (1.0x), Avg.  20.1 ms, Total. 20.05 ms (0.1%)
[Performance] Application.OnUsbDevicesChanged                                                                                :        1 samples, Peak.  5.06 ms (1.0x), Avg.  5.06 ms, Total. 5.063 ms (0.0%)
[Performance] Application.AssetInstanceCacheUpdate                                                                           :        1 samples, Peak.   400 ns (1.0x), Avg.   400 ns, Total. 400.0 ns (0.0%)
[Performance] Application.UnityExtensions.Initialize                                                                         :        1 samples, Peak.  5.86 ms (1.0x), Avg.  5.86 ms, Total. 5.862 ms (0.0%)
[Performance] CodeEditorProjectSync.SyncEditorProject                                                                        :        1 samples, Peak.   315 ms (1.0x), Avg.   315 ms, Total. 315.4 ms (2.3%)
[Performance] Application.ExecuteStartups                                                                                    :        1 samples, Peak.  23.9 ms (1.0x), Avg.  23.9 ms, Total. 23.87 ms (0.2%)
[Performance] Menu.RegisterMenuInterface                                                                                     :       26 samples, Peak.  1.90 us (9.7x), Avg.   196 ns, Total. 5.100 us (0.0%)
[Performance] Gizmo.RebuildRenderers                                                                                         :        1 samples, Peak.  21.3 ms (1.0x), Avg.  21.3 ms, Total. 21.34 ms (0.2%)
[Performance] Gizmo.AddGizmoRenderers                                                                                        :      180 samples, Peak.  1.04 ms (53.8x), Avg.  19.4 us, Total. 3.491 ms (0.0%)
[Performance] Application.editorInitializingProject                                                                          :        1 samples, Peak.   356 ms (1.0x), Avg.   356 ms, Total. 355.5 ms (2.6%)
[Performance] Application.InitializeMenu                                                                                     :        1 samples, Peak.   105 ms (1.0x), Avg.   105 ms, Total. 104.8 ms (0.8%)
[Performance] Menu.RebuildAll                                                                                                :        1 samples, Peak.   105 ms (1.0x), Avg.   105 ms, Total. 104.8 ms (0.8%)
[Performance] Menu.BuildRegisteredMenuInterfaces                                                                             :        1 samples, Peak.   102 ms (1.0x), Avg.   102 ms, Total. 101.6 ms (0.7%)
[Performance] Menu.FilterMenuItem                                                                                            :     1159 samples, Peak.  59.9 ms (1145.5x), Avg.  52.3 us, Total. 60.61 ms (0.4%)
[Performance] UpdateAllMenus                                                                                                 :        1 samples, Peak.   663 us (1.0x), Avg.   663 us, Total. 662.6 us (0.0%)
[Performance] Menu.RebuildOSMainMenu                                                                                         :        2 samples, Peak.  5.25 ms (1.4x), Avg.  3.78 ms, Total. 7.560 ms (0.1%)
[Performance] EditorSceneManager.sceneClosing: UnityEditor.SceneVisibilityManager.EditorSceneManagerOnSceneClosing           :        1 samples, Peak.   280 us (1.0x), Avg.   280 us, Total. 280.3 us (0.0%)
[Performance] GUIView.RepaintAll.PlayerLoopController                                                                        :        1 samples, Peak.  1.20 us (1.0x), Avg.  1.20 us, Total. 1.200 us (0.0%)
[Performance] EditorSceneManager.newSceneCreated: UnityEditor.SceneTemplate.SceneTemplateService.OnNewSceneCreated           :        1 samples, Peak.   184 us (1.0x), Avg.   184 us, Total. 183.7 us (0.0%)
[Performance] EditorSceneManager.newSceneCreated: UnityEditor.SceneVisibilityManager.EditorSceneManagerOnNewSceneCreated     :        1 samples, Peak.   158 us (1.0x), Avg.   158 us, Total. 157.8 us (0.0%)
[Performance] EditorSceneManager.newSceneCreated: UnityEditor.SceneManagement.StageNavigationManager.OnNewSceneCreated       :        1 samples, Peak.  45.3 us (1.0x), Avg.  45.3 us, Total. 45.30 us (0.0%)
[Performance] Application.InvokeFinishedLoadingProject                                                                       :        1 samples, Peak.  18.0 ms (1.0x), Avg.  18.0 ms, Total. 18.02 ms (0.1%)
[Performance] ProcessService.OnProjectLoaded                                                                                 :        1 samples, Peak.  57.7 us (1.0x), Avg.  57.7 us, Total. 57.70 us (0.0%)
[Performance] AssetDatabase.Refresh                                                                                          :        1 samples, Peak.  70.3 ms (1.0x), Avg.  70.3 ms, Total. 70.34 ms (0.5%)
[Performance] PaletteAssetModificationProcessor.OnWillSaveAssets                                                             :        2 samples, Peak.   233 us (1.9x), Avg.   123 us, Total. 245.5 us (0.0%)
[Performance] StateMacroSavedEvent.OnWillSaveAssets                                                                          :        2 samples, Peak.   138 us (2.0x), Avg.  69.6 us, Total. 139.1 us (0.0%)
[Performance] FlowMacroSavedEvent.OnWillSaveAssets                                                                           :        2 samples, Peak.   109 us (2.0x), Avg.  55.1 us, Total. 110.2 us (0.0%)
[Performance] TextureModificationWarningProcessor.OnWillSaveAssets                                                           :        2 samples, Peak.   740 us (2.0x), Avg.   371 us, Total. 742.0 us (0.0%)
[Performance] UnityCloudProjectLinkMonitor.OnWillSaveAssets                                                                  :        2 samples, Peak.   448 us (2.0x), Avg.   225 us, Total. 449.3 us (0.0%)
[Performance] UVCSAssetModificationProcessor.OnWillSaveAssets                                                                :        2 samples, Peak.   357 us (2.0x), Avg.   179 us, Total. 357.6 us (0.0%)
[Performance] BuilderAssetModificationProcessor.OnWillSaveAssets                                                             :        2 samples, Peak.   288 us (2.0x), Avg.   145 us, Total. 289.8 us (0.0%)
[Performance] TerrainModificationProcessor.OnWillSaveAssets                                                                  :        2 samples, Peak.   438 us (2.0x), Avg.   220 us, Total. 439.9 us (0.0%)
[Performance] Application.Shutdown.SaveDefaultWindowPreferences                                                              :        1 samples, Peak.  91.0 us (1.0x), Avg.  91.0 us, Total. 91.00 us (0.0%)
[Performance] Application.Shutdown.SaveSceneManagerSetup                                                                     :        1 samples, Peak.   511 us (1.0x), Avg.   511 us, Total. 511.5 us (0.0%)
[Performance] Application.Shutdown.CleanupAllContainerWindows                                                                :        1 samples, Peak.   500 ns (1.0x), Avg.   500 ns, Total. 500.0 ns (0.0%)
[Performance] EditorApplication.quitting: Unity.Burst.Editor.BurstLoader.OnEditorApplicationQuitting                         :        1 samples, Peak.  29.3 us (1.0x), Avg.  29.3 us, Total. 29.30 us (0.0%)
[Performance] EditorApplication.quitting: UnitySkills.RegistryService.Unregister                                             :        1 samples, Peak.  59.4 ms (1.0x), Avg.  59.4 ms, Total. 59.42 ms (0.4%)
[Performance] EditorApplication.quitting: UnitySkills.SkillsHttpServer.OnEditorQuitting                                      :        1 samples, Peak.   848 us (1.0x), Avg.   848 us, Total. 847.9 us (0.0%)
[Performance] EditorApplication.quitting: UnityEditor.SettingsManagement.FileSettingsRepository.Save                         :        1 samples, Peak.  2.23 ms (1.0x), Avg.  2.23 ms, Total. 2.230 ms (0.0%)
[Performance] EditorApplication.quitting: UnityEditor.Tilemaps.SceneViewGridManager.EditorQuitting                           :        1 samples, Peak.   119 us (1.0x), Avg.   119 us, Total. 119.2 us (0.0%)
[Performance] EditorApplication.quitting: UnityEditor.ProBuilder.ProBuilderSettings.Save                                     :        1 samples, Peak.   328 us (1.0x), Avg.   328 us, Total. 328.0 us (0.0%)
[Performance] EditorApplication.quitting: callback in UnityEditor.TextCore.Text.EditorEventCallbacks                         :        1 samples, Peak.  27.8 ms (1.0x), Avg.  27.8 ms, Total. 27.80 ms (0.2%)
[Performance] Application.Shutdown.PauseProfilerSession                                                                      :        1 samples, Peak.  28.6 us (1.0x), Avg.  28.6 us, Total. 28.60 us (0.0%)
[Performance] Application.Shutdown.PauseAssetImportWorkers                                                                   :        1 samples, Peak.   248 us (1.0x), Avg.   248 us, Total. 247.5 us (0.0%)
[Performance] Application.Shutdown.SaveAssets                                                                                :        1 samples, Peak.   567 us (1.0x), Avg.   567 us, Total. 566.8 us (0.0%)
[Performance] Application.Shutdown.CleanupRenderPipeline                                                                     :        1 samples, Peak.  3.10 us (1.0x), Avg.  3.10 us, Total. 3.100 us (0.0%)
[Performance] Application.Shutdown.StopPreloadManager                                                                        :        1 samples, Peak.  10.0 ms (1.0x), Avg.  10.0 ms, Total. 10.04 ms (0.1%)
[Performance] Application.Shutdown.DestroyWorld                                                                              :        1 samples, Peak.   654 us (1.0x), Avg.   654 us, Total. 653.9 us (0.0%)
[Performance] Application.Shutdown.CleanupAfterLoad                                                                          :        1 samples, Peak.   185 ms (1.0x), Avg.   185 ms, Total. 185.4 ms (1.4%)
[Performance] Application.Shutdown.Progress                                                                                  :        1 samples, Peak.  5.00 us (1.0x), Avg.  5.00 us, Total. 5.000 us (0.0%)
[Performance] Application.Shutdown.GICleanupManagers                                                                         :        1 samples, Peak.  1.29 ms (1.0x), Avg.  1.29 ms, Total. 1.292 ms (0.0%)
[Performance] Application.Shutdown.MenuCleanupClass                                                                          :        1 samples, Peak.   217 us (1.0x), Avg.   217 us, Total. 216.8 us (0.0%)
[Performance] Application.Shutdown.ADBSaveStateBeforeShutdown                                                                :        1 samples, Peak.  9.00 us (1.0x), Avg.  9.00 us, Total. 9.000 us (0.0%)
[Performance] Application.Shutdown.RemoteShutdown                                                                            :        1 samples, Peak.   800 ns (1.0x), Avg.   800 ns, Total. 800.0 ns (0.0%)
[Performance] Application.Shutdown.CleanupVCProvider                                                                         :        1 samples, Peak.  6.50 us (1.0x), Avg.  6.50 us, Total. 6.500 us (0.0%)
[Performance] Application.Shutdown.InputShutdown                                                                             :        1 samples, Peak.   400 ns (1.0x), Avg.   400 ns, Total. 400.0 ns (0.0%)
[Performance] Application.Shutdown.GizmoManagerDestroy                                                                       :        1 samples, Peak.   581 us (1.0x), Avg.   581 us, Total. 581.3 us (0.0%)
[Performance] Application.Shutdown.ProfilerSession                                                                           :        1 samples, Peak.   190 us (1.0x), Avg.   190 us, Total. 190.3 us (0.0%)
[Performance] Application.Shutdown.ReleaseGfxWindowOnAllGUIViews                                                             :        1 samples, Peak.   400 ns (1.0x), Avg.   400 ns, Total. 400.0 ns (0.0%)
[Performance] Application.Shutdown.CleanupEngine                                                                             :        1 samples, Peak.  65.3 ms (1.0x), Avg.  65.3 ms, Total. 65.28 ms (0.5%)
[Performance] Application.Shutdown.CleanupAssetDatabase                                                                      :        1 samples, Peak.  11.9 ms (1.0x), Avg.  11.9 ms, Total. 11.88 ms (0.1%)
[Performance] Application.Shutdown.ScriptCompilationCleanUp                                                                  :        1 samples, Peak.  28.4 ms (1.0x), Avg.  28.4 ms, Total. 28.41 ms (0.2%)
[Performance] Application.Shutdown.DestroyJobSystem                                                                          :        1 samples, Peak.  76.0 us (1.0x), Avg.  76.0 us, Total. 76.00 us (0.0%)
[Performance] Application.Shutdown.CleanupPersistentManager                                                                  :        1 samples, Peak.  3.15 ms (1.0x), Avg.  3.15 ms, Total. 3.146 ms (0.0%)
[Performance] Application.Shutdown.CleanupAsyncReadManager                                                                   :        1 samples, Peak.   225 us (1.0x), Avg.   225 us, Total. 225.0 us (0.0%)
[Performance] Application.Shutdown.CleanupProgressBar                                                                        :        1 samples, Peak.   400 ns (1.0x), Avg.   400 ns, Total. 400.0 ns (0.0%)
[Performance] Application.Shutdown.CleanupMono                                                                               :        1 samples, Peak.  1.08 s (1.0x), Avg.  1.08 s, Total. 1.079 s (8.0%)
[Performance] Application.Shutdown.CleanupStdConverters                                                                      :        1 samples, Peak.  5.90 us (1.0x), Avg.  5.90 us, Total. 5.900 us (0.0%)
[Performance] Application.Shutdown.UnloadAllPlatformSupportModuleNativeDlls                                                  :        1 samples, Peak.   700 ns (1.0x), Avg.   700 ns, Total. 700.0 ns (0.0%)
[Performance] Application.Shutdown.UnloadAllPlatformSupportNativeLibraries                                                   :        1 samples, Peak. 0.0 (-nan(ind)x), Avg. 0.0, Total. 0.0 (0.0%)
[Performance] Application.Shutdown.CleanupAutoDocumentation                                                                  :        1 samples, Peak.   234 us (1.0x), Avg.   234 us, Total. 234.2 us (0.0%)
[Performance] Application.Shutdown.ShaderNameManagerDestroy                                                                  :        1 samples, Peak.  37.0 us (1.0x), Avg.  37.0 us, Total. 37.00 us (0.0%)
[Performance] Application.Shutdown.CleanupCacheServer                                                                        :        1 samples, Peak. 100.0 ns (1.0x), Avg. 100.0 ns, Total. 100.00 ns (0.0%)
[Performance] Application.Shutdown.Virtualization_Shutdown                                                                   :        1 samples, Peak.   300 ns (1.0x), Avg.   300 ns, Total. 300.0 ns (0.0%)
[Performance] Application.Shutdown.DevConnections                                                                            :        1 samples, Peak.  86.3 us (1.0x), Avg.  86.3 us, Total. 86.30 us (0.0%)
Checking for leaked weakptr:
  Found no leaked weakptrs.
[Package Manager] Server::Kill -- Server was shutdown
Memory Statistics:
[ALLOC_TEMP_TLS] TLS Allocator
  StackAllocators : 
    [ALLOC_TEMP_CurlRequest]
      Initial Block Size 64.0 KB
      Current Block Size 64.0 KB
      Peak Allocated Bytes 0 B
      Overflow Count 0
    [ALLOC_TEMP_MAIN]
      Initial Block Size 16.0 MB
      Current Block Size 45.9 MB
      Peak Allocated Bytes 25.1 MB
      Overflow Count 0
    [ALLOC_TEMP_Job.Worker 18]
      Initial Block Size 256.0 KB
      Current Block Size 256.0 KB
      Peak Allocated Bytes 1.6 KB
      Overflow Count 1
    [ALLOC_TEMP_Background Job.Worker 8]
      Initial Block Size 32.0 KB
      Current Block Size 32.0 KB
      Peak Allocated Bytes 54 B
      Overflow Count 0
    [ALLOC_TEMP_BakingJobs.Worker 17]
      Initial Block Size 256.0 KB
      Current Block Size 256.0 KB
      Peak Allocated Bytes 54 B
      Overflow Count 0
    [ALLOC_TEMP_Job.Worker 4]
      Initial Block Size 256.0 KB
      Current Block Size 256.0 KB
      Peak Allocated Bytes 1.7 KB
      Overflow Count 1
    [ALLOC_TEMP_AUDIO_FMOD mixer thread]
      Initial Block Size 64.0 KB
      Current Block Size 64.0 KB
      Peak Allocated Bytes 54 B
      Overflow Count 0
    [ALLOC_TEMP_BakingJobs.Worker 5]
      Initial Block Size 256.0 KB
      Current Block Size 256.0 KB
      Peak Allocated Bytes 54 B
      Overflow Count 0
    [ALLOC_TEMP_BakingJobs.Worker 10]
      Initial Block Size 256.0 KB
      Current Block Size 256.0 KB
      Peak Allocated Bytes 54 B
      Overflow Count 0
    [ALLOC_TEMP_Background Job.Worker 3]
      Initial Block Size 32.0 KB
      Current Block Size 32.0 KB
      Peak Allocated Bytes 68 B
      Overflow Count 0
    [ALLOC_TEMP_BatchDeleteObjects]
      Initial Block Size 64.0 KB
      Current Block Size 64.0 KB
      Peak Allocated Bytes 54 B
      Overflow Count 0
    [ALLOC_TEMP_Background Job.Worker 11]
      Initial Block Size 32.0 KB
      Current Block Size 32.0 KB
      Peak Allocated Bytes 54 B
      Overflow Count 0
    [ALLOC_TEMP_REST Message Handler]
      Initial Block Size 64.0 KB
      Current Block Size 64.0 KB
      Peak Allocated Bytes 54 B
      Overflow Count 0
    [ALLOC_TEMP_CoreBusinessMetricsCache]
      Initial Block Size 64.0 KB
      Current Block Size 64.0 KB
      Peak Allocated Bytes 8.0 KB
      Overflow Count 0
    [ALLOC_TEMP_Job.Worker 13]
      Initial Block Size 256.0 KB
      Current Block Size 256.0 KB
      Peak Allocated Bytes 1.8 KB
      Overflow Count 1
    [ALLOC_TEMP_Background Job.Worker 2]
      Initial Block Size 32.0 KB
      Current Block Size 32.0 KB
      Peak Allocated Bytes 1.9 KB
      Overflow Count 0
    [ALLOC_TEMP_AssetDatabase.IOService]
      Initial Block Size 64.0 KB
      Current Block Size 64.0 KB
      Peak Allocated Bytes 54 B
      Overflow Count 0
    [ALLOC_TEMP_Job.Worker 10]
      Initial Block Size 256.0 KB
      Current Block Size 256.0 KB
      Peak Allocated Bytes 1.7 KB
      Overflow Count 1
    [ALLOC_TEMP_Job.Worker 15]
      Initial Block Size 256.0 KB
      Current Block Size 256.0 KB
      Peak Allocated Bytes 1.8 KB
      Overflow Count 0
    [ALLOC_TEMP_Job.Worker 12]
      Initial Block Size 256.0 KB
      Current Block Size 256.0 KB
      Peak Allocated Bytes 1.6 KB
      Overflow Count 1
    [ALLOC_TEMP_Loading.PreloadManager]
      Initial Block Size 32.0 MB
      Current Block Size 32.0 MB
      Peak Allocated Bytes 54 B
      Overflow Count 0
    [ALLOC_TEMP_Profiler.Dispatcher]
      Initial Block Size 64.0 KB
      Current Block Size 64.0 KB
      Peak Allocated Bytes 0 B
      Overflow Count 0
    [ALLOC_TEMP_Job.Worker 14]
      Initial Block Size 256.0 KB
      Current Block Size 256.0 KB
      Peak Allocated Bytes 1.7 KB
      Overflow Count 1
    [ALLOC_TEMP_Job.Worker 3]
      Initial Block Size 256.0 KB
      Current Block Size 256.0 KB
      Peak Allocated Bytes 1.6 KB
      Overflow Count 1
    [ALLOC_TEMP_BakingJobs.Worker 7]
      Initial Block Size 256.0 KB
      Current Block Size 256.0 KB
      Peak Allocated Bytes 54 B
      Overflow Count 0
    [ALLOC_TEMP_Job.Worker 17]
      Initial Block Size 256.0 KB
      Current Block Size 256.0 KB
      Peak Allocated Bytes 1.6 KB
      Overflow Count 0
    [ALLOC_TEMP_Background Job.Worker 5]
      Initial Block Size 32.0 KB
      Current Block Size 32.0 KB
      Peak Allocated Bytes 54 B
      Overflow Count 0
    [ALLOC_TEMP_Background Job.Worker 13]
      Initial Block Size 32.0 KB
      Current Block Size 32.0 KB
      Peak Allocated Bytes 54 B
      Overflow Count 0
    [ALLOC_TEMP_Job.Worker 2]
      Initial Block Size 256.0 KB
      Current Block Size 256.0 KB
      Peak Allocated Bytes 1.7 KB
      Overflow Count 1
    [ALLOC_TEMP_BakingJobs.Worker 6]
      Initial Block Size 256.0 KB
      Current Block Size 256.0 KB
      Peak Allocated Bytes 54 B
      Overflow Count 0
    [ALLOC_TEMP_Job.Worker 11]
      Initial Block Size 256.0 KB
      Current Block Size 256.0 KB
      Peak Allocated Bytes 1.7 KB
      Overflow Count 1
    [ALLOC_TEMP_Job.Worker 0]
      Initial Block Size 256.0 KB
      Current Block Size 256.0 KB
      Peak Allocated Bytes 1.7 KB
      Overflow Count 1
    [ALLOC_TEMP_Job.Worker 5]
      Initial Block Size 256.0 KB
      Current Block Size 256.0 KB
      Peak Allocated Bytes 1.7 KB
      Overflow Count 1
    [ALLOC_TEMP_Job.Worker 6]
      Initial Block Size 256.0 KB
      Current Block Size 256.0 KB
      Peak Allocated Bytes 1.7 KB
      Overflow Count 1
    [ALLOC_TEMP_Background Job.Worker 9]
      Initial Block Size 32.0 KB
      Current Block Size 32.0 KB
      Peak Allocated Bytes 54 B
      Overflow Count 0
    [ALLOC_TEMP_BakingJobs.Worker 8]
      Initial Block Size 256.0 KB
      Current Block Size 256.0 KB
      Peak Allocated Bytes 54 B
      Overflow Count 0
    [ALLOC_TEMP_Job.Worker 9]
      Initial Block Size 256.0 KB
      Current Block Size 256.0 KB
      Peak Allocated Bytes 1.7 KB
      Overflow Count 1
    [ALLOC_TEMP_DirMonitor]
      Initial Block Size 64.0 KB
      Current Block Size 64.0 KB
      Peak Allocated Bytes 0.8 KB
      Overflow Count 0
    [ALLOC_TEMP_BakingJobs.Worker 1]
      Initial Block Size 256.0 KB
      Current Block Size 256.0 KB
      Peak Allocated Bytes 54 B
      Overflow Count 0
    [ALLOC_TEMP_Loading.AsyncRead]
      Initial Block Size 64.0 KB
      Current Block Size 64.0 KB
      Peak Allocated Bytes 128 B
      Overflow Count 0
    [ALLOC_TEMP_Background Job.Worker 10]
      Initial Block Size 32.0 KB
      Current Block Size 32.0 KB
      Peak Allocated Bytes 54 B
      Overflow Count 0
    [ALLOC_TEMP_Job.Worker 16]
      Initial Block Size 256.0 KB
      Current Block Size 256.0 KB
      Peak Allocated Bytes 1.7 KB
      Overflow Count 1
    [ALLOC_TEMP_BakingJobs.Worker 9]
      Initial Block Size 256.0 KB
      Current Block Size 256.0 KB
      Peak Allocated Bytes 54 B
      Overflow Count 0
    [ALLOC_TEMP_BakingJobs.Worker 16]
      Initial Block Size 256.0 KB
      Current Block Size 256.0 KB
      Peak Allocated Bytes 54 B
      Overflow Count 0
    [ALLOC_TEMP_Background Job.Worker 6]
      Initial Block Size 32.0 KB
      Current Block Size 32.0 KB
      Peak Allocated Bytes 54 B
      Overflow Count 0
    [ALLOC_TEMP_AUDIO_FMOD (WASAPI) feeder thread]
      Initial Block Size 64.0 KB
      Current Block Size 64.0 KB
      Peak Allocated Bytes 168 B
      Overflow Count 0
    [ALLOC_TEMP_Background Job.Worker 1]
      Initial Block Size 32.0 KB
      Current Block Size 204.0 KB
      Peak Allocated Bytes 129.7 KB
      Overflow Count 0
    [ALLOC_TEMP_BakingJobs.Worker 11]
      Initial Block Size 256.0 KB
      Current Block Size 256.0 KB
      Peak Allocated Bytes 54 B
      Overflow Count 0
    [ALLOC_TEMP_AUDIO_FMOD stream thread]
      Initial Block Size 64.0 KB
      Current Block Size 64.0 KB
      Peak Allocated Bytes 54 B
      Overflow Count 0
    [ALLOC_TEMP_BakingJobs.Worker 19]
      Initial Block Size 256.0 KB
      Current Block Size 256.0 KB
      Peak Allocated Bytes 54 B
      Overflow Count 0
    [ALLOC_TEMP_BakingJobs.Worker 2]
      Initial Block Size 256.0 KB
      Current Block Size 256.0 KB
      Peak Allocated Bytes 54 B
      Overflow Count 0
    [ALLOC_TEMP_Background Job.Worker 7]
      Initial Block Size 32.0 KB
      Current Block Size 32.0 KB
      Peak Allocated Bytes 54 B
      Overflow Count 0
    [ALLOC_TEMP_Job.Worker 8]
      Initial Block Size 256.0 KB
      Current Block Size 256.0 KB
      Peak Allocated Bytes 1.7 KB
      Overflow Count 1
    [ALLOC_TEMP_BakingJobs.Worker 15]
      Initial Block Size 256.0 KB
      Current Block Size 256.0 KB
      Peak Allocated Bytes 54 B
      Overflow Count 0
    [ALLOC_TEMP_BakingJobs.Worker 0]
      Initial Block Size 256.0 KB
      Current Block Size 256.0 KB
      Peak Allocated Bytes 54 B
      Overflow Count 0
    [ALLOC_TEMP_BakingJobs.Worker 3]
      Initial Block Size 256.0 KB
      Current Block Size 256.0 KB
      Peak Allocated Bytes 54 B
      Overflow Count 0
    [ALLOC_TEMP_BakingJobs.Worker 14]
      Initial Block Size 256.0 KB
      Current Block Size 256.0 KB
      Peak Allocated Bytes 54 B
      Overflow Count 0
    [ALLOC_TEMP_EditorTaskManager]
      Initial Block Size 64.0 KB
      Current Block Size 68.0 KB
      Peak Allocated Bytes 64.0 KB
      Overflow Count 0
    [ALLOC_TEMP_Background Job.Worker 15]
      Initial Block Size 32.0 KB
      Current Block Size 32.0 KB
      Peak Allocated Bytes 54 B
      Overflow Count 0
    [ALLOC_TEMP_Job.Worker 1]
      Initial Block Size 256.0 KB
      Current Block Size 256.0 KB
      Peak Allocated Bytes 1.7 KB
      Overflow Count 1
    [ALLOC_TEMP_BakingJobs.Worker 4]
      Initial Block Size 256.0 KB
      Current Block Size 256.0 KB
      Peak Allocated Bytes 54 B
      Overflow Count 0
    [ALLOC_TEMP_Background Job.Worker 12]
      Initial Block Size 32.0 KB
      Current Block Size 32.0 KB
      Peak Allocated Bytes 54 B
      Overflow Count 0
    [ALLOC_TEMP_HTTP REST Server]
      Initial Block Size 64.0 KB
      Current Block Size 64.0 KB
      Peak Allocated Bytes 152 B
      Overflow Count 0
    [ALLOC_TEMP_BakingJobs.Worker 12]
      Initial Block Size 256.0 KB
      Current Block Size 256.0 KB
      Peak Allocated Bytes 54 B
      Overflow Count 0
    [ALLOC_TEMP_BakingJobs.Worker 18]
      Initial Block Size 256.0 KB
      Current Block Size 256.0 KB
      Peak Allocated Bytes 54 B
      Overflow Count 0
    [ALLOC_TEMP_BakingJobs.Worker 13]
      Initial Block Size 256.0 KB
      Current Block Size 256.0 KB
      Peak Allocated Bytes 54 B
      Overflow Count 0
    [ALLOC_TEMP_AssetGarbageCollectorHelper] x 19
      Initial Block Size 64.0 KB
      Current Block Size 64.0 KB
      Peak Allocated Bytes 0 B
      Overflow Count 0
    [ALLOC_TEMP_Background Job.Worker 0]
      Initial Block Size 32.0 KB
      Current Block Size 32.0 KB
      Peak Allocated Bytes 54 B
      Overflow Count 0
    [ALLOC_TEMP_Background Job.Worker 4]
      Initial Block Size 32.0 KB
      Current Block Size 32.0 KB
      Peak Allocated Bytes 54 B
      Overflow Count 0
    [ALLOC_TEMP_Background Job.Worker 14]
      Initial Block Size 32.0 KB
      Current Block Size 32.0 KB
      Peak Allocated Bytes 54 B
      Overflow Count 0
    [ALLOC_TEMP_Job.Worker 7]
      Initial Block Size 256.0 KB
      Current Block Size 256.0 KB
      Peak Allocated Bytes 1.6 KB
      Overflow Count 1
    [ALLOC_TEMP_CloudJob.Worker 0] x 2
      Initial Block Size 32.0 KB
      Current Block Size 34.0 KB
      Peak Allocated Bytes 9.1 KB
      Overflow Count 0
[ALLOC_MEMORYPROFILER]
  Requested Block Size 1.0 MB
  Peak Block count 2
  Peak Allocated memory 1.5 MB
  Peak Large allocation bytes 0 B
[ALLOC_DEFAULT] Dual Thread Allocator
  Peak main deferred allocation count 1298
    [ALLOC_BUCKET]
      Large Block size 32.0 MB
      Used Block count 1
      Peak Allocated bytes 15.6 MB
    [ALLOC_DEFAULT_MAIN]
      Requested Block Size 16.0 MB
      Peak Block count 9
      Peak Allocated memory 179.8 MB
      Peak Large allocation bytes 46.3 MB
    [ALLOC_DEFAULT_THREAD]
      Requested Block Size 16.0 MB
      Peak Block count 1
      Peak Allocated memory 113.9 MB
      Peak Large allocation bytes 99.6 MB
[ALLOC_TEMP_JOB_1_FRAME]
  Initial Block Size 2.0 MB
  Used Block Count 0
  Overflow Count (too large) 0
  Overflow Count (full) 0
[ALLOC_TEMP_JOB_2_FRAMES]
  Initial Block Size 2.0 MB
  Used Block Count 0
  Overflow Count (too large) 0
  Overflow Count (full) 0
[ALLOC_TEMP_JOB_4_FRAMES (JobTemp)]
  Initial Block Size 2.0 MB
  Used Block Count 1
  Overflow Count (too large) 0
  Overflow Count (full) 0
[ALLOC_TEMP_JOB_ASYNC (Background)]
  Initial Block Size 1.0 MB
  Used Block Count 1
  Overflow Count (too large) 8
  Overflow Count (full) 0
[ALLOC_GFX] Dual Thread Allocator
  Peak main deferred allocation count 0
    [ALLOC_BUCKET]
      Large Block size 32.0 MB
      Used Block count 1
      Peak Allocated bytes 15.6 MB
    [ALLOC_GFX_MAIN]
      Requested Block Size 16.0 MB
      Peak Block count 1
      Peak Allocated memory 9.3 MB
      Peak Large allocation bytes 0 B
    [ALLOC_GFX_THREAD]
      Requested Block Size 16.0 MB
      Peak Block count 0
      Peak Allocated memory 0 B
      Peak Large allocation bytes 0 B
[ALLOC_CACHEOBJECTS] Dual Thread Allocator
  Peak main deferred allocation count 1548
    [ALLOC_BUCKET]
      Large Block size 32.0 MB
      Used Block count 1
      Peak Allocated bytes 15.6 MB
    [ALLOC_CACHEOBJECTS_MAIN]
      Requested Block Size 4.0 MB
      Peak Block count 31
      Peak Allocated memory 99.1 MB
      Peak Large allocation bytes 37.5 MB
    [ALLOC_CACHEOBJECTS_THREAD]
      Requested Block Size 4.0 MB
      Peak Block count 1
      Peak Allocated memory 304 B
      Peak Large allocation bytes 0 B
[ALLOC_TYPETREE] Dual Thread Allocator
  Peak main deferred allocation count 1547
    [ALLOC_BUCKET]
      Large Block size 32.0 MB
      Used Block count 1
      Peak Allocated bytes 15.6 MB
    [ALLOC_TYPETREE_MAIN]
      Requested Block Size 2.0 MB
      Peak Block count 22
      Peak Allocated memory 39.7 MB
      Peak Large allocation bytes 0 B
    [ALLOC_TYPETREE_THREAD]
      Requested Block Size 2.0 MB
      Peak Block count 1
      Peak Allocated memory 2.0 KB
      Peak Large allocation bytes 0 B
[ALLOC_PROFILER]
  Requested Block Size 16.0 MB
  Peak Block count 1
  Peak Allocated memory 485.0 KB
  Peak Large allocation bytes 0 B
    [ALLOC_PROFILER_BUCKET]
      Large Block size 32.0 MB
      Used Block count 1
      Peak Allocated bytes 7.1 KB
[ALLOC_PROFILER_EDITOR]
  Requested Block Size 1.0 MB
  Peak Block count 0
  Peak Allocated memory 0 B
  Peak Large allocation bytes 0 B
    [ALLOC_PROFILER_BUCKET]
      Large Block size 32.0 MB
      Used Block count 1
      Peak Allocated bytes 7.1 KB
##utp:{"type":"MemoryLeaks","version":2,"phase":"Immediate","time":1787562187642,"processId":42908,"allocatedMemory":35450016,"memoryLabels":[{"Default":20431},{"Permanent":15615},{"NewDelete":80800},{"Thread":4229412},{"Manager":35328},{"VertexData":12},{"Geometry":560},{"Texture":176},{"Shader":68854},{"Material":24},{"GfxDevice":57048},{"Animation":296},{"Audio":3928},{"FontEngine":272},{"Physics":513},{"Serialization":948},{"Input":14744},{"JobScheduler":33392},{"Mono":40},{"ScriptingNativeRuntime":191848},{"BaseObject":1627276},{"Resource":1360},{"Renderer":2304},{"Transform":16},{"File":3797},{"WebCam":96},{"Culling":40},{"Terrain":1137},{"Wind":24},{"STL":48},{"String":23037},{"DynamicArray":129844},{"HashMap":4447848},{"Utility":2664898},{"Curl":1424},{"PoolAlloc":1784},{"AI":104},{"TypeTree":5077},{"ScriptManager":640},{"RuntimeInitializeOnLoadManager":80},{"SpriteAtlas":128},{"GI":4072},{"Director":7960},{"CloudService":2888},{"WebRequest":688},{"VR":46081},{"SceneManager":568},{"Video":72},{"LazyScriptCache":40},{"NativeArray":12},{"Camera":25},{"Secure":1},{"SerializationCache":1584},{"APIUpdating":11872},{"Subsystems":392},{"VirtualTexturing":57896},{"StaticSafetyDebugInfo":327680},{"EditorGui":56},{"EditorUtility":40723},{"VersionControl":4},{"Undo":704},{"AssetDatabase":21232909},{"RestService":1414},{"EditorGi":376},{"License":3584},{"UnityConnect":25320},{"Collab":593},{"Upm":2032},{"DrivenProperties":96},{"LocalIPC":296},{"ProfilerEditor":10943},{"CoreBusinessMetrics":3852},{"AssetReference":40},{"IPCStream":40}]}
