guid,source_path,target_path
00017fc07162e0e4fb9daac66aad5f20,Assets/Art/Image/Boss/Skill5/尖刺特效_15.png,Assets/Game/ColorTiming/Art/Image/Boss/Skill5/尖刺特效_15.png
00342573cabb8ea44bafa27335f04c25,Assets/Art/Image/yin,Assets/Game/ColorTiming/Art/Image/yin
0049920591493b642ab4209acdf943f4,Assets/Art/Image/Scene/B1/a1,Assets/Game/ColorTiming/Art/Image/Scene/B1/a1
006014ab4365a334da2ad48457598132,Assets/Art/Image/Scene/B1/a1/a1待_72.png,Assets/Game/ColorTiming/Art/Image/Scene/B1/a1/a1待_72.png
00926a2bf348b6d47a7178adaeed18e7,Assets/Art/Image/Scene/B1/a1/a1待_23.png,Assets/Game/ColorTiming/Art/Image/Scene/B1/a1/a1待_23.png
009f6feab39e35f449579815f1552cc9,Assets/Art/Image/Scene/B1/a2/dj/a2草待机_11.png,Assets/Game/ColorTiming/Art/Image/Scene/B1/a2/dj/a2草待机_11.png
00b46d6b5c4fd634397f87245cf42e60,Assets/Art/Image/Hero/Sequence/feiji/skill/橙色飞机（空中）_0003.png,Assets/Game/ColorTiming/Art/Image/Hero/Sequence/feiji/skill/橙色飞机（空中）_0003.png
00b9c995d30706740be5862edf9b87c9,Assets/Art/Image/Hero/Sequence/Siwang/被击杀后_0005.png,Assets/Game/ColorTiming/Art/Image/Hero/Sequence/Siwang/被击杀后_0005.png
00dd83d916ae6e8499db8145550aea83,Assets/Art/Image/Hero/Sequence/futou/yidong/红色斧头移动_0005.png,Assets/Game/ColorTiming/Art/Image/Hero/Sequence/futou/yidong/红色斧头移动_0005.png
00df05c99dcc1e6479fca109de528687,Assets/Art/Image/Weapon/Tip1/提示圈-第一章_0036.png,Assets/Game/ColorTiming/Art/Image/Weapon/Tip1/提示圈-第一章_0036.png
00e1abd686f71fd4e8b481585418412c,Assets/Art/Image/Hero/Sequence/Chuizi/Gongji/Zi/移动蓄力（紫）_0012.png,Assets/Game/ColorTiming/Art/Image/Hero/Sequence/Chuizi/Gongji/Zi/移动蓄力（紫）_0012.png
00e46ffe52e71f74483eeb2d5ce09d4a,Assets/Art/Image/Scene/B1/a4/dj/skeleton-animation_042.png,Assets/Game/ColorTiming/Art/Image/Scene/B1/a4/dj/skeleton-animation_042.png
00e7eb341d7781246935e14a4715ce77,Assets/Art/Image/Hero/Sequence/Chuizi/Gongji/Zi/原地蓄力（紫）_0000.png,Assets/Game/ColorTiming/Art/Image/Hero/Sequence/Chuizi/Gongji/Zi/原地蓄力（紫）_0000.png
00fd1918eec384648b40eeadb38014ee,Assets/Art/Image/Hero/Sequence/futou/gongji/chen/橙色斧头蓄力（原地）_0000.png,Assets/Game/ColorTiming/Art/Image/Hero/Sequence/futou/gongji/chen/橙色斧头蓄力（原地）_0000.png
00fdc83850ca31446913f333fbd380af,Assets/Art/Image/Hero/Sequence/Chuizi/yidong/绿色锤子移动_0000.png,Assets/Game/ColorTiming/Art/Image/Hero/Sequence/Chuizi/yidong/绿色锤子移动_0000.png
00fe149e48dd565468468a29ececeb4a,Assets/Art/Image/UI_Start,Assets/Game/ColorTiming/Art/Image/UI_Start
01076a1ce2852c74eb37a3532b8feae7,Assets/Art/Image/Hero/Sequence/Dao/gongji/橙色刀攻击_0002.png,Assets/Game/ColorTiming/Art/Image/Hero/Sequence/Dao/gongji/橙色刀攻击_0002.png
010e204f2cd91574ea2c7c9ae22b08a6,Assets/Art/Image/Hero/Sequence/Dao/daiji,Assets/Game/ColorTiming/Art/Image/Hero/Sequence/Dao/daiji
011755bd7f1d7a84b81f67380d839abf,Assets/Art/Image/Boss/Skill5/尖刺特效_29.png,Assets/Game/ColorTiming/Art/Image/Boss/Skill5/尖刺特效_29.png
0129ccf938eb5114f8abd56784fd78f9,Assets/Art/Image/Scene/B1/a4/c/a4草动_35.png,Assets/Game/ColorTiming/Art/Image/Scene/B1/a4/c/a4草动_35.png
0134640f881c8d24d812a6f9af9d0761,Assets/Plugins/Spine/Editor/spine-unity/Editor/Components,Assets/Plugins/Spine/Editor/spine-unity/Editor/Components
01595709fe876584cba15a6f9430b1e9,Assets/Art/Image/Scene/B1/a4/dj/skeleton-animation_063.png,Assets/Game/ColorTiming/Art/Image/Scene/B1/a4/dj/skeleton-animation_063.png
01654d40a6cf1e049824b4478cfbadc1,Assets/Art/Image/Scene/B1/a4/a4_cao_dj.anim,Assets/Game/ColorTiming/Art/Image/Scene/B1/a4/a4_cao_dj.anim
0166d5fad050e704e9ca487060650448,Assets/Art/Image/Hero/Sequence/futou/gongji/chen/橙色斧头蓄力（原地）_0006.png,Assets/Game/ColorTiming/Art/Image/Hero/Sequence/futou/gongji/chen/橙色斧头蓄力（原地）_0006.png
0168ee1596d4daa4f9df6e3bdd2c0352,Assets/Art/Image/Scene/B1/a5/c/a5草动_56.png,Assets/Game/ColorTiming/Art/Image/Scene/B1/a5/c/a5草动_56.png
016efb82a5e10e747a191e1d87e32a58,Assets/Art/Image/Hero/Sequence/futou/gongji/hong/xuliw_do_f_hong.anim,Assets/Game/ColorTiming/Art/Image/Hero/Sequence/futou/gongji/hong/xuliw_do_f_hong.anim
0171a9be5f0865a46859d98b45c67441,Assets/Art/Image/Scene/B1/a6/dj/a6草待机_029.png,Assets/Game/ColorTiming/Art/Image/Scene/B1/a6/dj/a6草待机_029.png
01a8c90df788d654cb08fbf39af12d4a,Assets/Art/Image/Scene/B1/a5/dj/skeleton-animation_063.png,Assets/Game/ColorTiming/Art/Image/Scene/B1/a5/dj/skeleton-animation_063.png
01ac847cf6d387c41939611a7a871fbe,Assets/Art/Image/Scene/B1/a5/dj/skeleton-animation_123.png,Assets/Game/ColorTiming/Art/Image/Scene/B1/a5/dj/skeleton-animation_123.png
01b746c956c390a418e4c0a18a51dc8c,Assets/Art/Image/Hero/Sequence/Zhadan/yidong/紫色炸弹移动_0001.png,Assets/Game/ColorTiming/Art/Image/Hero/Sequence/Zhadan/yidong/紫色炸弹移动_0001.png
01cbef8f24d105f4bafa9668d669e040,Assets/Plugins/Spine/Editor/spine-unity/Editor/Asset Types/SkeletonDataAssetInspector.cs,Assets/Plugins/Spine/Editor/spine-unity/Editor/Asset Types/SkeletonDataAssetInspector.cs
01e60e194fa864b44ad7f98b3dd857e8,Assets/Art/Image/Hero/Sequence/feiji/skill/红色飞机爆炸_0003.png,Assets/Game/ColorTiming/Art/Image/Hero/Sequence/feiji/skill/红色飞机爆炸_0003.png
01e9fafd2866c584bb8632a160b8a18a,Assets/Art/Image/Hero/Sequence/feiji/gongji/紫色飞机投掷_0005.png,Assets/Game/ColorTiming/Art/Image/Hero/Sequence/feiji/gongji/紫色飞机投掷_0005.png
01f559a4089a54645b50298f35e7efcc,Assets/Art/Image/Scene/B1/a2/c/a2草动_10.png,Assets/Game/ColorTiming/Art/Image/Scene/B1/a2/c/a2草动_10.png
022aada08db86544aaa580f09050a53c,Assets/Art/Image/Hero/Sequence/Zhadan/gongji/投掷（绿）_0000.png,Assets/Game/ColorTiming/Art/Image/Hero/Sequence/Zhadan/gongji/投掷（绿）_0000.png
022ed382acaf39344a7bcc3c896dabed,Assets/Art/Image/Hero/Sequence/feiji/gongji/紫色飞机投掷_0002.png,Assets/Game/ColorTiming/Art/Image/Hero/Sequence/feiji/gongji/紫色飞机投掷_0002.png
023eeb2739ad7f442a37abde0361f507,Assets/Art/Image/Scene/B1/a6/dj/a6草待机_073.png,Assets/Game/ColorTiming/Art/Image/Scene/B1/a6/dj/a6草待机_073.png
0242c0aa42e27964eb8f3ea9bf4475a9,Assets/Art/Image/Scene/B1/a6/dj/a6草待机_018.png,Assets/Game/ColorTiming/Art/Image/Scene/B1/a6/dj/a6草待机_018.png
0253bb3cda65edd43b86506b20cf1546,Assets/Art/Image/Weapon/剪1.png,Assets/Game/ColorTiming/Art/Image/Weapon/剪1.png
0261f7b352eed944ebdabcb235f80022,Assets/Art/Image/Scene/B1/a2/dj/a2草待机_39.png,Assets/Game/ColorTiming/Art/Image/Scene/B1/a2/dj/a2草待机_39.png
02627b8e2276bbd449c42e04815038a0,Assets/Art/Image/Hero/Sequence/Dao/gongji/橙色刀攻击_0006.png,Assets/Game/ColorTiming/Art/Image/Hero/Sequence/Dao/gongji/橙色刀攻击_0006.png
026e7ef17d0f20c42bcf8636edc186a5,Assets/Art/Image/Weapon/Tip2/提示圈-第二章_0023.png,Assets/Game/ColorTiming/Art/Image/Weapon/Tip2/提示圈-第二章_0023.png
0274864acf6c7084a9ad324fac26e2b7,Assets/Art/Image/Scene/B1/a3/dj/a3草待机_030.png,Assets/Game/ColorTiming/Art/Image/Scene/B1/a3/dj/a3草待机_030.png
02822eb69e09dd947b434ab81e3d938f,Assets/Plugins/Spine/Editor/spine-unity/Editor/GUI/icon-constraintIK.png,Assets/Plugins/Spine/Editor/spine-unity/Editor/GUI/icon-constraintIK.png
028d396f015c00041a13847633d256af,Assets/Art/Anim_Skill/sk_bo1_atk1.anim,Assets/Game/ColorTiming/Art/Anim_Skill/sk_bo1_atk1.anim
0292286376470b94fa17d6879300e322,Assets/Art/Image/Scene/B1/a3/dj/a3草待机_041.png,Assets/Game/ColorTiming/Art/Image/Scene/B1/a3/dj/a3草待机_041.png
0299ffae826705448b6c80ccc6a53b75,Assets/Plugins/Spine/Runtime/spine-unity/Shaders/Outline/BlendModes/Spine-Skeleton-PMA-Additive-Outline.shader,Assets/Plugins/Spine/Runtime/spine-unity/Shaders/Outline/BlendModes/Spine-Skeleton-PMA-Additive-Outline.shader
02aae87c39b869548a9051fbdb1975e6,Assets/Plugins/Spine/Runtime/spine-unity/Components/SkeletonUtility/FollowLocationRigidbody2D.cs,Assets/Plugins/Spine/Runtime/spine-unity/Components/SkeletonUtility/FollowLocationRigidbody2D.cs
02abca97c1086ab469afd8b6874f697a,Assets/Art/Image/Hero/Sequence/jiandao/daiji/红色剪刀待机_0008.png,Assets/Game/ColorTiming/Art/Image/Hero/Sequence/jiandao/daiji/红色剪刀待机_0008.png
02baf1454287a2c429ef9114365214f5,Assets/Art/Sound/boss_tail_comes_out_of_the_soil.WAV,Assets/Game/ColorTiming/Art/Sound/boss_tail_comes_out_of_the_soil.WAV
02deae80e5fda1244b7513bcfc1ed34d,Assets/Art/Image/Scene/B1/a3/c/a3草动_65.png,Assets/Game/ColorTiming/Art/Image/Scene/B1/a3/c/a3草动_65.png
02e15d250d1ba454498592aa6db160c4,Assets/Art/Image/ui/红色戒刀.png,Assets/Game/ColorTiming/Art/Image/ui/红色戒刀.png
02f8a03969303e7409ebdf35bb4ff110,Assets/Art/Image/Hero/Sequence/Yidong/红色移动_0002.png,Assets/Game/ColorTiming/Art/Image/Hero/Sequence/Yidong/红色移动_0002.png
03002475503960f4eb1a95f0abc69c86,Assets/Art/Image/Scene/B1/a2/dj/a2草待机_84.png,Assets/Game/ColorTiming/Art/Image/Scene/B1/a2/dj/a2草待机_84.png
0302e3eca1486a041af96c28b4c2bf08,Assets/Art/Image/Loding/进度条.png,Assets/Game/ColorTiming/Art/Image/Loding/进度条.png
030bc86d04c86d44ea8715ec61482331,Assets/Art/Image/Hero/Sequence/futou/gongji/chen/橙色斧头蓄力（原地）_0002.png,Assets/Game/ColorTiming/Art/Image/Hero/Sequence/futou/gongji/chen/橙色斧头蓄力（原地）_0002.png
03151c4c01a18444eb230b9d3f85a087,Assets/Art/Image/Hero/Sequence/Chuizi/Gongji/Zi/攻击动作（紫）_0002.png,Assets/Game/ColorTiming/Art/Image/Hero/Sequence/Chuizi/Gongji/Zi/攻击动作（紫）_0002.png
0315b875b16b2384bb0e6d6a1b83552b,Assets/Art/Image/Boss/Spine/BOSS拆分_Atlas.asset,Assets/Game/ColorTiming/Art/Image/Boss/Spine/BOSS拆分_Atlas.asset
0317ee9ba6e1b1e49a030268e026d372,Assets/Plugins/Spine/Runtime/spine-unity/Components/Following/BoundingBoxFollower.cs,Assets/Plugins/Spine/Runtime/spine-unity/Components/Following/BoundingBoxFollower.cs
03238e4a73953c045a6cb289162532f3,Assets/Plugins/Spine/Runtime/spine-unity/Modules/TK2D/SpriteCollectionAttachmentLoader.cs,Assets/Plugins/Spine/Runtime/spine-unity/Modules/TK2D/SpriteCollectionAttachmentLoader.cs
0338faf3e7d93e2478fcbc022d13e081,Assets/Plugins/Spine/Editor/spine-unity/Editor/GUI/icon-slot.png,Assets/Plugins/Spine/Editor/spine-unity/Editor/GUI/icon-slot.png
033a7bea7732aac4eb138534cfe4f300,Assets/Art/Image/Hero/Sequence/Zhadan/skill/爆炸特效（紫）_0010.png,Assets/Game/ColorTiming/Art/Image/Hero/Sequence/Zhadan/skill/爆炸特效（紫）_0010.png
03475af032488e54c99aa2445bbd5899,Assets/Art/Image/Hero/Sequence/Zhadan/gongji/投掷（紫）_0004.png,Assets/Game/ColorTiming/Art/Image/Hero/Sequence/Zhadan/gongji/投掷（紫）_0004.png
03589f3cfe2002644a18c942b7c7af84,Assets/Art/Image/Hero/Sequence/Zhadan/yidong/红色炸弹移动_0003.png,Assets/Game/ColorTiming/Art/Image/Hero/Sequence/Zhadan/yidong/红色炸弹移动_0003.png
0386f9fa4a0f85d4b862a3ca95b39e03,Assets/Art/Sound/charactor_hitted_001-001.WAV,Assets/Game/ColorTiming/Art/Sound/charactor_hitted_001-001.WAV
03980cd7735f2134c8ad1a5b44c5ea32,Assets/Art/Image/Hero/Sequence/jiandao/gongji/紫色剪刀攻击_0015.png,Assets/Game/ColorTiming/Art/Image/Hero/Sequence/jiandao/gongji/紫色剪刀攻击_0015.png
039cb78e2c438d845a78ddc2c29bf25c,Assets/Art/Image/Hero/Sequence/Chuizi/Gongji/Lv/原地蓄力（绿）_0006.png,Assets/Game/ColorTiming/Art/Image/Hero/Sequence/Chuizi/Gongji/Lv/原地蓄力（绿）_0006.png
03b653e54c5403b4191f5003d64c6e18,Assets/Plugins/Spine/Runtime/spine-csharp/MathUtils.cs,Assets/Plugins/Spine/Runtime/spine-csharp/MathUtils.cs
03d76adcd07dbb446aa748e545a4ea26,Assets/Art/Image/Scene/B1/a4/dj/skeleton-animation_058.png,Assets/Game/ColorTiming/Art/Image/Scene/B1/a4/dj/skeleton-animation_058.png
03f1fb643906b024db947eeae4df25f5,Assets/Art/Image/Scene/B1/a2/c/a2草动_13.png,Assets/Game/ColorTiming/Art/Image/Scene/B1/a2/c/a2草动_13.png
03fed4e4719002846af6b0490b93fa76,Assets/Art/Image/Scene/B1/a2/dj/a2草待机_02.png,Assets/Game/ColorTiming/Art/Image/Scene/B1/a2/dj/a2草待机_02.png
043bd57eadfda0644b2f48ae8cb830ae,Assets/Art/Image/Boss/tip,Assets/Game/ColorTiming/Art/Image/Boss/tip
04817e31b917de6489f349dd332d7468,Assets/Plugins/Spine/Runtime/spine-unity/Deprecated,Assets/Plugins/Spine/Runtime/spine-unity/Deprecated
04836df7a9b8e324f9cb322570cfb1fd,Assets/Art/Image/Hero/Sequence/feiji/skill/橙色飞机爆炸_0006.png,Assets/Game/ColorTiming/Art/Image/Hero/Sequence/feiji/skill/橙色飞机爆炸_0006.png
048f5e14ec3796f45bfeda1ed8dbcdf6,Assets/Art/Image/Hero/Sequence/Zhadan/daiji/紫色炸弹待机_0001.png,Assets/Game/ColorTiming/Art/Image/Hero/Sequence/Zhadan/daiji/紫色炸弹待机_0001.png
04918e2871858f942b1753dde73c5be2,Assets/Art/Image/Scene/B1/a6/dj/a6草待机_113.png,Assets/Game/ColorTiming/Art/Image/Scene/B1/a6/dj/a6草待机_113.png
0497e5181cd864541bb313d3fec51121,Assets/Art/Image/Hero/Sequence/Daiji/待机_0002.png,Assets/Game/ColorTiming/Art/Image/Hero/Sequence/Daiji/待机_0002.png
049f33b79b161c343819a9967c4e867b,Assets/Art/Image/Hero/Sequence/Chuizi/Gongji/Hong/锤子攻击（红）_0014.png,Assets/Game/ColorTiming/Art/Image/Hero/Sequence/Chuizi/Gongji/Hong/锤子攻击（红）_0014.png
04a241620b502104ab8588deb4b83f3d,Assets/Art/Image/Hero/Sequence/futou/gongji/zhi/紫色斧头蓄力完成（移动）_0005.png,Assets/Game/ColorTiming/Art/Image/Hero/Sequence/futou/gongji/zhi/紫色斧头蓄力完成（移动）_0005.png
04ae56b3698d3e844844cfcef2f009e7,Assets/Plugins/Spine/Editor/spine-unity/Editor/GUI/icon-attachment.png,Assets/Plugins/Spine/Editor/spine-unity/Editor/GUI/icon-attachment.png
04bac387d58d30545ba1c025c93dc0c2,Assets/Art/Image/Weapon/Tip1/WeaponTip1.anim,Assets/Game/ColorTiming/Art/Image/Weapon/Tip1/WeaponTip1.anim
04c82a4acf7b5244e947f2709ec3a6cf,Assets/Plugins/Spine/Editor/spine-unity/Editor/GUI/icon-skinPlaceholder.png,Assets/Plugins/Spine/Editor/spine-unity/Editor/GUI/icon-skinPlaceholder.png
04d3098d100ac4943a8cc959df2277e7,Assets/Art/Image/Scene/B1/a2,Assets/Game/ColorTiming/Art/Image/Scene/B1/a2
04f4424e8c074ef4c8e0888088b7f62a,Assets/Art/Image/Hero/Sequence/jiandao/gongji/绿色剪刀攻击_0009.png,Assets/Game/ColorTiming/Art/Image/Hero/Sequence/jiandao/gongji/绿色剪刀攻击_0009.png
04f9f3569efa39046a47cc4a4272589b,Assets/Art/Image/Boss/Spine/BOSS拆分3.png,Assets/Game/ColorTiming/Art/Image/Boss/Spine/BOSS拆分3.png
04fba80b0733488458763a6d5efd238e,Assets/Art/Image/yin/a5草投影.png,Assets/Game/ColorTiming/Art/Image/yin/a5草投影.png
05025b62337a14b4e8cf61dbe1e113ef,Assets/Art/Image/Scene/B1/a5/c/a5草动_36.png,Assets/Game/ColorTiming/Art/Image/Scene/B1/a5/c/a5草动_36.png
05055f6bd54561a4189ed7fccf84e011,Assets/Art/Image/Boss/tip/BOSS拆分_Material.mat,Assets/Game/ColorTiming/Art/Image/Boss/tip/BOSS拆分_Material.mat
0517dcbe2beefe04a9daf2d264b63a30,Assets/Art/Image/Hero/Sequence/Chuizi/Gongji/Hong/移动蓄力完成（红）_0000.png,Assets/Game/ColorTiming/Art/Image/Hero/Sequence/Chuizi/Gongji/Hong/移动蓄力完成（红）_0000.png
051c4ec4bda6d484f8d4c492f0545384,Assets/Art/Image/Hero/Sequence/Dao/gongji/橙色刀攻击_0012.png,Assets/Game/ColorTiming/Art/Image/Hero/Sequence/Dao/gongji/橙色刀攻击_0012.png
052a56793de1f014a9cf929f9604425b,Assets/Art/Image/Hero/Sequence/jiandao/daiji/绿色剪刀待机_0003.png,Assets/Game/ColorTiming/Art/Image/Hero/Sequence/jiandao/daiji/绿色剪刀待机_0003.png
05490b0732fda7b4c9c49ec5fbdd1cef,Assets/Art/Image/Hero/Sequence/futou/gongji/chen/橙色斧头攻击_0011.png,Assets/Game/ColorTiming/Art/Image/Hero/Sequence/futou/gongji/chen/橙色斧头攻击_0011.png
0555d0dd96126e943ab0a572ac582945,Assets/Art/Image/Scene/B1/a4/dj/skeleton-animation_007.png,Assets/Game/ColorTiming/Art/Image/Scene/B1/a4/dj/skeleton-animation_007.png
056a001560c600c49b2d71d285b9530a,Assets/Art/Image/Scene/B1/a3/dj/a3草待机_037.png,Assets/Game/ColorTiming/Art/Image/Scene/B1/a3/dj/a3草待机_037.png
056aff215c2f3bb44858f643adce33da,Assets/Art/Image/Scene/B1/a2/c/a2草动_28.png,Assets/Game/ColorTiming/Art/Image/Scene/B1/a2/c/a2草动_28.png
0578652af394c174e82fef63e5972d16,Assets/Art/Image/Hero/Sequence/Chuizi/Gongji/Zi/移动蓄力（紫）_0000.png,Assets/Game/ColorTiming/Art/Image/Hero/Sequence/Chuizi/Gongji/Zi/移动蓄力（紫）_0000.png
05885a6955026984bbbd38a1d16e869b,Assets/Art/Image/Hero/Sequence/Siwang/被击杀后_0030.png,Assets/Game/ColorTiming/Art/Image/Hero/Sequence/Siwang/被击杀后_0030.png
05a87c31cd7780347ba4cfe4a75ea5cc,Assets/Art/Sound/BGM/第二章bgm0526.wav,Assets/Game/ColorTiming/Art/Sound/BGM/第二章bgm0526.wav
05b27b949a9f8124884bd416e30432fd,Assets/Art/Image/Hero/Sequence/Dao/daiji/橙色刀待机_0011.png,Assets/Game/ColorTiming/Art/Image/Hero/Sequence/Dao/daiji/橙色刀待机_0011.png
05b56321b2ddd8145a888746bc6ab917,Assets/Plugins/Spine/Runtime/spine-csharp/Attachments/Attachment.cs,Assets/Plugins/Spine/Runtime/spine-csharp/Attachments/Attachment.cs
05c3f974330cc144cb53dac693665164,Assets/Art/Image/Scene/B1/a2/c/a2草动_60.png,Assets/Game/ColorTiming/Art/Image/Scene/B1/a2/c/a2草动_60.png
05c6bf6087bae924aba9928fcbe257b5,Assets/Art/Image/Hero/Sequence/Yidong/绿色移动_0004.png,Assets/Game/ColorTiming/Art/Image/Hero/Sequence/Yidong/绿色移动_0004.png
05cf4c1ed1de4e946af032323de87d0f,Assets/Art/Image/Hero/Sequence/futou/gongji/lv/绿色斧头攻击_0010.png,Assets/Game/ColorTiming/Art/Image/Hero/Sequence/futou/gongji/lv/绿色斧头攻击_0010.png
05f86b91682177d46ad27ce5c8d984e7,Assets/Art/Image/Hero/Sequence/jiandao/gongji/Skill/HitFX_Jiandao1.anim,Assets/Game/ColorTiming/Art/Image/Hero/Sequence/jiandao/gongji/Skill/HitFX_Jiandao1.anim
05fffea743cc9c449953a6ca9b72aac2,Assets/Art/Image/Hero/Sequence/Chuizi/Gongji/Zi/攻击动作（紫）_0003.png,Assets/Game/ColorTiming/Art/Image/Hero/Sequence/Chuizi/Gongji/Zi/攻击动作（紫）_0003.png
062927aa23491ab41816064e9829d276,Assets/Art/Image/Scene/B1/a2/dj/a2草待机_16.png,Assets/Game/ColorTiming/Art/Image/Scene/B1/a2/dj/a2草待机_16.png
0646169f86164494eba9bcfa07eb6e74,Assets/Art/Image/Hero/Sequence/futou/gongji/lv/绿色斧头蓄力（原地）_0005.png,Assets/Game/ColorTiming/Art/Image/Hero/Sequence/futou/gongji/lv/绿色斧头蓄力（原地）_0005.png
0646b5393cad6d94cae466e0a4c2a3a7,Assets/Art/Image/Hero/Sequence/Chuizi/yidong/紫色锤子移动_0004.png,Assets/Game/ColorTiming/Art/Image/Hero/Sequence/Chuizi/yidong/紫色锤子移动_0004.png
06493c48daaf48945b3371781545d510,Assets/Art/Image/Hero/Sequence/Zhadan/gongji/投掷动作（红）_0003.png,Assets/Game/ColorTiming/Art/Image/Hero/Sequence/Zhadan/gongji/投掷动作（红）_0003.png
064acc8774247c241988aa52395e3d41,Assets/Art/Image/Hero/Sequence/Chuizi/Gongji/Zi/原地蓄力（紫）_0009.png,Assets/Game/ColorTiming/Art/Image/Hero/Sequence/Chuizi/Gongji/Zi/原地蓄力（紫）_0009.png
0688f91a0b8c49140b1b912ad858499b,Assets/Art/Image/Scene/B1/a1/a1待_28.png,Assets/Game/ColorTiming/Art/Image/Scene/B1/a1/a1待_28.png
068d571d46866f74fb2a559303b1cb6d,Assets/Art/Image/Hero/Sequence/jiandao/gongji/红色剪刀攻击_0000.png,Assets/Game/ColorTiming/Art/Image/Hero/Sequence/jiandao/gongji/红色剪刀攻击_0000.png
06b949c374533cc4eb8b365057a992c1,Assets/Art/Image/Hero/Sequence/futou/gongji/hong/红色斧头蓄力（原地）_0015.png,Assets/Game/ColorTiming/Art/Image/Hero/Sequence/futou/gongji/hong/红色斧头蓄力（原地）_0015.png
06d5f4a1996bd904e8fe3ed9244de791,Assets/Art/Image/Hero/Sequence/Zhadan/skill/爆炸特效（紫）_0007.png,Assets/Game/ColorTiming/Art/Image/Hero/Sequence/Zhadan/skill/爆炸特效（紫）_0007.png
06d6f9d437cf6b547ae4d0bda23f2724,Assets/Art/Image/Scene/B1/a6/dj/a6草待机_128.png,Assets/Game/ColorTiming/Art/Image/Scene/B1/a6/dj/a6草待机_128.png
06d7af0080c0954409ba507318ea3381,Assets/Art/Image/Hero/Sequence/jiandao/yidong/绿色剪刀移动_0000.png,Assets/Game/ColorTiming/Art/Image/Hero/Sequence/jiandao/yidong/绿色剪刀移动_0000.png
06defdefa6311824b8c306904eb50664,Assets/Art/Image/Hero/Sequence/Siwang/sc/死亡动画背景_0018.png,Assets/Game/ColorTiming/Art/Image/Hero/Sequence/Siwang/sc/死亡动画背景_0018.png
06e7c8bba29a4ef48844925c4977ba5f,Assets/Art/Image/Scene/B1/a4/dj/skeleton-animation_032.png,Assets/Game/ColorTiming/Art/Image/Scene/B1/a4/dj/skeleton-animation_032.png
06f8a77b77919ca4581acf6b5357665a,Assets/Art/Image/Boss/Skill5/尖刺特效_10.png,Assets/Game/ColorTiming/Art/Image/Boss/Skill5/尖刺特效_10.png
071d35c9231d89643a51692dfb27d07e,Assets/Art/Image/Hero/Sequence/feiji/skill/红色飞机（空中）_0001.png,Assets/Game/ColorTiming/Art/Image/Hero/Sequence/feiji/skill/红色飞机（空中）_0001.png
072e7b07ec7fb1346a9dcd3bcbbb7111,Assets/Plugins/Spine/Runtime/spine-unity/Shaders/Sprite/CGIncludes/SpriteUnlit.cginc,Assets/Plugins/Spine/Runtime/spine-unity/Shaders/Sprite/CGIncludes/SpriteUnlit.cginc
074bfed9c6e13274b96da100303a4840,Assets/Art/Image/Boss/Spine2/BOSS拆分_BOSS拆分.mat,Assets/Game/ColorTiming/Art/Image/Boss/Spine2/BOSS拆分_BOSS拆分.mat
076cd7c5f6f7ee84e84bda7193f9f830,Assets/Art/Image/Hero/Sequence/feiji/skill/橙色飞机爆炸_0009.png,Assets/Game/ColorTiming/Art/Image/Hero/Sequence/feiji/skill/橙色飞机爆炸_0009.png
0773fa8ab08daad468a7261ead36d472,Assets/Art/Image/Boss/Skill5/尖刺特效_22.png,Assets/Game/ColorTiming/Art/Image/Boss/Skill5/尖刺特效_22.png
077f80db690ada340bd6f9f3c983723a,Assets/Art/Image/Scene/B1/a4/dj/skeleton-animation_082.png,Assets/Game/ColorTiming/Art/Image/Scene/B1/a4/dj/skeleton-animation_082.png
07807fefbff25484ba41b1d16911fb0e,Assets/Plugins/Spine/Runtime/spine-unity/Utility/TimelineExtensions.cs,Assets/Plugins/Spine/Runtime/spine-unity/Utility/TimelineExtensions.cs
078375279bfa7be45bd8c16d466d593b,Assets/Art/Image/Hero/Sequence/jiandao/gongji/红色剪刀攻击_0018.png,Assets/Game/ColorTiming/Art/Image/Hero/Sequence/jiandao/gongji/红色剪刀攻击_0018.png
078ee69004fa8f541a8cad063f49f774,Assets/Art/Image/Hero/Sequence/feiji/skill/feiji.controller,Assets/Game/ColorTiming/Art/Image/Hero/Sequence/feiji/skill/feiji.controller
07bac38c65a3466439c54e7f3e379e47,Assets/Art/Image/Hero/Sequence/Chuizi/Gongji/Lv/移动蓄力（绿）_0017.png,Assets/Game/ColorTiming/Art/Image/Hero/Sequence/Chuizi/Gongji/Lv/移动蓄力（绿）_0017.png
07c57d14881be5e47bfffa6dfaed497b,Assets/Art/Image/Scene/B1/a3/dj/a3草待机_055.png,Assets/Game/ColorTiming/Art/Image/Scene/B1/a3/dj/a3草待机_055.png
07d45f58416d501479b6130b64d75b49,Assets/Art/Image/Mouse/剑-红色.png,Assets/Game/ColorTiming/Art/Image/Mouse/剑-红色.png
07eb814c7b7fa8c43a88aeead692eb96,Assets/Art/Image/Hero/Sequence/Chuizi/Daiji/紫色锤子待机_0003.png,Assets/Game/ColorTiming/Art/Image/Hero/Sequence/Chuizi/Daiji/紫色锤子待机_0003.png
07ed8f0db883bdf47bd7c8d3520ad85a,Assets/Art/Image/Hero/Sequence/Chuizi/Gongji/Zi/攻击动作（紫）_0015.png,Assets/Game/ColorTiming/Art/Image/Hero/Sequence/Chuizi/Gongji/Zi/攻击动作（紫）_0015.png
08068c1bc7b706f4a80f6b176575fda1,Assets/Art/Image/Boss2/Skill/boss2_atk2.anim,Assets/Game/ColorTiming/Art/Image/Boss2/Skill/boss2_atk2.anim
080f8715284783e488220c54f5875299,Assets/Art/Image/Scene/B1/a2/dj/a2草待机_88.png,Assets/Game/ColorTiming/Art/Image/Scene/B1/a2/dj/a2草待机_88.png
081740c171d941142911f0a601e89ade,Assets/Game/Prefba/Scene/cao_a5.prefab,Assets/Game/Prefabs/World/ColorTiming/cao_a5.prefab
0817d955fc006f44eab0e196df7836ac,Assets/Game/Scripts/Pickup_Weapon.cs,Assets/Game/Scripts/ColorTiming/Legacy/Pickup_Weapon.cs
083b1d56c8b28614ebe8dfcd11f6801f,Assets/Art/Image/Hero/Sequence/futou/gongji/lv/绿色斧头蓄力（移动）_0002.png,Assets/Game/ColorTiming/Art/Image/Hero/Sequence/futou/gongji/lv/绿色斧头蓄力（移动）_0002.png
0851eccdaf102c846887c8aefa7b1f20,Assets/Art/Image/Hero/Sequence/Zhadan/daiji/紫色炸弹待机_0003.png,Assets/Game/ColorTiming/Art/Image/Hero/Sequence/Zhadan/daiji/紫色炸弹待机_0003.png
08582c61e18af97438942bb97afc61e0,Assets/Art/Image/Scene/B1/a2/dj/a2草待机_23.png,Assets/Game/ColorTiming/Art/Image/Scene/B1/a2/dj/a2草待机_23.png
086dc331343618444b71fb1a1c11e843,Assets/Art/Image/Hero/Sequence/feiji/gongji/橙色飞机投掷_0014.png,Assets/Game/ColorTiming/Art/Image/Hero/Sequence/feiji/gongji/橙色飞机投掷_0014.png
087b328a58c93b149bb977eee3a17258,Assets/Plugins/Spine/Runtime/spine-csharp/SkeletonBounds.cs,Assets/Plugins/Spine/Runtime/spine-csharp/SkeletonBounds.cs
08844f81b19a9ab48837de6ef7b3b6da,Assets/Art/Image/Scene/B1/a3/c/a3草动_59.png,Assets/Game/ColorTiming/Art/Image/Scene/B1/a3/c/a3草动_59.png
088fa8df69d412749aa2cd0c7d8c95ab,Assets/Art/Image/Boss/Skill5/尖刺特效_54.png,Assets/Game/ColorTiming/Art/Image/Boss/Skill5/尖刺特效_54.png
089fbe4d757b8e043854fdc46a4b5d76,Assets/Art/Image/Hero/Sequence/Dao/gongji/橙色刀攻击_0003.png,Assets/Game/ColorTiming/Art/Image/Hero/Sequence/Dao/gongji/橙色刀攻击_0003.png
08b76da7751523448a87e528c48a5399,Assets/Plugins/Spine/Runtime/spine-unity/Mesh Generation/DoubleBuffered.cs,Assets/Plugins/Spine/Runtime/spine-unity/Mesh Generation/DoubleBuffered.cs
08f82be3382af1f4e9ab10dfd60bd9da,Assets/Art/Image/Hero/Sequence/Chuizi/Gongji/Hong/移动蓄力完成（红）_0002.png,Assets/Game/ColorTiming/Art/Image/Hero/Sequence/Chuizi/Gongji/Hong/移动蓄力完成（红）_0002.png
0905b820f3e520a48a43f33c0126de8c,Assets/Game/Prefba/Scene/b2_cao_a2.prefab,Assets/Game/Prefabs/World/ColorTiming/b2_cao_a2.prefab
0910c29183a46f94b9e83cc61f0fe408,Assets/Art/Image/Scene/B1/a5/dj/skeleton-animation_059.png,Assets/Game/ColorTiming/Art/Image/Scene/B1/a5/dj/skeleton-animation_059.png
091988b937fbb5245bd1475b8c9566fe,Assets/Art/Image/Hero/Sequence/Zhadan/yidong/红色炸弹移动_0004.png,Assets/Game/ColorTiming/Art/Image/Hero/Sequence/Zhadan/yidong/红色炸弹移动_0004.png
092e1158af30d0e46bb1ae28ea11163a,Assets/Art/Image/Hero/Sequence/Dao/gongji/绿色刀攻击_0004.png,Assets/Game/ColorTiming/Art/Image/Hero/Sequence/Dao/gongji/绿色刀攻击_0004.png
09374c7c45672f44e913146159aae708,Assets/Art/Image/Hero/Sequence/feiji/skill/紫色飞机爆炸_0023.png,Assets/Game/ColorTiming/Art/Image/Hero/Sequence/feiji/skill/紫色飞机爆炸_0023.png
09478c42aa0375347898d942d287a819,Assets/Plugins/Spine/package.json,Assets/Plugins/Spine/package.json
094ffcf16a4e9934abed445eb682837d,Assets/Art/Image/Hero/Sequence/Daiji/待机_0011.png,Assets/Game/ColorTiming/Art/Image/Hero/Sequence/Daiji/待机_0011.png
09870a13c39db3e4882b99f9244fff55,Assets/Art/Image/Weapon/Tip2/提示圈-第二章_0013.png,Assets/Game/ColorTiming/Art/Image/Weapon/Tip2/提示圈-第二章_0013.png
09b034b005a45cc44b36ad747dcb32a7,Assets/Art/Image/Hero/Sequence/Chuizi/yidong/红色锤子移动_0005.png,Assets/Game/ColorTiming/Art/Image/Hero/Sequence/Chuizi/yidong/红色锤子移动_0005.png
09c3eed353ab610478da7e4da74af17a,Assets/Art/Image/Hero/Sequence/Zhadan/yidong/绿色炸弹移动_0004.png,Assets/Game/ColorTiming/Art/Image/Hero/Sequence/Zhadan/yidong/绿色炸弹移动_0004.png
09cadb0d75a54904896945ca87df01ad,Assets/Art/Image/Hero/Sequence/feiji/gongji/橙色飞机投掷_0008.png,Assets/Game/ColorTiming/Art/Image/Hero/Sequence/feiji/gongji/橙色飞机投掷_0008.png
09db8a3b07ccd2a488399d493edcaded,Assets/Art/Image/Scene/B1/a4/dj/skeleton-animation_035.png,Assets/Game/ColorTiming/Art/Image/Scene/B1/a4/dj/skeleton-animation_035.png
09f440b58a173f048a4ace1668aa70ed,Assets/Art/Image/Scene/B1/a2/dj/a2草待机_30.png,Assets/Game/ColorTiming/Art/Image/Scene/B1/a2/dj/a2草待机_30.png
09f7ec3edc49e6341b49ca09678b7d5a,Assets/Art/Image/Scene/B1/a6/dj/a6草待机_008.png,Assets/Game/ColorTiming/Art/Image/Scene/B1/a6/dj/a6草待机_008.png
09fafc09fe326cc48bc2568a9365dd73,Assets/Art/Image/Scene/B1/a3/dj/a3草待机_105.png,Assets/Game/ColorTiming/Art/Image/Scene/B1/a3/dj/a3草待机_105.png
0a41382aa0e254547bbff09187f7c1f4,Assets/Art/Image/Hero/Sequence/futou/gongji/zhi/紫色斧头攻击_0012.png,Assets/Game/ColorTiming/Art/Image/Hero/Sequence/futou/gongji/zhi/紫色斧头攻击_0012.png
0a49685f6ca12b6409d4268825d7054d,Assets/Art/Image/Scene/B1/a4/c/a4草动_00.png,Assets/Game/ColorTiming/Art/Image/Scene/B1/a4/c/a4草动_00.png
0a4987a23b1d0a04e83cef38e4ad87f5,Assets/Art/Image/Scene/B1/a2/dj/a2草待机_79.png,Assets/Game/ColorTiming/Art/Image/Scene/B1/a2/dj/a2草待机_79.png
0a4dd35de13f03d4e8820492bee974a1,Assets/Art/Image/Scene/B1/a3/dj/a3草待机_099.png,Assets/Game/ColorTiming/Art/Image/Scene/B1/a3/dj/a3草待机_099.png
0a568e9129f39ef4195e7eca9e0a0620,Assets/Art/Image/Scene/B2/cao/A2.png,Assets/Game/ColorTiming/Art/Image/Scene/B2/cao/A2.png
0a77e3a42b6bd814db93e9bdb5cb5931,Assets/Art/Image/Hero/Sequence/Siwang/sc/黑屏转场_0003.png,Assets/Game/ColorTiming/Art/Image/Hero/Sequence/Siwang/sc/黑屏转场_0003.png
0a8cd6f0e99a897468209a9c8b86b8ee,Assets/Art/Image/Scene/B1/a3/c/a3草动_58.png,Assets/Game/ColorTiming/Art/Image/Scene/B1/a3/c/a3草动_58.png
0a96676f41a2ca544b83b1bcb9fa9d40,Assets/Art/Image/Scene/B1/a4/dj/skeleton-animation_127.png,Assets/Game/ColorTiming/Art/Image/Scene/B1/a4/dj/skeleton-animation_127.png
0aa1cfab13abbf54cb0edee01cee9e50,Assets/Art/Image/Scene/B1/a1/a1待_04.png,Assets/Game/ColorTiming/Art/Image/Scene/B1/a1/a1待_04.png
0aed0ed8e08200445acda962c7170749,Assets/Art/Image/Hero/Sequence/Zhadan/gongji/投掷动作（红）_0004.png,Assets/Game/ColorTiming/Art/Image/Hero/Sequence/Zhadan/gongji/投掷动作（红）_0004.png
0b0b0d5a5fd355c4688576f419dd6a6b,Assets/Art/Image/Scene/B1/a1/a1待_58.png,Assets/Game/ColorTiming/Art/Image/Scene/B1/a1/a1待_58.png
0b1bcb09fa228d049ba3c9ea6a57e1ee,Assets/Plugins/Spine/Editor/spine-unity/Editor/GUI/icon-weights.png,Assets/Plugins/Spine/Editor/spine-unity/Editor/GUI/icon-weights.png
0b1e94588dce34d45afe28e13e4cbdb2,Assets/Art/Image/Scene/B1/a5/dj/skeleton-animation_034.png,Assets/Game/ColorTiming/Art/Image/Scene/B1/a5/dj/skeleton-animation_034.png
0b226dbd068f66a42ad3da022603a8f8,Assets/Art/Image/Scene/B1/a4/dj/skeleton-animation_046.png,Assets/Game/ColorTiming/Art/Image/Scene/B1/a4/dj/skeleton-animation_046.png
0b22ccf733ad6cd43ae6a9058490e599,Assets/Art/Image/Hero/Sequence/Yidong/Beimian/移动（背面）_0004.png,Assets/Game/ColorTiming/Art/Image/Hero/Sequence/Yidong/Beimian/移动（背面）_0004.png
0b53245ee077f9547a65e3bc0f69fee7,Assets/Art/Image/Scene/B1/a6/dj/a6草待机_068.png,Assets/Game/ColorTiming/Art/Image/Scene/B1/a6/dj/a6草待机_068.png
0b7e99f53bdd7d1409a61a9da4cf1b11,Assets/Art/Image/Scene/B1/a5/dj/skeleton-animation_061.png,Assets/Game/ColorTiming/Art/Image/Scene/B1/a5/dj/skeleton-animation_061.png
0b8b71abea48e2740b6e499ab56867ed,Assets/Art/Image/Scene/B1/a6/dj/a6草待机_134.png,Assets/Game/ColorTiming/Art/Image/Scene/B1/a6/dj/a6草待机_134.png
0b9101c6ee89450478ecd2a2d9928b6c,Assets/Art/Image/Hero/Sequence/futou/gongji/hong/红色斧头蓄力（移动）_0006.png,Assets/Game/ColorTiming/Art/Image/Hero/Sequence/futou/gongji/hong/红色斧头蓄力（移动）_0006.png
0b98294c1ad61b84abfa79c399f53f84,Assets/Art/Image/Hero/Sequence/futou/gongji/chen/橙色斧头攻击_0012.png,Assets/Game/ColorTiming/Art/Image/Hero/Sequence/futou/gongji/chen/橙色斧头攻击_0012.png
0bad6fd1aa45c77469fdd1ef7c1a4474,Assets/Art/Anim_Skill,Assets/Game/ColorTiming/Art/Anim_Skill
0bd7e72d41d03474abe2cecde3f2ccde,Assets/Art/Image/Scene/B1/a2/dj/a2草待机_01.png,Assets/Game/ColorTiming/Art/Image/Scene/B1/a2/dj/a2草待机_01.png
0bda04fcd2ed91148bdaa49044a5954c,Assets/Art/Image/Hero/Sequence/feiji/gongji/紫色飞机投掷_0017.png,Assets/Game/ColorTiming/Art/Image/Hero/Sequence/feiji/gongji/紫色飞机投掷_0017.png
0c2c718c517a44848a2bdcb8b4799ec1,Assets/Art/Image/Scene/B1/a6/dj/a6草待机_117.png,Assets/Game/ColorTiming/Art/Image/Scene/B1/a6/dj/a6草待机_117.png
0c4fedca0a1e73947835ee2b3830fe4f,Assets/Art/Image/Hero/Sequence/Chuizi/Gongji/Lv/攻击动作（绿）_0001.png,Assets/Game/ColorTiming/Art/Image/Hero/Sequence/Chuizi/Gongji/Lv/攻击动作（绿）_0001.png
0c5acfbe08e9fad4cac1f68ea0a7e6de,Assets/Art/Image/Hero/Sequence/Zhadan/skill/爆炸特效（绿）_0021.png,Assets/Game/ColorTiming/Art/Image/Hero/Sequence/Zhadan/skill/爆炸特效（绿）_0021.png
0c6295b095da26d45b15192402b16df7,Assets/Art/Image/UI_Start/试玩关卡2（正常）.png,Assets/Game/ColorTiming/Art/Image/UI_Start/试玩关卡2（正常）.png
0c7e8f216a0848b4fa2716c19c186be7,Assets/Art/Image/Scene/B1/a3/dj/a3草待机_040.png,Assets/Game/ColorTiming/Art/Image/Scene/B1/a3/dj/a3草待机_040.png
0ca9f2b3676bdf840bc2f05f3b71dfce,Assets/Art/Image/Hero/Sequence/Dao/daiji/橙色刀待机_0005.png,Assets/Game/ColorTiming/Art/Image/Hero/Sequence/Dao/daiji/橙色刀待机_0005.png
0ccb8942782f4274c8ce5ca06627bdb3,Assets/Art/Image/Hero/Sequence/Zhadan/gongji/投掷（绿）_0010.png,Assets/Game/ColorTiming/Art/Image/Hero/Sequence/Zhadan/gongji/投掷（绿）_0010.png
0ce79dbb98757dc4984d324197949a54,Assets/Art/Image/yin/a3草投影.png,Assets/Game/ColorTiming/Art/Image/yin/a3草投影.png
0cfb891658099ca4bb0c9544c08e60f9,Assets/Plugins/Spine/Runtime/spine-unity/Shaders/Sprite/CGIncludes/SpriteLighting.cginc,Assets/Plugins/Spine/Runtime/spine-unity/Shaders/Sprite/CGIncludes/SpriteLighting.cginc
0d04550c66df44541839121507fba785,Assets/Art/Image/Hero/Sequence/Chuizi/Gongji/Lv/攻击动作（绿）_0006.png,Assets/Game/ColorTiming/Art/Image/Hero/Sequence/Chuizi/Gongji/Lv/攻击动作（绿）_0006.png
0d1366db928f485459eaffa794fe23d8,Assets/Art/Image/Scene/B1/a5/c/a5草动_12.png,Assets/Game/ColorTiming/Art/Image/Scene/B1/a5/c/a5草动_12.png
0d15e5fdf6b982847bc3e7fbfe0ef4b7,Assets/Art/Image/Hero/Sequence/Chuizi/Gongji/Hong/原地蓄力（红）_0006.png,Assets/Game/ColorTiming/Art/Image/Hero/Sequence/Chuizi/Gongji/Hong/原地蓄力（红）_0006.png
0d2df3dd9a9990a4fbe0e6d961c08725,Assets/Art/Image/Hero/Sequence/Chuizi/Gongji,Assets/Game/ColorTiming/Art/Image/Hero/Sequence/Chuizi/Gongji
0d533d5cc5915f34bb834842540fb18f,Assets/Art/Image/Hero/Sequence/futou/gongji/chen/橙色斧头蓄力（原地）_0009.png,Assets/Game/ColorTiming/Art/Image/Hero/Sequence/futou/gongji/chen/橙色斧头蓄力（原地）_0009.png
0d6bbaa4349480249ac63c34f07aff8c,Assets/Art/Image/Hero/Sequence/feiji/gongji/绿色飞机投掷_0007.png,Assets/Game/ColorTiming/Art/Image/Hero/Sequence/feiji/gongji/绿色飞机投掷_0007.png
0d81cc76b52fcdf499b2db252a317726,Assets/Plugins/Spine/Editor/spine-unity/Editor/Components/SkeletonGraphicInspector.cs,Assets/Plugins/Spine/Editor/spine-unity/Editor/Components/SkeletonGraphicInspector.cs
0d8d185bd7013a2419defd5c17967cfb,Assets/Art/Image/Scene/B1/a6/dj/a6草待机_044.png,Assets/Game/ColorTiming/Art/Image/Scene/B1/a6/dj/a6草待机_044.png
0dc99a40220ec6d428010ae6882633b2,Assets/Art/Image/Scene/B1/a6/dj/a6草待机_085.png,Assets/Game/ColorTiming/Art/Image/Scene/B1/a6/dj/a6草待机_085.png
0dd1b633f35fd61439a85f1268473381,Assets/Art/Image/Scene/B1/a4/dj/skeleton-animation_110.png,Assets/Game/ColorTiming/Art/Image/Scene/B1/a4/dj/skeleton-animation_110.png
0e0e62b40f209e94d99fe34b32ebd7f3,Assets/Art/Image/Hero/Sequence/feiji/gongji/紫色飞机投掷_0015.png,Assets/Game/ColorTiming/Art/Image/Hero/Sequence/feiji/gongji/紫色飞机投掷_0015.png
0e12d29dafc1b2e45b9cda409c8d5708,Assets/Art/Image/Hero/Sequence/Chuizi/yidong/绿色锤子移动_0001.png,Assets/Game/ColorTiming/Art/Image/Hero/Sequence/Chuizi/yidong/绿色锤子移动_0001.png
0e1fd62858e73a2469bd5fe3a6856902,Assets/Art/Image/UI_ESC/返回主菜单（按下）.png,Assets/Game/ColorTiming/Art/Image/UI_ESC/返回主菜单（按下）.png
0e45ed73be04ec2459731839d72ca978,Assets/Art/Image/Weapon/飞机2.png,Assets/Game/ColorTiming/Art/Image/Weapon/飞机2.png
0e53ebe47422f1f40a271a15f933db20,Assets/Art/Image/Scene/B1/a5/dj/skeleton-animation_098.png,Assets/Game/ColorTiming/Art/Image/Scene/B1/a5/dj/skeleton-animation_098.png
0e58a938104d81d4da6b3b2067847448,Assets/Art/Image/Hero/Sequence/Zhadan,Assets/Game/ColorTiming/Art/Image/Hero/Sequence/Zhadan
0e5aedc6ca2e2ef4bb481372186d3a79,Assets/Art/Image/Hero/Sequence/Siwang/sc/死亡动画背景_0024.png,Assets/Game/ColorTiming/Art/Image/Hero/Sequence/Siwang/sc/死亡动画背景_0024.png
0ece47f9d82433d4c95f432efe9e2e88,Assets/Art/Image/Scene/B1/a3/dj/a3草待机_019.png,Assets/Game/ColorTiming/Art/Image/Scene/B1/a3/dj/a3草待机_019.png
0ecee92ba96b6664fb0399c89a411fb8,Assets/Art/Image/Hero/Sequence/Zhadan/gongji/投掷（紫）_0010.png,Assets/Game/ColorTiming/Art/Image/Hero/Sequence/Zhadan/gongji/投掷（紫）_0010.png
0ed0bc1787f26cc4a848c7ce5770bbbd,Assets/Art/Image/Weapon/Tip1/提示圈-第一章_0030.png,Assets/Game/ColorTiming/Art/Image/Weapon/Tip1/提示圈-第一章_0030.png
0ed3c844a4ca4884c8e28f2c7d8c690e,Assets/Game/Prefba/Game/Esc.prefab,Assets/Game/Prefabs/UI/ColorTiming/Game/Esc.prefab
0f8d13f5bc0f3704b9ce23026c5b34dd,Assets/Art/Image/Scene/B1/a3/dj/a3草待机_011.png,Assets/Game/ColorTiming/Art/Image/Scene/B1/a3/dj/a3草待机_011.png
0fa75f90b9fc4f24f8cfc0f1cc5a0a1f,Assets/Art/Image/Scene/B1/a3/c/a3草动_22.png,Assets/Game/ColorTiming/Art/Image/Scene/B1/a3/c/a3草动_22.png
0fd6811e75b72ab43a86133cf6e1d58f,Assets/Art/Mat/outline_sh.shader,Assets/Game/ColorTiming/Art/Mat/outline_sh.shader
0fd69f0300b18b54d8855dd006ec04ca,Assets/Art/Image/Scene/B1/a4/dj/skeleton-animation_024.png,Assets/Game/ColorTiming/Art/Image/Scene/B1/a4/dj/skeleton-animation_024.png
0fd7e98ec37d16341965a0d8662fab8b,Assets/Art/Image/Hero/Sequence/Dao/gongji/橙色刀攻击_0000.png,Assets/Game/ColorTiming/Art/Image/Hero/Sequence/Dao/gongji/橙色刀攻击_0000.png
0ff59fd13e465414d951d1a548e4194c,Assets/Art/Image/Hero/Sequence/Chuizi/Daiji/红色锤子待机_0002.png,Assets/Game/ColorTiming/Art/Image/Hero/Sequence/Chuizi/Daiji/红色锤子待机_0002.png
10030637fba46cf429054040c7eab914,Assets/Art/Image/Scene/B1/a3/dj/a3草待机_098.png,Assets/Game/ColorTiming/Art/Image/Scene/B1/a3/dj/a3草待机_098.png
10134197fb3d38641abbab09b4c899ac,Assets/Art/Image/UI_Start/试玩关卡1（按下）.png,Assets/Game/ColorTiming/Art/Image/UI_Start/试玩关卡1（按下）.png
1052826aea17f4a4da0c531d41c56212,Assets/Art/Image/Hero/Sequence/feiji/daiji/绿色飞机待机_0007.png,Assets/Game/ColorTiming/Art/Image/Hero/Sequence/feiji/daiji/绿色飞机待机_0007.png
108de40890c46f94399a90ad6348e3f0,Assets/Art/Image/Hero/Sequence/futou/gongji/skill/sk_futou.anim,Assets/Game/ColorTiming/Art/Image/Hero/Sequence/futou/gongji/skill/sk_futou.anim
10918bc9c97b0144b9fec9f96eeb0d12,Assets/Art/Image/Hero/Sequence/feiji/gongji/橙色飞机投掷_0001.png,Assets/Game/ColorTiming/Art/Image/Hero/Sequence/feiji/gongji/橙色飞机投掷_0001.png
10afa555e66a1534689bc7cc4b90d829,Assets/Art/Image/Weapon/炸2.png,Assets/Game/ColorTiming/Art/Image/Weapon/炸2.png
10afb60fe98f288418499049347372de,Assets/Art/Image/Hero/Sequence/feiji/gongji/红色飞机投掷_0017.png,Assets/Game/ColorTiming/Art/Image/Hero/Sequence/feiji/gongji/红色飞机投掷_0017.png
10b5e2d63d3a11d4ab1a741699aa88d1,Assets/Game/Scripts/UI/UI_HeroInfo.cs,Assets/Game/Scripts/ColorTiming/Legacy/UI/UI_HeroInfo.cs
10b972efa79f03947b4e612f08b25fd6,Assets/Art/Image/Hero/Sequence/feiji/yidong/橙色飞机移动_0005.png,Assets/Game/ColorTiming/Art/Image/Hero/Sequence/feiji/yidong/橙色飞机移动_0005.png
10bae4665c297694d844b691ae479301,Assets/Art/Image/Scene/B1/a3/c/a3草动_09.png,Assets/Game/ColorTiming/Art/Image/Scene/B1/a3/c/a3草动_09.png
10e0b626d7ae7394a934ee9f2fb81b5a,Assets/Plugins/Spine/Editor/spine-unity/Editor/Shaders,Assets/Plugins/Spine/Editor/spine-unity/Editor/Shaders
10e76958608ed9342be19169d186ff0c,Assets/Art/Image/Hero/Sequence/feiji/gongji/绿色飞机投掷_0009.png,Assets/Game/ColorTiming/Art/Image/Hero/Sequence/feiji/gongji/绿色飞机投掷_0009.png
10f885726cd6ae64ba21848e1f3fb4b6,Assets/Art/Image/Hero/Sequence/Chuizi/Gongji/Lv/移动蓄力（绿）_0001.png,Assets/Game/ColorTiming/Art/Image/Hero/Sequence/Chuizi/Gongji/Lv/移动蓄力（绿）_0001.png
10fa2ad8a6b6d514e907c9b1815379d8,Assets/Art/Image/Scene/B1/a3/dj/a3草待机_004.png,Assets/Game/ColorTiming/Art/Image/Scene/B1/a3/dj/a3草待机_004.png
10fab3f69a099be4391fe8a1ad880c65,Assets/Plugins/Spine/Runtime/spine-unity/Shaders/Outline/Spine-Skeleton-Lit-Outline.shader,Assets/Plugins/Spine/Runtime/spine-unity/Shaders/Outline/Spine-Skeleton-Lit-Outline.shader
10ff6436d4cbf164bbab20b69fe285ed,Assets/Art/Image/Hero/Sequence/futou/gongji/lv/绿色斧头攻击_0011.png,Assets/Game/ColorTiming/Art/Image/Hero/Sequence/futou/gongji/lv/绿色斧头攻击_0011.png
11059b8313b55be4baa450d226ef8555,Assets/Art/Image/Scene/B1/a3/dj/a3草待机_093.png,Assets/Game/ColorTiming/Art/Image/Scene/B1/a3/dj/a3草待机_093.png
110af4acc6a791946aa99b44493d80fd,Assets/Art/Image/Boss/Skill5/尖刺特效_53.png,Assets/Game/ColorTiming/Art/Image/Boss/Skill5/尖刺特效_53.png
11177811e89d18d46a865590acf1d6f1,Assets/Art/Image/Scene/B1/a2/c/a2草动_61.png,Assets/Game/ColorTiming/Art/Image/Scene/B1/a2/c/a2草动_61.png
11406a956f8f04746bc8e3142f6cf893,Assets/Art/Image/Hero/Sequence/feiji/yidong/橙色飞机移动_0000.png,Assets/Game/ColorTiming/Art/Image/Hero/Sequence/feiji/yidong/橙色飞机移动_0000.png
1197e4d6ade1f384b90eb4ddacfd1fe5,Assets/Art/Image/Scene/B1/a4/c/a4草动_22.png,Assets/Game/ColorTiming/Art/Image/Scene/B1/a4/c/a4草动_22.png
119f9a712017d2f4789cf9b2de0dc200,Assets/Art/Image/Scene/B1/a5/dj/skeleton-animation_090.png,Assets/Game/ColorTiming/Art/Image/Scene/B1/a5/dj/skeleton-animation_090.png
11b254cce9ca0324882eeab251e8f257,Assets/Art/Image/Hero/Sequence/jiandao/gongji/紫色剪刀攻击_0013.png,Assets/Game/ColorTiming/Art/Image/Hero/Sequence/jiandao/gongji/紫色剪刀攻击_0013.png
11db76905dbaba54099390893ca557d8,Assets/Art/Camera,Assets/Game/ColorTiming/Art/Camera
11f1b261d4ed2b94db1714d0f7ffe2fd,Assets/Game/Scripts/Boss1Anim.cs,Assets/Game/Scripts/ColorTiming/Legacy/Boss1Anim.cs
1231d3f2750760b438d6687d6bc69d55,Assets/Art/Image/Scene/B1/a2/dj/a2草待机_52.png,Assets/Game/ColorTiming/Art/Image/Scene/B1/a2/dj/a2草待机_52.png
12388a1196d62994ba8624d2d555cf11,Assets/Art/Image/Hero/Sequence/Siwang/被击杀后_0035.png,Assets/Game/ColorTiming/Art/Image/Hero/Sequence/Siwang/被击杀后_0035.png
12617c8b677be734cbc14331cf11ffb4,Assets/Art/Image/Scene/B1/a4/dj,Assets/Game/ColorTiming/Art/Image/Scene/B1/a4/dj
1285de0c22c19b5479981de89928011b,Assets/Art/Image/Scene/B1/a2/dj/a2草待机_24.png,Assets/Game/ColorTiming/Art/Image/Scene/B1/a2/dj/a2草待机_24.png
128e3dc92c019d5448d93566affd3c0b,Assets/Art/Image/Scene/B1/a2/dj/a2草待机_29.png,Assets/Game/ColorTiming/Art/Image/Scene/B1/a2/dj/a2草待机_29.png
1294eaa746c84b4409ba7ece97ba686e,Assets/Art/Image/Hero/Sequence/feiji/gongji/红色飞机投掷_0008.png,Assets/Game/ColorTiming/Art/Image/Hero/Sequence/feiji/gongji/红色飞机投掷_0008.png
12a1e9bdbb9eb2443b224cd2f22cabf4,Assets/Art/Image/Hero/Sequence/Chuizi/Gongji/Lv/攻击动作（绿）_0003.png,Assets/Game/ColorTiming/Art/Image/Hero/Sequence/Chuizi/Gongji/Lv/攻击动作（绿）_0003.png
12ac3c1c7546be24fb9625d3c850619d,Assets/Plugins/Spine/Runtime/spine-csharp/Skeleton.cs,Assets/Plugins/Spine/Runtime/spine-csharp/Skeleton.cs
12b0b98acbcda44468a7ae4e35000abe,Assets/Plugins/Spine/Runtime/spine-unity/SkeletonDataModifierAssets/BlendModeMaterials/BlendModeMaterialsAsset.cs,Assets/Plugins/Spine/Runtime/spine-unity/SkeletonDataModifierAssets/BlendModeMaterials/BlendModeMaterialsAsset.cs
12bdb34e76de19e4f880498decaf3b1f,Assets/Art/Image/Hero/Sequence/Chuizi/Gongji/Lv/移动蓄力（绿）_0016.png,Assets/Game/ColorTiming/Art/Image/Hero/Sequence/Chuizi/Gongji/Lv/移动蓄力（绿）_0016.png
12bff087fb6a772438a66473bd2f2d5d,Assets/Art/Image/Hero/Sequence/Siwang/sc/黑屏转场_0000.png,Assets/Game/ColorTiming/Art/Image/Hero/Sequence/Siwang/sc/黑屏转场_0000.png
12c72a590472c0342a94140737b48575,Assets/Art/Image/Scene/B1/a2/dj/a2草待机_21.png,Assets/Game/ColorTiming/Art/Image/Scene/B1/a2/dj/a2草待机_21.png
12d30d8c415a04c4fbdd78ae26774848,Assets/Art/Image/Weapon/飞机3带白边.png,Assets/Game/ColorTiming/Art/Image/Weapon/飞机3带白边.png
12d3640e55a431142ba6871d7147105a,Assets/Art/Image/Scene/B1/a3/dj/a3草待机_045.png,Assets/Game/ColorTiming/Art/Image/Scene/B1/a3/dj/a3草待机_045.png
12e9223056dbca345b7f566f30576952,Assets/Art/Image/Hero/Sequence/futou/daiji/紫色斧头待机_0005.png,Assets/Game/ColorTiming/Art/Image/Hero/Sequence/futou/daiji/紫色斧头待机_0005.png
12fbe11aff8719149bc4f0e4d736068f,Assets/Art/Image/Scene/B1/a4/dj/skeleton-animation_017.png,Assets/Game/ColorTiming/Art/Image/Scene/B1/a4/dj/skeleton-animation_017.png
1301dd3e594b1344e8bf100628afd4b9,Assets/Art/Image/Hero/Sequence/Chuizi/Gongji/Lv/移动蓄力完成（绿）_0004.png,Assets/Game/ColorTiming/Art/Image/Hero/Sequence/Chuizi/Gongji/Lv/移动蓄力完成（绿）_0004.png
1307f7b5c44e2194f97d4e3cf65acc7c,Assets/Art/Image/Scene/B1/a6/dj/a6草待机_123.png,Assets/Game/ColorTiming/Art/Image/Scene/B1/a6/dj/a6草待机_123.png
131aa0633c1bb5b43949ac9cd3162bf9,Assets/Art/Image/Scene/B1/a6/c/a6草动_46.png,Assets/Game/ColorTiming/Art/Image/Scene/B1/a6/c/a6草动_46.png
132d27de07f39784e93535125c51ea55,Assets/Art/Image/Scene/B1/a2/dj/a2草待机_83.png,Assets/Game/ColorTiming/Art/Image/Scene/B1/a2/dj/a2草待机_83.png
132e23a8232181b45b194b5a3cd4beda,Assets/Art/Image/Hero/Sequence/Zhadan/gongji/投掷（绿）_0011.png,Assets/Game/ColorTiming/Art/Image/Hero/Sequence/Zhadan/gongji/投掷（绿）_0011.png
133003715a558a94bbacd678e189fb99,Assets/Art/Image/Hero/Sequence/feiji/yidong/紫色飞机移动_0003.png,Assets/Game/ColorTiming/Art/Image/Hero/Sequence/feiji/yidong/紫色飞机移动_0003.png
1339c59ed0d500c469d247fe9e3c36f4,Assets/Art/Image/Scene/B1/a1/a1待_09.png,Assets/Game/ColorTiming/Art/Image/Scene/B1/a1/a1待_09.png
133d1e36f27b8c64cabeb9ac9324eabb,Assets/Art/Image/Scene/B1/a2/dj/a2草待机_65.png,Assets/Game/ColorTiming/Art/Image/Scene/B1/a2/dj/a2草待机_65.png
135ec53c1cf55ee40b334be64c69cc11,Assets/Art/Image/Hero/Sequence/futou/daiji/daiji_futou_hong.anim,Assets/Game/ColorTiming/Art/Image/Hero/Sequence/futou/daiji/daiji_futou_hong.anim
13664d229ed10964f85e3b510f015670,Assets/Game/Prefba/UI/HeroHP_Item.prefab,Assets/Game/Prefabs/UI/ColorTiming/HeroHP_Item.prefab
138efca555129db4b974a350c928b3d1,Assets/Art/Image/Hero/Sequence/futou/gongji/chen/xuliw_do_f_chen.anim,Assets/Game/ColorTiming/Art/Image/Hero/Sequence/futou/gongji/chen/xuliw_do_f_chen.anim
1392f6081adac904f9653e36000f7838,Assets/Art/Image/Hero/Sequence/Siwang/sc/死亡动画背景_0021.png,Assets/Game/ColorTiming/Art/Image/Hero/Sequence/Siwang/sc/死亡动画背景_0021.png
13ac2a2eec4ee8f468ffce6814b3ce79,Assets/Art/Image/Scene/B1/a2/c/a2草动_66.png,Assets/Game/ColorTiming/Art/Image/Scene/B1/a2/c/a2草动_66.png
13dee88451fe0e140b735a6024b86e97,Assets/Art/Image/Scene/B1/a5/dj/skeleton-animation_026.png,Assets/Game/ColorTiming/Art/Image/Scene/B1/a5/dj/skeleton-animation_026.png
13ed30de306713844baa26542eade3e2,Assets/Art/Image/Scene/B1/a5/dj/skeleton-animation_114.png,Assets/Game/ColorTiming/Art/Image/Scene/B1/a5/dj/skeleton-animation_114.png
1408c96b832ba334685a828433ba5961,Assets/Art/Image/Scene/B1/a4/dj/skeleton-animation_005.png,Assets/Game/ColorTiming/Art/Image/Scene/B1/a4/dj/skeleton-animation_005.png
141ff7752abb76148a41492c53f76ff0,Assets/Art/Image/Hero/Sequence/Zhadan/gongji/投掷（绿）_0009.png,Assets/Game/ColorTiming/Art/Image/Hero/Sequence/Zhadan/gongji/投掷（绿）_0009.png
1471665379333eb48853cc1cd387fb32,Assets/Art/Image/Boss/Spine2/BOSS拆分_SkeletonData.asset,Assets/Game/ColorTiming/Art/Image/Boss/Spine2/BOSS拆分_SkeletonData.asset
14786e8dced2ffa4c85aaec3710cbf03,Assets/Art/Image/Hero/Sequence/futou/gongji/lv/绿色斧头蓄力（移动）_0008.png,Assets/Game/ColorTiming/Art/Image/Hero/Sequence/futou/gongji/lv/绿色斧头蓄力（移动）_0008.png
147f1f0bcec7f2e4a9997935a08db4bb,Assets/Art/Image/Mouse/剑-橙色.png,Assets/Game/ColorTiming/Art/Image/Mouse/剑-橙色.png
1485af4f5d7c73c44bac1ec439bc5a29,Assets/Art/Image/Scene/B1/a6/c/a6草动_20.png,Assets/Game/ColorTiming/Art/Image/Scene/B1/a6/c/a6草动_20.png
148c2b8abe202414b86129a7f772f16d,Assets/Art/Image/Hero/Sequence/futou/gongji/lv/绿色斧头攻击_0003.png,Assets/Game/ColorTiming/Art/Image/Hero/Sequence/futou/gongji/lv/绿色斧头攻击_0003.png
14b581f82a0f12d43959337d50144e02,Assets/Art/Image/Boss/Skill5/尖刺特效_62.png,Assets/Game/ColorTiming/Art/Image/Boss/Skill5/尖刺特效_62.png
14c4f1ca72550854586f881f92304922,Assets/Game/Scripts/Skill/Skill_Bo1_Atk5_I.cs,Assets/Game/Scripts/ColorTiming/Legacy/Skill/Skill_Bo1_Atk5_I.cs
14d6a725c64cad04bb8d68450bd51212,Assets/Art/Image/Hero/Sequence/feiji/gongji/红色飞机投掷_0010.png,Assets/Game/ColorTiming/Art/Image/Hero/Sequence/feiji/gongji/红色飞机投掷_0010.png
151fe6410cb029c4196b75804221607d,Assets/Art/Image/Hero/Sequence/futou/gongji/zhi/xuli_yu_f_zhi.anim,Assets/Game/ColorTiming/Art/Image/Hero/Sequence/futou/gongji/zhi/xuli_yu_f_zhi.anim
15298f8579e7f924c8712b02b29894ba,Assets/Art/Image/Hero/Sequence/futou/gongji/lv/绿色斧头蓄力（原地）_0006.png,Assets/Game/ColorTiming/Art/Image/Hero/Sequence/futou/gongji/lv/绿色斧头蓄力（原地）_0006.png
153121cb4329e8c46828de96860a80b9,Assets/Art/Image/Scene/B1/a2/c/a2草动_36.png,Assets/Game/ColorTiming/Art/Image/Scene/B1/a2/c/a2草动_36.png
1545e00bd9e8a7945963800ecb7838aa,Assets/Art/Image/Scene/B1/a2/dj/a2草待机_04.png,Assets/Game/ColorTiming/Art/Image/Scene/B1/a2/dj/a2草待机_04.png
15461f5accf48584a9594daffd71497a,Assets/Art/Image/Scene/B1/a1/a1_cao.anim,Assets/Game/ColorTiming/Art/Image/Scene/B1/a1/a1_cao.anim
154dec5b3cbb76e47854b5ef1117b15b,Assets/Art/Image/Hero/Sequence/Shouji/受击动画_0005.png,Assets/Game/ColorTiming/Art/Image/Hero/Sequence/Shouji/受击动画_0005.png
1557ca20ff712fe4497dcdf7d365286f,Assets/Art/Image/Hero/Sequence/jiandao/gongji/红色剪刀攻击_0014.png,Assets/Game/ColorTiming/Art/Image/Hero/Sequence/jiandao/gongji/红色剪刀攻击_0014.png
155e83e413dac244683f626f9950ab36,Assets/Art/Image/Scene/B1/a4/dj/skeleton-animation_119.png,Assets/Game/ColorTiming/Art/Image/Scene/B1/a4/dj/skeleton-animation_119.png
156bd862815a5a1489becf9418969357,Assets/Art/Image/Scene/B1/a4/dj/skeleton-animation_092.png,Assets/Game/ColorTiming/Art/Image/Scene/B1/a4/dj/skeleton-animation_092.png
158598d0c5685e8489c56f6d0e2ca42a,Assets/Art/Image/Hero/Sequence/feiji/daiji/紫色飞机待机_0010.png,Assets/Game/ColorTiming/Art/Image/Hero/Sequence/feiji/daiji/紫色飞机待机_0010.png
1587efb490c0da848a7af27ef8c7e2d0,Assets/Art/Image/Scene/B1/a6/dj/a6草待机_014.png,Assets/Game/ColorTiming/Art/Image/Scene/B1/a6/dj/a6草待机_014.png
158fe6c2cd70e81409182ff1776a3cf1,Assets/Art/Image/Hero/Sequence/feiji/skill/feiji_chen.anim,Assets/Game/ColorTiming/Art/Image/Hero/Sequence/feiji/skill/feiji_chen.anim
15a25945c4af9f34ea76aae912aa5bd4,Assets/Scenes/StartMenu.unity,Assets/Game/Scene/StartMenu.unity
15ac4befbee15d845ac289de3ab6d3d4,Assets/Plugins/Spine/Runtime/spine-unity/Utility/YieldInstructions,Assets/Plugins/Spine/Runtime/spine-unity/Utility/YieldInstructions
15e447f375cebe3499ed40ab0165cd87,Assets/Art/Image/Hero/Sequence/feiji/yidong/紫色飞机移动_0004.png,Assets/Game/ColorTiming/Art/Image/Hero/Sequence/feiji/yidong/紫色飞机移动_0004.png
15e7287cd43d8ec44b17b3a97a31912c,Assets/Art/Image/Hero/Sequence/futou/gongji/zhi/紫色斧头蓄力完成（原地）_0001.png,Assets/Game/ColorTiming/Art/Image/Hero/Sequence/futou/gongji/zhi/紫色斧头蓄力完成（原地）_0001.png
15f0f78b87720c047a320c5e0e3f91b7,Assets/Plugins/Spine/Runtime/spine-unity/Asset Types/RegionlessAttachmentLoader.cs,Assets/Plugins/Spine/Runtime/spine-unity/Asset Types/RegionlessAttachmentLoader.cs
15fc09bf79a80cb45b24b16fa1850763,Assets/Art/Image/Hero/Sequence/Dao/daiji/紫色刀待机_0000.png,Assets/Game/ColorTiming/Art/Image/Hero/Sequence/Dao/daiji/紫色刀待机_0000.png
160b562d86a139c46b91753a864a718b,Assets/Art/Image/Hero/Sequence/futou/gongji/zhi/紫色斧头蓄力（原地）_0001.png,Assets/Game/ColorTiming/Art/Image/Hero/Sequence/futou/gongji/zhi/紫色斧头蓄力（原地）_0001.png
161f10e7463ba4949bb13f06664990cf,Assets/Game/Prefba/Scene/b2_cao_c2.prefab,Assets/Game/Prefabs/World/ColorTiming/b2_cao_c2.prefab
1634097edda18d447943c5546434ed99,Assets/Art/Image/Hero/Sequence/Dao/yidong/yidong_dao_hong.anim,Assets/Game/ColorTiming/Art/Image/Hero/Sequence/Dao/yidong/yidong_dao_hong.anim
1656b7dc4a7aa4149bf3d1c5a02206fa,Assets/Art/Image/Hero/Sequence/Dao/yidong/红色刀移动_0000.png,Assets/Game/ColorTiming/Art/Image/Hero/Sequence/Dao/yidong/红色刀移动_0000.png
1661267696dfe4d4596db0c5c1a82aec,Assets/Art/Image/Boss/Skill5/尖刺特效_56.png,Assets/Game/ColorTiming/Art/Image/Boss/Skill5/尖刺特效_56.png
16bc00fda76fe284fb4bfb470f156f54,Assets/Art/Mat,Assets/Game/ColorTiming/Art/Mat
16db9fed7cf1eb046a7e9dc8d93fd259,Assets/Art/Image/Hero/Sequence/Zhadan/daiji/绿色炸弹待机_0008.png,Assets/Game/ColorTiming/Art/Image/Hero/Sequence/Zhadan/daiji/绿色炸弹待机_0008.png
16e3b623e60501f4e86c1b68df53f153,Assets/Art/Image/Weapon/飞机1带白边.png,Assets/Game/ColorTiming/Art/Image/Weapon/飞机1带白边.png
16fbcfb5e341ff44bb99593fff04539d,Assets/Plugins/Spine/Runtime/spine-unity/SkeletonDataModifierAssets/BlendModeMaterials,Assets/Plugins/Spine/Runtime/spine-unity/SkeletonDataModifierAssets/BlendModeMaterials
173464ddf4cdb6640a4dfa8a9281ad69,Assets/Plugins/Spine/Editor/spine-unity-editor.asmdef,Assets/Plugins/Spine/Editor/spine-unity-editor.asmdef
1738dae036749b44fa2159f953524133,Assets/Art/Image/Hero/Sequence/Chuizi/Gongji/Zi/攻击动作（紫）_0006.png,Assets/Game/ColorTiming/Art/Image/Hero/Sequence/Chuizi/Gongji/Zi/攻击动作（紫）_0006.png
17509e2097253b544a41c23b25f4ba70,Assets/Art/Image/Scene/B1/a6/dj/a6草待机_091.png,Assets/Game/ColorTiming/Art/Image/Scene/B1/a6/dj/a6草待机_091.png
17761dbbadac2ed4493d798c6d0b1acc,Assets/Art/Image/Hero/白色.png,Assets/Game/ColorTiming/Art/Image/Hero/白色.png
1779413a06c894f4a9d49097567c729c,Assets/Art/Image/ui/g2.png,Assets/Game/ColorTiming/Art/Image/ui/g2.png
177da18c3d2e0aa4cb39990ea011973c,Assets/Plugins/Spine/Runtime/spine-unity/Shaders/Outline/Spine-Skeleton-OutlineOnly-ZWrite.shader,Assets/Plugins/Spine/Runtime/spine-unity/Shaders/Outline/Spine-Skeleton-OutlineOnly-ZWrite.shader
178eb9f6327e79e4396bf233a5ef5feb,Assets/Art/Image/Scene/B1/a3/dj/a3草待机_082.png,Assets/Game/ColorTiming/Art/Image/Scene/B1/a3/dj/a3草待机_082.png
179f878ae102e4948a0cb1af3478a870,Assets/Art/Image/Hero/Sequence/Dao/gongji/橙色刀攻击_0007.png,Assets/Game/ColorTiming/Art/Image/Hero/Sequence/Dao/gongji/橙色刀攻击_0007.png
17a01232747f0cf4eaf649a2f9aa336e,Assets/Art/Image/Scene/B1/a3/dj/a3草待机_123.png,Assets/Game/ColorTiming/Art/Image/Scene/B1/a3/dj/a3草待机_123.png
17c00a1041e5d414a95b714a28a76073,Assets/Art/Image/Hero/Sequence/Yidong/绿色移动_0000.png,Assets/Game/ColorTiming/Art/Image/Hero/Sequence/Yidong/绿色移动_0000.png
17c32f759f4824247b219816109ad53f,Assets/Art/Image/Scene/B1/a1/a1待_88.png,Assets/Game/ColorTiming/Art/Image/Scene/B1/a1/a1待_88.png
17c476e67a4797e46993631afd3f2664,Assets/Art/Image/Hero/Sequence/feiji/摔倒后起身_0001.png,Assets/Game/ColorTiming/Art/Image/Hero/Sequence/feiji/摔倒后起身_0001.png
17d22972867fd7e489acdc255e939de3,Assets/Art/Image/Hero/Sequence/Dao/gongji/红色刀攻击_0010.png,Assets/Game/ColorTiming/Art/Image/Hero/Sequence/Dao/gongji/红色刀攻击_0010.png
17e763ca89682714fbcf191a24953c76,Assets/Art/Image/Scene/B1/jianci/b2.png,Assets/Game/ColorTiming/Art/Image/Scene/B1/jianci/b2.png
17ef33577a97e00499c50c8de9fa54c1,Assets/Art/Image/Hero/Sequence/feiji/gongji/橙色飞机投掷_0006.png,Assets/Game/ColorTiming/Art/Image/Hero/Sequence/feiji/gongji/橙色飞机投掷_0006.png
1809030ba6d5cc74189571df8b1d3891,Assets/Art/Sound/paper_plane_flight.WAV,Assets/Game/ColorTiming/Art/Sound/paper_plane_flight.WAV
182d78bceebd0b34bb6dd158d7f33511,Assets/Art/Image/Scene/B1/a6/dj/a6草待机_032.png,Assets/Game/ColorTiming/Art/Image/Scene/B1/a6/dj/a6草待机_032.png
1833a20bc3177824980975d2edde3ab8,Assets/Art/Image/UI_ESC/关闭提示弹窗（正常）.png,Assets/Game/ColorTiming/Art/Image/UI_ESC/关闭提示弹窗（正常）.png
183c4763f68db81408dc74446193dfe3,Assets/Art/Image/ui/g3.png,Assets/Game/ColorTiming/Art/Image/ui/g3.png
184622c1d9123e44ea2f3d560c3e9cfa,Assets/Art/Image/Hero/Sequence/Siwang/sc/死亡动画背景_0043.png,Assets/Game/ColorTiming/Art/Image/Hero/Sequence/Siwang/sc/死亡动画背景_0043.png
184772dda87ba464daea8bd9b100e203,Assets/Art/Image/Scene/B1/a4/c/a4草动_03.png,Assets/Game/ColorTiming/Art/Image/Scene/B1/a4/c/a4草动_03.png
18662073983fc3146b6265df9e0c56d8,Assets/Art/Image/Scene/B1/a6/dj/a6草待机_129.png,Assets/Game/ColorTiming/Art/Image/Scene/B1/a6/dj/a6草待机_129.png
186aaf2c84767c642b0b1755f3527db0,Assets/Art/Image/Scene/B1/a2/c/a2草动_30.png,Assets/Game/ColorTiming/Art/Image/Scene/B1/a2/c/a2草动_30.png
18756fae71b1f3b4fb99992c6cc1ae47,Assets/Art/Image/Hero/Sequence/futou/gongji/hong/红色斧头攻击_0005.png,Assets/Game/ColorTiming/Art/Image/Hero/Sequence/futou/gongji/hong/红色斧头攻击_0005.png
1892c8154fd2bc74d9ffffac6ca469fb,Assets/Art/Sound/blanket_walk-004.wav,Assets/Game/ColorTiming/Art/Sound/blanket_walk-004.wav
189e0a9e4def0bc49a50d848bb810a9b,Assets/Art/Image/Scene/B1/a3/dj/a3草待机_029.png,Assets/Game/ColorTiming/Art/Image/Scene/B1/a3/dj/a3草待机_029.png
18b43868c93926543a04175efbf87289,Assets/Art/Image/Hero/Sequence/Zhadan/daiji/daiji_zhadan_hong.anim,Assets/Game/ColorTiming/Art/Image/Hero/Sequence/Zhadan/daiji/daiji_zhadan_hong.anim
18be3cfb48664b049867b5937b3417e8,Assets/Art/Image/Scene/B1/a6/dj/a6草待机_015.png,Assets/Game/ColorTiming/Art/Image/Scene/B1/a6/dj/a6草待机_015.png
18c9dde00041358448f6d39a8261d04c,Assets/Art/Image/Hero/Sequence/Chuizi/Gongji/Lv/攻击动作（绿）_0017.png,Assets/Game/ColorTiming/Art/Image/Hero/Sequence/Chuizi/Gongji/Lv/攻击动作（绿）_0017.png
18d95e83c34883741bedbf0afb8ffbc5,Assets/Art/Image/UI_Start/开始游戏（悬停）.png,Assets/Game/ColorTiming/Art/Image/UI_Start/开始游戏（悬停）.png
18e957026e596e44aa81fb86e4e422ea,Assets/Art/Image/Weapon/Tip2/提示圈-第二章_0030.png,Assets/Game/ColorTiming/Art/Image/Weapon/Tip2/提示圈-第二章_0030.png
18ee2876d53412642bbfa1070a1b947f,Assets/Plugins/Spine/Editor/spine-unity/Modules/SlotBlendModes,Assets/Plugins/Spine/Editor/spine-unity/Modules/SlotBlendModes
18fb80eb32b8e5448a8a7e98eba79036,Assets/Art/Image/Weapon/Tip1/HpTip1.controller,Assets/Game/ColorTiming/Art/Image/Weapon/Tip1/HpTip1.controller
1918b4387e118844c9c87b97ab85e5c0,Assets/Art/Image/Scene/B1/a4/c/a4草动_23.png,Assets/Game/ColorTiming/Art/Image/Scene/B1/a4/c/a4草动_23.png
1922ee9f5aa559841a944f39ae01f3df,Assets/Art/Image/Hero/Sequence/feiji/daiji/红色飞机待机_0005.png,Assets/Game/ColorTiming/Art/Image/Hero/Sequence/feiji/daiji/红色飞机待机_0005.png
192d9231f703a1a4cbae9f9271643812,Assets/Art/Image/Scene/B1/a5/c/a5草动_42.png,Assets/Game/ColorTiming/Art/Image/Scene/B1/a5/c/a5草动_42.png
1977d4ff9c46ba84e89b788dd651e18f,Assets/Art/Image/Scene/B1/a6/c/a6草动_65.png,Assets/Game/ColorTiming/Art/Image/Scene/B1/a6/c/a6草动_65.png
199f2c85d21be8c4bb311dc474b71931,Assets/Art/Image/Scene/B1/a4/dj/skeleton-animation_072.png,Assets/Game/ColorTiming/Art/Image/Scene/B1/a4/dj/skeleton-animation_072.png
19a7070d32465974ea5d80d21c6793d0,Assets/Art/Image/Hero/Sequence/feiji/gongji/红色飞机投掷_0015.png,Assets/Game/ColorTiming/Art/Image/Hero/Sequence/feiji/gongji/红色飞机投掷_0015.png
19ad4ed3bc8550c4ea58cdc11ddc08b2,Assets/Game/Scripts/Skill/Skill_Bo2w_Atk.cs,Assets/Game/Scripts/ColorTiming/Legacy/Skill/Skill_Bo2w_Atk.cs
19d19408c17df7947b4a0e642d57ac30,Assets/Art/Image/Hero/Sequence/jiandao/yidong/绿色剪刀移动_0001.png,Assets/Game/ColorTiming/Art/Image/Hero/Sequence/jiandao/yidong/绿色剪刀移动_0001.png
1a0d849f36ee12f4baead22420348e09,Assets/Art/Image/Hero/Sequence/Zhadan/yidong/绿色炸弹移动_0003.png,Assets/Game/ColorTiming/Art/Image/Hero/Sequence/Zhadan/yidong/绿色炸弹移动_0003.png
1a1b45a7f2953274ba06ec6eea1e5635,Assets/Art/Image/Scene/B1/a6/dj/a6草待机_075.png,Assets/Game/ColorTiming/Art/Image/Scene/B1/a6/dj/a6草待机_075.png
1a22fd56eae0a8a47bd943b48a0d15de,Assets/Art/Image/Hero/Sequence/futou/gongji/zhi/紫色斧头蓄力（原地）_0009.png,Assets/Game/ColorTiming/Art/Image/Hero/Sequence/futou/gongji/zhi/紫色斧头蓄力（原地）_0009.png
1a29a09812bf57348b20499b72df5efb,Assets/Art/Image/Hero/Sequence/jiandao/daiji/紫色剪刀待机_0005.png,Assets/Game/ColorTiming/Art/Image/Hero/Sequence/jiandao/daiji/紫色剪刀待机_0005.png
1a3d7b654fa30554cb947b718e7006a4,Assets/Art/Image/ui/r3.png,Assets/Game/ColorTiming/Art/Image/ui/r3.png
1a9384984c25a104da9fa8e43fd5b513,Assets/Art/Image/Hero/Sequence/Chuizi/Gongji/Lv/原地蓄力（绿）_0009.png,Assets/Game/ColorTiming/Art/Image/Hero/Sequence/Chuizi/Gongji/Lv/原地蓄力（绿）_0009.png
1a9cb7a5f06fb164eb32278a25f8ef79,Assets/Art/Image/Scene/B1/a2/dj/a2草待机_87.png,Assets/Game/ColorTiming/Art/Image/Scene/B1/a2/dj/a2草待机_87.png
1aa62c3dd2389174cb27fe06b090fd13,Assets/Art/Image/Scene/B1/a3/dj/a3草待机_044.png,Assets/Game/ColorTiming/Art/Image/Scene/B1/a3/dj/a3草待机_044.png
1aa907e43e00d594cabf71a2ce274a62,Assets/Art/Image/Scene/B1/a4/dj/skeleton-animation_088.png,Assets/Game/ColorTiming/Art/Image/Scene/B1/a4/dj/skeleton-animation_088.png
1ab91b3aa1a02f74d926aa44a8814d00,Assets/Art/Image/Hero/Sequence/Zhadan/skill/爆炸特效（紫）_0017.png,Assets/Game/ColorTiming/Art/Image/Hero/Sequence/Zhadan/skill/爆炸特效（紫）_0017.png
1aba8a1c03c9cbf4387f36aabc53c420,Assets/Art/Image/Hero/Sequence/Chuizi/Gongji/Hong/锤子攻击（红）_0000.png,Assets/Game/ColorTiming/Art/Image/Hero/Sequence/Chuizi/Gongji/Hong/锤子攻击（红）_0000.png
1abe798de302f844fa1740a6ff009517,Assets/Art/Image/Scene/B1/a5/c/a5草动_64.png,Assets/Game/ColorTiming/Art/Image/Scene/B1/a5/c/a5草动_64.png
1ad4318c20ec5674a9f4d7f786afd681,Assets/Plugins/Spine/Editor/spine-unity/Modules/SlotBlendModes/Editor,Assets/Plugins/Spine/Editor/spine-unity/Modules/SlotBlendModes/Editor
1afa37025c1e57d4ba3dfec27cf90344,Assets/Art/Image/Weapon/炸1.png,Assets/Game/ColorTiming/Art/Image/Weapon/炸1.png
1b0052363529b5b4c9eab71b091d18ea,Assets/Art/Image/Hero/Sequence/jiandao/gongji/Skill/剪刀命中特效1_0004.png,Assets/Game/ColorTiming/Art/Image/Hero/Sequence/jiandao/gongji/Skill/剪刀命中特效1_0004.png
1b0248ab0febbe146b298ae960625b73,Assets/Art/Image/Weapon/刀1带白边.png,Assets/Game/ColorTiming/Art/Image/Weapon/刀1带白边.png
1b12e80021bc25c4a82ce0887d0b712f,Assets/Art/Image/Hero/Sequence/feiji/gongji/橙色飞机投掷_0017.png,Assets/Game/ColorTiming/Art/Image/Hero/Sequence/feiji/gongji/橙色飞机投掷_0017.png
1b1fdd0117b2d4c4db0e7cfee6dcbb59,Assets/Art/Image/Weapon/Tip1/提示圈-第一章_0029.png,Assets/Game/ColorTiming/Art/Image/Weapon/Tip1/提示圈-第一章_0029.png
1b20936b00037ce4e8fa8edd652c4059,Assets/Art/Image/Scene/B1/a6/dj/a6草待机_031.png,Assets/Game/ColorTiming/Art/Image/Scene/B1/a6/dj/a6草待机_031.png
1b490a5c1970d18448a455d9d8b660e9,Assets/Art/Image/Weapon/Tip2/HPTip2.anim,Assets/Game/ColorTiming/Art/Image/Weapon/Tip2/HPTip2.anim
1b56401d2192ad14586bf832f367b739,Assets/Art/Image/Scene/B1/a4/dj/skeleton-animation_067.png,Assets/Game/ColorTiming/Art/Image/Scene/B1/a4/dj/skeleton-animation_067.png
1b5c730eca0a3044d9926b0e646e0481,Assets/Art/Image/Hero/Sequence/Zhadan/skill,Assets/Game/ColorTiming/Art/Image/Hero/Sequence/Zhadan/skill
1b7462b88f40b7a4fa8b4924a4ce830e,Assets/Art/Image/Hero/Sequence/Siwang/被击杀后_0003.png,Assets/Game/ColorTiming/Art/Image/Hero/Sequence/Siwang/被击杀后_0003.png
1b778cca83c6953468ad2be54745c969,Assets/Art/Image/Scene/B1/a5/dj/skeleton-animation_094.png,Assets/Game/ColorTiming/Art/Image/Scene/B1/a5/dj/skeleton-animation_094.png
1b795dfb8a67eb84d90b511ef7df5165,Assets/Art/Image/ui/橙色戒刀.png,Assets/Game/ColorTiming/Art/Image/ui/橙色戒刀.png
1b8ef23de5224c0438ce71fb82fe3e7c,Assets/Art/Image/Hero/Sequence/Zhadan/skill/爆炸特效（紫）_0015.png,Assets/Game/ColorTiming/Art/Image/Hero/Sequence/Zhadan/skill/爆炸特效（紫）_0015.png
1b920e64eb554ad46847088e6f8bbda2,Assets/Game/Prefba/Bo2_Dundi.prefab,Assets/Game/Prefabs/Entity/ColorTiming/Bo2_Dundi.prefab
1b973c41c5dc5b845b405106da7b569f,Assets/Art/Image/Hero/Sequence/futou/gongji/lv/绿色斧头蓄力（原地）_0014.png,Assets/Game/ColorTiming/Art/Image/Hero/Sequence/futou/gongji/lv/绿色斧头蓄力（原地）_0014.png
1ba22d5da3e9d274db4cc2cd5d80ffd6,Assets/Art/Image/Scene/B1/a5/c/a5草动_03.png,Assets/Game/ColorTiming/Art/Image/Scene/B1/a5/c/a5草动_03.png
1bb51f920e9e4a443b857eccdb5034df,Assets/Art/Image/Scene/B1/a3/c/a3草动_48.png,Assets/Game/ColorTiming/Art/Image/Scene/B1/a3/c/a3草动_48.png
1bc3ec7656f564542b290ad5b6bc44eb,Assets/Art/Image/Hero/Sequence/Zhadan/skill/爆炸特效（绿）_0007.png,Assets/Game/ColorTiming/Art/Image/Hero/Sequence/Zhadan/skill/爆炸特效（绿）_0007.png
1bc84584af4aab244829748dd7b37ce2,Assets/Art/Image/Scene/B1/a3/dj/a3草待机_075.png,Assets/Game/ColorTiming/Art/Image/Scene/B1/a3/dj/a3草待机_075.png
1bd33cda4a98c2f4c8ea94fd669e51e1,Assets/Game/Prefba/Scene/cao_a1.prefab,Assets/Game/Prefabs/World/ColorTiming/cao_a1.prefab
1be50a42dba5b7141a6ef692417e86e0,Assets/Art/Image/Hero/Sequence/futou/gongji/zhi/紫色斧头蓄力（移动）_0011.png,Assets/Game/ColorTiming/Art/Image/Hero/Sequence/futou/gongji/zhi/紫色斧头蓄力（移动）_0011.png
1bf3fc848905c314196f779dcf30bbab,Assets/Art/Image/Scene/B1/a5/a5_cao_c.anim,Assets/Game/ColorTiming/Art/Image/Scene/B1/a5/a5_cao_c.anim
1bf8fd476d074f449bbae932a1c8a360,Assets/Plugins/Spine/Editor/spine-unity/Modules/SkeletonRenderSeparator,Assets/Plugins/Spine/Editor/spine-unity/Modules/SkeletonRenderSeparator
1c0b968d1e7333b499e347acb644f1c1,Assets/Plugins/Spine/Runtime/spine-unity/Components/SkeletonRenderSeparator/SkeletonPartsRenderer.cs,Assets/Plugins/Spine/Runtime/spine-unity/Components/SkeletonRenderSeparator/SkeletonPartsRenderer.cs
1c0bf7b497af9f74280040d96cdf88da,Assets/Plugins/Spine/Runtime/spine-unity/Components/Following/BoundingBoxFollowerGraphic.cs,Assets/Plugins/Spine/Runtime/spine-unity/Components/Following/BoundingBoxFollowerGraphic.cs
1c0e4111850b483409e55ec87857b80d,Assets/Art/Image/Hero/Sequence/futou/gongji/chen/橙色斧头蓄力（原地）_0017.png,Assets/Game/ColorTiming/Art/Image/Hero/Sequence/futou/gongji/chen/橙色斧头蓄力（原地）_0017.png
1c73f7cf46ee8074a88057282c14b13c,Assets/Art/Image/ui/橙色斧头.png,Assets/Game/ColorTiming/Art/Image/ui/橙色斧头.png
1c8eaa97ec6fb344297d92a14d696867,Assets/Art/Anim_Skill/sk_bo1_atk5.controller,Assets/Game/ColorTiming/Art/Anim_Skill/sk_bo1_atk5.controller
1c9a464762b05804b8ca1597256511e6,Assets/Art/Image/Scene/B1/a1/a1待_18.png,Assets/Game/ColorTiming/Art/Image/Scene/B1/a1/a1待_18.png
1ca396299cd2e604e88ff2a2148ef1da,Assets/Art/Image/Hero/Sequence/Siwang/被击杀时的震动_0001.png,Assets/Game/ColorTiming/Art/Image/Hero/Sequence/Siwang/被击杀时的震动_0001.png
1cdba4ffdbf1cd24dbcc19581f7c93a6,Assets/Art/Image/Hero/Sequence/Dao/yidong/红色刀移动_0003.png,Assets/Game/ColorTiming/Art/Image/Hero/Sequence/Dao/yidong/红色刀移动_0003.png
1ce4f1f2caf188049a6f2139ec210d1d,Assets/Art/Image/Boss2/di/skeleton_Atlas.asset,Assets/Game/ColorTiming/Art/Image/Boss2/di/skeleton_Atlas.asset
1d17f3fbe27e4ad49a538f2877d224b2,Assets/Art/Image/Hero/Sequence/futou/gongji/chen/橙色斧头蓄力（移动）_0000.png,Assets/Game/ColorTiming/Art/Image/Hero/Sequence/futou/gongji/chen/橙色斧头蓄力（移动）_0000.png
1d23c485af9ff1543a0c6c3c61faeeb7,Assets/Art/Image/Scene/B1/a6/dj/a6草待机_077.png,Assets/Game/ColorTiming/Art/Image/Scene/B1/a6/dj/a6草待机_077.png
1d321adf698683a43b8686a048110f2a,Assets/Art/Image/Scene/B1/a3/dj/a3草待机_023.png,Assets/Game/ColorTiming/Art/Image/Scene/B1/a3/dj/a3草待机_023.png
1d3d42003b72b614080d58abc7f5f199,Assets/Art/Image/Hero/Sequence/Daiji,Assets/Game/ColorTiming/Art/Image/Hero/Sequence/Daiji
1d3e1518ae643a749b086bc7972893d2,Assets/Plugins/Spine/Runtime/spine-unity/Shaders/Outline/Spine-Special-Skeleton-Grayscale-Outline.shader,Assets/Plugins/Spine/Runtime/spine-unity/Shaders/Outline/Spine-Special-Skeleton-Grayscale-Outline.shader
1d3e603a12453584f858a1ea5d4ee3b2,Assets/Art/Image/Hero/Sequence/feiji/skill/红色飞机爆炸_0005.png,Assets/Game/ColorTiming/Art/Image/Hero/Sequence/feiji/skill/红色飞机爆炸_0005.png
1d51a0a84fb9d9247985840a81c44280,Assets/Art/Image/Hero/Sequence/Zhadan/skill/爆炸特效（红）_0022.png,Assets/Game/ColorTiming/Art/Image/Hero/Sequence/Zhadan/skill/爆炸特效（红）_0022.png
1d5fa773d485c254887f042859b20d77,Assets/Art/Image/Hero/Sequence/Zhadan/skill/爆炸特效（紫）_0023.png,Assets/Game/ColorTiming/Art/Image/Hero/Sequence/Zhadan/skill/爆炸特效（紫）_0023.png
1d5ff45d8b6117845ac207093469fed4,Assets/Art/Image/Weapon/Tip2/提示圈-第二章_0007.png,Assets/Game/ColorTiming/Art/Image/Weapon/Tip2/提示圈-第二章_0007.png
1d7352a1ef5c81d49ab88886164cdf4f,Assets/Art/Image/ui/红色炸弹.png,Assets/Game/ColorTiming/Art/Image/ui/红色炸弹.png
1d7a1c0d54f304e4fa0944f6c9591fb1,Assets/Art/Image/Hero/Sequence/Yidong/Beimian/红色移动（背面）_0001.png,Assets/Game/ColorTiming/Art/Image/Hero/Sequence/Yidong/Beimian/红色移动（背面）_0001.png
1d7ebd202f50f5744ae074cd1d5ef8be,Assets/Art/Image/Scene/B1/a5/dj/skeleton-animation_095.png,Assets/Game/ColorTiming/Art/Image/Scene/B1/a5/dj/skeleton-animation_095.png
1da92fdc420b9f54b871774622e0db63,Assets/Art/Image/Hero/Sequence/Zhadan/daiji/红色炸弹待机_0003.png,Assets/Game/ColorTiming/Art/Image/Hero/Sequence/Zhadan/daiji/红色炸弹待机_0003.png
1db455ae2cec71a46a8edb3d3cd900db,Assets/Art/Image/Hero/Sequence/Siwang/death.anim,Assets/Game/ColorTiming/Art/Image/Hero/Sequence/Siwang/death.anim
1dbbf0cf44983e44183c797558872fa4,Assets/Art/Image/Hero/Sequence/feiji/daiji/橙色飞机待机_0001.png,Assets/Game/ColorTiming/Art/Image/Hero/Sequence/feiji/daiji/橙色飞机待机_0001.png
1dc4b7c23385e8c43ad19d01cbed78ce,Assets/Plugins/Spine/Runtime/spine-unity/Asset Types,Assets/Plugins/Spine/Runtime/spine-unity/Asset Types
1dec8f2c1eb32354aa3b8182da49157b,Assets/Art/Image/Hero/Sequence/Dao/gongji/紫色刀攻击_0004.png,Assets/Game/ColorTiming/Art/Image/Hero/Sequence/Dao/gongji/紫色刀攻击_0004.png
1df093dc1c6893d45b1549697705fddf,Assets/Art/Image/Hero/Sequence/jiandao/yidong/红色剪刀移动_0000.png,Assets/Game/ColorTiming/Art/Image/Hero/Sequence/jiandao/yidong/红色剪刀移动_0000.png
1df2078b97f3c1d47a8a3c0e3b75aeb1,Assets/Art/Image/Scene/B1/a5/dj/skeleton-animation_030.png,Assets/Game/ColorTiming/Art/Image/Scene/B1/a5/dj/skeleton-animation_030.png
1df63a3e67b70004ab0116f71dbc301f,Assets/Art/Image/Hero/Sequence/feiji/skill/紫色飞机爆炸_0015.png,Assets/Game/ColorTiming/Art/Image/Hero/Sequence/feiji/skill/紫色飞机爆炸_0015.png
1e1c1749a5d604f47b3d24d8c0ed0429,Assets/Art/Image/Hero/Sequence/Dao/daiji/绿色刀待机_0007.png,Assets/Game/ColorTiming/Art/Image/Hero/Sequence/Dao/daiji/绿色刀待机_0007.png
1e1c5cbeff549ee4b95090a29713c00a,Assets/Art/Image/Hero/Sequence/Chuizi/Gongji/Hong/原地蓄力完成（红）_0001.png,Assets/Game/ColorTiming/Art/Image/Hero/Sequence/Chuizi/Gongji/Hong/原地蓄力完成（红）_0001.png
1e4f1eaf763d9854da97b331adf81c0b,Assets/Art/Image/Scene/B1/a6/c/a6草动_29.png,Assets/Game/ColorTiming/Art/Image/Scene/B1/a6/c/a6草动_29.png
1e4f7c34360cfee4a9ec27674a7fa45f,Assets/Art/Image/Hero/Sequence/feiji/skill/绿色飞机爆炸_0023.png,Assets/Game/ColorTiming/Art/Image/Hero/Sequence/feiji/skill/绿色飞机爆炸_0023.png
1e6ba1bcfe9dd314194081e1b5d3dd61,Assets/Art/Image/Hero/Sequence/Daiji/待机_0005.png,Assets/Game/ColorTiming/Art/Image/Hero/Sequence/Daiji/待机_0005.png
1e745bd93705fa147a3ce91c118aa3fb,Assets/Art/Image/Hero/Sequence/Siwang/sc/死亡动画背景_0029.png,Assets/Game/ColorTiming/Art/Image/Hero/Sequence/Siwang/sc/死亡动画背景_0029.png
1e8a610c9e01c3648bac42585e5fc676,Assets/Plugins/Spine/Runtime/spine-unity/Shaders/Spine-Skeleton.shader,Assets/Plugins/Spine/Runtime/spine-unity/Shaders/Spine-Skeleton.shader
1e9bec1bbc811594b92bc1efaca8b309,Assets/Art/Image/Hero/Sequence/Chuizi/Gongji/Hong/锤子攻击（红）_0004.png,Assets/Game/ColorTiming/Art/Image/Hero/Sequence/Chuizi/Gongji/Hong/锤子攻击（红）_0004.png
1e9d4e5a661910440a103c9fac70ee1b,Assets/Art/Image/Scene/B1/a5/dj/skeleton-animation_100.png,Assets/Game/ColorTiming/Art/Image/Scene/B1/a5/dj/skeleton-animation_100.png
1ea1f8c9e988999419a93de22384f368,Assets/Art/Image/Hero/Sequence/futou/daiji/橙色斧头待机_0011.png,Assets/Game/ColorTiming/Art/Image/Hero/Sequence/futou/daiji/橙色斧头待机_0011.png
1ea3c8c39d97b684b930819f4693575d,Assets/Art/Image/Hero/Sequence/feiji/daiji/橙色飞机待机_0007.png,Assets/Game/ColorTiming/Art/Image/Hero/Sequence/feiji/daiji/橙色飞机待机_0007.png
1ea60d63021913b42b59d07178f095aa,Assets/Art/Image/ui/飞机操作提示.png,Assets/Game/ColorTiming/Art/Image/ui/飞机操作提示.png
1edd058a72587c14b98337e84b1b2d07,Assets/Art/Image/Weapon/Tip1/提示圈-第一章_0037.png,Assets/Game/ColorTiming/Art/Image/Weapon/Tip1/提示圈-第一章_0037.png
1eedf594c4b10b24593d164b6f1cb532,Assets/Art/Image/Scene/B1/a6/dj/a6草待机_105.png,Assets/Game/ColorTiming/Art/Image/Scene/B1/a6/dj/a6草待机_105.png
1ef38056da4937942b53ecc0b62df278,Assets/Art/Image/Scene/B1/a2/c/a2草动_69.png,Assets/Game/ColorTiming/Art/Image/Scene/B1/a2/c/a2草动_69.png
1f00161f2b2712d42a1b9d2b9ac34d1a,Assets/Art/Image/Hero/Sequence/feiji/skill/红色飞机爆炸_0012.png,Assets/Game/ColorTiming/Art/Image/Hero/Sequence/feiji/skill/红色飞机爆炸_0012.png
1f07974a417b6194fad030fb7771e33f,Assets/Art/Image/Hero/Sequence/futou/gongji/lv/绿色斧头蓄力（移动）_0016.png,Assets/Game/ColorTiming/Art/Image/Hero/Sequence/futou/gongji/lv/绿色斧头蓄力（移动）_0016.png
1f219e259eb8ccf45b1b638630ba7ce5,Assets/Art/Image/Hero/Sequence/Shouji/受击动画_0007.png,Assets/Game/ColorTiming/Art/Image/Hero/Sequence/Shouji/受击动画_0007.png
1f43ddf26cd69464ab6018bc2192bbe0,Assets/Art/Image/Hero/Sequence/feiji/daiji/绿色飞机待机_0003.png,Assets/Game/ColorTiming/Art/Image/Hero/Sequence/feiji/daiji/绿色飞机待机_0003.png
1f590dea976ed0c4ab2d7bf417472e8c,Assets/Art/Image/Hero/Sequence/futou/daiji/红色斧头待机_0008.png,Assets/Game/ColorTiming/Art/Image/Hero/Sequence/futou/daiji/红色斧头待机_0008.png
1f64609cf3d3da94f9b56288ff772130,Assets/Art/Image/Hero/Sequence/futou/daiji/绿色斧头待机_0005.png,Assets/Game/ColorTiming/Art/Image/Hero/Sequence/futou/daiji/绿色斧头待机_0005.png
1f710327cbfcf834abe159e4ccc7caba,Assets/Art/Image/Boss/tip/BOSS拆分_SkeletonData.asset,Assets/Game/ColorTiming/Art/Image/Boss/tip/BOSS拆分_SkeletonData.asset
1f867cf5c3ab98e41b10cd34ef829c03,Assets/Art/Image/Hero/Sequence/jiandao/gongji/紫色剪刀攻击_0005.png,Assets/Game/ColorTiming/Art/Image/Hero/Sequence/jiandao/gongji/紫色剪刀攻击_0005.png
1f88573f4a2803d4aad3c7916cb610c0,Assets/Art/Image/Hero/Sequence/feiji/gongji/橙色飞机投掷_0002.png,Assets/Game/ColorTiming/Art/Image/Hero/Sequence/feiji/gongji/橙色飞机投掷_0002.png
1fac37e076a42a446840cad78cd927d0,Assets/Art/Image/Scene/B1/a2/dj/a2草待机_50.png,Assets/Game/ColorTiming/Art/Image/Scene/B1/a2/dj/a2草待机_50.png
1fd7e4c9711fa5741bd7bd4603dfe5be,Assets/Art/Sound/grass_walk_004.WAV,Assets/Game/ColorTiming/Art/Sound/grass_walk_004.WAV
1fe6f857a64a98749ae628671962365a,Assets/Art/Image/Hero/Sequence/feiji/skill/红色飞机爆炸_0000.png,Assets/Game/ColorTiming/Art/Image/Hero/Sequence/feiji/skill/红色飞机爆炸_0000.png
1fec15fbc46ea7c47834c54789f87de8,Assets/Art/Image/Hero/Sequence/Zhadan/yidong/绿色炸弹移动_0001.png,Assets/Game/ColorTiming/Art/Image/Hero/Sequence/Zhadan/yidong/绿色炸弹移动_0001.png
20302dc1f61e8534781fc119d588e3d7,Assets/Art/Image/Hero/Sequence/jiandao/gongji/紫色剪刀攻击_0002.png,Assets/Game/ColorTiming/Art/Image/Hero/Sequence/jiandao/gongji/紫色剪刀攻击_0002.png
20588b97cad224d4ca49afdcf6f7e9ea,Assets/Art/Image/Scene/B1/a6/c/a6草动_45.png,Assets/Game/ColorTiming/Art/Image/Scene/B1/a6/c/a6草动_45.png
2067d533d8b64ee40ba26a35354b98cd,Assets/Art/Image/Hero/Sequence/Siwang/sc/死亡动画背景_0028.png,Assets/Game/ColorTiming/Art/Image/Hero/Sequence/Siwang/sc/死亡动画背景_0028.png
207f16ea29e0b3344b2e327d55864ed6,Assets/Art/Image/Hero/Sequence/futou/yidong/橙色斧头移动_0002.png,Assets/Game/ColorTiming/Art/Image/Hero/Sequence/futou/yidong/橙色斧头移动_0002.png
2085b02123ad4bf45bc1c62bc7e7c55e,Assets/Art/Image/Hero/Sequence/Chuizi/Gongji/Lv/原地蓄力（绿）_0014.png,Assets/Game/ColorTiming/Art/Image/Hero/Sequence/Chuizi/Gongji/Lv/原地蓄力（绿）_0014.png
2087247a8fd9db44fa6fde1969252651,Assets/Art/Image/Boss/Spine/BOSS拆分_BOSS拆分2.mat,Assets/Game/ColorTiming/Art/Image/Boss/Spine/BOSS拆分_BOSS拆分2.mat
20a0465122d79514093212fe107e759c,Assets/Art/Image/Scene/B1/a1/a1待_92.png,Assets/Game/ColorTiming/Art/Image/Scene/B1/a1/a1待_92.png
20a8b5d6c9b5c2d44b40c07689d4e92c,Assets/Art/Image/Scene/B1/a6/dj/a6草待机_119.png,Assets/Game/ColorTiming/Art/Image/Scene/B1/a6/dj/a6草待机_119.png
20b3d883f64c8a04684fe761028f6f30,Assets/Art/Image/Hero/Sequence/Dao/gongji/绿色刀攻击_0008.png,Assets/Game/ColorTiming/Art/Image/Hero/Sequence/Dao/gongji/绿色刀攻击_0008.png
20c0a34dfd3c53d47bc5d91a0c29dd6e,Assets/Game/Scripts/Boss1_CollionTest.cs,Assets/Game/Scripts/ColorTiming/Legacy/Boss1_CollionTest.cs
20eea542c358e304c899a07493cd29ec,Assets/Art/Image/Scene/B1/a2/dj/a2草待机_55.png,Assets/Game/ColorTiming/Art/Image/Scene/B1/a2/dj/a2草待机_55.png
211465c9f045fd142abe552a6ffdc799,Assets/Plugins/Spine/Editor/spine-unity/Modules/SkeletonRenderSeparator/Editor,Assets/Plugins/Spine/Editor/spine-unity/Modules/SkeletonRenderSeparator/Editor
2119f4fcdb30eb7438f3e1da29a02d38,Assets/Art/Image/Weapon/Tip2/提示圈-第二章_0039.png,Assets/Game/ColorTiming/Art/Image/Weapon/Tip2/提示圈-第二章_0039.png
21271c7b684ecdb4ba81fe8db76376e4,Assets/Art/Image/Weapon/Tip2/提示圈-第二章_0015.png,Assets/Game/ColorTiming/Art/Image/Weapon/Tip2/提示圈-第二章_0015.png
2128a21b89c44a0438f02cf6a1cb7af0,Assets/Art/Image/Hero/Sequence/futou/yidong/紫色斧头移动_0001.png,Assets/Game/ColorTiming/Art/Image/Hero/Sequence/futou/yidong/紫色斧头移动_0001.png
216f7fd7a2aef60408c38f3bb6fab0ca,Assets/Art/Image/Scene/B1/a3/c/a3草动_16.png,Assets/Game/ColorTiming/Art/Image/Scene/B1/a3/c/a3草动_16.png
2172e4c68b8fada4ca47ad675bc88016,Assets/Art/Image/Scene/B1/a4/dj/skeleton-animation_112.png,Assets/Game/ColorTiming/Art/Image/Scene/B1/a4/dj/skeleton-animation_112.png
217683f4b781e5742ab959f0a8736327,Assets/Art/Image/Scene/B1/a4/dj/skeleton-animation_048.png,Assets/Game/ColorTiming/Art/Image/Scene/B1/a4/dj/skeleton-animation_048.png
217f9fa102c36ba458066e2c8d21e026,Assets/Art/Image/Hero/Sequence/futou/gongji/zhi/紫色斧头蓄力（移动）_0016.png,Assets/Game/ColorTiming/Art/Image/Hero/Sequence/futou/gongji/zhi/紫色斧头蓄力（移动）_0016.png
21868061edf2aa0469b9d31304d63b9d,Assets/Art/Image/Scene/B1/a3/dj/a3草待机_007.png,Assets/Game/ColorTiming/Art/Image/Scene/B1/a3/dj/a3草待机_007.png
21a0975927a72fd4e80c6b2ad2395535,Assets/Art/Image/Hero/Sequence/Zhadan/gongji/gongji_zhadan_zi.anim,Assets/Game/ColorTiming/Art/Image/Hero/Sequence/Zhadan/gongji/gongji_zhadan_zi.anim
21bf10d9c26043d4384e17da97ae44b5,Assets/Art/Image/Hero/Sequence/Gongji/普攻特效_0006.png,Assets/Game/ColorTiming/Art/Image/Hero/Sequence/Gongji/普攻特效_0006.png
221db8f10bf8e61458e3aa5f17b2c4c0,Assets/Art/Image/Hero/Sequence/futou/gongji/lv/绿色斧头蓄力（移动）_0007.png,Assets/Game/ColorTiming/Art/Image/Hero/Sequence/futou/gongji/lv/绿色斧头蓄力（移动）_0007.png
223b3ad0b240716459b536a4ab39001a,Assets/Art/Image/Scene/B1/a4/c/a4草动_07.png,Assets/Game/ColorTiming/Art/Image/Scene/B1/a4/c/a4草动_07.png
223fc913f9d10a24cbdc97fe3f930f3d,Assets/Art/Image/Scene/B1/a4/dj/skeleton-animation_076.png,Assets/Game/ColorTiming/Art/Image/Scene/B1/a4/dj/skeleton-animation_076.png
22572953f309ff7469569d4cd0aedae2,Assets/Art/Image/Boss/Skill5/尖刺特效_51.png,Assets/Game/ColorTiming/Art/Image/Boss/Skill5/尖刺特效_51.png
225a72490ee5b2e499968d156ce40d61,Assets/Art/Image/Scene/B1/a2/dj/a2草待机_78.png,Assets/Game/ColorTiming/Art/Image/Scene/B1/a2/dj/a2草待机_78.png
226e81da32429ab43b75466e5b4bdf1c,Assets/Art/Image/Scene/B1/a2/c/a2草动_43.png,Assets/Game/ColorTiming/Art/Image/Scene/B1/a2/c/a2草动_43.png
229f65ae50a05ee49933da46f41fdb32,Assets/Art/Image/yin/玩家投影.png,Assets/Game/ColorTiming/Art/Image/yin/玩家投影.png
22c0225612a65ee4fb15bad49f644762,Assets/Plugins/Spine/Runtime/spine-unity/SkeletonDataModifierAssets/BlendModeMaterials/Default BlendModeMaterials.asset,Assets/Plugins/Spine/Runtime/spine-unity/SkeletonDataModifierAssets/BlendModeMaterials/Default BlendModeMaterials.asset
22e672c35e97f3b4982dd1e612f3734a,Assets/Art/Image/Scene/B1/a4/c/a4草动_62.png,Assets/Game/ColorTiming/Art/Image/Scene/B1/a4/c/a4草动_62.png
22e89beed3661664babc0f5cb56a7424,Assets/Art/Image/Boss/Skill5/尖刺特效_39.png,Assets/Game/ColorTiming/Art/Image/Boss/Skill5/尖刺特效_39.png
22faa655453b5d94bac84ff35954d32f,Assets/Art/Image/Hero/Sequence/Dao/gongji/绿色刀攻击_0009.png,Assets/Game/ColorTiming/Art/Image/Hero/Sequence/Dao/gongji/绿色刀攻击_0009.png
22fb84e491ac1cb4383ab0f94276aeb3,Assets/Art/Image/Hero/Sequence/feiji/skill/紫色飞机爆炸_0011.png,Assets/Game/ColorTiming/Art/Image/Hero/Sequence/feiji/skill/紫色飞机爆炸_0011.png
2301cc65529110245b4555e4aff2cc84,Assets/Game/Scripts/Skill,Assets/Game/Scripts/ColorTiming/Legacy/Skill
2304c46caf268ca4399e03af41183004,Assets/Art/Image/Hero/Sequence/Siwang/被击杀时的震动_0007.png,Assets/Game/ColorTiming/Art/Image/Hero/Sequence/Siwang/被击杀时的震动_0007.png
2304f571c27e4d44fab2e8747a65e465,Assets/Art/Image/Hero/Sequence/Siwang/被击杀后_0027.png,Assets/Game/ColorTiming/Art/Image/Hero/Sequence/Siwang/被击杀后_0027.png
2307a4f14e777354c8f4d22d9b79bea1,Assets/Game/Prefba,Assets/Game/Prefabs/Entity/ColorTiming
230bf89fe90a2cd469be8113f11c70e0,Assets/Art/Image/Scene/B1/a3/c/a3草动_46.png,Assets/Game/ColorTiming/Art/Image/Scene/B1/a3/c/a3草动_46.png
230c8a53998553248af1fa291d86233b,Assets/Art/Image/Hero/Sequence/Zhadan/daiji/绿色炸弹待机_0007.png,Assets/Game/ColorTiming/Art/Image/Hero/Sequence/Zhadan/daiji/绿色炸弹待机_0007.png
2311dae64b162a74ca78306f58f35f6c,Assets/Art/Image/Hero/Sequence/Yidong/Beimian/移动（背面）_0001.png,Assets/Game/ColorTiming/Art/Image/Hero/Sequence/Yidong/Beimian/移动（背面）_0001.png
23150b790e756d042b55d7cacbe4076e,Assets/Art/Image/Hero/Sequence/Zhadan/yidong/紫色炸弹移动_0005.png,Assets/Game/ColorTiming/Art/Image/Hero/Sequence/Zhadan/yidong/紫色炸弹移动_0005.png
231e4561992b7be4ab38e9def53c922c,Assets/Art/Image/Scene/B1/a5/c/a5草动_71.png,Assets/Game/ColorTiming/Art/Image/Scene/B1/a5/c/a5草动_71.png
2332e652b2dd8334986e86917ce6dee9,Assets/Art/Image/Scene/B1/a6/dj/a6草待机_041.png,Assets/Game/ColorTiming/Art/Image/Scene/B1/a6/dj/a6草待机_041.png
233a303c0a6042341bf9d52560975ba8,Assets/Game/Scripts/Tool,Assets/Game/Scripts/ColorTiming/Legacy/Tool
2340c9c04a7893f4cb7c9d078550499e,Assets/Art/Image/Hero/Sequence/Yidong/移动_0001.png,Assets/Game/ColorTiming/Art/Image/Hero/Sequence/Yidong/移动_0001.png
235f2dbd4f7fb0a47a155d32c5a8ace1,Assets/Art/Image/Scene/B1/a4/dj/skeleton-animation_062.png,Assets/Game/ColorTiming/Art/Image/Scene/B1/a4/dj/skeleton-animation_062.png
236402c5f73df9742a4e6c62d9f5ae66,Assets/Art/Image/Scene/B1/a5/dj/skeleton-animation_046.png,Assets/Game/ColorTiming/Art/Image/Scene/B1/a5/dj/skeleton-animation_046.png
23838e7b5b44fac4fbb6c1bfe073e4c2,Assets/Art/Image/Scene/B1/a2/dj/a2草待机_90.png,Assets/Game/ColorTiming/Art/Image/Scene/B1/a2/dj/a2草待机_90.png
2384e50687ae19243a660fbcde17aa41,Assets/Art/Image/Weapon/锤1亮.png,Assets/Game/ColorTiming/Art/Image/Weapon/锤1亮.png
238a87477d7817449b4b190d04542bfd,Assets/Art/Image/Scene/B1/a5/dj/skeleton-animation_082.png,Assets/Game/ColorTiming/Art/Image/Scene/B1/a5/dj/skeleton-animation_082.png
23da4b201c1332348960e81c904f2050,Assets/Art/Image/Weapon/Tip1/提示圈-第一章_0022.png,Assets/Game/ColorTiming/Art/Image/Weapon/Tip1/提示圈-第一章_0022.png
23e0998c0ee94c947b4ae3deeb884ab4,Assets/Art/Image/Scene/B1/a3/c/a3草动_55.png,Assets/Game/ColorTiming/Art/Image/Scene/B1/a3/c/a3草动_55.png
23e4d456d2902b144a9f5ee97dac4ee3,Assets/Art/Image/Hero/Sequence/futou/gongji/chen/橙色斧头蓄力（移动）_0012.png,Assets/Game/ColorTiming/Art/Image/Hero/Sequence/futou/gongji/chen/橙色斧头蓄力（移动）_0012.png
23eb51f7d6a4150479007b11592810c7,Assets/Art/Image/Hero/Sequence/futou/gongji/zhi/紫色斧头蓄力（移动）_0009.png,Assets/Game/ColorTiming/Art/Image/Hero/Sequence/futou/gongji/zhi/紫色斧头蓄力（移动）_0009.png
23fd0c83b7639d64cbd8174275e7bfd4,Assets/Art/Image/Hero/Sequence/futou/yidong/紫色斧头移动_0005.png,Assets/Game/ColorTiming/Art/Image/Hero/Sequence/futou/yidong/紫色斧头移动_0005.png
240dc3d69c29b4d458c65fd9b6a5099e,Assets/Art/Sound/boss_escaping_walk.WAV,Assets/Game/ColorTiming/Art/Sound/boss_escaping_walk.WAV
241b554cfd5e63747a92355006dd2255,Assets/Art/Image/Hero/Sequence/Zhadan/gongji/投掷动作（红）_0007.png,Assets/Game/ColorTiming/Art/Image/Hero/Sequence/Zhadan/gongji/投掷动作（红）_0007.png
241de205359a49744a69e9d37bdfbdd3,Assets/Art/Image/Scene/B1/a4/dj/skeleton-animation_122.png,Assets/Game/ColorTiming/Art/Image/Scene/B1/a4/dj/skeleton-animation_122.png
243e01999bbd9cf4b848401e0e6080cd,Assets/Art/Image/Scene/B1/a4/c/a4草动_47.png,Assets/Game/ColorTiming/Art/Image/Scene/B1/a4/c/a4草动_47.png
244c838b6ba90a4458c4afa30057dc95,Assets/Art/Image/Weapon/斧3带白边.png,Assets/Game/ColorTiming/Art/Image/Weapon/斧3带白边.png
2459d1aa6f0b13d4a9b8f51771711408,Assets/Art/Image/Scene/B1/a4/dj/skeleton-animation_025.png,Assets/Game/ColorTiming/Art/Image/Scene/B1/a4/dj/skeleton-animation_025.png
2477bfea33a4012458bc4a6b8a8afa25,Assets/Art/Image/Scene/B1/a5/dj/skeleton-animation_047.png,Assets/Game/ColorTiming/Art/Image/Scene/B1/a5/dj/skeleton-animation_047.png
247c52a2277a176419a4d777e5bc03ba,Assets/Art/Image/Hero/Sequence/futou/gongji/zhi/紫色斧头蓄力（移动）_0003.png,Assets/Game/ColorTiming/Art/Image/Hero/Sequence/futou/gongji/zhi/紫色斧头蓄力（移动）_0003.png
248043a55663cf941801589ee9db8b54,Assets/Art/Image/Hero/Sequence/futou/yidong/绿色斧头移动_0005.png,Assets/Game/ColorTiming/Art/Image/Hero/Sequence/futou/yidong/绿色斧头移动_0005.png
24903fdac57ee784b9597fcb751ec22f,Assets/Plugins/Spine/Editor/spine-unity/Editor/Resources,Assets/Plugins/Spine/Editor/spine-unity/Editor/Resources
24ab35a5d28b0ee419ed43abedac56c4,Assets/Art/Image/Hero/Sequence/futou/gongji/zhi/gongji_futou_zhi.anim,Assets/Game/ColorTiming/Art/Image/Hero/Sequence/futou/gongji/zhi/gongji_futou_zhi.anim
24bb6fa176f0ba440ad1e4091de9d16f,Assets/Art/Image/Scene/B1/a1/a1待_75.png,Assets/Game/ColorTiming/Art/Image/Scene/B1/a1/a1待_75.png
24bc1889646f9bf46bfb5517cdb84c7c,Assets/Art/Image/Boss2/di/skeleton.atlas.txt,Assets/Game/ColorTiming/Art/Image/Boss2/di/skeleton.atlas.txt
24c6563d50d3d9943afe33c331e9141d,Assets/Game/Scripts/Skill/Skill_Zhadan.cs,Assets/Game/Scripts/ColorTiming/Legacy/Skill/Skill_Zhadan.cs
24db3b21103d2a14ea1f12a1e629e412,Assets/Art/Image/Scene/B1/a6/c/a6草动_74.png,Assets/Game/ColorTiming/Art/Image/Scene/B1/a6/c/a6草动_74.png
24f197cc9ab2ffb4ba04aee5bf3dab48,Assets/Art/Image/Hero/Sequence/Chuizi/Gongji/Hong/原地蓄力（红）_0010.png,Assets/Game/ColorTiming/Art/Image/Hero/Sequence/Chuizi/Gongji/Hong/原地蓄力（红）_0010.png
24f3eaab54fdd90409fd3fdfdb36d0ab,Assets/Art/Image/Boss2/Skill/拖尾_0005.png,Assets/Game/ColorTiming/Art/Image/Boss2/Skill/拖尾_0005.png
25086cd81e3158b439761b73d7366c47,Assets/Plugins/Spine/Editor/spine-unity/Editor/Utility/AssetDatabaseAvailabilityDetector.cs,Assets/Plugins/Spine/Editor/spine-unity/Editor/Utility/AssetDatabaseAvailabilityDetector.cs
25256ec9e30a41e469fd5e369d503693,Assets/Art/Image/Hero/Sequence/futou/gongji/chen/橙色斧头蓄力（原地）_0016.png,Assets/Game/ColorTiming/Art/Image/Hero/Sequence/futou/gongji/chen/橙色斧头蓄力（原地）_0016.png
253491407d7815a409407f60cbde55e0,Assets/Art/Image/Scene/B1/a4/c/a4草动_74.png,Assets/Game/ColorTiming/Art/Image/Scene/B1/a4/c/a4草动_74.png
2547335fee2327d41a26bfa9764b5a98,Assets/Art/Sound/NewAudioMixer.mixer,Assets/Game/ColorTiming/Art/Sound/NewAudioMixer.mixer
254a8822a6ae5b14c8bdcd7c0de06c75,Assets/Art/Image/Scene/B1/a5/c/a5草动_25.png,Assets/Game/ColorTiming/Art/Image/Scene/B1/a5/c/a5草动_25.png
25596bc1f85288d429fd56ef6c0cc7dc,Assets/Art/Image/Hero/Sequence/Siwang/被击杀后_0006.png,Assets/Game/ColorTiming/Art/Image/Hero/Sequence/Siwang/被击杀后_0006.png
256040631a05bb44cac613058c18dde1,Assets/Art/Image/Hero/Sequence/Dao/daiji/daiji_dao_hong.anim,Assets/Game/ColorTiming/Art/Image/Hero/Sequence/Dao/daiji/daiji_dao_hong.anim
2586f3ce1f1552d4ab6ab62428d829a6,Assets/Art/Image/Scene/B1/a3/c/a3草动_42.png,Assets/Game/ColorTiming/Art/Image/Scene/B1/a3/c/a3草动_42.png
258d4fa19d787e5408577a815571016a,Assets/Art/Image/Hero/Sequence/Zhadan/gongji/投掷动作（红）_0005.png,Assets/Game/ColorTiming/Art/Image/Hero/Sequence/Zhadan/gongji/投掷动作（红）_0005.png
2594a6f7190b9ec4c90ec23a59328af2,Assets/Art/Image/Scene/B1/a3/dj/a3草待机_080.png,Assets/Game/ColorTiming/Art/Image/Scene/B1/a3/dj/a3草待机_080.png
2595bcc6bbd7c8d4eb432764594e8bd1,Assets/Art/Image/Scene/B1/a4/dj/skeleton-animation_034.png,Assets/Game/ColorTiming/Art/Image/Scene/B1/a4/dj/skeleton-animation_034.png
2596aee334b8fee47b8dec06f4c3aa80,Assets/Art/Image/Hero/Sequence/Chuizi/Gongji/Hong/移动蓄力（红）_0004.png,Assets/Game/ColorTiming/Art/Image/Hero/Sequence/Chuizi/Gongji/Hong/移动蓄力（红）_0004.png
259a7f9fc439387438d51f353831c030,Assets/Art/Sound/sprint_run-003.wav,Assets/Game/ColorTiming/Art/Sound/sprint_run-003.wav
25ceef568a3dad448bf8a14fcc326964,Assets/Plugins/Spine/Runtime/spine-unity/Utility/AtlasUtilities.cs,Assets/Plugins/Spine/Runtime/spine-unity/Utility/AtlasUtilities.cs
25e33964e4ec77c4188c7a56e3f5e0b1,Assets/Art/Image/Hero/Sequence/futou/gongji/lv/绿色斧头蓄力（移动）_0004.png,Assets/Game/ColorTiming/Art/Image/Hero/Sequence/futou/gongji/lv/绿色斧头蓄力（移动）_0004.png
26134e5f2112e2d4ab1985fc967e3a32,Assets/Art/Image/Hero/Sequence/Dao/gongji/红色刀攻击_0006.png,Assets/Game/ColorTiming/Art/Image/Hero/Sequence/Dao/gongji/红色刀攻击_0006.png
261b8e118d357a44da13e10b9bff2729,Assets/Art/Image/Scene/B1/a6/dj/a6草待机_009.png,Assets/Game/ColorTiming/Art/Image/Scene/B1/a6/dj/a6草待机_009.png
2620cddbf61f87f4090e6a18cc47077a,Assets/Art/Image/Hero/Sequence/futou/gongji/zhi/紫色斧头蓄力（移动）_0017.png,Assets/Game/ColorTiming/Art/Image/Hero/Sequence/futou/gongji/zhi/紫色斧头蓄力（移动）_0017.png
2629675db0c957445a3445da413137fa,Assets/Art/Image/Scene/B1/a4/c/a4草动_11.png,Assets/Game/ColorTiming/Art/Image/Scene/B1/a4/c/a4草动_11.png
262ab66e64b4b59449e96c95f7250d32,Assets/Art/Image/Scene/B1/a1/a1待_25.png,Assets/Game/ColorTiming/Art/Image/Scene/B1/a1/a1待_25.png
2654e491035aadc47be5fefc8dd64854,Assets/Art/Image/Scene/B1/a6/dj/a6草待机_003.png,Assets/Game/ColorTiming/Art/Image/Scene/B1/a6/dj/a6草待机_003.png
2656e4ff9976495418c3da34157d7526,Assets/Art/Image/Hero/Sequence/jiandao/gongji/Skill/剪刀命中特效2_0002.png,Assets/Game/ColorTiming/Art/Image/Hero/Sequence/jiandao/gongji/Skill/剪刀命中特效2_0002.png
265cf63c6a4b61841bf2424f684ed6fc,Assets/Art/Image/Scene/B1/a5/dj/skeleton-animation_121.png,Assets/Game/ColorTiming/Art/Image/Scene/B1/a5/dj/skeleton-animation_121.png
268b5f62ba7fa74438790adda5b55a15,Assets/Art/Image/Scene/B1/a3/dj/a3草待机_014.png,Assets/Game/ColorTiming/Art/Image/Scene/B1/a3/dj/a3草待机_014.png
26947ae098a8447408d80c0c86e35b48,Assets/Plugins/Spine/Runtime/spine-unity/Components/SkeletonRendererCustomMaterials/SkeletonRendererCustomMaterials.cs,Assets/Plugins/Spine/Runtime/spine-unity/Components/SkeletonRendererCustomMaterials/SkeletonRendererCustomMaterials.cs
26b0e3ce935a77547b786d645c8ff81a,Assets/Art/Image/UI_Start/开始游戏（正常）.png,Assets/Game/ColorTiming/Art/Image/UI_Start/开始游戏（正常）.png
26e99b8ac4088b4478f0413169a81446,Assets/Art/Image/Hero/Sequence/futou/gongji/zhi/紫色斧头攻击_0011.png,Assets/Game/ColorTiming/Art/Image/Hero/Sequence/futou/gongji/zhi/紫色斧头攻击_0011.png
26fa8effe05bc074f8239048ad147d33,Assets/Art/Image/Scene/B1/a4/c/a4草动_61.png,Assets/Game/ColorTiming/Art/Image/Scene/B1/a4/c/a4草动_61.png
27221edf5b7068140911b66df4150364,Assets/Art/Image/Hero/Sequence/Chuizi/Gongji/Lv/攻击动作（绿）_0015.png,Assets/Game/ColorTiming/Art/Image/Hero/Sequence/Chuizi/Gongji/Lv/攻击动作（绿）_0015.png
272cfe3398d470c42ab2b92d1bd4cb0b,Assets/Art/Image/Scene/B1/a4/dj/skeleton-animation_079.png,Assets/Game/ColorTiming/Art/Image/Scene/B1/a4/dj/skeleton-animation_079.png
27351ce55d3beb643ae8d9385db21941,Assets/Plugins/Spine/Runtime/spine-unity/Shaders/CGIncludes/Spine-DepthOnlyPass.cginc,Assets/Plugins/Spine/Runtime/spine-unity/Shaders/CGIncludes/Spine-DepthOnlyPass.cginc
273d176366b54bc48bf849a1280f1d34,Assets/Art/Image/Weapon/Tip2/提示圈-第二章_0025.png,Assets/Game/ColorTiming/Art/Image/Weapon/Tip2/提示圈-第二章_0025.png
273fa628b6f7720458e0f0d40c98b227,Assets/Art/Image/Hero/Sequence/Dao/gongji/紫色刀攻击_0011.png,Assets/Game/ColorTiming/Art/Image/Hero/Sequence/Dao/gongji/紫色刀攻击_0011.png
276c07e3bdd5719458187a5823e9d96a,Assets/Plugins/Spine/Runtime/spine-unity/Shaders/Outline/Sprite/SpritesUnlit-Outline.shader,Assets/Plugins/Spine/Runtime/spine-unity/Shaders/Outline/Sprite/SpritesUnlit-Outline.shader
277b604a6686a5e46b0135a35e0f98de,Assets/Art/Image/Hero/Sequence/Chuizi/yidong/紫色锤子移动_0000.png,Assets/Game/ColorTiming/Art/Image/Hero/Sequence/Chuizi/yidong/紫色锤子移动_0000.png
27820a11583232b43ad77d5429c26416,Assets/Art/Image/Scene/B1/a3/c/a3草动_57.png,Assets/Game/ColorTiming/Art/Image/Scene/B1/a3/c/a3草动_57.png
27be2e72576180f4bb6cb77a2775cb37,Assets/Art/Image/Hero/Sequence/Zhadan/skill/空中炸弹绿_0000.png,Assets/Game/ColorTiming/Art/Image/Hero/Sequence/Zhadan/skill/空中炸弹绿_0000.png
27ce22a9225bf0b419ee38af21c0c464,Assets/Art/Image/Scene/B1/a2/dj/a2草待机_58.png,Assets/Game/ColorTiming/Art/Image/Scene/B1/a2/dj/a2草待机_58.png
27da66095b855ae46a24bfa861962576,Assets/Art/Image/Hero/Sequence/Chuizi/Gongji/Zi/移动蓄力（紫）_0002.png,Assets/Game/ColorTiming/Art/Image/Hero/Sequence/Chuizi/Gongji/Zi/移动蓄力（紫）_0002.png
27e5348977c7cc9408caca46a17cda26,Assets/Art/Image/Boss/Spine/BOSS拆分_BOSS拆分3.mat,Assets/Game/ColorTiming/Art/Image/Boss/Spine/BOSS拆分_BOSS拆分3.mat
28089291b296df64a830de47ebc67811,Assets/Art/Image/Hero/Sequence/futou/daiji/红色斧头待机_0011.png,Assets/Game/ColorTiming/Art/Image/Hero/Sequence/futou/daiji/红色斧头待机_0011.png
2820ae41a3a57cc4783d6714324a107d,Assets/Art/Image/Hero/Sequence/Chuizi/Daiji/紫色锤子待机_0005.png,Assets/Game/ColorTiming/Art/Image/Hero/Sequence/Chuizi/Daiji/紫色锤子待机_0005.png
2822aa515e8f82a449f7ae819d0427e5,Assets/Art/Image/Hero/Sequence/Chuizi/Daiji/绿色锤子待机_0000.png,Assets/Game/ColorTiming/Art/Image/Hero/Sequence/Chuizi/Daiji/绿色锤子待机_0000.png
2826c9eaf4c08b44b9f716bae4fa0a17,Assets/Art/Image/Scene/B1/a2/c/a2草动_23.png,Assets/Game/ColorTiming/Art/Image/Scene/B1/a2/c/a2草动_23.png
282ea8b0d48dbda4bb669f3e84df22b8,Assets/Art/Image/Scene/B1/a5/dj/skeleton-animation_088.png,Assets/Game/ColorTiming/Art/Image/Scene/B1/a5/dj/skeleton-animation_088.png
28307ea6827afe74f8bda56b26716c9b,Assets/Art/Image/Scene/B1/a5/dj/skeleton-animation_036.png,Assets/Game/ColorTiming/Art/Image/Scene/B1/a5/dj/skeleton-animation_036.png
2831df0195f2e3341ad235fa71b8b7eb,Assets/Art/Image/Hero/Sequence/Chongci/冲刺_0008.png,Assets/Game/ColorTiming/Art/Image/Hero/Sequence/Chongci/冲刺_0008.png
284329e87969f5845adf38bfe8c157eb,Assets/Art/Image/Hero/Sequence/Dao/gongji,Assets/Game/ColorTiming/Art/Image/Hero/Sequence/Dao/gongji
284a03de5bd18a64bbc72cd57e701e71,Assets/Art/Image/Scene/B1/a6/dj/a6草待机_107.png,Assets/Game/ColorTiming/Art/Image/Scene/B1/a6/dj/a6草待机_107.png
287f853d7810b3b47b1c7d8aa94db9e9,Assets/Art/Image/Scene/B1/a1/a1待_10.png,Assets/Game/ColorTiming/Art/Image/Scene/B1/a1/a1待_10.png
28b5cf4804845fe4b868531fd0bb81d5,Assets/Plugins/Spine/Runtime/spine-unity/Shaders/Outline/Spine-Skeleton-Outline.shader,Assets/Plugins/Spine/Runtime/spine-unity/Shaders/Outline/Spine-Skeleton-Outline.shader
28c97840991ea2440919000c18fd4ec9,Assets/Art/Image/Hero/Sequence/jiandao/yidong/红色剪刀移动_0004.png,Assets/Game/ColorTiming/Art/Image/Hero/Sequence/jiandao/yidong/红色剪刀移动_0004.png
28d701741dd14b04c907895fe1cf01eb,Assets/Art/Image/Hero/Sequence/Chuizi/Daiji/红色锤子待机_0001.png,Assets/Game/ColorTiming/Art/Image/Hero/Sequence/Chuizi/Daiji/红色锤子待机_0001.png
28dcc57f36566524aac8083a44f171f6,Assets/Art/Image/Scene/B1/a3/dj/a3草待机_104.png,Assets/Game/ColorTiming/Art/Image/Scene/B1/a3/dj/a3草待机_104.png
2924a2fd0470db74ca636839b7790079,Assets/Art/Image/Hero/Sequence/futou/yidong/绿色斧头移动_0002.png,Assets/Game/ColorTiming/Art/Image/Hero/Sequence/futou/yidong/绿色斧头移动_0002.png
2939e6e5e0290304bbf5b8d83ba93081,Assets/Art/Image/Hero/Sequence/Shouji/受击时震动_0007.png,Assets/Game/ColorTiming/Art/Image/Hero/Sequence/Shouji/受击时震动_0007.png
293fe58c7b5499c489c990e4091830e2,Assets/Art/Image/Hero/Sequence/Chuizi/Daiji/紫色锤子待机_0006.png,Assets/Game/ColorTiming/Art/Image/Hero/Sequence/Chuizi/Daiji/紫色锤子待机_0006.png
2953f0c1c408a004195fc6f50f3bf28a,Assets/Art/Image/Hero/Sequence/futou/gongji/lv/绿色斧头蓄力完成（移动）_0004.png,Assets/Game/ColorTiming/Art/Image/Hero/Sequence/futou/gongji/lv/绿色斧头蓄力完成（移动）_0004.png
296c582aefe02d94ab3a326abf335fac,Assets/Art/Image/Hero/Sequence/jiandao/gongji/红色剪刀攻击_0002.png,Assets/Game/ColorTiming/Art/Image/Hero/Sequence/jiandao/gongji/红色剪刀攻击_0002.png
297a3799c1037f442813ddad9b40f5e3,Assets/Art/Image/Hero/Sequence/Dao/daiji/紫色刀待机_0006.png,Assets/Game/ColorTiming/Art/Image/Hero/Sequence/Dao/daiji/紫色刀待机_0006.png
298688caa66e86c4e8e47fe7b004c862,Assets/Art/Image/Hero/Sequence/Chuizi/Gongji/Zi/移动蓄力（紫）_0015.png,Assets/Game/ColorTiming/Art/Image/Hero/Sequence/Chuizi/Gongji/Zi/移动蓄力（紫）_0015.png
29a3535756b284a428d35dcd4327185e,Assets/Plugins/Spine/Runtime/spine-unity,Assets/Plugins/Spine/Runtime/spine-unity
29ad17d52bb5a7840b0eae50cedf4a1b,Assets/Art/Image/Weapon/Tip2/HPTip2.controller,Assets/Game/ColorTiming/Art/Image/Weapon/Tip2/HPTip2.controller
2a08f8558cd67204a9ae1285c5796e85,Assets/Art/Image/Hero/Sequence/Zhadan/daiji/红色炸弹待机_0007.png,Assets/Game/ColorTiming/Art/Image/Hero/Sequence/Zhadan/daiji/红色炸弹待机_0007.png
2a2e45726e4d4654bacb25fd8bb32224,Assets/Art/Image/Scene/B1/a4/c/a4草动_14.png,Assets/Game/ColorTiming/Art/Image/Scene/B1/a4/c/a4草动_14.png
2a38707d1a888394ca39f854b8513201,Assets/Art/Image/Scene/B1/a3/dj,Assets/Game/ColorTiming/Art/Image/Scene/B1/a3/dj
2a4669cca45599a4aab545e5749dcb5c,Assets/Game/Scripts/Skill/Skill_Bo1_Atk5.cs,Assets/Game/Scripts/ColorTiming/Legacy/Skill/Skill_Bo1_Atk5.cs
2a4e20ccbbce3af448543180838a52cc,Assets/Art/Image/Scene/B1/a3/dj/a3草待机_073.png,Assets/Game/ColorTiming/Art/Image/Scene/B1/a3/dj/a3草待机_073.png
2a76111d7564da346847f1821f0062d7,Assets/Art/Image/Scene/B1/a2/c/a2草动_67.png,Assets/Game/ColorTiming/Art/Image/Scene/B1/a2/c/a2草动_67.png
2a93822c5764fd44aa42f3238a6c5c59,Assets/Art/Image/Hero/Sequence/Chuizi/Gongji/Hong/锤子攻击（红）_0005.png,Assets/Game/ColorTiming/Art/Image/Hero/Sequence/Chuizi/Gongji/Hong/锤子攻击（红）_0005.png
2a9f3a2dd28f0cd49b262f1f72d25b7e,Assets/Art/Image/Scene/B1/a3/c/a3草动_28.png,Assets/Game/ColorTiming/Art/Image/Scene/B1/a3/c/a3草动_28.png
2ab2fd684637057428ec79839f9c966e,Assets/Art/Image/Scene/B1/a5/dj/skeleton-animation_011.png,Assets/Game/ColorTiming/Art/Image/Scene/B1/a5/dj/skeleton-animation_011.png
2abae86b7e7a05e43b2ab819175236af,Assets/Art/Image/Scene/B2/第二关效果图.jpg,Assets/Game/ColorTiming/Art/Image/Scene/B2/第二关效果图.jpg
2abc9a38c296ecc468495a28450f3a32,Assets/Art/Image/Scene/B1/a4/dj/skeleton-animation_002.png,Assets/Game/ColorTiming/Art/Image/Scene/B1/a4/dj/skeleton-animation_002.png
2ad3a2875e6fed042a285cd87c25eac7,Assets/Art/Image/Hero/Sequence/Dao/yidong,Assets/Game/ColorTiming/Art/Image/Hero/Sequence/Dao/yidong
2ad5c3adf5a85e94d875bd46e10759f0,Assets/Art/Image/UI_Set/开启音乐（悬停）.png,Assets/Game/ColorTiming/Art/Image/UI_Set/开启音乐（悬停）.png
2aef237eab76cba4ebc8cd23409b29cf,Assets/Art/Image/Scene/B1/a2/dj/a2草待机_45.png,Assets/Game/ColorTiming/Art/Image/Scene/B1/a2/dj/a2草待机_45.png
2afb116888a997f49822a5ca84f5c21c,Assets/Art/Image/Hero/Sequence/jiandao/daiji/绿色剪刀待机_0002.png,Assets/Game/ColorTiming/Art/Image/Hero/Sequence/jiandao/daiji/绿色剪刀待机_0002.png
2afe1c6b912aac54abb5925ca4ac52c2,Assets/Plugins/Spine/Runtime/spine-csharp/Attachments,Assets/Plugins/Spine/Runtime/spine-csharp/Attachments
2b056793cec9ebd499ad001ccdbdcb6c,Assets/Art/Image/Hero/Sequence/jiandao/gongji/红色剪刀攻击_0012.png,Assets/Game/ColorTiming/Art/Image/Hero/Sequence/jiandao/gongji/红色剪刀攻击_0012.png
2b094c9b06e32a841999258972443d65,Assets/Art/Image/Hero/Sequence/Gongji/普攻_0004.png,Assets/Game/ColorTiming/Art/Image/Hero/Sequence/Gongji/普攻_0004.png
2b0cfcf04a5abe74e851d51bc607f12e,Assets/Game/Scripts/Skill/HitFX_Base.cs,Assets/Game/Scripts/ColorTiming/Legacy/Skill/HitFX_Base.cs
2b3a6f35bbaa8414eb51a344743ee641,Assets/Plugins/Spine/Editor/spine-unity/Editor/GUI/icon-image.png,Assets/Plugins/Spine/Editor/spine-unity/Editor/GUI/icon-image.png
2b3ae8aa7f020e64a98ef1cd610b850a,Assets/Art/Image/Hero/Sequence/feiji/gongji/橙色飞机投掷_0010.png,Assets/Game/ColorTiming/Art/Image/Hero/Sequence/feiji/gongji/橙色飞机投掷_0010.png
2b3af942457f1704cb26d140f4acf74f,Assets/Art/Image/Hero/Sequence/futou/gongji/chen/橙色斧头蓄力完成（移动）_0003.png,Assets/Game/ColorTiming/Art/Image/Hero/Sequence/futou/gongji/chen/橙色斧头蓄力完成（移动）_0003.png
2b4662dfa4278b948bf44044606361f5,Assets/Art/Image/Scene/B1/a1/a1待_51.png,Assets/Game/ColorTiming/Art/Image/Scene/B1/a1/a1待_51.png
2b46c2b544a3fa84e9a869365a79a090,Assets/Art/Image/Hero/Sequence/feiji/gongji/绿色飞机投掷_0003.png,Assets/Game/ColorTiming/Art/Image/Hero/Sequence/feiji/gongji/绿色飞机投掷_0003.png
2b4cd24b45a938846bb6553896a7efc6,Assets/Art/Image/Hero/Sequence/feiji/yidong/绿色飞机移动_0005.png,Assets/Game/ColorTiming/Art/Image/Hero/Sequence/feiji/yidong/绿色飞机移动_0005.png
2b5316fab01dc9a4095a558bce99da15,Assets/Art/Image/Scene/B2/纸片2.png,Assets/Game/ColorTiming/Art/Image/Scene/B2/纸片2.png
2b5610ce7a4ddcb47b8ca02aa418fe8a,Assets/Art/Image/Scene/B1/a4/dj/skeleton-animation_074.png,Assets/Game/ColorTiming/Art/Image/Scene/B1/a4/dj/skeleton-animation_074.png
2b789b50c794325439556c9b65f90598,Assets/Art/Image/ui/教程.png,Assets/Game/ColorTiming/Art/Image/ui/教程.png
2b813f63abbb6d94a80a5c050590a0be,Assets/Plugins/Spine/Runtime/spine-csharp/SkeletonData.cs,Assets/Plugins/Spine/Runtime/spine-csharp/SkeletonData.cs
2b957aa69dae9f948bacdeec549d28ea,Assets/Plugins/Spine/Runtime/spine-unity/Components/RootMotion,Assets/Plugins/Spine/Runtime/spine-unity/Components/RootMotion
2b9f984835d99724e808695b0f84e99b,Assets/Game/Prefba/sk_nor.prefab,Assets/Game/Prefabs/Entity/ColorTiming/sk_nor.prefab
2bcc8f4e8cc48be4db921845889c538b,Assets/Art/Image/Scene/B1/a5/dj/skeleton-animation_102.png,Assets/Game/ColorTiming/Art/Image/Scene/B1/a5/dj/skeleton-animation_102.png
2be68ec31c7cd864790d7fb67612b50d,Assets/Art/Image/Hero/Sequence/feiji/skill/紫色飞机爆炸_0020.png,Assets/Game/ColorTiming/Art/Image/Hero/Sequence/feiji/skill/紫色飞机爆炸_0020.png
2beef1938d18cda4fb6f9a2b3908f71e,Assets/Art/Image/Hero/Sequence/jiandao/gongji/gongji_jiandao_zi.anim,Assets/Game/ColorTiming/Art/Image/Hero/Sequence/jiandao/gongji/gongji_jiandao_zi.anim
2bf5a1ad72c64da4e8a0c46175929027,Assets/Art/Image/Scene/B1/a4/c/a4草动_48.png,Assets/Game/ColorTiming/Art/Image/Scene/B1/a4/c/a4草动_48.png
2bfb092fa7d86c04c88a4c165d023dff,Assets/Art/Image/Scene/B1/a2/dj/a2草待机_89.png,Assets/Game/ColorTiming/Art/Image/Scene/B1/a2/dj/a2草待机_89.png
2c0615a77d42f8145bacebf4df345fe1,Assets/Art/Image/Scene/B1/a6/c/a6草动_72.png,Assets/Game/ColorTiming/Art/Image/Scene/B1/a6/c/a6草动_72.png
2c191c6c57baaae49b7e00e22b283c0b,Assets/Art/Image/Hero/Sequence/feiji/yidong/紫色飞机移动_0000.png,Assets/Game/ColorTiming/Art/Image/Hero/Sequence/feiji/yidong/紫色飞机移动_0000.png
2c20d23fb4806f242b7dc5a585b0e175,Assets/Art/Image/Scene/B1/a4/c/a4草动_49.png,Assets/Game/ColorTiming/Art/Image/Scene/B1/a4/c/a4草动_49.png
2c210e84e7bb85f42b87bcc06d1d6c04,Assets/Art/Image/Scene/B1/a4/c/a4草动_26.png,Assets/Game/ColorTiming/Art/Image/Scene/B1/a4/c/a4草动_26.png
2c23c190f99da2142b677951e12743f0,Assets/Art/Image/Hero/Sequence/jiandao/gongji/绿色剪刀攻击_0005.png,Assets/Game/ColorTiming/Art/Image/Hero/Sequence/jiandao/gongji/绿色剪刀攻击_0005.png
2c2c6d283dcf3654baf40001c982891c,Assets/Plugins/Spine/Editor/spine-unity/Editor/GUI/icon-hingeChain.png,Assets/Plugins/Spine/Editor/spine-unity/Editor/GUI/icon-hingeChain.png
2c3a42ebbcc7513408005bf89f9b0769,Assets/Art/Sound/grass_sways-003.WAV,Assets/Game/ColorTiming/Art/Sound/grass_sways-003.WAV
2ca6bf15ccd83c44497cdbeb030147c0,Assets/Art/Image/Hero/Sequence/Zhadan/gongji/投掷（紫）_0011.png,Assets/Game/ColorTiming/Art/Image/Hero/Sequence/Zhadan/gongji/投掷（紫）_0011.png
2cb9cd5ebb708a5479560f0897fdb918,Assets/Art/Sound/weapon_hitting_the_ground.WAV,Assets/Game/ColorTiming/Art/Sound/weapon_hitting_the_ground.WAV
2cda990e2423bbf4892e6590ba056729,Assets/Scenes/Boss1.unity,Assets/Game/Scene/Boss1.unity
2ce511398fb980f41b7d316c51534590,Assets/Plugins/Spine/Runtime/spine-unity/Shaders/Sprite/SpritesVertexLit.shader,Assets/Plugins/Spine/Runtime/spine-unity/Shaders/Sprite/SpritesVertexLit.shader
2cf831005966832449a5de742752e578,Assets/Plugins/Spine/Runtime/spine-csharp/BoneData.cs,Assets/Plugins/Spine/Runtime/spine-csharp/BoneData.cs
2cfa94da9a420c244ac5da8a42f76fe3,Assets/Art/Image/Hero/Sequence/feiji/gongji/橙色飞机投掷_0009.png,Assets/Game/ColorTiming/Art/Image/Hero/Sequence/feiji/gongji/橙色飞机投掷_0009.png
2cfd77f5e57349640b81d9e5ab965b80,Assets/Art/Image/Hero/Sequence/Siwang/被击杀时的震动_0003.png,Assets/Game/ColorTiming/Art/Image/Hero/Sequence/Siwang/被击杀时的震动_0003.png
2d13793d7c0be864cbcfb040d17b8109,Assets/Game/Prefba/sk_jiandao 2.prefab,Assets/Game/Prefabs/Entity/ColorTiming/sk_jiandao 2.prefab
2d1ecd5d1fd67b74d83a5fdbae82b095,Assets/Art/Image/Scene/B2/cao/E.png,Assets/Game/ColorTiming/Art/Image/Scene/B2/cao/E.png
2d26f19bad8c5ea43ac3bc7ab64fafe3,Assets/Art/Image/Scene/B2/纸片1.png,Assets/Game/ColorTiming/Art/Image/Scene/B2/纸片1.png
2d353197da438d14eab69a6c64a21ce9,Assets/Art/Image/Scene/B1/a2/dj/a2草待机_63.png,Assets/Game/ColorTiming/Art/Image/Scene/B1/a2/dj/a2草待机_63.png
2d36f159e21a5b44eb4d8a3e4a54450e,Assets/Art/Image/Scene/B1/a1/a1待_69.png,Assets/Game/ColorTiming/Art/Image/Scene/B1/a1/a1待_69.png
2d4759809071ea54e9c089d9506178c9,Assets/Art/Image/Scene/B1/a4/dj/skeleton-animation_129.png,Assets/Game/ColorTiming/Art/Image/Scene/B1/a4/dj/skeleton-animation_129.png
2d4bd9bb077a8d14dbec814ea8307f4c,Assets/Art/Image/Scene/B1/a6/dj/a6草待机_116.png,Assets/Game/ColorTiming/Art/Image/Scene/B1/a6/dj/a6草待机_116.png
2d5163b66c79f0c4ea29b1f7be8996e4,Assets/Art/Image/Hero/Sequence/Yidong/Beimian/移动（背面）_0000.png,Assets/Game/ColorTiming/Art/Image/Hero/Sequence/Yidong/Beimian/移动（背面）_0000.png
2d7152b5efc7a5348a1eb214d59fc0d6,Assets/Art/Image/Hero/Sequence/futou/gongji/hong/红色斧头蓄力完成（移动）_0001.png,Assets/Game/ColorTiming/Art/Image/Hero/Sequence/futou/gongji/hong/红色斧头蓄力完成（移动）_0001.png
2d8ebe3f66476fa43b7936e4e70f6594,Assets/Art/Image/Hero/Sequence/Yidong/Beimian/Anim_Hero_Move_b.anim,Assets/Game/ColorTiming/Art/Image/Hero/Sequence/Yidong/Beimian/Anim_Hero_Move_b.anim
2d9182a4c896bb148a67953dfe6bd0ff,Assets/Art/Image/ui/头顶蓄力提示.png,Assets/Game/ColorTiming/Art/Image/ui/头顶蓄力提示.png
2dac92aba94c71344a87a2f9eb3856ac,Assets/Art/Image/Hero/Sequence/Zhadan/daiji/绿色炸弹待机_0010.png,Assets/Game/ColorTiming/Art/Image/Hero/Sequence/Zhadan/daiji/绿色炸弹待机_0010.png
2dafd28464d7ac94a8e02aa32f2b603f,Assets/Art/Image/Hero/Sequence/Zhadan/gongji/投掷动作（红）_0002.png,Assets/Game/ColorTiming/Art/Image/Hero/Sequence/Zhadan/gongji/投掷动作（红）_0002.png
2dd2f07a1ca81574782da2b96ca20cfd,Assets/Art/Image/Scene/B1/a1/a1待_24.png,Assets/Game/ColorTiming/Art/Image/Scene/B1/a1/a1待_24.png
2dfeb5238af1fa64c867527119867aad,Assets/Art/Image/Boss/Skill5/boos1_atk5.controller,Assets/Game/ColorTiming/Art/Image/Boss/Skill5/boos1_atk5.controller
2e0155a22350a7d4880b833371f0a376,Assets/Art/Image/Hero/Sequence/Chuizi/Gongji/Zi/移动蓄力完成（紫）_0001.png,Assets/Game/ColorTiming/Art/Image/Hero/Sequence/Chuizi/Gongji/Zi/移动蓄力完成（紫）_0001.png
2e0d58d35257c704880c50b95a6294ee,Assets/Art/Image/Hero/Sequence/futou/yidong/红色斧头移动_0001.png,Assets/Game/ColorTiming/Art/Image/Hero/Sequence/futou/yidong/红色斧头移动_0001.png
2e2324fb4b62f514bb64ce5438af994e,Assets/Art/Image/Hero/Sequence/Chuizi/Daiji/绿色锤子待机_0010.png,Assets/Game/ColorTiming/Art/Image/Hero/Sequence/Chuizi/Daiji/绿色锤子待机_0010.png
2e30316a9733f8a4b8b6c362c06dfa11,Assets/Plugins/Spine/Runtime/spine-csharp/TransformConstraint.cs,Assets/Plugins/Spine/Runtime/spine-csharp/TransformConstraint.cs
2e374d2b045a43648aab8549dcb05ea8,Assets/Art/Image/Weapon/飞机3.png,Assets/Game/ColorTiming/Art/Image/Weapon/飞机3.png
2e3b687503712bf40adcf733542a46f2,Assets/Art/Image/Hero/Sequence/feiji/gongji/紫色飞机投掷_0011.png,Assets/Game/ColorTiming/Art/Image/Hero/Sequence/feiji/gongji/紫色飞机投掷_0011.png
2e66453e94afaf64eafb3de25f7a7f86,Assets/Art/Image/Weapon/Tip1/提示圈-第一章_0010.png,Assets/Game/ColorTiming/Art/Image/Weapon/Tip1/提示圈-第一章_0010.png
2e87381dbd5eb6e41aead76c5d7b6738,Assets/Art/Image/Hero/Sequence/jiandao/daiji/红色剪刀待机_0000.png,Assets/Game/ColorTiming/Art/Image/Hero/Sequence/jiandao/daiji/红色剪刀待机_0000.png
2e885c0a36626b844a10020b52224609,Assets/Art/Image/Boss2/Skill/boss2_atk2.controller,Assets/Game/ColorTiming/Art/Image/Boss2/Skill/boss2_atk2.controller
2e8cec7b9bdd49b498b9b076724aff83,Assets/Game/Scripts/Anim,Assets/Game/Scripts/ColorTiming/Legacy/Anim
2e8e251fbfbc6a742a22dcb631930533,Assets/Art/Image/Scene/B1/a2/dj/a2草待机_57.png,Assets/Game/ColorTiming/Art/Image/Scene/B1/a2/dj/a2草待机_57.png
2eac8d0403d22a047839822b45fcc494,Assets/Game/Scripts/Hero_XuliTip.cs,Assets/Game/Scripts/ColorTiming/Legacy/Hero_XuliTip.cs
2ec50bbeb2362a94f8079cd9084ca78b,Assets/Art/Image/Hero/Sequence/Yidong/紫色移动_0001.png,Assets/Game/ColorTiming/Art/Image/Hero/Sequence/Yidong/紫色移动_0001.png
2ec66b6e97272e54fa3532e6c7b021e1,Assets/Art/Image/Hero/Sequence/Chongci/冲刺_0003.png,Assets/Game/ColorTiming/Art/Image/Hero/Sequence/Chongci/冲刺_0003.png
2ec781e799f97504c8a418e168759f70,Assets/Plugins/Spine/Runtime/spine-unity/Shaders/Outline/CGIncludes/Spine-Outline-Pass.cginc,Assets/Plugins/Spine/Runtime/spine-unity/Shaders/Outline/CGIncludes/Spine-Outline-Pass.cginc
2ecf5f158ff6c24499c1e03c3c49e177,Assets/Art/Image/Scene/B1/a3/dj/a3草待机_076.png,Assets/Game/ColorTiming/Art/Image/Scene/B1/a3/dj/a3草待机_076.png
2ee363563b19d914f94d3e1f99927926,Assets/Art/Image/Hero/Sequence/Dao/yidong/橙色刀移动_0002.png,Assets/Game/ColorTiming/Art/Image/Hero/Sequence/Dao/yidong/橙色刀移动_0002.png
2eeaef74a0023434faac235367f90c32,Assets/Art/Image/Hero/Sequence/Zhadan/skill/爆炸特效（绿）_0002.png,Assets/Game/ColorTiming/Art/Image/Hero/Sequence/Zhadan/skill/爆炸特效（绿）_0002.png
2effa52a7b15fc84490d41f9eae266ab,Assets/Art/Image/Hero/Sequence/Zhadan/skill/爆炸特效（红）_0019.png,Assets/Game/ColorTiming/Art/Image/Hero/Sequence/Zhadan/skill/爆炸特效（红）_0019.png
2f297f3e54671e54d93d5686828c702b,Assets/Art/Image/Hero/Sequence/Chuizi/Daiji/紫色锤子待机_0010.png,Assets/Game/ColorTiming/Art/Image/Hero/Sequence/Chuizi/Daiji/紫色锤子待机_0010.png
2f352251a39791c47965e0087daade6f,Assets/Art/Image/Hero/Sequence/Zhadan/skill/爆炸特效（红）_0003.png,Assets/Game/ColorTiming/Art/Image/Hero/Sequence/Zhadan/skill/爆炸特效（红）_0003.png
2f4b18a3cc3f22b429d79a9d3fa8c51e,Assets/Art/Image/Hero/Sequence/feiji/skill/feiji_chen 1.anim,Assets/Game/ColorTiming/Art/Image/Hero/Sequence/feiji/skill/feiji_chen 1.anim
2f76983770ab1874395f1ccc8659ea95,Assets/Art/Image/Hero/Sequence/futou/gongji/lv/绿色斧头蓄力（移动）_0017.png,Assets/Game/ColorTiming/Art/Image/Hero/Sequence/futou/gongji/lv/绿色斧头蓄力（移动）_0017.png
2fa1f9e1c54c9f541aeca576bb8faa91,Assets/Art/Image/Hero/Sequence/Yidong/绿色移动_0005.png,Assets/Game/ColorTiming/Art/Image/Hero/Sequence/Yidong/绿色移动_0005.png
2fb5e0d44f096ec419694d66d2f4f940,Assets/Art/Image/Hero/Sequence/futou/gongji/zhi/紫色斧头蓄力（移动）_0008.png,Assets/Game/ColorTiming/Art/Image/Hero/Sequence/futou/gongji/zhi/紫色斧头蓄力（移动）_0008.png
2fd7b652f3c549840acfe6b82b8011f5,Assets/Art/Image/Weapon/Tip2/提示圈-第二章_0038.png,Assets/Game/ColorTiming/Art/Image/Weapon/Tip2/提示圈-第二章_0038.png
2fdbf842fda950949a7ecd46468ac958,Assets/Art/Image/Hero/Sequence/feiji/skill/红色飞机爆炸_0007.png,Assets/Game/ColorTiming/Art/Image/Hero/Sequence/feiji/skill/红色飞机爆炸_0007.png
2fe49fda870dd9744b0aa9caad7b500b,Assets/Art/Image/Weapon/Tip1/提示圈-第一章_0006.png,Assets/Game/ColorTiming/Art/Image/Weapon/Tip1/提示圈-第一章_0006.png
2fe8cb1546c03054ba19d59f0db20f00,Assets/Art/Image/ui/绿色炸弹.png,Assets/Game/ColorTiming/Art/Image/ui/绿色炸弹.png
30119126297971b48bb5c5b8d0c61672,Assets/Art/Image/Hero/Sequence/Shouji/受击动画_0001.png,Assets/Game/ColorTiming/Art/Image/Hero/Sequence/Shouji/受击动画_0001.png
3039160899e06aa4286b2e72300adab6,Assets/Art/Image/Hero/Sequence/Dao/daiji/红色刀待机_0001.png,Assets/Game/ColorTiming/Art/Image/Hero/Sequence/Dao/daiji/红色刀待机_0001.png
304d61c61eacafa4ca58017842420714,Assets/Art/Image/UI_ESC/返回上一关（悬停）.png,Assets/Game/ColorTiming/Art/Image/UI_ESC/返回上一关（悬停）.png
306e40d68f7e28e43ac909644c62fed9,Assets/Art/Image/ui/绿色斧头.png,Assets/Game/ColorTiming/Art/Image/ui/绿色斧头.png
306ff7a43ed201c4ca89936b14f7e845,Assets/Art/Image/Hero/Sequence/Shouji/受击动画_0008.png,Assets/Game/ColorTiming/Art/Image/Hero/Sequence/Shouji/受击动画_0008.png
3074f0b2a4dff8943b03ca138c1d2a32,Assets/Art/Sound/charactor_hitted_001-002.WAV,Assets/Game/ColorTiming/Art/Sound/charactor_hitted_001-002.WAV
30bd7f3185f776544b999bd1056fc4f2,Assets/Art/Image/Hero/Sequence/jiandao/gongji/紫色剪刀攻击_0018.png,Assets/Game/ColorTiming/Art/Image/Hero/Sequence/jiandao/gongji/紫色剪刀攻击_0018.png
30c4add7af04b0a41ad62c20c8bf5a5d,Assets/Art/Image/Scene/B1/a2/dj/a2草待机_76.png,Assets/Game/ColorTiming/Art/Image/Scene/B1/a2/dj/a2草待机_76.png
30dbe3602840fb8459476b43ea4c7d74,Assets/Art/Image/Scene/B1/a4/dj/skeleton-animation_021.png,Assets/Game/ColorTiming/Art/Image/Scene/B1/a4/dj/skeleton-animation_021.png
30e43037bf4433645ad70266f34c1c8b,Assets/Plugins/Spine/Editor/spine-unity/Modules/SkeletonRenderSeparator/Editor/SkeletonPartsRendererInspector.cs,Assets/Plugins/Spine/Editor/spine-unity/Modules/SkeletonRenderSeparator/Editor/SkeletonPartsRendererInspector.cs
30ef5dd318033004588a6481c092416a,Assets/Plugins/Spine/Runtime/spine-unity/Shaders/Outline/Sprite/SpritesVertexLit-Outline.shader,Assets/Plugins/Spine/Runtime/spine-unity/Shaders/Outline/Sprite/SpritesVertexLit-Outline.shader
30fc8a6a1906dda42a895fe1d5093114,Assets/Art/Image/Hero/Sequence/Siwang/sc/死亡动画背景_0013.png,Assets/Game/ColorTiming/Art/Image/Hero/Sequence/Siwang/sc/死亡动画背景_0013.png
31047bc5a23e4a5479b511c5e17bc4f7,Assets/Art/Image/Scene/B1/a3/c/a3草动_43.png,Assets/Game/ColorTiming/Art/Image/Scene/B1/a3/c/a3草动_43.png
3109ddd838d987c42ba1d6a6878632e3,Assets/Art/Image/Hero/Sequence/jiandao/daiji/红色剪刀待机_0003.png,Assets/Game/ColorTiming/Art/Image/Hero/Sequence/jiandao/daiji/红色剪刀待机_0003.png
310b8a832920cfc44b3ee0c0a796b03d,Assets/Game/Scripts/UI/U_HeroHit.cs,Assets/Game/Scripts/ColorTiming/Legacy/UI/U_HeroHit.cs
311447d6e56727c4dad7611d5fa5afbf,Assets/Plugins/Spine/Runtime/spine-unity/Mesh Generation/MeshGenerator.cs,Assets/Plugins/Spine/Runtime/spine-unity/Mesh Generation/MeshGenerator.cs
311b60bb987bd234e8383383d802a2ab,Assets/Art/Image/Scene/B1/a5/dj/skeleton-animation_099.png,Assets/Game/ColorTiming/Art/Image/Scene/B1/a5/dj/skeleton-animation_099.png
31209f159230c3140a6b18661ebb98dd,Assets/Art/Image/Scene/B1/a6/c/a6草动_01.png,Assets/Game/ColorTiming/Art/Image/Scene/B1/a6/c/a6草动_01.png
31615b3e92d12614d85abd04f9847723,Assets/Art/Image/Scene/B1/a2/dj/a2草待机_93.png,Assets/Game/ColorTiming/Art/Image/Scene/B1/a2/dj/a2草待机_93.png
3167332b34901d54385b121002f3392c,Assets/Art/Image/Hero/Sequence/jiandao/yidong/绿色剪刀移动_0005.png,Assets/Game/ColorTiming/Art/Image/Hero/Sequence/jiandao/yidong/绿色剪刀移动_0005.png
3168ebe15e89f4c4193fdb2aa7a9aa5b,Assets/Art/Image/Hero/Sequence/futou/daiji/绿色斧头待机_0008.png,Assets/Game/ColorTiming/Art/Image/Hero/Sequence/futou/daiji/绿色斧头待机_0008.png
317b91a8e8b68ad419d4328ae2938df9,Assets/Art/Image/Hero/Sequence/feiji/daiji/daiji_feiji_chen.anim,Assets/Game/ColorTiming/Art/Image/Hero/Sequence/feiji/daiji/daiji_feiji_chen.anim
319036854d40dfd4193a439b909c8a55,Assets/Art/Image/Hero/Sequence/Yidong/Beimian/紫色移动（背面）_0004.png,Assets/Game/ColorTiming/Art/Image/Hero/Sequence/Yidong/Beimian/紫色移动（背面）_0004.png
319ae31fbf9db0c46bc7f4e1662e1dd3,Assets/Art/Image/Scene/B1/a6/dj/a6草待机_102.png,Assets/Game/ColorTiming/Art/Image/Scene/B1/a6/dj/a6草待机_102.png
31a3b2e6b1cd69a4ba590a934be5cfec,Assets/Art/Image/Hero/Sequence/futou/yidong/绿色斧头移动_0000.png,Assets/Game/ColorTiming/Art/Image/Hero/Sequence/futou/yidong/绿色斧头移动_0000.png
31aa451bd3108ac4aaa4137ea6d28ee3,Assets/Art/Sound/attack4.WAV,Assets/Game/ColorTiming/Art/Sound/attack4.WAV
31b20db8148b90e4995b56a8ec97009d,Assets/Art/Image/Hero/Sequence/Dao/gongji/红色刀攻击_0008.png,Assets/Game/ColorTiming/Art/Image/Hero/Sequence/Dao/gongji/红色刀攻击_0008.png
31cc415ac7dd2704fa3564ee610f30ca,Assets/Art/Image/Boss2/Weiba/尾巴出土前地面范围.png,Assets/Game/ColorTiming/Art/Image/Boss2/Weiba/尾巴出土前地面范围.png
31e2db4e4789aa9499cafb3e7111c855,Assets/Art/Image/Hero/Sequence/futou/gongji/chen/橙色斧头蓄力（移动）_0004.png,Assets/Game/ColorTiming/Art/Image/Hero/Sequence/futou/gongji/chen/橙色斧头蓄力（移动）_0004.png
31ec097f0ac8d5b499a5f1d274e491db,Assets/Art/Image/Hero/Sequence/futou/gongji/zhi/紫色斧头攻击_0000.png,Assets/Game/ColorTiming/Art/Image/Hero/Sequence/futou/gongji/zhi/紫色斧头攻击_0000.png
31f4cf99ad07e2a47b4443c7d37b403b,Assets/Art/Image/Hero/Sequence/Chuizi/Daiji/绿色锤子待机_0007.png,Assets/Game/ColorTiming/Art/Image/Hero/Sequence/Chuizi/Daiji/绿色锤子待机_0007.png
31f7a755cdf7531449f785059eed7aa9,Assets/Art/Image/Hero/Sequence/feiji/skill/橙色飞机爆炸_0021.png,Assets/Game/ColorTiming/Art/Image/Hero/Sequence/feiji/skill/橙色飞机爆炸_0021.png
32014e876f1a0b64486052f5b61feeb3,Assets/Art/Image/Hero/Sequence/futou/daiji/daiji_futoui_zi.anim,Assets/Game/ColorTiming/Art/Image/Hero/Sequence/futou/daiji/daiji_futoui_zi.anim
32058607bcd763b48b4ec347f8cd577c,Assets/Art/Image/Hero/Sequence/feiji/skill/绿色飞机爆炸_0006.png,Assets/Game/ColorTiming/Art/Image/Hero/Sequence/feiji/skill/绿色飞机爆炸_0006.png
321557083e09ee04e8f4978767c45e5a,Assets/Art/Image/Scene/B1/a5/dj/skeleton-animation_042.png,Assets/Game/ColorTiming/Art/Image/Scene/B1/a5/dj/skeleton-animation_042.png
321d46b365a8ed849b23c9fbc28f8d2a,Assets/Art/Image/Scene/B1/a3/dj/a3草待机_096.png,Assets/Game/ColorTiming/Art/Image/Scene/B1/a3/dj/a3草待机_096.png
3222414f80f30f44e8e307fa45e87c39,Assets/Art/Image/Scene/B1/a4/dj/skeleton-animation_015.png,Assets/Game/ColorTiming/Art/Image/Scene/B1/a4/dj/skeleton-animation_015.png
32287876de2b810428b600b9934e8395,Assets/Art/Image/Hero/Sequence/feiji/gongji/绿色飞机投掷_0013.png,Assets/Game/ColorTiming/Art/Image/Hero/Sequence/feiji/gongji/绿色飞机投掷_0013.png
3267beb53bca8b946806f71daf0831ae,Assets/Art/Image/Scene/B1/a6/c/a6草动_69.png,Assets/Game/ColorTiming/Art/Image/Scene/B1/a6/c/a6草动_69.png
327f9aeace464df4685a8117670cbef8,Assets/Art/Image/Hero/Sequence/Zhadan/gongji/投掷（绿）_0002.png,Assets/Game/ColorTiming/Art/Image/Hero/Sequence/Zhadan/gongji/投掷（绿）_0002.png
329bda94bce571446a1a149b53ccf45c,Assets/Plugins/Spine/Runtime/spine-unity/Shaders/Outline/CGIncludes,Assets/Plugins/Spine/Runtime/spine-unity/Shaders/Outline/CGIncludes
32dfdd7fe61f0fd4fbef77a167ccbb7d,Assets/Art/Image/Hero/Sequence/feiji/skill/绿色飞机爆炸_0009.png,Assets/Game/ColorTiming/Art/Image/Hero/Sequence/feiji/skill/绿色飞机爆炸_0009.png
32e24265dd4986243a404dccb8d238fd,Assets/Art/Image/Hero/Sequence/feiji/skill/橙色飞机爆炸_0007.png,Assets/Game/ColorTiming/Art/Image/Hero/Sequence/feiji/skill/橙色飞机爆炸_0007.png
32ecbff03a2c7fd41828b4381d386f17,Assets/Art/Image/Scene/B1/a4/dj/skeleton-animation_090.png,Assets/Game/ColorTiming/Art/Image/Scene/B1/a4/dj/skeleton-animation_090.png
330026e8262d4aa4d8b7eff957aede34,Assets/Art/Image/Scene/B1/a1/a1待_93.png,Assets/Game/ColorTiming/Art/Image/Scene/B1/a1/a1待_93.png
33306bfaad16b1047bd689a86af86b96,Assets/Art/Image/Boss/Skill5/尖刺特效_24.png,Assets/Game/ColorTiming/Art/Image/Boss/Skill5/尖刺特效_24.png
3363b0ce2cf63394c92a581cb4eca79a,Assets/Art/Image/Weapon/剪3亮.png,Assets/Game/ColorTiming/Art/Image/Weapon/剪3亮.png
336617cda2a2a5549b4a686ed2dc3b86,Assets/Art/Image/Scene/B1/a2/a2_cao.controller,Assets/Game/ColorTiming/Art/Image/Scene/B1/a2/a2_cao.controller
336fdeb54fd82594dad8d7948a841c8d,Assets/Art/Image/UI_Start/返回（按下）.png,Assets/Game/ColorTiming/Art/Image/UI_Start/返回（按下）.png
3377ecce20fae25468c4343046113726,Assets/Art/Image/Hero/Sequence/Zhadan/daiji/绿色炸弹待机_0000.png,Assets/Game/ColorTiming/Art/Image/Hero/Sequence/Zhadan/daiji/绿色炸弹待机_0000.png
3380954b107f38b4c85a4cdfeceace42,Assets/Plugins/Spine/Runtime/spine-csharp/Attachments/ClippingAttachment.cs,Assets/Plugins/Spine/Runtime/spine-csharp/Attachments/ClippingAttachment.cs
33c080d1c093a2c45b6c72c17a557067,Assets/Plugins/Spine/Editor/spine-unity/Editor/Utility,Assets/Plugins/Spine/Editor/spine-unity/Editor/Utility
33d3eaaa0b9eb3d4c95d4b553a253de7,Assets/Art/Image/Scene/B1/a3/c/a3草动_34.png,Assets/Game/ColorTiming/Art/Image/Scene/B1/a3/c/a3草动_34.png
33e2298a5ad449a418560ef0e25aedc3,Assets/Art/Image/Boss/Skill5/尖刺特效_55.png,Assets/Game/ColorTiming/Art/Image/Boss/Skill5/尖刺特效_55.png
33e532f7466af0842854c9d366eb60ad,Assets/Art/Image/Scene/B1/a5/dj/skeleton-animation_019.png,Assets/Game/ColorTiming/Art/Image/Scene/B1/a5/dj/skeleton-animation_019.png
33f4cb0393491024d8ddc21fe68a1076,Assets/Art/Image/Hero/Sequence/futou/daiji/橙色斧头待机_0002.png,Assets/Game/ColorTiming/Art/Image/Hero/Sequence/futou/daiji/橙色斧头待机_0002.png
340ead2f6f8b84d4885510e93e43bb38,Assets/Art/Image/Scene/B1/a6,Assets/Game/ColorTiming/Art/Image/Scene/B1/a6
342be630f4731554492e7750ac346a11,Assets/Art/Image/Hero/Sequence/Dao/daiji/红色刀待机_0011.png,Assets/Game/ColorTiming/Art/Image/Hero/Sequence/Dao/daiji/红色刀待机_0011.png
342d532961045d245a63798b845d0826,Assets/Art/Image/Scene/B1/a5/dj/skeleton-animation_055.png,Assets/Game/ColorTiming/Art/Image/Scene/B1/a5/dj/skeleton-animation_055.png
342eed70afbc1a841aa319be96120b73,Assets/Art/Image/Hero/Sequence/futou/gongji/chen/橙色斧头攻击_0001.png,Assets/Game/ColorTiming/Art/Image/Hero/Sequence/futou/gongji/chen/橙色斧头攻击_0001.png
3431ed563b2c62f4c8c974a99365ba52,Assets/Plugins/Spine/Runtime/spine-unity/Utility/AttachmentCloneExtensions.cs,Assets/Plugins/Spine/Runtime/spine-unity/Utility/AttachmentCloneExtensions.cs
34343a0f65018a94d9406502d39c7c64,Assets/Art/Image/Scene/B1/jianci/b5.png,Assets/Game/ColorTiming/Art/Image/Scene/B1/jianci/b5.png
344592caf9cd3a24f8d6b2ae711f3cc7,Assets/Art/Image/UI_Set/关闭音效（按下）.png,Assets/Game/ColorTiming/Art/Image/UI_Set/关闭音效（按下）.png
3459026873d27a349b26e608ff2ee5d0,Assets/Art/Image/Scene/B1/a5/c/a5草动_69.png,Assets/Game/ColorTiming/Art/Image/Scene/B1/a5/c/a5草动_69.png
346491a427ddaa646830fc00f92d430b,Assets/Art/Image/Scene/B1/a3/dj/a3草待机_032.png,Assets/Game/ColorTiming/Art/Image/Scene/B1/a3/dj/a3草待机_032.png
346eeedc28ba4a240a505b64fbc77ba2,Assets/Art/Image/Hero/Sequence/futou/gongji/hong/红色斧头蓄力完成（移动）_0003.png,Assets/Game/ColorTiming/Art/Image/Hero/Sequence/futou/gongji/hong/红色斧头蓄力完成（移动）_0003.png
347a9bac313c2a2439db629c946abd78,Assets/Art/Image/Scene/B1/a4/dj/skeleton-animation_003.png,Assets/Game/ColorTiming/Art/Image/Scene/B1/a4/dj/skeleton-animation_003.png
347ee122831242845a7f4dbe02560658,Assets/Art/Image/Hero/Sequence/Chuizi/Gongji/Hong/锤子攻击（红）_0002.png,Assets/Game/ColorTiming/Art/Image/Hero/Sequence/Chuizi/Gongji/Hong/锤子攻击（红）_0002.png
348387d369cd56f44b49eb3b763f9597,Assets/Art/Image/Hero/Sequence/Chuizi/Gongji/Hong/锤子攻击（红）_0007.png,Assets/Game/ColorTiming/Art/Image/Hero/Sequence/Chuizi/Gongji/Hong/锤子攻击（红）_0007.png
349bf125947e3aa4bb78690fec69ea17,Assets/Plugins/Spine/Editor/spine-unity/Editor/Components/SkeletonGraphicCustomMaterialsInspector.cs,Assets/Plugins/Spine/Editor/spine-unity/Editor/Components/SkeletonGraphicCustomMaterialsInspector.cs
34bbea5431e0a3d458beda0bd2aee4b9,Assets/Art/Image/Weapon/Tip1/提示圈-第一章_0008.png,Assets/Game/ColorTiming/Art/Image/Weapon/Tip1/提示圈-第一章_0008.png
35194e3074565e84e9a3993cc0dd0f83,Assets/Art/Image/Scene/B1/a3/dj/a3草待机_087.png,Assets/Game/ColorTiming/Art/Image/Scene/B1/a3/dj/a3草待机_087.png
352ab3ab50f6b684d81f25c6a2a9ff78,Assets/Art/Image/Hero/Sequence/futou/gongji/lv,Assets/Game/ColorTiming/Art/Image/Hero/Sequence/futou/gongji/lv
355d3768a5836144cb35283c1404f950,Assets/Art/Image/Boss/Skill5/尖刺特效_40.png,Assets/Game/ColorTiming/Art/Image/Boss/Skill5/尖刺特效_40.png
35694b5e1fa33a04abffd3fc4b3b30f5,Assets/Art/Image/Scene/B1/a5/dj/skeleton-animation_096.png,Assets/Game/ColorTiming/Art/Image/Scene/B1/a5/dj/skeleton-animation_096.png
3585737e5cede764da576f511c3327a6,Assets/Art/Image/Scene/B1/a2/dj/a2草待机_75.png,Assets/Game/ColorTiming/Art/Image/Scene/B1/a2/dj/a2草待机_75.png
35966ec3812d3e54aa7217271ffd94fd,Assets/Art/Image/Scene/B1/a5/dj/skeleton-animation_033.png,Assets/Game/ColorTiming/Art/Image/Scene/B1/a5/dj/skeleton-animation_033.png
359a8a2b36835fa42acbd52e7847b436,Assets/Art/Image/Hero/Sequence/Chuizi/Gongji/Lv/攻击动作（绿）_0005.png,Assets/Game/ColorTiming/Art/Image/Hero/Sequence/Chuizi/Gongji/Lv/攻击动作（绿）_0005.png
35c64d65f925d80488806ca04f893e37,Assets/Art/Image/Scene/B1/a3/dj/a3草待机_109.png,Assets/Game/ColorTiming/Art/Image/Scene/B1/a3/dj/a3草待机_109.png
35c9c61d0427a6d4786cc388e4f0160b,Assets/Art/Image/Boss/Skill5/尖刺特效_17.png,Assets/Game/ColorTiming/Art/Image/Boss/Skill5/尖刺特效_17.png
35cde3e595bfeff4695099efa47fea5c,Assets/Art/Image/Boss/Skill5/尖刺特效_34.png,Assets/Game/ColorTiming/Art/Image/Boss/Skill5/尖刺特效_34.png
35d1ecc1cf85fbc4ca7406d9cdf025d4,Assets/Art/Image/Hero/Sequence/feiji/gongji/gongji_feiji_lv.anim,Assets/Game/ColorTiming/Art/Image/Hero/Sequence/feiji/gongji/gongji_feiji_lv.anim
362db094f714fe94aaec36d4a211f511,Assets/Art/Image/Scene/B1/a6/dj/a6草待机_126.png,Assets/Game/ColorTiming/Art/Image/Scene/B1/a6/dj/a6草待机_126.png
363d9b2d3bf03304da360b203344a091,Assets/Art/Image/Hero/Sequence/feiji/gongji/绿色飞机投掷_0016.png,Assets/Game/ColorTiming/Art/Image/Hero/Sequence/feiji/gongji/绿色飞机投掷_0016.png
364141336565cb84a9e34af548486cc5,Assets/Art/Image/Scene/B1/a6/c/a6草动_11.png,Assets/Game/ColorTiming/Art/Image/Scene/B1/a6/c/a6草动_11.png
364aed9be5496c540829b6225777e611,Assets/Art/Image/Hero/Sequence/Siwang/sc/死亡动画背景_0004.png,Assets/Game/ColorTiming/Art/Image/Hero/Sequence/Siwang/sc/死亡动画背景_0004.png
3673ade32059f8b499f110a1e3409bf0,Assets/Art/Image/Scene/B1/a6/dj/a6草待机_062.png,Assets/Game/ColorTiming/Art/Image/Scene/B1/a6/dj/a6草待机_062.png
36860eee3e36bca4292322a762392d81,Assets/Art/Image/Boss2/Shenti/第二章boss_Material_OutsideMask.mat,Assets/Game/ColorTiming/Art/Image/Boss2/Shenti/第二章boss_Material_OutsideMask.mat
36b3cb8fc2cf2f746bd9a4f23ef9a8b1,Assets/Art/Image/UI_Set/关闭音乐（悬停）.png,Assets/Game/ColorTiming/Art/Image/UI_Set/关闭音乐（悬停）.png
36b87e1f75681f04894ecbaa4d75d963,Assets/Art/Image/Hero/Sequence/futou/gongji/chen/xuli_yu_f_chen.anim,Assets/Game/ColorTiming/Art/Image/Hero/Sequence/futou/gongji/chen/xuli_yu_f_chen.anim
36df535c1fd781744b2b8bb51c58aa3f,Assets/Art/Image/Scene/B1/a3/c/a3草动_66.png,Assets/Game/ColorTiming/Art/Image/Scene/B1/a3/c/a3草动_66.png
3709be0ad400d394ba27437e44f50a65,Assets/Art/Image/Scene/B1/a1/a1待_07.png,Assets/Game/ColorTiming/Art/Image/Scene/B1/a1/a1待_07.png
371f40ecc08b2eb4cbec49585d41e2c3,Assets/Plugins/Spine/Runtime/spine-csharp/Json.cs,Assets/Plugins/Spine/Runtime/spine-csharp/Json.cs
3738d1e30a6aa5244832c27951cf27cb,Assets/Art/Image/Hero/Sequence/futou/daiji/橙色斧头待机_0006.png,Assets/Game/ColorTiming/Art/Image/Hero/Sequence/futou/daiji/橙色斧头待机_0006.png
3754ad44a958f41499124004d1b5e675,Assets/Art/Image/Hero/Sequence/futou/gongji/zhi/紫色斧头蓄力（原地）_0003.png,Assets/Game/ColorTiming/Art/Image/Hero/Sequence/futou/gongji/zhi/紫色斧头蓄力（原地）_0003.png
37579e7f5b73609459691d6f7166ea35,Assets/Art/Image/Hero/Sequence/Chuizi/Gongji/Zi/原地蓄力（紫）_0016.png,Assets/Game/ColorTiming/Art/Image/Hero/Sequence/Chuizi/Gongji/Zi/原地蓄力（紫）_0016.png
37658a4e8d7c8c5489fbf3598fb88b0d,Assets/Art/Image/Scene/B1/a3/dj/a3草待机_015.png,Assets/Game/ColorTiming/Art/Image/Scene/B1/a3/dj/a3草待机_015.png
376ccb8ca9bc0394c956cc7e886d1407,Assets/Art/Image/Hero/Sequence/Chuizi/Gongji/Zi/移动蓄力（紫）_0005.png,Assets/Game/ColorTiming/Art/Image/Hero/Sequence/Chuizi/Gongji/Zi/移动蓄力（紫）_0005.png
376dbfa41bb390f4eb3555407b225a77,Assets/Art/Image/Hero/Sequence/Chuizi/Daiji/紫色锤子待机_0008.png,Assets/Game/ColorTiming/Art/Image/Hero/Sequence/Chuizi/Daiji/紫色锤子待机_0008.png
377e2e6dfaf03dc4890ab88491bfdfd9,Assets/Art/Image/Weapon/Tip1/提示圈-第一章_0007.png,Assets/Game/ColorTiming/Art/Image/Weapon/Tip1/提示圈-第一章_0007.png
37a147568f883c6488b2cf055b8b6671,Assets/Art/Image/Hero/Sequence/jiandao/daiji/紫色剪刀待机_0007.png,Assets/Game/ColorTiming/Art/Image/Hero/Sequence/jiandao/daiji/紫色剪刀待机_0007.png
37bbfb9fb268a644ba75052961a42b81,Assets/Plugins/Spine/Runtime/spine-csharp/EventData.cs,Assets/Plugins/Spine/Runtime/spine-csharp/EventData.cs
37d49c8721b4c9144a7690c7665c0efc,Assets/Art/Image/Hero/Sequence/feiji/gongji/紫色飞机投掷_0010.png,Assets/Game/ColorTiming/Art/Image/Hero/Sequence/feiji/gongji/紫色飞机投掷_0010.png
37e03459e3626434788e2e23c2bbb472,Assets/Game/Prefba/Scene/cao_a4.prefab,Assets/Game/Prefabs/World/ColorTiming/cao_a4.prefab
381672ea5dd0769448d27e42a298a113,Assets/Art/Image/Hero/Sequence/futou/gongji/lv/绿色斧头蓄力（原地）_0011.png,Assets/Game/ColorTiming/Art/Image/Hero/Sequence/futou/gongji/lv/绿色斧头蓄力（原地）_0011.png
3826830f67172904e90cf016faa923b6,Assets/Art/Image/Scene/B1/a1/a1待_73.png,Assets/Game/ColorTiming/Art/Image/Scene/B1/a1/a1待_73.png
384375925178e834f9af45d2db5d365b,Assets/Art/Image/Hero/Sequence/jiandao/gongji/Skill/剪刀命中特效1_0002.png,Assets/Game/ColorTiming/Art/Image/Hero/Sequence/jiandao/gongji/Skill/剪刀命中特效1_0002.png
384564933168e2b4095ecb8e97b545c9,Assets/Art/Image/Scene/B1/a5/a5_cao.controller,Assets/Game/ColorTiming/Art/Image/Scene/B1/a5/a5_cao.controller
384a03f3ff36a744387a1a84729f98f9,Assets/Art/Image/Scene/B1/a6/dj/a6草待机_021.png,Assets/Game/ColorTiming/Art/Image/Scene/B1/a6/dj/a6草待机_021.png
387b9c7a14c4b9d48a883a039973081e,Assets/Art/Image/Scene/B1/a2/c/a2草动_59.png,Assets/Game/ColorTiming/Art/Image/Scene/B1/a2/c/a2草动_59.png
389cf4918bfa6774c933250a5bd5d27c,Assets/Art/Image/Boss2/Shenti,Assets/Game/ColorTiming/Art/Image/Boss2/Shenti
389e24213a09d4448b4e6f98f7b78992,Assets/Art/Image/Hero/Sequence/Siwang/被击杀后_0002.png,Assets/Game/ColorTiming/Art/Image/Hero/Sequence/Siwang/被击杀后_0002.png
38c5d315c9e9f614f8e15e4f752a394a,Assets/Art/Image/Hero/Sequence/Zhadan/daiji/绿色炸弹待机_0001.png,Assets/Game/ColorTiming/Art/Image/Hero/Sequence/Zhadan/daiji/绿色炸弹待机_0001.png
38eebd78edf81a94b9644eff8faef1c6,Assets/Art/Image/Hero/Sequence/Yidong/移动_0003.png,Assets/Game/ColorTiming/Art/Image/Hero/Sequence/Yidong/移动_0003.png
38efe82db51958744940fac70789563e,Assets/Game/Prefba/sk_Boss1_atk1.prefab,Assets/Game/Prefabs/Entity/ColorTiming/sk_Boss1_atk1.prefab
38f749400b3c1ca4088f0441e3faf448,Assets/Art/Image/Scene/B1/a3/dj/a3草待机_118.png,Assets/Game/ColorTiming/Art/Image/Scene/B1/a3/dj/a3草待机_118.png
3909524f75639204985293cb75ec571e,Assets/Art/Image/Scene/B1/a3/dj/a3草待机_018.png,Assets/Game/ColorTiming/Art/Image/Scene/B1/a3/dj/a3草待机_018.png
3912175a804bf4342ad070c194c2073f,Assets/Game/Prefba/sk_Boss1_atk5.prefab,Assets/Game/Prefabs/Entity/ColorTiming/sk_Boss1_atk5.prefab
39149424c83dc5d43b7132f067472b30,Assets/Art/Image/Scene/B1/a4/c/a4草动_43.png,Assets/Game/ColorTiming/Art/Image/Scene/B1/a4/c/a4草动_43.png
392b6a8e61b4712418d6c72b1678706e,Assets/Art/Image/Hero/Sequence/Chuizi/Gongji/Hong/移动蓄力完成（红）_0003.png,Assets/Game/ColorTiming/Art/Image/Hero/Sequence/Chuizi/Gongji/Hong/移动蓄力完成（红）_0003.png
39313a90e95a0674f9565bc73168ac97,Assets/Art/Image/Hero/Sequence/futou/daiji/紫色斧头待机_0011.png,Assets/Game/ColorTiming/Art/Image/Hero/Sequence/futou/daiji/紫色斧头待机_0011.png
3935e16db657552429e3f9768303808d,Assets/Art/Image/Scene/B1/a4/dj/skeleton-animation_010.png,Assets/Game/ColorTiming/Art/Image/Scene/B1/a4/dj/skeleton-animation_010.png
395d6943f9ab11548b2b2d628a333536,Assets/Art/Image/Hero/Sequence/Chuizi/Gongji/Lv/原地蓄力（绿）_0004.png,Assets/Game/ColorTiming/Art/Image/Hero/Sequence/Chuizi/Gongji/Lv/原地蓄力（绿）_0004.png
3984df91955e1944c8f40b0253fea08d,Assets/Art/Image/Scene/B1/a5/dj/skeleton-animation_041.png,Assets/Game/ColorTiming/Art/Image/Scene/B1/a5/dj/skeleton-animation_041.png
398ec9982d2d0904d8eb448cdd4700a1,Assets/Art/Image/Hero/Sequence/feiji/daiji/紫色飞机待机_0004.png,Assets/Game/ColorTiming/Art/Image/Hero/Sequence/feiji/daiji/紫色飞机待机_0004.png
398eed628dd27d745b43969a9535a38b,Assets/Art/Image/Scene/B1/a4/c/a4草动_25.png,Assets/Game/ColorTiming/Art/Image/Scene/B1/a4/c/a4草动_25.png
39958894a785be749b5c736edc0b01f0,Assets/Art/Image/Scene/B1/a4/c/a4草动_30.png,Assets/Game/ColorTiming/Art/Image/Scene/B1/a4/c/a4草动_30.png
399b61b93ff18f94a919e989cdcaa07d,Assets/Art/Image/Scene/B1/a3/dj/a3草待机_071.png,Assets/Game/ColorTiming/Art/Image/Scene/B1/a3/dj/a3草待机_071.png
39cc567cfaa5dca4695cfcc396be0c3f,Assets/Art/Image/Scene/B1/a2/c/a2草动_17.png,Assets/Game/ColorTiming/Art/Image/Scene/B1/a2/c/a2草动_17.png
39da194c963ee964bab745ded05231a8,Assets/Art/Image/Hero/Sequence/feiji/yidong/紫色飞机移动_0005.png,Assets/Game/ColorTiming/Art/Image/Hero/Sequence/feiji/yidong/紫色飞机移动_0005.png
39de2216acb289740904b50ddbf2ede1,Assets/Art/Image/Scene/B1/a2/c/a2草动_37.png,Assets/Game/ColorTiming/Art/Image/Scene/B1/a2/c/a2草动_37.png
39ee721438e9d34439b1c19d382a9c02,Assets/Game/Prefba/kongqiqiang/kongqiqiang.prefab,Assets/Game/Prefabs/Entity/ColorTiming/kongqiqiang/kongqiqiang.prefab
39fbfef61034ca045b5aa80088e1e8a4,Assets/Plugins/Spine/Editor/spine-unity/Editor/Components/SkeletonAnimationInspector.cs,Assets/Plugins/Spine/Editor/spine-unity/Editor/Components/SkeletonAnimationInspector.cs
39fc49701a8549745b590d02be58218d,Assets/Art/Image/Hero/Sequence/Chuizi/Gongji/Hong/锤子攻击（红）_0017.png,Assets/Game/ColorTiming/Art/Image/Hero/Sequence/Chuizi/Gongji/Hong/锤子攻击（红）_0017.png
3a0e294fc39d13c4ab311b2ecba5711e,Assets/Art/Image/Scene/B1/a6/a6_cao_c.anim,Assets/Game/ColorTiming/Art/Image/Scene/B1/a6/a6_cao_c.anim
3a18b0013ebcd0b46a8a61d1f3f6d70c,Assets/Art/Image/Hero/Sequence/jiandao/gongji/红色剪刀攻击_0016.png,Assets/Game/ColorTiming/Art/Image/Hero/Sequence/jiandao/gongji/红色剪刀攻击_0016.png
3a206f1c4d5fd9e49a16634698666cfe,Assets/Plugins/Spine/CHANGELOG.md,Assets/Plugins/Spine/CHANGELOG.md
3a361f5ac799a5149b340f9e20da27d1,Assets/Plugins/Spine/Runtime/spine-unity/Components/SkeletonRenderSeparator,Assets/Plugins/Spine/Runtime/spine-unity/Components/SkeletonRenderSeparator
3a391c6f2a00bb44599a1995bb2c877d,Assets/Art/Image/Boss2/Shenti/第二章boss.json,Assets/Game/ColorTiming/Art/Image/Boss2/Shenti/第二章boss.json
3a403deb9a7dc4f48a534f1f82a96785,Assets/Art/Image/Hero/Sequence/Siwang/sc/死亡动画背景_0034.png,Assets/Game/ColorTiming/Art/Image/Hero/Sequence/Siwang/sc/死亡动画背景_0034.png
3a7fda44e43c0d7469c00e3f61d17991,Assets/Art/Image/Hero/Sequence/futou/gongji/zhi/紫色斧头攻击_0005.png,Assets/Game/ColorTiming/Art/Image/Hero/Sequence/futou/gongji/zhi/紫色斧头攻击_0005.png
3a80447588435fb44ad7d8b35cb0c095,Assets/Art/Image/Hero/Sequence/Dao/yidong/紫色刀移动_0005.png,Assets/Game/ColorTiming/Art/Image/Hero/Sequence/Dao/yidong/紫色刀移动_0005.png
3adba80be49421844a017b9c62777c92,Assets/Art/Image/Scene/B1/a6/dj/a6草待机_020.png,Assets/Game/ColorTiming/Art/Image/Scene/B1/a6/dj/a6草待机_020.png
3aeaca9f61b44424fb69a4ee3f342b4c,Assets/Art/Image/Scene/B2/第二关BOSS拆分3.png,Assets/Game/ColorTiming/Art/Image/Scene/B2/第二关BOSS拆分3.png
3aed22b4833e52b4e83f158471d61cd4,Assets/Art/Image/Hero/Sequence/Zhadan/daiji/紫色炸弹待机_0006.png,Assets/Game/ColorTiming/Art/Image/Hero/Sequence/Zhadan/daiji/紫色炸弹待机_0006.png
3b1b4e0ce86445441b3a77202a892f6e,Assets/Game/Scripts/UI/UI_BossHP_Item.cs,Assets/Game/Scripts/ColorTiming/Legacy/UI/UI_BossHP_Item.cs
3b1d9bef1c3072e4a9b228745628a3c5,Assets/Art/Image/Scene/B1/a3/dj/a3草待机_097.png,Assets/Game/ColorTiming/Art/Image/Scene/B1/a3/dj/a3草待机_097.png
3b204da76dbaa6a43b1d2119d72ef687,Assets/Art/Image/Scene/B1/a3/dj/a3草待机_091.png,Assets/Game/ColorTiming/Art/Image/Scene/B1/a3/dj/a3草待机_091.png
3b36572dc62eafa43b35a85d3742e1b2,Assets/Art/Image/Hero/Sequence/futou/gongji/zhi/紫色斧头蓄力（移动）_0007.png,Assets/Game/ColorTiming/Art/Image/Hero/Sequence/futou/gongji/zhi/紫色斧头蓄力（移动）_0007.png
3b36b7ab732c399418b27504d625322f,Assets/Art/Image/Hero/Sequence/Dao/yidong/紫色刀移动_0001.png,Assets/Game/ColorTiming/Art/Image/Hero/Sequence/Dao/yidong/紫色刀移动_0001.png
3b3dfe9b26c2f7741848d26efc9092cf,Assets/Art/Image/ui/p2.png,Assets/Game/ColorTiming/Art/Image/ui/p2.png
3b6b930330071144ba699fa67cc662d1,Assets/Art/Image/Hero/Sequence/futou/gongji/hong/红色斧头蓄力（移动）_0000.png,Assets/Game/ColorTiming/Art/Image/Hero/Sequence/futou/gongji/hong/红色斧头蓄力（移动）_0000.png
3b7e0c4d04a0360418b72eb24526213e,Assets/Art/Image/Weapon/Tip2/提示圈-第二章_0014.png,Assets/Game/ColorTiming/Art/Image/Weapon/Tip2/提示圈-第二章_0014.png
3b8d53ab04eead74bb8365ee16ae2f4d,Assets/Art/Image/Hero/Sequence/futou/yidong/绿色斧头移动_0003.png,Assets/Game/ColorTiming/Art/Image/Hero/Sequence/futou/yidong/绿色斧头移动_0003.png
3b98b943ff530e141aa61c170d9b4a7e,Assets/Art/Image/Hero/Sequence/futou/daiji/daiji_futou_lv.anim,Assets/Game/ColorTiming/Art/Image/Hero/Sequence/futou/daiji/daiji_futou_lv.anim
3bee9083cb2cf8849bdda31a644238e7,Assets/Art/Image/Scene/B1/a2/c/a2草动_21.png,Assets/Game/ColorTiming/Art/Image/Scene/B1/a2/c/a2草动_21.png
3c02425ec99adce4aa803821a48da034,Assets/Art/Image/Hero/Sequence/Zhadan/gongji/投掷（紫）_0005.png,Assets/Game/ColorTiming/Art/Image/Hero/Sequence/Zhadan/gongji/投掷（紫）_0005.png
3c13a64cebebf6d4ca1df5eba441e5ee,Assets/Art/Image/Boss/Skill5/尖刺特效_44.png,Assets/Game/ColorTiming/Art/Image/Boss/Skill5/尖刺特效_44.png
3c27be246406d714bb0811dd82c1378d,Assets/Art/Image/Hero/Sequence/jiandao/gongji/紫色剪刀攻击_0007.png,Assets/Game/ColorTiming/Art/Image/Hero/Sequence/jiandao/gongji/紫色剪刀攻击_0007.png
3c378d09c7d4edc4eb610c5a56194415,Assets/Art/Image/Hero/Sequence/jiandao/gongji/红色剪刀攻击_0015.png,Assets/Game/ColorTiming/Art/Image/Hero/Sequence/jiandao/gongji/红色剪刀攻击_0015.png
3c48c2cccad6df14884cf2024238fdb7,Assets/Art/Image/Hero/Sequence/Yidong/Beimian/红色移动（背面）_0004.png,Assets/Game/ColorTiming/Art/Image/Hero/Sequence/Yidong/Beimian/红色移动（背面）_0004.png
3c51fae87846a1c4086a8da0304e56fa,Assets/Art/Image/Weapon/飞机4.png,Assets/Game/ColorTiming/Art/Image/Weapon/飞机4.png
3c5a5fe930d1ab24da154d76b24c2747,Assets/Plugins/Spine/Runtime/spine-unity/Utility/YieldInstructions/WaitForSpineAnimationEnd.cs,Assets/Plugins/Spine/Runtime/spine-unity/Utility/YieldInstructions/WaitForSpineAnimationEnd.cs
3c60b6e91e22b5a41891fbc91c01d0df,Assets/Art/Image/Scene/B1/a1/a1待_68.png,Assets/Game/ColorTiming/Art/Image/Scene/B1/a1/a1待_68.png
3c661cb51ff88a14aadc3e6f79db56f0,Assets/Art/Image/Scene/B1/a3/c/a3草动_11.png,Assets/Game/ColorTiming/Art/Image/Scene/B1/a3/c/a3草动_11.png
3c7de28b853f73d4f9fc696071662c33,Assets/Art/Image/Boss/Skill5/尖刺特效_31.png,Assets/Game/ColorTiming/Art/Image/Boss/Skill5/尖刺特效_31.png
3c87113f618f2404babe84c77f842497,Assets/Art/Image/Scene/B1/a3/dj/a3草待机_072.png,Assets/Game/ColorTiming/Art/Image/Scene/B1/a3/dj/a3草待机_072.png
3c9edae8e66afab4baa16787fd8bc492,Assets/Art/Image/Hero/Sequence/Chuizi/Gongji/Zi/原地蓄力（紫）_0011.png,Assets/Game/ColorTiming/Art/Image/Hero/Sequence/Chuizi/Gongji/Zi/原地蓄力（紫）_0011.png
3ca6ab84ed8430f498b66e9b5aadd13b,Assets/Art/Image/Hero/Sequence/feiji/gongji/紫色飞机投掷_0009.png,Assets/Game/ColorTiming/Art/Image/Hero/Sequence/feiji/gongji/紫色飞机投掷_0009.png
3cad2f9b09db5af44a1688002911be4c,Assets/Game/Scripts/HeroAnimStae.cs,Assets/Game/Scripts/ColorTiming/Legacy/HeroAnimStae.cs
3cb560651f1519b4297cabc33f02ef43,Assets/Art/Image/Hero/Sequence/Dao/gongji/紫色刀攻击_0007.png,Assets/Game/ColorTiming/Art/Image/Hero/Sequence/Dao/gongji/紫色刀攻击_0007.png
3cc3c36de8cee9746882ffb60fa1adbd,Assets/Art/Image/Scene/B1/a5/dj/skeleton-animation_045.png,Assets/Game/ColorTiming/Art/Image/Scene/B1/a5/dj/skeleton-animation_045.png
3cca24531f4de4b45b0c43ceaf7526ae,Assets/Art/Image/Hero/Sequence/Dao/daiji/紫色刀待机_0001.png,Assets/Game/ColorTiming/Art/Image/Hero/Sequence/Dao/daiji/紫色刀待机_0001.png
3cd9a07cda035a14299f39fb26b4e850,Assets/Art/Image/Hero/Sequence/Zhadan/skill/爆炸特效（紫）_0008.png,Assets/Game/ColorTiming/Art/Image/Hero/Sequence/Zhadan/skill/爆炸特效（紫）_0008.png
3ce73654264908b419988d8e237300d1,Assets/Art/Image/Hero/Sequence/feiji/daiji/红色飞机待机_0009.png,Assets/Game/ColorTiming/Art/Image/Hero/Sequence/feiji/daiji/红色飞机待机_0009.png
3cee9ce273506b64eb8cf76efba10497,Assets/Art/Image/Scene/B1/a6/c/a6草动_60.png,Assets/Game/ColorTiming/Art/Image/Scene/B1/a6/c/a6草动_60.png
3cfbb065064443149817d22ac3634cd6,Assets/Art/Image/Scene/B1/a4/c/a4草动_52.png,Assets/Game/ColorTiming/Art/Image/Scene/B1/a4/c/a4草动_52.png
3cff6f038effa2447afa71d65d896c4b,Assets/Art/Image/Hero/Sequence/Chongci/冲刺_0004.png,Assets/Game/ColorTiming/Art/Image/Hero/Sequence/Chongci/冲刺_0004.png
3d13f726bc402f54898a62823c4279f1,Assets/Art/Sound/boss_hack_needle.WAV,Assets/Game/ColorTiming/Art/Sound/boss_hack_needle.WAV
3d1be4ea889f3a14b864352fe49a1bde,Assets/Plugins/Spine/Editor/spine-unity/Editor/GUI/icon-animationRoot.png,Assets/Plugins/Spine/Editor/spine-unity/Editor/GUI/icon-animationRoot.png
3d3d07dff38d30246aa490826b5f1993,Assets/Art/Image/Hero/Sequence/Daiji/待机_0010.png,Assets/Game/ColorTiming/Art/Image/Hero/Sequence/Daiji/待机_0010.png
3d43edc169e0ba14187c01bea001004c,Assets/Art/Image/Scene/B1/a1/a1待_85.png,Assets/Game/ColorTiming/Art/Image/Scene/B1/a1/a1待_85.png
3d55dc92213cd004287e3c16fbcd8183,Assets/Art/Image/Hero/Sequence/futou/gongji/lv/xuliw_do_f_lv.anim,Assets/Game/ColorTiming/Art/Image/Hero/Sequence/futou/gongji/lv/xuliw_do_f_lv.anim
3d7b885f386c53c41bf1c8fcdd697dd7,Assets/Game/Scripts/UI/BtnSound.cs,Assets/Game/Scripts/ColorTiming/Legacy/UI/BtnSound.cs
3d93e4018410bd44f91dac055bdadf1a,Assets/Game/Prefba/Scene/b2_cao_c1.prefab,Assets/Game/Prefabs/World/ColorTiming/b2_cao_c1.prefab
3dae0abd5be45ba4e8e7811b01d78c0d,Assets/Art/Image/Hero/Sequence/feiji/skill/橙色飞机爆炸_0003.png,Assets/Game/ColorTiming/Art/Image/Hero/Sequence/feiji/skill/橙色飞机爆炸_0003.png
3db8cbc3dad27f1439295805fe568406,Assets/Art/Image/Hero/Sequence/Siwang/sc/死亡动画背景_0000.png,Assets/Game/ColorTiming/Art/Image/Hero/Sequence/Siwang/sc/死亡动画背景_0000.png
3db98d624f5386849ae280501fdfadf3,Assets/Art/Image/Scene/B1/a4/dj/skeleton-animation_114.png,Assets/Game/ColorTiming/Art/Image/Scene/B1/a4/dj/skeleton-animation_114.png
3dc615ccc43d030499f571baf8a6c77c,Assets/Art/Sound/boss_big_move.WAV,Assets/Game/ColorTiming/Art/Sound/boss_big_move.WAV
3dc7972bcabed994bb060c9383d14c54,Assets/Art/Image/yin/a6草投影.png,Assets/Game/ColorTiming/Art/Image/yin/a6草投影.png
3dd57496afa74cb4db62b90b68862796,Assets/Art/Image/Scene/B1/jianci/b1.png,Assets/Game/ColorTiming/Art/Image/Scene/B1/jianci/b1.png
3dd864925a4b91741af4d0e130255271,Assets/Art/Image/Boss/Skill5/尖刺特效_36.png,Assets/Game/ColorTiming/Art/Image/Boss/Skill5/尖刺特效_36.png
3ddb0341e5110ab42a6b2180ea2af056,Assets/Art/Sound/ui_click.wav,Assets/Game/ColorTiming/Art/Sound/ui_click.wav
3ddd1cc0ab9a83e4982a2266d7548788,Assets/Art/Image/Hero/Sequence/feiji/gongji/紫色飞机投掷_0000.png,Assets/Game/ColorTiming/Art/Image/Hero/Sequence/feiji/gongji/紫色飞机投掷_0000.png
3de5339cdc8f51247a56a8c6c5e13a84,Assets/Art/Image/Weapon/斧4带白边.png,Assets/Game/ColorTiming/Art/Image/Weapon/斧4带白边.png
3df1048e85c59c1409f2e18c60dabdeb,Assets/Art/Image/Hero/Sequence/feiji/skill/红色飞机爆炸_0017.png,Assets/Game/ColorTiming/Art/Image/Hero/Sequence/feiji/skill/红色飞机爆炸_0017.png
3dfefe7358977904faee662e63e07dac,Assets/Art/Image/Hero/Sequence/Chuizi/Gongji/Lv/攻击动作（绿）_0016.png,Assets/Game/ColorTiming/Art/Image/Hero/Sequence/Chuizi/Gongji/Lv/攻击动作（绿）_0016.png
3e028a00dd565b348b6b5bc025962940,Assets/Art/Image/Hero/Sequence/feiji/daiji/橙色飞机待机_0009.png,Assets/Game/ColorTiming/Art/Image/Hero/Sequence/feiji/daiji/橙色飞机待机_0009.png
3e093d8a082851540aadd7de019f5770,Assets/Art/Image/Scene/B1/a4/dj/skeleton-animation_095.png,Assets/Game/ColorTiming/Art/Image/Scene/B1/a4/dj/skeleton-animation_095.png
3e103721d08ddb941b5949d707073c9f,Assets/Art/Image/Scene/B1/a4/c/a4草动_37.png,Assets/Game/ColorTiming/Art/Image/Scene/B1/a4/c/a4草动_37.png
3e2263732167a114f9e5de11e79d0f3e,Assets/Art/Image/Hero/Sequence/jiandao/daiji/紫色剪刀待机_0006.png,Assets/Game/ColorTiming/Art/Image/Hero/Sequence/jiandao/daiji/紫色剪刀待机_0006.png
3e29db998d932a142bedd02a3490bb04,Assets/Art/Image/Scene/B1/a6/dj/a6草待机_095.png,Assets/Game/ColorTiming/Art/Image/Scene/B1/a6/dj/a6草待机_095.png
3e29f2595262d3e48be14e5fb0737849,Assets/Art/Image/Scene/B1/a1/a1待_20.png,Assets/Game/ColorTiming/Art/Image/Scene/B1/a1/a1待_20.png
3e350332325e90b4d8e09879b9c57476,Assets/Art/Image/Hero/Sequence/Shouji/受击时震动_0002.png,Assets/Game/ColorTiming/Art/Image/Hero/Sequence/Shouji/受击时震动_0002.png
3e402d4eeedb51349ab767a2d2c0cba9,Assets/Art/Image/Scene/B1/a2/c/a2草动_55.png,Assets/Game/ColorTiming/Art/Image/Scene/B1/a2/c/a2草动_55.png
3e5d1e267fa73a04fb7a2aab34e089b1,Assets/Art/Image/Hero/Sequence/jiandao/yidong/红色剪刀移动_0001.png,Assets/Game/ColorTiming/Art/Image/Hero/Sequence/jiandao/yidong/红色剪刀移动_0001.png
3e652205110ef6d459a2a3714ec7999f,Assets/Art/Image/Hero/Sequence/Yidong/红色移动_0004.png,Assets/Game/ColorTiming/Art/Image/Hero/Sequence/Yidong/红色移动_0004.png
3e6d2e6351196bc42baa90e2ac09c3ca,Assets/Art/Image/Boss/Skill5/尖刺特效_41.png,Assets/Game/ColorTiming/Art/Image/Boss/Skill5/尖刺特效_41.png
3e6f18b060e51354e9185b12f0828936,Assets/Art/Image/Hero/Sequence/futou/daiji/daiji_futoui_chen.anim,Assets/Game/ColorTiming/Art/Image/Hero/Sequence/futou/daiji/daiji_futoui_chen.anim
3e6ff30e27c28344bad3e67d308c94cd,Assets/Plugins/Spine/Runtime/spine-csharp/Attachments/AtlasAttachmentLoader.cs,Assets/Plugins/Spine/Runtime/spine-csharp/Attachments/AtlasAttachmentLoader.cs
3e731bd4654c523419a785589a50de82,Assets/Art/Image/Hero/Sequence/feiji/skill/橙色飞机爆炸_0004.png,Assets/Game/ColorTiming/Art/Image/Hero/Sequence/feiji/skill/橙色飞机爆炸_0004.png
3e82c2b45f692cc44a534c85cafcaa2c,Assets/Art/Image/Scene/B1/a6/dj/a6草待机_035.png,Assets/Game/ColorTiming/Art/Image/Scene/B1/a6/dj/a6草待机_035.png
3e9a7c130936e3d4cbef734cc35c94fe,Assets/Art/Image/Hero/Sequence/feiji/gongji/绿色飞机投掷_0017.png,Assets/Game/ColorTiming/Art/Image/Hero/Sequence/feiji/gongji/绿色飞机投掷_0017.png
3eb7b92ee48f1ec4cbfab5bdf9bdc4bf,Assets/Art/Image/Hero/Sequence/futou/gongji/chen/橙色斧头攻击_0006.png,Assets/Game/ColorTiming/Art/Image/Hero/Sequence/futou/gongji/chen/橙色斧头攻击_0006.png
3ebd0a7e4f1a5eb42a638c68e0f0a52a,Assets/Art/Image/Scene/B1/a6/c/a6草动_33.png,Assets/Game/ColorTiming/Art/Image/Scene/B1/a6/c/a6草动_33.png
3ed2b6a19579e1b46b45b82fce5377b7,Assets/Art/Image/Scene/B2/摆放位置（注意前后位置和左右方向）.jpg,Assets/Game/ColorTiming/Art/Image/Scene/B2/摆放位置（注意前后位置和左右方向）.jpg
3efe8019ba926054394c1785b1d86eb8,Assets/Art/Image/Scene/B1/a4/c/a4草动_24.png,Assets/Game/ColorTiming/Art/Image/Scene/B1/a4/c/a4草动_24.png
3f002f95c86e5ca41bbac55cff197a30,Assets/Art/Image/Scene/B1/a1/a1待_48.png,Assets/Game/ColorTiming/Art/Image/Scene/B1/a1/a1待_48.png
3f1dda17e627ed04bbc6739d4c45fa01,Assets/Art/Image/Weapon/斧4.png,Assets/Game/ColorTiming/Art/Image/Weapon/斧4.png
3f555dcde64e3164e91b646075791eb6,Assets/Art/Image/UI_Set/开启音乐（正常）.png,Assets/Game/ColorTiming/Art/Image/UI_Set/开启音乐（正常）.png
3f76a78e264c1d74a85b694af5677ff5,Assets/Art/Image/Hero/Sequence/Chuizi/Gongji/Zi/移动蓄力（紫）_0010.png,Assets/Game/ColorTiming/Art/Image/Hero/Sequence/Chuizi/Gongji/Zi/移动蓄力（紫）_0010.png
3f7b70256b00a8e4eb5934834b72a28a,Assets/Art/Image/Scene/B1/a5/dj/skeleton-animation_105.png,Assets/Game/ColorTiming/Art/Image/Scene/B1/a5/dj/skeleton-animation_105.png
3f82d5c4864dcf747b97be5d7760d2f4,Assets/Art/Image/Hero/Sequence/feiji/gongji/紫色飞机投掷_0004.png,Assets/Game/ColorTiming/Art/Image/Hero/Sequence/feiji/gongji/紫色飞机投掷_0004.png
3f8386d95fbba7f45aca8c2ceb41b106,Assets/Art/Image/Hero/Sequence/jiandao/daiji/绿色剪刀待机_0005.png,Assets/Game/ColorTiming/Art/Image/Hero/Sequence/jiandao/daiji/绿色剪刀待机_0005.png
3fa212b0cfb27d740ac1040d1d4a0bd3,Assets/Art/Image/Scene/B1/a5/c/a5草动_16.png,Assets/Game/ColorTiming/Art/Image/Scene/B1/a5/c/a5草动_16.png
3fc714a0dc1cf6b4b959e073fff2844e,Assets/Plugins/Spine/Editor/spine-unity/Editor/GUI/AtlasAsset Icon.png,Assets/Plugins/Spine/Editor/spine-unity/Editor/GUI/AtlasAsset Icon.png
3fdcdf594cce1c5499e269b734ebef45,Assets/Art/Image/Hero/Sequence/Zhadan/skill/爆炸特效（红）_0021.png,Assets/Game/ColorTiming/Art/Image/Hero/Sequence/Zhadan/skill/爆炸特效（红）_0021.png
3fe9645f79623c44faed21cf875334c7,Assets/Art/Image/Boss/Skill5/尖刺特效_32.png,Assets/Game/ColorTiming/Art/Image/Boss/Skill5/尖刺特效_32.png
3fe9a0c94cd83a74d9e21f8ed980ec91,Assets/Art/Image/Scene/B1/a6/dj/a6草待机_054.png,Assets/Game/ColorTiming/Art/Image/Scene/B1/a6/dj/a6草待机_054.png
3ffb43680699741488f07ad4be5d7e5d,Assets/Art/Sound/paper_plane_throwing_fall_down.WAV,Assets/Game/ColorTiming/Art/Sound/paper_plane_throwing_fall_down.WAV
400a1715e0ac9344d9766028a86977b8,Assets/Art/Image/Hero/Sequence/Yidong/紫色移动_0000.png,Assets/Game/ColorTiming/Art/Image/Hero/Sequence/Yidong/紫色移动_0000.png
4029bb6ef5a42ae45a50b30336cccecb,Assets/Art/Image/Scene/B1/a3/c/a3草动_50.png,Assets/Game/ColorTiming/Art/Image/Scene/B1/a3/c/a3草动_50.png
405e374e8cd61b343bb05e29f7aef627,Assets/Art/Image/Scene/B1/a5/c/a5草动_38.png,Assets/Game/ColorTiming/Art/Image/Scene/B1/a5/c/a5草动_38.png
407eba9037d29374f8450876c92af35e,Assets/Art/Image/Scene/B1/a3/c/a3草动_26.png,Assets/Game/ColorTiming/Art/Image/Scene/B1/a3/c/a3草动_26.png
408809d0d1e0a3b41b03bb32d74cc7be,Assets/Art/Image/Scene/B1/a6/dj/a6草待机_097.png,Assets/Game/ColorTiming/Art/Image/Scene/B1/a6/dj/a6草待机_097.png
409a1b4d84e5e3144a40fac345e97963,Assets/Art/Image/Hero/Sequence/jiandao/daiji/红色剪刀待机_0002.png,Assets/Game/ColorTiming/Art/Image/Hero/Sequence/jiandao/daiji/红色剪刀待机_0002.png
409afe6f3f845664c8865bd4662251c7,Assets/Art/Image/Hero/Sequence/feiji/daiji,Assets/Game/ColorTiming/Art/Image/Hero/Sequence/feiji/daiji
409b6ac718d7ecf40865073cca936368,Assets/Art/Sound/amb_cave.wav,Assets/Game/ColorTiming/Art/Sound/amb_cave.wav
409db029c7c340b458b1a5c01b11796e,Assets/Art/Image/Scene/B1/a2/c/a2草动_47.png,Assets/Game/ColorTiming/Art/Image/Scene/B1/a2/c/a2草动_47.png
409f4c48917a3404cbf85d69f01effc9,Assets/Art/Image/Scene/B1/a1/a1待_84.png,Assets/Game/ColorTiming/Art/Image/Scene/B1/a1/a1待_84.png
40ab0f25f37619b4a9b199af185b7482,Assets/Art/Image/Hero/Sequence/futou/gongji/lv/绿色斧头蓄力完成（移动）_0000.png,Assets/Game/ColorTiming/Art/Image/Hero/Sequence/futou/gongji/lv/绿色斧头蓄力完成（移动）_0000.png
40afdcb2874f3b7449f89dde69075efd,Assets/Art/Image/Scene/B1/a4/c/a4草动_39.png,Assets/Game/ColorTiming/Art/Image/Scene/B1/a4/c/a4草动_39.png
40cce43c74990834e8ba8f2d62454ab6,Assets/Art/Image/Scene/B1/a5/dj/skeleton-animation_083.png,Assets/Game/ColorTiming/Art/Image/Scene/B1/a5/dj/skeleton-animation_083.png
40d2638d3c6d21144a5e03ac8a37de65,Assets/Art/Image/Scene/B1/a2/c/a2草动_09.png,Assets/Game/ColorTiming/Art/Image/Scene/B1/a2/c/a2草动_09.png
40d33339e576bc244835d3feaf667677,Assets/Art/Image/Hero/Sequence/jiandao/gongji/红色剪刀攻击_0005.png,Assets/Game/ColorTiming/Art/Image/Hero/Sequence/jiandao/gongji/红色剪刀攻击_0005.png
40d8a8f15082f3844a5c9c8c3ef2047f,Assets/Plugins/Spine/Runtime/spine-csharp/SkeletonBinary.cs,Assets/Plugins/Spine/Runtime/spine-csharp/SkeletonBinary.cs
40d926c205f14f640be1e7a83edf0c62,Assets/Art/Image/Scene/B1/a5/c/a5草动_14.png,Assets/Game/ColorTiming/Art/Image/Scene/B1/a5/c/a5草动_14.png
40e6ed8e7a2f33c4fa1f591bf62b9ed7,Assets/Game/Prefba/sk_jiandao.prefab,Assets/Game/Prefabs/Entity/ColorTiming/sk_jiandao.prefab
40f78ed47c4d31c44a10b7854124e029,Assets/Art/Image/Hero/Sequence/Zhadan/gongji/投掷（紫）_0002.png,Assets/Game/ColorTiming/Art/Image/Hero/Sequence/Zhadan/gongji/投掷（紫）_0002.png
40fcbea4a82784a4e9800656200e7396,Assets/Art/Image/Scene/B1/a3/dj/a3草待机_033.png,Assets/Game/ColorTiming/Art/Image/Scene/B1/a3/dj/a3草待机_033.png
410144f7896217748bea26d662a7a481,Assets/Art/Image/UI_Start/标题.png,Assets/Game/ColorTiming/Art/Image/UI_Start/标题.png
4108decc3e4297349b16079305d253f9,Assets/Art/Image/Scene/B1/a6/c/a6草动_28.png,Assets/Game/ColorTiming/Art/Image/Scene/B1/a6/c/a6草动_28.png
410acfbe407b56744b973a36759ffcf0,Assets/Art/Image/Scene/B1/a6/dj/a6草待机_049.png,Assets/Game/ColorTiming/Art/Image/Scene/B1/a6/dj/a6草待机_049.png
41220099b9a1c7344852fe13aafe6af8,Assets/Art/Image/Hero/Sequence/futou/yidong/红色斧头移动_0002.png,Assets/Game/ColorTiming/Art/Image/Hero/Sequence/futou/yidong/红色斧头移动_0002.png
4127fc7987db3d84d87e2c475834e957,Assets/Art/Image/Scene/B1/a5/dj/skeleton-animation_003.png,Assets/Game/ColorTiming/Art/Image/Scene/B1/a5/dj/skeleton-animation_003.png
412fb0cd68faec8489fcf187dd52d456,Assets/Art/Image/Weapon/Tip2/提示圈-第二章_0026.png,Assets/Game/ColorTiming/Art/Image/Weapon/Tip2/提示圈-第二章_0026.png
413234fb6200258469ee961d3ef7df07,Assets/Art/Vido/1开头.mp4,Assets/Game/ColorTiming/Art/Vido/1开头.mp4
41458b5564463fa4d94c9bc85fc2e0b9,Assets/Art/Image/Scene/B2/cao/B1.png,Assets/Game/ColorTiming/Art/Image/Scene/B2/cao/B1.png
415a279684e56d94398bfbed2c80b57e,Assets/Art/Image/Hero/Sequence/Chuizi/Gongji/Zi/原地蓄力（紫）_0005.png,Assets/Game/ColorTiming/Art/Image/Hero/Sequence/Chuizi/Gongji/Zi/原地蓄力（紫）_0005.png
41600e1f80768214aac66ed725c4b633,Assets/Art/Image/Hero/Sequence/Siwang/被击杀后_0028.png,Assets/Game/ColorTiming/Art/Image/Hero/Sequence/Siwang/被击杀后_0028.png
4163d5a6f734dd34098193fe8a2aa1b5,Assets/Art/Image/Boss/Skill5/尖刺特效_27.png,Assets/Game/ColorTiming/Art/Image/Boss/Skill5/尖刺特效_27.png
416fb2c6e30e4054eb688a09251a0c76,Assets/Art/Image/Hero/Sequence/jiandao/gongji/绿色剪刀攻击_0006.png,Assets/Game/ColorTiming/Art/Image/Hero/Sequence/jiandao/gongji/绿色剪刀攻击_0006.png
41821bb725190c543a068b8533cd4eb8,Assets/Art/Image/Scene/B1/a4/dj/skeleton-animation_075.png,Assets/Game/ColorTiming/Art/Image/Scene/B1/a4/dj/skeleton-animation_075.png
41a20faac90a6a640bb89c7a0be86482,Assets/Art/Image/Scene/B1/a5/dj/skeleton-animation_050.png,Assets/Game/ColorTiming/Art/Image/Scene/B1/a5/dj/skeleton-animation_050.png
41c592d68acef274c816344c85b1bdf0,Assets/Art/Image/Scene/B1/a1/a1待_62.png,Assets/Game/ColorTiming/Art/Image/Scene/B1/a1/a1待_62.png
41e4dd922a43584469cd33df3436fb82,Assets/Art/Image/Hero/Sequence/Dao/yidong/紫色刀移动_0003.png,Assets/Game/ColorTiming/Art/Image/Hero/Sequence/Dao/yidong/紫色刀移动_0003.png
41f74d08d3fb1fd4298e0ce1b55901c3,Assets/Art/Image/Scene/B1/a1/a1待_35.png,Assets/Game/ColorTiming/Art/Image/Scene/B1/a1/a1待_35.png
421ea62f30ab3d64f93b4d60e70aaaca,Assets/Art/Image/Hero/Sequence/jiandao/daiji/daiji_jiandao_hong.anim,Assets/Game/ColorTiming/Art/Image/Hero/Sequence/jiandao/daiji/daiji_jiandao_hong.anim
4224df6e20549f0449154531ae080201,Assets/Plugins/Spine/Runtime/spine-unity/Asset Types/SkeletonDataCompatibility.cs,Assets/Plugins/Spine/Runtime/spine-unity/Asset Types/SkeletonDataCompatibility.cs
422c5bfe6da9f194f92ab76ef3575468,Assets/Art/Image/Hero/Sequence/futou/gongji/lv/绿色斧头蓄力完成（移动）_0003.png,Assets/Game/ColorTiming/Art/Image/Hero/Sequence/futou/gongji/lv/绿色斧头蓄力完成（移动）_0003.png
42441cb36384787468ee3eae64fe68b1,Assets/Art/Image/Hero/Sequence/futou/gongji/hong/红色斧头蓄力完成（原地）_0000.png,Assets/Game/ColorTiming/Art/Image/Hero/Sequence/futou/gongji/hong/红色斧头蓄力完成（原地）_0000.png
4273320bec291cd4b8df778264046f13,Assets/Game/Prefba/sk_chuizi.prefab,Assets/Game/Prefabs/Entity/ColorTiming/sk_chuizi.prefab
4298c2786fd8a8a4593520c5f91ecec4,Assets/Art/Image/Scene/B1/a4/dj/skeleton-animation_020.png,Assets/Game/ColorTiming/Art/Image/Scene/B1/a4/dj/skeleton-animation_020.png
42ac531609528254ea68f68d3dcc14c5,Assets/Art/Image/Boss/Skill5/尖刺特效_08.png,Assets/Game/ColorTiming/Art/Image/Boss/Skill5/尖刺特效_08.png
42c90d512c839df418b208707323907f,Assets/Art/Image/Scene/B1/a4/c/a4草动_05.png,Assets/Game/ColorTiming/Art/Image/Scene/B1/a4/c/a4草动_05.png
42cf749751b34c54199dc35da9eaf1e6,Assets/Art/Image/Hero/Sequence/Zhadan/skill/爆炸特效（紫）_0000.png,Assets/Game/ColorTiming/Art/Image/Hero/Sequence/Zhadan/skill/爆炸特效（紫）_0000.png
42f96e0833096354ebbe533ed3e20b1a,Assets/Art/Image/Scene/B1/a3/a3_cao_c.anim,Assets/Game/ColorTiming/Art/Image/Scene/B1/a3/a3_cao_c.anim
4302cb43f6a03b9489b9e6bbc165f562,Assets/Art/Image/ui/o2.png,Assets/Game/ColorTiming/Art/Image/ui/o2.png
43227e5adadc6f24bb4bf74b92a56fb4,Assets/Plugins/Spine/Runtime/spine-unity/Shaders/Utility/HiddenPass.mat,Assets/Plugins/Spine/Runtime/spine-unity/Shaders/Utility/HiddenPass.mat
4339433725f39a14b82faefb9571885a,Assets/Art/Image/Scene/B1/a5/c/a5草动_55.png,Assets/Game/ColorTiming/Art/Image/Scene/B1/a5/c/a5草动_55.png
4350b3168bd908e4a8fb7c0bffc629e1,Assets/Art/Image/Scene/B1/a5/c/a5草动_09.png,Assets/Game/ColorTiming/Art/Image/Scene/B1/a5/c/a5草动_09.png
43723787b33913741a282ed30046dd17,Assets/Art/Image/Hero/Sequence/Zhadan/gongji,Assets/Game/ColorTiming/Art/Image/Hero/Sequence/Zhadan/gongji
43897010c7e77c54897cb98c1ddf84f1,Assets/Plugins/Spine/Runtime/spine-unity/Materials,Assets/Plugins/Spine/Runtime/spine-unity/Materials
43a62c890b27b6c44955d379f35618a3,Assets/Art/Image/Scene/B1/a6/dj/a6草待机_074.png,Assets/Game/ColorTiming/Art/Image/Scene/B1/a6/dj/a6草待机_074.png
43ab576e72ad4fc40ab4c3c843329f0c,Assets/Art/Image/Hero/Sequence/futou/gongji/hong/红色斧头蓄力（原地）_0003.png,Assets/Game/ColorTiming/Art/Image/Hero/Sequence/futou/gongji/hong/红色斧头蓄力（原地）_0003.png
43be04fe0423a7e4dbc37014a2b2915b,Assets/Art/Image/Hero/Sequence/feiji/skill/绿色飞机爆炸_0013.png,Assets/Game/ColorTiming/Art/Image/Hero/Sequence/feiji/skill/绿色飞机爆炸_0013.png
43cc4a01c7cbe564ca3e71c8f4ccaa22,Assets/Art/Image/Hero/Sequence/futou/daiji/红色斧头待机_0009.png,Assets/Game/ColorTiming/Art/Image/Hero/Sequence/futou/daiji/红色斧头待机_0009.png
43de71487ed854a45894f2600a82384f,Assets/Art/Image/Hero/Sequence/Yidong/move_ Zi.anim,Assets/Game/ColorTiming/Art/Image/Hero/Sequence/Yidong/move_ Zi.anim
43e0c52959ebaca4a815f614b2a46498,Assets/Art/Image/Hero/Sequence/jiandao/gongji/紫色剪刀攻击_0010.png,Assets/Game/ColorTiming/Art/Image/Hero/Sequence/jiandao/gongji/紫色剪刀攻击_0010.png
43f162bb3afc6824195f3eb09ffcb57a,Assets/Art/Image/Hero/Sequence/feiji/gongji/紫色飞机投掷_0016.png,Assets/Game/ColorTiming/Art/Image/Hero/Sequence/feiji/gongji/紫色飞机投掷_0016.png
4401237d3e7a79f43bfecec209406ae6,Assets/Art/Image/Hero/Sequence/Chuizi/Gongji/Zi/原地蓄力完成（紫）_0002.png,Assets/Game/ColorTiming/Art/Image/Hero/Sequence/Chuizi/Gongji/Zi/原地蓄力完成（紫）_0002.png
4406007bc6c949c40a61b244b1b7c287,Assets/Art/Image/Scene/B1/a5/c/a5草动_21.png,Assets/Game/ColorTiming/Art/Image/Scene/B1/a5/c/a5草动_21.png
440e5919dff9a2e4297e7c0015bca499,Assets/Art/Image/Scene/B1/a4/dj/skeleton-animation_078.png,Assets/Game/ColorTiming/Art/Image/Scene/B1/a4/dj/skeleton-animation_078.png
441366f13a49c8c40bf0c2d00b4fbb9e,Assets/Art/Image/Hero/Sequence/futou/daiji/紫色斧头待机_0002.png,Assets/Game/ColorTiming/Art/Image/Hero/Sequence/futou/daiji/紫色斧头待机_0002.png
4434f434efd12a445ae8ee7c91ea84da,Assets/Art/Image/Scene/B1/a2/dj/a2草待机_05.png,Assets/Game/ColorTiming/Art/Image/Scene/B1/a2/dj/a2草待机_05.png
444922ab3d58cf34e8c76e6366082b43,Assets/Art/Image/Hero/Sequence/feiji/skill/紫色飞机爆炸_0001.png,Assets/Game/ColorTiming/Art/Image/Hero/Sequence/feiji/skill/紫色飞机爆炸_0001.png
446619ed16571e34282c737d975287c4,Assets/Art/Image/Scene/B1/a1/a1待_44.png,Assets/Game/ColorTiming/Art/Image/Scene/B1/a1/a1待_44.png
446b554efe72b00439d58a96c0254853,Assets/Art/Image/Scene/B1/a4/dj/skeleton-animation_126.png,Assets/Game/ColorTiming/Art/Image/Scene/B1/a4/dj/skeleton-animation_126.png
446b7c001e9acb74ca30616b0d7bff6b,Assets/Art/Image/Scene/B1/a2/c/a2草动_24.png,Assets/Game/ColorTiming/Art/Image/Scene/B1/a2/c/a2草动_24.png
4483265b5729d5848a8d8b9e19f40b0f,Assets/Art/Image/Weapon/Tip1/提示圈-第一章_0017.png,Assets/Game/ColorTiming/Art/Image/Weapon/Tip1/提示圈-第一章_0017.png
449867134eca00543b862455633d40af,Assets/Art/Image/Scene/B1/a6/c/a6草动_24.png,Assets/Game/ColorTiming/Art/Image/Scene/B1/a6/c/a6草动_24.png
44a51df5672fe4249b6763960587a017,Assets/Plugins/Spine/Runtime/spine-csharp/IUpdatable.cs,Assets/Plugins/Spine/Runtime/spine-csharp/IUpdatable.cs
44a6853d2a9af9e4abac9903d74b80c3,Assets/Art/Image/Hero/Sequence/Dao/gongji/橙色刀攻击_0005.png,Assets/Game/ColorTiming/Art/Image/Hero/Sequence/Dao/gongji/橙色刀攻击_0005.png
44bf0c1c51482cd4ba6020df512118ba,Assets/Art/Image/Hero/Sequence/futou/gongji/zhi/紫色斧头蓄力（原地）_0007.png,Assets/Game/ColorTiming/Art/Image/Hero/Sequence/futou/gongji/zhi/紫色斧头蓄力（原地）_0007.png
44e3d664aefcbba4f943010e24ad223c,Assets/Game/Scripts/Anim/RestXuli.cs,Assets/Game/Scripts/ColorTiming/Legacy/Anim/RestXuli.cs
45042fe6c301ce94e8abceb2fd311b9e,Assets/Art/Image/Scene/B1/a4/dj/skeleton-animation_029.png,Assets/Game/ColorTiming/Art/Image/Scene/B1/a4/dj/skeleton-animation_029.png
4506d34b99059bb4e8fe3739c2529a6b,Assets/Art/Image/Scene/B1/a2/c/a2草动_35.png,Assets/Game/ColorTiming/Art/Image/Scene/B1/a2/c/a2草动_35.png
450819de4d4b0de46af3396e45502945,Assets/Art/Image/Hero/Sequence/jiandao/yidong/紫色剪刀移动_0001.png,Assets/Game/ColorTiming/Art/Image/Hero/Sequence/jiandao/yidong/紫色剪刀移动_0001.png
4509a0f76be5cdc47a7bbf597b84038f,Assets/Art/Image/Hero/Sequence/Siwang/被击杀后_0026.png,Assets/Game/ColorTiming/Art/Image/Hero/Sequence/Siwang/被击杀后_0026.png
45146e45c4397df44938da4af2751cb2,Assets/Art/Image/Hero/Sequence/futou/gongji/chen/橙色斧头蓄力（原地）_0014.png,Assets/Game/ColorTiming/Art/Image/Hero/Sequence/futou/gongji/chen/橙色斧头蓄力（原地）_0014.png
452b369ff56346344b81afc252ef4cb6,Assets/Art/Image/Scene/B1/a2/dj/a2草待机_06.png,Assets/Game/ColorTiming/Art/Image/Scene/B1/a2/dj/a2草待机_06.png
4534467377bc0564da13a63134287ad3,Assets/Art/Image/Hero/Sequence/futou/daiji/橙色斧头待机_0004.png,Assets/Game/ColorTiming/Art/Image/Hero/Sequence/futou/daiji/橙色斧头待机_0004.png
4534c7dce2b48fc4390f76c456156c02,Assets/Art/Image/Scene/B1/a4/c/a4草动_72.png,Assets/Game/ColorTiming/Art/Image/Scene/B1/a4/c/a4草动_72.png
45495790b394f894a967dbf44489b57b,Assets/Plugins/Spine/Runtime/spine-unity/Shaders/Spine-Skeleton-Fill.shader,Assets/Plugins/Spine/Runtime/spine-unity/Shaders/Spine-Skeleton-Fill.shader
456a736ebb92ebf4b959fa9c4b704427,Assets/Plugins/Spine/Runtime/spine-unity/Components/SkeletonUtility/FollowSkeletonUtilityRootRotation.cs,Assets/Plugins/Spine/Runtime/spine-unity/Components/SkeletonUtility/FollowSkeletonUtilityRootRotation.cs
456ead846a0d39048959e4cde49c538d,Assets/Art/Image/Scene/B1/a6/c/a6草动_59.png,Assets/Game/ColorTiming/Art/Image/Scene/B1/a6/c/a6草动_59.png
4585bdcfbf27e8c4d842cb81dcb9f1a2,Assets/Art/Image/Hero/Sequence/Chuizi/Gongji/Lv/原地蓄力（绿）_0003.png,Assets/Game/ColorTiming/Art/Image/Hero/Sequence/Chuizi/Gongji/Lv/原地蓄力（绿）_0003.png
458e8dc9c1e3a524e92a43cd83ddf13f,Assets/Art/Image/Hero/Anim/t.anim,Assets/Game/ColorTiming/Art/Image/Hero/Anim/t.anim
45e1fd9d554b82d4bb6424a1e23e1932,Assets/Art/Image/Scene/B1/a6/dj/a6草待机_108.png,Assets/Game/ColorTiming/Art/Image/Scene/B1/a6/dj/a6草待机_108.png
45e82459908b5e4408a338a83806507a,Assets/Art/Image/Hero/Sequence/Dao/gongji/紫色刀攻击_0009.png,Assets/Game/ColorTiming/Art/Image/Hero/Sequence/Dao/gongji/紫色刀攻击_0009.png
45ed9ae823ebfd341a5d8567c36a52b5,Assets/Game/Prefba/sk_feiji.prefab,Assets/Game/Prefabs/Entity/ColorTiming/sk_feiji.prefab
45f33694af3ccb940986eff6add745ce,Assets/Art/Image/Hero/Sequence/futou/gongji/hong/红色斧头攻击_0007.png,Assets/Game/ColorTiming/Art/Image/Hero/Sequence/futou/gongji/hong/红色斧头攻击_0007.png
45fe4e7ce0ca09d48ac01e9ed7117766,Assets/Game/Prefba/Scene/b2_cao_b1.prefab,Assets/Game/Prefabs/World/ColorTiming/b2_cao_b1.prefab
460604d19730ecd4e9285f9b29836eb2,Assets/Art/Image/Hero/Sequence/futou/daiji/紫色斧头待机_0007.png,Assets/Game/ColorTiming/Art/Image/Hero/Sequence/futou/daiji/紫色斧头待机_0007.png
46096d2ccb96ca445b5576b41153a25a,Assets/Art/Image/Hero/Sequence/Zhadan/yidong/红色炸弹移动_0001.png,Assets/Game/ColorTiming/Art/Image/Hero/Sequence/Zhadan/yidong/红色炸弹移动_0001.png
460ae4d412bd51c47a4f2f22cf46c9c7,Assets/Art/Image/Hero/Sequence/Chuizi/Gongji/Lv/攻击动作（绿）_0004.png,Assets/Game/ColorTiming/Art/Image/Hero/Sequence/Chuizi/Gongji/Lv/攻击动作（绿）_0004.png
4613924c50d66cf458f0db803776dd2f,Assets/Plugins/Spine/Editor/spine-unity/Editor/Components/SkeletonMecanimRootMotionInspector.cs,Assets/Plugins/Spine/Editor/spine-unity/Editor/Components/SkeletonMecanimRootMotionInspector.cs
4615054d1f9bc464b833c6ed69e8c564,Assets/Art/Image/Weapon/剪1亮.png,Assets/Game/ColorTiming/Art/Image/Weapon/剪1亮.png
461bf1f80084d5d4a95ad1459901280a,Assets/Art/Image/Hero/Sequence/Siwang/sc/黑屏转场_0005.png,Assets/Game/ColorTiming/Art/Image/Hero/Sequence/Siwang/sc/黑屏转场_0005.png
4623643dd2384824ca965caf96156d22,Assets/Art/Image/Scene/B1/a4/c/a4草动_64.png,Assets/Game/ColorTiming/Art/Image/Scene/B1/a4/c/a4草动_64.png
4641bcf4a63ea65449360972c1606f3d,Assets/Art/Image/Scene/B1/a4/c/a4草动_02.png,Assets/Game/ColorTiming/Art/Image/Scene/B1/a4/c/a4草动_02.png
4689e9109c3645347a67171512d0d870,Assets/Art/Image/Scene/B1/a2/c/a2草动_04.png,Assets/Game/ColorTiming/Art/Image/Scene/B1/a2/c/a2草动_04.png
4690feec4f35076418b9bfc7e361c45b,Assets/Art/Image/Scene/B1/a6/dj/a6草待机_019.png,Assets/Game/ColorTiming/Art/Image/Scene/B1/a6/dj/a6草待机_019.png
46b6d206096bfa940bdb14c7a45451e0,Assets/Art/Image/Hero/Sequence/Daiji/待机_0006.png,Assets/Game/ColorTiming/Art/Image/Hero/Sequence/Daiji/待机_0006.png
46cb11d2802a2fb469815fc47919390c,Assets/Art/Image/Scene/B1/a1/a1待_79.png,Assets/Game/ColorTiming/Art/Image/Scene/B1/a1/a1待_79.png
46e1be7f85322ed439b05b424f092f20,Assets/Art/Image/Scene/B1/a5/c/a5草动_11.png,Assets/Game/ColorTiming/Art/Image/Scene/B1/a5/c/a5草动_11.png
47059354470638242a84155d21253c52,Assets/Art/Image/Hero/Sequence/futou/daiji/红色斧头待机_0002.png,Assets/Game/ColorTiming/Art/Image/Hero/Sequence/futou/daiji/红色斧头待机_0002.png
4709175437c21f64bab9b061f98a49fc,Assets/Plugins/Spine/Editor/spine-unity/Editor/GUI/icon-constraintTransform.png,Assets/Plugins/Spine/Editor/spine-unity/Editor/GUI/icon-constraintTransform.png
4745c94a3f45599498cd14220ebfedf7,Assets/Art/Image/Scene/B1/a5/c/a5草动_02.png,Assets/Game/ColorTiming/Art/Image/Scene/B1/a5/c/a5草动_02.png
47514401873cef64786821f253266bbd,Assets/Art/Image/Scene/B1/a5/c/a5草动_41.png,Assets/Game/ColorTiming/Art/Image/Scene/B1/a5/c/a5草动_41.png
4757b05aca1165846adbcd4095d236ab,Assets/Art/Image/Hero/Sequence/Chuizi/Daiji/红色锤子待机_0011.png,Assets/Game/ColorTiming/Art/Image/Hero/Sequence/Chuizi/Daiji/红色锤子待机_0011.png
47695ba7f7fde494ea5a229905295d21,Assets/Art/Image/Hero/Sequence/Chuizi/Gongji/Lv/移动蓄力（绿）_0005.png,Assets/Game/ColorTiming/Art/Image/Hero/Sequence/Chuizi/Gongji/Lv/移动蓄力（绿）_0005.png
476a84d9321f0a04298e9b12e44ef5d9,Assets/Art/Image/Scene/B1/a4/c,Assets/Game/ColorTiming/Art/Image/Scene/B1/a4/c
477d3d223b3490d45861fce91d88d70d,Assets/Art/Image/Hero/Sequence/feiji/gongji/紫色飞机投掷_0008.png,Assets/Game/ColorTiming/Art/Image/Hero/Sequence/feiji/gongji/紫色飞机投掷_0008.png
4794ea6b2d07cc546ba97a809b5f9ada,Assets/Plugins/Spine/Runtime/spine-unity/Shaders/Sprite/CameraDepthNormalsTexture.shader,Assets/Plugins/Spine/Runtime/spine-unity/Shaders/Sprite/CameraDepthNormalsTexture.shader
47a8159969e9b674384cf014f337c938,Assets/Art/Image/Hero/Sequence/feiji/skill/红色飞机爆炸_0020.png,Assets/Game/ColorTiming/Art/Image/Hero/Sequence/feiji/skill/红色飞机爆炸_0020.png
47b318940157e2a4194f5b9ef09e9b6e,Assets/Art/Image/Scene/B1/a6/dj/a6草待机_064.png,Assets/Game/ColorTiming/Art/Image/Scene/B1/a6/dj/a6草待机_064.png
47d3247ab7f01314ea6d70fa1bc238e4,Assets/Art/Image/Scene/B1/a5/c/a5草动_63.png,Assets/Game/ColorTiming/Art/Image/Scene/B1/a5/c/a5草动_63.png
47d4e1cd0c9533443b4f8384f50b972f,Assets/Art/Image/Hero/Sequence/Chuizi/yidong/绿色锤子移动_0005.png,Assets/Game/ColorTiming/Art/Image/Hero/Sequence/Chuizi/yidong/绿色锤子移动_0005.png
47e9268e619251141948f0c5af0c5b51,Assets/Art/Image/Scene/B1/a5/dj/skeleton-animation_124.png,Assets/Game/ColorTiming/Art/Image/Scene/B1/a5/dj/skeleton-animation_124.png
47fd6546ad27bf341a49eff4d4ab4b54,Assets/Art/Image/Weapon/炸3.png,Assets/Game/ColorTiming/Art/Image/Weapon/炸3.png
481dd030fe583f846a385f23738c7854,Assets/Art/Image/Scene/B1/a4/a4_cao.controller,Assets/Game/ColorTiming/Art/Image/Scene/B1/a4/a4_cao.controller
4828ef75f13312b489265d2e60d1ec61,Assets/Art/Image/Scene/B1/a3/dj/a3草待机_100.png,Assets/Game/ColorTiming/Art/Image/Scene/B1/a3/dj/a3草待机_100.png
482a8bb9b6d044a4ab60e37491f2d496,Assets/Art/Image/Scene/B1/a3/dj/a3草待机_090.png,Assets/Game/ColorTiming/Art/Image/Scene/B1/a3/dj/a3草待机_090.png
482c024e9aaea4642a13d876212e3229,Assets/Game/Prefba/kongqiqiang,Assets/Game/Prefabs/Entity/ColorTiming/kongqiqiang
4832a59ef99e2b143bec6316f12ad857,Assets/Art/Image/Scene/B1/a6/c/a6草动_57.png,Assets/Game/ColorTiming/Art/Image/Scene/B1/a6/c/a6草动_57.png
488426a843884b246bcae11b846977d3,Assets/Art/Image/Hero/Sequence/futou/gongji/lv/绿色斧头蓄力（移动）_0011.png,Assets/Game/ColorTiming/Art/Image/Hero/Sequence/futou/gongji/lv/绿色斧头蓄力（移动）_0011.png
48c939322485ff9438720981ce6fc393,Assets/Art/Image/Weapon/斧1.png,Assets/Game/ColorTiming/Art/Image/Weapon/斧1.png
48cd8c6de33196b4eabd6b929a53b4f2,Assets/Art/Image/Mouse,Assets/Game/ColorTiming/Art/Image/Mouse
48d2c53e1e9fa89439ecc4fd79c53979,Assets/Art/Image/Hero/Sequence/Shouji/hit_sc.anim,Assets/Game/ColorTiming/Art/Image/Hero/Sequence/Shouji/hit_sc.anim
48dc6b28b079d214eb15eb3f9baec4a9,Assets/Art/Image/Scene/B1/a4/c/a4草动_45.png,Assets/Game/ColorTiming/Art/Image/Scene/B1/a4/c/a4草动_45.png
48eab057cdd991b4385f9b34877387b5,Assets/Art/Image/Scene/B1/a5/dj/skeleton-animation_084.png,Assets/Game/ColorTiming/Art/Image/Scene/B1/a5/dj/skeleton-animation_084.png
48f46a0b7c9a02742a2d7d7d13cf3277,Assets/Art/Image/Hero/Sequence/Siwang/被击杀后_0000.png,Assets/Game/ColorTiming/Art/Image/Hero/Sequence/Siwang/被击杀后_0000.png
48f7637c94010b747a8255c44d47d09b,Assets/Art/Image/Hero/Sequence/Chuizi/Gongji/Zi/原地蓄力（紫）_0007.png,Assets/Game/ColorTiming/Art/Image/Hero/Sequence/Chuizi/Gongji/Zi/原地蓄力（紫）_0007.png
48fb9bbb14ab8ac4ba787bb872c8bdf6,Assets/Art/Image/Hero/Sequence/Zhadan/daiji/红色炸弹待机_0011.png,Assets/Game/ColorTiming/Art/Image/Hero/Sequence/Zhadan/daiji/红色炸弹待机_0011.png
4919725d53d1589489e79b351aedf7e6,Assets/Art/Image/Hero/Sequence/feiji/daiji/红色飞机待机_0003.png,Assets/Game/ColorTiming/Art/Image/Hero/Sequence/feiji/daiji/红色飞机待机_0003.png
492d29bf4e27e2e498e0e1183e9b25d1,Assets/Art/Image/Scene/B1/a3/dj/a3草待机_039.png,Assets/Game/ColorTiming/Art/Image/Scene/B1/a3/dj/a3草待机_039.png
4933f0355d8a0a047825c8d0ef71cd83,Assets/Art/Image/Scene/B1/a5/c/a5草动_46.png,Assets/Game/ColorTiming/Art/Image/Scene/B1/a5/c/a5草动_46.png
49347b302476a7943bcaaed1d06a208b,Assets/Art/Image/Scene/B1/a5/dj/skeleton-animation_022.png,Assets/Game/ColorTiming/Art/Image/Scene/B1/a5/dj/skeleton-animation_022.png
49377c72c37e2c149b106c260a241f3c,Assets/Plugins/Spine/Editor/spine-unity/Editor/Utility/AssetUtility.cs,Assets/Plugins/Spine/Editor/spine-unity/Editor/Utility/AssetUtility.cs
49514aac45c7d7d489a5676d999509c9,Assets/Art/Image/Hero/Sequence/Daiji/待机_0000.png,Assets/Game/ColorTiming/Art/Image/Hero/Sequence/Daiji/待机_0000.png
4972a26de8880f74db7bb912f85b06c1,Assets/Art/Image/Hero/Sequence/Zhadan/yidong/绿色炸弹移动_0002.png,Assets/Game/ColorTiming/Art/Image/Hero/Sequence/Zhadan/yidong/绿色炸弹移动_0002.png
497745e8ff9a55b4085fc0685b7f1da3,Assets/Art/Image/Hero/Sequence/Dao/daiji/橙色刀待机_0007.png,Assets/Game/ColorTiming/Art/Image/Hero/Sequence/Dao/daiji/橙色刀待机_0007.png
497e1021612270543ba7a7ddac6e480e,Assets/Art/Image/Scene/B1/a3/c/a3草动_20.png,Assets/Game/ColorTiming/Art/Image/Scene/B1/a3/c/a3草动_20.png
49cf725a1e40e7742be92917f83946c3,Assets/Plugins/Spine/Runtime/spine-unity/Shaders/Outline/Spine-Skeleton-TintBlack-Outline.shader,Assets/Plugins/Spine/Runtime/spine-unity/Shaders/Outline/Spine-Skeleton-TintBlack-Outline.shader
4a07e899f0ae860489bc4e9824fc2a88,Assets/Art/Image/Hero/Sequence/Zhadan/skill/爆炸特效（红）_0006.png,Assets/Game/ColorTiming/Art/Image/Hero/Sequence/Zhadan/skill/爆炸特效（红）_0006.png
4a0c1cadb5c930c47b344be29b0863eb,Assets/Art/Image/Hero/Sequence/Siwang/被击杀时的震动_0002.png,Assets/Game/ColorTiming/Art/Image/Hero/Sequence/Siwang/被击杀时的震动_0002.png
4a12595f685677a4c9b49d1ce5656f1a,Assets/Art/Image/Scene/B1/a6/dj/a6草待机_013.png,Assets/Game/ColorTiming/Art/Image/Scene/B1/a6/dj/a6草待机_013.png
4a1646cf39026224c85ecba92d7d6948,Assets/Plugins/Spine/Editor/spine-unity/Editor/GUI/icon-slotRoot.png,Assets/Plugins/Spine/Editor/spine-unity/Editor/GUI/icon-slotRoot.png
4a176ab7fa67cfd4ca728c31bd1ffde4,Assets/Art/Image/Scene/B1/a3/c/a3草动_53.png,Assets/Game/ColorTiming/Art/Image/Scene/B1/a3/c/a3草动_53.png
4a50f1c6f9c17654f9da652aada3a409,Assets/Art/Image/Hero/Sequence/jiandao/yidong/yidong_jiandao_zi.anim,Assets/Game/ColorTiming/Art/Image/Hero/Sequence/jiandao/yidong/yidong_jiandao_zi.anim
4a6d63aaaa648b340b1d81cef71206c9,Assets/Art/Image/Hero/Sequence/Chongci/冲刺_0002.png,Assets/Game/ColorTiming/Art/Image/Hero/Sequence/Chongci/冲刺_0002.png
4a70403c40414594fb5076dbba54d1d8,Assets/Art/Image/Scene/B1/a3/dj/a3草待机_084.png,Assets/Game/ColorTiming/Art/Image/Scene/B1/a3/dj/a3草待机_084.png
4a854efb72abd584982943179bd4a10a,Assets/Art/Image/Hero/Sequence/futou/gongji/hong/红色斧头蓄力（原地）_0005.png,Assets/Game/ColorTiming/Art/Image/Hero/Sequence/futou/gongji/hong/红色斧头蓄力（原地）_0005.png
4a8d703be3bcad04195e712fd2d391d8,Assets/Art/Image/Hero/Sequence/Yidong/Beimian/红色移动（背面）_0003.png,Assets/Game/ColorTiming/Art/Image/Hero/Sequence/Yidong/Beimian/红色移动（背面）_0003.png
4ab837e75ce48b84d9f41a5dc2aa39e9,Assets/Art/Image/Hero/Sequence/Chuizi/Gongji/Hong/移动蓄力（红）_0013.png,Assets/Game/ColorTiming/Art/Image/Hero/Sequence/Chuizi/Gongji/Hong/移动蓄力（红）_0013.png
4abba19d59a4a5347a5d474761e8ff6b,Assets/Art/Image/Hero/Sequence/Zhadan/skill/爆炸特效（绿）_0023.png,Assets/Game/ColorTiming/Art/Image/Hero/Sequence/Zhadan/skill/爆炸特效（绿）_0023.png
4abe97677ed91ab40905d914b486d260,Assets/Art/Image/Hero/Sequence/feiji/skill/绿色飞机爆炸_0007.png,Assets/Game/ColorTiming/Art/Image/Hero/Sequence/feiji/skill/绿色飞机爆炸_0007.png
4ac200effe560a441ac75f191adc2b92,Assets/Art/Image/Hero/Sequence/Chuizi/Gongji/Zi/攻击动作（紫）_0007.png,Assets/Game/ColorTiming/Art/Image/Hero/Sequence/Chuizi/Gongji/Zi/攻击动作（紫）_0007.png
4aeb30b9d975d4e478178039aa8a6325,Assets/Art/Image/Hero/Sequence/jiandao/daiji/绿色剪刀待机_0000.png,Assets/Game/ColorTiming/Art/Image/Hero/Sequence/jiandao/daiji/绿色剪刀待机_0000.png
4aecda967d3a7154dbeb98d503521fdb,Assets/Art/Image/Scene/B1/a3/c/a3草动_01.png,Assets/Game/ColorTiming/Art/Image/Scene/B1/a3/c/a3草动_01.png
4af0ec8a381d3ed46931977acd7ba703,Assets/Art/Image/Hero/Sequence/feiji/skill/红色飞机爆炸_0015.png,Assets/Game/ColorTiming/Art/Image/Hero/Sequence/feiji/skill/红色飞机爆炸_0015.png
4b1073fdbb0aff94d8eed2799af08a35,Assets/Art/Image/Scene/B1/a3/dj/a3草待机_092.png,Assets/Game/ColorTiming/Art/Image/Scene/B1/a3/dj/a3草待机_092.png
4b20660d01a5e3a439f4bfafcf1537c3,Assets/Art/Image/Scene/B2/层级3.png,Assets/Game/ColorTiming/Art/Image/Scene/B2/层级3.png
4b3301dc62f5c1244bf58d87e2d00806,Assets/Game/Prefba/sk_Bo2_atk0.prefab,Assets/Game/Prefabs/Entity/ColorTiming/sk_Bo2_atk0.prefab
4b3566a937643b8498d1ec6df5880b77,Assets/Plugins/Spine/Runtime/spine-unity/Shaders/Outline/BlendModes/Spine-Skeleton-PMA-Multiply-Outline.shader,Assets/Plugins/Spine/Runtime/spine-unity/Shaders/Outline/BlendModes/Spine-Skeleton-PMA-Multiply-Outline.shader
4b581c463b133bb418144b531f44ec26,Assets/Art/Image/Hero/Sequence/futou/gongji/lv/绿色斧头蓄力（移动）_0003.png,Assets/Game/ColorTiming/Art/Image/Hero/Sequence/futou/gongji/lv/绿色斧头蓄力（移动）_0003.png
4b5ab769bb0ce2b44bcc8ed6b8f45274,Assets/Art/Image/Hero/Sequence/Zhadan/skill/爆炸特效（绿）_0019.png,Assets/Game/ColorTiming/Art/Image/Hero/Sequence/Zhadan/skill/爆炸特效（绿）_0019.png
4b6fb48f295cd8248a7566315212a3c2,Assets/Plugins/Spine/Runtime/spine-unity/Shaders/Sprite/CGIncludes,Assets/Plugins/Spine/Runtime/spine-unity/Shaders/Sprite/CGIncludes
4b7c6a962724aa348a3f3cc8523bab55,Assets/Art/Image/Hero/Sequence/Chuizi/Gongji/Lv/移动蓄力（绿）_0000.png,Assets/Game/ColorTiming/Art/Image/Hero/Sequence/Chuizi/Gongji/Lv/移动蓄力（绿）_0000.png
4b89ba6f76ecc6a4f881f681075d79c7,Assets/Art/Image/Hero/Sequence/Chuizi/Gongji/Zi/攻击动作（紫）_0014.png,Assets/Game/ColorTiming/Art/Image/Hero/Sequence/Chuizi/Gongji/Zi/攻击动作（紫）_0014.png
4b89f4e0f7094f44fa68ab61ef47d80e,Assets/Art/Anim_Skill/sk_bo1_atk3.controller,Assets/Game/ColorTiming/Art/Anim_Skill/sk_bo1_atk3.controller
4ba500a3fe44cbc458f2da7e142f3433,Assets/Game/Prefba/sk_Boss1_atk3.prefab,Assets/Game/Prefabs/Entity/ColorTiming/sk_Boss1_atk3.prefab
4baa04d44203b0748987d24298affeea,Assets/Art/Image/Scene/B2/cao/D3.png,Assets/Game/ColorTiming/Art/Image/Scene/B2/cao/D3.png
4bb0e64815385b049ae22e1379c5683b,Assets/Art/Image/Hero/Sequence/futou/gongji/zhi/紫色斧头蓄力（原地）_0004.png,Assets/Game/ColorTiming/Art/Image/Hero/Sequence/futou/gongji/zhi/紫色斧头蓄力（原地）_0004.png
4bb7772c7a2446e48baa88b0b3a7cabf,Assets/Art/Image/Hero/Sequence/Dao/daiji/绿色刀待机_0003.png,Assets/Game/ColorTiming/Art/Image/Hero/Sequence/Dao/daiji/绿色刀待机_0003.png
4bb9a34717e9e8c4eb3d46b6d8ea6268,Assets/Art/Image/Hero/Sequence/Dao/gongji/紫色刀攻击_0010.png,Assets/Game/ColorTiming/Art/Image/Hero/Sequence/Dao/gongji/紫色刀攻击_0010.png
4be42b01a6edc214884cd1ae41e5a884,Assets/Art/Image/Hero/Sequence/futou/gongji/chen/橙色斧头攻击_0007.png,Assets/Game/ColorTiming/Art/Image/Hero/Sequence/futou/gongji/chen/橙色斧头攻击_0007.png
4c266cbe816239e4896947f60f521ea8,Assets/Art/Image/Hero/Sequence/futou/gongji/hong/红色斧头蓄力完成（移动）_0004.png,Assets/Game/ColorTiming/Art/Image/Hero/Sequence/futou/gongji/hong/红色斧头蓄力完成（移动）_0004.png
4c34da6942ca8a146bf9c45de13a06a8,Assets/Art/Image/Hero/Sequence/futou/gongji/chen/橙色斧头攻击_0004.png,Assets/Game/ColorTiming/Art/Image/Hero/Sequence/futou/gongji/chen/橙色斧头攻击_0004.png
4c5ba2c8ac5fe5e4995b6610f3fcaef8,Assets/Art/Image/Scene/B1/a5/dj/skeleton-animation_118.png,Assets/Game/ColorTiming/Art/Image/Scene/B1/a5/dj/skeleton-animation_118.png
4c7052e4a9a8c5c4ca5d17fad91bc032,Assets/Game/Scripts/UI/UI_Game.cs,Assets/Game/Scripts/ColorTiming/Legacy/UI/UI_Game.cs
4c9248d69947b3d4bbc661e81e86eb85,Assets/Art/Image/Scene/B1/a6/dj/a6草待机_065.png,Assets/Game/ColorTiming/Art/Image/Scene/B1/a6/dj/a6草待机_065.png
4c976d37faf5c1a42b25cac52ca213b1,Assets/Art/Image/Boss/Skill5/尖刺特效_14.png,Assets/Game/ColorTiming/Art/Image/Boss/Skill5/尖刺特效_14.png
4cb2a38f45360aa4599547e4bb6933fe,Assets/Art/Image/Hero/Sequence/Dao/gongji/绿色刀攻击_0007.png,Assets/Game/ColorTiming/Art/Image/Hero/Sequence/Dao/gongji/绿色刀攻击_0007.png
4cc9d4be80225fe44a8007d5ff04b919,Assets/Art/Image/Hero/Sequence/feiji/gongji/红色飞机投掷_0001.png,Assets/Game/ColorTiming/Art/Image/Hero/Sequence/feiji/gongji/红色飞机投掷_0001.png
4cd2c95037de95f479c7924760b75fe2,Assets/Art/Image/Hero/Sequence/Siwang/sc/死亡动画背景_0032.png,Assets/Game/ColorTiming/Art/Image/Hero/Sequence/Siwang/sc/死亡动画背景_0032.png
4cd639ea518618747b09baa9d20f7fa7,Assets/Game/Prefba/HitFX_Jiandao2 1.prefab,Assets/Game/Prefabs/Entity/ColorTiming/HitFX_Jiandao2 1.prefab
4cd91975044e1d948ae94c226a0963b5,Assets/Art/Image/Boss2/Weiba/第二章boss_SkeletonData.asset,Assets/Game/ColorTiming/Art/Image/Boss2/Weiba/第二章boss_SkeletonData.asset
4ce20a6254c0b584c941e76ee3e4cd38,Assets/Art/Image/Scene/B1/a6/dj/a6草待机_132.png,Assets/Game/ColorTiming/Art/Image/Scene/B1/a6/dj/a6草待机_132.png
4ce91687638a2b447b494d4e5087dcc6,Assets/Art/Image/Scene/B1/a2/dj/a2草待机_43.png,Assets/Game/ColorTiming/Art/Image/Scene/B1/a2/dj/a2草待机_43.png
4cf5dc816465d6b44b50c73b56ac5bd4,Assets/Art/Image/Boss/Skill5/尖刺特效_49.png,Assets/Game/ColorTiming/Art/Image/Boss/Skill5/尖刺特效_49.png
4d01459517b684641bcefff9206080e8,Assets/Art/Image/Weapon/刀2.png,Assets/Game/ColorTiming/Art/Image/Weapon/刀2.png
4d10478ee930bbd4894e8e11384abe55,Assets/Art/Image/Weapon/Tip1/HpTip.anim,Assets/Game/ColorTiming/Art/Image/Weapon/Tip1/HpTip.anim
4d1e4ea18747c064e8501e926982d571,Assets/Art/Image/Hero/Sequence/futou/gongji/chen/橙色斧头蓄力完成（移动）_0005.png,Assets/Game/ColorTiming/Art/Image/Hero/Sequence/futou/gongji/chen/橙色斧头蓄力完成（移动）_0005.png
4d2ab9e37e453604c974a33c6c656636,Assets/Art/Image/Scene/B1/a6/c/a6草动_63.png,Assets/Game/ColorTiming/Art/Image/Scene/B1/a6/c/a6草动_63.png
4d32b83bd3d8979469df6578f4d8d942,Assets/Art/Image/Hero/Sequence/jiandao/gongji/紫色剪刀攻击_0016.png,Assets/Game/ColorTiming/Art/Image/Hero/Sequence/jiandao/gongji/紫色剪刀攻击_0016.png
4d6a55e42717d33478a4497f79b4f9db,Assets/Art/Image/UI_Start/返回（正常）.png,Assets/Game/ColorTiming/Art/Image/UI_Start/返回（正常）.png
4d82c51e6fd592e47b90cd2900754293,Assets/Art/Image/Scene/B1/a2/dj/a2草待机_68.png,Assets/Game/ColorTiming/Art/Image/Scene/B1/a2/dj/a2草待机_68.png
4d90d06d5c03ca048828297435bb353f,Assets/Art/Image/Hero/Sequence/Siwang/sc/死亡动画背景_0001.png,Assets/Game/ColorTiming/Art/Image/Hero/Sequence/Siwang/sc/死亡动画背景_0001.png
4da768806426fdf44b3f4eaefe76cc1a,Assets/Art/Image/Hero/Sequence/Gongji/普攻特效_0005.png,Assets/Game/ColorTiming/Art/Image/Hero/Sequence/Gongji/普攻特效_0005.png
4dceb13ec1c869d4ba7b16963c84468d,Assets/Art/Image/Hero/Sequence/Zhadan/skill/空中炸弹紫_0003.png,Assets/Game/ColorTiming/Art/Image/Hero/Sequence/Zhadan/skill/空中炸弹紫_0003.png
4ddf82bf49e8e9042b376adee71a74cf,Assets/Art/Image/Scene/B1/a2/dj/a2草待机_96.png,Assets/Game/ColorTiming/Art/Image/Scene/B1/a2/dj/a2草待机_96.png
4de4b62cb69bcd34f8cbc3d4f7139459,Assets/Art/Image/Scene/B1/a6/dj/a6草待机_122.png,Assets/Game/ColorTiming/Art/Image/Scene/B1/a6/dj/a6草待机_122.png
4dea606882840674090c5a8c1a1ab9ec,Assets/Art/Image/Hero/Sequence/Siwang/sc/死亡动画背景_0012.png,Assets/Game/ColorTiming/Art/Image/Hero/Sequence/Siwang/sc/死亡动画背景_0012.png
4deba332d47209e4780b3c5fcf0e3745,Assets/Plugins/Spine/Runtime/spine-unity/SkeletonDataModifierAssets/BlendModeMaterials/SkeletonPMAAdditive.mat,Assets/Plugins/Spine/Runtime/spine-unity/SkeletonDataModifierAssets/BlendModeMaterials/SkeletonPMAAdditive.mat
4e27954e5af65554d97607948edc59de,Assets/Art/Image/Scene/B1/a4/dj/skeleton-animation_006.png,Assets/Game/ColorTiming/Art/Image/Scene/B1/a4/dj/skeleton-animation_006.png
4e342b62f929ced4faef1bf32e2c7651,Assets/Art/Image/Scene/B1/a4/dj/skeleton-animation_028.png,Assets/Game/ColorTiming/Art/Image/Scene/B1/a4/dj/skeleton-animation_028.png
4e4db40bcf66b9543a04263c50c202e6,Assets/Art/Image/Scene/B1/a3/c/a3草动_08.png,Assets/Game/ColorTiming/Art/Image/Scene/B1/a3/c/a3草动_08.png
4e5ba84631c0d0341845ec8275677b03,Assets/Art/Image/Hero/Sequence/Zhadan/daiji/紫色炸弹待机_0011.png,Assets/Game/ColorTiming/Art/Image/Hero/Sequence/Zhadan/daiji/紫色炸弹待机_0011.png
4e7bd6039bff1804aa9493c5a2aa90a0,Assets/Art/Image/Hero/Sequence/feiji/skill/红色飞机爆炸_0016.png,Assets/Game/ColorTiming/Art/Image/Hero/Sequence/feiji/skill/红色飞机爆炸_0016.png
4e7c964fa5e07024c8bf1debecc3b7c8,Assets/Plugins/Spine/Editor/spine-unity/Editor/GUI/icon-spine.png,Assets/Plugins/Spine/Editor/spine-unity/Editor/GUI/icon-spine.png
4e8caa36c07aacf4ab270da00784e4d9,Assets/Plugins/Spine/Runtime/spine-unity/Shaders/BlendModes/Spine-Skeleton-PMA-Screen.shader,Assets/Plugins/Spine/Runtime/spine-unity/Shaders/BlendModes/Spine-Skeleton-PMA-Screen.shader
4eacaa439b3bd0d4495ae387df2c5899,Assets/Art/Sound/paper_walk-004.WAV,Assets/Game/ColorTiming/Art/Sound/paper_walk-004.WAV
4ebe04b3679b4454aa54eece83fd1e55,Assets/Art/Image/Hero/Sequence/Yidong/Beimian/Anim_Hero_Move_ Zi_b.anim,Assets/Game/ColorTiming/Art/Image/Hero/Sequence/Yidong/Beimian/Anim_Hero_Move_ Zi_b.anim
4ee013c3d389ac14bb8c9f44098df8ee,Assets/Art/Image/Hero/Sequence/Gongji/普攻_0000.png,Assets/Game/ColorTiming/Art/Image/Hero/Sequence/Gongji/普攻_0000.png
4ef6d422836e8e84b83dd29739c999c3,Assets/Art/Image/Hero/Sequence/Siwang/被击杀后_0010.png,Assets/Game/ColorTiming/Art/Image/Hero/Sequence/Siwang/被击杀后_0010.png
4ef8d0b7463baf8458a2fe19e6276d6d,Assets/Art/Image/Hero/Sequence/jiandao/gongji/绿色剪刀攻击_0007.png,Assets/Game/ColorTiming/Art/Image/Hero/Sequence/jiandao/gongji/绿色剪刀攻击_0007.png
4f0294b3a5fcbaa4ba3305dd57251b90,Assets/Art/Image/Scene/B1/a4/dj/skeleton-animation_089.png,Assets/Game/ColorTiming/Art/Image/Scene/B1/a4/dj/skeleton-animation_089.png
4f16380f01f01394886b0587267a7fda,Assets/Art/Image/Scene/B1/a5/dj/skeleton-animation_029.png,Assets/Game/ColorTiming/Art/Image/Scene/B1/a5/dj/skeleton-animation_029.png
4f1fdc166fed03649835949d3b79cba3,Assets/Plugins/Spine/Runtime/spine-unity/Shaders/Outline/Spine-Skeleton-Tint-Outline.shader,Assets/Plugins/Spine/Runtime/spine-unity/Shaders/Outline/Spine-Skeleton-Tint-Outline.shader
4f846710873b4004ea8feeff0598c89f,Assets/Art/Image/Scene/B1/a4/c/a4草动_66.png,Assets/Game/ColorTiming/Art/Image/Scene/B1/a4/c/a4草动_66.png
4f8d25a1ed9ebc74ab962d9d9d7c1456,Assets/Art/Image/Hero/Sequence/feiji/daiji/橙色飞机待机_0008.png,Assets/Game/ColorTiming/Art/Image/Hero/Sequence/feiji/daiji/橙色飞机待机_0008.png
4f973008e956a284ab0c98835e2a9cee,Assets/Art/Image/yin/a4草投影.png,Assets/Game/ColorTiming/Art/Image/yin/a4草投影.png
4fa6dc2f2599bdd42b4a1e2ae2f1b7d6,Assets/Art/Image/Weapon/剪2.png,Assets/Game/ColorTiming/Art/Image/Weapon/剪2.png
4fc6bf0e4cf556f4791149cf60e48d05,Assets/Art/Image/Hero/Sequence/Zhadan/skill/爆炸特效（红）_0009.png,Assets/Game/ColorTiming/Art/Image/Hero/Sequence/Zhadan/skill/爆炸特效（红）_0009.png
4fcfa5ba0c0a61d458d262e6f7a7701e,Assets/Art/Image/Hero/Sequence/feiji/skill/紫色飞机爆炸_0013.png,Assets/Game/ColorTiming/Art/Image/Hero/Sequence/feiji/skill/紫色飞机爆炸_0013.png
4fd66eb927d899b45aa4acf41033d644,Assets/Art/Image/Hero/Sequence/Zhadan/skill/空中炸弹绿_0002.png,Assets/Game/ColorTiming/Art/Image/Hero/Sequence/Zhadan/skill/空中炸弹绿_0002.png
4fdae866e1d3aa4449b6ca7258908cff,Assets/Art/Image/Hero/Sequence/Siwang/sc/死亡动画背景_0025.png,Assets/Game/ColorTiming/Art/Image/Hero/Sequence/Siwang/sc/死亡动画背景_0025.png
4fdde4cc4df0952468946f4f913dcb36,Assets/Plugins/Spine/Runtime/spine-csharp/Attachments/PointAttachment.cs,Assets/Plugins/Spine/Runtime/spine-csharp/Attachments/PointAttachment.cs
50080f2bbf42f234cba8a5cbfbaadfcb,Assets/Art/Image/Hero/Sequence/Chuizi/Gongji/Hong/原地蓄力（红）_0001.png,Assets/Game/ColorTiming/Art/Image/Hero/Sequence/Chuizi/Gongji/Hong/原地蓄力（红）_0001.png
500e30a5e954f7745bebf3f3a5514c9e,Assets/Art/Image/Scene/B1/a3/c/a3草动_39.png,Assets/Game/ColorTiming/Art/Image/Scene/B1/a3/c/a3草动_39.png
50197ff5ce0ee004496ca761f4722ab6,Assets/Art/Image/Scene/B1/a5/c/a5草动_59.png,Assets/Game/ColorTiming/Art/Image/Scene/B1/a5/c/a5草动_59.png
501c0bc9a379ebb458013d02e7625126,Assets/Art/Image/Hero/Sequence/jiandao/gongji/绿色剪刀攻击_0014.png,Assets/Game/ColorTiming/Art/Image/Hero/Sequence/jiandao/gongji/绿色剪刀攻击_0014.png
505ae5afa964bfc458cd55b67c6dc30a,Assets/Art/Image/Scene/B1/a4/dj/skeleton-animation_059.png,Assets/Game/ColorTiming/Art/Image/Scene/B1/a4/dj/skeleton-animation_059.png
5087635ff7370b8449af92d4ded9c064,Assets/Art/Image/Scene/B1/a5/dj/skeleton-animation_112.png,Assets/Game/ColorTiming/Art/Image/Scene/B1/a5/dj/skeleton-animation_112.png
5099e9fd32cd61d46b083edee15efc81,Assets/Art/Image/Hero/Sequence/futou/gongji/lv/绿色斧头攻击_0012.png,Assets/Game/ColorTiming/Art/Image/Hero/Sequence/futou/gongji/lv/绿色斧头攻击_0012.png
50a6c519810039d4797a3c73c9d379f7,Assets/Art/Image/Hero/Sequence/Siwang/sc/死亡动画背景_0010.png,Assets/Game/ColorTiming/Art/Image/Hero/Sequence/Siwang/sc/死亡动画背景_0010.png
50c7fcfd1fdd89f43919e9d2bd752647,Assets/Art/Image/Hero/Sequence/futou/yidong/橙色斧头移动_0004.png,Assets/Game/ColorTiming/Art/Image/Hero/Sequence/futou/yidong/橙色斧头移动_0004.png
50cc637d46dc9b24aba74616c1064dff,Assets/Art/Image/Scene/B1/a2/dj/a2草待机_13.png,Assets/Game/ColorTiming/Art/Image/Scene/B1/a2/dj/a2草待机_13.png
50d928406b0a9664d84f5411ee8dd6ce,Assets/Game/Scripts/UI,Assets/Game/Scripts/ColorTiming/Legacy/UI
50da5f77689dac44a888778fa70ee1fd,Assets/Art/Image/Boss/Skill5/尖刺特效_61.png,Assets/Game/ColorTiming/Art/Image/Boss/Skill5/尖刺特效_61.png
50f4bc33864ee9e49b61b74a69a963f4,Assets/Art/Image/Hero/Sequence/Chuizi/Daiji/紫色锤子待机_0011.png,Assets/Game/ColorTiming/Art/Image/Hero/Sequence/Chuizi/Daiji/紫色锤子待机_0011.png
51082e0e4ce876e44b957cc7a9f1a307,Assets/Art/Image/Boss/Skill5/尖刺特效_57.png,Assets/Game/ColorTiming/Art/Image/Boss/Skill5/尖刺特效_57.png
511f90ee1fe01c146836d5ed23f2e70f,Assets/Plugins/Spine/Runtime/spine-unity/Shaders/CGIncludes,Assets/Plugins/Spine/Runtime/spine-unity/Shaders/CGIncludes
512d31db7e0e7064ebbe2fae63ebd549,Assets/Art/Image/Hero/Sequence/jiandao/gongji,Assets/Game/ColorTiming/Art/Image/Hero/Sequence/jiandao/gongji
514b41cbcd5ac344a8c8636e2bfb8ae0,Assets/Art/Image/Scene/B1/a6/c,Assets/Game/ColorTiming/Art/Image/Scene/B1/a6/c
515bce24191f9114aaf337143a750e07,Assets/Art/Image/Scene/B1/a1/a1_cao.controller,Assets/Game/ColorTiming/Art/Image/Scene/B1/a1/a1_cao.controller
5175685fef3e0644ebe22e74978d3b30,Assets/Art/Image/Hero/Sequence/feiji/daiji/橙色飞机待机_0006.png,Assets/Game/ColorTiming/Art/Image/Hero/Sequence/feiji/daiji/橙色飞机待机_0006.png
5177a4c3d549b5049bcc7073c393e3d5,Assets/Art/Image/Hero/Sequence/Zhadan/yidong/绿色炸弹移动_0000.png,Assets/Game/ColorTiming/Art/Image/Hero/Sequence/Zhadan/yidong/绿色炸弹移动_0000.png
5188464c2bc3bf440ae793eb618ed15c,Assets/Art/Image/Hero/Sequence/Yidong/Beimian/绿色移动（背面）_0001.png,Assets/Game/ColorTiming/Art/Image/Hero/Sequence/Yidong/Beimian/绿色移动（背面）_0001.png
51a4a8ea8047774488b9d0fbcbe17782,Assets/Art/Image/Scene/B1/黑底.png,Assets/Game/ColorTiming/Art/Image/Scene/B1/黑底.png
51a9432f93af7cd4eba20eb552aa2f27,Assets/Art/Image/Hero/Sequence/feiji/skill/紫色飞机爆炸_0006.png,Assets/Game/ColorTiming/Art/Image/Hero/Sequence/feiji/skill/紫色飞机爆炸_0006.png
51abff12ca5e0d2429635baa43af882f,Assets/Art/Image/Hero/Sequence/Zhadan/daiji/紫色炸弹待机_0005.png,Assets/Game/ColorTiming/Art/Image/Hero/Sequence/Zhadan/daiji/紫色炸弹待机_0005.png
521e9cd54a3ff9042baf175905d6b088,Assets/Art/Image/Scene/B1/a4/c/a4草动_55.png,Assets/Game/ColorTiming/Art/Image/Scene/B1/a4/c/a4草动_55.png
522405fbdd0607c40866acad9042e4bc,Assets/Art/Image/Weapon/Tip2/提示圈-第二章_0012.png,Assets/Game/ColorTiming/Art/Image/Weapon/Tip2/提示圈-第二章_0012.png
522dbfcc6c916df4396f14f35048d185,Assets/Plugins/Spine/Runtime/spine-unity/Components/SkeletonUtility/SkeletonUtilityConstraint.cs,Assets/Plugins/Spine/Runtime/spine-unity/Components/SkeletonUtility/SkeletonUtilityConstraint.cs
522f03282fd79be47b306e2ef4b593fd,Assets/Plugins/Spine/Runtime/spine-unity/Shaders/Spine-Skeleton-Tint.shader,Assets/Plugins/Spine/Runtime/spine-unity/Shaders/Spine-Skeleton-Tint.shader
52335c85e6a4f9d4e995273106fd6f28,Assets/Art/Image/Scene/B1/a2/c/a2草动_64.png,Assets/Game/ColorTiming/Art/Image/Scene/B1/a2/c/a2草动_64.png
5249c5d6e0eb61b4d93bc34cd49b3739,Assets/Art/Image/Hero/Sequence/futou/gongji/zhi/紫色斧头蓄力（原地）_0015.png,Assets/Game/ColorTiming/Art/Image/Hero/Sequence/futou/gongji/zhi/紫色斧头蓄力（原地）_0015.png
52550fb75e3b2224183945e6a54272a7,Assets/Art/Image/Scene/B1/a1/a1待_91.png,Assets/Game/ColorTiming/Art/Image/Scene/B1/a1/a1待_91.png
5258232706babf34b8ae347fc2f11e33,Assets/Art/Image/Hero/Sequence/feiji/gongji/紫色飞机投掷_0013.png,Assets/Game/ColorTiming/Art/Image/Hero/Sequence/feiji/gongji/紫色飞机投掷_0013.png
52627c17e6dd4bf4dad4bdfc490ce823,Assets/Plugins/Spine/Runtime/spine-unity/Utility,Assets/Plugins/Spine/Runtime/spine-unity/Utility
5263a5469bb951a4a9545efbe1a795d2,Assets/Game/Scripts/Skill/Skill_Bo2_atk2_s.cs,Assets/Game/Scripts/ColorTiming/Legacy/Skill/Skill_Bo2_atk2_s.cs
5292dddfa4a67f5419224df948ae7d48,Assets/Art/Image/Scene/B1/a3/dj/a3草待机_052.png,Assets/Game/ColorTiming/Art/Image/Scene/B1/a3/dj/a3草待机_052.png
52abfef416e8b634ca6eb62ce20aefe9,Assets/Art/Image/Hero/Sequence/Chuizi/Gongji/Lv/原地蓄力（绿）_0002.png,Assets/Game/ColorTiming/Art/Image/Hero/Sequence/Chuizi/Gongji/Lv/原地蓄力（绿）_0002.png
52b12ec801461494185a4d3dc66f3d1d,Assets/Plugins/Spine/Editor/spine-unity/Editor/GUI/icon-animation.png,Assets/Plugins/Spine/Editor/spine-unity/Editor/GUI/icon-animation.png
52b3b0e8877586745a80265bc8b04eda,Assets/Art/Image/Hero/Sequence/Shouji/受击曝光_0005.png,Assets/Game/ColorTiming/Art/Image/Hero/Sequence/Shouji/受击曝光_0005.png
52b3f3775822b874c94155f940df1057,Assets/Art/Image/Scene/B1/a5/dj/skeleton-animation_079.png,Assets/Game/ColorTiming/Art/Image/Scene/B1/a5/dj/skeleton-animation_079.png
52c48d2fe7950e840b2d080a66f32ac6,Assets/Art/Image/Hero/Sequence/Chuizi/yidong/绿色锤子移动_0003.png,Assets/Game/ColorTiming/Art/Image/Hero/Sequence/Chuizi/yidong/绿色锤子移动_0003.png
52cdef31b53e1874984ce5002b2f2259,Assets/Art/Image/Hero/Sequence/Zhadan/skill/zhadan_hong.anim,Assets/Game/ColorTiming/Art/Image/Hero/Sequence/Zhadan/skill/zhadan_hong.anim
52cef89364ea5b343bb78aef9622cc16,Assets/Art/Image/Hero/Sequence/Siwang/sc/死亡动画背景_0036.png,Assets/Game/ColorTiming/Art/Image/Hero/Sequence/Siwang/sc/死亡动画背景_0036.png
52d3cd10bc92ef34c83769ab58c7d7d8,Assets/Art/Image/Hero/Sequence/jiandao/gongji/gongji_jiandao_hong.anim,Assets/Game/ColorTiming/Art/Image/Hero/Sequence/jiandao/gongji/gongji_jiandao_hong.anim
52d4fb630bd74e64a9bc6973494d5a25,Assets/Art/Image/Hero/Sequence/feiji/skill/绿色飞机（空中）_0002.png,Assets/Game/ColorTiming/Art/Image/Hero/Sequence/feiji/skill/绿色飞机（空中）_0002.png
52de5a93da6b1c2449ae0e80213aa0fb,Assets/Art/Image/Scene/B1/a5/dj/skeleton-animation_091.png,Assets/Game/ColorTiming/Art/Image/Scene/B1/a5/dj/skeleton-animation_091.png
52e2fd6ddaa5e064aaa37c3c432d5da4,Assets/Art/Image/Scene/B1/a6/dj/a6草待机_011.png,Assets/Game/ColorTiming/Art/Image/Scene/B1/a6/dj/a6草待机_011.png
530da1f9e2ca9a4469e45b043d2bdde6,Assets/Art/Image/Scene/B1/a3/dj/a3草待机_024.png,Assets/Game/ColorTiming/Art/Image/Scene/B1/a3/dj/a3草待机_024.png
53138c23630b2074c953a7bd48197c8f,Assets/Art/Image/Boss2/Skill/拖尾_0008.png,Assets/Game/ColorTiming/Art/Image/Boss2/Skill/拖尾_0008.png
531eb75d3ac8e2b44945a2342c76f355,Assets/Art/Image/Weapon/Tip2/Tip2.controller,Assets/Game/ColorTiming/Art/Image/Weapon/Tip2/Tip2.controller
532059e66b04b534cad6d0d696625376,Assets/Art/Sound,Assets/Game/ColorTiming/Art/Sound
532b442b0242db24680f0d27f9449c82,Assets/Art/Image/Weapon/Tip2/提示圈-第二章_0018.png,Assets/Game/ColorTiming/Art/Image/Weapon/Tip2/提示圈-第二章_0018.png
5340d6beb3e69244b9ec469d40280a2c,Assets/Art/Image/Hero/Sequence/jiandao/daiji/红色剪刀待机_0011.png,Assets/Game/ColorTiming/Art/Image/Hero/Sequence/jiandao/daiji/红色剪刀待机_0011.png
534989020059f5542a05ce952d56cb0a,Assets/Art/Image/Hero/Sequence/Siwang/sc/死亡动画背景_0030.png,Assets/Game/ColorTiming/Art/Image/Hero/Sequence/Siwang/sc/死亡动画背景_0030.png
534c503326ef43c41b2bac55ba71e77f,Assets/Art/Image/Scene/B1/a5/dj/skeleton-animation_109.png,Assets/Game/ColorTiming/Art/Image/Scene/B1/a5/dj/skeleton-animation_109.png
53575ecd9fb7bdd4785520baa0bb57d4,Assets/Art/Image/Scene/B1/背景第二层.png,Assets/Game/ColorTiming/Art/Image/Scene/B1/背景第二层.png
5358a425ddae7184ea07f012c4f31e26,Assets/Art/Image/Scene/B1/a4/dj/skeleton-animation_008.png,Assets/Game/ColorTiming/Art/Image/Scene/B1/a4/dj/skeleton-animation_008.png
537141eca02c6df4bb8b4f77567e9de2,Assets/Plugins/Spine/Runtime/spine-unity/Shaders/Sprite/CameraNormalsTexture.shader,Assets/Plugins/Spine/Runtime/spine-unity/Shaders/Sprite/CameraNormalsTexture.shader
5383e2a9579895e41aa9c40ca27b39e5,Assets/Art/Image/Weapon/Tip1/提示圈-第一章_0002.png,Assets/Game/ColorTiming/Art/Image/Weapon/Tip1/提示圈-第一章_0002.png
53b481cc05fd80344b566cf0b12da68a,Assets/Art/Image/Hero/Sequence/futou/daiji/绿色斧头待机_0004.png,Assets/Game/ColorTiming/Art/Image/Hero/Sequence/futou/daiji/绿色斧头待机_0004.png
53bed5ed30840594ba56a0ca9905850b,Assets/Art/Image/Scene/B1/a4/c/a4草动_70.png,Assets/Game/ColorTiming/Art/Image/Scene/B1/a4/c/a4草动_70.png
53bf0ab317d032d418cf1252d68f51df,Assets/Plugins/Spine/Runtime/spine-unity/SkeletonDataModifierAssets/BlendModeMaterials/SkeletonPMAMultiply.mat,Assets/Plugins/Spine/Runtime/spine-unity/SkeletonDataModifierAssets/BlendModeMaterials/SkeletonPMAMultiply.mat
53c4280ebfa4af74b88b435b063423e0,Assets/Art/Image/Hero/Sequence/Chuizi/Daiji/绿色锤子待机_0003.png,Assets/Game/ColorTiming/Art/Image/Hero/Sequence/Chuizi/Daiji/绿色锤子待机_0003.png
53c7cff10e435b94a9af24be6b4cf6b7,Assets/Art/Image/Scene/B1/a3/dj/a3草待机_095.png,Assets/Game/ColorTiming/Art/Image/Scene/B1/a3/dj/a3草待机_095.png
53d46e7b6021f32448f24c1da8ae1ae9,Assets/Art/Image/Hero/Sequence/jiandao/gongji/绿色剪刀攻击_0008.png,Assets/Game/ColorTiming/Art/Image/Hero/Sequence/jiandao/gongji/绿色剪刀攻击_0008.png
53eca9245ec19944a99b4c3da3aaef7e,Assets/Art/Image/Scene/B1/a4/dj/skeleton-animation_027.png,Assets/Game/ColorTiming/Art/Image/Scene/B1/a4/dj/skeleton-animation_027.png
53efa1d97f5d9f74285d4330cda14e36,Assets/Plugins/Spine/Runtime/spine-unity/Shaders/BlendModes/Spine-Skeleton-PMA-Additive.shader,Assets/Plugins/Spine/Runtime/spine-unity/Shaders/BlendModes/Spine-Skeleton-PMA-Additive.shader
53f2b0252af2b4f4d87d5d48b272fb2f,Assets/Art/Image/Scene/B1/a2/c/a2草动_38.png,Assets/Game/ColorTiming/Art/Image/Scene/B1/a2/c/a2草动_38.png
53f696213a0f2bf40b115c22c5159730,Assets/Art/Image/Weapon/Tip1/提示圈-第一章_0014.png,Assets/Game/ColorTiming/Art/Image/Weapon/Tip1/提示圈-第一章_0014.png
53ff0c7e963dfa940896e97b89bdd208,Assets/Art/Image/Hero/Sequence/Chuizi/Daiji/红色锤子待机_0005.png,Assets/Game/ColorTiming/Art/Image/Hero/Sequence/Chuizi/Daiji/红色锤子待机_0005.png
5401348bef5985241bb3be94f2cff08c,Assets/Art/Image/Scene/B1/a6/dj/a6草待机_130.png,Assets/Game/ColorTiming/Art/Image/Scene/B1/a6/dj/a6草待机_130.png
540f23a43d18c7341a691c76a5013c3a,Assets/Art/Image/Hero/Sequence/Yidong/紫色移动_0005.png,Assets/Game/ColorTiming/Art/Image/Hero/Sequence/Yidong/紫色移动_0005.png
541753991a0ac2b498066ef22d1e0d21,Assets/Art/Image/Scene/B1/a1/a1待_86.png,Assets/Game/ColorTiming/Art/Image/Scene/B1/a1/a1待_86.png
5422e1239e404dc49937e8eec023f302,Assets/Art/Image/Scene/B1/a1/a1待_80.png,Assets/Game/ColorTiming/Art/Image/Scene/B1/a1/a1待_80.png
5434840e08f2ca14dba124a8e5197fe3,Assets/Art/Image/Hero/Sequence/Zhadan/skill/空中炸弹红_0000.png,Assets/Game/ColorTiming/Art/Image/Hero/Sequence/Zhadan/skill/空中炸弹红_0000.png
54a247760ad1faf4193e3d65906f1c12,Assets/Art/Image/Hero/Sequence/Yidong/红色移动_0003.png,Assets/Game/ColorTiming/Art/Image/Hero/Sequence/Yidong/红色移动_0003.png
54aa78c08c9b60841b83e2156d175a18,Assets/Art/Image/Hero/Sequence/Dao/gongji/gongji_dao_lv.anim,Assets/Game/ColorTiming/Art/Image/Hero/Sequence/Dao/gongji/gongji_dao_lv.anim
54b320e2b454d064ea9bee2c1e54eb8f,Assets/Art/Image/Hero/Sequence/feiji/gongji,Assets/Game/ColorTiming/Art/Image/Hero/Sequence/feiji/gongji
54b5111fbe188fb4e9461a10ed5bfc57,Assets/Art/Image/Hero/Sequence/jiandao/gongji/红色剪刀攻击_0013.png,Assets/Game/ColorTiming/Art/Image/Hero/Sequence/jiandao/gongji/红色剪刀攻击_0013.png
54d08936ba789c34d9bb4f5a56e3f4ca,Assets/Art/Image/Scene/B1/a3/dj/a3草待机_089.png,Assets/Game/ColorTiming/Art/Image/Scene/B1/a3/dj/a3草待机_089.png
54d0ead7e8c62f94c9c8dc1ab797cce9,Assets/Art/Image/Hero/Sequence/feiji/skill/绿色飞机爆炸_0022.png,Assets/Game/ColorTiming/Art/Image/Hero/Sequence/feiji/skill/绿色飞机爆炸_0022.png
54e93208190232a4f9e6bfc4ecf8b37b,Assets/Art/Image/Scene/B1/a6/dj/a6草待机_098.png,Assets/Game/ColorTiming/Art/Image/Scene/B1/a6/dj/a6草待机_098.png
54f8a08eee9241d4ab9835643b8d4e26,Assets/Art/Image/Scene/B2/cao/C1.png,Assets/Game/ColorTiming/Art/Image/Scene/B2/cao/C1.png
54ff5a51702aa8d4b8a34598b0efb896,Assets/Art/Image/Hero/Sequence/futou/gongji/lv/绿色斧头攻击_0006.png,Assets/Game/ColorTiming/Art/Image/Hero/Sequence/futou/gongji/lv/绿色斧头攻击_0006.png
55090ca14eddf5c4fa85a97cef437248,Assets/Game/Scripts/Skill/Sk_Bo2_dundi.cs,Assets/Game/Scripts/ColorTiming/Legacy/Skill/Sk_Bo2_dundi.cs
5533ce6931f1cda4b9df8e241cd41299,Assets/Art/Image/UI_ESC/返回主菜单（正常）.png,Assets/Game/ColorTiming/Art/Image/UI_ESC/返回主菜单（正常）.png
555855c9301e31a47a7c7d660ef2338d,Assets/Art/Image/Hero/Sequence/futou/daiji/紫色斧头待机_0006.png,Assets/Game/ColorTiming/Art/Image/Hero/Sequence/futou/daiji/紫色斧头待机_0006.png
557cfba030cded645b832b0314ed295b,Assets/Art/Image/Hero/Sequence/futou/gongji/hong/红色斧头蓄力（原地）_0001.png,Assets/Game/ColorTiming/Art/Image/Hero/Sequence/futou/gongji/hong/红色斧头蓄力（原地）_0001.png
558d32c6f5a4113429a16bbce9b6babb,Assets/Art/Image/Hero/Sequence/Chuizi/Gongji/Lv/移动蓄力完成（绿）_0001.png,Assets/Game/ColorTiming/Art/Image/Hero/Sequence/Chuizi/Gongji/Lv/移动蓄力完成（绿）_0001.png
558d8de9d0504a94ba246e7ac7606fb1,Assets/Art/Image/Hero/Sequence/futou/gongji/lv/绿色斧头蓄力（原地）_0007.png,Assets/Game/ColorTiming/Art/Image/Hero/Sequence/futou/gongji/lv/绿色斧头蓄力（原地）_0007.png
559c59d7c35dcf3418cc753cb54d8323,Assets/Art/Image/Hero/Sequence/Zhadan/gongji/投掷（绿）_0001.png,Assets/Game/ColorTiming/Art/Image/Hero/Sequence/Zhadan/gongji/投掷（绿）_0001.png
55b0ad2df7b99ff4680b6ea59f9f77ce,Assets/Art/Image/Hero/Sequence/futou/gongji/chen/橙色斧头蓄力完成（移动）_0000.png,Assets/Game/ColorTiming/Art/Image/Hero/Sequence/futou/gongji/chen/橙色斧头蓄力完成（移动）_0000.png
55cc50e999a336f4883796d6fedbf7d9,Assets/Art/Image/Scene/B1/a5/dj/skeleton-animation_051.png,Assets/Game/ColorTiming/Art/Image/Scene/B1/a5/dj/skeleton-animation_051.png
55d3827079aca3a4687535c3ede7ec5f,Assets/Plugins/Spine/Runtime/spine-csharp/ConstraintData.cs,Assets/Plugins/Spine/Runtime/spine-csharp/ConstraintData.cs
55db3fb40188fc94ea2077ea8f6092ef,Assets/Art/Image/Hero/Sequence/jiandao/daiji/绿色剪刀待机_0007.png,Assets/Game/ColorTiming/Art/Image/Hero/Sequence/jiandao/daiji/绿色剪刀待机_0007.png
55e541ff671df474d8055173c0954f18,Assets/Art/Image/Hero/Sequence/feiji/skill/紫色飞机爆炸_0003.png,Assets/Game/ColorTiming/Art/Image/Hero/Sequence/feiji/skill/紫色飞机爆炸_0003.png
55e87c03e35ad5b4c877ebe32b470430,Assets/Art/Image/Scene/B1/a3/dj/a3草待机_117.png,Assets/Game/ColorTiming/Art/Image/Scene/B1/a3/dj/a3草待机_117.png
55eddfde4a14ed946a67c2e463971ac1,Assets/Art/Image/Scene/B1/a5/c/a5草动_50.png,Assets/Game/ColorTiming/Art/Image/Scene/B1/a5/c/a5草动_50.png
55ee44de79fb8734693e656e7f95b6c5,Assets/Art/Image/Scene/B1/jianci/b7.png,Assets/Game/ColorTiming/Art/Image/Scene/B1/jianci/b7.png
55f05c5e17080ae42ae1387a825ec8e8,Assets/Game/Scripts/Boss2Anim_s.cs,Assets/Game/Scripts/ColorTiming/Legacy/Boss2Anim_s.cs
55f5d5826f051f247ba689e691a35bd9,Assets/Art/Image/Hero/Sequence/Siwang/sc/死亡动画背景_0033.png,Assets/Game/ColorTiming/Art/Image/Hero/Sequence/Siwang/sc/死亡动画背景_0033.png
55f9cba4b3ad70a46a75796087e06bfb,Assets/Art/Image/Scene/B1/a1/a1待_83.png,Assets/Game/ColorTiming/Art/Image/Scene/B1/a1/a1待_83.png
55fbd20383a93f04f8711059b2492862,Assets/Art/Image/Hero/Sequence/feiji/daiji/绿色飞机待机_0011.png,Assets/Game/ColorTiming/Art/Image/Hero/Sequence/feiji/daiji/绿色飞机待机_0011.png
560ecb1f806417742810dab435c79e52,Assets/Art/Image/Scene/B1/a3/c/a3草动_33.png,Assets/Game/ColorTiming/Art/Image/Scene/B1/a3/c/a3草动_33.png
56165ec1ac42d5e4b9c3bf535b25944c,Assets/Art/Image/Hero/Sequence/Dao/gongji/紫色刀攻击_0001.png,Assets/Game/ColorTiming/Art/Image/Hero/Sequence/Dao/gongji/紫色刀攻击_0001.png
561dbecfadeb0904b9da9664bd8d5b67,Assets/Art/Image/Scene/B1/a6/c/a6草动_73.png,Assets/Game/ColorTiming/Art/Image/Scene/B1/a6/c/a6草动_73.png
5637da1934c39664b9fdbfffe793ff3c,Assets/Art/Image/Hero/Sequence/Daiji/待机_0007.png,Assets/Game/ColorTiming/Art/Image/Hero/Sequence/Daiji/待机_0007.png
5649338b0c9a84b4ab410035ea615c57,Assets/Art/Image/Scene/B1/a5/dj/skeleton-animation_057.png,Assets/Game/ColorTiming/Art/Image/Scene/B1/a5/dj/skeleton-animation_057.png
564e06e2a382952489502831e618a485,Assets/Art/Sound/charactor_hitted_001-001 1.wav,Assets/Game/ColorTiming/Art/Sound/charactor_hitted_001-001 1.wav
56706e173365b3d4c9f8cf1abba1dcf8,Assets/Art/Image/Scene/B1/a4/c/a4草动_28.png,Assets/Game/ColorTiming/Art/Image/Scene/B1/a4/c/a4草动_28.png
5676249191156c3499dc8ff6bf2855e0,Assets/Art/Image/Boss/Skill5/尖刺特效_26.png,Assets/Game/ColorTiming/Art/Image/Boss/Skill5/尖刺特效_26.png
5676c41d1235eca4b85dde4bce6e94cc,Assets/Art/Image/Scene/B1/a2/dj/a2草待机_17.png,Assets/Game/ColorTiming/Art/Image/Scene/B1/a2/dj/a2草待机_17.png
569e6e6b3d348c045b62fd95fd6786f2,Assets/Art/Image/Hero/Sequence/jiandao/yidong/紫色剪刀移动_0005.png,Assets/Game/ColorTiming/Art/Image/Hero/Sequence/jiandao/yidong/紫色剪刀移动_0005.png
56a9cb7f2929dee4da390e9a90416b6b,Assets/Art/Image/Hero/Sequence/feiji/gongji/橙色飞机投掷_0013.png,Assets/Game/ColorTiming/Art/Image/Hero/Sequence/feiji/gongji/橙色飞机投掷_0013.png
56aa59fb70658bf4abe0a4168bc32500,Assets/Art/Image/Hero/Sequence/futou/gongji/lv/绿色斧头攻击_0001.png,Assets/Game/ColorTiming/Art/Image/Hero/Sequence/futou/gongji/lv/绿色斧头攻击_0001.png
56cdcac380e1de244bf8cb3cc5c9e53f,Assets/Art/Image/Weapon/Tip2/提示圈-第二章_0004.png,Assets/Game/ColorTiming/Art/Image/Weapon/Tip2/提示圈-第二章_0004.png
56d0aed0f7abe2142b0301f4631cd984,Assets/Art/Image/Hero/Sequence/feiji/skill/橙色飞机爆炸_0000.png,Assets/Game/ColorTiming/Art/Image/Hero/Sequence/feiji/skill/橙色飞机爆炸_0000.png
56d60001e312fe24a87f8e413c41e1a2,Assets/Art/Image/Hero/Sequence/futou/gongji/hong/红色斧头蓄力（原地）_0000.png,Assets/Game/ColorTiming/Art/Image/Hero/Sequence/futou/gongji/hong/红色斧头蓄力（原地）_0000.png
57281c00bdd90ad4392f811f2b9f0da1,Assets/Plugins/Spine/Editor/spine-unity/Editor/Resources/SpineAssetDatabaseMarker.txt,Assets/Plugins/Spine/Editor/spine-unity/Editor/Resources/SpineAssetDatabaseMarker.txt
575edad396c12554390c594c814648b2,Assets/Art/Image/Hero/Sequence/Chuizi/Gongji/Lv/攻击动作（绿）_0002.png,Assets/Game/ColorTiming/Art/Image/Hero/Sequence/Chuizi/Gongji/Lv/攻击动作（绿）_0002.png
578b3e5907a6eb74e91d38c5dee3de04,Assets/Art/Image/Hero/Sequence/jiandao/gongji/紫色剪刀攻击_0001.png,Assets/Game/ColorTiming/Art/Image/Hero/Sequence/jiandao/gongji/紫色剪刀攻击_0001.png
57aa9e78ee537484889ae47bc0444fec,Assets/Art/Image/Hero/Sequence/Dao/daiji/daiji_dao_lv.anim,Assets/Game/ColorTiming/Art/Image/Hero/Sequence/Dao/daiji/daiji_dao_lv.anim
57bd624b2e2a6a5418ee59b5afac1675,Assets/Art/Image/ui/橙色飞机.png,Assets/Game/ColorTiming/Art/Image/ui/橙色飞机.png
57c4d5dd142123b49be5d755b6215927,Assets/Art/Image/Hero/Sequence/Chuizi/Gongji/Zi/xuliw_yu_zi.anim,Assets/Game/ColorTiming/Art/Image/Hero/Sequence/Chuizi/Gongji/Zi/xuliw_yu_zi.anim
57d180f7368adbe4e9e6fa1e66f6c87c,Assets/Art/Image/Hero/Sequence/futou/gongji/chen/橙色斧头蓄力（移动）_0006.png,Assets/Game/ColorTiming/Art/Image/Hero/Sequence/futou/gongji/chen/橙色斧头蓄力（移动）_0006.png
57d61fe27205f70458d5fd484040c74d,Assets/Art/Image/Hero/Sequence/futou/daiji/橙色斧头待机_0007.png,Assets/Game/ColorTiming/Art/Image/Hero/Sequence/futou/daiji/橙色斧头待机_0007.png
57dd91c97dbbea74f9be1b1cb043b518,Assets/Art/Image/Scene/B1/a1/a1待_56.png,Assets/Game/ColorTiming/Art/Image/Scene/B1/a1/a1待_56.png
57df94d2fca7c7849bcf65e418160f2c,Assets/Art/Image/Hero/Sequence/futou/gongji/lv/绿色斧头蓄力（移动）_0006.png,Assets/Game/ColorTiming/Art/Image/Hero/Sequence/futou/gongji/lv/绿色斧头蓄力（移动）_0006.png
5807120b927a02a4c8ac5f9456cf8b2c,Assets/Art/Image/Scene/B1/a5/dj/skeleton-animation_018.png,Assets/Game/ColorTiming/Art/Image/Scene/B1/a5/dj/skeleton-animation_018.png
580a110f09fe9064182b91dd1d9dc20c,Assets/Art/Image/Hero/Sequence/Chuizi/Gongji/Lv/原地蓄力（绿）_0005.png,Assets/Game/ColorTiming/Art/Image/Hero/Sequence/Chuizi/Gongji/Lv/原地蓄力（绿）_0005.png
5813c267bf64e38408ebef0dffdf774e,Assets/Art/Image/Hero/Sequence/Siwang/sc/死亡动画背景_0046.png,Assets/Game/ColorTiming/Art/Image/Hero/Sequence/Siwang/sc/死亡动画背景_0046.png
581414a5691b14244a714af973cbd51f,Assets/Art/Image/Loding/进度条-球.png,Assets/Game/ColorTiming/Art/Image/Loding/进度条-球.png
58349537e49edce448b66f708c9119a8,Assets/Art/Image/Hero/Sequence/feiji/skill/橙色飞机爆炸_0018.png,Assets/Game/ColorTiming/Art/Image/Hero/Sequence/feiji/skill/橙色飞机爆炸_0018.png
5835159079c1abf4ea6441e44c5143be,Assets/Art/Image/Mouse/手3.png,Assets/Game/ColorTiming/Art/Image/Mouse/手3.png
5836ece3d26522a48819f932532b4387,Assets/Art/Image/Scene/B1/a4/c/a4草动_42.png,Assets/Game/ColorTiming/Art/Image/Scene/B1/a4/c/a4草动_42.png
58482d45c6fa49341aca5e530ce25d33,Assets/Art/Image/Scene/B1/a5/dj/skeleton-animation_060.png,Assets/Game/ColorTiming/Art/Image/Scene/B1/a5/dj/skeleton-animation_060.png
5851a838a080da7489caee79a6d2b907,Assets/Art/Sound/boss_tail_comes_into_the_soil.WAV,Assets/Game/ColorTiming/Art/Sound/boss_tail_comes_into_the_soil.WAV
58571672aaf5a6c49899df9dbcd98a40,Assets/Art/Image/ui/o3.png,Assets/Game/ColorTiming/Art/Image/ui/o3.png
58571a624fc70ee45b61ae1fb0b4cce5,Assets/Art/Image/Scene/B1/a4/dj/skeleton-animation_071.png,Assets/Game/ColorTiming/Art/Image/Scene/B1/a4/dj/skeleton-animation_071.png
585aed92062117c4e837bd05cd3e3bce,Assets/Art/Image/Hero/Sequence/futou/gongji/lv/gongji_futou_lv.anim,Assets/Game/ColorTiming/Art/Image/Hero/Sequence/futou/gongji/lv/gongji_futou_lv.anim
589dbd7eaaed88649bd5c5cc81e7abed,Assets/Art/Image/Hero/Sequence/Siwang/被击杀后_0016.png,Assets/Game/ColorTiming/Art/Image/Hero/Sequence/Siwang/被击杀后_0016.png
58a3671e50da00b4ab658fb1421364e4,Assets/Art/Image/Scene/B1/a5/dj/skeleton-animation_092.png,Assets/Game/ColorTiming/Art/Image/Scene/B1/a5/dj/skeleton-animation_092.png
58b892ac05d558448a40f4971f5c0d64,Assets/Art/Image/Hero/Sequence/Chuizi/Gongji/Lv/原地蓄力（绿）_0012.png,Assets/Game/ColorTiming/Art/Image/Hero/Sequence/Chuizi/Gongji/Lv/原地蓄力（绿）_0012.png
58bee0ba819af5b46bd08bf3f02fdfda,Assets/Art/Image/Scene/B1/a5/c/a5草动_05.png,Assets/Game/ColorTiming/Art/Image/Scene/B1/a5/c/a5草动_05.png
58cf240d3d4518a419a81541bd1aac7d,Assets/Art/Image/Hero/Sequence/feiji/daiji/红色飞机待机_0007.png,Assets/Game/ColorTiming/Art/Image/Hero/Sequence/feiji/daiji/红色飞机待机_0007.png
58daa35e1ba7b744d953dcfb454dae08,Assets/Art/Image/Scene/B1/a4/dj/skeleton-animation_102.png,Assets/Game/ColorTiming/Art/Image/Scene/B1/a4/dj/skeleton-animation_102.png
58df30ce8471b5344a9755886f88eef9,Assets/Art/Image/UI_Start/设置（悬停）.png,Assets/Game/ColorTiming/Art/Image/UI_Start/设置（悬停）.png
58e79c97b6c2d474b8f37e4f331ae49c,Assets/Art/Image/Scene/B1/a3/c/a3草动_60.png,Assets/Game/ColorTiming/Art/Image/Scene/B1/a3/c/a3草动_60.png
58f3ea929bbb04840b11b05bbca56ab7,Assets/Art/Image/Boss/Skill5/尖刺特效_06.png,Assets/Game/ColorTiming/Art/Image/Boss/Skill5/尖刺特效_06.png
59194eab24131f446a8a0ccd421ae7fa,Assets/Art/Image/Scene/B1/a4/dj/skeleton-animation_055.png,Assets/Game/ColorTiming/Art/Image/Scene/B1/a4/dj/skeleton-animation_055.png
5926a6612d955134aa7bdcec7e4e2a1b,Assets/Art/Image/Scene/B1/a4,Assets/Game/ColorTiming/Art/Image/Scene/B1/a4
5928e63496b9acd40aa116862bf7deec,Assets/Art/Image/Hero/Sequence/Dao/daiji/橙色刀待机_0009.png,Assets/Game/ColorTiming/Art/Image/Hero/Sequence/Dao/daiji/橙色刀待机_0009.png
594be4b18ab4dd5419487c3465bf4679,Assets/Art/Image/Hero/Sequence/Chuizi/Gongji/Zi/gongji_chuizi_zi.anim,Assets/Game/ColorTiming/Art/Image/Hero/Sequence/Chuizi/Gongji/Zi/gongji_chuizi_zi.anim
59b530a98c85670418f4c255a95b48b8,Assets/Art/Image/Scene/B1/a4/c/a4草动_13.png,Assets/Game/ColorTiming/Art/Image/Scene/B1/a4/c/a4草动_13.png
59f4ff1360a502b41a0c9049469fa17e,Assets/Art/Image/Hero/Sequence/feiji/摔倒后起身_0002.png,Assets/Game/ColorTiming/Art/Image/Hero/Sequence/feiji/摔倒后起身_0002.png
59f87faac76e662478d0641f65752bcc,Assets/Art/Image/Hero/Sequence/Dao/yidong/红色刀移动_0004.png,Assets/Game/ColorTiming/Art/Image/Hero/Sequence/Dao/yidong/红色刀移动_0004.png
5a2cc681a643b5745aab5d635a753cf0,Assets/Art/Image/Hero/Sequence/feiji/yidong/橙色飞机移动_0001.png,Assets/Game/ColorTiming/Art/Image/Hero/Sequence/feiji/yidong/橙色飞机移动_0001.png
5a5b1f730be0f1342a0a12bd9c0e040a,Assets/Art/Image/Hero/Sequence/feiji/skill/绿色飞机爆炸_0014.png,Assets/Game/ColorTiming/Art/Image/Hero/Sequence/feiji/skill/绿色飞机爆炸_0014.png
5a61727b4f8e66f4db3b176a692b4416,Assets/Art/Image/Hero/Sequence/Chuizi/Gongji/Lv/攻击动作（绿）_0014.png,Assets/Game/ColorTiming/Art/Image/Hero/Sequence/Chuizi/Gongji/Lv/攻击动作（绿）_0014.png
5a6371283a674d644b914e1e98e8f71b,Assets/Art/Vido/2循环.mp4,Assets/Game/ColorTiming/Art/Vido/2循环.mp4
5aa404f18bba28141bd80c585f275333,Assets/Art/Image/Scene/B1/a5/dj/skeleton-animation_054.png,Assets/Game/ColorTiming/Art/Image/Scene/B1/a5/dj/skeleton-animation_054.png
5ab16bdd23159f849a55565b2787a6f0,Assets/Art/Image/Scene/B1/a2/dj/a2草待机_12.png,Assets/Game/ColorTiming/Art/Image/Scene/B1/a2/dj/a2草待机_12.png
5ab9b975f85a2dd48adc49cdad8faafc,Assets/Art/Image/UI_Set/开启音乐（按下）.png,Assets/Game/ColorTiming/Art/Image/UI_Set/开启音乐（按下）.png
5ad7b7e256390ae4996e3309e2e17cad,Assets/Art/Image/Weapon/Tip1/提示圈-第一章_0032.png,Assets/Game/ColorTiming/Art/Image/Weapon/Tip1/提示圈-第一章_0032.png
5aed458f1757ca043a1036cd19065586,Assets/Art/Image/Weapon/锤1.png,Assets/Game/ColorTiming/Art/Image/Weapon/锤1.png
5af21f633133b2b4282f27b265da74cd,Assets/Art/Image/Scene/B1/a5/c/a5草动_52.png,Assets/Game/ColorTiming/Art/Image/Scene/B1/a5/c/a5草动_52.png
5af906468dc70164a8af40b3a7154f41,Assets/Art/Image/Hero/Sequence/Yidong/Beimian/紫色移动（背面）_0001.png,Assets/Game/ColorTiming/Art/Image/Hero/Sequence/Yidong/Beimian/紫色移动（背面）_0001.png
5afbba458ec52d14aa2474c2436ca9c4,Assets/Art/Image/Hero/Sequence/Dao/yidong/绿色刀移动_0003.png,Assets/Game/ColorTiming/Art/Image/Hero/Sequence/Dao/yidong/绿色刀移动_0003.png
5b06d7be2be5c8e479261e2e0fbb362a,Assets/Art/Image/Scene/B1/a6/dj/a6草待机_005.png,Assets/Game/ColorTiming/Art/Image/Scene/B1/a6/dj/a6草待机_005.png
5b1fa260d55acc547bcf47329b80c19e,Assets/Art/Image/Hero/Sequence/Dao/gongji/绿色刀攻击_0013.png,Assets/Game/ColorTiming/Art/Image/Hero/Sequence/Dao/gongji/绿色刀攻击_0013.png
5b3f7faae26f42846828caf292ba2bcc,Assets/Art/Image/Hero/Sequence/Zhadan/skill/爆炸特效（紫）_0021.png,Assets/Game/ColorTiming/Art/Image/Hero/Sequence/Zhadan/skill/爆炸特效（紫）_0021.png
5b74c132127cc2b4d9ff741285784fc5,Assets/Art/Image/Hero/Sequence/Siwang/被击杀后_0036.png,Assets/Game/ColorTiming/Art/Image/Hero/Sequence/Siwang/被击杀后_0036.png
5b7e143e4b0486c4c82f57168a9a9698,Assets/Art/Image/Scene/B1/a4/c/a4草动_19.png,Assets/Game/ColorTiming/Art/Image/Scene/B1/a4/c/a4草动_19.png
5b85f494f6db18a48897f78ade1abb75,Assets/Art/Image/Scene/B1/a5/c/a5草动_00.png,Assets/Game/ColorTiming/Art/Image/Scene/B1/a5/c/a5草动_00.png
5b9713c481da79049b2a2a4b50ed7312,Assets/Art/Image/Scene/B1/a5/c/a5草动_32.png,Assets/Game/ColorTiming/Art/Image/Scene/B1/a5/c/a5草动_32.png
5bb0631368b462047869d8788673cb48,Assets/Plugins/Spine/Editor/spine-unity/Editor/GUI/icon-skeletonUtility.png,Assets/Plugins/Spine/Editor/spine-unity/Editor/GUI/icon-skeletonUtility.png
5bc2d8bd38ac6dd45ba409c3dedd6909,Assets/Art/Image/Hero/Sequence/jiandao/gongji/紫色剪刀攻击_0014.png,Assets/Game/ColorTiming/Art/Image/Hero/Sequence/jiandao/gongji/紫色剪刀攻击_0014.png
5bd7c1b8d0eed1f419a33c5302f1146b,Assets/Art/Image/Boss/Skill5/尖刺特效_12.png,Assets/Game/ColorTiming/Art/Image/Boss/Skill5/尖刺特效_12.png
5c00cbe1f1c1e8e4d9513913fbacda10,Assets/Art/Image/Scene/B1/a2/c/a2草动_42.png,Assets/Game/ColorTiming/Art/Image/Scene/B1/a2/c/a2草动_42.png
5c20cbdb00328e544b11124f745e1c92,Assets/Art/Image/Scene/B1/a2/c/a2草动_51.png,Assets/Game/ColorTiming/Art/Image/Scene/B1/a2/c/a2草动_51.png
5c2d4008172127849a42f99b42b7a778,Assets/Game/Scripts/UI/LoadScenes.cs,Assets/Game/Scripts/ColorTiming/Legacy/UI/LoadScenes.cs
5c332d122b1ed144e829aafc22b4395e,Assets/Art/Image/Scene/B1/a2/dj/a2草待机_95.png,Assets/Game/ColorTiming/Art/Image/Scene/B1/a2/dj/a2草待机_95.png
5c42830a7da620747a88b50f1e5dc41d,Assets/Art/Image/Hero/Sequence/Zhadan/skill/空中炸弹紫_0001.png,Assets/Game/ColorTiming/Art/Image/Hero/Sequence/Zhadan/skill/空中炸弹紫_0001.png
5c48b75d3e6a5c2409b275d7d38e43e6,Assets/Art/Image/Boss/Spine2/BOSS拆分_BOSS拆分2.mat,Assets/Game/ColorTiming/Art/Image/Boss/Spine2/BOSS拆分_BOSS拆分2.mat
5c4afa9528c6cbd40832402fb14b2030,Assets/Art/Image/UI_Start/封面.png,Assets/Game/ColorTiming/Art/Image/UI_Start/封面.png
5c54283587010da49ac4f8d232052509,Assets/Art/Image/Hero/Sequence/Chuizi/Daiji/绿色锤子待机_0011.png,Assets/Game/ColorTiming/Art/Image/Hero/Sequence/Chuizi/Daiji/绿色锤子待机_0011.png
5c583d5362989a441b0b9b046348ded1,Assets/Art/Image/Hero/Sequence/Dao/gongji/绿色刀攻击_0003.png,Assets/Game/ColorTiming/Art/Image/Hero/Sequence/Dao/gongji/绿色刀攻击_0003.png
5c6b4b9e054ad5e4ab94baa71c46ef1a,Assets/Art/Image/Hero/Sequence/Dao/gongji/绿色刀攻击_0002.png,Assets/Game/ColorTiming/Art/Image/Hero/Sequence/Dao/gongji/绿色刀攻击_0002.png
5c70a5b35f6ff2541aed8e8346b7e4d5,Assets/Plugins/Spine/Runtime/spine-unity/Components/SkeletonRenderSeparator/SkeletonRenderSeparator.cs,Assets/Plugins/Spine/Runtime/spine-unity/Components/SkeletonRenderSeparator/SkeletonRenderSeparator.cs
5c85394810bbbcc42b7a8c96f2f81fad,Assets/Art/Image/Scene/B1/a1/a1待_19.png,Assets/Game/ColorTiming/Art/Image/Scene/B1/a1/a1待_19.png
5c9fe3c31be50a2479282ef8757beacd,Assets/Art/Image/Scene/B1/a4/dj/skeleton-animation_101.png,Assets/Game/ColorTiming/Art/Image/Scene/B1/a4/dj/skeleton-animation_101.png
5ca55da4e64005b4b95fb6dd6ee5bb11,Assets/Art/Image/Scene/B1/a6/dj/a6草待机_080.png,Assets/Game/ColorTiming/Art/Image/Scene/B1/a6/dj/a6草待机_080.png
5cba16c190c9dc346b2f439aca9fa86b,Assets/Art/Sound/BGM,Assets/Game/ColorTiming/Art/Sound/BGM
5ccd298a6d0886d4f8ceae333e29c010,Assets/Art/Image/Scene/B1/a6/c/a6草动_05.png,Assets/Game/ColorTiming/Art/Image/Scene/B1/a6/c/a6草动_05.png
5ccdc34ad2f5f7e428b0690da35a6615,Assets/Art/Image/Scene/B1/a3/dj/a3草待机_013.png,Assets/Game/ColorTiming/Art/Image/Scene/B1/a3/dj/a3草待机_013.png
5ce1c21fe32a49747822d26adf9b0556,Assets/Art/Image/Hero/Sequence/Chuizi/yidong/紫色锤子移动_0005.png,Assets/Game/ColorTiming/Art/Image/Hero/Sequence/Chuizi/yidong/紫色锤子移动_0005.png
5ce6749b5302d9042af4b31a9a0e6c2b,Assets/Art/Image/Scene/B1/a6/dj/a6草待机_109.png,Assets/Game/ColorTiming/Art/Image/Scene/B1/a6/dj/a6草待机_109.png
5cfb9c5f79718334993500e44a0e045a,Assets/Art/Image/Scene/B1/a2/dj/a2草待机_72.png,Assets/Game/ColorTiming/Art/Image/Scene/B1/a2/dj/a2草待机_72.png
5d0a2d2ba945c7244af738376bba749d,Assets/Game/Prefba/Scene/cao_a3.prefab,Assets/Game/Prefabs/World/ColorTiming/cao_a3.prefab
5d117b18005b3954980add6393fe33ef,Assets/Art/Image/Hero/Sequence/jiandao/gongji/Skill/HitFX_jd_.controller,Assets/Game/ColorTiming/Art/Image/Hero/Sequence/jiandao/gongji/Skill/HitFX_jd_.controller
5d66f9f66b9f5dd419e5664df479e698,Assets/Art/Image/Hero/Sequence/Siwang/sc/死亡动画背景_0035.png,Assets/Game/ColorTiming/Art/Image/Hero/Sequence/Siwang/sc/死亡动画背景_0035.png
5d68b5e21d3248d41b7529ba8dba611e,Assets/Art/Image/Hero/Sequence/futou/gongji/skill,Assets/Game/ColorTiming/Art/Image/Hero/Sequence/futou/gongji/skill
5d70f516b3e43804ba4741075e4e9397,Assets/Art/Image/Hero/Sequence/Siwang/sc/死亡动画背景_0020.png,Assets/Game/ColorTiming/Art/Image/Hero/Sequence/Siwang/sc/死亡动画背景_0020.png
5d7322e83d799d849bea71dbd6f1c24e,Assets/Plugins/Spine/Runtime/spine-unity/SkeletonDataModifierAssets,Assets/Plugins/Spine/Runtime/spine-unity/SkeletonDataModifierAssets
5d80dd9ce4d0f2d47a96f8ba0efa742e,Assets/Art/Image/Hero/Sequence/futou/yidong,Assets/Game/ColorTiming/Art/Image/Hero/Sequence/futou/yidong
5d88238f2f7012e4b9cacf0531376d58,Assets/Art/Image/Scene/B1/a1/a1待_39.png,Assets/Game/ColorTiming/Art/Image/Scene/B1/a1/a1待_39.png
5d9c1be41a8baac4c9b07504c8188b9c,Assets/Art/Image/Scene/B1/a6/dj/a6草待机_081.png,Assets/Game/ColorTiming/Art/Image/Scene/B1/a6/dj/a6草待机_081.png
5d9f89ef069a42b44b7997ff01930546,Assets/Art/Image/Mouse/剑-紫色.png,Assets/Game/ColorTiming/Art/Image/Mouse/剑-紫色.png
5da04d3a04f56c641b1a6acfc749db64,Assets/Art/Image/Scene/B1/a5/dj/skeleton-animation_016.png,Assets/Game/ColorTiming/Art/Image/Scene/B1/a5/dj/skeleton-animation_016.png
5db348026d3e60e4ba71e9b765f08bc7,Assets/Art/Image/Scene/B1/a6/dj/a6草待机_101.png,Assets/Game/ColorTiming/Art/Image/Scene/B1/a6/dj/a6草待机_101.png
5dc08a4ea3d06ef488eff5fd76a6cea6,Assets/Art/Sound/grass_walk_002.WAV,Assets/Game/ColorTiming/Art/Sound/grass_walk_002.WAV
5dc2836f9e52e39408545b4e1287020a,Assets/Art/Image/Scene/B1/a5/dj/skeleton-animation_129.png,Assets/Game/ColorTiming/Art/Image/Scene/B1/a5/dj/skeleton-animation_129.png
5dcbd12706bd15b41bb8a2eee3a5ce61,Assets/Art/Image/Scene/B1/a4/dj/skeleton-animation_014.png,Assets/Game/ColorTiming/Art/Image/Scene/B1/a4/dj/skeleton-animation_014.png
5dd07352d999dbe4493c22eb7e8535a3,Assets/Plugins/Spine,Assets/Plugins/Spine
5e298c2881f33874d9df2bb1e6ac0ab0,Assets/Art/Image/Scene/B1/a6/c/a6草动_35.png,Assets/Game/ColorTiming/Art/Image/Scene/B1/a6/c/a6草动_35.png
5e45fcf721cce0b409c7c215a980fc04,Assets/Art/Image/Scene/B1/a6/c/a6草动_64.png,Assets/Game/ColorTiming/Art/Image/Scene/B1/a6/c/a6草动_64.png
5e4ef1ac3755e9b4195cb262af8dabc2,Assets/Art/Sound/equipping_weapon.wav,Assets/Game/ColorTiming/Art/Sound/equipping_weapon.wav
5e509e0a95f24be49afa5abc6190f249,Assets/Art/Image/Hero/Sequence/Siwang/sc/死亡动画背景_0023.png,Assets/Game/ColorTiming/Art/Image/Hero/Sequence/Siwang/sc/死亡动画背景_0023.png
5e6f92409e0c19340a7a5b93e36ad6cc,Assets/Art/Image/Hero/Sequence/Chuizi/Gongji/Zi/移动蓄力（紫）_0003.png,Assets/Game/ColorTiming/Art/Image/Hero/Sequence/Chuizi/Gongji/Zi/移动蓄力（紫）_0003.png
5e8c4af51c6f0ae48815271c3ef21f50,Assets/Art/Image/Hero/Sequence/Dao/gongji/绿色刀攻击_0012.png,Assets/Game/ColorTiming/Art/Image/Hero/Sequence/Dao/gongji/绿色刀攻击_0012.png
5ea2b04ea8782c4498316977abd13932,Assets/Art/Image/ui/红色斧头.png,Assets/Game/ColorTiming/Art/Image/ui/红色斧头.png
5ed4d9abdabbc2c4b89d33e169169113,Assets/Art/Image/Scene/B1/a5/dj/skeleton-animation_015.png,Assets/Game/ColorTiming/Art/Image/Scene/B1/a5/dj/skeleton-animation_015.png
5eefe88f54e7f4f4f9b5fbb23110bfe5,Assets/Art/Image/Boss2/Shenti/第二章boss_Material_InsideMask.mat,Assets/Game/ColorTiming/Art/Image/Boss2/Shenti/第二章boss_Material_InsideMask.mat
5efa614f708962644bc345ec01b193d5,Assets/Art/Image/Hero/Sequence/futou/gongji/hong/红色斧头蓄力（移动）_0012.png,Assets/Game/ColorTiming/Art/Image/Hero/Sequence/futou/gongji/hong/红色斧头蓄力（移动）_0012.png
5efc281ba81591346a138f99844354a4,Assets/Art/Image/Scene/B1/a3/c/a3草动_29.png,Assets/Game/ColorTiming/Art/Image/Scene/B1/a3/c/a3草动_29.png
5f0203428d4312045ba6ca429104ed46,Assets/Art/Image/Scene/B2/铅笔.png,Assets/Game/ColorTiming/Art/Image/Scene/B2/铅笔.png
5f2f3284895421b4a9119b34eacb5491,Assets/Art/Image/Hero/Sequence/futou/gongji/zhi/紫色斧头蓄力（原地）_0011.png,Assets/Game/ColorTiming/Art/Image/Hero/Sequence/futou/gongji/zhi/紫色斧头蓄力（原地）_0011.png
5f4adf5a1df9d8d499701776ad72cd68,Assets/Art/Image/Hero/Sequence/feiji,Assets/Game/ColorTiming/Art/Image/Hero/Sequence/feiji
5f5d811541c7a6342acda4cc8e9989f8,Assets/Art/Image/Scene/B1/a5/dj/skeleton-animation_044.png,Assets/Game/ColorTiming/Art/Image/Scene/B1/a5/dj/skeleton-animation_044.png
5f8758d6137b21a49861442269f16cee,Assets/Art/Image/Hero/Sequence/futou/gongji/hong/红色斧头攻击_0013.png,Assets/Game/ColorTiming/Art/Image/Hero/Sequence/futou/gongji/hong/红色斧头攻击_0013.png
5f95b21409b90f4499182e779a168317,Assets/Art/Image/Hero/Sequence/feiji/gongji/橙色飞机投掷_0012.png,Assets/Game/ColorTiming/Art/Image/Hero/Sequence/feiji/gongji/橙色飞机投掷_0012.png
5fa8995fd3fc4784488c2063dc5e6490,Assets/Art/Image/Scene/B1/a1/a1待_32.png,Assets/Game/ColorTiming/Art/Image/Scene/B1/a1/a1待_32.png
5fa980066df98184aa0cce5ef6419f14,Assets/Art/Image/Hero/Sequence/Dao/gongji/红色刀攻击_0009.png,Assets/Game/ColorTiming/Art/Image/Hero/Sequence/Dao/gongji/红色刀攻击_0009.png
5faab98848540af4ebbc4093e06bac1e,Assets/Art/Image/Hero/Sequence/feiji/daiji/紫色飞机待机_0007.png,Assets/Game/ColorTiming/Art/Image/Hero/Sequence/feiji/daiji/紫色飞机待机_0007.png
5fb79c0d542b1704c89a2e0c133c0291,Assets/Art/Image/ui/红色飞机.png,Assets/Game/ColorTiming/Art/Image/ui/红色飞机.png
5fd2137c3ce88bf4185a5aea12b9ed00,Assets/Art/Image/Scene/B1/a2/c/a2草动_56.png,Assets/Game/ColorTiming/Art/Image/Scene/B1/a2/c/a2草动_56.png
5fe0111e7fd12904582b257a4539fa0b,Assets/Art/Image/Hero/Sequence/Zhadan/skill/爆炸特效（绿）_0005.png,Assets/Game/ColorTiming/Art/Image/Hero/Sequence/Zhadan/skill/爆炸特效（绿）_0005.png
5ffe7cde8ec759144ac003a4a0eaf3aa,Assets/Art/Image/Scene/B1/a4/c/a4草动_54.png,Assets/Game/ColorTiming/Art/Image/Scene/B1/a4/c/a4草动_54.png
600e9e5379ec5bd47bb682c8e46e593e,Assets/Art/Image/Hero/Sequence/feiji/daiji/紫色飞机待机_0005.png,Assets/Game/ColorTiming/Art/Image/Hero/Sequence/feiji/daiji/紫色飞机待机_0005.png
602d6666e759de74fabaf56af5231c5a,Assets/Art/Image/Scene/B1/a2/c/a2草动_53.png,Assets/Game/ColorTiming/Art/Image/Scene/B1/a2/c/a2草动_53.png
6039ddd5c4cfd5843a34dd50fecaf2e9,Assets/Art/Image/Hero/Sequence/feiji/yidong/紫色飞机移动_0001.png,Assets/Game/ColorTiming/Art/Image/Hero/Sequence/feiji/yidong/紫色飞机移动_0001.png
60409627e19a6f04e939dea1becb237a,Assets/Art/Image/Scene/B1/a5/c/a5草动_04.png,Assets/Game/ColorTiming/Art/Image/Scene/B1/a5/c/a5草动_04.png
6045217e887d52e43b0f9c09ddff46f1,Assets/Art/Image/Scene/B1/a1/a1待_27.png,Assets/Game/ColorTiming/Art/Image/Scene/B1/a1/a1待_27.png
604bda9241c6f794e90158d5f4075e73,Assets/Art/Image/Weapon/Tip2/提示圈-第二章_0020.png,Assets/Game/ColorTiming/Art/Image/Weapon/Tip2/提示圈-第二章_0020.png
60626307629cc034bafd42c53a901fff,Assets/Plugins/Spine/Runtime/spine-csharp/Atlas.cs,Assets/Plugins/Spine/Runtime/spine-csharp/Atlas.cs
606a42e56b5b4c445bc6db19b33b1ac1,Assets/Art/Image/Boss/Skill5/尖刺特效_04.png,Assets/Game/ColorTiming/Art/Image/Boss/Skill5/尖刺特效_04.png
609f075108834cd4badda0ce0375feee,Assets/Art/Image/Hero/Sequence/feiji/skill/绿色飞机爆炸_0010.png,Assets/Game/ColorTiming/Art/Image/Hero/Sequence/feiji/skill/绿色飞机爆炸_0010.png
60aeba6b6ffd3a54dad657b7b34bc218,Assets/Art/Image/Hero/Sequence/futou/gongji/hong/红色斧头攻击_0012.png,Assets/Game/ColorTiming/Art/Image/Hero/Sequence/futou/gongji/hong/红色斧头攻击_0012.png
60b8d41e592673e4cbf599439c31fb2d,Assets/Art/Image/Hero/Sequence/Chuizi/Gongji/Lv/原地蓄力完成（绿）_0002.png,Assets/Game/ColorTiming/Art/Image/Hero/Sequence/Chuizi/Gongji/Lv/原地蓄力完成（绿）_0002.png
60cb57ceaa206124096659a8931e4ca4,Assets/Art/Image/Scene/B1/a3/dj/a3草待机_012.png,Assets/Game/ColorTiming/Art/Image/Scene/B1/a3/dj/a3草待机_012.png
614833ed5e5df3b44bce0e6d4baa2723,Assets/Art/Image/Hero/Sequence/Siwang/被击杀后_0004.png,Assets/Game/ColorTiming/Art/Image/Hero/Sequence/Siwang/被击杀后_0004.png
615182d5e489bf3478299e5bbf15dc23,Assets/Plugins/Spine/Runtime/spine-unity/Shaders/Outline/Sprite,Assets/Plugins/Spine/Runtime/spine-unity/Shaders/Outline/Sprite
61568a02954698b4986b7288bae06d3b,Assets/Art/Image/Hero/Sequence/feiji/daiji/紫色飞机待机_0009.png,Assets/Game/ColorTiming/Art/Image/Hero/Sequence/feiji/daiji/紫色飞机待机_0009.png
61573a8b30c48d640bb1275eb4f8f782,Assets/Art/Image/Scene/B1/a6/c/a6草动_53.png,Assets/Game/ColorTiming/Art/Image/Scene/B1/a6/c/a6草动_53.png
616db021ee3736d49a1052e10d23fcc7,Assets/Art/Image/Scene/B1/a3/dj/a3草待机_035.png,Assets/Game/ColorTiming/Art/Image/Scene/B1/a3/dj/a3草待机_035.png
618a180ae77d9f945899905bd7989eb2,Assets/Art/Image/Scene/B1/a5/dj/skeleton-animation_119.png,Assets/Game/ColorTiming/Art/Image/Scene/B1/a5/dj/skeleton-animation_119.png
6196d9d0f31861143910a64bf176e046,Assets/Art/Image/UI_ESC/开启提示弹窗（悬停）.png,Assets/Game/ColorTiming/Art/Image/UI_ESC/开启提示弹窗（悬停）.png
619e460222170ad4bb33bd2dac08938b,Assets/Art/Image/Hero/Sequence/futou/yidong/橙色斧头移动_0005.png,Assets/Game/ColorTiming/Art/Image/Hero/Sequence/futou/yidong/橙色斧头移动_0005.png
61a3946ae04898146a5f8ea2bea89303,Assets/Art/Image/Hero/Sequence/Zhadan/gongji/投掷（紫）_0009.png,Assets/Game/ColorTiming/Art/Image/Hero/Sequence/Zhadan/gongji/投掷（紫）_0009.png
61d036d31e2c55f429b7473e68c70fe2,Assets/Art/Image/Boss/Spine/BOSS拆分.atlas.txt,Assets/Game/ColorTiming/Art/Image/Boss/Spine/BOSS拆分.atlas.txt
61d62858af474744181ac26020866e86,Assets/Art/Image/Mouse/剑-绿色.png,Assets/Game/ColorTiming/Art/Image/Mouse/剑-绿色.png
61dd59a69fa0cb0409898c9bd14e4a50,Assets/Art/Image/Hero/Sequence/futou/gongji/chen/橙色斧头攻击_0009.png,Assets/Game/ColorTiming/Art/Image/Hero/Sequence/futou/gongji/chen/橙色斧头攻击_0009.png
61e36f6f4a5622e4d9b19667e9e9eed3,Assets/Art/Image/Boss/tip/BOSS拆分.json,Assets/Game/ColorTiming/Art/Image/Boss/tip/BOSS拆分.json
61e3a00b9f7cebe46885a9bf2364383b,Assets/Art/Image/Hero/Sequence/feiji/skill/紫色飞机爆炸_0002.png,Assets/Game/ColorTiming/Art/Image/Hero/Sequence/feiji/skill/紫色飞机爆炸_0002.png
61f09d934d8e510489ead76a95b63c3d,Assets/Art/Image/Hero/Sequence/Chuizi/Gongji/Zi/原地蓄力（紫）_0008.png,Assets/Game/ColorTiming/Art/Image/Hero/Sequence/Chuizi/Gongji/Zi/原地蓄力（紫）_0008.png
61f109b9184303643b4057b8123f052c,Assets/Art/Image/Scene/B2/第二关.jpg,Assets/Game/ColorTiming/Art/Image/Scene/B2/第二关.jpg
620e954c19fd37042890ae4643d09440,Assets/Art/Image/Hero/Anim/tttttt.controller,Assets/Game/ColorTiming/Art/Image/Hero/Anim/tttttt.controller
621f283994683ad4493bc407be0deb41,Assets/Art/Image/UI_Start/退出游戏（正常）.png,Assets/Game/ColorTiming/Art/Image/UI_Start/退出游戏（正常）.png
624ef95ed5829bc4faeb1d06ecc8bf3d,Assets/Art/Image/Scene/B1/a4/dj/skeleton-animation_091.png,Assets/Game/ColorTiming/Art/Image/Scene/B1/a4/dj/skeleton-animation_091.png
625f46c6c539b004981e10d3bfb1d787,Assets/Art/Image/Hero/Sequence/Dao/gongji/红色刀攻击_0007.png,Assets/Game/ColorTiming/Art/Image/Hero/Sequence/Dao/gongji/红色刀攻击_0007.png
625fba4611e31c243a7bd835776fd27b,Assets/Art/Image/Scene/B1/a6/dj/a6草待机_050.png,Assets/Game/ColorTiming/Art/Image/Scene/B1/a6/dj/a6草待机_050.png
62679450ff68ef943adfb001e2da5a8e,Assets/Art/Image/Hero/Sequence/futou/gongji/hong/红色斧头蓄力（原地）_0012.png,Assets/Game/ColorTiming/Art/Image/Hero/Sequence/futou/gongji/hong/红色斧头蓄力（原地）_0012.png
6273863947ae4f345a806db90d1d1fda,Assets/Art/Image/Hero/Sequence/Chuizi/Gongji/Hong/锤子攻击（红）_0013.png,Assets/Game/ColorTiming/Art/Image/Hero/Sequence/Chuizi/Gongji/Hong/锤子攻击（红）_0013.png
627e62bd8370b024eb6dd8585d1445ca,Assets/Art/Image/Hero/Sequence/Chuizi/Gongji/Hong/原地蓄力（红）_0012.png,Assets/Game/ColorTiming/Art/Image/Hero/Sequence/Chuizi/Gongji/Hong/原地蓄力（红）_0012.png
6282fa6856c629e40adaea659ce3f1d7,Assets/Art/Image/Hero/Sequence/feiji/skill/橙色飞机爆炸_0016.png,Assets/Game/ColorTiming/Art/Image/Hero/Sequence/feiji/skill/橙色飞机爆炸_0016.png
628f3ed0e74868d48baffe4fd357db84,Assets/Art/Image/Scene/B1/a6/c/a6草动_44.png,Assets/Game/ColorTiming/Art/Image/Scene/B1/a6/c/a6草动_44.png
62b6906da5cd7264693100d22936d40c,Assets/Art/Image/Scene/B1/a5/dj/skeleton-animation_120.png,Assets/Game/ColorTiming/Art/Image/Scene/B1/a5/dj/skeleton-animation_120.png
62cfa5351b2715b4794aa125171aa4fa,Assets/Art/Image/Hero/Sequence/Zhadan/gongji/投掷动作（红）_0006.png,Assets/Game/ColorTiming/Art/Image/Hero/Sequence/Zhadan/gongji/投掷动作（红）_0006.png
62fa03aed2cc88c47b41fd26b85a2a2b,Assets/Art/Image/Hero/Sequence/Zhadan/skill/zhadan_hong 1.anim,Assets/Game/ColorTiming/Art/Image/Hero/Sequence/Zhadan/skill/zhadan_hong 1.anim
6344489072f245441be9b7732320bb85,Assets/Art/Image/Hero/Sequence/feiji/skill/绿色飞机爆炸_0008.png,Assets/Game/ColorTiming/Art/Image/Hero/Sequence/feiji/skill/绿色飞机爆炸_0008.png
6346c041eeae0e74eb2a5fef159a90ef,Assets/Art/Image/Scene/B1/a6/dj/a6草待机_094.png,Assets/Game/ColorTiming/Art/Image/Scene/B1/a6/dj/a6草待机_094.png
634b0dcc7c3a60144acb3b41a87c21fc,Assets/Art/Image/Hero/Sequence/Yidong/move_ Hong.anim,Assets/Game/ColorTiming/Art/Image/Hero/Sequence/Yidong/move_ Hong.anim
6356e711173b4d045b28057da42f24f2,Assets/Art/Image/Hero/Sequence/Siwang/sc/黑屏转场_0002.png,Assets/Game/ColorTiming/Art/Image/Hero/Sequence/Siwang/sc/黑屏转场_0002.png
635c0186b1b731d4baf39f11b5742704,Assets/Art/Image/Weapon/斧1带白边.png,Assets/Game/ColorTiming/Art/Image/Weapon/斧1带白边.png
6362bd5c7eb66764ab489f6edc056edd,Assets/Art/Image/Scene/B1/a3/dj/a3草待机_017.png,Assets/Game/ColorTiming/Art/Image/Scene/B1/a3/dj/a3草待机_017.png
6367f2b4a8911fd4b9bf4e88750444fa,Assets/Art/Image/Scene/B1/a4/dj/skeleton-animation_047.png,Assets/Game/ColorTiming/Art/Image/Scene/B1/a4/dj/skeleton-animation_047.png
63681b2d8573bab439c1d5ce00e7fa87,Assets/Art/Image/Scene/B1/a6/dj/a6草待机_001.png,Assets/Game/ColorTiming/Art/Image/Scene/B1/a6/dj/a6草待机_001.png
637f8dbf2b1c6e54882aeceb013382f3,Assets/Art/Image/Hero/Sequence/futou/yidong/yidong_futou_chen.anim,Assets/Game/ColorTiming/Art/Image/Hero/Sequence/futou/yidong/yidong_futou_chen.anim
63b3c273ad4bea846901495ebc7937e7,Assets/Art/Image/Scene/B1/a1/a1待_26.png,Assets/Game/ColorTiming/Art/Image/Scene/B1/a1/a1待_26.png
63b73d4bcc3fc84438729d28d391b383,Assets/Art/Image/Weapon/Tip2/WeaponTip2.anim,Assets/Game/ColorTiming/Art/Image/Weapon/Tip2/WeaponTip2.anim
63bbc674c4e200e4e95a73f01169c7ed,Assets/Art/Image/Hero/Sequence/feiji/skill/feiji_hong.anim,Assets/Game/ColorTiming/Art/Image/Hero/Sequence/feiji/skill/feiji_hong.anim
63bc155035fb7314e88f98993da1fc04,Assets/Art/Image/Hero/Sequence/Dao/yidong/橙色刀移动_0005.png,Assets/Game/ColorTiming/Art/Image/Hero/Sequence/Dao/yidong/橙色刀移动_0005.png
63c3daf0720047843acb923513633092,Assets/Art/Image/Scene/B1/a2/c/a2草动_65.png,Assets/Game/ColorTiming/Art/Image/Scene/B1/a2/c/a2草动_65.png
63cbd8d920092f742ba1975c8081ee5a,Assets/Art/Image/Hero/Sequence/futou/gongji/chen/橙色斧头蓄力（移动）_0011.png,Assets/Game/ColorTiming/Art/Image/Hero/Sequence/futou/gongji/chen/橙色斧头蓄力（移动）_0011.png
63e3a54ffe023e749bd1e7204316c49a,Assets/Art/Image/Hero/Sequence/Chuizi/Gongji/Hong/原地蓄力（红）_0008.png,Assets/Game/ColorTiming/Art/Image/Hero/Sequence/Chuizi/Gongji/Hong/原地蓄力（红）_0008.png
63e6fee949b6b974797852729d273aad,Assets/Art/Image/Hero/Sequence/futou/gongji/chen/橙色斧头蓄力（原地）_0013.png,Assets/Game/ColorTiming/Art/Image/Hero/Sequence/futou/gongji/chen/橙色斧头蓄力（原地）_0013.png
63feb052ba9d51c46a9d18bd0ba708d1,Assets/Art/Image/Hero/Sequence/feiji/daiji/橙色飞机待机_0000.png,Assets/Game/ColorTiming/Art/Image/Hero/Sequence/feiji/daiji/橙色飞机待机_0000.png
64005298b9a80bb4899eabd5140dc4a8,Assets/Plugins/Spine/Runtime/spine-unity/Shaders/Sprite/SpritesUnlit.shader,Assets/Plugins/Spine/Runtime/spine-unity/Shaders/Sprite/SpritesUnlit.shader
6400fe14b88cd0347b8329e287f6ee42,Assets/Art/Image/Scene/B1/a3/dj/a3草待机_066.png,Assets/Game/ColorTiming/Art/Image/Scene/B1/a3/dj/a3草待机_066.png
64034bbd8ef5d474a92037e9664b99b6,Assets/Art/Image/Hero/Sequence/Chuizi/Daiji/daiji_cuizi_hong.anim,Assets/Game/ColorTiming/Art/Image/Hero/Sequence/Chuizi/Daiji/daiji_cuizi_hong.anim
6413cad7f1e84a844bd0012a4239c1a5,Assets/Art/Image/ui/绿色剪刀.png,Assets/Game/ColorTiming/Art/Image/ui/绿色剪刀.png
6415dcede6b9a4b4681ceec43fb2a82a,Assets/Art/Image/Scene/B1/a3/c/a3草动_74.png,Assets/Game/ColorTiming/Art/Image/Scene/B1/a3/c/a3草动_74.png
642e1756f4a40444e998dca3aae419bb,Assets/Art/Image/UI_Set/开启音效（正常）.png,Assets/Game/ColorTiming/Art/Image/UI_Set/开启音效（正常）.png
646b24c322e82244fa85b72b7077d6c1,Assets/Art/Anim_Skill/sk_bo1_atk3 1.anim,Assets/Game/ColorTiming/Art/Anim_Skill/sk_bo1_atk3 1.anim
64807dd6bc367004c98c74f4ed2544c0,Assets/Art/Image/Scene/B1/a4/dj/skeleton-animation_068.png,Assets/Game/ColorTiming/Art/Image/Scene/B1/a4/dj/skeleton-animation_068.png
64b15fd15b2ae6342ab1f02240272ebf,Assets/Art/Image/Hero/Sequence/feiji/skill/红色飞机爆炸_0022.png,Assets/Game/ColorTiming/Art/Image/Hero/Sequence/feiji/skill/红色飞机爆炸_0022.png
64b91720618e6c94797f3c3050f77570,Assets/Art/Image/Hero/Sequence/Chuizi/Gongji/Lv/移动蓄力（绿）_0015.png,Assets/Game/ColorTiming/Art/Image/Hero/Sequence/Chuizi/Gongji/Lv/移动蓄力（绿）_0015.png
64d2fa77408da8341a39417ddfb2cf7b,Assets/Art/Image/Scene/B1/a2/dj/a2草待机_46.png,Assets/Game/ColorTiming/Art/Image/Scene/B1/a2/dj/a2草待机_46.png
64e25aaa9ab6fd74d9c66a42f20d4bce,Assets/Art/Image/Scene/B1/a4/c/a4草动_17.png,Assets/Game/ColorTiming/Art/Image/Scene/B1/a4/c/a4草动_17.png
64e312b882783f94890416f983297018,Assets/Art/Image/Hero/Sequence/futou/gongji/lv/绿色斧头蓄力（移动）_0009.png,Assets/Game/ColorTiming/Art/Image/Hero/Sequence/futou/gongji/lv/绿色斧头蓄力（移动）_0009.png
64e85cbbd5be40e42bb23d9c9d572345,Assets/Art/Image/Hero/Sequence/jiandao/gongji/红色剪刀攻击_0007.png,Assets/Game/ColorTiming/Art/Image/Hero/Sequence/jiandao/gongji/红色剪刀攻击_0007.png
64ea90d210681264592b482687230999,Assets/Art/Image/Hero/Sequence/Siwang/sc/死亡动画背景_0008.png,Assets/Game/ColorTiming/Art/Image/Hero/Sequence/Siwang/sc/死亡动画背景_0008.png
64ee6307241fce44c9f1f75f456d4fa8,Assets/Art/Image/Scene/B1/a6/dj/a6草待机_042.png,Assets/Game/ColorTiming/Art/Image/Scene/B1/a6/dj/a6草待机_042.png
6501868e044ff1642b8076582b3e1e4a,Assets/Art/Image/Scene/B1/a3/dj/a3草待机_094.png,Assets/Game/ColorTiming/Art/Image/Scene/B1/a3/dj/a3草待机_094.png
652301ba5bb5b9248b49b55c5409bc0c,Assets/Art/Image/Scene/B1/a4/c/a4草动_38.png,Assets/Game/ColorTiming/Art/Image/Scene/B1/a4/c/a4草动_38.png
6534421e5c59a8d429038140ea9981ee,Assets/Art/Image/Boss,Assets/Game/ColorTiming/Art/Image/Boss
654128df9b6234149ae5103e4b69eca6,Assets/Art/Image/Scene/B1/a3/dj/a3草待机_047.png,Assets/Game/ColorTiming/Art/Image/Scene/B1/a3/dj/a3草待机_047.png
654784be3ad3ae34c82793f95b62ab37,Assets/Art/Image/Scene/B1/a4/dj/skeleton-animation_109.png,Assets/Game/ColorTiming/Art/Image/Scene/B1/a4/dj/skeleton-animation_109.png
654f875c7a732a2439a62428264c2208,Assets/Art/Image/Hero/Sequence/jiandao/daiji/红色剪刀待机_0010.png,Assets/Game/ColorTiming/Art/Image/Hero/Sequence/jiandao/daiji/红色剪刀待机_0010.png
654fa57198872904995483df480ca29e,Assets/Art/Image/Hero/Sequence/Chongci/冲刺_0006.png,Assets/Game/ColorTiming/Art/Image/Hero/Sequence/Chongci/冲刺_0006.png
657923cbb3c1c794486ec3539dfc1015,Assets/Art/Image/Scene/B1/a3/c/a3草动_54.png,Assets/Game/ColorTiming/Art/Image/Scene/B1/a3/c/a3草动_54.png
6584b13d3c7e016459c9a42febe83da9,Assets/Art/Image/Scene/B1/a4/c/a4草动_71.png,Assets/Game/ColorTiming/Art/Image/Scene/B1/a4/c/a4草动_71.png
6589ad33b5abcd342a1e6882e4ba2352,Assets/Art/Image/Scene/B1/a3/dj/a3草待机_124.png,Assets/Game/ColorTiming/Art/Image/Scene/B1/a3/dj/a3草待机_124.png
65aac865b8fe8424e9dd093b0695815f,Assets/Art/Image/Scene/B1/a6/dj/a6草待机_010.png,Assets/Game/ColorTiming/Art/Image/Scene/B1/a6/dj/a6草待机_010.png
65d1c6ed9d71fb54bad68184ff756c6f,Assets/Art/Image/Weapon/Tip2,Assets/Game/ColorTiming/Art/Image/Weapon/Tip2
65d49653bbe5c2843870559d71e8b7cb,Assets/Art/Sound/grass_walk_001.WAV,Assets/Game/ColorTiming/Art/Sound/grass_walk_001.WAV
65e5cd523f69aef41b82b1349b70f02a,Assets/Art/Image/Hero/Sequence/Siwang/sc/死亡动画背景_0009.png,Assets/Game/ColorTiming/Art/Image/Hero/Sequence/Siwang/sc/死亡动画背景_0009.png
65eb4f9b3b827c241a75b8de2e01b815,Assets/Art/Image/Weapon/Tip2/提示圈-第二章_0002.png,Assets/Game/ColorTiming/Art/Image/Weapon/Tip2/提示圈-第二章_0002.png
66144e5063a1872419060ddf9f9bf928,Assets/Art/Image/Hero/Sequence/Shouji/shouji.anim,Assets/Game/ColorTiming/Art/Image/Hero/Sequence/Shouji/shouji.anim
662ed1cab50cae94aaa31e19b31b1df2,Assets/Art/Image/Scene/B1/a5/c/a5草动_58.png,Assets/Game/ColorTiming/Art/Image/Scene/B1/a5/c/a5草动_58.png
663715b5714e2db499192c8d91ef1f86,Assets/Plugins/Spine/Editor/spine-unity/Editor/Utility/SpineInspectorUtility.cs,Assets/Plugins/Spine/Editor/spine-unity/Editor/Utility/SpineInspectorUtility.cs
665f49f3e2dc7b645b6577f14455f445,Assets/Plugins/Spine/Editor/spine-unity/Editor/ImporterPresets/PMATexturePreset.preset,Assets/Plugins/Spine/Editor/spine-unity/Editor/ImporterPresets/PMATexturePreset.preset
667c1a07447756e4087eddce423f9356,Assets/Art/Image/Hero/Sequence/feiji/gongji/红色飞机投掷_0003.png,Assets/Game/ColorTiming/Art/Image/Hero/Sequence/feiji/gongji/红色飞机投掷_0003.png
6696e5052d548e14d8c7aa49dd0d3325,Assets/Art/Image/Hero/Sequence/Yidong/Beimian/绿色移动（背面）_0002.png,Assets/Game/ColorTiming/Art/Image/Hero/Sequence/Yidong/Beimian/绿色移动（背面）_0002.png
66988de88a15abd4e8846c6805485f57,Assets/Plugins/Spine/Runtime/spine-unity/Shaders/Utility/Hidden-Spine-Bones.shader,Assets/Plugins/Spine/Runtime/spine-unity/Shaders/Utility/Hidden-Spine-Bones.shader
66a6c2aeab2b86148890a3304e6346a6,Assets/Art/Image/Scene/B1/a1/a1待_66.png,Assets/Game/ColorTiming/Art/Image/Scene/B1/a1/a1待_66.png
66c48e7cf59877c4e879f7ffe889984a,Assets/Art/Image/Hero/Sequence/Yidong/红色移动_0000.png,Assets/Game/ColorTiming/Art/Image/Hero/Sequence/Yidong/红色移动_0000.png
66d0274d800935747bfc27b56c8244d1,Assets/Art/Image/Scene/B1/a3/dj/a3草待机_126.png,Assets/Game/ColorTiming/Art/Image/Scene/B1/a3/dj/a3草待机_126.png
66d11e02a29922946bc8173fbda80779,Assets/Art/Image/Hero/Sequence/Zhadan/skill/空中炸弹绿_0001.png,Assets/Game/ColorTiming/Art/Image/Hero/Sequence/Zhadan/skill/空中炸弹绿_0001.png
66eec0862b5784f4c8921eb6296e620e,Assets/Art/Image/Hero/Sequence/futou/yidong/红色斧头移动_0004.png,Assets/Game/ColorTiming/Art/Image/Hero/Sequence/futou/yidong/红色斧头移动_0004.png
670a3cefa3853bd48b5da53a424fd542,Assets/Plugins/Spine/Editor/spine-unity/Editor/Components/BoundingBoxFollowerInspector.cs,Assets/Plugins/Spine/Editor/spine-unity/Editor/Components/BoundingBoxFollowerInspector.cs
671a62a82beca2540819963318b2a05a,Assets/Art/Image/Scene/B1/a4/c/a4草动_20.png,Assets/Game/ColorTiming/Art/Image/Scene/B1/a4/c/a4草动_20.png
671c8071c878e584fa64a0b0725a92df,Assets/Art/Image/Hero/Sequence/futou/gongji/chen/橙色斧头攻击_0014.png,Assets/Game/ColorTiming/Art/Image/Hero/Sequence/futou/gongji/chen/橙色斧头攻击_0014.png
673cacd7b9c8c3947820b9c74368a50c,Assets/Game/Prefba/sk_zhadan.prefab,Assets/Game/Prefabs/Entity/ColorTiming/sk_zhadan.prefab
678331d31bf5c9c4d9fdd2c50cc5f344,Assets/Art/Image/Hero/Sequence/jiandao/yidong/紫色剪刀移动_0003.png,Assets/Game/ColorTiming/Art/Image/Hero/Sequence/jiandao/yidong/紫色剪刀移动_0003.png
678d6a59fd3676443ae07a0b34b20bd0,Assets/Art/Image/Hero/Sequence/Dao/daiji/绿色刀待机_0000.png,Assets/Game/ColorTiming/Art/Image/Hero/Sequence/Dao/daiji/绿色刀待机_0000.png
678fd861b1813af4bb1c05604ef587f9,Assets/Art/Image/Boss/Skill5/尖刺特效_00.png,Assets/Game/ColorTiming/Art/Image/Boss/Skill5/尖刺特效_00.png
67959c13759f5eb4f8f9f6fc2380754a,Assets/Art/Image/Hero/Sequence/futou/gongji/lv/绿色斧头蓄力（原地）_0000.png,Assets/Game/ColorTiming/Art/Image/Hero/Sequence/futou/gongji/lv/绿色斧头蓄力（原地）_0000.png
6797b47db50727a4780f35507243f91d,Assets/Art/Image/Scene/B1/a4/c/a4草动_33.png,Assets/Game/ColorTiming/Art/Image/Scene/B1/a4/c/a4草动_33.png
67b2bac95d9c4d34782068cf03f21362,Assets/Game/Prefba/Scene/b2_cao_a1.prefab,Assets/Game/Prefabs/World/ColorTiming/b2_cao_a1.prefab
67c6a23d6a1e0fc44ac426f319c9af40,Assets/Art/Image/Hero/Sequence/Zhadan/gongji/投掷动作（红）_0000.png,Assets/Game/ColorTiming/Art/Image/Hero/Sequence/Zhadan/gongji/投掷动作（红）_0000.png
67cc014216a62e34ea3a23719da873dd,Assets/Art/Image/Scene/B1/a6/dj/a6草待机_061.png,Assets/Game/ColorTiming/Art/Image/Scene/B1/a6/dj/a6草待机_061.png
67e62d4f393b08f4081b10a64f0b9ba1,Assets/Art/Image/Hero/Sequence/feiji/skill/绿色飞机（空中）_0001.png,Assets/Game/ColorTiming/Art/Image/Hero/Sequence/feiji/skill/绿色飞机（空中）_0001.png
6819e98b066058d4490ff7e966a49d40,Assets/Art/Image/Hero/Sequence/Chuizi/yidong/紫色锤子移动_0002.png,Assets/Game/ColorTiming/Art/Image/Hero/Sequence/Chuizi/yidong/紫色锤子移动_0002.png
683a416262c509348a3e1015ec249d5f,Assets/Art/Image/Hero/Sequence/futou/gongji/chen/橙色斧头蓄力（移动）_0002.png,Assets/Game/ColorTiming/Art/Image/Hero/Sequence/futou/gongji/chen/橙色斧头蓄力（移动）_0002.png
68403e03ba0d7984aae1a3dfb79bc7f1,Assets/Art/Image/Scene/B1/a1/a1待_54.png,Assets/Game/ColorTiming/Art/Image/Scene/B1/a1/a1待_54.png
6847422bd77ce274ba7c4580af9b30b1,Assets/Art/Image/Scene/B1/a6/dj/a6草待机_110.png,Assets/Game/ColorTiming/Art/Image/Scene/B1/a6/dj/a6草待机_110.png
68588e701b08d8646832fea6454c67fc,Assets/Art/Image/Scene/B1/a4/dj/skeleton-animation_100.png,Assets/Game/ColorTiming/Art/Image/Scene/B1/a4/dj/skeleton-animation_100.png
686456cc6899825459468e0677013f52,Assets/Scenes/Boss2.unity,Assets/Game/Scene/Boss2.unity
6870d3da6dc1e164985da12024617345,Assets/Art/Image/Scene/B1/a6/dj/a6草待机_033.png,Assets/Game/ColorTiming/Art/Image/Scene/B1/a6/dj/a6草待机_033.png
68765d262e2128e4ab49c983f3411946,Assets/Plugins/Spine/Runtime/spine-unity.asmdef,Assets/Plugins/Spine/Runtime/spine-unity.asmdef
687d9be457ea4eb44bf09c35c95ee5cd,Assets/Plugins/Spine/Editor/spine-unity/Editor/Windows/SkeletonBaker.cs,Assets/Plugins/Spine/Editor/spine-unity/Editor/Windows/SkeletonBaker.cs
68a801f1217e44a46abac8f95906f4fd,Assets/Game/Scripts/WeaponControSystem_2.cs,Assets/Game/Scripts/ColorTiming/Legacy/WeaponControSystem_2.cs
68b89e767f571eb49b94b103820cc243,Assets/Art/Image/Scene/B1/a4/c/a4草动_01.png,Assets/Game/ColorTiming/Art/Image/Scene/B1/a4/c/a4草动_01.png
68bc428160e98d64598c2ddb4cdae31d,Assets/Art/Image/Hero/Sequence/Chuizi/Gongji/Hong/移动蓄力（红）_0010.png,Assets/Game/ColorTiming/Art/Image/Hero/Sequence/Chuizi/Gongji/Hong/移动蓄力（红）_0010.png
68bd462e5e6971e4bbe8d76f9c8de79d,Assets/Art/Image/Hero/Sequence/futou/gongji/chen/橙色斧头蓄力（移动）_0001.png,Assets/Game/ColorTiming/Art/Image/Hero/Sequence/futou/gongji/chen/橙色斧头蓄力（移动）_0001.png
68cc9e79e3a53ac469d98e9bfc22c893,Assets/Art/Image/Hero/Sequence/Chuizi/Gongji/Lv/原地蓄力（绿）_0007.png,Assets/Game/ColorTiming/Art/Image/Hero/Sequence/Chuizi/Gongji/Lv/原地蓄力（绿）_0007.png
68defdbc95b30a74a9ad396bfc9a2277,Assets/Plugins/Spine/Editor/spine-unity/Editor/GUI/SkeletonDataAsset Icon.png,Assets/Plugins/Spine/Editor/spine-unity/Editor/GUI/SkeletonDataAsset Icon.png
690bf0c21e7b2c24d9755897278c96f0,Assets/Art/Image/Hero/Sequence/Chuizi/Daiji/红色锤子待机_0009.png,Assets/Game/ColorTiming/Art/Image/Hero/Sequence/Chuizi/Daiji/红色锤子待机_0009.png
6933a95c62d96464d87988223776549c,Assets/Art/Image/UI_ESC/返回上一关（按下）.png,Assets/Game/ColorTiming/Art/Image/UI_ESC/返回上一关（按下）.png
693db2332fb1c7b4495ab8ba2dd305c0,Assets/Art/Image/Hero/Sequence/Yidong/紫色移动_0004.png,Assets/Game/ColorTiming/Art/Image/Hero/Sequence/Yidong/紫色移动_0004.png
69574b6459d11aa469ecf1dda04edeab,Assets/Art/Image/Scene/B1/a2/c/a2草动_14.png,Assets/Game/ColorTiming/Art/Image/Scene/B1/a2/c/a2草动_14.png
6974c4b5c87687140a2417201ea43066,Assets/Plugins/Spine/Runtime/spine-csharp/Slot.cs,Assets/Plugins/Spine/Runtime/spine-csharp/Slot.cs
697ca3a224a457e4ead540a4fc7e129a,Assets/Art/Image/Hero/Sequence/Dao/daiji/橙色刀待机_0008.png,Assets/Game/ColorTiming/Art/Image/Hero/Sequence/Dao/daiji/橙色刀待机_0008.png
698a4d3583e64954996f716a0f68699f,Assets/Art/Image/Hero/Sequence/Chuizi/Gongji/Hong/原地蓄力（红）_0002.png,Assets/Game/ColorTiming/Art/Image/Hero/Sequence/Chuizi/Gongji/Hong/原地蓄力（红）_0002.png
69a5a229056bbee4d8d747d346994f17,Assets/Art/Image/Scene/B1/a6/dj/a6草待机_060.png,Assets/Game/ColorTiming/Art/Image/Scene/B1/a6/dj/a6草待机_060.png
69d3ae2f469914f4ab8f1376070a7c60,Assets/Art/Image/Scene/B1/a2/dj/a2草待机_14.png,Assets/Game/ColorTiming/Art/Image/Scene/B1/a2/dj/a2草待机_14.png
69d9ae99fff159f43985964bb3aa9ac0,Assets/Art/Image/Hero/Sequence/Dao/gongji/紫色刀攻击_0013.png,Assets/Game/ColorTiming/Art/Image/Hero/Sequence/Dao/gongji/紫色刀攻击_0013.png
69e84e06df218554390a93afcab63409,Assets/Art/Image/Scene/B1/a4/dj/skeleton-animation_106.png,Assets/Game/ColorTiming/Art/Image/Scene/B1/a4/dj/skeleton-animation_106.png
69ed452999f79d04f919207c35c79c60,Assets/Art/Image/Hero/Sequence/futou/gongji/hong/红色斧头蓄力（移动）_0005.png,Assets/Game/ColorTiming/Art/Image/Hero/Sequence/futou/gongji/hong/红色斧头蓄力（移动）_0005.png
69f5be3f196def547a8d7905fbf5eeb3,Assets/Art/Image/Boss2/di/skeleton.json,Assets/Game/ColorTiming/Art/Image/Boss2/di/skeleton.json
6a0a7cdc5fff64245aa26942d8ea3722,Assets/Art/Image/Hero/Sequence/Chuizi/Daiji/红色锤子待机_0003.png,Assets/Game/ColorTiming/Art/Image/Hero/Sequence/Chuizi/Daiji/红色锤子待机_0003.png
6a1136a19b42d9343bbb740327f03976,Assets/Art/Image/Hero/Sequence/futou/gongji/hong/红色斧头攻击_0008.png,Assets/Game/ColorTiming/Art/Image/Hero/Sequence/futou/gongji/hong/红色斧头攻击_0008.png
6a13f79cd98456f42be2df24ce5108cb,Assets/Art/Image/ui/p3.png,Assets/Game/ColorTiming/Art/Image/ui/p3.png
6a2f5d2ff7662904799fd502a91df678,Assets/Art/Image/Hero/Sequence/Yidong/Beimian/移动（背面）_0003.png,Assets/Game/ColorTiming/Art/Image/Hero/Sequence/Yidong/Beimian/移动（背面）_0003.png
6a55f8c2824b525449bfcf87cb480cb2,Assets/Art/Image/Hero/Sequence/feiji/gongji/绿色飞机投掷_0011.png,Assets/Game/ColorTiming/Art/Image/Hero/Sequence/feiji/gongji/绿色飞机投掷_0011.png
6a5a7f487dde2204693d0a7428a46feb,Assets/Art/Image/Hero/Sequence/feiji/gongji/红色飞机投掷_0002.png,Assets/Game/ColorTiming/Art/Image/Hero/Sequence/feiji/gongji/红色飞机投掷_0002.png
6a5b60916f9440547bc5a5106f182574,Assets/Art/Image/Scene/B1/a4/c/a4草动_15.png,Assets/Game/ColorTiming/Art/Image/Scene/B1/a4/c/a4草动_15.png
6a704112668357a4788c3024741f369f,Assets/Art/Image/Scene/B1/a5/c/a5草动_34.png,Assets/Game/ColorTiming/Art/Image/Scene/B1/a5/c/a5草动_34.png
6a7bd28c2cf2e41499693d9f8f9e2e1a,Assets/Plugins/Spine/Runtime/spine-unity/Shaders/Outline/BlendModes,Assets/Plugins/Spine/Runtime/spine-unity/Shaders/Outline/BlendModes
6a7e09b0fd88e6b4198646800559dc7c,Assets/Art/Image/Scene/B1/a4/c/a4草动_06.png,Assets/Game/ColorTiming/Art/Image/Scene/B1/a4/c/a4草动_06.png
6a7e2eda6af7b06438b2276436775c0f,Assets/Art/Image/Scene/B1/a4/dj/skeleton-animation_117.png,Assets/Game/ColorTiming/Art/Image/Scene/B1/a4/dj/skeleton-animation_117.png
6a87b0a44f570894296c3b48bb3c8603,Assets/Art/Image/Scene/B1/a6/dj/a6草待机_114.png,Assets/Game/ColorTiming/Art/Image/Scene/B1/a6/dj/a6草待机_114.png
6a8daba74c7d2ef408c5113974c81c61,Assets/Art/Image/Boss2/Skill,Assets/Game/ColorTiming/Art/Image/Boss2/Skill
6a9ca5213a3a4614c9a9f2e60909bc33,Assets/Plugins/Spine/Editor/spine-unity/Editor/Components/SkeletonMecanimInspector.cs,Assets/Plugins/Spine/Editor/spine-unity/Editor/Components/SkeletonMecanimInspector.cs
6ab3a99c5da3a6c4cbf14a6d3025c98f,Assets/Art/Image/Scene/B1/a1/a1待_31.png,Assets/Game/ColorTiming/Art/Image/Scene/B1/a1/a1待_31.png
6ac2ad7c64de2774793dfe11c1686102,Assets/Art/Image/Hero/Sequence/Zhadan/daiji/绿色炸弹待机_0003.png,Assets/Game/ColorTiming/Art/Image/Hero/Sequence/Zhadan/daiji/绿色炸弹待机_0003.png
6aeae2ba35cd1514ba3f6ea6fe3255af,Assets/Art/Image/Hero/Sequence/Dao/yidong/绿色刀移动_0005.png,Assets/Game/ColorTiming/Art/Image/Hero/Sequence/Dao/yidong/绿色刀移动_0005.png
6af20d6d3eff2cc43b86bcfbf4e650cc,Assets/Art/Image/Hero/Sequence/Dao/yidong/红色刀移动_0002.png,Assets/Game/ColorTiming/Art/Image/Hero/Sequence/Dao/yidong/红色刀移动_0002.png
6af2ea3a481fde04fb00e07188e63a12,Assets/Art/Image/Hero/Sequence/Yidong/move_ Lv.anim,Assets/Game/ColorTiming/Art/Image/Hero/Sequence/Yidong/move_ Lv.anim
6b02f05333d6f0449842fb8d7f716725,Assets/Art/Image/Boss/Skill5/尖刺特效_28.png,Assets/Game/ColorTiming/Art/Image/Boss/Skill5/尖刺特效_28.png
6b1d0cf1ff4b3b345a25010ab5773531,Assets/Art/Image/Hero/Sequence/Siwang/sc/死亡动画背景_0045.png,Assets/Game/ColorTiming/Art/Image/Hero/Sequence/Siwang/sc/死亡动画背景_0045.png
6b1feebb12378b34c9af3234d15ca142,Assets/Art/Image/Scene/B1/a3/c/a3草动_52.png,Assets/Game/ColorTiming/Art/Image/Scene/B1/a3/c/a3草动_52.png
6b3a060d6486edc438be7aea10f5f360,Assets/Art/Image/Hero/Sequence/Dao/daiji/紫色刀待机_0004.png,Assets/Game/ColorTiming/Art/Image/Hero/Sequence/Dao/daiji/紫色刀待机_0004.png
6b4c6bb45ae023a469e80a2813d1a4c4,Assets/Art/Image/Scene/B1/jianci/b4.png,Assets/Game/ColorTiming/Art/Image/Scene/B1/jianci/b4.png
6b5910e1334a127459a32acac3f36db4,Assets/Art/Image/Hero/Sequence/futou/gongji/hong/红色斧头蓄力（原地）_0009.png,Assets/Game/ColorTiming/Art/Image/Hero/Sequence/futou/gongji/hong/红色斧头蓄力（原地）_0009.png
6b83e5ae3638ced4c87767601aa052dc,Assets/Art/Image/Hero/Sequence/feiji/skill/橙色飞机（空中）_0000.png,Assets/Game/ColorTiming/Art/Image/Hero/Sequence/feiji/skill/橙色飞机（空中）_0000.png
6b8c4c130e66de64281b3d0d4a0b8e86,Assets/Art/Image/Hero/Sequence/futou/gongji/lv/绿色斧头蓄力（移动）_0012.png,Assets/Game/ColorTiming/Art/Image/Hero/Sequence/futou/gongji/lv/绿色斧头蓄力（移动）_0012.png
6b8d19f63315f014ea4e79dfdf9ce6e8,Assets/Art/Image/Boss/Skill5/尖刺特效_03.png,Assets/Game/ColorTiming/Art/Image/Boss/Skill5/尖刺特效_03.png
6b9b8d4f15780a94dbfc06fb429ad504,Assets/Art/Image/Hero/Sequence/futou/gongji/hong/红色斧头蓄力（原地）_0007.png,Assets/Game/ColorTiming/Art/Image/Hero/Sequence/futou/gongji/hong/红色斧头蓄力（原地）_0007.png
6ba76f75f009f7e4997ba4a653c26385,Assets/Art/Image/Scene/B1/a3/dj/a3草待机_006.png,Assets/Game/ColorTiming/Art/Image/Scene/B1/a3/dj/a3草待机_006.png
6bcc40482d5a6324683d634a014978af,Assets/Art/Image/Hero/Sequence/jiandao/gongji/紫色剪刀攻击_0020.png,Assets/Game/ColorTiming/Art/Image/Hero/Sequence/jiandao/gongji/紫色剪刀攻击_0020.png
6bd4c37dbcd87f44ebf8628dbc4f868b,Assets/Art/Image/Scene/B1/a5/c/a5草动_70.png,Assets/Game/ColorTiming/Art/Image/Scene/B1/a5/c/a5草动_70.png
6bd72e3f0dd43f04b8ebb4cecad6b72e,Assets/Art/Image/Scene/B1/a4/dj/skeleton-animation_113.png,Assets/Game/ColorTiming/Art/Image/Scene/B1/a4/dj/skeleton-animation_113.png
6be156a4d519b17489d601490a86f2a1,Assets/Art/Image/Scene/B1/a5/dj/skeleton-animation_014.png,Assets/Game/ColorTiming/Art/Image/Scene/B1/a5/dj/skeleton-animation_014.png
6be526629f4a68d46acf969609cedf2a,Assets/Art/Image/Hero/Sequence/feiji/daiji/紫色飞机待机_0002.png,Assets/Game/ColorTiming/Art/Image/Hero/Sequence/feiji/daiji/紫色飞机待机_0002.png
6be83e208e7fc1e469d68ca70d46db06,Assets/Art/Image/Hero/Sequence/Zhadan/skill/爆炸特效（绿）_0011.png,Assets/Game/ColorTiming/Art/Image/Hero/Sequence/Zhadan/skill/爆炸特效（绿）_0011.png
6c018d496f4930147a44e0ad6e57d70d,Assets/Art/Image/Scene/B1/a6/c/a6草动_14.png,Assets/Game/ColorTiming/Art/Image/Scene/B1/a6/c/a6草动_14.png
6c11858ffd2842c409358dd0754c9f17,Assets/Art/Image/Scene/B1/a5/c/a5草动_10.png,Assets/Game/ColorTiming/Art/Image/Scene/B1/a5/c/a5草动_10.png
6c1a45b3c784073419ac55de05c0500c,Assets/Art/Image/Hero/Sequence/futou/gongji/lv/xuliw_yu_f_lv.anim,Assets/Game/ColorTiming/Art/Image/Hero/Sequence/futou/gongji/lv/xuliw_yu_f_lv.anim
6c2d966b45e061b42b781b5bdb094ddb,Assets/Art/Image/Hero/Sequence/Dao/daiji/紫色刀待机_0008.png,Assets/Game/ColorTiming/Art/Image/Hero/Sequence/Dao/daiji/紫色刀待机_0008.png
6c4ab7992894bdb44a480981b1953f76,Assets/Plugins/Spine/Runtime/spine-csharp/SkeletonJson.cs,Assets/Plugins/Spine/Runtime/spine-csharp/SkeletonJson.cs
6c7656a06639fc84c8410787354e9d45,Assets/Art/Image/Hero/Sequence/Yidong/紫色移动_0003.png,Assets/Game/ColorTiming/Art/Image/Hero/Sequence/Yidong/紫色移动_0003.png
6c8717e10b272bf42b05d363ac2679a6,Assets/Plugins/Spine/Runtime/spine-unity/Components/SkeletonRendererCustomMaterials/SkeletonGraphicCustomMaterials.cs,Assets/Plugins/Spine/Runtime/spine-unity/Components/SkeletonRendererCustomMaterials/SkeletonGraphicCustomMaterials.cs
6ca1d70c201563d40a5accfbc86486b0,Assets/Art/Image/Hero/Sequence/futou/gongji/zhi/紫色斧头蓄力（移动）_0005.png,Assets/Game/ColorTiming/Art/Image/Hero/Sequence/futou/gongji/zhi/紫色斧头蓄力（移动）_0005.png
6ca20da8891ea07489029069489eff62,Assets/Art/Image/Scene/B1/a1/a1待_06.png,Assets/Game/ColorTiming/Art/Image/Scene/B1/a1/a1待_06.png
6cb17b55c181c9e4b81ca72d2e979349,Assets/Art/Image/Scene/B1/a2/c/a2草动_29.png,Assets/Game/ColorTiming/Art/Image/Scene/B1/a2/c/a2草动_29.png
6cd50646639f87d44af3a1196efbb01c,Assets/Art/Image/Hero/Sequence/Zhadan/daiji/紫色炸弹待机_0009.png,Assets/Game/ColorTiming/Art/Image/Hero/Sequence/Zhadan/daiji/紫色炸弹待机_0009.png
6cde832851da5464689b0a3f2e486771,Assets/Game/Scripts,Assets/Game/Scripts/ColorTiming/Legacy
6ce6725b88a0e014bb4e5e8d87260191,Assets/Art/Image/Hero/Sequence/Chuizi/Daiji/紫色锤子待机_0001.png,Assets/Game/ColorTiming/Art/Image/Hero/Sequence/Chuizi/Daiji/紫色锤子待机_0001.png
6ce75c7bc2237aa4993e672f1a15ee63,Assets/Art/Image/UI_ESC,Assets/Game/ColorTiming/Art/Image/UI_ESC
6cebe4f711dfb214486aa73728319e5a,Assets/Art/Image/Scene/B1/a2/c/a2草动_31.png,Assets/Game/ColorTiming/Art/Image/Scene/B1/a2/c/a2草动_31.png
6d07763f6326f5048b66ec56306f8c38,Assets/Game/Scripts/Skill/Skill_Bo1_Atk5_b.cs,Assets/Game/Scripts/ColorTiming/Legacy/Skill/Skill_Bo1_Atk5_b.cs
6d206a4733e580348a107f7421f992d4,Assets/Art/Image/Scene/B1/a3/dj/a3草待机_064.png,Assets/Game/ColorTiming/Art/Image/Scene/B1/a3/dj/a3草待机_064.png
6d25f129fe34acc428c6db6398996d71,Assets/Art/Image/Hero/Sequence/Chuizi/Gongji/Lv/移动蓄力（绿）_0002.png,Assets/Game/ColorTiming/Art/Image/Hero/Sequence/Chuizi/Gongji/Lv/移动蓄力（绿）_0002.png
6d446a628afe98f4e80c0ef9363a9fce,Assets/Art/Image/Hero/Sequence/Dao/yidong/紫色刀移动_0002.png,Assets/Game/ColorTiming/Art/Image/Hero/Sequence/Dao/yidong/紫色刀移动_0002.png
6d78e2ea942a5e14c8fa755ea6b7d2b5,Assets/Art/Image/Hero/Sequence/futou/gongji/lv/绿色斧头蓄力（原地）_0016.png,Assets/Game/ColorTiming/Art/Image/Hero/Sequence/futou/gongji/lv/绿色斧头蓄力（原地）_0016.png
6d80c945a2e3436459a97b7a9a16ef46,Assets/Plugins/Spine/Editor/spine-unity/Editor/Utility/Preferences.cs,Assets/Plugins/Spine/Editor/spine-unity/Editor/Utility/Preferences.cs
6d8594390258d1041a1a43cfeb92d18e,Assets/Art/Image/Hero/Sequence/futou/gongji/lv/绿色斧头蓄力（原地）_0010.png,Assets/Game/ColorTiming/Art/Image/Hero/Sequence/futou/gongji/lv/绿色斧头蓄力（原地）_0010.png
6d96bedf05ed5f64fa3827caeb87e4c3,Assets/Art/Image/Hero/Sequence/futou/gongji/lv/绿色斧头蓄力（移动）_0001.png,Assets/Game/ColorTiming/Art/Image/Hero/Sequence/futou/gongji/lv/绿色斧头蓄力（移动）_0001.png
6d99638e47866494cae9eeadc4ec2070,Assets/Art/Image/Hero/Sequence/Yidong,Assets/Game/ColorTiming/Art/Image/Hero/Sequence/Yidong
6db620af97e73ee4d8d2b78282579885,Assets/Art/Image/Hero/Sequence/jiandao/gongji/红色剪刀攻击_0006.png,Assets/Game/ColorTiming/Art/Image/Hero/Sequence/jiandao/gongji/红色剪刀攻击_0006.png
6dd998712abd3a444982d91e2acc09b0,Assets/Art/Image/Hero/Sequence/Chuizi/yidong/红色锤子移动_0001.png,Assets/Game/ColorTiming/Art/Image/Hero/Sequence/Chuizi/yidong/红色锤子移动_0001.png
6df21c29f69bf464bae98cc47387d6c7,Assets/Art/Image/Scene/B1/a6/c/a6草动_31.png,Assets/Game/ColorTiming/Art/Image/Scene/B1/a6/c/a6草动_31.png
6e192964da3861442ba350b80366621f,Assets/Art/Image/Hero/Sequence/Zhadan/skill/爆炸特效（红）_0011.png,Assets/Game/ColorTiming/Art/Image/Hero/Sequence/Zhadan/skill/爆炸特效（红）_0011.png
6e39d377b0d90d544b98d75293f4e9ba,Assets/Art/Image/Scene/B1/a3/dj/a3草待机_078.png,Assets/Game/ColorTiming/Art/Image/Scene/B1/a3/dj/a3草待机_078.png
6e3e95a05e4c9774397eeeb7bdee8ccb,Assets/Plugins/Spine/Runtime/spine-unity/Asset Types/AnimationReferenceAsset.cs,Assets/Plugins/Spine/Runtime/spine-unity/Asset Types/AnimationReferenceAsset.cs
6e75b6a1d3bb3fc48b282ead24d376d1,Assets/Art/Image/Hero/Sequence/Siwang/被击杀后_0024.png,Assets/Game/ColorTiming/Art/Image/Hero/Sequence/Siwang/被击杀后_0024.png
6e7962a7d251b23468f7e75281ae9bbe,Assets/Art/Image/Hero/Sequence/Dao/yidong/紫色刀移动_0000.png,Assets/Game/ColorTiming/Art/Image/Hero/Sequence/Dao/yidong/紫色刀移动_0000.png
6e7ace2202155054c974a2a93a8d59cb,Assets/Art/Image/Weapon/Tip2/提示圈-第二章_0035.png,Assets/Game/ColorTiming/Art/Image/Weapon/Tip2/提示圈-第二章_0035.png
6e8ed065898e65f4d9303492725fb912,Assets/Plugins/Spine/Runtime/spine-unity/Shaders/Outline/SkeletonGraphic,Assets/Plugins/Spine/Runtime/spine-unity/Shaders/Outline/SkeletonGraphic
6e9398c5cce8f974db2ca17c59866891,Assets/Game/Scripts/Boss1_Controller.cs,Assets/Game/Scripts/ColorTiming/Legacy/Boss1_Controller.cs
6eb08116557e97d4da166aa496f2a656,Assets/Art/Image/Weapon/锤3亮.png,Assets/Game/ColorTiming/Art/Image/Weapon/锤3亮.png
6eb27ccabdada0b429fec82ddc185dc4,Assets/Art/Image/Hero/Sequence/Zhadan/skill/爆炸特效（绿）_0013.png,Assets/Game/ColorTiming/Art/Image/Hero/Sequence/Zhadan/skill/爆炸特效（绿）_0013.png
6eb59558c7cdd1049a9914216db5382f,Assets/Art/Image/Hero/Sequence/Siwang/被击杀后_0020.png,Assets/Game/ColorTiming/Art/Image/Hero/Sequence/Siwang/被击杀后_0020.png
6ebda736d5351c944b2ca2e298d19a8c,Assets/Art/Image/Hero/Sequence/futou/gongji/zhi/xuliw_yu_f_zhi.anim,Assets/Game/ColorTiming/Art/Image/Hero/Sequence/futou/gongji/zhi/xuliw_yu_f_zhi.anim
6ec600bd223caaf43b5998c2f296a501,Assets/Art/Image/Scene/B1/a3/dj/a3草待机_077.png,Assets/Game/ColorTiming/Art/Image/Scene/B1/a3/dj/a3草待机_077.png
6edd013bc65a36944a19fa8b265be8d9,Assets/Art/Image/Hero/Sequence/Dao,Assets/Game/ColorTiming/Art/Image/Hero/Sequence/Dao
6ee6f37042ba969429322d4169d081d9,Assets/Art/Image/Hero/Sequence/Chuizi/Gongji/Zi/移动蓄力（紫）_0006.png,Assets/Game/ColorTiming/Art/Image/Hero/Sequence/Chuizi/Gongji/Zi/移动蓄力（紫）_0006.png
6eedfdf55c8fe124ea0b7dc6d02bb101,Assets/Art/Image/Hero/Sequence/futou/gongji/zhi/紫色斧头蓄力（移动）_0000.png,Assets/Game/ColorTiming/Art/Image/Hero/Sequence/futou/gongji/zhi/紫色斧头蓄力（移动）_0000.png
6ef18574d7195c14dacd31301610b5ed,Assets/Art/Image/Weapon/Tip1/提示圈-第一章_0011.png,Assets/Game/ColorTiming/Art/Image/Weapon/Tip1/提示圈-第一章_0011.png
6efb2bbac2584f94d815387a2ec0e04b,Assets/Art/Image/Scene/B1/a6/dj/a6草待机_034.png,Assets/Game/ColorTiming/Art/Image/Scene/B1/a6/dj/a6草待机_034.png
6efd319fd5fc88f44855b93492458848,Assets/Art/Image/Scene/B1/a5/dj/skeleton-animation_093.png,Assets/Game/ColorTiming/Art/Image/Scene/B1/a5/dj/skeleton-animation_093.png
6f043e63995efc54e8dd9bc1eeb472c2,Assets/Art/Image/Hero/Sequence/Chongci/冲刺_0000.png,Assets/Game/ColorTiming/Art/Image/Hero/Sequence/Chongci/冲刺_0000.png
6f0f008c3a6b0974b88c2da807dfd0f6,Assets/Art/Image/Hero/Sequence/Gongji/HitFX_Nor.anim,Assets/Game/ColorTiming/Art/Image/Hero/Sequence/Gongji/HitFX_Nor.anim
6f14720de29bf684e8c3925df3480860,Assets/Art/Image/Scene/B1/a3/dj/a3草待机_125.png,Assets/Game/ColorTiming/Art/Image/Scene/B1/a3/dj/a3草待机_125.png
6f16509d05c8a0549b0d0a2dbde35167,Assets/Art/Image/Hero/Sequence/futou/daiji/橙色斧头待机_0010.png,Assets/Game/ColorTiming/Art/Image/Hero/Sequence/futou/daiji/橙色斧头待机_0010.png
6f1e64007f5f707419f7d7409718950f,Assets/Art/Image/Scene/B1/a4/dj/skeleton-animation_077.png,Assets/Game/ColorTiming/Art/Image/Scene/B1/a4/dj/skeleton-animation_077.png
6f20f8da6ddc6a04893a43a0270b0993,Assets/Art/Image/Hero/Sequence/Chuizi/Gongji/Zi/移动蓄力（紫）_0013.png,Assets/Game/ColorTiming/Art/Image/Hero/Sequence/Chuizi/Gongji/Zi/移动蓄力（紫）_0013.png
6f2a0282ac8444647b56035c197d429b,Assets/Art/Image/Hero/Sequence/Zhadan/skill/爆炸特效（绿）_0004.png,Assets/Game/ColorTiming/Art/Image/Hero/Sequence/Zhadan/skill/爆炸特效（绿）_0004.png
6f2ac2f264aac98418490ad745659283,Assets/Art/Image/Hero/Sequence/Yidong/Beimian/紫色移动（背面）_0002.png,Assets/Game/ColorTiming/Art/Image/Hero/Sequence/Yidong/Beimian/紫色移动（背面）_0002.png
6f2dbf6c4dad098478f9575c8b7702a8,Assets/Art/Image/Hero/Sequence/futou/yidong/yidong_futou_zi.anim,Assets/Game/ColorTiming/Art/Image/Hero/Sequence/futou/yidong/yidong_futou_zi.anim
6f3319d56e623764c9bd66a1a2b521a0,Assets/Art/Image/Scene/B1/a6/dj/a6草待机_022.png,Assets/Game/ColorTiming/Art/Image/Scene/B1/a6/dj/a6草待机_022.png
6f58ea6d634cf6a4ab80782e7061391d,Assets/Art/Image/Scene/B1/a4/dj/skeleton-animation_013.png,Assets/Game/ColorTiming/Art/Image/Scene/B1/a4/dj/skeleton-animation_013.png
6f7a5a97a82637f478494bc40ea8c8a2,Assets/Plugins/Spine/Runtime/spine-unity/Shaders/Sprite/SpritesPixelLit.shader,Assets/Plugins/Spine/Runtime/spine-unity/Shaders/Sprite/SpritesPixelLit.shader
6f7c7638c7abe214c8a3b2bd6d64882a,Assets/Art/Image/Scene/B1/a1/a1待_38.png,Assets/Game/ColorTiming/Art/Image/Scene/B1/a1/a1待_38.png
6f9b8fc8baa61b24692331bec1141868,Assets/Art/Image/Hero/Sequence/Chuizi/Gongji/Zi/攻击动作（紫）_0004.png,Assets/Game/ColorTiming/Art/Image/Hero/Sequence/Chuizi/Gongji/Zi/攻击动作（紫）_0004.png
6f9dbc75ac79bea45896db95cc50c621,Assets/Art/Image/Hero/Sequence/Chuizi/Gongji/Hong/移动蓄力完成（红）_0001.png,Assets/Game/ColorTiming/Art/Image/Hero/Sequence/Chuizi/Gongji/Hong/移动蓄力完成（红）_0001.png
6fb54df3e2785a6438cae05797cb1a81,Assets/Art/Image/Hero/Sequence/Dao/daiji/红色刀待机_0009.png,Assets/Game/ColorTiming/Art/Image/Hero/Sequence/Dao/daiji/红色刀待机_0009.png
7015cb0286394a44d9fb15216c660ffc,Assets/Art/Image/Hero/Sequence/jiandao/yidong,Assets/Game/ColorTiming/Art/Image/Hero/Sequence/jiandao/yidong
702653f01fdf74f4296f3a41d89d1db5,Assets/Art/Image/Hero/Sequence/Zhadan/yidong/yidong_zhadan_lv.anim,Assets/Game/ColorTiming/Art/Image/Hero/Sequence/Zhadan/yidong/yidong_zhadan_lv.anim
702dfa08babde9c45852744caadc5d52,Assets/Art/Image/Scene/B1/a1/a1待_89.png,Assets/Game/ColorTiming/Art/Image/Scene/B1/a1/a1待_89.png
702e9ce2d8d062042864628ee3af8b7f,Assets/Art/Image/Hero/Sequence/futou/gongji/lv/绿色斧头攻击_0007.png,Assets/Game/ColorTiming/Art/Image/Hero/Sequence/futou/gongji/lv/绿色斧头攻击_0007.png
703ca70c67139d6428754bf3f7863b77,Assets/Art/Image/Hero/Sequence/jiandao/gongji/Skill/剪刀命中特效1_0003.png,Assets/Game/ColorTiming/Art/Image/Hero/Sequence/jiandao/gongji/Skill/剪刀命中特效1_0003.png
7054e2a378f4f0b4c9059e27cd9eca6c,Assets/Art/Image/Scene/B1/a3/dj/a3草待机_111.png,Assets/Game/ColorTiming/Art/Image/Scene/B1/a3/dj/a3草待机_111.png
7093e73ff3cf6c543ac5865980070b49,Assets/Plugins/Spine/Editor/spine-unity/Editor/Windows/SkeletonDebugWindow.cs,Assets/Plugins/Spine/Editor/spine-unity/Editor/Windows/SkeletonDebugWindow.cs
709bfbbfc570f4640973fed8f512a990,Assets/Art/Image/Scene/B1/a3/dj/a3草待机_119.png,Assets/Game/ColorTiming/Art/Image/Scene/B1/a3/dj/a3草待机_119.png
70a95fd2effc78149ade0a1a08a72e91,Assets/Art/Image/Hero/Sequence/Chuizi/Gongji/Lv/原地蓄力完成（绿）_0001.png,Assets/Game/ColorTiming/Art/Image/Hero/Sequence/Chuizi/Gongji/Lv/原地蓄力完成（绿）_0001.png
70ac3bb4065482a489fa7982401e0838,Assets/Art/Image/Scene/B1/a3/dj/a3草待机_001.png,Assets/Game/ColorTiming/Art/Image/Scene/B1/a3/dj/a3草待机_001.png
70ae96e4f2feb654681a2f16e4effeec,Assets/Plugins/Spine/Runtime/spine-unity/Components/SkeletonUtility/ActivateBasedOnFlipDirection.cs,Assets/Plugins/Spine/Runtime/spine-unity/Components/SkeletonUtility/ActivateBasedOnFlipDirection.cs
70c77c02aabd5e44f94aab48dd0be7b2,Assets/Plugins/Spine/Runtime/spine-unity/Shaders/CGIncludes/Spine-Skeleton-Lit-Common.cginc,Assets/Plugins/Spine/Runtime/spine-unity/Shaders/CGIncludes/Spine-Skeleton-Lit-Common.cginc
70df2330edf5cc646998d6609fc59d80,Assets/Art/Image/Hero/Sequence/Chuizi/Gongji/Lv/移动蓄力（绿）_0003.png,Assets/Game/ColorTiming/Art/Image/Hero/Sequence/Chuizi/Gongji/Lv/移动蓄力（绿）_0003.png
70e76b9626386184aadba92b56a4e856,Assets/Art/Image/UI_Set/关闭音效（悬停）.png,Assets/Game/ColorTiming/Art/Image/UI_Set/关闭音效（悬停）.png
70f25fadb7a86494fb21f527afe0d6f5,Assets/Art/Image/Hero/Sequence/jiandao/gongji/Skill/HitFX_jd_ 2.controller,Assets/Game/ColorTiming/Art/Image/Hero/Sequence/jiandao/gongji/Skill/HitFX_jd_ 2.controller
710fd7048c85bf743990ae017a7c2545,Assets/Art/Image/Hero/Sequence/Chuizi/Gongji/Hong/移动蓄力（红）_0005.png,Assets/Game/ColorTiming/Art/Image/Hero/Sequence/Chuizi/Gongji/Hong/移动蓄力（红）_0005.png
71260808b76cd0b4d926f12361ef5eae,Assets/Art/Image/Scene/B1/a5/dj/skeleton-animation_053.png,Assets/Game/ColorTiming/Art/Image/Scene/B1/a5/dj/skeleton-animation_053.png
7129c2d724c70db4b86615d93bb0d41e,Assets/Art/Image/Weapon/Tip1/提示圈-第一章_0013.png,Assets/Game/ColorTiming/Art/Image/Weapon/Tip1/提示圈-第一章_0013.png
713316a994c3aa94f86eacdafd72306e,Assets/Art/Vido,Assets/Game/ColorTiming/Art/Vido
714f5b360e397eb4e8bd4b2524800a5e,Assets/Art/Image/Hero/Sequence/Chuizi/Gongji/Hong/原地蓄力（红）_0009.png,Assets/Game/ColorTiming/Art/Image/Hero/Sequence/Chuizi/Gongji/Hong/原地蓄力（红）_0009.png
716e21f9728cb224ea20caf82dc1eaee,Assets/Art/Image/Scene/B1/a6/c/a6草动_43.png,Assets/Game/ColorTiming/Art/Image/Scene/B1/a6/c/a6草动_43.png
716ef5a1baa617f4db2ae7ed258190db,Assets/Art/Sound/paper_walk_002.WAV,Assets/Game/ColorTiming/Art/Sound/paper_walk_002.WAV
71763f5e0325ccd4bbcb6b052d51cb3a,Assets/Art/Image/Hero/Sequence/Zhadan/skill/zhadan_lv 1.anim,Assets/Game/ColorTiming/Art/Image/Hero/Sequence/Zhadan/skill/zhadan_lv 1.anim
7179a2c65b3676344bdd1392e7079c07,Assets/Art/Image/ui/紫色炸弹.png,Assets/Game/ColorTiming/Art/Image/ui/紫色炸弹.png
7189d7c7735cd014a929082a1cdc6fe3,Assets/Art/Image/Boss/Skill5/尖刺特效_46.png,Assets/Game/ColorTiming/Art/Image/Boss/Skill5/尖刺特效_46.png
71afe7d1d3ee1f841b0e9c53b9e654a1,Assets/Art/Image/Hero/Sequence/Siwang/sc/死亡动画背景_0044.png,Assets/Game/ColorTiming/Art/Image/Hero/Sequence/Siwang/sc/死亡动画背景_0044.png
71b9bb411afdbce4497be4fa9b4a31b9,Assets/Art/Image/Weapon/锤2.png,Assets/Game/ColorTiming/Art/Image/Weapon/锤2.png
71deb051c8a9468448da438f7eb51342,Assets/Art/Image/Hero/Sequence/feiji/yidong/红色飞机移动_0004.png,Assets/Game/ColorTiming/Art/Image/Hero/Sequence/feiji/yidong/红色飞机移动_0004.png
72034998c6880944590ba3056546cc55,Assets/Art/Image/Hero/Sequence/feiji/gongji/绿色飞机投掷_0000.png,Assets/Game/ColorTiming/Art/Image/Hero/Sequence/feiji/gongji/绿色飞机投掷_0000.png
722b608aaf7c6fb4fa193186991b4a1d,Assets/Art/Image/Hero/Sequence/Chuizi/Daiji/紫色锤子待机_0009.png,Assets/Game/ColorTiming/Art/Image/Hero/Sequence/Chuizi/Daiji/紫色锤子待机_0009.png
7240f20ddc527cc4ea494083561573a4,Assets/Art/Image/Hero/Sequence/feiji/gongji/橙色飞机投掷_0004.png,Assets/Game/ColorTiming/Art/Image/Hero/Sequence/feiji/gongji/橙色飞机投掷_0004.png
7288a62bffad37c4b8c66702eaab3379,Assets/Art/Image/Boss/Skill5/尖刺特效_45.png,Assets/Game/ColorTiming/Art/Image/Boss/Skill5/尖刺特效_45.png
728a065a093ddb946b202d681fc696b5,Assets/Art/Image/Scene/B1/a1/a1待_03.png,Assets/Game/ColorTiming/Art/Image/Scene/B1/a1/a1待_03.png
72b0a13b028d4e545945173659015788,Assets/Art/Image/Scene/B1/a3/dj/a3草待机_008.png,Assets/Game/ColorTiming/Art/Image/Scene/B1/a3/dj/a3草待机_008.png
72b6fc17895fffb4eb0f499e01177cf0,Assets/Art/Image/Hero/Sequence/Dao/daiji/橙色刀待机_0004.png,Assets/Game/ColorTiming/Art/Image/Hero/Sequence/Dao/daiji/橙色刀待机_0004.png
72cfeea0a32b865478155a01e157215b,Assets/Art/Image/Boss2/di/skeleton_Material.mat,Assets/Game/ColorTiming/Art/Image/Boss2/di/skeleton_Material.mat
72dc78dc8bb3c224fbde560b9c4b62fb,Assets/Art/Image/Hero/Sequence/feiji/gongji/紫色飞机投掷_0003.png,Assets/Game/ColorTiming/Art/Image/Hero/Sequence/feiji/gongji/紫色飞机投掷_0003.png
72fd3f5c5c41b424db8910ac0e3e9a36,Assets/Art/Image/Hero/Sequence/futou/gongji/lv/绿色斧头攻击_0016.png,Assets/Game/ColorTiming/Art/Image/Hero/Sequence/futou/gongji/lv/绿色斧头攻击_0016.png
731249e29c3613e489636b53567971df,Assets/Art/Image/Hero/Sequence/feiji/skill/红色飞机爆炸_0014.png,Assets/Game/ColorTiming/Art/Image/Hero/Sequence/feiji/skill/红色飞机爆炸_0014.png
731d05fbc2874c74984813ce4c5bb8df,Assets/Plugins/Spine/Runtime/spine-csharp/PathConstraint.cs,Assets/Plugins/Spine/Runtime/spine-csharp/PathConstraint.cs
7330e137c4350fa41a231d6878ce70af,Assets/Art/Image/Hero/Sequence/futou/gongji/hong/红色斧头蓄力完成（移动）_0002.png,Assets/Game/ColorTiming/Art/Image/Hero/Sequence/futou/gongji/hong/红色斧头蓄力完成（移动）_0002.png
73560a8f827524b4e9ac067d38a5b7d3,Assets/Art/Image/Scene/B1/a3/dj/a3草待机_062.png,Assets/Game/ColorTiming/Art/Image/Scene/B1/a3/dj/a3草待机_062.png
7365e2050a9dcc9488b460a060495769,Assets/Art/Image/Scene/B1/a2/c/a2草动_58.png,Assets/Game/ColorTiming/Art/Image/Scene/B1/a2/c/a2草动_58.png
7387e4fb2e265ac4f8ac7db585155f76,Assets/Art/Image/Scene/B1/a6/dj/a6草待机_086.png,Assets/Game/ColorTiming/Art/Image/Scene/B1/a6/dj/a6草待机_086.png
73b99a20f54c4ec4b9ee8fa14763d682,Assets/Art/Image/Hero/Sequence/feiji/daiji/绿色飞机待机_0001.png,Assets/Game/ColorTiming/Art/Image/Hero/Sequence/feiji/daiji/绿色飞机待机_0001.png
73c879858c16f9d40b751b09e21c8aa0,Assets/Art/Image/Hero/Sequence/Zhadan/daiji/绿色炸弹待机_0004.png,Assets/Game/ColorTiming/Art/Image/Hero/Sequence/Zhadan/daiji/绿色炸弹待机_0004.png
73d0f67157062764681a2a1605f78f1d,Assets/Art/Image/Boss/Skill5/尖刺特效_38.png,Assets/Game/ColorTiming/Art/Image/Boss/Skill5/尖刺特效_38.png
73d92f0d6e39a9042b11b07b663eab62,Assets/Art/Image/Hero/Sequence/futou/gongji/hong/红色斧头攻击_0010.png,Assets/Game/ColorTiming/Art/Image/Hero/Sequence/futou/gongji/hong/红色斧头攻击_0010.png
73eec47925988be46a9d10289a3dac80,Assets/Art/Image/Boss/tip/攻击1范围_0000.png,Assets/Game/ColorTiming/Art/Image/Boss/tip/攻击1范围_0000.png
73f0f46d3177c614baf0fa48d646a9be,Assets/Plugins/Spine/Runtime/spine-unity/SkeletonDataModifierAssets/BlendModeMaterials/SkeletonPMAScreen.mat,Assets/Plugins/Spine/Runtime/spine-unity/SkeletonDataModifierAssets/BlendModeMaterials/SkeletonPMAScreen.mat
73f3f048c1d8de8419404f5c190e0b92,Assets/Art/Image/Hero/Sequence/Yidong/绿色移动_0003.png,Assets/Game/ColorTiming/Art/Image/Hero/Sequence/Yidong/绿色移动_0003.png
741b0f5c99e986c478bda203beaea01d,Assets/Art/Image/ui/血条.png,Assets/Game/ColorTiming/Art/Image/ui/血条.png
744746b92ee0fc446bc9228b4efd8993,Assets/Art/Image/Hero/Sequence/Dao/gongji/gongji_dao_chen.anim,Assets/Game/ColorTiming/Art/Image/Hero/Sequence/Dao/gongji/gongji_dao_chen.anim
745f1bad658215b49a64fd47324e28c2,Assets/Art/Image/Hero/Sequence/Dao/gongji/绿色刀攻击_0010.png,Assets/Game/ColorTiming/Art/Image/Hero/Sequence/Dao/gongji/绿色刀攻击_0010.png
748954f54ab57304eb5fd2870c5f7db6,Assets/Art/Image/Hero/Sequence/Zhadan/daiji/红色炸弹待机_0001.png,Assets/Game/ColorTiming/Art/Image/Hero/Sequence/Zhadan/daiji/红色炸弹待机_0001.png
7489f2443eb87334bab5d9f2c682a525,Assets/Art/Image/Hero/Sequence/feiji/gongji/绿色飞机投掷_0014.png,Assets/Game/ColorTiming/Art/Image/Hero/Sequence/feiji/gongji/绿色飞机投掷_0014.png
748c14d9dd0a6fc4b8582af4141fb97a,Assets/Art/Image/Scene/B1/a6/dj/a6草待机_099.png,Assets/Game/ColorTiming/Art/Image/Scene/B1/a6/dj/a6草待机_099.png
74a848c7cd5bbf64ea1e942326fc44e2,Assets/Art/Image/Scene/B1/a2/c/a2草动_16.png,Assets/Game/ColorTiming/Art/Image/Scene/B1/a2/c/a2草动_16.png
74e0e0511c952cb4a8292b89d56f7a46,Assets/Art/Image/Scene/B1/a5/dj/skeleton-animation_025.png,Assets/Game/ColorTiming/Art/Image/Scene/B1/a5/dj/skeleton-animation_025.png
74f57ccfc03ed2b4bba69e83316e2641,Assets/Art/Image/Scene/B1/a1/a1待_41.png,Assets/Game/ColorTiming/Art/Image/Scene/B1/a1/a1待_41.png
74fa8f87b217ba94c9d66e2576964342,Assets/Art/Image/Hero/Sequence/Dao/daiji/紫色刀待机_0011.png,Assets/Game/ColorTiming/Art/Image/Hero/Sequence/Dao/daiji/紫色刀待机_0011.png
7509b9a64cf254e47bf96826a5800dc6,Assets/Art/Image/Scene/B1/a1/a1待_33.png,Assets/Game/ColorTiming/Art/Image/Scene/B1/a1/a1待_33.png
750f6a36e3b21764a925c0c90f0c766e,Assets/Art/Image/Hero/Sequence/Zhadan/skill/爆炸特效（红）_0002.png,Assets/Game/ColorTiming/Art/Image/Hero/Sequence/Zhadan/skill/爆炸特效（红）_0002.png
75208aba006895f4d8761f2322b6c94d,Assets/Art/Image/Hero/Sequence/futou/gongji/zhi/紫色斧头蓄力（移动）_0001.png,Assets/Game/ColorTiming/Art/Image/Hero/Sequence/futou/gongji/zhi/紫色斧头蓄力（移动）_0001.png
7527418ab5af0fa4b89680e20ea75618,Assets/Art/Image/Hero/Sequence/Chuizi/Gongji/Zi/攻击动作（紫）_0012.png,Assets/Game/ColorTiming/Art/Image/Hero/Sequence/Chuizi/Gongji/Zi/攻击动作（紫）_0012.png
7540bbd0423d6e94fafe865ab14b0cee,Assets/Art/Image/Hero/Sequence/Dao/yidong/红色刀移动_0005.png,Assets/Game/ColorTiming/Art/Image/Hero/Sequence/Dao/yidong/红色刀移动_0005.png
7540cf2fc369cac4882ac6fe9f4d65ce,Assets/Art/Image/Weapon/Tip2/提示圈-第二章_0009.png,Assets/Game/ColorTiming/Art/Image/Weapon/Tip2/提示圈-第二章_0009.png
754cece7ee76e274e90c1a75f37f1141,Assets/Art/Image/Hero/Sequence/feiji/skill/紫色飞机（空中）_0003.png,Assets/Game/ColorTiming/Art/Image/Hero/Sequence/feiji/skill/紫色飞机（空中）_0003.png
754d724c1bd750048852e8cf3d4a05ee,Assets/Plugins/Spine/Editor/spine-unity/Editor/GUI/icon-warning.png,Assets/Plugins/Spine/Editor/spine-unity/Editor/GUI/icon-warning.png
756be4f2f738f6c4583bb1c90e16bf0b,Assets/Plugins/Spine/Runtime/spine-unity/Shaders/Outline/Spine-Skeleton-Lit-ZWrite-Outline.shader,Assets/Plugins/Spine/Runtime/spine-unity/Shaders/Outline/Spine-Skeleton-Lit-ZWrite-Outline.shader
759485ecbee540e4c9e4b9893ee2ba41,Assets/Art/Image/Hero/Sequence/Chuizi/Gongji/Hong/原地蓄力（红）_0015.png,Assets/Game/ColorTiming/Art/Image/Hero/Sequence/Chuizi/Gongji/Hong/原地蓄力（红）_0015.png
7596e1184e7330d4996dea2237c6ceab,Assets/Art/Image/Scene/B1/a3/c/a3草动_40.png,Assets/Game/ColorTiming/Art/Image/Scene/B1/a3/c/a3草动_40.png
75a8a2e1d614adc4eb1d22162f5b2d89,Assets/Art/Sound/boss_stab_with_the_tail.WAV,Assets/Game/ColorTiming/Art/Sound/boss_stab_with_the_tail.WAV
75ae3b9e74fb63048b7ac9fee8c29f46,Assets/Art/Image/Boss2/Skill/拖尾_0007.png,Assets/Game/ColorTiming/Art/Image/Boss2/Skill/拖尾_0007.png
75d00ba5f2432c646b1fd810e939ea2c,Assets/Art/Image/Hero/Sequence/jiandao/gongji/紫色剪刀攻击_0008.png,Assets/Game/ColorTiming/Art/Image/Hero/Sequence/jiandao/gongji/紫色剪刀攻击_0008.png
75e51931d2365ef4d99900e17287b60e,Assets/Art/Image/Boss2/Skill/地面警示圈.png,Assets/Game/ColorTiming/Art/Image/Boss2/Skill/地面警示圈.png
75e589d25e69cdf4ba6b0b760dcae9cb,Assets/Art/Image/Scene/B1/a3/dj/a3草待机_050.png,Assets/Game/ColorTiming/Art/Image/Scene/B1/a3/dj/a3草待机_050.png
7600dcb46d7058a4ca0e8535aa845ca1,Assets/Art/Image/Weapon/Tip2/提示圈-第二章_0028.png,Assets/Game/ColorTiming/Art/Image/Weapon/Tip2/提示圈-第二章_0028.png
760264952452e4a4a8c9e49386a86e2a,Assets/Art/Image/Scene/B1/a4/dj/skeleton-animation_052.png,Assets/Game/ColorTiming/Art/Image/Scene/B1/a4/dj/skeleton-animation_052.png
760801c70ae34fd4dba19e6b5df37863,Assets/Art/Image/Hero/Sequence/futou/gongji/hong/红色斧头蓄力（移动）_0013.png,Assets/Game/ColorTiming/Art/Image/Hero/Sequence/futou/gongji/hong/红色斧头蓄力（移动）_0013.png
76084268bc62a1044ba61596ca0fdcb6,Assets/Art/Image/Scene/B1/a5/c/a5草动_51.png,Assets/Game/ColorTiming/Art/Image/Scene/B1/a5/c/a5草动_51.png
7616190a8d03a424a8b8a05666e65e54,Assets/Art/Image/Hero/Sequence/feiji/skill/绿色飞机爆炸_0005.png,Assets/Game/ColorTiming/Art/Image/Hero/Sequence/feiji/skill/绿色飞机爆炸_0005.png
761a387f9bd939d41acfd7b318b0bfea,Assets/Art/Image/Hero/Sequence/feiji/daiji/红色飞机待机_0010.png,Assets/Game/ColorTiming/Art/Image/Hero/Sequence/feiji/daiji/红色飞机待机_0010.png
7620f9609a9760e4fb7f959f85b70a13,Assets/Art/Image/Hero/Sequence/Yidong/Beimian/Anim_Hero_Move_ Lv_b.anim,Assets/Game/ColorTiming/Art/Image/Hero/Sequence/Yidong/Beimian/Anim_Hero_Move_ Lv_b.anim
76315a56c697cca4a99bcb489ec8ab92,Assets/Art/Image/Boss2/Skill/拖尾_0006.png,Assets/Game/ColorTiming/Art/Image/Boss2/Skill/拖尾_0006.png
763389bc2b264ab43a7432cf05fe843e,Assets/Art/Sound/weapon_waving.WAV,Assets/Game/ColorTiming/Art/Sound/weapon_waving.WAV
763c0edbcc501324980946cfd6eb688b,Assets/Art/Image/Hero/Sequence/futou/gongji/hong/红色斧头攻击_0014.png,Assets/Game/ColorTiming/Art/Image/Hero/Sequence/futou/gongji/hong/红色斧头攻击_0014.png
763ee3e5c4628544087af92eaa4310df,Assets/Art/Image/Scene/B1/a3/c/a3草动_30.png,Assets/Game/ColorTiming/Art/Image/Scene/B1/a3/c/a3草动_30.png
7652968c8666e73459c5f270227f13b2,Assets/Art/Image/Hero/Sequence/Zhadan/daiji/红色炸弹待机_0000.png,Assets/Game/ColorTiming/Art/Image/Hero/Sequence/Zhadan/daiji/红色炸弹待机_0000.png
76553ee93201e7c40b1301ff5567547f,Assets/Art/Image/Scene/B1/a2/dj/a2草待机_71.png,Assets/Game/ColorTiming/Art/Image/Scene/B1/a2/dj/a2草待机_71.png
766f20bc90a81b14095835cff972d702,Assets/Art/Image/Hero/Sequence/Yidong/红色移动_0005.png,Assets/Game/ColorTiming/Art/Image/Hero/Sequence/Yidong/红色移动_0005.png
7677989e16f0c0b4793d2984f716a64d,Assets/Art/Image/Hero/Sequence/futou/gongji/zhi/紫色斧头攻击_0009.png,Assets/Game/ColorTiming/Art/Image/Hero/Sequence/futou/gongji/zhi/紫色斧头攻击_0009.png
767882ebdab486e498bfa708dff859ed,Assets/Art/Image/Boss/Skill5/boos1_atk5.anim,Assets/Game/ColorTiming/Art/Image/Boss/Skill5/boos1_atk5.anim
767abc36fdadfd548b3b4698dd30fe08,Assets/Art/Image/Hero/Sequence/feiji/gongji/紫色飞机投掷_0007.png,Assets/Game/ColorTiming/Art/Image/Hero/Sequence/feiji/gongji/紫色飞机投掷_0007.png
76a6405e6a247374196763d71ea14efb,Assets/Art/Image/Weapon/Tip1/提示圈-第一章_0015.png,Assets/Game/ColorTiming/Art/Image/Weapon/Tip1/提示圈-第一章_0015.png
76b3ae5ac13bd7643b9973b9fd70fa8a,Assets/Art/Anim_Skill/sk_bo1_atk5 1.anim,Assets/Game/ColorTiming/Art/Anim_Skill/sk_bo1_atk5 1.anim
76b5d297b6b13214aa9ddd594df385e8,Assets/Art/Image/Weapon/刀3带白边.png,Assets/Game/ColorTiming/Art/Image/Weapon/刀3带白边.png
76dc9207cf24f3a4ea4975fed54d33f1,Assets/Art/Image/Scene/B1/a4/dj/skeleton-animation_083.png,Assets/Game/ColorTiming/Art/Image/Scene/B1/a4/dj/skeleton-animation_083.png
76dd39754476c774289db384b88bedf0,Assets/Art/Image/Hero/Sequence/futou/daiji/绿色斧头待机_0003.png,Assets/Game/ColorTiming/Art/Image/Hero/Sequence/futou/daiji/绿色斧头待机_0003.png
76ee61ab00eb8544b8a74ff49cf211b2,Assets/Art/Image/Hero/Sequence/futou/gongji/zhi/紫色斧头攻击_0007.png,Assets/Game/ColorTiming/Art/Image/Hero/Sequence/futou/gongji/zhi/紫色斧头攻击_0007.png
77175d499d40777428c741a9ad821494,Assets/Art/Image/Scene/B1/a4/dj/skeleton-animation_093.png,Assets/Game/ColorTiming/Art/Image/Scene/B1/a4/dj/skeleton-animation_093.png
774563ba564e53c4fa8ba92f46cbe8f8,Assets/Art/Image/Hero/Sequence/futou/gongji/lv/绿色斧头蓄力（原地）_0002.png,Assets/Game/ColorTiming/Art/Image/Hero/Sequence/futou/gongji/lv/绿色斧头蓄力（原地）_0002.png
775270d72bc13684fb88b29802487da9,Assets/Art/Image/Hero/Sequence/Chuizi/Gongji/Hong/原地蓄力（红）_0005.png,Assets/Game/ColorTiming/Art/Image/Hero/Sequence/Chuizi/Gongji/Hong/原地蓄力（红）_0005.png
77909d7ece571414d9ab6423e4de30e8,Assets/Art/Image/Scene/B1/a5/dj/skeleton-animation_078.png,Assets/Game/ColorTiming/Art/Image/Scene/B1/a5/dj/skeleton-animation_078.png
77c81acc5bb4dd1468b797d62565a46d,Assets/Art/Image/Scene/B1/a6/c/a6草动_06.png,Assets/Game/ColorTiming/Art/Image/Scene/B1/a6/c/a6草动_06.png
77eb452f46fb5b242a1c04f3fb8a5558,Assets/Art/Image/Hero/Sequence/Chuizi/Daiji/红色锤子待机_0008.png,Assets/Game/ColorTiming/Art/Image/Hero/Sequence/Chuizi/Daiji/红色锤子待机_0008.png
77f055f38c1115f42a2df16b0428c4e6,Assets/Plugins/Spine/Editor/spine-unity/Editor/ImporterPresets/PMAPresetTemplate.png,Assets/Plugins/Spine/Editor/spine-unity/Editor/ImporterPresets/PMAPresetTemplate.png
77f0893e4326572408b82a62142dd96c,Assets/Art/Image/Hero/Sequence/futou/daiji/紫色斧头待机_0009.png,Assets/Game/ColorTiming/Art/Image/Hero/Sequence/futou/daiji/紫色斧头待机_0009.png
780a761707c14f34892b62003a3c3b1e,Assets/Art/Image/Scene/B1/a3/c/a3草动_45.png,Assets/Game/ColorTiming/Art/Image/Scene/B1/a3/c/a3草动_45.png
78283c08733ef2540a4009685d5f8e1f,Assets/Art/Image/Scene/B1/a3/c/a3草动_64.png,Assets/Game/ColorTiming/Art/Image/Scene/B1/a3/c/a3草动_64.png
78296e3ca121bba49a2fa878a2e3609c,Assets/Game/Prefba/sk_Bo2w_atk1-t.prefab,Assets/Game/Prefabs/Entity/ColorTiming/sk_Bo2w_atk1-t.prefab
7847d18352d6b8c40a9c686916abc261,Assets/Art/Image/Scene/B1/a6/c/a6草动_50.png,Assets/Game/ColorTiming/Art/Image/Scene/B1/a6/c/a6草动_50.png
784f4fde06ad8f948974d1eb3d91539e,Assets/Art/Image/Scene/B1/a1/a1待_52.png,Assets/Game/ColorTiming/Art/Image/Scene/B1/a1/a1待_52.png
7854af490785f3146b74ace889f3eb6d,Assets/Art/Image/Hero/Sequence/jiandao/yidong/紫色剪刀移动_0002.png,Assets/Game/ColorTiming/Art/Image/Hero/Sequence/jiandao/yidong/紫色剪刀移动_0002.png
78568dd445c911f4788c057a9cd68faf,Assets/Art/Image/Hero/Sequence/Dao/yidong/绿色刀移动_0001.png,Assets/Game/ColorTiming/Art/Image/Hero/Sequence/Dao/yidong/绿色刀移动_0001.png
787a36933c1c6e14db2104c01ed92dcb,Assets/Plugins/Spine/Runtime/spine-unity/Asset Types/AtlasAssetBase.cs,Assets/Plugins/Spine/Runtime/spine-unity/Asset Types/AtlasAssetBase.cs
78aa0e4eace3da245b861db1de35dc4c,Assets/Art/Image/Hero/Sequence/futou/gongji/chen/橙色斧头蓄力（移动）_0015.png,Assets/Game/ColorTiming/Art/Image/Hero/Sequence/futou/gongji/chen/橙色斧头蓄力（移动）_0015.png
78ad42fdd0f35d745b7dedd9dac64606,Assets/Art/Image/Scene/B1/a2/dj/a2草待机_62.png,Assets/Game/ColorTiming/Art/Image/Scene/B1/a2/dj/a2草待机_62.png
78bcd9a06269b3e44a98d58b2d2fab9a,Assets/Art/Image/Scene/B1/a3/c/a3草动_61.png,Assets/Game/ColorTiming/Art/Image/Scene/B1/a3/c/a3草动_61.png
78be0ba9f3285a0468d9945f56153793,Assets/Art/Image/Hero/Sequence/Dao/daiji/紫色刀待机_0009.png,Assets/Game/ColorTiming/Art/Image/Hero/Sequence/Dao/daiji/紫色刀待机_0009.png
78cb5803a57a1dd4b967663d2b1f534d,Assets/Art/Image/Scene/B1/a5/dj/skeleton-animation_004.png,Assets/Game/ColorTiming/Art/Image/Scene/B1/a5/dj/skeleton-animation_004.png
78deafde95bb655459e28061c708e458,Assets/Art/Image/Hero/Sequence/Chuizi/Daiji/绿色锤子待机_0006.png,Assets/Game/ColorTiming/Art/Image/Hero/Sequence/Chuizi/Daiji/绿色锤子待机_0006.png
78e2abb9f6c21df4e955604daa2df899,Assets/Art/Image/Hero/Sequence/futou/gongji/zhi/紫色斧头攻击_0003.png,Assets/Game/ColorTiming/Art/Image/Hero/Sequence/futou/gongji/zhi/紫色斧头攻击_0003.png
78f031a5e862b8844a16c8607b33d0df,Assets/Art/Image/Scene/B1/a4/c/a4草动_21.png,Assets/Game/ColorTiming/Art/Image/Scene/B1/a4/c/a4草动_21.png
790913599159d3243b7aaad10e6ef56b,Assets/Art/Image/Hero/Sequence/futou/gongji/hong/红色斧头攻击_0015.png,Assets/Game/ColorTiming/Art/Image/Hero/Sequence/futou/gongji/hong/红色斧头攻击_0015.png
790b8dee5fd31504fbe99e53b59b37bf,Assets/Art/Image/Boss2/Skill/纸团.png,Assets/Game/ColorTiming/Art/Image/Boss2/Skill/纸团.png
792d7cff7d2ee7643a3ec472d4d824c2,Assets/Art/Image/Scene/B1/a4/dj/skeleton-animation_033.png,Assets/Game/ColorTiming/Art/Image/Scene/B1/a4/dj/skeleton-animation_033.png
79398d630a6e0b84bb55ec6c504dbebd,Assets/Art/Image/Scene/B1/a2/c/a2草动_02.png,Assets/Game/ColorTiming/Art/Image/Scene/B1/a2/c/a2草动_02.png
7955d3b7b8adee1458db97cef06799d7,Assets/Art/Image/Scene/B1/a1/a1待_61.png,Assets/Game/ColorTiming/Art/Image/Scene/B1/a1/a1待_61.png
79669e12fc9e7f544ba17af7a4f92fd0,Assets/Art/Image/Hero/Sequence/Gongji,Assets/Game/ColorTiming/Art/Image/Hero/Sequence/Gongji
797c7fcee4d9f0749908c15616878133,Assets/Art/Image/Hero/Sequence/feiji/daiji/绿色飞机待机_0009.png,Assets/Game/ColorTiming/Art/Image/Hero/Sequence/feiji/daiji/绿色飞机待机_0009.png
7988c87d84ec186468b02ca193ef8663,Assets/Art/Image/Hero/Sequence/Shouji/受击动画_0004.png,Assets/Game/ColorTiming/Art/Image/Hero/Sequence/Shouji/受击动画_0004.png
79a44aba1f342f440965874280b4c318,Assets/Plugins/Spine/Runtime/spine-unity/Asset Types/SkeletonDataModifierAsset.cs,Assets/Plugins/Spine/Runtime/spine-unity/Asset Types/SkeletonDataModifierAsset.cs
79ae51b68723e3c41bc5368f008b8f03,Assets/Art/Image/Hero/Sequence/Shouji/受击时震动_0001.png,Assets/Game/ColorTiming/Art/Image/Hero/Sequence/Shouji/受击时震动_0001.png
79b743e4354a6944d8b8294e7ab19a56,Assets/Art/Image/Scene/B2/标注.jpg,Assets/Game/ColorTiming/Art/Image/Scene/B2/标注.jpg
79be98b9cd068274bac53315c821c638,Assets/Art/Image/Weapon/Tip1/提示圈-第一章_0005.png,Assets/Game/ColorTiming/Art/Image/Weapon/Tip1/提示圈-第一章_0005.png
79c4555151378de469f0ff757f2d44ee,Assets/Art/Image/Scene/B1/a4/dj/skeleton-animation_036.png,Assets/Game/ColorTiming/Art/Image/Scene/B1/a4/dj/skeleton-animation_036.png
79c592f2c8f9e504ca33aaba3479fe2e,Assets/Art/Image/Hero/Sequence/Siwang/被击杀后_0031.png,Assets/Game/ColorTiming/Art/Image/Hero/Sequence/Siwang/被击杀后_0031.png
79e3c1b0980dc134981d2f9a73b53f72,Assets/Art/Image/Hero/Sequence/jiandao/daiji/红色剪刀待机_0001.png,Assets/Game/ColorTiming/Art/Image/Hero/Sequence/jiandao/daiji/红色剪刀待机_0001.png
79f66dfabe4093f459cb4ae2b1bd14f6,Assets/Art/Image/Scene/B1/a6/dj/a6草待机_002.png,Assets/Game/ColorTiming/Art/Image/Scene/B1/a6/dj/a6草待机_002.png
7a22368325b4de64a8cfed63f9ddb194,Assets/Art/Image/UI_Start/试玩关卡1（悬停）.png,Assets/Game/ColorTiming/Art/Image/UI_Start/试玩关卡1（悬停）.png
7a2284ce0b1fa6f4886796bd0863a4b8,Assets/Art/Image/Scene/B1/a4/dj/skeleton-animation_050.png,Assets/Game/ColorTiming/Art/Image/Scene/B1/a4/dj/skeleton-animation_050.png
7a23e5eb34152b843a09610c1acb91a6,Assets/Art/Image/Hero/Sequence/Yidong/绿色移动_0001.png,Assets/Game/ColorTiming/Art/Image/Hero/Sequence/Yidong/绿色移动_0001.png
7a2a1f0197c47c14081e9a8788c0fdc6,Assets/Art/Image/Scene/B1/花草.png,Assets/Game/ColorTiming/Art/Image/Scene/B1/花草.png
7a42d52714848d64f8ff99dddb93500e,Assets/Plugins/Spine/Runtime/spine-unity/Shaders/SkeletonGraphic,Assets/Plugins/Spine/Runtime/spine-unity/Shaders/SkeletonGraphic
7a5daad5b867a354c931eee32b81d621,Assets/Art/Image/Scene/B1/a1/a1待_05.png,Assets/Game/ColorTiming/Art/Image/Scene/B1/a1/a1待_05.png
7a7d3e7192526ef4cb110d56c0bafb0b,Assets/Art/Image/Scene/B1/a4/dj/skeleton-animation_065.png,Assets/Game/ColorTiming/Art/Image/Scene/B1/a4/dj/skeleton-animation_065.png
7a7dc714f10fe3d45bad58bc82999a8f,Assets/Art/Image/Hero/Sequence/Chuizi/Daiji/绿色锤子待机_0008.png,Assets/Game/ColorTiming/Art/Image/Hero/Sequence/Chuizi/Daiji/绿色锤子待机_0008.png
7a833f8f267e6d74284ee4f44fa35e21,Assets/Art/Image/Hero/Sequence/Yidong/紫色移动_0002.png,Assets/Game/ColorTiming/Art/Image/Hero/Sequence/Yidong/紫色移动_0002.png
7a83957abf5d0724b9a43dfad5e246b0,Assets/Art/Image/Hero/Sequence/Siwang/被击杀后_0012.png,Assets/Game/ColorTiming/Art/Image/Hero/Sequence/Siwang/被击杀后_0012.png
7a91b94c801daaf439976091308cec9c,Assets/Art/Image/Hero/Sequence/Dao/gongji/绿色刀攻击_0011.png,Assets/Game/ColorTiming/Art/Image/Hero/Sequence/Dao/gongji/绿色刀攻击_0011.png
7a92f66998866e04e89cf3675753a98c,Assets/Art/Image/Scene/B1/a3/c/a3草动_18.png,Assets/Game/ColorTiming/Art/Image/Scene/B1/a3/c/a3草动_18.png
7a996d73838379c418d2ab1be737fc2c,Assets/Art/Image/Hero/Sequence/feiji/skill/紫色飞机（空中）_0000.png,Assets/Game/ColorTiming/Art/Image/Hero/Sequence/feiji/skill/紫色飞机（空中）_0000.png
7ab220c8d229fa343b026a8dc3c5a2f5,Assets/Art/Image/Hero/Sequence/Yidong/Beimian/绿色移动（背面）_0005.png,Assets/Game/ColorTiming/Art/Image/Hero/Sequence/Yidong/Beimian/绿色移动（背面）_0005.png
7ad3776a8c7da88429fa161e5cb2d5fd,Assets/Art/Image/Scene/B1/a3/dj/a3草待机_053.png,Assets/Game/ColorTiming/Art/Image/Scene/B1/a3/dj/a3草待机_053.png
7adb263f90a4cff40a4d8357a13f6873,Assets/Art/Image/Scene/B1/a3/c/a3草动_04.png,Assets/Game/ColorTiming/Art/Image/Scene/B1/a3/c/a3草动_04.png
7ae0d1e7d5de6fa4ba4179b7db97c0c6,Assets/Art/Image/Hero/Sequence/futou/gongji/lv/绿色斧头蓄力（原地）_0009.png,Assets/Game/ColorTiming/Art/Image/Hero/Sequence/futou/gongji/lv/绿色斧头蓄力（原地）_0009.png
7aef8cd8c2a76134ea42c5ee787560db,Assets/Art/Image/Hero/Sequence/feiji/gongji/gongji_feiji_hong.anim,Assets/Game/ColorTiming/Art/Image/Hero/Sequence/feiji/gongji/gongji_feiji_hong.anim
7afc5067294d50a4aa58c696b4b0c963,Assets/Art/Image/Scene/B1/a5/c/a5草动_60.png,Assets/Game/ColorTiming/Art/Image/Scene/B1/a5/c/a5草动_60.png
7b203aa7b521ad0428df1c89083637a0,Assets/Art/Image/Scene/B1/a6/dj/a6草待机_090.png,Assets/Game/ColorTiming/Art/Image/Scene/B1/a6/dj/a6草待机_090.png
7b34a46089b017f4bbac1e3c826656cf,Assets/Art/Image/Hero/Sequence/futou/gongji/zhi/紫色斧头蓄力完成（原地）_0003.png,Assets/Game/ColorTiming/Art/Image/Hero/Sequence/futou/gongji/zhi/紫色斧头蓄力完成（原地）_0003.png
7b3dd21827a54ee419923a88e699ab10,Assets/Art/Image/Hero/Sequence/feiji/yidong/红色飞机移动_0002.png,Assets/Game/ColorTiming/Art/Image/Hero/Sequence/feiji/yidong/红色飞机移动_0002.png
7b4a9f9044aeda54cbb548d8325f7c2a,Assets/Art/Image/Scene/B1/a4/dj/skeleton-animation_043.png,Assets/Game/ColorTiming/Art/Image/Scene/B1/a4/dj/skeleton-animation_043.png
7bd5e4826596c9047920b5bf7b0db0f4,Assets/Art/Image/Scene/B1/a2/c/a2草动_57.png,Assets/Game/ColorTiming/Art/Image/Scene/B1/a2/c/a2草动_57.png
7bd6255fddbe64e42913c81b936f25be,Assets/Art/Image/Scene/B1/a3/dj/a3草待机_059.png,Assets/Game/ColorTiming/Art/Image/Scene/B1/a3/dj/a3草待机_059.png
7be128b4a712111419382d0805db0736,Assets/Art/Image/Boss/Spine/BOSS拆分.png,Assets/Game/ColorTiming/Art/Image/Boss/Spine/BOSS拆分.png
7be9c35e0a7b7ed4c8ceaeb1cfc1ac1d,Assets/Art/Image/Hero/Sequence/Gongji/普攻特效_0004.png,Assets/Game/ColorTiming/Art/Image/Hero/Sequence/Gongji/普攻特效_0004.png
7c1b3a9ddacb550458bb86affdf77bf5,Assets/Plugins/Spine/Editor/spine-unity/Editor/Utility/SpineMaskUtilities.cs,Assets/Plugins/Spine/Editor/spine-unity/Editor/Utility/SpineMaskUtilities.cs
7c49d99d2285e694b9eb793a2d7a0234,Assets/Art/Image/Hero/Sequence/jiandao/daiji/绿色剪刀待机_0011.png,Assets/Game/ColorTiming/Art/Image/Hero/Sequence/jiandao/daiji/绿色剪刀待机_0011.png
7c4a7223389cc2c48a74c32d4e9354ac,Assets/Art/Image/Hero/Sequence/futou/gongji/hong/红色斧头蓄力（原地）_0013.png,Assets/Game/ColorTiming/Art/Image/Hero/Sequence/futou/gongji/hong/红色斧头蓄力（原地）_0013.png
7c4f5b276299bc048ad00f3cd2d1ea09,Assets/Plugins/Spine/Editor/spine-unity/Editor/Components/BoundingBoxFollowerGraphicInspector.cs,Assets/Plugins/Spine/Editor/spine-unity/Editor/Components/BoundingBoxFollowerGraphicInspector.cs
7c6011327a92eb2489ceb7f43cce3b83,Assets/Art/Image/Scene/B1/a5/dj/skeleton-animation_107.png,Assets/Game/ColorTiming/Art/Image/Scene/B1/a5/dj/skeleton-animation_107.png
7c7000a74b9fff54e95d46a2e796c124,Assets/Art/Image/Scene/B1/a4/dj/skeleton-animation_116.png,Assets/Game/ColorTiming/Art/Image/Scene/B1/a4/dj/skeleton-animation_116.png
7c72e5853e5bb1c4bba695c741746a4c,Assets/Art/Image/Hero/Sequence/Chuizi/Gongji/Hong/移动蓄力（红）_0001.png,Assets/Game/ColorTiming/Art/Image/Hero/Sequence/Chuizi/Gongji/Hong/移动蓄力（红）_0001.png
7c7e838a8ec295a4e9c53602f690f42f,Assets/Plugins/Spine/Editor/spine-unity/Editor/Components/PointFollowerInspector.cs,Assets/Plugins/Spine/Editor/spine-unity/Editor/Components/PointFollowerInspector.cs
7c9329bfa6f187042957a2aca43a9c0e,Assets/Art/Image/Hero/Sequence/Chuizi/Gongji/Lv/原地蓄力（绿）_0011.png,Assets/Game/ColorTiming/Art/Image/Hero/Sequence/Chuizi/Gongji/Lv/原地蓄力（绿）_0011.png
7c9ffcf305e8d1a45b67798ce42923fb,Assets/Art/Image/Scene/B1/a5/dj/skeleton-animation_008.png,Assets/Game/ColorTiming/Art/Image/Scene/B1/a5/dj/skeleton-animation_008.png
7ca444f3f2315e943a4424c7fcfa96d0,Assets/Art/Image/UI_ESC/关闭提示弹窗（悬停）.png,Assets/Game/ColorTiming/Art/Image/UI_ESC/关闭提示弹窗（悬停）.png
7ca79f9109835464d90e8534d95682e1,Assets/Art/Image/Scene/B1/a4/dj/skeleton-animation_097.png,Assets/Game/ColorTiming/Art/Image/Scene/B1/a4/dj/skeleton-animation_097.png
7cbb0652054873a40a280e6b8759877f,Assets/Art/Image/Hero/Sequence/Chuizi/Daiji/绿色锤子待机_0005.png,Assets/Game/ColorTiming/Art/Image/Hero/Sequence/Chuizi/Daiji/绿色锤子待机_0005.png
7ce25c511ee67d14ca205a1a39acfe66,Assets/Art/Image/Hero/Sequence/futou/yidong/绿色斧头移动_0001.png,Assets/Game/ColorTiming/Art/Image/Hero/Sequence/futou/yidong/绿色斧头移动_0001.png
7cf47875abb4d4546a65fd90a9e201b3,Assets/Art/Image/Boss/Skill5/尖刺特效_09.png,Assets/Game/ColorTiming/Art/Image/Boss/Skill5/尖刺特效_09.png
7cfe2d8375c485444826052d14f8df21,Assets/Art/Image/Scene/B1/a3/dj/a3草待机_027.png,Assets/Game/ColorTiming/Art/Image/Scene/B1/a3/dj/a3草待机_027.png
7d09382f74b979f4a93d1b205003029a,Assets/Art/Image/Boss/Spine2/BOSS拆分.atlas.txt,Assets/Game/ColorTiming/Art/Image/Boss/Spine2/BOSS拆分.atlas.txt
7d2988941b7901a4a8df581e33a0ccb9,Assets/Art/Image/Hero/Sequence/Dao/gongji/紫色刀攻击_0008.png,Assets/Game/ColorTiming/Art/Image/Hero/Sequence/Dao/gongji/紫色刀攻击_0008.png
7d3026cfc5eebff42a51f540ba9039dc,Assets/Art/Image/Hero/Sequence/jiandao/yidong/红色剪刀移动_0003.png,Assets/Game/ColorTiming/Art/Image/Hero/Sequence/jiandao/yidong/红色剪刀移动_0003.png
7d3b934a116073c4699773e9839759a4,Assets/Art/Image/Hero/Sequence/Chuizi/Gongji/Lv/攻击动作（绿）_0013.png,Assets/Game/ColorTiming/Art/Image/Hero/Sequence/Chuizi/Gongji/Lv/攻击动作（绿）_0013.png
7d4aec25e703a5640b224b3e4dec74ab,Assets/Art/Image/Hero/Sequence/jiandao/gongji/绿色剪刀攻击_0017.png,Assets/Game/ColorTiming/Art/Image/Hero/Sequence/jiandao/gongji/绿色剪刀攻击_0017.png
7d614fb7004c966488f04a4cc9f0ccf7,Assets/Art/Image/Scene/B1/a4/dj/skeleton-animation_053.png,Assets/Game/ColorTiming/Art/Image/Scene/B1/a4/dj/skeleton-animation_053.png
7d6223d1e714c4d4fa7f895500619a9f,Assets/Art/Image/Hero/Sequence/Chuizi/Daiji/红色锤子待机_0010.png,Assets/Game/ColorTiming/Art/Image/Hero/Sequence/Chuizi/Daiji/红色锤子待机_0010.png
7d63778bda60b9441893cfdab549019d,Assets/Art/Image/Scene/B1/a2/dj/a2草待机_86.png,Assets/Game/ColorTiming/Art/Image/Scene/B1/a2/dj/a2草待机_86.png
7d7716fbc28ac8b46b921b101fba6457,Assets/Art/Image/Hero/Sequence/Chuizi/Gongji/Lv/原地蓄力（绿）_0000.png,Assets/Game/ColorTiming/Art/Image/Hero/Sequence/Chuizi/Gongji/Lv/原地蓄力（绿）_0000.png
7d7d8403e23fc5244aed51036c9222a2,Assets/Art/Image/Hero/Sequence/jiandao/daiji/红色剪刀待机_0004.png,Assets/Game/ColorTiming/Art/Image/Hero/Sequence/jiandao/daiji/红色剪刀待机_0004.png
7d9b4999e1c41ff4289fa10c9a23a0e8,Assets/Art/Image/Hero/Sequence/Zhadan/yidong/紫色炸弹移动_0000.png,Assets/Game/ColorTiming/Art/Image/Hero/Sequence/Zhadan/yidong/紫色炸弹移动_0000.png
7d9e3597ccccf1543935633280da8813,Assets/Art/Image/Scene/B1/a3/dj/a3草待机_010.png,Assets/Game/ColorTiming/Art/Image/Scene/B1/a3/dj/a3草待机_010.png
7da6167ac809acc4b95a12609dddeda0,Assets/Art/Image/Hero/Sequence/feiji/gongji/绿色飞机投掷_0005.png,Assets/Game/ColorTiming/Art/Image/Hero/Sequence/feiji/gongji/绿色飞机投掷_0005.png
7dae853b938668b4dac9ae373d989246,Assets/Art/Image/Scene/B1/a4/dj/skeleton-animation_061.png,Assets/Game/ColorTiming/Art/Image/Scene/B1/a4/dj/skeleton-animation_061.png
7db809d277afd0e4a8e8c6b703002ee0,Assets/Plugins/Spine/Runtime/spine-csharp/SkeletonClipping.cs,Assets/Plugins/Spine/Runtime/spine-csharp/SkeletonClipping.cs
7ddf8a55b13716d44aede8a02c98adb4,Assets/Art/Image/Hero/Sequence/Gongji/普攻_0001.png,Assets/Game/ColorTiming/Art/Image/Hero/Sequence/Gongji/普攻_0001.png
7df5cf680c4e7c04a86bf8b44ea86906,Assets/Art/Image/Scene/B1/a4/c/a4草动_18.png,Assets/Game/ColorTiming/Art/Image/Scene/B1/a4/c/a4草动_18.png
7df8caa3a771f464e803316a6b18c909,Assets/Plugins/Spine/Runtime/spine-csharp/Skin.cs,Assets/Plugins/Spine/Runtime/spine-csharp/Skin.cs
7e382f747a2df494ea9a3ae1c5252602,Assets/Art/Image/Scene/B1/摆放图（注意前后）.png,Assets/Game/ColorTiming/Art/Image/Scene/B1/摆放图（注意前后）.png
7e7eac783deea004e9bc403eca68a7dc,Assets/Plugins/Spine/Runtime/spine-unity/Utility/AttachmentRegionExtensions.cs,Assets/Plugins/Spine/Runtime/spine-unity/Utility/AttachmentRegionExtensions.cs
7ea2d391d9ab9bb4985b6fd8c870b531,Assets/Art/Image/Scene/B1/背景第一层.png,Assets/Game/ColorTiming/Art/Image/Scene/B1/背景第一层.png
7ea49bb59bc5ab4408379e428d151274,Assets/Art/Image/Hero/Sequence/futou/gongji/chen/橙色斧头蓄力完成（原地）_0003.png,Assets/Game/ColorTiming/Art/Image/Hero/Sequence/futou/gongji/chen/橙色斧头蓄力完成（原地）_0003.png
7ec380879a1a33343ae88610dd87c32e,Assets/Art/Image/Hero/Sequence/Chuizi/Gongji/Lv/xuliw_do_lv.anim,Assets/Game/ColorTiming/Art/Image/Hero/Sequence/Chuizi/Gongji/Lv/xuliw_do_lv.anim
7ecea09ca0f00ad4b9d3dc27f3bf9155,Assets/Art/Image/Scene/B1/a2/dj/a2草待机_32.png,Assets/Game/ColorTiming/Art/Image/Scene/B1/a2/dj/a2草待机_32.png
7ed3709101eb4d24cae4a4d8de2ab1d7,Assets/Art/Image/Scene/B1/a2/dj/a2草待机_27.png,Assets/Game/ColorTiming/Art/Image/Scene/B1/a2/dj/a2草待机_27.png
7efb9f18913c77c42ab8d97439964bde,Assets/Art/Image/Scene/B1/a6/dj/a6草待机_051.png,Assets/Game/ColorTiming/Art/Image/Scene/B1/a6/dj/a6草待机_051.png
7f3100bb281325c40a6662b639c0e808,Assets/Art/Image/Hero/Sequence/Chuizi/yidong/yidong_cuizi_zi.anim,Assets/Game/ColorTiming/Art/Image/Hero/Sequence/Chuizi/yidong/yidong_cuizi_zi.anim
7f6478be428b0454eb08b2edecbcec46,Assets/Art/Image/Scene/B1/a1/a1待_11.png,Assets/Game/ColorTiming/Art/Image/Scene/B1/a1/a1待_11.png
7f726fb798ad621458c431cb9966d91d,Assets/Plugins/Spine/Runtime/spine-unity/Components/SkeletonUtility/SkeletonUtility.cs,Assets/Plugins/Spine/Runtime/spine-unity/Components/SkeletonUtility/SkeletonUtility.cs
7f7d92b8b61a01744982acc7e9a97f47,Assets/Art/Image/Scene/B1/a6/c/a6草动_47.png,Assets/Game/ColorTiming/Art/Image/Scene/B1/a6/c/a6草动_47.png
7f8adf0c9ce3ecb439fe2c0ac0bfccf7,Assets/Art/Image/Scene/B1/a5,Assets/Game/ColorTiming/Art/Image/Scene/B1/a5
7f8d5b251ac1265479350094e516c03b,Assets/Art/Image/Hero/Sequence/jiandao/yidong/红色剪刀移动_0002.png,Assets/Game/ColorTiming/Art/Image/Hero/Sequence/jiandao/yidong/红色剪刀移动_0002.png
7fbe038d177a678478c239252d0d0b96,Assets/Art/Image/Weapon/Tip1/提示圈-第一章_0020.png,Assets/Game/ColorTiming/Art/Image/Weapon/Tip1/提示圈-第一章_0020.png
7fdfd735236acb2498189ded252a02ee,Assets/Art/Image/Hero/Sequence/futou/gongji/hong/红色斧头蓄力（移动）_0001.png,Assets/Game/ColorTiming/Art/Image/Hero/Sequence/futou/gongji/hong/红色斧头蓄力（移动）_0001.png
7feeb7f6f8df8c64a9c09f0c808cbbe6,Assets/Art/Image/Hero/Sequence/Chuizi/Daiji/红色锤子待机_0007.png,Assets/Game/ColorTiming/Art/Image/Hero/Sequence/Chuizi/Daiji/红色锤子待机_0007.png
7ff9dc79fccb97d4aade6fac162e1289,Assets/Art/Image/Scene/B1/a3/dj/a3草待机_079.png,Assets/Game/ColorTiming/Art/Image/Scene/B1/a3/dj/a3草待机_079.png
7ffc57e05c42ec748838bea0a3aff9f9,Assets/Plugins/Spine/Runtime/spine-unity/Shaders/Sprite/CGIncludes/SpritePixelLighting.cginc,Assets/Plugins/Spine/Runtime/spine-unity/Shaders/Sprite/CGIncludes/SpritePixelLighting.cginc
800cabbe5adc1264b80e672f103fb67e,Assets/Game/Scripts/Skill/Skill_futou_child.cs,Assets/Game/Scripts/ColorTiming/Legacy/Skill/Skill_futou_child.cs
801ec14076dece3429ed7e1f72800f97,Assets/Art/Image/Scene/B1/a6/dj/a6草待机_124.png,Assets/Game/ColorTiming/Art/Image/Scene/B1/a6/dj/a6草待机_124.png
8036c6c2897d2764db92f632d2aef568,Assets/Plugins/Spine/Runtime/spine-unity/Utility/YieldInstructions/WaitForSpineTrackEntryEnd.cs,Assets/Plugins/Spine/Runtime/spine-unity/Utility/YieldInstructions/WaitForSpineTrackEntryEnd.cs
8044c8d27762a7044a97f50b0a87e1d1,Assets/Art/Image/Scene/B1/a5/dj/skeleton-animation_028.png,Assets/Game/ColorTiming/Art/Image/Scene/B1/a5/dj/skeleton-animation_028.png
8059fb8502e83b84196d7d1f2153cdb1,Assets/Art/Image/Hero/Sequence/feiji/daiji/绿色飞机待机_0005.png,Assets/Game/ColorTiming/Art/Image/Hero/Sequence/feiji/daiji/绿色飞机待机_0005.png
80604fb5c56be1a4da3c1fee2a199094,Assets/Art/Image/Hero/Sequence/Zhadan/skill/爆炸特效（绿）_0016.png,Assets/Game/ColorTiming/Art/Image/Hero/Sequence/Zhadan/skill/爆炸特效（绿）_0016.png
80622d053c6792d4b88fd46e3ad42825,Assets/Art/Image/Hero/Sequence/feiji/daiji/daiji_feiji_zi.anim,Assets/Game/ColorTiming/Art/Image/Hero/Sequence/feiji/daiji/daiji_feiji_zi.anim
806973f1f1cfde146a68c5f56dc9b29e,Assets/Art/Image/Hero/Sequence/Zhadan/yidong/紫色炸弹移动_0002.png,Assets/Game/ColorTiming/Art/Image/Hero/Sequence/Zhadan/yidong/紫色炸弹移动_0002.png
806aa37c0e0839545a1bde346a7f3baf,Assets/Art/Image/Hero/Sequence/futou/gongji/zhi/紫色斧头蓄力（移动）_0015.png,Assets/Game/ColorTiming/Art/Image/Hero/Sequence/futou/gongji/zhi/紫色斧头蓄力（移动）_0015.png
80767dcb23931c645ad70c88670ddeb6,Assets/Plugins/Spine/Editor/spine-unity/Editor/Utility/BuildSettings.cs,Assets/Plugins/Spine/Editor/spine-unity/Editor/Utility/BuildSettings.cs
807a14228a52bf14da88b0decbc9a647,Assets/Art/Image/Scene/B1/a6/c/a6草动_15.png,Assets/Game/ColorTiming/Art/Image/Scene/B1/a6/c/a6草动_15.png
8084eb5a21227ec4fa61ee8fbfe8a014,Assets/Game/Scripts/Skill/sk_bo2_luodian.cs,Assets/Game/Scripts/ColorTiming/Legacy/Skill/sk_bo2_luodian.cs
8094f8aedb33b7744b109c2c1294d37a,Assets/Plugins/Spine/Editor/spine-unity/Editor/Utility/BlendModeMaterialsUtility.cs,Assets/Plugins/Spine/Editor/spine-unity/Editor/Utility/BlendModeMaterialsUtility.cs
80a2025e36bfd174180f34cccf8c0fba,Assets/Art/Image/Hero/Sequence/Dao/gongji/绿色刀攻击_0005.png,Assets/Game/ColorTiming/Art/Image/Hero/Sequence/Dao/gongji/绿色刀攻击_0005.png
80ba6789f5c125448a4078360e88d5a8,Assets/Art/Image/Scene/B1/a1/a1待_90.png,Assets/Game/ColorTiming/Art/Image/Scene/B1/a1/a1待_90.png
80c06a67282e71043a4b1fad3e0c5654,Assets/Plugins/Spine/version.txt,Assets/Plugins/Spine/version.txt
80da3857c819ff842975f924942be795,Assets/Art/Image/Hero/Sequence/futou/gongji/zhi/紫色斧头蓄力（移动）_0010.png,Assets/Game/ColorTiming/Art/Image/Hero/Sequence/futou/gongji/zhi/紫色斧头蓄力（移动）_0010.png
80e4e371c96479840828e0aa41ce7079,Assets/Art/Image/Hero/Sequence/Chuizi/yidong/紫色锤子移动_0001.png,Assets/Game/ColorTiming/Art/Image/Hero/Sequence/Chuizi/yidong/紫色锤子移动_0001.png
80e7bd93ffaae1c4381b6e6e060a0174,Assets/Game/Scripts/Boss2SoundManager.cs,Assets/Game/Scripts/ColorTiming/Legacy/Boss2SoundManager.cs
80fa569267da61b4987b48b5b3f75408,Assets/Art/Image/Hero/Sequence/feiji/skill/红色飞机爆炸_0010.png,Assets/Game/ColorTiming/Art/Image/Hero/Sequence/feiji/skill/红色飞机爆炸_0010.png
8106d463e2d133442a4621ee364943be,Assets/Art/Image/Hero/Sequence/Zhadan/gongji/投掷动作（红）_0001.png,Assets/Game/ColorTiming/Art/Image/Hero/Sequence/Zhadan/gongji/投掷动作（红）_0001.png
8124a55febe53db4c89e5986ec532814,Assets/Art/Image/Scene/B1/a5/c/a5草动_30.png,Assets/Game/ColorTiming/Art/Image/Scene/B1/a5/c/a5草动_30.png
81326fdcda1fdd2468ea01ac10e0e148,Assets/Art/Image/Hero/Sequence/feiji/daiji/绿色飞机待机_0004.png,Assets/Game/ColorTiming/Art/Image/Hero/Sequence/feiji/daiji/绿色飞机待机_0004.png
81812306a48593d4db4e855ca36f20b7,Assets/Art/Image/Scene/B1/a6/c/a6草动_71.png,Assets/Game/ColorTiming/Art/Image/Scene/B1/a6/c/a6草动_71.png
8186bc0488fd7ce4fa9afa04e67c5aae,Assets/Art/Image/Hero/Sequence/Siwang/被击杀时的震动_0004.png,Assets/Game/ColorTiming/Art/Image/Hero/Sequence/Siwang/被击杀时的震动_0004.png
81ac836b3a63f934783583a80a18f90e,Assets/Art/Image/Hero/Sequence/feiji/skill/紫色飞机爆炸_0014.png,Assets/Game/ColorTiming/Art/Image/Hero/Sequence/feiji/skill/紫色飞机爆炸_0014.png
81b36352206151d45b13c5ad099d5bd7,Assets/Art/Image/Hero/Sequence/futou/gongji/chen/橙色斧头蓄力（移动）_0007.png,Assets/Game/ColorTiming/Art/Image/Hero/Sequence/futou/gongji/chen/橙色斧头蓄力（移动）_0007.png
81ba7ebea6c837947b775fec5aba22ea,Assets/Art/Image/Hero/Sequence/Zhadan/skill/爆炸特效（红）_0008.png,Assets/Game/ColorTiming/Art/Image/Hero/Sequence/Zhadan/skill/爆炸特效（红）_0008.png
81c09922fa1f58f4bb99d68f60227bed,Assets/Art/Image/Scene/B1/a5/dj/skeleton-animation_122.png,Assets/Game/ColorTiming/Art/Image/Scene/B1/a5/dj/skeleton-animation_122.png
81c5be1a40d972f46b9c2d4e3def0bd9,Assets/Art/Image/Hero/Sequence/Zhadan/skill/zhadan_zi 1.anim,Assets/Game/ColorTiming/Art/Image/Hero/Sequence/Zhadan/skill/zhadan_zi 1.anim
81d29992a2b4fa240848d88d2d4e9e28,Assets/Art/Image/Hero/Sequence/feiji/skill/紫色飞机爆炸_0005.png,Assets/Game/ColorTiming/Art/Image/Hero/Sequence/feiji/skill/紫色飞机爆炸_0005.png
8209ce87166d6a94784dca49e26d6229,Assets/Art/Image/Scene/B1/a6/dj/a6草待机_026.png,Assets/Game/ColorTiming/Art/Image/Scene/B1/a6/dj/a6草待机_026.png
8235d26b7ddb5ea4cb9412dd87d2bf63,Assets/Art/Image/Scene/B1/a6/dj/a6草待机_067.png,Assets/Game/ColorTiming/Art/Image/Scene/B1/a6/dj/a6草待机_067.png
8250cc9d5f3558147a46f83336fb85eb,Assets/Art/Image/Hero/Sequence/futou/gongji/lv/绿色斧头攻击_0013.png,Assets/Game/ColorTiming/Art/Image/Hero/Sequence/futou/gongji/lv/绿色斧头攻击_0013.png
82658092ca8f00a468ae21680632bb5d,Assets/Art/Image/Hero/Sequence/feiji/skill/橙色飞机爆炸_0010.png,Assets/Game/ColorTiming/Art/Image/Hero/Sequence/feiji/skill/橙色飞机爆炸_0010.png
82920b171a95792498178b906343756d,Assets/Art/Image/Scene/B1/a6/dj/a6草待机_069.png,Assets/Game/ColorTiming/Art/Image/Scene/B1/a6/dj/a6草待机_069.png
82d376c336745334ea327b990aa39991,Assets/Art/Image/Hero/Sequence/futou/gongji/hong/红色斧头蓄力（移动）_0002.png,Assets/Game/ColorTiming/Art/Image/Hero/Sequence/futou/gongji/hong/红色斧头蓄力（移动）_0002.png
82e83d4fc4d588f419bf9a33ca45d8cd,Assets/Art/Image/Hero/Sequence/Chuizi/Gongji/Zi/移动蓄力（紫）_0004.png,Assets/Game/ColorTiming/Art/Image/Hero/Sequence/Chuizi/Gongji/Zi/移动蓄力（紫）_0004.png
82f9c65809f79354788c7321169fe169,Assets/Art/Image/Scene/B1/a4/dj/skeleton-animation_123.png,Assets/Game/ColorTiming/Art/Image/Scene/B1/a4/dj/skeleton-animation_123.png
8302d293e769ca94b8a12cf1260c62f3,Assets/Art/Image/Scene/B1/a1/a1待_49.png,Assets/Game/ColorTiming/Art/Image/Scene/B1/a1/a1待_49.png
83066b399695eb14aaf394c026a583d8,Assets/Art/Image/Hero/Sequence/Chuizi/Gongji/Hong/锤子攻击（红）_0001.png,Assets/Game/ColorTiming/Art/Image/Hero/Sequence/Chuizi/Gongji/Hong/锤子攻击（红）_0001.png
8322793223a533a4ca8be6f430256dfc,Assets/Plugins/Spine/Editor/spine-unity/Editor/GUI/icon-bone.png,Assets/Plugins/Spine/Editor/spine-unity/Editor/GUI/icon-bone.png
833e5860cdc557147a06dbe5c279ac37,Assets/Art/Image/Scene/B1/a5/dj/skeleton-animation_080.png,Assets/Game/ColorTiming/Art/Image/Scene/B1/a5/dj/skeleton-animation_080.png
8373b3e7bded38144b92aa370e29ac54,Assets/Art/Image/Hero/Sequence/futou/gongji/hong/红色斧头攻击_0001.png,Assets/Game/ColorTiming/Art/Image/Hero/Sequence/futou/gongji/hong/红色斧头攻击_0001.png
83cd5bfa8c83ed8459067da649ba852f,Assets/Art/Image/Hero/Sequence/Dao/gongji/红色刀攻击_0002.png,Assets/Game/ColorTiming/Art/Image/Hero/Sequence/Dao/gongji/红色刀攻击_0002.png
83d20121a166bdc49b53a1236e0882d7,Assets/Art/Sound/BGM/第一章bgm0526.wav,Assets/Game/ColorTiming/Art/Sound/BGM/第一章bgm0526.wav
83e88180789b9614699de8934fb8964d,Assets/Game/Scripts/UI/UI_ESC.cs,Assets/Game/Scripts/ColorTiming/Legacy/UI/UI_ESC.cs
83f76952cc7a66e4dbb45f13ba9240d4,Assets/Art/Image/Scene/B1/a3/dj/a3草待机_009.png,Assets/Game/ColorTiming/Art/Image/Scene/B1/a3/dj/a3草待机_009.png
83f9da54eb97b994791e4daa790dfecf,Assets/Art/Image/Hero/Sequence/futou/daiji/紫色斧头待机_0010.png,Assets/Game/ColorTiming/Art/Image/Hero/Sequence/futou/daiji/紫色斧头待机_0010.png
83fbec88df35fe34bab43a5dde6788af,Assets/Plugins/Spine/Editor/spine-unity,Assets/Plugins/Spine/Editor/spine-unity
840381323edf98a4b9c8d03fcb0362dc,Assets/Art/Image/Hero/Sequence/jiandao/gongji/红色剪刀攻击_0010.png,Assets/Game/ColorTiming/Art/Image/Hero/Sequence/jiandao/gongji/红色剪刀攻击_0010.png
8412abdf59d965b4a84a190b45453c9a,Assets/Art/Image/Scene/B1/a3/c/a3草动_56.png,Assets/Game/ColorTiming/Art/Image/Scene/B1/a3/c/a3草动_56.png
841935fba8c15d343b8c541dd4abeeed,Assets/Art/Image/Hero/Sequence/jiandao/gongji/Skill/HitFX_Jiandao2.anim,Assets/Game/ColorTiming/Art/Image/Hero/Sequence/jiandao/gongji/Skill/HitFX_Jiandao2.anim
84477539e95371e45869760a3a9e16f9,Assets/Art/Image/Scene/B1/a4/c/a4草动_04.png,Assets/Game/ColorTiming/Art/Image/Scene/B1/a4/c/a4草动_04.png
8459114e23f0b744cb386cb9a8002704,Assets/Art/Image/Hero/Sequence/Zhadan/daiji/daiji_zhadan_lv.anim,Assets/Game/ColorTiming/Art/Image/Hero/Sequence/Zhadan/daiji/daiji_zhadan_lv.anim
846b7f1d15a41b242b6a9ad90c897bb3,Assets/Art/Image/Hero/Sequence/Shouji/受击动画_0003.png,Assets/Game/ColorTiming/Art/Image/Hero/Sequence/Shouji/受击动画_0003.png
846f970ad434dbb4b8d64aa72609a426,Assets/Art/Image/Scene/B1/a1/a1待_50.png,Assets/Game/ColorTiming/Art/Image/Scene/B1/a1/a1待_50.png
847c714a7bf534247b0220ddd645ea46,Assets/Art/Image/Hero/Sequence/Chuizi/Gongji/Hong/锤子攻击（红）_0012.png,Assets/Game/ColorTiming/Art/Image/Hero/Sequence/Chuizi/Gongji/Hong/锤子攻击（红）_0012.png
84857c39f249dbb4eba3dc2dd0ef1e7c,Assets/Art/Image/Hero/Sequence/Zhadan/skill/爆炸特效（绿）_0009.png,Assets/Game/ColorTiming/Art/Image/Hero/Sequence/Zhadan/skill/爆炸特效（绿）_0009.png
849b22c1670af564aa73378f3b74e8c1,Assets/Art/Image/Hero/Sequence/Zhadan/yidong/yidong_zhadan_hong.anim,Assets/Game/ColorTiming/Art/Image/Hero/Sequence/Zhadan/yidong/yidong_zhadan_hong.anim
84a3be852a710e54f87b02df5c0f4241,Assets/Art/Image/Scene/B1/a4/dj/skeleton-animation_108.png,Assets/Game/ColorTiming/Art/Image/Scene/B1/a4/dj/skeleton-animation_108.png
84f2de14e4d74c44abacbae3b627804d,Assets/Art/Image/Scene/B1/a2/dj/a2草待机_25.png,Assets/Game/ColorTiming/Art/Image/Scene/B1/a2/dj/a2草待机_25.png
851dad0a57df2864d8d59f0fd29baa35,Assets/Art/Image/Hero/Sequence/Siwang/被击杀时的震动_0008.png,Assets/Game/ColorTiming/Art/Image/Hero/Sequence/Siwang/被击杀时的震动_0008.png
8537a446be4bcff419f44ff4a17b6b0a,Assets/Art/Image/Hero/Sequence/futou/gongji/hong/红色斧头攻击_0002.png,Assets/Game/ColorTiming/Art/Image/Hero/Sequence/futou/gongji/hong/红色斧头攻击_0002.png
8542cc2b33dc433439be18552db93c59,Assets/Art/Image/Hero/Sequence/Chuizi/Gongji/Lv/移动蓄力（绿）_0008.png,Assets/Game/ColorTiming/Art/Image/Hero/Sequence/Chuizi/Gongji/Lv/移动蓄力（绿）_0008.png
854518a28b6778b4399202e4eb669392,Assets/Art/Image/Hero/Sequence/feiji/skill/绿色飞机爆炸_0021.png,Assets/Game/ColorTiming/Art/Image/Hero/Sequence/feiji/skill/绿色飞机爆炸_0021.png
854e86c1fe473cf4991478025ed713cf,Assets/Art/Image/Boss/Spine,Assets/Game/ColorTiming/Art/Image/Boss/Spine
855f05fcdbeb52943b04d0fbc6ca6ed7,Assets/Art/Image/Hero/Sequence/Siwang/sc/死亡动画背景_0015.png,Assets/Game/ColorTiming/Art/Image/Hero/Sequence/Siwang/sc/死亡动画背景_0015.png
856169f3d9b35714b8552e1bfa46c4cc,Assets/Art/Image/Scene/B1/a4/dj/skeleton-animation_125.png,Assets/Game/ColorTiming/Art/Image/Scene/B1/a4/dj/skeleton-animation_125.png
8566090a53b42b443be8e1efe416c32f,Assets/Art/Image/Hero/Sequence/futou/gongji/lv/绿色斧头蓄力完成（移动）_0002.png,Assets/Game/ColorTiming/Art/Image/Hero/Sequence/futou/gongji/lv/绿色斧头蓄力完成（移动）_0002.png
85a5723d16b41894eb59e9e40b34f0f9,Assets/Art/Image/Scene/B1/a6/dj/a6草待机_093.png,Assets/Game/ColorTiming/Art/Image/Scene/B1/a6/dj/a6草待机_093.png
85b726356fdb88a429f6206d73d74a99,Assets/Art/Image/Scene/B1/a6/dj/a6草待机_004.png,Assets/Game/ColorTiming/Art/Image/Scene/B1/a6/dj/a6草待机_004.png
85baeba17207f104a8b640d1a1ad52d5,Assets/Art/Image/Hero/Sequence/Zhadan/skill/爆炸特效（绿）_0012.png,Assets/Game/ColorTiming/Art/Image/Hero/Sequence/Zhadan/skill/爆炸特效（绿）_0012.png
85caea5d60abc2f468a87cac3a3c8c40,Assets/Art/Image/Scene/B1/a4/dj/skeleton-animation_124.png,Assets/Game/ColorTiming/Art/Image/Scene/B1/a4/dj/skeleton-animation_124.png
8600833b4dfa0fd4ebc6d81d5a762011,Assets/Art/Image/Scene/B1/a5/dj/skeleton-animation_071.png,Assets/Game/ColorTiming/Art/Image/Scene/B1/a5/dj/skeleton-animation_071.png
8603301469b2a284db8eaa26dc60ada8,Assets/Plugins/Spine/Editor/spine-unity/Editor/Utility/Icons.cs,Assets/Plugins/Spine/Editor/spine-unity/Editor/Utility/Icons.cs
860b6cbb53d48144597c25d347548512,Assets/Art/Image/Scene/B1/a5/dj/skeleton-animation_101.png,Assets/Game/ColorTiming/Art/Image/Scene/B1/a5/dj/skeleton-animation_101.png
8620284432a51374ba5ba239ce220b6b,Assets/Art/Image/Scene/B1/a6/dj/a6草待机_055.png,Assets/Game/ColorTiming/Art/Image/Scene/B1/a6/dj/a6草待机_055.png
8632b1b4856c3d747891c291a586d907,Assets/Art/Image/Scene/B1/a2/c/a2草动_48.png,Assets/Game/ColorTiming/Art/Image/Scene/B1/a2/c/a2草动_48.png
8635e456ea7fbc143946121c3bb3a2bd,Assets/Art/Image/Hero/Sequence/Chuizi/Gongji/Lv/移动蓄力完成（绿）_0002.png,Assets/Game/ColorTiming/Art/Image/Hero/Sequence/Chuizi/Gongji/Lv/移动蓄力完成（绿）_0002.png
86558463a19d5004182f15033ec0194d,Assets/Art/Image/Boss/Skill5/尖刺特效_59.png,Assets/Game/ColorTiming/Art/Image/Boss/Skill5/尖刺特效_59.png
86590a35b4d48df46bbffbfc1bd2e043,Assets/Art/Image/Hero/Sequence/futou/gongji/zhi/紫色斧头蓄力（移动）_0014.png,Assets/Game/ColorTiming/Art/Image/Hero/Sequence/futou/gongji/zhi/紫色斧头蓄力（移动）_0014.png
86644d73c92ef6f4abe7c31ae26adf2b,Assets/Art/Image/Hero/Sequence/futou/gongji,Assets/Game/ColorTiming/Art/Image/Hero/Sequence/futou/gongji
8665d5d7aec955249ab4268c010eefba,Assets/Art/Image/Hero/Sequence/feiji/skill/红色飞机（空中）_0000.png,Assets/Game/ColorTiming/Art/Image/Hero/Sequence/feiji/skill/红色飞机（空中）_0000.png
8675f5d093be496449c8dbcded3dd827,Assets/Art/Image/Hero/Sequence/feiji/skill/红色飞机爆炸_0018.png,Assets/Game/ColorTiming/Art/Image/Hero/Sequence/feiji/skill/红色飞机爆炸_0018.png
8677e8f3da02c1f4299595af3300441c,Assets/Art/Image/Hero/Sequence/futou/yidong/橙色斧头移动_0000.png,Assets/Game/ColorTiming/Art/Image/Hero/Sequence/futou/yidong/橙色斧头移动_0000.png
868b0caae5b3e65408ece1ab400c4a99,Assets/Plugins/Spine/Editor/spine-unity/Editor/Windows/SkeletonBakingWindow.cs,Assets/Plugins/Spine/Editor/spine-unity/Editor/Windows/SkeletonBakingWindow.cs
8692f2f03e7979c4e8b3f90971b06a34,Assets/Art/Image/Hero/Sequence/futou/gongji/chen,Assets/Game/ColorTiming/Art/Image/Hero/Sequence/futou/gongji/chen
86a6cbc014db3a04c9d9c1219a127dc8,Assets/Art/Image/Hero/Sequence/Dao/daiji/红色刀待机_0008.png,Assets/Game/ColorTiming/Art/Image/Hero/Sequence/Dao/daiji/红色刀待机_0008.png
86e3e4ae6f6d133408f9fb788d0ff41f,Assets/Art/Image/Scene/B2/BOSS房合并示意图.jpg,Assets/Game/ColorTiming/Art/Image/Scene/B2/BOSS房合并示意图.jpg
86fda312063714a4f8ea5720804ddab3,Assets/Art/Image/Hero/Sequence/feiji/daiji/绿色飞机待机_0000.png,Assets/Game/ColorTiming/Art/Image/Hero/Sequence/feiji/daiji/绿色飞机待机_0000.png
86ff299b4d389714882f50ba7d2de1d7,Assets/Art/Image/Weapon/刀2带白边.png,Assets/Game/ColorTiming/Art/Image/Weapon/刀2带白边.png
87021bc9fe2e8d642838e001a4e65682,Assets/Art/Image/Hero/Sequence/Chuizi/Gongji/Zi/攻击动作（紫）_0000.png,Assets/Game/ColorTiming/Art/Image/Hero/Sequence/Chuizi/Gongji/Zi/攻击动作（紫）_0000.png
87068978fc426af48b6a5ec5298b9f11,Assets/Art/Image/Hero/Sequence/feiji/skill/橙色飞机爆炸_0020.png,Assets/Game/ColorTiming/Art/Image/Hero/Sequence/feiji/skill/橙色飞机爆炸_0020.png
8709ffb86642ac843a89e352e583d075,Assets/Art/Sound/paper_walk-003.WAV,Assets/Game/ColorTiming/Art/Sound/paper_walk-003.WAV
8720b03898bf91749b48d804fe391d58,Assets/Art/Image/Scene/B1/a1/a1待_36.png,Assets/Game/ColorTiming/Art/Image/Scene/B1/a1/a1待_36.png
8725c372755ab354dbe02eb3cac747c1,Assets/Art/Image/Hero/Sequence/Chuizi/Daiji/红色锤子待机_0006.png,Assets/Game/ColorTiming/Art/Image/Hero/Sequence/Chuizi/Daiji/红色锤子待机_0006.png
8729221b373eab6469c9ea135e886090,Assets/Art/Image/Hero/Sequence/Yidong/移动_0000.png,Assets/Game/ColorTiming/Art/Image/Hero/Sequence/Yidong/移动_0000.png
872eb9266184c7c4e973c7f8052a3f8c,Assets/Art/Image/Hero/Sequence/Chuizi/Gongji/Hong/原地蓄力（红）_0013.png,Assets/Game/ColorTiming/Art/Image/Hero/Sequence/Chuizi/Gongji/Hong/原地蓄力（红）_0013.png
8732587c588b90b478a31b260bd72e0a,Assets/Art/Image/Scene/B1/a3/dj/a3草待机_034.png,Assets/Game/ColorTiming/Art/Image/Scene/B1/a3/dj/a3草待机_034.png
873816a74ac1e954984c358c187738db,Assets/Art/Image/Hero,Assets/Game/ColorTiming/Art/Image/Hero
873fe216a355ff2408fa6a2a1d89f662,Assets/Art/Image/Hero/Sequence/Chuizi/Gongji/Zi/攻击动作（紫）_0017.png,Assets/Game/ColorTiming/Art/Image/Hero/Sequence/Chuizi/Gongji/Zi/攻击动作（紫）_0017.png
876c9e5d8471c4f43a957fa0da53adf0,Assets/Art/Image/Hero/Sequence/Siwang/被击杀后_0018.png,Assets/Game/ColorTiming/Art/Image/Hero/Sequence/Siwang/被击杀后_0018.png
879fb2cfffae0c0449eddc6e04ecc0c8,Assets/Art/Image/Scene/B1/a6/dj/a6草待机_112.png,Assets/Game/ColorTiming/Art/Image/Scene/B1/a6/dj/a6草待机_112.png
87b2710771729e241a1e0a357be1cc22,Assets/Art/Sound/paper_walk-001.WAV,Assets/Game/ColorTiming/Art/Sound/paper_walk-001.WAV
87b2b9a575d32014db9cd1e41deccc91,Assets/Art/Image/Hero/Sequence/futou/daiji/紫色斧头待机_0001.png,Assets/Game/ColorTiming/Art/Image/Hero/Sequence/futou/daiji/紫色斧头待机_0001.png
87c255764546e4f42967119f266041c0,Assets/Art/Image/ui/摆放 1.png,Assets/Game/ColorTiming/Art/Image/ui/摆放 1.png
87ce883a6c6ae964fb6ad69e141bbdfb,Assets/Art/Image/Scene/B2/cao,Assets/Game/ColorTiming/Art/Image/Scene/B2/cao
87d904e8409d45942baf3ac3613dcdeb,Assets/Art/Image/Hero/Sequence/Chuizi/Gongji/Hong/xuliw_yu_hong.anim,Assets/Game/ColorTiming/Art/Image/Hero/Sequence/Chuizi/Gongji/Hong/xuliw_yu_hong.anim
87d99bdc99566154c80dbc1c9b380bd8,Assets/Art/Image/UI_ESC/关闭提示弹窗（按下）.png,Assets/Game/ColorTiming/Art/Image/UI_ESC/关闭提示弹窗（按下）.png
87df3fe6f3b2edc459561a952afe24ac,Assets/Art/Image/Scene/B1/a3/c/a3草动_49.png,Assets/Game/ColorTiming/Art/Image/Scene/B1/a3/c/a3草动_49.png
88512fa7d036e834496dcc456b8f5b33,Assets/Art/Image/Hero/Sequence/Chuizi/Gongji/Lv/攻击动作（绿）_0000.png,Assets/Game/ColorTiming/Art/Image/Hero/Sequence/Chuizi/Gongji/Lv/攻击动作（绿）_0000.png
8852ce0ab3070a4428c0814171214f5c,Assets/Art/Image/Scene/B1/a1/a1待_14.png,Assets/Game/ColorTiming/Art/Image/Scene/B1/a1/a1待_14.png
888688bdb6a172440943251ae781b249,Assets/Art/Image/Hero/Sequence/Chuizi/Gongji/Zi/移动蓄力完成（紫）_0005.png,Assets/Game/ColorTiming/Art/Image/Hero/Sequence/Chuizi/Gongji/Zi/移动蓄力完成（紫）_0005.png
88903eddd2af4d14e97bfd36b13ec822,Assets/Art/Image/Hero/Sequence/futou/gongji/hong/红色斧头蓄力（原地）_0008.png,Assets/Game/ColorTiming/Art/Image/Hero/Sequence/futou/gongji/hong/红色斧头蓄力（原地）_0008.png
8894335a3cac6f44ebc219bbb7b3ab90,Assets/Art/Image/Scene/B1/a5/dj/skeleton-animation_032.png,Assets/Game/ColorTiming/Art/Image/Scene/B1/a5/dj/skeleton-animation_032.png
88aa73cb8e6275246a7083ca98f3b2ed,Assets/Art/Image/Scene/B1/a1/a1待_59.png,Assets/Game/ColorTiming/Art/Image/Scene/B1/a1/a1待_59.png
88b278f6d99e0e245b8d19d02f63767c,Assets/Art/Image/Scene/B1/a4/c/a4草动_63.png,Assets/Game/ColorTiming/Art/Image/Scene/B1/a4/c/a4草动_63.png
88b66e71cd16b3b4a91d11e156c35365,Assets/Art/Image/yin/BOSS投影.png,Assets/Game/ColorTiming/Art/Image/yin/BOSS投影.png
88c74f569c91a9e47b1b0ecded53bdde,Assets/Art/Image/Scene/B1/a5/c/a5草动_54.png,Assets/Game/ColorTiming/Art/Image/Scene/B1/a5/c/a5草动_54.png
88cbbc6b816efd14a9dbeab0c6bbcf2d,Assets/Art/Image/Hero/Sequence/futou/gongji/lv/绿色斧头攻击_0014.png,Assets/Game/ColorTiming/Art/Image/Hero/Sequence/futou/gongji/lv/绿色斧头攻击_0014.png
8902b0f593bb1294eafe0b502a1e9834,Assets/Art/Image/Hero/Sequence/futou/daiji/橙色斧头待机_0001.png,Assets/Game/ColorTiming/Art/Image/Hero/Sequence/futou/daiji/橙色斧头待机_0001.png
89296b4e59adfbf4e80528f3e29e45d3,Assets/Art/Image/Scene/B1/a5/dj/skeleton-animation_074.png,Assets/Game/ColorTiming/Art/Image/Scene/B1/a5/dj/skeleton-animation_074.png
895af34491435fb43a4fdd245ccc9302,Assets/Art/Image/Scene/B1/a2/dj/a2草待机_53.png,Assets/Game/ColorTiming/Art/Image/Scene/B1/a2/dj/a2草待机_53.png
896612350a0c41840b8695371978e66d,Assets/Art/Image/Boss/Spine2/BOSS拆分.png,Assets/Game/ColorTiming/Art/Image/Boss/Spine2/BOSS拆分.png
89690af94a880744989712505f2957b1,Assets/Plugins/Spine/Runtime/spine-csharp/ExposedList.cs,Assets/Plugins/Spine/Runtime/spine-csharp/ExposedList.cs
897552a114ad18c4db0fc9cff514c79a,Assets/Art/Image/ui/布局示意图.jpg,Assets/Game/ColorTiming/Art/Image/ui/布局示意图.jpg
897f2fe2d4711fb4a8a3560a65614174,Assets/Art/Image/UI_Start/退出游戏（悬停）.png,Assets/Game/ColorTiming/Art/Image/UI_Start/退出游戏（悬停）.png
899bc19394d81574c9c826ce64ad6823,Assets/Art/Image/Hero/Sequence/Siwang/被击杀后_0014.png,Assets/Game/ColorTiming/Art/Image/Hero/Sequence/Siwang/被击杀后_0014.png
89a8cdf21bfbf78449b62d530c7d3835,Assets/Art/Image/Hero/Sequence/Siwang/sc/黑屏转场_0006.png,Assets/Game/ColorTiming/Art/Image/Hero/Sequence/Siwang/sc/黑屏转场_0006.png
89c6a677186e8ac43974164976d84406,Assets/Art/Image/Scene/B1/a1/a1待_71.png,Assets/Game/ColorTiming/Art/Image/Scene/B1/a1/a1待_71.png
89cefdd024734a941952a05d2b5dff71,Assets/Plugins/Spine/Runtime/spine-csharp/Attachments/RegionAttachment.cs,Assets/Plugins/Spine/Runtime/spine-csharp/Attachments/RegionAttachment.cs
89f2eaad23986d14f8d69a14e57770e5,Assets/Art/Image/Scene/B1/a5/c/a5草动_18.png,Assets/Game/ColorTiming/Art/Image/Scene/B1/a5/c/a5草动_18.png
89f670b5c8ce7294d816ac5351759c8f,Assets/Art/Image/Hero/Sequence/futou/gongji/hong/红色斧头攻击_0016.png,Assets/Game/ColorTiming/Art/Image/Hero/Sequence/futou/gongji/hong/红色斧头攻击_0016.png
89fe26a43ed409f408afc1959905ce7b,Assets/Art/Image/Hero/Sequence/futou/gongji/chen/橙色斧头蓄力完成（原地）_0002.png,Assets/Game/ColorTiming/Art/Image/Hero/Sequence/futou/gongji/chen/橙色斧头蓄力完成（原地）_0002.png
8a479d9dbfe67974eb1f5aa1eace51a2,Assets/Art/Image/Hero/Sequence/Shouji/受击曝光_0000.png,Assets/Game/ColorTiming/Art/Image/Hero/Sequence/Shouji/受击曝光_0000.png
8a58dc3731bdd2849a0ddf54d20b1c57,Assets/Art/Image/Hero/Sequence/Chuizi/Gongji/Hong/xuli_do_hong.anim,Assets/Game/ColorTiming/Art/Image/Hero/Sequence/Chuizi/Gongji/Hong/xuli_do_hong.anim
8a6e78a36711f8740b6c91e2d0872418,Assets/Art/Image/Hero/Sequence/Dao/daiji/橙色刀待机_0000.png,Assets/Game/ColorTiming/Art/Image/Hero/Sequence/Dao/daiji/橙色刀待机_0000.png
8a83b543a85c58441bf72738d7f8ff68,Assets/Art/Image/Scene/B2/纸片4.png,Assets/Game/ColorTiming/Art/Image/Scene/B2/纸片4.png
8aaf24a13928a21468a3e1aa5d10b83e,Assets/Art/Image/Hero/Sequence/feiji/skill/橙色飞机爆炸_0002.png,Assets/Game/ColorTiming/Art/Image/Hero/Sequence/feiji/skill/橙色飞机爆炸_0002.png
8ab25ccd2b0b220499706f6cb57fe1d1,Assets/Art/Image/Scene/B1/a2/c/a2草动_62.png,Assets/Game/ColorTiming/Art/Image/Scene/B1/a2/c/a2草动_62.png
8ab94c14b3b796f42aaa11482d2c26f1,Assets/Art/Image/Scene/B1/a4/dj/skeleton-animation_030.png,Assets/Game/ColorTiming/Art/Image/Scene/B1/a4/dj/skeleton-animation_030.png
8ad108eb0e38eb04fabb4d2446955f4a,Assets/Art/Image/Scene/B1/a2/dj/a2草待机_74.png,Assets/Game/ColorTiming/Art/Image/Scene/B1/a2/dj/a2草待机_74.png
8b0eb57031b1ebe47b24fbf0da5f5dfd,Assets/Art/Image/Scene/B1/a5/c/a5草动_57.png,Assets/Game/ColorTiming/Art/Image/Scene/B1/a5/c/a5草动_57.png
8b191f34375c3a74f987acf728a3682d,Assets/Art/Image/Boss/Skill5/尖刺特效_13.png,Assets/Game/ColorTiming/Art/Image/Boss/Skill5/尖刺特效_13.png
8b1eaf4f27412b144a3818f0e66e2cd6,Assets/Art/Image/Weapon/炸2亮.png,Assets/Game/ColorTiming/Art/Image/Weapon/炸2亮.png
8b3c0568d9119254fac6e5567276db6c,Assets/Art/Image/Scene/B1/a5/c/a5草动_66.png,Assets/Game/ColorTiming/Art/Image/Scene/B1/a5/c/a5草动_66.png
8b40cfb462a8b774891e1604e5360d32,Assets/Plugins/Spine/Runtime/spine-csharp/Attachments/VertexAttachment.cs,Assets/Plugins/Spine/Runtime/spine-csharp/Attachments/VertexAttachment.cs
8b4239abe56b39748afe529e503c6e77,Assets/Art/Image/Hero/Sequence/Zhadan/gongji/投掷（绿）_0008.png,Assets/Game/ColorTiming/Art/Image/Hero/Sequence/Zhadan/gongji/投掷（绿）_0008.png
8b73b51a73b982347aa0e3c29fb9fb36,Assets/Art/Image/Weapon/Tip1/提示圈-第一章_0034.png,Assets/Game/ColorTiming/Art/Image/Weapon/Tip1/提示圈-第一章_0034.png
8b73ce9686be48041bd958f1b490c800,Assets/Art/Image/Scene/B1/a1/a1待_16.png,Assets/Game/ColorTiming/Art/Image/Scene/B1/a1/a1待_16.png
8b8e79d3ecef7e44da252b2765a8ba11,Assets/Art/Image/Scene/B1/a3/dj/a3草待机_128.png,Assets/Game/ColorTiming/Art/Image/Scene/B1/a3/dj/a3草待机_128.png
8ba7e46805fba8549a84cffb74660868,Assets/Art/Image/Hero/Sequence/Zhadan/gongji/投掷（绿）_0007.png,Assets/Game/ColorTiming/Art/Image/Hero/Sequence/Zhadan/gongji/投掷（绿）_0007.png
8bc08eaa6f64cc54a969dd323964db8a,Assets/Art/Image/Hero/Sequence/jiandao/gongji/Skill/剪刀命中特效2_0003.png,Assets/Game/ColorTiming/Art/Image/Hero/Sequence/jiandao/gongji/Skill/剪刀命中特效2_0003.png
8bc803f3a4658dc4f81352eb21dce505,Assets/Art/Image/Hero/Sequence/feiji/gongji/红色飞机投掷_0012.png,Assets/Game/ColorTiming/Art/Image/Hero/Sequence/feiji/gongji/红色飞机投掷_0012.png
8bcc3045fe2ed2641a4eeae3d96ef8dc,Assets/Art/Image/Scene/B1/a1/a1待_78.png,Assets/Game/ColorTiming/Art/Image/Scene/B1/a1/a1待_78.png
8bd14c7643597a74ba2edc10a5e4c4ed,Assets/Plugins/Spine/Editor/spine-unity/Editor/GUI/icon-skinsRoot.png,Assets/Plugins/Spine/Editor/spine-unity/Editor/GUI/icon-skinsRoot.png
8bd46fd1dd4e51645a14d5fcf7926298,Assets/Art/Image/Hero/Sequence/Chuizi/Gongji/Hong/移动蓄力（红）_0008.png,Assets/Game/ColorTiming/Art/Image/Hero/Sequence/Chuizi/Gongji/Hong/移动蓄力（红）_0008.png
8bd713f3cc91a0d43b10885389cfd7b5,Assets/Art/Image/Scene/B1/a3/dj/a3草待机_108.png,Assets/Game/ColorTiming/Art/Image/Scene/B1/a3/dj/a3草待机_108.png
8bdcdc7ee298e594a9c20c61d25c33b6,Assets/Plugins/Spine/Runtime/spine-unity/Shaders/BlendModes/Spine-Skeleton-PMA-Multiply.shader,Assets/Plugins/Spine/Runtime/spine-unity/Shaders/BlendModes/Spine-Skeleton-PMA-Multiply.shader
8c16006ec02b17b4a8afb5826238fe4b,Assets/Art/Image/Scene/B1/a1/a1待_65.png,Assets/Game/ColorTiming/Art/Image/Scene/B1/a1/a1待_65.png
8c19eca6134e20845bcb197e6a21f580,Assets/Art/Image/Scene/B1/a1/a1待_60.png,Assets/Game/ColorTiming/Art/Image/Scene/B1/a1/a1待_60.png
8c2398c04cfe49b469d09e2917f298ed,Assets/Art/Image/Hero/Sequence/Yidong/Beimian/Anim_Hero_Move_ Hong_b.anim,Assets/Game/ColorTiming/Art/Image/Hero/Sequence/Yidong/Beimian/Anim_Hero_Move_ Hong_b.anim
8c2d31963b2093040b4b115290faa95b,Assets/Art/Image/Scene/B1/a3/c/a3草动_15.png,Assets/Game/ColorTiming/Art/Image/Scene/B1/a3/c/a3草动_15.png
8c391017874419f419b411468442fd79,Assets/Art/Image/Hero/Sequence/Chongci/冲刺_0007.png,Assets/Game/ColorTiming/Art/Image/Hero/Sequence/Chongci/冲刺_0007.png
8c457e326f1190446856b044de32fe74,Assets/Art/Sound/axe_chopping.WAV,Assets/Game/ColorTiming/Art/Sound/axe_chopping.WAV
8c65faa905f0276448f78e68e676f136,Assets/Art/Image/Scene/B1/a4/dj/skeleton-animation_054.png,Assets/Game/ColorTiming/Art/Image/Scene/B1/a4/dj/skeleton-animation_054.png
8c670642ca0b44740bd74c15210f6677,Assets/Game/Scripts/Skill/Skill_base.cs,Assets/Game/Scripts/ColorTiming/Legacy/Skill/Skill_base.cs
8c9e8512ffb125241b0f244a8610a159,Assets/Art/Image/Hero/Sequence/Siwang/sc/死亡动画背景_0042.png,Assets/Game/ColorTiming/Art/Image/Hero/Sequence/Siwang/sc/死亡动画背景_0042.png
8cb134d825cbd064895884816bb485f5,Assets/Art/Image/Weapon/Tip1/提示圈-第一章_0000.png,Assets/Game/ColorTiming/Art/Image/Weapon/Tip1/提示圈-第一章_0000.png
8cc02214bb4c78244968011054dc5902,Assets/Art/Image/Boss/Skill5/尖刺特效_02.png,Assets/Game/ColorTiming/Art/Image/Boss/Skill5/尖刺特效_02.png
8cc0f8a028aa5034b988b81c41587b07,Assets/Art/Image/Scene/B1/a3/c/a3草动_32.png,Assets/Game/ColorTiming/Art/Image/Scene/B1/a3/c/a3草动_32.png
8cc1dc6e0ff02eb46ad6a7dc7b8bb65a,Assets/Art/Image/Hero/Sequence/futou/gongji/hong/gongji_futou_hong.anim,Assets/Game/ColorTiming/Art/Image/Hero/Sequence/futou/gongji/hong/gongji_futou_hong.anim
8cc34c344cbc60f4da4bfa5072158e71,Assets/Art/Image/Hero/Sequence/Chuizi/Gongji/Zi/xuliw_do_zi.anim,Assets/Game/ColorTiming/Art/Image/Hero/Sequence/Chuizi/Gongji/Zi/xuliw_do_zi.anim
8cc9af0718e35fb4c9167c7cedf7740f,Assets/Art/Image/Scene/B1/a3,Assets/Game/ColorTiming/Art/Image/Scene/B1/a3
8cdc7f065f1d3db4a9e4df7e900887c6,Assets/Art/Image/Hero/Sequence/futou/gongji/lv/绿色斧头蓄力（原地）_0017.png,Assets/Game/ColorTiming/Art/Image/Hero/Sequence/futou/gongji/lv/绿色斧头蓄力（原地）_0017.png
8ce7049d46fb9b349a691ef3c40e5103,Assets/Art/Image/Hero/Sequence/futou/gongji/zhi/紫色斧头蓄力完成（移动）_0002.png,Assets/Game/ColorTiming/Art/Image/Hero/Sequence/futou/gongji/zhi/紫色斧头蓄力完成（移动）_0002.png
8cf419c614704fa4a9436d172aeb3d80,Assets/Art/Image/Hero/Sequence/Siwang/被击杀后_0007.png,Assets/Game/ColorTiming/Art/Image/Hero/Sequence/Siwang/被击杀后_0007.png
8d0952649e71d1142b6a26708578150b,Assets/Art/Image/Hero/Sequence/Zhadan/gongji/投掷（绿）_0004.png,Assets/Game/ColorTiming/Art/Image/Hero/Sequence/Zhadan/gongji/投掷（绿）_0004.png
8d2074b9968b137448525ccb06b6a3c3,Assets/Art/Image/Hero/Sequence/Chuizi/Gongji/Lv/移动蓄力完成（绿）_0005.png,Assets/Game/ColorTiming/Art/Image/Hero/Sequence/Chuizi/Gongji/Lv/移动蓄力完成（绿）_0005.png
8d3333a9a6715394681fb078174f454d,Assets/Art/Image/Hero/Sequence/feiji/skill/红色飞机爆炸_0008.png,Assets/Game/ColorTiming/Art/Image/Hero/Sequence/feiji/skill/红色飞机爆炸_0008.png
8d3a864633587314fbfb1cb1f4843cdf,Assets/Art/Image/Hero/Sequence/feiji/skill/绿色飞机爆炸_0016.png,Assets/Game/ColorTiming/Art/Image/Hero/Sequence/feiji/skill/绿色飞机爆炸_0016.png
8d5f886b03f6b4042ad0e22b8a571f2b,Assets/Art/Image/Scene/B1/a5/dj/skeleton-animation_056.png,Assets/Game/ColorTiming/Art/Image/Scene/B1/a5/dj/skeleton-animation_056.png
8d6c95577d6b64844a1d0350097f56f4,Assets/Art/Image/Scene/B1/a3/c/a3草动_27.png,Assets/Game/ColorTiming/Art/Image/Scene/B1/a3/c/a3草动_27.png
8d6f186ed06a35f489c5616730521970,Assets/Game/Prefba/Scene/b2_cao_a2 1.prefab,Assets/Game/Prefabs/World/ColorTiming/b2_cao_a2 1.prefab
8d77bd88f80d1b54c9e808c8586ac072,Assets/Art/Image/Hero/Sequence/futou/gongji/hong/红色斧头蓄力（原地）_0014.png,Assets/Game/ColorTiming/Art/Image/Hero/Sequence/futou/gongji/hong/红色斧头蓄力（原地）_0014.png
8d857b61b19aae24cb8171a7c2935d65,Assets/Art/Image/Hero/Sequence/feiji/skill/橙色飞机（空中）_0002.png,Assets/Game/ColorTiming/Art/Image/Hero/Sequence/feiji/skill/橙色飞机（空中）_0002.png
8d9cb6d1c361da9438d07a4be651e14e,Assets/Art/Image/Scene/B1/a4/dj/skeleton-animation_051.png,Assets/Game/ColorTiming/Art/Image/Scene/B1/a4/dj/skeleton-animation_051.png
8db57c8ca8678ce4a82571ff112a5d3a,Assets/Art/Image/Hero/Sequence/Dao/gongji/橙色刀攻击_0011.png,Assets/Game/ColorTiming/Art/Image/Hero/Sequence/Dao/gongji/橙色刀攻击_0011.png
8de2a288dfbc4864b9b7ce404157f5e0,Assets/Art/Image/Hero/Sequence/futou/gongji/zhi/紫色斧头蓄力（移动）_0004.png,Assets/Game/ColorTiming/Art/Image/Hero/Sequence/futou/gongji/zhi/紫色斧头蓄力（移动）_0004.png
8ded08c3ff9144a48bf85bf3e91dc35b,Assets/Art/Image/Hero/Sequence/feiji/yidong/红色飞机移动_0003.png,Assets/Game/ColorTiming/Art/Image/Hero/Sequence/feiji/yidong/红色飞机移动_0003.png
8e0e8ccb257b49b41b8413df07f3442d,Assets/Art/Image/Hero/Sequence/jiandao/gongji/红色剪刀攻击_0003.png,Assets/Game/ColorTiming/Art/Image/Hero/Sequence/jiandao/gongji/红色剪刀攻击_0003.png
8e26b5ff83d148e409b510ec76daefaf,Assets/Art/Image/Hero/Sequence/Chuizi/Gongji/Zi/移动蓄力（紫）_0016.png,Assets/Game/ColorTiming/Art/Image/Hero/Sequence/Chuizi/Gongji/Zi/移动蓄力（紫）_0016.png
8e60be42c1473144db0fd3337c25b500,Assets/Plugins/Spine/Runtime/spine-unity/Asset Types/EventDataReferenceAsset.cs,Assets/Plugins/Spine/Runtime/spine-unity/Asset Types/EventDataReferenceAsset.cs
8e6dda5463960f94b8857f50cc409cca,Assets/Art/Image/Hero/Sequence/feiji/skill/feiji_hong 1.anim,Assets/Game/ColorTiming/Art/Image/Hero/Sequence/feiji/skill/feiji_hong 1.anim
8e9c7d269ca2a144c99795049da40d2c,Assets/Art/Image/Hero/Sequence/feiji/skill/红色飞机爆炸_0021.png,Assets/Game/ColorTiming/Art/Image/Hero/Sequence/feiji/skill/红色飞机爆炸_0021.png
8ea66f494181b79468255b7f9a99f503,Assets/Art/Image/Hero/Sequence/Chuizi/Gongji/Lv/移动蓄力（绿）_0006.png,Assets/Game/ColorTiming/Art/Image/Hero/Sequence/Chuizi/Gongji/Lv/移动蓄力（绿）_0006.png
8ea75275be2d2e6469e1ff05d8225756,Assets/Art/Image/Scene/B1/a2/c/a2草动_20.png,Assets/Game/ColorTiming/Art/Image/Scene/B1/a2/c/a2草动_20.png
8eac55e905250914ab30bfb03526754d,Assets/Art/Image/Scene/B1/a3/c,Assets/Game/ColorTiming/Art/Image/Scene/B1/a3/c
8eafb87c231db6945b6bf3b5163f7c7c,Assets/Art/Image/Hero/Sequence/Siwang/sc/死亡动画背景_0003.png,Assets/Game/ColorTiming/Art/Image/Hero/Sequence/Siwang/sc/死亡动画背景_0003.png
8eb18d829764f3b4c8b397efb2bdd49b,Assets/Art/Image/Hero/Sequence/jiandao/daiji/红色剪刀待机_0005.png,Assets/Game/ColorTiming/Art/Image/Hero/Sequence/jiandao/daiji/红色剪刀待机_0005.png
8eb621a60c6a6f243b6c18d51bd7195b,Assets/Art/Image/Hero/Sequence/futou/gongji/zhi/紫色斧头蓄力完成（移动）_0003.png,Assets/Game/ColorTiming/Art/Image/Hero/Sequence/futou/gongji/zhi/紫色斧头蓄力完成（移动）_0003.png
8eb9022914ed9d446b9af2f3c04370d1,Assets/Art/Image/Boss2/Shenti/第二章boss.atlas.txt,Assets/Game/ColorTiming/Art/Image/Boss2/Shenti/第二章boss.atlas.txt
8ec4263ecccf85e4aafc0e94141d530a,Assets/Art/Image/Scene/B1/a4/c/a4草动_60.png,Assets/Game/ColorTiming/Art/Image/Scene/B1/a4/c/a4草动_60.png
8ec800caeff77f042bba2a57c7f44734,Assets/Art/Image/Scene/B1/a5/dj/skeleton-animation_089.png,Assets/Game/ColorTiming/Art/Image/Scene/B1/a5/dj/skeleton-animation_089.png
8eef70a88866fda429c84318170b892f,Assets/Art/Image/Boss/Skill5/尖刺特效_60.png,Assets/Game/ColorTiming/Art/Image/Boss/Skill5/尖刺特效_60.png
8efd4ad65c52fb241b2876914111d535,Assets/Art/Image/Hero/Sequence/Siwang/sc/死亡动画背景_0011.png,Assets/Game/ColorTiming/Art/Image/Hero/Sequence/Siwang/sc/死亡动画背景_0011.png
8f16fe4992776fb429bef606fe363f70,Assets/Art/Image/Hero/Sequence/feiji/skill/红色飞机（空中）_0003.png,Assets/Game/ColorTiming/Art/Image/Hero/Sequence/feiji/skill/红色飞机（空中）_0003.png
8f1c03fd75275e244a11217f453dd712,Assets/Art/Image/Hero/Sequence/feiji/daiji/紫色飞机待机_0003.png,Assets/Game/ColorTiming/Art/Image/Hero/Sequence/feiji/daiji/紫色飞机待机_0003.png
8f321f065908a4447a7ba8f9032c4043,Assets/Art/Image/Hero/Sequence/Dao/yidong/yidong_dao_chen.anim,Assets/Game/ColorTiming/Art/Image/Hero/Sequence/Dao/yidong/yidong_dao_chen.anim
8f483e2d7033d9c408fcfcc4348a5b75,Assets/Art/Image/Hero/Sequence/Yidong/Beimian/红色移动（背面）_0005.png,Assets/Game/ColorTiming/Art/Image/Hero/Sequence/Yidong/Beimian/红色移动（背面）_0005.png
8f4b50c0baf1b6644874e116a7483045,Assets/Art/Image/Hero/Sequence/futou/yidong/绿色斧头移动_0004.png,Assets/Game/ColorTiming/Art/Image/Hero/Sequence/futou/yidong/绿色斧头移动_0004.png
8f4d4d70e7931144ba0def754252bb83,Assets/Art/Image/Hero/Sequence/Dao/gongji/紫色刀攻击_0002.png,Assets/Game/ColorTiming/Art/Image/Hero/Sequence/Dao/gongji/紫色刀攻击_0002.png
8f595677328e338479a569cb4c660e93,Assets/Game/Prefba/sk_Boss1_atk3 1.prefab,Assets/Game/Prefabs/Entity/ColorTiming/sk_Boss1_atk3 1.prefab
8f5cd807102c7cc4197dbc7c1defa0ac,Assets/Art/Image/Scene/B1/a6/dj/a6草待机_056.png,Assets/Game/ColorTiming/Art/Image/Scene/B1/a6/dj/a6草待机_056.png
8f5d14d2a7fedb84998c50eb96c8b748,Assets/Plugins/Spine/Runtime/spine-unity/Shaders/Outline/SkeletonGraphic/Spine-SkeletonGraphic-Outline.shader,Assets/Plugins/Spine/Runtime/spine-unity/Shaders/Outline/SkeletonGraphic/Spine-SkeletonGraphic-Outline.shader
8f6ccb737cf962a4486dee3cddde182c,Assets/Art/Image/Boss2/Weiba/第二章boss.json,Assets/Game/ColorTiming/Art/Image/Boss2/Weiba/第二章boss.json
8f8c8e82e9bfdd74184c93cd8713ed5f,Assets/Art/Image/Hero/Sequence/futou/gongji/chen/橙色斧头蓄力（原地）_0004.png,Assets/Game/ColorTiming/Art/Image/Hero/Sequence/futou/gongji/chen/橙色斧头蓄力（原地）_0004.png
8fb90192c33140c4bbf705528a3934c1,Assets/Art/Image/Scene/B1/a1/a1待_15.png,Assets/Game/ColorTiming/Art/Image/Scene/B1/a1/a1待_15.png
8fd03d3640e1b6545a890f6d620081f2,Assets/Art/Image/Hero/Sequence/Dao/gongji/红色刀攻击_0011.png,Assets/Game/ColorTiming/Art/Image/Hero/Sequence/Dao/gongji/红色刀攻击_0011.png
8ff023f7931769b48822cf8c1eb046f9,Assets/Art/Image/Hero/Sequence/futou/gongji/chen/橙色斧头攻击_0008.png,Assets/Game/ColorTiming/Art/Image/Hero/Sequence/futou/gongji/chen/橙色斧头攻击_0008.png
900196e3ee8b52b42b5730298acb12e3,Assets/Art/Image/Scene/B1/a2/dj/a2草待机_69.png,Assets/Game/ColorTiming/Art/Image/Scene/B1/a2/dj/a2草待机_69.png
90138e2cc7c561143846e1412ec2e0bf,Assets/Art/Image/Hero/Sequence/Siwang/被击杀后_0034.png,Assets/Game/ColorTiming/Art/Image/Hero/Sequence/Siwang/被击杀后_0034.png
9056f656c542eab42a66b724120d45a7,Assets/Art/Image/Scene/B1/a5/c/a5草动_74.png,Assets/Game/ColorTiming/Art/Image/Scene/B1/a5/c/a5草动_74.png
905a849a3062dd3428b30b670f97e297,Assets/Art/Image/Scene/B1/a3/c/a3草动_05.png,Assets/Game/ColorTiming/Art/Image/Scene/B1/a3/c/a3草动_05.png
905ff59006434084e8cb2e81815e3e99,Assets/Art/Image/Hero/Sequence/Dao/yidong/紫色刀移动_0004.png,Assets/Game/ColorTiming/Art/Image/Hero/Sequence/Dao/yidong/紫色刀移动_0004.png
909ab18459e5cf9479af809a910a78c3,Assets/Art/Image/Hero/Sequence/Chuizi/Gongji/Lv/原地蓄力（绿）_0015.png,Assets/Game/ColorTiming/Art/Image/Hero/Sequence/Chuizi/Gongji/Lv/原地蓄力（绿）_0015.png
90a31a1c90ab01645bd3cd9859ff5729,Assets/Art/Image/Hero/Sequence/futou/gongji/hong/红色斧头攻击_0009.png,Assets/Game/ColorTiming/Art/Image/Hero/Sequence/futou/gongji/hong/红色斧头攻击_0009.png
90a5353974fcbf044b3dc5a9f5a62896,Assets/Art/Image/Hero/Sequence/futou/gongji/lv/绿色斧头蓄力（移动）_0000.png,Assets/Game/ColorTiming/Art/Image/Hero/Sequence/futou/gongji/lv/绿色斧头蓄力（移动）_0000.png
90a8832a1f3c5f846b8773dc0e1c3238,Assets/Plugins/Spine/Runtime/spine-csharp/Triangulator.cs,Assets/Plugins/Spine/Runtime/spine-csharp/Triangulator.cs
90ab198fb3a84d7498a196d3efdbd016,Assets/Art/Image/Hero/Sequence/feiji/gongji/绿色飞机投掷_0010.png,Assets/Game/ColorTiming/Art/Image/Hero/Sequence/feiji/gongji/绿色飞机投掷_0010.png
90be42c7776828f47a91efa1b634989a,Assets/Art/Image/Scene/B1/a3/dj/a3草待机_020.png,Assets/Game/ColorTiming/Art/Image/Scene/B1/a3/dj/a3草待机_020.png
90d11741d080e984d92189c2d5d7957a,Assets/Art/Image/Hero/Sequence/Dao/gongji/红色刀攻击_0005.png,Assets/Game/ColorTiming/Art/Image/Hero/Sequence/Dao/gongji/红色刀攻击_0005.png
90e1091d3789c7441954ada88aefa1db,Assets/Art/Image/Scene/B1/a3/dj/a3草待机_051.png,Assets/Game/ColorTiming/Art/Image/Scene/B1/a3/dj/a3草待机_051.png
90f625db7e09a384280138acf53228f9,Assets/Game/Prefba/HitFX_Jiandao1 1.prefab,Assets/Game/Prefabs/Entity/ColorTiming/HitFX_Jiandao1 1.prefab
90fe10138d304294d85d676f6350decb,Assets/Art/Image/Hero/Sequence/Yidong/Beimian/紫色移动（背面）_0003.png,Assets/Game/ColorTiming/Art/Image/Hero/Sequence/Yidong/Beimian/紫色移动（背面）_0003.png
91066161b32f01b4991017a9b93e807e,Assets/Art/Image/Hero/Sequence/Chuizi/Gongji/Zi/攻击动作（紫）_0008.png,Assets/Game/ColorTiming/Art/Image/Hero/Sequence/Chuizi/Gongji/Zi/攻击动作（紫）_0008.png
913475501bf19374c84390868a9d6d3d,Assets/Plugins/Spine/Runtime/spine-unity/Shaders/Utility/HiddenPass.shader,Assets/Plugins/Spine/Runtime/spine-unity/Shaders/Utility/HiddenPass.shader
9134ba2862bb02448a1a1ca090ef5312,Assets/Art/Image/Hero/Sequence/jiandao/daiji/绿色剪刀待机_0006.png,Assets/Game/ColorTiming/Art/Image/Hero/Sequence/jiandao/daiji/绿色剪刀待机_0006.png
91361f9d1984ba741a473a09c962631e,Assets/Art/Image/Hero/Sequence/Zhadan/gongji/投掷（紫）_0006.png,Assets/Game/ColorTiming/Art/Image/Hero/Sequence/Zhadan/gongji/投掷（紫）_0006.png
9139574fc6ae87b4e89d50de6fff67df,Assets/Art/Image/Hero/Sequence/Dao/daiji/红色刀待机_0010.png,Assets/Game/ColorTiming/Art/Image/Hero/Sequence/Dao/daiji/红色刀待机_0010.png
914646661c80c14429a138901e08b776,Assets/Art/Image/Scene/B1/a5/dj,Assets/Game/ColorTiming/Art/Image/Scene/B1/a5/dj
914e060ed78fbca4ca95850b6ca093fd,Assets/Art/Image/Hero/Sequence/Shouji/hit_sccc.controller,Assets/Game/ColorTiming/Art/Image/Hero/Sequence/Shouji/hit_sccc.controller
9159d05b7c4796c4b81e410e0953137d,Assets/Art/Image/Scene/B1/a3/dj/a3草待机_083.png,Assets/Game/ColorTiming/Art/Image/Scene/B1/a3/dj/a3草待机_083.png
916f8e6534860cc40824adfc2916baa7,Assets/Plugins/Spine/Runtime/spine-csharp/IkConstraint.cs,Assets/Plugins/Spine/Runtime/spine-csharp/IkConstraint.cs
917b68b841252f546a3befe360845209,Assets/Art/Image/Boss/第二关BOSS拆分3.png,Assets/Game/ColorTiming/Art/Image/Boss/第二关BOSS拆分3.png
917bbca22db3f684c8a6b9e20d381073,Assets/Art/Image/Hero/Sequence/jiandao/gongji/绿色剪刀攻击_0004.png,Assets/Game/ColorTiming/Art/Image/Hero/Sequence/jiandao/gongji/绿色剪刀攻击_0004.png
917fb5355ff587f4a9606a51f4a785fc,Assets/Art/Image/Hero/Sequence/futou/gongji/chen/橙色斧头蓄力（原地）_0012.png,Assets/Game/ColorTiming/Art/Image/Hero/Sequence/futou/gongji/chen/橙色斧头蓄力（原地）_0012.png
91affeed33253cf4da866a46bc8f1187,Assets/Art/Sound/ui_menu_switching.wav,Assets/Game/ColorTiming/Art/Sound/ui_menu_switching.wav
91c43f1268d96cd4fbc33e76a0662205,Assets/Art/Image/Hero/Sequence/futou/gongji/zhi/紫色斧头攻击_0016.png,Assets/Game/ColorTiming/Art/Image/Hero/Sequence/futou/gongji/zhi/紫色斧头攻击_0016.png
91c4a455a38b5084683df84cd9ae4a66,Assets/Art/Image/ui/g1.png,Assets/Game/ColorTiming/Art/Image/ui/g1.png
91ceb339ed4414f4fbdbd6db5d94a3dd,Assets/Art/Image/Hero/Sequence/Dao/daiji/绿色刀待机_0008.png,Assets/Game/ColorTiming/Art/Image/Hero/Sequence/Dao/daiji/绿色刀待机_0008.png
91ff24315a440cb4289a2d0da07e7f6d,Assets/Art/Image/Scene/B1/a6/dj/a6草待机_027.png,Assets/Game/ColorTiming/Art/Image/Scene/B1/a6/dj/a6草待机_027.png
9216f5f99b608e148b17f0fddbacc510,Assets/Art/Image/Hero/Sequence/futou/gongji/zhi/紫色斧头攻击_0001.png,Assets/Game/ColorTiming/Art/Image/Hero/Sequence/futou/gongji/zhi/紫色斧头攻击_0001.png
92444283066baea4cbc3e38379645164,Assets/Art/Image/Hero/Sequence/Dao/daiji/紫色刀待机_0002.png,Assets/Game/ColorTiming/Art/Image/Hero/Sequence/Dao/daiji/紫色刀待机_0002.png
9247e9655071dbf408eaea6321f5ac5b,Assets/Art/Image/Hero/Sequence/feiji/skill/绿色飞机爆炸_0000.png,Assets/Game/ColorTiming/Art/Image/Hero/Sequence/feiji/skill/绿色飞机爆炸_0000.png
927db3b0e0f28a940a6c3b2761c6d13c,Assets/Art/Image/Hero/Sequence/jiandao/gongji/红色剪刀攻击_0020.png,Assets/Game/ColorTiming/Art/Image/Hero/Sequence/jiandao/gongji/红色剪刀攻击_0020.png
92b0f859839203240a58b9026898470f,Assets/Art/Image/Hero/Sequence/jiandao/daiji/绿色剪刀待机_0008.png,Assets/Game/ColorTiming/Art/Image/Hero/Sequence/jiandao/daiji/绿色剪刀待机_0008.png
92b44f62496ebcc4fa25f784c44b91f0,Assets/Art/Image/Hero/Sequence/jiandao/gongji/绿色剪刀攻击_0013.png,Assets/Game/ColorTiming/Art/Image/Hero/Sequence/jiandao/gongji/绿色剪刀攻击_0013.png
92cf788514eea994a9f842bc96f97283,Assets/Art/Image/Hero/Sequence/feiji/gongji/橙色飞机投掷_0003.png,Assets/Game/ColorTiming/Art/Image/Hero/Sequence/feiji/gongji/橙色飞机投掷_0003.png
92e68db89abd44d4397d7929a93f83c0,Assets/Art/Image/Hero/Sequence/Chuizi/yidong/红色锤子移动_0000.png,Assets/Game/ColorTiming/Art/Image/Hero/Sequence/Chuizi/yidong/红色锤子移动_0000.png
92e8d0f287dbe7e468cb6c0326ef73c5,Assets/Art/Image/Hero/Sequence/feiji/daiji/紫色飞机待机_0008.png,Assets/Game/ColorTiming/Art/Image/Hero/Sequence/feiji/daiji/紫色飞机待机_0008.png
92ec7079bd39db64f852b21ca7931e2f,Assets/Art/Image/Weapon/Tip1/提示圈-第一章_0027.png,Assets/Game/ColorTiming/Art/Image/Weapon/Tip1/提示圈-第一章_0027.png
92f142d83bb5c2c48bcd4c7028dddd63,Assets/Art/Image/Scene/B1/a2/dj/a2草待机_82.png,Assets/Game/ColorTiming/Art/Image/Scene/B1/a2/dj/a2草待机_82.png
92fb790583c89a74695fc5e567d3aa80,Assets/Art/Image/Hero/Sequence/Dao/gongji/红色刀攻击_0001.png,Assets/Game/ColorTiming/Art/Image/Hero/Sequence/Dao/gongji/红色刀攻击_0001.png
9301763fc50a8bb47959cb23a3a85904,Assets/Art/Image/Hero/Sequence/Gongji/普攻特效_0001.png,Assets/Game/ColorTiming/Art/Image/Hero/Sequence/Gongji/普攻特效_0001.png
9309d4f4ff8f73742a13c2b2298fed66,Assets/Art/Image/Scene/B1/a2/c/a2草动_32.png,Assets/Game/ColorTiming/Art/Image/Scene/B1/a2/c/a2草动_32.png
931a300a4444e354e8db4cebdc3a0faa,Assets/Art/Image/Weapon/Tip1/提示圈-第一章_0024.png,Assets/Game/ColorTiming/Art/Image/Weapon/Tip1/提示圈-第一章_0024.png
932d49a9f989f3f4bb4c214eed4fc931,Assets/Art/Image/Hero/Sequence/feiji/skill/紫色飞机爆炸_0022.png,Assets/Game/ColorTiming/Art/Image/Hero/Sequence/feiji/skill/紫色飞机爆炸_0022.png
934366cbb0b605a4e8d82eae91179bfb,Assets/Game/Scripts/UI/UI_SoundManager.cs,Assets/Game/Scripts/ColorTiming/Legacy/UI/UI_SoundManager.cs
934c4904871588e408bb57f360b8ee65,Assets/Art/Image/Hero/Sequence/Zhadan/yidong/紫色炸弹移动_0003.png,Assets/Game/ColorTiming/Art/Image/Hero/Sequence/Zhadan/yidong/紫色炸弹移动_0003.png
937553d37278cd846aab5ff94ec8f9ce,Assets/Art/Image/Hero/Sequence/futou/daiji/绿色斧头待机_0001.png,Assets/Game/ColorTiming/Art/Image/Hero/Sequence/futou/daiji/绿色斧头待机_0001.png
9383cc9713dcc8e459f2865482184f22,Assets/Art/Image/Scene/B1/a5/c/a5草动_48.png,Assets/Game/ColorTiming/Art/Image/Scene/B1/a5/c/a5草动_48.png
938b5ea0485fe1a4ea4d3bf677683d2c,Assets/Art/Image/Hero/Sequence/Chuizi/Gongji/Zi,Assets/Game/ColorTiming/Art/Image/Hero/Sequence/Chuizi/Gongji/Zi
938cd315239056140857e49e2d33f4fd,Assets/Art/Image/Boss/Spine2/BOSS拆分2.png,Assets/Game/ColorTiming/Art/Image/Boss/Spine2/BOSS拆分2.png
938d22f21578a704c8b596c12664fe30,Assets/Art/Image/Hero/Sequence/futou/daiji/红色斧头待机_0000.png,Assets/Game/ColorTiming/Art/Image/Hero/Sequence/futou/daiji/红色斧头待机_0000.png
9393f4e134f39914fbe734f6bc7af0ae,Assets/Art/Image/Hero/Sequence/jiandao/daiji/紫色剪刀待机_0001.png,Assets/Game/ColorTiming/Art/Image/Hero/Sequence/jiandao/daiji/紫色剪刀待机_0001.png
93b8ef557ce6f8942b545bada85445c8,Assets/Art/Image/Hero/Sequence/feiji/yidong/红色飞机移动_0001.png,Assets/Game/ColorTiming/Art/Image/Hero/Sequence/feiji/yidong/红色飞机移动_0001.png
93c933cb614446248a1e77d71207a329,Assets/Art/Image/Hero/Sequence/futou/gongji/zhi,Assets/Game/ColorTiming/Art/Image/Hero/Sequence/futou/gongji/zhi
93ce65705e5aff94296d70b1a4da23ec,Assets/Art/Image/Hero/Sequence/Siwang/被击杀后_0032.png,Assets/Game/ColorTiming/Art/Image/Hero/Sequence/Siwang/被击杀后_0032.png
93d9a5dcec56fe046bf4b8d0e541005f,Assets/Art/Image/Hero/Sequence/futou/gongji/hong/红色斧头蓄力（移动）_0014.png,Assets/Game/ColorTiming/Art/Image/Hero/Sequence/futou/gongji/hong/红色斧头蓄力（移动）_0014.png
93de6c3c5b898d548ba0c2020763047c,Assets/Art/Image/Hero/Sequence/Chuizi/Gongji/Hong/xuli_yu_hong.anim,Assets/Game/ColorTiming/Art/Image/Hero/Sequence/Chuizi/Gongji/Hong/xuli_yu_hong.anim
93e7c6b654cab6e4ab49b5bab08bd856,Assets/Art/Image/Hero/Sequence/Siwang/被击杀时的震动_0006.png,Assets/Game/ColorTiming/Art/Image/Hero/Sequence/Siwang/被击杀时的震动_0006.png
93ef914af92c67c41b856fed409713a5,Assets/Art/Image/Scene/B1/a3/dj/a3草待机_022.png,Assets/Game/ColorTiming/Art/Image/Scene/B1/a3/dj/a3草待机_022.png
93f5c80b671f6de4589645f76e9c4e4c,Assets/Art/Image/Scene/B1/a5/dj/skeleton-animation_113.png,Assets/Game/ColorTiming/Art/Image/Scene/B1/a5/dj/skeleton-animation_113.png
940188cd303c0774b9027bdbb9a524a5,Assets/Art/Image/Scene/B1/a3/c/a3草动_63.png,Assets/Game/ColorTiming/Art/Image/Scene/B1/a3/c/a3草动_63.png
9404bd09f4aef8544b55ebbcee6b18a2,Assets/Art/Image/Weapon/Tip1/提示圈-第一章_0019.png,Assets/Game/ColorTiming/Art/Image/Weapon/Tip1/提示圈-第一章_0019.png
9410d63d965aaae48a3d3a6434ce366a,Assets/Art/Image/Hero/Sequence/futou/yidong/红色斧头移动_0000.png,Assets/Game/ColorTiming/Art/Image/Hero/Sequence/futou/yidong/红色斧头移动_0000.png
941c8b36c1537f74e967390d29af807f,Assets/Art/Image/Hero/Sequence/feiji/skill/feiji_lv 1.anim,Assets/Game/ColorTiming/Art/Image/Hero/Sequence/feiji/skill/feiji_lv 1.anim
943f5eacd178e484fb4b3c659d072625,Assets/Art/Image/Hero/Sequence/Siwang,Assets/Game/ColorTiming/Art/Image/Hero/Sequence/Siwang
94ad1e9256073264785f806086a000ba,Assets/Plugins/Spine/Runtime/spine-csharp/IkConstraintData.cs,Assets/Plugins/Spine/Runtime/spine-csharp/IkConstraintData.cs
94bef58727c1b1a4587c7eab9b493de0,Assets/Art/Image/Hero/Sequence/Chuizi/yidong,Assets/Game/ColorTiming/Art/Image/Hero/Sequence/Chuizi/yidong
94c6e6b74fe2021439d56d71dabf861b,Assets/Art/Image/Scene/B1/a3/dj/a3草待机_114.png,Assets/Game/ColorTiming/Art/Image/Scene/B1/a3/dj/a3草待机_114.png
94c8397eecc4cdc45a574943c096817d,Assets/Art/Image/Hero/Sequence/Zhadan/skill/爆炸特效（红）_0023.png,Assets/Game/ColorTiming/Art/Image/Hero/Sequence/Zhadan/skill/爆炸特效（红）_0023.png
94cc6f6cecb54ec4fb55b8055284b871,Assets/Art/Image/Scene/B1/a2/dj/a2草待机_61.png,Assets/Game/ColorTiming/Art/Image/Scene/B1/a2/dj/a2草待机_61.png
94ecc7f73dfc0484e848a0e6a1a11f2b,Assets/Plugins/Spine/Editor/spine-unity/Editor/Utility/Instantiation.cs,Assets/Plugins/Spine/Editor/spine-unity/Editor/Utility/Instantiation.cs
94f6404efc925454e87f59ccefe2f49d,Assets/Art/Image/Hero/Sequence/Chuizi/Gongji/Lv/原地蓄力（绿）_0017.png,Assets/Game/ColorTiming/Art/Image/Hero/Sequence/Chuizi/Gongji/Lv/原地蓄力（绿）_0017.png
94fe565c79b0aeb418cd05e4f1f8343c,Assets/Plugins/Spine/Runtime/spine-unity/Materials/SkeletonGraphicTintBlackOutline.mat,Assets/Plugins/Spine/Runtime/spine-unity/Materials/SkeletonGraphicTintBlackOutline.mat
9508df5aea3b29f4d8b0c290e60ba0d7,Assets/Art/Image/Scene/B1/a4/dj/skeleton-animation_022.png,Assets/Game/ColorTiming/Art/Image/Scene/B1/a4/dj/skeleton-animation_022.png
9511532e80feed24881a5863f5485446,Assets/Plugins/Spine/Editor/spine-unity/Editor/Asset Types/AnimationReferenceAssetEditor.cs,Assets/Plugins/Spine/Editor/spine-unity/Editor/Asset Types/AnimationReferenceAssetEditor.cs
9520f3fab2ce66c45823fa6e24bd77e9,Assets/Art/Sound/boss_being_hit.WAV,Assets/Game/ColorTiming/Art/Sound/boss_being_hit.WAV
952688bf1044f60428b5e631fdb156fe,Assets/Art/Sound/bomb_burst.WAV,Assets/Game/ColorTiming/Art/Sound/bomb_burst.WAV
9534c65a8a837104b963190a43479d7a,Assets/Art/Image/Hero/Sequence/futou/gongji/chen/橙色斧头蓄力（原地）_0001.png,Assets/Game/ColorTiming/Art/Image/Hero/Sequence/futou/gongji/chen/橙色斧头蓄力（原地）_0001.png
953838676ee82e84d91d5f4fd71d0dba,Assets/Art/Image/Scene/B1/a5/dj/skeleton-animation_043.png,Assets/Game/ColorTiming/Art/Image/Scene/B1/a5/dj/skeleton-animation_043.png
953ce5dba400ef24ea5c43486b6cb930,Assets/Art/Image/Hero/Sequence/Zhadan/skill/爆炸特效（紫）_0003.png,Assets/Game/ColorTiming/Art/Image/Hero/Sequence/Zhadan/skill/爆炸特效（紫）_0003.png
953f913339b744742bd32f3eaba02880,Assets/Art/Image/Hero/Sequence/feiji/skill/绿色飞机爆炸_0003.png,Assets/Game/ColorTiming/Art/Image/Hero/Sequence/feiji/skill/绿色飞机爆炸_0003.png
9540024cfc82e00458db1aed61a54e7f,Assets/Art/Image/Hero/Sequence/futou/gongji/chen/gongji_futou_chen.anim,Assets/Game/ColorTiming/Art/Image/Hero/Sequence/futou/gongji/chen/gongji_futou_chen.anim
954179821df28404683b8289f05d0c6f,Assets/Plugins/Spine/Runtime/spine-unity/Components,Assets/Plugins/Spine/Runtime/spine-unity/Components
95466a4f5a30dca4aa69e8ee7df8ae85,Assets/Plugins/Spine/Runtime/spine-csharp/Attachments/AttachmentLoader.cs,Assets/Plugins/Spine/Runtime/spine-csharp/Attachments/AttachmentLoader.cs
955aed20030d0504b8a9c6934a5cb47a,Assets/Plugins/Spine/Editor/spine-unity/Editor/GUI/icon-boundingBox.png,Assets/Plugins/Spine/Editor/spine-unity/Editor/GUI/icon-boundingBox.png
95744f64db5526945a06a113c6ea1c42,Assets/Art/Image/Scene/B1/a2/dj/a2草待机_03.png,Assets/Game/ColorTiming/Art/Image/Scene/B1/a2/dj/a2草待机_03.png
957834a7921fbd849a127004764bde4d,Assets/Art/Image/Scene/B1/a2/c/a2草动_03.png,Assets/Game/ColorTiming/Art/Image/Scene/B1/a2/c/a2草动_03.png
95813afe390494344a6ce2cbc8bfb7d1,Assets/Plugins/Spine/Runtime/spine-unity/Components/RootMotion/SkeletonMecanimRootMotion.cs,Assets/Plugins/Spine/Runtime/spine-unity/Components/RootMotion/SkeletonMecanimRootMotion.cs
95900fcd3521dba4cae056fe139772da,Assets/Art/Image/Hero/Sequence/futou/gongji/lv/绿色斧头蓄力（原地）_0013.png,Assets/Game/ColorTiming/Art/Image/Hero/Sequence/futou/gongji/lv/绿色斧头蓄力（原地）_0013.png
959f779c36fc84e41a795795394de3b1,Assets/Art/Image/Hero/Sequence/futou/gongji/chen/橙色斧头蓄力（原地）_0005.png,Assets/Game/ColorTiming/Art/Image/Hero/Sequence/futou/gongji/chen/橙色斧头蓄力（原地）_0005.png
95c3219442146634a8209fc7cc5f6d92,Assets/Art/Image/Hero/Sequence/futou/gongji/chen/橙色斧头攻击_0016.png,Assets/Game/ColorTiming/Art/Image/Hero/Sequence/futou/gongji/chen/橙色斧头攻击_0016.png
95c7621a62e01a24385031b132e791f1,Assets/Art/Image/Scene/B1/a4/dj/skeleton-animation_096.png,Assets/Game/ColorTiming/Art/Image/Scene/B1/a4/dj/skeleton-animation_096.png
95c9c385fd0ea9345a0cecaf36b5d140,Assets/Art/Image/Hero/Sequence/jiandao/gongji/红色剪刀攻击_0021.png,Assets/Game/ColorTiming/Art/Image/Hero/Sequence/jiandao/gongji/红色剪刀攻击_0021.png
95d2dbada82b8b047bcb2e895787add0,Assets/Art/Image/UI_ESC/开启提示弹窗（按下）.png,Assets/Game/ColorTiming/Art/Image/UI_ESC/开启提示弹窗（按下）.png
95e43a71616095e4a87da15e0d0550a2,Assets/Art/Image/Scene/B1/a2/c/a2草动_63.png,Assets/Game/ColorTiming/Art/Image/Scene/B1/a2/c/a2草动_63.png
95ed30c6b48abc94d94bb5b2774e677c,Assets/Art/Image/Hero/Sequence/feiji/skill/红色飞机爆炸_0001.png,Assets/Game/ColorTiming/Art/Image/Hero/Sequence/feiji/skill/红色飞机爆炸_0001.png
960b2d817cf373b46ad69dc99336f9b5,Assets/Art/Image/Scene/B1/a2/c/a2草动_05.png,Assets/Game/ColorTiming/Art/Image/Scene/B1/a2/c/a2草动_05.png
966145785b5772043b2c8c6f6c764690,Assets/Art/Image/Hero/Sequence/futou/gongji/lv/绿色斧头攻击_0009.png,Assets/Game/ColorTiming/Art/Image/Hero/Sequence/futou/gongji/lv/绿色斧头攻击_0009.png
9663485bd10a2cf4da6a71f14e884f9c,Assets/Art/Image/Hero/Sequence/feiji/yidong/橙色飞机移动_0004.png,Assets/Game/ColorTiming/Art/Image/Hero/Sequence/feiji/yidong/橙色飞机移动_0004.png
96940ddc9831d1d4ab551e3810a29d28,Assets/Art/Image/Hero/Sequence/Chuizi/Daiji/紫色锤子待机_0000.png,Assets/Game/ColorTiming/Art/Image/Hero/Sequence/Chuizi/Daiji/紫色锤子待机_0000.png
96bff7c2db6b2e643a2c57af27ea8def,Assets/Game/Scripts/UI/UI_HeroHPBox.cs,Assets/Game/Scripts/ColorTiming/Legacy/UI/UI_HeroHPBox.cs
96ce7a20b10e758428c6dd07eedab865,Assets/Art/Image/Hero/Sequence/Dao/gongji/橙色刀攻击_0013.png,Assets/Game/ColorTiming/Art/Image/Hero/Sequence/Dao/gongji/橙色刀攻击_0013.png
96f30c217bdedda4c8025e03809b278e,Assets/Art/Image/Hero/Sequence/futou/gongji/lv/绿色斧头蓄力（移动）_0015.png,Assets/Game/ColorTiming/Art/Image/Hero/Sequence/futou/gongji/lv/绿色斧头蓄力（移动）_0015.png
97147c089b934e04bbb9b0b5a3279b0d,Assets/Art/Image/Hero/Sequence/jiandao/gongji/紫色剪刀攻击_0006.png,Assets/Game/ColorTiming/Art/Image/Hero/Sequence/jiandao/gongji/紫色剪刀攻击_0006.png
97196a2d32bccf14180bf4c2d97f2c45,Assets/Art/Image/Hero/Sequence/feiji/daiji/橙色飞机待机_0010.png,Assets/Game/ColorTiming/Art/Image/Hero/Sequence/feiji/daiji/橙色飞机待机_0010.png
972553636be49bf438039920090b6333,Assets/Art/Image/Scene/B1/a5/dj/skeleton-animation_002.png,Assets/Game/ColorTiming/Art/Image/Scene/B1/a5/dj/skeleton-animation_002.png
97256b4b73005c04cbb0b85f4b25e107,Assets/Art/Image/Scene/B1/a2/dj/a2草待机_07.png,Assets/Game/ColorTiming/Art/Image/Scene/B1/a2/dj/a2草待机_07.png
9760dc133ae36a149b1a2a881ee27337,Assets/Art/Image/Scene/B1/a6/c/a6草动_07.png,Assets/Game/ColorTiming/Art/Image/Scene/B1/a6/c/a6草动_07.png
97899f18f65751d499f6bc412a41c3ae,Assets/Art/Image/Hero/Sequence/Zhadan/skill/爆炸特效（红）_0017.png,Assets/Game/ColorTiming/Art/Image/Hero/Sequence/Zhadan/skill/爆炸特效（红）_0017.png
97a06070a51f76e44a4659e9ee002964,Assets/Art/Image/Hero/Sequence/futou/gongji/hong/红色斧头蓄力（原地）_0016.png,Assets/Game/ColorTiming/Art/Image/Hero/Sequence/futou/gongji/hong/红色斧头蓄力（原地）_0016.png
97a43f11e00735147a9dc3dff6d68191,Assets/Plugins/Spine/Editor/spine-unity/Editor/GUI/icon-boneNib.png,Assets/Plugins/Spine/Editor/spine-unity/Editor/GUI/icon-boneNib.png
97c7d388ba612f2469cd8618ce5790d6,Assets/Art/Image/Hero/Sequence/Chuizi/Gongji/Hong/移动蓄力（红）_0015.png,Assets/Game/ColorTiming/Art/Image/Hero/Sequence/Chuizi/Gongji/Hong/移动蓄力（红）_0015.png
97d04eebae3727b4896588fb777d0fa1,Assets/Art/Image/Hero/Sequence/jiandao,Assets/Game/ColorTiming/Art/Image/Hero/Sequence/jiandao
97d42a512564b7743bbc0c216142e427,Assets/Art/Image/Hero/Sequence/Siwang/被击杀后_0021.png,Assets/Game/ColorTiming/Art/Image/Hero/Sequence/Siwang/被击杀后_0021.png
97db99bc4b9853444ade02cfc96e9b55,Assets/Art/Image/Hero/Sequence/Chuizi/Daiji/daiji_cuizi_zi.anim,Assets/Game/ColorTiming/Art/Image/Hero/Sequence/Chuizi/Daiji/daiji_cuizi_zi.anim
97e0af0c4524ed3448bfdf3d17f082ce,Assets/Art/Image/Scene/B1/a5/dj/skeleton-animation_007.png,Assets/Game/ColorTiming/Art/Image/Scene/B1/a5/dj/skeleton-animation_007.png
97f1f5a7ad26429458cfb1acc6d678cc,Assets/Art/Image/Hero/Sequence/jiandao/yidong/yidong_jiandao_lv.anim,Assets/Game/ColorTiming/Art/Image/Hero/Sequence/jiandao/yidong/yidong_jiandao_lv.anim
981acae34109c224ba8a49f5f4bdbf43,Assets/Art/Image/Hero/Sequence/Yidong/move_.anim,Assets/Game/ColorTiming/Art/Image/Hero/Sequence/Yidong/move_.anim
981c46a3ce15d9842ae47a325a82d48a,Assets/Art/Image/Hero/Sequence/futou/gongji/zhi/紫色斧头攻击_0013.png,Assets/Game/ColorTiming/Art/Image/Hero/Sequence/futou/gongji/zhi/紫色斧头攻击_0013.png
98327d50e065e3d46baeff753d4e4a3f,Assets/Art/Image/Hero/Sequence/futou/gongji/lv/绿色斧头蓄力完成（原地）_0002.png,Assets/Game/ColorTiming/Art/Image/Hero/Sequence/futou/gongji/lv/绿色斧头蓄力完成（原地）_0002.png
9869f9834d5d7c845b5bf90d1d97643b,Assets/Art/Image/Scene/B1/a5/c/a5草动_35.png,Assets/Game/ColorTiming/Art/Image/Scene/B1/a5/c/a5草动_35.png
986a61222937c6b4095303216a896ca6,Assets/Art/Image/Hero/Sequence/Chuizi/Gongji/Lv/移动蓄力完成（绿）_0003.png,Assets/Game/ColorTiming/Art/Image/Hero/Sequence/Chuizi/Gongji/Lv/移动蓄力完成（绿）_0003.png
98805719a148f534993210a79d142ece,Assets/Art/Image/Hero/Sequence/jiandao/gongji/绿色剪刀攻击_0002.png,Assets/Game/ColorTiming/Art/Image/Hero/Sequence/jiandao/gongji/绿色剪刀攻击_0002.png
988a3d259bd63f945b6b9d0899789646,Assets/Editor/SpineSettings.asset,Assets/Editor/SpineSettings.asset
988c54f336018f24c92edd68bf25ae2b,Assets/Art/Sound/paper_walk_001.WAV,Assets/Game/ColorTiming/Art/Sound/paper_walk_001.WAV
98929bdb4025c2a4eb873d1bf990dc2c,Assets/Art/Image/Hero/Sequence/Zhadan/skill/爆炸特效（紫）_0009.png,Assets/Game/ColorTiming/Art/Image/Hero/Sequence/Zhadan/skill/爆炸特效（紫）_0009.png
989efe97d480a7d409d2fa9ee8df8ea9,Assets/Art/Image/Scene/B1/a6/dj/a6草待机_072.png,Assets/Game/ColorTiming/Art/Image/Scene/B1/a6/dj/a6草待机_072.png
989ff05437ad7004c9c83d408d9715ef,Assets/Art/Image/Hero/Sequence/Zhadan/skill/爆炸特效（紫）_0001.png,Assets/Game/ColorTiming/Art/Image/Hero/Sequence/Zhadan/skill/爆炸特效（紫）_0001.png
98ab3ac197fe38a47b9c05e68d24fe6b,Assets/Art/Image/ui/紫色戒刀.png,Assets/Game/ColorTiming/Art/Image/ui/紫色戒刀.png
98abf00e98f3d364cb1568b815ed7a83,Assets/Art/Image/Hero/Sequence/futou/gongji/lv/绿色斧头蓄力（原地）_0004.png,Assets/Game/ColorTiming/Art/Image/Hero/Sequence/futou/gongji/lv/绿色斧头蓄力（原地）_0004.png
98b2d6eb19f3ae5449f4c81999b6827e,Assets/Art/Image/Hero/Sequence/futou/gongji/chen/橙色斧头蓄力（移动）_0014.png,Assets/Game/ColorTiming/Art/Image/Hero/Sequence/futou/gongji/chen/橙色斧头蓄力（移动）_0014.png
98d13e5b1bf08be42a8a9b065b1c7ad7,Assets/Art/Image/Scene/B1/a6/dj/a6草待机_053.png,Assets/Game/ColorTiming/Art/Image/Scene/B1/a6/dj/a6草待机_053.png
98d23c064bb04a04eb49b5291e82c26b,Assets/Art/Image/Boss/Spine/BOSS拆分_SkeletonData.asset,Assets/Game/ColorTiming/Art/Image/Boss/Spine/BOSS拆分_SkeletonData.asset
98d8dc8645ccc0d44b2c66032bb3ba86,Assets/Art/Image/Hero/Sequence/futou/gongji/hong/红色斧头蓄力（移动）_0008.png,Assets/Game/ColorTiming/Art/Image/Hero/Sequence/futou/gongji/hong/红色斧头蓄力（移动）_0008.png
98e62c274bf35f749b76dbb8d7b51815,Assets/Art/Image/Scene/B1/a6/c/a6草动_18.png,Assets/Game/ColorTiming/Art/Image/Scene/B1/a6/c/a6草动_18.png
991c649549e22c94f9381b21ce525e48,Assets/Art/Image/Scene/B1/a2/c/a2草动_19.png,Assets/Game/ColorTiming/Art/Image/Scene/B1/a2/c/a2草动_19.png
99279c282c2811f44ad478dcc2dc6116,Assets/Art/Image/Boss2/di/skeleton.png,Assets/Game/ColorTiming/Art/Image/Boss2/di/skeleton.png
992bc2cb4c3a8d44f811f432221567a3,Assets/Art/Image/Hero/Sequence/futou/gongji/zhi/紫色斧头蓄力完成（原地）_0002.png,Assets/Game/ColorTiming/Art/Image/Hero/Sequence/futou/gongji/zhi/紫色斧头蓄力完成（原地）_0002.png
9967b2c931bf57945bd8783ceb36401c,Assets/Art/Image/Scene/B1/a5/dj/skeleton-animation_000.png,Assets/Game/ColorTiming/Art/Image/Scene/B1/a5/dj/skeleton-animation_000.png
996a06d9ea3abae45aaf518d6d1cfea4,Assets/Art/Image/Hero/Sequence/futou/gongji/zhi/xuliw_do_f_zhi.anim,Assets/Game/ColorTiming/Art/Image/Hero/Sequence/futou/gongji/zhi/xuliw_do_f_zhi.anim
99742101cb31734428954a33bd2a734b,Assets/Art/Image/Scene/B1/a3/dj/a3草待机_043.png,Assets/Game/ColorTiming/Art/Image/Scene/B1/a3/dj/a3草待机_043.png
9981367f1723cd2468d774c8ae595ae5,Assets/Art/Image/Hero/Sequence/futou/gongji/zhi/紫色斧头蓄力（原地）_0000.png,Assets/Game/ColorTiming/Art/Image/Hero/Sequence/futou/gongji/zhi/紫色斧头蓄力（原地）_0000.png
99b9cacfff57761448fe6edf20af565f,Assets/Art/Image/Scene/B1/a1/a1待_46.png,Assets/Game/ColorTiming/Art/Image/Scene/B1/a1/a1待_46.png
99c1580661f2fbe43a09eb76be11e8d1,Assets/Art/Image/Scene/B1/a5/c/a5草动_49.png,Assets/Game/ColorTiming/Art/Image/Scene/B1/a5/c/a5草动_49.png
99cac71edd438d24d872bd6bb05fa506,Assets/Art/Image/Scene/B1/a3/c/a3草动_23.png,Assets/Game/ColorTiming/Art/Image/Scene/B1/a3/c/a3草动_23.png
99dbd14ff4c05be4881280eaf9597d36,Assets/Game/Prefba/sk_Boss1_atk6.prefab,Assets/Game/Prefabs/Entity/ColorTiming/sk_Boss1_atk6.prefab
99f182eed1c30144c85ed763d64a8280,Assets/Art/Image/Hero/Sequence/futou/gongji/zhi/紫色斧头蓄力（移动）_0002.png,Assets/Game/ColorTiming/Art/Image/Hero/Sequence/futou/gongji/zhi/紫色斧头蓄力（移动）_0002.png
99f8047237c20ff41bcc8c58c927302e,Assets/Art/Image/Hero/Sequence/futou/gongji/zhi/紫色斧头蓄力完成（移动）_0000.png,Assets/Game/ColorTiming/Art/Image/Hero/Sequence/futou/gongji/zhi/紫色斧头蓄力完成（移动）_0000.png
9a0605dcf04bb6a40be9e8a293e3fe1f,Assets/Art/Image/Scene/B1/a2/c/a2草动_40.png,Assets/Game/ColorTiming/Art/Image/Scene/B1/a2/c/a2草动_40.png
9a194562a9046d145a13aa4606952057,Assets/Art/Image/Scene/B1/a2/a2_cao_dj.anim,Assets/Game/ColorTiming/Art/Image/Scene/B1/a2/a2_cao_dj.anim
9a1db251a1726444d881c44c4afd43c6,Assets/Art/Image/Scene/B1/a4/dj/skeleton-animation_104.png,Assets/Game/ColorTiming/Art/Image/Scene/B1/a4/dj/skeleton-animation_104.png
9a28ed29b6c87314cb2471a12f350294,Assets/Art/Image/Hero/Sequence/Siwang/被击杀后_0025.png,Assets/Game/ColorTiming/Art/Image/Hero/Sequence/Siwang/被击杀后_0025.png
9a44bd7ecd3809d42b35cceffbef90b6,Assets/Art/Image/Scene/B1/a5/c/a5草动_43.png,Assets/Game/ColorTiming/Art/Image/Scene/B1/a5/c/a5草动_43.png
9a452d0929f5fb24784096032f03185a,Assets/Art/Image/Hero/Sequence/Chuizi/Gongji/Zi/原地蓄力（紫）_0003.png,Assets/Game/ColorTiming/Art/Image/Hero/Sequence/Chuizi/Gongji/Zi/原地蓄力（紫）_0003.png
9a460ebf0fe941544a386e58157d6aae,Assets/Art/Image/Scene/B1/a3/dj/a3草待机_113.png,Assets/Game/ColorTiming/Art/Image/Scene/B1/a3/dj/a3草待机_113.png
9a4a4f6a95d20c446b99890d8502f7b3,Assets/Art/Image/Scene/B1/a5/dj/skeleton-animation_038.png,Assets/Game/ColorTiming/Art/Image/Scene/B1/a5/dj/skeleton-animation_038.png
9a618a55c3ea749408c7d7c501bd04c8,Assets/Art/Image/Scene/B1/a4/c/a4草动_40.png,Assets/Game/ColorTiming/Art/Image/Scene/B1/a4/c/a4草动_40.png
9a736b881f22320409e540b4eb4a1ebc,Assets/Art/Image/Scene/B1/a6/c/a6草动_61.png,Assets/Game/ColorTiming/Art/Image/Scene/B1/a6/c/a6草动_61.png
9a7545bc4c209954caa1ece08f25a9ec,Assets/Art/Image/Hero/Sequence/Dao/gongji/红色刀攻击_0013.png,Assets/Game/ColorTiming/Art/Image/Hero/Sequence/Dao/gongji/红色刀攻击_0013.png
9a7d472cadd3f764d9717e67a9eeecde,Assets/Art/Image/Hero/Sequence/futou/gongji/zhi/紫色斧头攻击_0004.png,Assets/Game/ColorTiming/Art/Image/Hero/Sequence/futou/gongji/zhi/紫色斧头攻击_0004.png
9aa384fc36cc47349b33516acdd817ce,Assets/Art/Image/Hero/Sequence/feiji/skill/绿色飞机（空中）_0003.png,Assets/Game/ColorTiming/Art/Image/Hero/Sequence/feiji/skill/绿色飞机（空中）_0003.png
9aacea1555b8dab42baa89efc1bf6e16,Assets/Art/Image/Scene/B1/a4/dj/skeleton-animation_070.png,Assets/Game/ColorTiming/Art/Image/Scene/B1/a4/dj/skeleton-animation_070.png
9ab2a3e84ad8716458458787978794fe,Assets/Art/Image/Hero/Sequence/futou/daiji/红色斧头待机_0001.png,Assets/Game/ColorTiming/Art/Image/Hero/Sequence/futou/daiji/红色斧头待机_0001.png
9ab3359eeab565847ba7b97d8bb82ead,Assets/Art/Image/Scene/B2/cao/B2.png,Assets/Game/ColorTiming/Art/Image/Scene/B2/cao/B2.png
9aef1afddc2590347ae34adebf2c2f90,Assets/Art/Image/Hero/Sequence/futou/daiji/红色斧头待机_0006.png,Assets/Game/ColorTiming/Art/Image/Hero/Sequence/futou/daiji/红色斧头待机_0006.png
9b017e437db979f4fadf9c0e28119cd8,Assets/Art/Image/Scene/B1/a3/a3_cao.controller,Assets/Game/ColorTiming/Art/Image/Scene/B1/a3/a3_cao.controller
9b1349301f357fb45b97a5fe1164e9fe,Assets/Art/Image/Hero/Sequence/feiji/daiji/橙色飞机待机_0002.png,Assets/Game/ColorTiming/Art/Image/Hero/Sequence/feiji/daiji/橙色飞机待机_0002.png
9b1924af12a24524aa354c3e104a4b24,Assets/Art/Image/Hero/Sequence/feiji/skill/紫色飞机爆炸_0018.png,Assets/Game/ColorTiming/Art/Image/Hero/Sequence/feiji/skill/紫色飞机爆炸_0018.png
9b1d5c029564ace4c85061f89eb6a4e7,Assets/Art/Image/Scene/B1/a3/dj/a3草待机_081.png,Assets/Game/ColorTiming/Art/Image/Scene/B1/a3/dj/a3草待机_081.png
9b2866e2c3b574b4bb5627933d146a92,Assets/Art/Image/Hero/Sequence/feiji/gongji/橙色飞机投掷_0000.png,Assets/Game/ColorTiming/Art/Image/Hero/Sequence/feiji/gongji/橙色飞机投掷_0000.png
9b2fc78c3e1c83e4091b4d4f1b3c5503,Assets/Art/Image/Hero/Sequence/futou/yidong/yidong_futou_lv.anim,Assets/Game/ColorTiming/Art/Image/Hero/Sequence/futou/yidong/yidong_futou_lv.anim
9b41bd81bb9daec4780941c6eb951a32,Assets/Art/Image/Hero/Sequence/Zhadan/skill/爆炸特效（紫）_0012.png,Assets/Game/ColorTiming/Art/Image/Hero/Sequence/Zhadan/skill/爆炸特效（紫）_0012.png
9b45e9cc1dde3284d9bc365bb4b3edb4,Assets/Art/Image/Hero/Sequence/jiandao/gongji/红色剪刀攻击_0004.png,Assets/Game/ColorTiming/Art/Image/Hero/Sequence/jiandao/gongji/红色剪刀攻击_0004.png
9b7552a4991ba294c8ee27d7b79ec3a5,Assets/Art/Image/Hero/Sequence/Zhadan/skill/爆炸特效（红）_0015.png,Assets/Game/ColorTiming/Art/Image/Hero/Sequence/Zhadan/skill/爆炸特效（红）_0015.png
9b834cb0615d24a449e30426cc35267c,Assets/Art/Image/Scene/B1/a5/c/a5草动_40.png,Assets/Game/ColorTiming/Art/Image/Scene/B1/a5/c/a5草动_40.png
9b90c445d49d26949a2a77470bf97df8,Assets/Art/Image/Hero/Sequence/jiandao/yidong/紫色剪刀移动_0004.png,Assets/Game/ColorTiming/Art/Image/Hero/Sequence/jiandao/yidong/紫色剪刀移动_0004.png
9ba8dc4bf943702409512a6e209059e7,Assets/Game/Prefba/Scene/cao_a2.prefab,Assets/Game/Prefabs/World/ColorTiming/cao_a2.prefab
9bbeff943a0c6c54e81c38db0500b724,Assets/Art/Image/Hero/Sequence/Chuizi/Gongji/Lv/xuli_do_lv.anim,Assets/Game/ColorTiming/Art/Image/Hero/Sequence/Chuizi/Gongji/Lv/xuli_do_lv.anim
9bd08c3d64bacc849a7bcd74f79065b4,Assets/Art/Image/Hero/Sequence/feiji/skill/紫色飞机爆炸_0007.png,Assets/Game/ColorTiming/Art/Image/Hero/Sequence/feiji/skill/紫色飞机爆炸_0007.png
9c06275e2d7514a4fa829b0b0beb08df,Assets/Art/Image/Hero/Sequence/Zhadan/skill/爆炸特效（紫）_0013.png,Assets/Game/ColorTiming/Art/Image/Hero/Sequence/Zhadan/skill/爆炸特效（紫）_0013.png
9c2c4581664f2a54492012a7d04bf9fb,Assets/Art/Image/Scene/B1/a5/dj/skeleton-animation_068.png,Assets/Game/ColorTiming/Art/Image/Scene/B1/a5/dj/skeleton-animation_068.png
9c2f7380048b33440a91019279d90856,Assets/Art/Sound/sprint_run_001.WAV,Assets/Game/ColorTiming/Art/Sound/sprint_run_001.WAV
9c651dc601e85fe49916ac7e3b5ab2f3,Assets/Art/Image/Scene/B1/a4/dj/skeleton-animation_023.png,Assets/Game/ColorTiming/Art/Image/Scene/B1/a4/dj/skeleton-animation_023.png
9c755b92ded5bb1468147ef347907cf5,Assets/Art/Sound/charactor_die_001 1.wav,Assets/Game/ColorTiming/Art/Sound/charactor_die_001 1.wav
9c8012765f0cdbc43a12e2f722fcf606,Assets/Art/Sound/boss_head_shoot_the_ball.wav,Assets/Game/ColorTiming/Art/Sound/boss_head_shoot_the_ball.wav
9c8d734d4083ce24389362c67b632486,Assets/Art/Image/Boss/Skill5/尖刺特效_58.png,Assets/Game/ColorTiming/Art/Image/Boss/Skill5/尖刺特效_58.png
9c9267d49eb2a324da37116604a26a4d,Assets/Art/Image/Hero/Sequence/Zhadan/skill/爆炸特效（绿）_0000.png,Assets/Game/ColorTiming/Art/Image/Hero/Sequence/Zhadan/skill/爆炸特效（绿）_0000.png
9c954a5a6486d95459308df3a7f72e60,Assets/Art/Image/Hero/Sequence/Chuizi/Gongji/Hong/移动蓄力完成（红）_0005.png,Assets/Game/ColorTiming/Art/Image/Hero/Sequence/Chuizi/Gongji/Hong/移动蓄力完成（红）_0005.png
9ca173c19e78fb640ba7b6a9f2231c9e,Assets/Art/Image/Scene/B1/a4/c/a4草动_41.png,Assets/Game/ColorTiming/Art/Image/Scene/B1/a4/c/a4草动_41.png
9cca41904d3d58c49bef178d6949a4fb,Assets/Art/Image/Scene/B1/a2/dj/a2草待机_40.png,Assets/Game/ColorTiming/Art/Image/Scene/B1/a2/dj/a2草待机_40.png
9cdeef9d07322954fa79d2fcd46eb08f,Assets/Art/Image/Scene/B1/jianci/b3.png,Assets/Game/ColorTiming/Art/Image/Scene/B1/jianci/b3.png
9cf9bae941787f14d9961d2bd90b2e3d,Assets/Art/Sound/blanket_walk-001.wav,Assets/Game/ColorTiming/Art/Sound/blanket_walk-001.wav
9d0682a2f21708b49902ff6325b0ae53,Assets/Art/Image/Boss/Skill5/尖刺特效_48.png,Assets/Game/ColorTiming/Art/Image/Boss/Skill5/尖刺特效_48.png
9d08d2285da29f64cb161e82d206bb96,Assets/Art/Image/Hero/Sequence/Zhadan/skill/爆炸特效（绿）_0015.png,Assets/Game/ColorTiming/Art/Image/Hero/Sequence/Zhadan/skill/爆炸特效（绿）_0015.png
9d0a81852f2c98745b283a0913cf73b6,Assets/Art/Image/Hero/Sequence/Yidong/Beimian/绿色移动（背面）_0004.png,Assets/Game/ColorTiming/Art/Image/Hero/Sequence/Yidong/Beimian/绿色移动（背面）_0004.png
9d4a6954c55af0f4890c5578d081d2d2,Assets/Art/Image/Scene/B1/a4/dj/skeleton-animation_111.png,Assets/Game/ColorTiming/Art/Image/Scene/B1/a4/dj/skeleton-animation_111.png
9d57f9b88d6f3164c9b49eb171b9e432,Assets/Art/Image/Weapon/Tip1/WeaponTip1.controller,Assets/Game/ColorTiming/Art/Image/Weapon/Tip1/WeaponTip1.controller
9d6f4bac520dc9341a9ee079aa9d82d8,Assets/Art/Image/Scene/B1/a6/c/a6草动_08.png,Assets/Game/ColorTiming/Art/Image/Scene/B1/a6/c/a6草动_08.png
9d72e7ece15a6834d9717b4c722c0240,Assets/Art/Image/UI_Start/返回（悬停）.png,Assets/Game/ColorTiming/Art/Image/UI_Start/返回（悬停）.png
9d7bebb20a71c764dbd8c82a4f5abe85,Assets/Art/Image/Hero/Sequence/Zhadan/gongji/投掷（绿）_0006.png,Assets/Game/ColorTiming/Art/Image/Hero/Sequence/Zhadan/gongji/投掷（绿）_0006.png
9d836858269be96428428fb6764dfc3a,Assets/Plugins/Spine/Runtime/spine-csharp/PathConstraintData.cs,Assets/Plugins/Spine/Runtime/spine-csharp/PathConstraintData.cs
9dad6f323b2430f4aaaa9ba352354b09,Assets/Art/Image/Scene/B1/a6/dj/a6草待机_007.png,Assets/Game/ColorTiming/Art/Image/Scene/B1/a6/dj/a6草待机_007.png
9dbe927db01979a41a28dad12a242aff,Assets/Art/Image/Scene/B1/a5/dj/skeleton-animation_052.png,Assets/Game/ColorTiming/Art/Image/Scene/B1/a5/dj/skeleton-animation_052.png
9dc82d5a7a57bdd45a341ecdbaf26180,Assets/Art/Image/Hero/Sequence/futou/gongji/hong/红色斧头蓄力完成（原地）_0003.png,Assets/Game/ColorTiming/Art/Image/Hero/Sequence/futou/gongji/hong/红色斧头蓄力完成（原地）_0003.png
9dce328621a13484ba21231937f33a4a,Assets/Art/Image/Hero/Sequence/Dao/yidong/橙色刀移动_0000.png,Assets/Game/ColorTiming/Art/Image/Hero/Sequence/Dao/yidong/橙色刀移动_0000.png
9de8085bafdc6c74b94e1be24ee7a42b,Assets/Art/Image/Hero/Sequence/jiandao/yidong/绿色剪刀移动_0003.png,Assets/Game/ColorTiming/Art/Image/Hero/Sequence/jiandao/yidong/绿色剪刀移动_0003.png
9df552d20df8c2745a780fcc610a138d,Assets/Art/Image/Boss2/Skill/拖尾_0003.png,Assets/Game/ColorTiming/Art/Image/Boss2/Skill/拖尾_0003.png
9e1c1d4fcf7c62e49bb0b7abaf5a8cca,Assets/Art/Image/Hero/Sequence/Zhadan/daiji/紫色炸弹待机_0002.png,Assets/Game/ColorTiming/Art/Image/Hero/Sequence/Zhadan/daiji/紫色炸弹待机_0002.png
9e21af1c9e019894da35e258caa36ef2,Assets/Art/Image/Hero/Sequence/Dao/daiji/橙色刀待机_0010.png,Assets/Game/ColorTiming/Art/Image/Hero/Sequence/Dao/daiji/橙色刀待机_0010.png
9e25c5cd8b813f1438be60cc4e4f60ca,Assets/Art/Image/Scene/B1/a2/dj/a2草待机_92.png,Assets/Game/ColorTiming/Art/Image/Scene/B1/a2/dj/a2草待机_92.png
9e28da48e9c0a26439176c5f1286ae63,Assets/Art/Sound/paper_walk_003.WAV,Assets/Game/ColorTiming/Art/Sound/paper_walk_003.WAV
9e5bdf30ca1849f42a6038f062ea7b06,Assets/Art/Image/Boss/Skill5/尖刺特效_18.png,Assets/Game/ColorTiming/Art/Image/Boss/Skill5/尖刺特效_18.png
9e6effe1b6643ba4f8a610cc790b7f2d,Assets/Art/Image/Hero/Sequence/Chuizi/Gongji/Zi/原地蓄力（紫）_0014.png,Assets/Game/ColorTiming/Art/Image/Hero/Sequence/Chuizi/Gongji/Zi/原地蓄力（紫）_0014.png
9e72e0f3a5cf5fb4f889c0d5907e370f,Assets/Art/Image/Boss/tip/攻击3范围_0000.png,Assets/Game/ColorTiming/Art/Image/Boss/tip/攻击3范围_0000.png
9e7809815183fc34bbbda0cadf0a5f56,Assets/Art/Image/Hero/Sequence/Zhadan/daiji/紫色炸弹待机_0008.png,Assets/Game/ColorTiming/Art/Image/Hero/Sequence/Zhadan/daiji/紫色炸弹待机_0008.png
9ea4f7d5626b23946ad296b6cc6451ab,Assets/Art/Image/Scene/B1/a6/dj/a6草待机_030.png,Assets/Game/ColorTiming/Art/Image/Scene/B1/a6/dj/a6草待机_030.png
9eab3e4c091158d47add35f2d251bbc5,Assets/Art/Image/Scene/B1/a1/a1待_17.png,Assets/Game/ColorTiming/Art/Image/Scene/B1/a1/a1待_17.png
9eb038b85644987459181efdd315bef7,Assets/Art/Image/Scene/B1/a1/a1待_53.png,Assets/Game/ColorTiming/Art/Image/Scene/B1/a1/a1待_53.png
9ebf1f26f9dea734eaf1e18f1f84477f,Assets/Art/Image/Scene/B1/a5/dj/skeleton-animation_005.png,Assets/Game/ColorTiming/Art/Image/Scene/B1/a5/dj/skeleton-animation_005.png
9ec0218046e19e844811efd1ea270706,Assets/Art/Image/Hero/Sequence/futou/yidong/紫色斧头移动_0004.png,Assets/Game/ColorTiming/Art/Image/Hero/Sequence/futou/yidong/紫色斧头移动_0004.png
9ec49f454b62ef740bfcc769f144d154,Assets/Art/Image/Scene/B1/a5/c/a5草动_37.png,Assets/Game/ColorTiming/Art/Image/Scene/B1/a5/c/a5草动_37.png
9ed52c3ed34e48c439608f3c19be7be9,Assets/Art/Image/Scene/B1/a4/dj/skeleton-animation_016.png,Assets/Game/ColorTiming/Art/Image/Scene/B1/a4/dj/skeleton-animation_016.png
9ee049c8130b4d94f82bad935a16ddc4,Assets/Game/Scripts/Tool/FunctionLibrary.cs,Assets/Game/Scripts/ColorTiming/Legacy/Tool/FunctionLibrary.cs
9ee43d52dc9e2c649a347949325f9f34,Assets/Art/Image/Scene/B1/a5/dj/skeleton-animation_064.png,Assets/Game/ColorTiming/Art/Image/Scene/B1/a5/dj/skeleton-animation_064.png
9ee793f17bd7f6f49a911e957be948ce,Assets/Art/Image/Scene/B1/a1/a1待_01.png,Assets/Game/ColorTiming/Art/Image/Scene/B1/a1/a1待_01.png
9ef18c649e579c94e92a6ec9707cead7,Assets/Art/Image/Hero/Sequence/futou/gongji/zhi/紫色斧头蓄力（移动）_0012.png,Assets/Game/ColorTiming/Art/Image/Hero/Sequence/futou/gongji/zhi/紫色斧头蓄力（移动）_0012.png
9efa8c0b5f8ce3140a43ec6fce2e366e,Assets/Art/Image/Hero/Sequence/feiji/gongji/橙色飞机投掷_0016.png,Assets/Game/ColorTiming/Art/Image/Hero/Sequence/feiji/gongji/橙色飞机投掷_0016.png
9f088bc7b8f0d0047be18cce2d0677b4,Assets/Art/Image/Scene/B1/a3/dj/a3草待机_070.png,Assets/Game/ColorTiming/Art/Image/Scene/B1/a3/dj/a3草待机_070.png
9f15f89ecc9d5ec44b30543baf848a23,Assets/Art/Image/Hero/Sequence/Chuizi/Daiji/绿色锤子待机_0001.png,Assets/Game/ColorTiming/Art/Image/Hero/Sequence/Chuizi/Daiji/绿色锤子待机_0001.png
9f2b68dc7f6f2fc4185d6f0d26bdb86b,Assets/Art/Image/Hero/Sequence/feiji/skill/绿色飞机爆炸_0020.png,Assets/Game/ColorTiming/Art/Image/Hero/Sequence/feiji/skill/绿色飞机爆炸_0020.png
9f2bc9b88413a35478614532dc37aef5,Assets/Art/Image/Hero/Sequence/Zhadan/skill/空中炸弹红_0002.png,Assets/Game/ColorTiming/Art/Image/Hero/Sequence/Zhadan/skill/空中炸弹红_0002.png
9f40a9e37a85263448988381c58fe367,Assets/Art/Image/ui/p1.png,Assets/Game/ColorTiming/Art/Image/ui/p1.png
9f4b7936370932a4781aeda4d8595cf8,Assets/Art/Image/Hero/Sequence/Dao/daiji/红色刀待机_0005.png,Assets/Game/ColorTiming/Art/Image/Hero/Sequence/Dao/daiji/红色刀待机_0005.png
9f4f79a19440dbb41bc91539fa6b44a1,Assets/Art/Image/Scene/B1/a2/c,Assets/Game/ColorTiming/Art/Image/Scene/B1/a2/c
9f65120d8390da84f88f72803467b3d2,Assets/Art/Image/Hero/Sequence/jiandao/gongji/绿色剪刀攻击_0000.png,Assets/Game/ColorTiming/Art/Image/Hero/Sequence/jiandao/gongji/绿色剪刀攻击_0000.png
9f71bffbbfa552d4c952edfa3b0430bb,Assets/Art/Image/Hero/Sequence/jiandao/gongji/gongji_jiandao_lv.anim,Assets/Game/ColorTiming/Art/Image/Hero/Sequence/jiandao/gongji/gongji_jiandao_lv.anim
9f71d985a2474b64395d084210d32559,Assets/Art/Image/Hero/Sequence/futou/daiji/紫色斧头待机_0003.png,Assets/Game/ColorTiming/Art/Image/Hero/Sequence/futou/daiji/紫色斧头待机_0003.png
9f74b2e96781897498c497b8a36766fb,Assets/Art/Image/Hero/Sequence/futou/gongji/chen/橙色斧头攻击_0003.png,Assets/Game/ColorTiming/Art/Image/Hero/Sequence/futou/gongji/chen/橙色斧头攻击_0003.png
9f7b67b33f0cb9f47a050e8c074236a7,Assets/Art/Image/Hero/Sequence/jiandao/gongji/紫色剪刀攻击_0009.png,Assets/Game/ColorTiming/Art/Image/Hero/Sequence/jiandao/gongji/紫色剪刀攻击_0009.png
9fa4e1d3d11d0c04790586132d0c4c77,Assets/Art/Image/ui/操作指示-无蓄力.png,Assets/Game/ColorTiming/Art/Image/ui/操作指示-无蓄力.png
9fa4e63ad5d7de34a8af3f8d1a2aea10,Assets/Art/Image/Hero/Sequence,Assets/Game/ColorTiming/Art/Image/Hero/Sequence
9fc20d5e917562341a5007777a9d0db2,Assets/Plugins/Spine/Runtime/spine-unity/Components/SkeletonUtility/FollowLocationRigidbody.cs,Assets/Plugins/Spine/Runtime/spine-unity/Components/SkeletonUtility/FollowLocationRigidbody.cs
9fd193d0ec75217408ea5a1e14648d73,Assets/Art/Image/Hero/Sequence/jiandao/gongji/绿色剪刀攻击_0019.png,Assets/Game/ColorTiming/Art/Image/Hero/Sequence/jiandao/gongji/绿色剪刀攻击_0019.png
9fda1f56ff3cc38468dbc247818bc9cb,Assets/Art/Image/Hero/Sequence/Chuizi/Gongji/Lv,Assets/Game/ColorTiming/Art/Image/Hero/Sequence/Chuizi/Gongji/Lv
9fdd15905603b4043abb9f168f0c20a8,Assets/Art/Image/Hero/Sequence/futou/gongji/chen/橙色斧头蓄力完成（原地）_0001.png,Assets/Game/ColorTiming/Art/Image/Hero/Sequence/futou/gongji/chen/橙色斧头蓄力完成（原地）_0001.png
9fdfd53fd9d25a242bacfd36fa444015,Assets/Art/Image/Scene/B1/a2/dj/a2草待机_36.png,Assets/Game/ColorTiming/Art/Image/Scene/B1/a2/dj/a2草待机_36.png
9ff09127fcf756446a5b81054e6e16f9,Assets/Art/Image/Scene/B1/a2/dj/a2草待机_97.png,Assets/Game/ColorTiming/Art/Image/Scene/B1/a2/dj/a2草待机_97.png
a018d561e5df35848bcabbe2809c7549,Assets/Plugins/Spine/Editor/spine-unity/Editor/ImporterPresets,Assets/Plugins/Spine/Editor/spine-unity/Editor/ImporterPresets
a02f4b7e2b5bb96418b233bc9e9b597b,Assets/Art/Image/Scene/B1/a3/dj/a3草待机_127.png,Assets/Game/ColorTiming/Art/Image/Scene/B1/a3/dj/a3草待机_127.png
a04429b9e86f5aa4c89d51b7ae45426c,Assets/Art/Image/Scene/B1/a4/dj/skeleton-animation_041.png,Assets/Game/ColorTiming/Art/Image/Scene/B1/a4/dj/skeleton-animation_041.png
a05ea699b89d0144198def0127c09d68,Assets/Art/Image/Scene/B1/a6/c/a6草动_32.png,Assets/Game/ColorTiming/Art/Image/Scene/B1/a6/c/a6草动_32.png
a066f143341af5d4c93e91c1de9ac848,Assets/Art/Image/Hero/Sequence/Chuizi/Gongji/Lv/攻击动作（绿）_0010.png,Assets/Game/ColorTiming/Art/Image/Hero/Sequence/Chuizi/Gongji/Lv/攻击动作（绿）_0010.png
a06c44670eaf153469ec60cbe4b171d0,Assets/Art/Image/Hero/Sequence/futou/daiji/紫色斧头待机_0004.png,Assets/Game/ColorTiming/Art/Image/Hero/Sequence/futou/daiji/紫色斧头待机_0004.png
a07b8fd0b3e95a04a80fe1e9728734d2,Assets/Art/Anim_Skill/sk_bo1_atk3 1.controller,Assets/Game/ColorTiming/Art/Anim_Skill/sk_bo1_atk3 1.controller
a088f619b96cc954d85e9bc8300be749,Assets/Art/Image/Scene/B1/a4/c/a4草动_10.png,Assets/Game/ColorTiming/Art/Image/Scene/B1/a4/c/a4草动_10.png
a09252d9f50b87c4dbf26119d710562c,Assets/Game/Scripts/GameManager.cs,Assets/Game/Scripts/ColorTiming/Legacy/GameManager.cs
a0d1fdd7b61d194478e92845074c4a2a,Assets/Art/Image/Scene/B1/a2/dj/a2草待机_19.png,Assets/Game/ColorTiming/Art/Image/Scene/B1/a2/dj/a2草待机_19.png
a0e82e73cbe021d45984c5b13ed3c0e0,Assets/Game/Scripts/HeroSoundManager.cs,Assets/Game/Scripts/ColorTiming/Legacy/HeroSoundManager.cs
a0f62293456bb2d4b919970230a9f8ba,Assets/Art/Image/Scene/B1/a5/dj/skeleton-animation_127.png,Assets/Game/ColorTiming/Art/Image/Scene/B1/a5/dj/skeleton-animation_127.png
a1106b18ded8885498cf8641450648ce,Assets/Game/Prefba/Scene/b2_cao_d1.prefab,Assets/Game/Prefabs/World/ColorTiming/b2_cao_d1.prefab
a119e2cfbffe1a347b87e3f2b9ca3bd4,Assets/Art/Image/Hero/Sequence/Chuizi/Gongji/Zi/原地蓄力（紫）_0013.png,Assets/Game/ColorTiming/Art/Image/Hero/Sequence/Chuizi/Gongji/Zi/原地蓄力（紫）_0013.png
a11a062f5d5334348a42efb21ebb1b8d,Assets/Art/Image/Hero/Sequence/Dao/daiji/红色刀待机_0000.png,Assets/Game/ColorTiming/Art/Image/Hero/Sequence/Dao/daiji/红色刀待机_0000.png
a11da3149b7854d4289a83df6ccea28d,Assets/Art/Image/Scene/B1/a6/c/a6草动_51.png,Assets/Game/ColorTiming/Art/Image/Scene/B1/a6/c/a6草动_51.png
a1333ecb27f5c4d4f885456c6447d7e9,Assets/Art/Image/Hero/Sequence/feiji/skill/feiji_lv.anim,Assets/Game/ColorTiming/Art/Image/Hero/Sequence/feiji/skill/feiji_lv.anim
a1607db391e754e4e8e3319b90db656d,Assets/Game/Prefba/bo2_sk2_luodian.prefab,Assets/Game/Prefabs/Entity/ColorTiming/bo2_sk2_luodian.prefab
a16144d2d9e6f8b4c9f2223056c4639f,Assets/Art/Image/Hero/Sequence/Shouji/受击曝光_0004.png,Assets/Game/ColorTiming/Art/Image/Hero/Sequence/Shouji/受击曝光_0004.png
a162bee1bdfc54f4ab108c210cbc8a5e,Assets/Art/Image/Hero/Sequence/Chuizi/Daiji,Assets/Game/ColorTiming/Art/Image/Hero/Sequence/Chuizi/Daiji
a178c186fadad3042b6cad2cf6fddd43,Assets/Art/Image/Hero/Sequence/futou/gongji/zhi/紫色斧头蓄力（原地）_0008.png,Assets/Game/ColorTiming/Art/Image/Hero/Sequence/futou/gongji/zhi/紫色斧头蓄力（原地）_0008.png
a1805766eda60d548a5bdc8467b1ea78,Assets/Art/Image/Weapon/Tip1/提示圈-第一章_0039.png,Assets/Game/ColorTiming/Art/Image/Weapon/Tip1/提示圈-第一章_0039.png
a1a184df16346ac4d8e0a7a4b3e1eec1,Assets/Art/Image/Scene/B1/a5/dj/skeleton-animation_020.png,Assets/Game/ColorTiming/Art/Image/Scene/B1/a5/dj/skeleton-animation_020.png
a1a59f432c9fd604a8133e1bae8cec4a,Assets/Art/Image/Hero/Sequence/Chuizi/Gongji/Hong/移动蓄力（红）_0009.png,Assets/Game/ColorTiming/Art/Image/Hero/Sequence/Chuizi/Gongji/Hong/移动蓄力（红）_0009.png
a1e00eca070acd241bb16e62f3ab3b1b,Assets/Art/Image/Hero/Sequence/Daiji/daiji.anim,Assets/Game/ColorTiming/Art/Image/Hero/Sequence/Daiji/daiji.anim
a1f07844681fab940b6d741887cc9258,Assets/Art/Image/Hero/Sequence/futou/gongji/lv/绿色斧头蓄力完成（移动）_0005.png,Assets/Game/ColorTiming/Art/Image/Hero/Sequence/futou/gongji/lv/绿色斧头蓄力完成（移动）_0005.png
a1fd8daaed7b64148a34acb96ba14ce1,Assets/Plugins/Spine/Runtime/spine-unity/Components/Following/BoneFollower.cs,Assets/Plugins/Spine/Runtime/spine-unity/Components/Following/BoneFollower.cs
a205750dcf104a2468a0804182c85df8,Assets/Art/Image/Scene/B1/a6/dj/a6草待机_131.png,Assets/Game/ColorTiming/Art/Image/Scene/B1/a6/dj/a6草待机_131.png
a22bbb3418c85d74680dbf6102873f03,Assets/Art/Image/Scene/B1/a5/dj/skeleton-animation_024.png,Assets/Game/ColorTiming/Art/Image/Scene/B1/a5/dj/skeleton-animation_024.png
a239b90e959b81d4e9193d9d91e06dfa,Assets/Art/Image/Boss/Skill5/尖刺特效_35.png,Assets/Game/ColorTiming/Art/Image/Boss/Skill5/尖刺特效_35.png
a23cc5a81f02a0f4f83751026ad5eca9,Assets/Art/Image/Hero/Sequence/futou/gongji/hong/红色斧头攻击_0006.png,Assets/Game/ColorTiming/Art/Image/Hero/Sequence/futou/gongji/hong/红色斧头攻击_0006.png
a23f1d6b7b8071f44b2d7a671db12fdf,Assets/Art/Image/Scene/B1/a5/dj/skeleton-animation_058.png,Assets/Game/ColorTiming/Art/Image/Scene/B1/a5/dj/skeleton-animation_058.png
a2484ad997701f74e9dfabf8becb4abc,Assets/Art/Image/Hero/Sequence/Chuizi/Gongji/Hong/移动蓄力（红）_0017.png,Assets/Game/ColorTiming/Art/Image/Hero/Sequence/Chuizi/Gongji/Hong/移动蓄力（红）_0017.png
a248c9c6fd6d4ee45949c4a43ad8e435,Assets/Game/Scripts/Anim/EnterAnimStateEvent.cs,Assets/Game/Scripts/ColorTiming/Legacy/Anim/EnterAnimStateEvent.cs
a2677c27406c4db4c920e9b6c19446b1,Assets/Art/Image/Scene/B1/a4/dj/skeleton-animation_000.png,Assets/Game/ColorTiming/Art/Image/Scene/B1/a4/dj/skeleton-animation_000.png
a26f012e8139309459f29e9d470839b9,Assets/Art/Image/Hero/Sequence/feiji/yidong/yidong_feiji_hong.anim,Assets/Game/ColorTiming/Art/Image/Hero/Sequence/feiji/yidong/yidong_feiji_hong.anim
a277cc6ac81322e44b1e7d2fda942679,Assets/Art/Image/Hero/Sequence/Dao/gongji/紫色刀攻击_0005.png,Assets/Game/ColorTiming/Art/Image/Hero/Sequence/Dao/gongji/紫色刀攻击_0005.png
a27d4b27c8ecd9840a03558ccc5ad8a3,Assets/Plugins/Spine/Runtime/spine-unity/Shaders/Outline/Sprite/SpritesPixelLit-Outline.shader,Assets/Plugins/Spine/Runtime/spine-unity/Shaders/Outline/Sprite/SpritesPixelLit-Outline.shader
a2a636215d7666f4a80050f71d77f1ba,Assets/Art/Image/Scene/B1/a6/c/a6草动_55.png,Assets/Game/ColorTiming/Art/Image/Scene/B1/a6/c/a6草动_55.png
a2a9c4bfc39626f4798212aea6bc66f7,Assets/Art/Image/Weapon/Tip1/提示圈-第一章_0004.png,Assets/Game/ColorTiming/Art/Image/Weapon/Tip1/提示圈-第一章_0004.png
a2ac571f3f9ce4841be649f7d7d5db42,Assets/Art/Image/Hero/Sequence/Zhadan/daiji/绿色炸弹待机_0006.png,Assets/Game/ColorTiming/Art/Image/Hero/Sequence/Zhadan/daiji/绿色炸弹待机_0006.png
a2b28cc1efaee8d4f82fd9e7c1b2df5a,Assets/Art/Image/Weapon/Tip2/提示圈-第二章_0006.png,Assets/Game/ColorTiming/Art/Image/Weapon/Tip2/提示圈-第二章_0006.png
a2be52afba6307d4e905c124b19f619f,Assets/Art/Image/Hero/Sequence/Chongci/冲刺_0005.png,Assets/Game/ColorTiming/Art/Image/Hero/Sequence/Chongci/冲刺_0005.png
a2e80764351b9f04eb467015c33fbc2c,Assets/Art/Image/Scene/B1/a1/a1待_00.png,Assets/Game/ColorTiming/Art/Image/Scene/B1/a1/a1待_00.png
a2ec22265b77d45478404816650c501d,Assets/Art/Image/Hero/Sequence/Zhadan/skill/爆炸特效（红）_0013.png,Assets/Game/ColorTiming/Art/Image/Hero/Sequence/Zhadan/skill/爆炸特效（红）_0013.png
a2efb25807a206b43b7d28fc4a7ff47f,Assets/Art/Image/Hero/Sequence/Zhadan/skill/爆炸特效（紫）_0014.png,Assets/Game/ColorTiming/Art/Image/Hero/Sequence/Zhadan/skill/爆炸特效（紫）_0014.png
a2f23323f7495c848b099796aa9be11c,Assets/Art/Image/UI_Start/菜单页面1.jpg,Assets/Game/ColorTiming/Art/Image/UI_Start/菜单页面1.jpg
a2f98eba194478a4a82e9bce1c30ddfb,Assets/Art/Image/UI_ESC/返回主菜单（悬停）.png,Assets/Game/ColorTiming/Art/Image/UI_ESC/返回主菜单（悬停）.png
a309a2e14638a204091b915126910f45,Assets/Plugins/Spine/Editor/spine-unity/Editor/GUI/icon-mesh.png,Assets/Plugins/Spine/Editor/spine-unity/Editor/GUI/icon-mesh.png
a30c0481a07fdde409a4f6f40bd7206b,Assets/Art/Image/Boss/tip/BOSS拆分.atlas.txt,Assets/Game/ColorTiming/Art/Image/Boss/tip/BOSS拆分.atlas.txt
a3211f667028e5147aa8bf1792bf054a,Assets/Art/Image/Hero/Sequence/feiji/skill/绿色飞机爆炸_0017.png,Assets/Game/ColorTiming/Art/Image/Hero/Sequence/feiji/skill/绿色飞机爆炸_0017.png
a328115b7bacab74b9bd38f6c4dc8c6f,Assets/Art/Image/Hero/Sequence/Chuizi/yidong/红色锤子移动_0003.png,Assets/Game/ColorTiming/Art/Image/Hero/Sequence/Chuizi/yidong/红色锤子移动_0003.png
a349ee6bda029a2479cbcfe972abffd0,Assets/Art/Image/Hero/Sequence/Chuizi/Gongji/Zi/移动蓄力（紫）_0008.png,Assets/Game/ColorTiming/Art/Image/Hero/Sequence/Chuizi/Gongji/Zi/移动蓄力（紫）_0008.png
a370813468d26a3459c2618ede9fdd02,Assets/Art/Image/Weapon/刀4.png,Assets/Game/ColorTiming/Art/Image/Weapon/刀4.png
a37f6c45bd9bcca449731d5827971f49,Assets/Art/Image/Scene/B1/a4/dj/skeleton-animation_040.png,Assets/Game/ColorTiming/Art/Image/Scene/B1/a4/dj/skeleton-animation_040.png
a3853beda1dd7ad459c08e425f6a426d,Assets/Art/Image/Scene,Assets/Game/ColorTiming/Art/Image/Scene
a38c664cc418b384f9f19b7958bbf294,Assets/Art/Image/Scene/B1/a5/c/a5草动_24.png,Assets/Game/ColorTiming/Art/Image/Scene/B1/a5/c/a5草动_24.png
a3a73e62eb1d2ac4f98adc6c87a9ab31,Assets/Art/Image/Scene/B1/a6/c/a6草动_23.png,Assets/Game/ColorTiming/Art/Image/Scene/B1/a6/c/a6草动_23.png
a3cb6bca91d233143b719b86b7a33e6b,Assets/Art/Image/Hero/Sequence/jiandao/gongji/Skill/剪刀命中特效1_0000.png,Assets/Game/ColorTiming/Art/Image/Hero/Sequence/jiandao/gongji/Skill/剪刀命中特效1_0000.png
a3d35c18d7b52ef489619173209673ba,Assets/Art/Image/Scene/B1/a6/c/a6草动_09.png,Assets/Game/ColorTiming/Art/Image/Scene/B1/a6/c/a6草动_09.png
a3ec176164bea0143b267a8440b9e6ce,Assets/Art/Image/Hero/Sequence/Dao/daiji/绿色刀待机_0004.png,Assets/Game/ColorTiming/Art/Image/Hero/Sequence/Dao/daiji/绿色刀待机_0004.png
a4008b5515cdbb241b26894be374b256,Assets/Art/Image/Hero/Sequence/Gongji/普攻_0007.png,Assets/Game/ColorTiming/Art/Image/Hero/Sequence/Gongji/普攻_0007.png
a401729dcc12b8641a6a0c710eb145ea,Assets/Art/Image/Scene/B1/a3/dj/a3草待机_042.png,Assets/Game/ColorTiming/Art/Image/Scene/B1/a3/dj/a3草待机_042.png
a403c08dacda6ed4cb0e608e8ad2fc08,Assets/Art/Image/Hero/Sequence/futou/daiji/橙色斧头待机_0009.png,Assets/Game/ColorTiming/Art/Image/Hero/Sequence/futou/daiji/橙色斧头待机_0009.png
a4219d8356d846e47b00293d926aa1fb,Assets/Art/Image/Scene/B1/a5/dj/skeleton-animation_117.png,Assets/Game/ColorTiming/Art/Image/Scene/B1/a5/dj/skeleton-animation_117.png
a433bbac3100ffc4bbd808ae9deb18fc,Assets/Art/Image/Hero/Sequence/Chuizi/Gongji/Zi/原地蓄力（紫）_0006.png,Assets/Game/ColorTiming/Art/Image/Hero/Sequence/Chuizi/Gongji/Zi/原地蓄力（紫）_0006.png
a437b2704f94f21459386bb7e9523041,Assets/Art/Image/Hero/Sequence/Gongji/普攻_0003.png,Assets/Game/ColorTiming/Art/Image/Hero/Sequence/Gongji/普攻_0003.png
a4558d73b2780c443bbc9b1f4c55622a,Assets/Art/Image/Hero/Sequence/Dao/daiji/橙色刀待机_0002.png,Assets/Game/ColorTiming/Art/Image/Hero/Sequence/Dao/daiji/橙色刀待机_0002.png
a46056b6c911d5446b2436a8b70658c7,Assets/Art/Image/Hero/Sequence/feiji/gongji/紫色飞机投掷_0001.png,Assets/Game/ColorTiming/Art/Image/Hero/Sequence/feiji/gongji/紫色飞机投掷_0001.png
a46cf5493172e1f439d5537220ff1480,Assets/Art/Image/Scene/B1/a6/dj/a6草待机_133.png,Assets/Game/ColorTiming/Art/Image/Scene/B1/a6/dj/a6草待机_133.png
a47beb9c4a4fa1f4db46bbfdc043664e,Assets/Art/Image/Hero/Sequence/feiji/skill/红色飞机爆炸_0011.png,Assets/Game/ColorTiming/Art/Image/Hero/Sequence/feiji/skill/红色飞机爆炸_0011.png
a485d70ede077b04b854a3367eeb05f3,Assets/Art/Image/Hero/Sequence/futou/gongji/hong/红色斧头蓄力完成（原地）_0002.png,Assets/Game/ColorTiming/Art/Image/Hero/Sequence/futou/gongji/hong/红色斧头蓄力完成（原地）_0002.png
a48c5047e7c873647a9dd78b0c1ecb42,Assets/Art/Image/Hero/Sequence/futou/gongji/lv/绿色斧头蓄力完成（原地）_0001.png,Assets/Game/ColorTiming/Art/Image/Hero/Sequence/futou/gongji/lv/绿色斧头蓄力完成（原地）_0001.png
a4918a42d768ed04d8ff5e0b1f16fdef,Assets/Art/Image/Hero/Sequence/futou/gongji/zhi/紫色斧头蓄力（移动）_0006.png,Assets/Game/ColorTiming/Art/Image/Hero/Sequence/futou/gongji/zhi/紫色斧头蓄力（移动）_0006.png
a493d42bb4ef11143b3b0fba5c2ae47d,Assets/Art/Image/Scene/B1/a5/c/a5草动_45.png,Assets/Game/ColorTiming/Art/Image/Scene/B1/a5/c/a5草动_45.png
a4a03a3dc438b6243895ec6dd56dace7,Assets/Art/Image/Hero/Sequence/Zhadan/skill/爆炸特效（绿）_0010.png,Assets/Game/ColorTiming/Art/Image/Hero/Sequence/Zhadan/skill/爆炸特效（绿）_0010.png
a4a139e16601c3e4c8c317a41b4b11bc,Assets/Art/Image/Hero/Sequence/futou/gongji/hong/红色斧头蓄力（原地）_0006.png,Assets/Game/ColorTiming/Art/Image/Hero/Sequence/futou/gongji/hong/红色斧头蓄力（原地）_0006.png
a4dc45d96ba79344eb38d6846594004c,Assets/Art/Image/Hero/Sequence/Zhadan/yidong/紫色炸弹移动_0004.png,Assets/Game/ColorTiming/Art/Image/Hero/Sequence/Zhadan/yidong/紫色炸弹移动_0004.png
a4e67bc277ab3814fa0787a556a0829e,Assets/Art/Image/Boss/tip/BOSS拆分.png,Assets/Game/ColorTiming/Art/Image/Boss/tip/BOSS拆分.png
a50cd8e3b7633ac44810bd09ce419c58,Assets/Art/Image/ui/无武器.png,Assets/Game/ColorTiming/Art/Image/ui/无武器.png
a50ede23589283346a13e5a49b1a414a,Assets/Art/Image/Scene/B1/a6/dj/a6草待机_045.png,Assets/Game/ColorTiming/Art/Image/Scene/B1/a6/dj/a6草待机_045.png
a511e549857003c4398fbf25038c3c00,Assets/Art/Image/Hero/Sequence/Chuizi/Gongji/Hong/移动蓄力（红）_0016.png,Assets/Game/ColorTiming/Art/Image/Hero/Sequence/Chuizi/Gongji/Hong/移动蓄力（红）_0016.png
a52695139706731479ba3c6e15a3a157,Assets/Art/Image/Scene/B1/jianci/b8.png,Assets/Game/ColorTiming/Art/Image/Scene/B1/jianci/b8.png
a53c4f56aecf349489a424161af85c34,Assets/Art/Image/Hero/Sequence/feiji/daiji/红色飞机待机_0006.png,Assets/Game/ColorTiming/Art/Image/Hero/Sequence/feiji/daiji/红色飞机待机_0006.png
a5485e20faaee96469f0621d18109f30,Assets/Art/Image/Hero/Sequence/jiandao/daiji/紫色剪刀待机_0010.png,Assets/Game/ColorTiming/Art/Image/Hero/Sequence/jiandao/daiji/紫色剪刀待机_0010.png
a55f4fdb65ad0c544884dca4a25b1817,Assets/Art/Image/Boss/Skill5/尖刺特效_37.png,Assets/Game/ColorTiming/Art/Image/Boss/Skill5/尖刺特效_37.png
a5632b4f39a1b6048add2a66af92955d,Assets/Art/Image/Hero/Sequence/Chuizi/Gongji/Hong/移动蓄力完成（红）_0004.png,Assets/Game/ColorTiming/Art/Image/Hero/Sequence/Chuizi/Gongji/Hong/移动蓄力完成（红）_0004.png
a572f132820fb5747b18a6fc0b5e8c52,Assets/Art/Image/Hero/Sequence/Zhadan/gongji/投掷（紫）_0008.png,Assets/Game/ColorTiming/Art/Image/Hero/Sequence/Zhadan/gongji/投掷（紫）_0008.png
a5814dc472eac324b853d28980d29579,Assets/Game/Prefba/PickUPWeapon_.prefab,Assets/Game/Prefabs/Entity/ColorTiming/PickUPWeapon_.prefab
a585b53f9a0ad4b4fba9bc1f9703248e,Assets/Art/Image/Hero/Sequence/Gongji/普攻_0005.png,Assets/Game/ColorTiming/Art/Image/Hero/Sequence/Gongji/普攻_0005.png
a58818b7ab75c1342aa7cb406af23612,Assets/Art/Image/Scene/B1/a5/dj/skeleton-animation_017.png,Assets/Game/ColorTiming/Art/Image/Scene/B1/a5/dj/skeleton-animation_017.png
a5a124625aeefc147b572e266bbbf4bf,Assets/Art/Image/Weapon/Tip2/提示圈-第二章_0017.png,Assets/Game/ColorTiming/Art/Image/Weapon/Tip2/提示圈-第二章_0017.png
a5b90df955eb8c2429ac67c8b2de6c5c,Assets/Plugins/Spine/Editor/spine-unity/Editor/Components/SkeletonUtilityInspector.cs,Assets/Plugins/Spine/Editor/spine-unity/Editor/Components/SkeletonUtilityInspector.cs
a5b99b091defeef439a0cb8c99fd8a51,Assets/Plugins/Spine/Editor/spine-unity/Editor/Windows/SpriteAtlasImportWindow.cs,Assets/Plugins/Spine/Editor/spine-unity/Editor/Windows/SpriteAtlasImportWindow.cs
a5e1249125a52de4b80312445bde0171,Assets/Art/Image/Scene/B1/a4/dj/skeleton-animation_004.png,Assets/Game/ColorTiming/Art/Image/Scene/B1/a4/dj/skeleton-animation_004.png
a5ed0e6deb909e84090667a3a9ea303c,Assets/Art/Image/Boss/Spine/BOSS拆分_BOSS拆分.mat,Assets/Game/ColorTiming/Art/Image/Boss/Spine/BOSS拆分_BOSS拆分.mat
a5f2b24aba9d3c64a8ec630433c873ee,Assets/Art/Image/Scene/B1/a6/c/a6草动_67.png,Assets/Game/ColorTiming/Art/Image/Scene/B1/a6/c/a6草动_67.png
a5f4c114e2f61074d924e02ffe99002e,Assets/Art/Image/UI_Start/试玩关卡1（正常）.png,Assets/Game/ColorTiming/Art/Image/UI_Start/试玩关卡1（正常）.png
a60ae782a623a6c45ac75435fdf32410,Assets/Art/Image/Hero/Sequence/Zhadan/gongji/投掷（紫）_0003.png,Assets/Game/ColorTiming/Art/Image/Hero/Sequence/Zhadan/gongji/投掷（紫）_0003.png
a60dd41ef13d98647b9f963089feb7b0,Assets/Plugins/Spine/Runtime/spine-csharp,Assets/Plugins/Spine/Runtime/spine-csharp
a60e658a39f75f84e895abdab3147d25,Assets/Art/Image/Scene/B1/a2/dj/a2草待机_59.png,Assets/Game/ColorTiming/Art/Image/Scene/B1/a2/dj/a2草待机_59.png
a611a79ee6ddadb48bccda98922b8b1e,Assets/Game/Scripts/Skill/Skill_Bo2_Atk2.cs,Assets/Game/Scripts/ColorTiming/Legacy/Skill/Skill_Bo2_Atk2.cs
a63ab330f6d6de042a4be8b0724fd4ad,Assets/Art/Image/Hero/Sequence/futou/daiji/红色斧头待机_0003.png,Assets/Game/ColorTiming/Art/Image/Hero/Sequence/futou/daiji/红色斧头待机_0003.png
a63be7d0f84829b43a52d1a32a54a7d5,Assets/Art/Image/Hero/Sequence/futou/gongji/skill/sk_futou.controller,Assets/Game/ColorTiming/Art/Image/Hero/Sequence/futou/gongji/skill/sk_futou.controller
a6557c83e9f86c14698e28fa3836f445,Assets/Art/Image/Hero/Sequence/feiji/gongji/gongji_feiji_zi.anim,Assets/Game/ColorTiming/Art/Image/Hero/Sequence/feiji/gongji/gongji_feiji_zi.anim
a669ca1402aab7642871d2e71b371fe4,Assets/Art/Image/Scene/B1/a4/c/a4草动_59.png,Assets/Game/ColorTiming/Art/Image/Scene/B1/a4/c/a4草动_59.png
a670496f071b1af4dbb96fb3cd8f58a0,Assets/Art/Image/Hero/Sequence/feiji/skill/红色飞机爆炸_0006.png,Assets/Game/ColorTiming/Art/Image/Hero/Sequence/feiji/skill/红色飞机爆炸_0006.png
a68a4abbb8d323940933bb0d96041339,Assets/Art/Image/Hero/Sequence/feiji/yidong/绿色飞机移动_0003.png,Assets/Game/ColorTiming/Art/Image/Hero/Sequence/feiji/yidong/绿色飞机移动_0003.png
a69756bdd00cea542af07d0b7ed457e0,Assets/Game/Scripts/Boss1SoundManager.cs,Assets/Game/Scripts/ColorTiming/Legacy/Boss1SoundManager.cs
a6a784d3e12d52a42979a522e970c0fd,Assets/Art/Image/Weapon/飞机2带白边.png,Assets/Game/ColorTiming/Art/Image/Weapon/飞机2带白边.png
a6ae8dacade27d94093736c6f6df8dce,Assets/Art/Sound/bump_head_hitted.wav,Assets/Game/ColorTiming/Art/Sound/bump_head_hitted.wav
a6b194f808b1af6499c93410e504af42,Assets/Plugins/Spine/Runtime/spine-unity/Asset Types/SpineAtlasAsset.cs,Assets/Plugins/Spine/Runtime/spine-unity/Asset Types/SpineAtlasAsset.cs
a6d899edbf0ed374081400ed6e99ba4f,Assets/Art/Image/Hero/Sequence/Dao/gongji/紫色刀攻击_0006.png,Assets/Game/ColorTiming/Art/Image/Hero/Sequence/Dao/gongji/紫色刀攻击_0006.png
a708f76508e9e6c41a58cb687c32fc31,Assets/Art/Image/Hero/Sequence/feiji/daiji/橙色飞机待机_0004.png,Assets/Game/ColorTiming/Art/Image/Hero/Sequence/feiji/daiji/橙色飞机待机_0004.png
a71283744eaec5d4a9c994d813b2d60e,Assets/Art/Image/Hero/Sequence/feiji/skill/紫色飞机爆炸_0010.png,Assets/Game/ColorTiming/Art/Image/Hero/Sequence/feiji/skill/紫色飞机爆炸_0010.png
a7236dbdc6a4e5a4989483dac97aee0b,Assets/Plugins/Spine/Runtime/spine-unity/Components/SkeletonRendererCustomMaterials,Assets/Plugins/Spine/Runtime/spine-unity/Components/SkeletonRendererCustomMaterials
a7418ec8b2a40b045aa7445855942df7,Assets/Art/Image/Hero/Sequence/futou/gongji/zhi/紫色斧头蓄力（原地）_0017.png,Assets/Game/ColorTiming/Art/Image/Hero/Sequence/futou/gongji/zhi/紫色斧头蓄力（原地）_0017.png
a742815e41b45da418e79b428fcc895b,Assets/Art/Image/Hero/Sequence/Dao/daiji/daiji_dao_chen.anim,Assets/Game/ColorTiming/Art/Image/Hero/Sequence/Dao/daiji/daiji_dao_chen.anim
a749f597585e3c14aa41fd915dc477d8,Assets/Art/Image/Hero/Sequence/Yidong/Beimian/红色移动（背面）_0000.png,Assets/Game/ColorTiming/Art/Image/Hero/Sequence/Yidong/Beimian/红色移动（背面）_0000.png
a7636cbdb4db60f45b2dd88f34381bd6,Assets/Art/Sound/boss_beat_puppet.WAV,Assets/Game/ColorTiming/Art/Sound/boss_beat_puppet.WAV
a77aaa3e15c009448b7481b656eaf6d2,Assets/Art/Image/Hero/Sequence/Zhadan/yidong/绿色炸弹移动_0005.png,Assets/Game/ColorTiming/Art/Image/Hero/Sequence/Zhadan/yidong/绿色炸弹移动_0005.png
a7935399edad9a14bb5708cf59c94b67,Assets/Plugins/Spine/Runtime/spine-unity/Modules,Assets/Plugins/Spine/Runtime/spine-unity/Modules
a7b480b941568134891f411137bfbf55,Assets/Plugins/Spine/Runtime/spine-unity/ISkeletonAnimation.cs,Assets/Plugins/Spine/Runtime/spine-unity/ISkeletonAnimation.cs
a7c08f78275d66341ac970368f29e996,Assets/Art/Image/Scene/B1/a5/dj/skeleton-animation_013.png,Assets/Game/ColorTiming/Art/Image/Scene/B1/a5/dj/skeleton-animation_013.png
a7d2f0d7b2e4d764e99af43928c6f494,Assets/Art/Image/Hero/Sequence/feiji/skill/红色飞机爆炸_0019.png,Assets/Game/ColorTiming/Art/Image/Hero/Sequence/feiji/skill/红色飞机爆炸_0019.png
a7e05bea1a81a634b80dee2696bbe6de,Assets/Art/Image/Scene/B1/a3/c/a3草动_14.png,Assets/Game/ColorTiming/Art/Image/Scene/B1/a3/c/a3草动_14.png
a7e295fec558cac48bc2293760567ea5,Assets/Art/Image/Boss/Spine/BOSS拆分2.png,Assets/Game/ColorTiming/Art/Image/Boss/Spine/BOSS拆分2.png
a7e8bed05666a52499d8d35faf2a7d60,Assets/Art/Image/Scene/B1/a6/dj/a6草待机_040.png,Assets/Game/ColorTiming/Art/Image/Scene/B1/a6/dj/a6草待机_040.png
a7ed6dea0469648429fcf89a3c4a9d8d,Assets/Art/Image/Scene/B1/a6/c/a6草动_12.png,Assets/Game/ColorTiming/Art/Image/Scene/B1/a6/c/a6草动_12.png
a7f2d012d843394489097e969a7c3769,Assets/Art/Image/Hero/Sequence/Siwang/被击杀时的震动_0009.png,Assets/Game/ColorTiming/Art/Image/Hero/Sequence/Siwang/被击杀时的震动_0009.png
a8003c0cc75915941bca97a3c11890b8,Assets/Art/Image/Hero/Sequence/Zhadan/daiji/绿色炸弹待机_0002.png,Assets/Game/ColorTiming/Art/Image/Hero/Sequence/Zhadan/daiji/绿色炸弹待机_0002.png
a807dd9fb79db3545b6c2859a2bbfc0b,Assets/Plugins/Spine/Runtime/spine-unity/Utility/YieldInstructions/WaitForSpineAnimationComplete.cs,Assets/Plugins/Spine/Runtime/spine-unity/Utility/YieldInstructions/WaitForSpineAnimationComplete.cs
a80ce2482a9fa7e4fa7909f400ceb6ce,Assets/Art/Image/Scene/B1/a6/dj/a6草待机_000.png,Assets/Game/ColorTiming/Art/Image/Scene/B1/a6/dj/a6草待机_000.png
a80f32f8fc15f0040a75c3ff51e28794,Assets/Art/Image/Weapon/Tip1/提示圈-第一章_0018.png,Assets/Game/ColorTiming/Art/Image/Weapon/Tip1/提示圈-第一章_0018.png
a813eb5b7b481df4a9806e3bd2a40dd5,Assets/Art/Image/Hero/Sequence/futou/gongji/chen/橙色斧头蓄力（移动）_0008.png,Assets/Game/ColorTiming/Art/Image/Hero/Sequence/futou/gongji/chen/橙色斧头蓄力（移动）_0008.png
a8216024fcf46464584a8f7f6c42f088,Assets/Art/Image/Hero/Sequence/Gongji/HitFx_Anim.controller,Assets/Game/ColorTiming/Art/Image/Hero/Sequence/Gongji/HitFx_Anim.controller
a82ca1898f3ab6c4b8df9e03fda35206,Assets/Art/Image/Scene/B1/a2/dj/a2草待机_35.png,Assets/Game/ColorTiming/Art/Image/Scene/B1/a2/dj/a2草待机_35.png
a831a8ed72a588a48b2fb892e7f37371,Assets/Plugins/Spine/Runtime/spine-unity/Shaders/Sprite,Assets/Plugins/Spine/Runtime/spine-unity/Shaders/Sprite
a83d13883d4ccf542b8d87557961e4b6,Assets/Art/Image/Scene/B1/a5/dj/skeleton-animation_104.png,Assets/Game/ColorTiming/Art/Image/Scene/B1/a5/dj/skeleton-animation_104.png
a85484d4c7d650f4ab24c554908e804f,Assets/Art/Image/Boss/Skill5/尖刺特效_05.png,Assets/Game/ColorTiming/Art/Image/Boss/Skill5/尖刺特效_05.png
a8667e4ea29972f459e432a914998d9b,Assets/Art/Sound/BGM/菜单第三版.wav,Assets/Game/ColorTiming/Art/Sound/BGM/菜单第三版.wav
a86c3e494ba6a4247ade30973205cf05,Assets/Art/Image/Hero/Sequence/feiji/daiji/红色飞机待机_0000.png,Assets/Game/ColorTiming/Art/Image/Hero/Sequence/feiji/daiji/红色飞机待机_0000.png
a8782a865ce685e49a266c0df4096b5c,Assets/Art/Image/Hero/Sequence/Siwang/sc/死亡动画背景_0031.png,Assets/Game/ColorTiming/Art/Image/Hero/Sequence/Siwang/sc/死亡动画背景_0031.png
a8936b9800283c5419f29f4b08721b32,Assets/Art/Image/Scene/B1/a4/dj/skeleton-animation_087.png,Assets/Game/ColorTiming/Art/Image/Scene/B1/a4/dj/skeleton-animation_087.png
a89c4c807817ac640b189681fb152591,Assets/Art/Image/Hero/Sequence/Siwang/sc/死亡动画背景_0007.png,Assets/Game/ColorTiming/Art/Image/Hero/Sequence/Siwang/sc/死亡动画背景_0007.png
a8a74897acce61147844efcf246ac2a6,Assets/Art/Image/Hero/Sequence/Siwang/sc/黑屏转场_0001.png,Assets/Game/ColorTiming/Art/Image/Hero/Sequence/Siwang/sc/黑屏转场_0001.png
a8c3ccf8b8b662c4e90c539dc94da080,Assets/Art/Image/Scene/B1/a6/c/a6草动_21.png,Assets/Game/ColorTiming/Art/Image/Scene/B1/a6/c/a6草动_21.png
a8c9f128efb2ed74b94c88c785b7fa64,Assets/Game/Scripts/HeroFrireSystem.cs,Assets/Game/Scripts/ColorTiming/Legacy/HeroFrireSystem.cs
a8d610b87be4e82409e18a63a930d335,Assets/Plugins/Spine/Runtime/spine-unity/Shaders/CGIncludes/Spine-Outline-Common.cginc,Assets/Plugins/Spine/Runtime/spine-unity/Shaders/CGIncludes/Spine-Outline-Common.cginc
a8f4f525ed902d84caa794e5ac7d2da4,Assets/Art/Image/Scene/B1/a2/dj/a2草待机_85.png,Assets/Game/ColorTiming/Art/Image/Scene/B1/a2/dj/a2草待机_85.png
a902457f431e08b4297c27e0a23bb541,Assets/Art/Image/Scene/B1/a5/c/a5草动_22.png,Assets/Game/ColorTiming/Art/Image/Scene/B1/a5/c/a5草动_22.png
a9025f7b89aabb4419125a1a2b2a2368,Assets/Art/Image/Hero/Sequence/futou/gongji/lv/xuli_do_f_lv.anim,Assets/Game/ColorTiming/Art/Image/Hero/Sequence/futou/gongji/lv/xuli_do_f_lv.anim
a90cea4f9855bbc489445cb4797c4085,Assets/Art/Sound/boss_head_hiding_in_the_ground.WAV,Assets/Game/ColorTiming/Art/Sound/boss_head_hiding_in_the_ground.WAV
a92136cfc98af484f8d31675475f57ff,Assets/Art/Image/Scene/B1/a3/c/a3草动_51.png,Assets/Game/ColorTiming/Art/Image/Scene/B1/a3/c/a3草动_51.png
a942fcd66e2291e4da964c449dfb16f1,Assets/Art/Image/Hero/Sequence/feiji/skill/紫色飞机爆炸_0019.png,Assets/Game/ColorTiming/Art/Image/Hero/Sequence/feiji/skill/紫色飞机爆炸_0019.png
a94406ae56af7234f83ad9823cfee8f4,Assets/Art/Image/Scene/B1/a4/dj/skeleton-animation_066.png,Assets/Game/ColorTiming/Art/Image/Scene/B1/a4/dj/skeleton-animation_066.png
a95172cf31fc83f48ab6bfa0d646b998,Assets/Art/Image/Scene/B1/a4/c/a4草动_57.png,Assets/Game/ColorTiming/Art/Image/Scene/B1/a4/c/a4草动_57.png
a96dec275522f824e9499a9b4a502487,Assets/Art/Image/Scene/B1/a6/c/a6草动_39.png,Assets/Game/ColorTiming/Art/Image/Scene/B1/a6/c/a6草动_39.png
a9738968534603141b4f91d0b516b91a,Assets/Art/Image,Assets/Game/ColorTiming/Art/Image
a990958c8a494c24eadcc7facbc6dda1,Assets/Art/Image/Hero/Sequence/Chuizi/Gongji/Zi/原地蓄力（紫）_0002.png,Assets/Game/ColorTiming/Art/Image/Hero/Sequence/Chuizi/Gongji/Zi/原地蓄力（紫）_0002.png
a99febc4280a8784dab0d9f8b3a95911,Assets/Art/Image/Scene/B1/a3/dj/a3草待机_038.png,Assets/Game/ColorTiming/Art/Image/Scene/B1/a3/dj/a3草待机_038.png
a9a5a4b09da73e04e820fdaa2305fef0,Assets/Art/Image/Hero/Sequence/Siwang/sc/死亡动画背景_0037.png,Assets/Game/ColorTiming/Art/Image/Hero/Sequence/Siwang/sc/死亡动画背景_0037.png
a9c21c88d85604b4ebeb84818b1aaa1e,Assets/Art/Image/Hero/Sequence/Yidong/Beimian/移动（背面）_0005.png,Assets/Game/ColorTiming/Art/Image/Hero/Sequence/Yidong/Beimian/移动（背面）_0005.png
a9e23950640d42e42a3fa3590af912aa,Assets/Art/Image/Scene/B1/a2/dj/a2草待机_80.png,Assets/Game/ColorTiming/Art/Image/Scene/B1/a2/dj/a2草待机_80.png
a9f21c4c61bca3f4ead455865d0e6abd,Assets/Art/Image/Weapon/Tip2/提示圈-第二章_0011.png,Assets/Game/ColorTiming/Art/Image/Weapon/Tip2/提示圈-第二章_0011.png
a9f702410607128408fabf4fbb0faf24,Assets/Art/Sound/sprint_run_002.WAV,Assets/Game/ColorTiming/Art/Sound/sprint_run_002.WAV
aa2ea6c75f088e04a8d5806eb301d03d,Assets/Art/Image/Scene/B1/a2/c/a2草动_22.png,Assets/Game/ColorTiming/Art/Image/Scene/B1/a2/c/a2草动_22.png
aa579f13721082344adae7271f4d7524,Assets/Art/Image/Hero/Sequence/Chuizi/Gongji/Lv/攻击动作（绿）_0012.png,Assets/Game/ColorTiming/Art/Image/Hero/Sequence/Chuizi/Gongji/Lv/攻击动作（绿）_0012.png
aa6e4de32266b404387ebf3d8c8dada9,Assets/Art/Image/yin/a2草投影.png,Assets/Game/ColorTiming/Art/Image/yin/a2草投影.png
aa71d5b72de17c0439f96508b6b0eaa1,Assets/Art/Image/Hero/Sequence/futou/daiji/红色斧头待机_0010.png,Assets/Game/ColorTiming/Art/Image/Hero/Sequence/futou/daiji/红色斧头待机_0010.png
aa7ac467027f03e4a814ca5400583874,Assets/Art/Image/Hero/Sequence/Chuizi/Gongji/Lv/原地蓄力完成（绿）_0003.png,Assets/Game/ColorTiming/Art/Image/Hero/Sequence/Chuizi/Gongji/Lv/原地蓄力完成（绿）_0003.png
aa807f1a91f6efb46be7837869bc6f63,Assets/Art/Image/Scene/B1/a6/c/a6草动_41.png,Assets/Game/ColorTiming/Art/Image/Scene/B1/a6/c/a6草动_41.png
aaa5cedb2d6972945b75fdb029c513bf,Assets/Art/Image/Scene/B1/a3/dj/a3草待机_058.png,Assets/Game/ColorTiming/Art/Image/Scene/B1/a3/dj/a3草待机_058.png
aaabaa29f3fbe3a41bde1b77672461d9,Assets/Art/Image/Hero/Sequence/Zhadan/gongji/投掷（紫）_0007.png,Assets/Game/ColorTiming/Art/Image/Hero/Sequence/Zhadan/gongji/投掷（紫）_0007.png
aaadb531737855741b69cd68a438fbea,Assets/Art/Image/Hero/Sequence/Chuizi/Gongji/Zi/移动蓄力（紫）_0009.png,Assets/Game/ColorTiming/Art/Image/Hero/Sequence/Chuizi/Gongji/Zi/移动蓄力（紫）_0009.png
aac8b91e3ab41d4489d5b84b3ad06b71,Assets/Art/Image/Scene/B1/a4/dj/skeleton-animation_045.png,Assets/Game/ColorTiming/Art/Image/Scene/B1/a4/dj/skeleton-animation_045.png
aae2c8c7f2260af42b32b1b00f297668,Assets/Art/Image/Hero/Sequence/feiji/yidong/yidong_feiji_lv.anim,Assets/Game/ColorTiming/Art/Image/Hero/Sequence/feiji/yidong/yidong_feiji_lv.anim
aae7d666988a3e84ca16b4a717d5acbf,Assets/Art/Image/Scene/B1/a2/dj/a2草待机_26.png,Assets/Game/ColorTiming/Art/Image/Scene/B1/a2/dj/a2草待机_26.png
ab00de3a43fd48d42ac41a326ba2d403,Assets/Art/Image/Hero/Sequence/Zhadan/skill/爆炸特效（紫）_0011.png,Assets/Game/ColorTiming/Art/Image/Hero/Sequence/Zhadan/skill/爆炸特效（紫）_0011.png
ab172b2ad20f6f14285f1505ce176d5e,Assets/Art/Image/Scene/B1/a2/dj/a2草待机_73.png,Assets/Game/ColorTiming/Art/Image/Scene/B1/a2/dj/a2草待机_73.png
ab21dd8fe466c0846aec4a897b057e65,Assets/Art/Image/Scene/B1/a4/c/a4草动_53.png,Assets/Game/ColorTiming/Art/Image/Scene/B1/a4/c/a4草动_53.png
ab26b59fc7febe947a61a05e7cc90717,Assets/Art/Image/Hero/Sequence/futou/gongji/hong/红色斧头攻击_0003.png,Assets/Game/ColorTiming/Art/Image/Hero/Sequence/futou/gongji/hong/红色斧头攻击_0003.png
ab2b99fac798e9047817a7b0ddee3d98,Assets/Art/Image/Scene/B1/a2/c/a2草动_12.png,Assets/Game/ColorTiming/Art/Image/Scene/B1/a2/c/a2草动_12.png
ab38d9c920c5f0846ad69c7c2fd24319,Assets/Art/Image/Hero/Sequence/futou/daiji/紫色斧头待机_0000.png,Assets/Game/ColorTiming/Art/Image/Hero/Sequence/futou/daiji/紫色斧头待机_0000.png
ab4fbd492e9bced4d99bbf4e3ccd5f18,Assets/Art/Image/Hero/Sequence/Zhadan/yidong/红色炸弹移动_0002.png,Assets/Game/ColorTiming/Art/Image/Hero/Sequence/Zhadan/yidong/红色炸弹移动_0002.png
ab6720f84b04c0a44801c78115c99128,Assets/Art/Image/Scene/B1/a2/dj/a2草待机_51.png,Assets/Game/ColorTiming/Art/Image/Scene/B1/a2/dj/a2草待机_51.png
ab6f8c5a2594e524580f2a913b249f49,Assets/Art/Image/Weapon/Tip1/提示圈-第一章_0009.png,Assets/Game/ColorTiming/Art/Image/Weapon/Tip1/提示圈-第一章_0009.png
ab87178392f9fd04fb2580d48a097b2f,Assets/Art/Image/Boss/Skill5/尖刺特效_25.png,Assets/Game/ColorTiming/Art/Image/Boss/Skill5/尖刺特效_25.png
ab888762ff1306f46a7d4bc08e719d1a,Assets/Art/Image/Hero/Sequence/futou/daiji/绿色斧头待机_0011.png,Assets/Game/ColorTiming/Art/Image/Hero/Sequence/futou/daiji/绿色斧头待机_0011.png
ab9b09186f5e8d845be3b1d9c2e12b76,Assets/Art/Image/Hero/Sequence/feiji/daiji/daiji_feiji_hong.anim,Assets/Game/ColorTiming/Art/Image/Hero/Sequence/feiji/daiji/daiji_feiji_hong.anim
abbda12fddbb0b048a842a3835470d30,Assets/Plugins/Spine/Runtime/spine-unity/Shaders/Sprite/SpriteDepthNormalsTexture.shader,Assets/Plugins/Spine/Runtime/spine-unity/Shaders/Sprite/SpriteDepthNormalsTexture.shader
abc33708dbd4ac24894c9ed97790f5fd,Assets/Art/Image/Hero/Sequence/futou/gongji/chen/橙色斧头攻击_0013.png,Assets/Game/ColorTiming/Art/Image/Hero/Sequence/futou/gongji/chen/橙色斧头攻击_0013.png
abde3fa1b3f45e54899bb0357ab7e34b,Assets/Art/Image/Scene/B1/a5/c/a5草动_17.png,Assets/Game/ColorTiming/Art/Image/Scene/B1/a5/c/a5草动_17.png
ac02605f8d92c4c4787a369e16bce085,Assets/Art/Image/Weapon/斧3.png,Assets/Game/ColorTiming/Art/Image/Weapon/斧3.png
ac080d8dd417b584d98a97641be4405a,Assets/Art/Image/Hero/Sequence/jiandao/gongji/绿色剪刀攻击_0001.png,Assets/Game/ColorTiming/Art/Image/Hero/Sequence/jiandao/gongji/绿色剪刀攻击_0001.png
ac155c58c9666c445a68dc75ad3e0932,Assets/Art/Image/Hero/Sequence/feiji/daiji/紫色飞机待机_0006.png,Assets/Game/ColorTiming/Art/Image/Hero/Sequence/feiji/daiji/紫色飞机待机_0006.png
ac2276bb0e87e30448e5b5271d5d5605,Assets/Art/Image/Scene/B1/a6/c/a6草动_00.png,Assets/Game/ColorTiming/Art/Image/Scene/B1/a6/c/a6草动_00.png
ac2a78cb6353a4e43a0ca8653291a8a2,Assets/Art/Image/Hero/Sequence/futou/gongji/chen/橙色斧头蓄力（移动）_0005.png,Assets/Game/ColorTiming/Art/Image/Hero/Sequence/futou/gongji/chen/橙色斧头蓄力（移动）_0005.png
ac5dad09d4e16d843843b09826ecf915,Assets/Art/Image/Hero/Sequence/Chuizi/Gongji/Zi/移动蓄力（紫）_0011.png,Assets/Game/ColorTiming/Art/Image/Hero/Sequence/Chuizi/Gongji/Zi/移动蓄力（紫）_0011.png
ac5e47a86c34b6d4790fff9a11444f3f,Assets/Art/Image/Hero/Sequence/Siwang/sc/死亡动画背景_0026.png,Assets/Game/ColorTiming/Art/Image/Hero/Sequence/Siwang/sc/死亡动画背景_0026.png
ac74008eaf09910488da819441a9cfce,Assets/Art/Sound/heavy_weapon_power_storage.WAV,Assets/Game/ColorTiming/Art/Sound/heavy_weapon_power_storage.WAV
ac8e5f70d4fa0834eaca2ceb2950c00b,Assets/Art/Image/Scene/B1/a2/dj/a2草待机_22.png,Assets/Game/ColorTiming/Art/Image/Scene/B1/a2/dj/a2草待机_22.png
ac99dfdc98aef27419b5675b5a6092f7,Assets/Art/Sound/grass_sways_001.WAV,Assets/Game/ColorTiming/Art/Sound/grass_sways_001.WAV
acae3bc5c1f4d7f438976ef15428eb57,Assets/Art/Image/Scene/B1/a3/dj/a3草待机_021.png,Assets/Game/ColorTiming/Art/Image/Scene/B1/a3/dj/a3草待机_021.png
acc73d3f2fe51d446bb645ed512659ae,Assets/Art/Image/Scene/B1/a1/a1待_43.png,Assets/Game/ColorTiming/Art/Image/Scene/B1/a1/a1待_43.png
acce754b70351b54a9235d9044942746,Assets/Art/Image/Scene/B1/a4/c/a4草动_31.png,Assets/Game/ColorTiming/Art/Image/Scene/B1/a4/c/a4草动_31.png
acd4d2273574c1941bbbfc7f22625923,Assets/Art/Image/Hero/Sequence/feiji/daiji/橙色飞机待机_0005.png,Assets/Game/ColorTiming/Art/Image/Hero/Sequence/feiji/daiji/橙色飞机待机_0005.png
acdc55bb7a8ad264697e230328b4681c,Assets/Art/Image/Hero/Sequence/Siwang/被击杀后_0011.png,Assets/Game/ColorTiming/Art/Image/Hero/Sequence/Siwang/被击杀后_0011.png
ad01cc737f1a6b0428504c80f8912529,Assets/Art/Image/Boss2/Skill/拖尾_0002.png,Assets/Game/ColorTiming/Art/Image/Boss2/Skill/拖尾_0002.png
ad130f521ac16e54cab11fd4d5f169ea,Assets/Art/Image/Hero/Sequence/Chuizi/Gongji/Hong/原地蓄力（红）_0017.png,Assets/Game/ColorTiming/Art/Image/Hero/Sequence/Chuizi/Gongji/Hong/原地蓄力（红）_0017.png
ad14d5a4cd7a0444286d315541ee0495,Assets/Plugins/Spine/Editor,Assets/Plugins/Spine/Editor
ad1c0585c2ab21245b913f2f85d23539,Assets/Game/Prefba/sk_meigongdao.prefab,Assets/Game/Prefabs/Entity/ColorTiming/sk_meigongdao.prefab
ad2500fad06f85241bf40920301de191,Assets/Game/Prefba/HitFX_nor.prefab,Assets/Game/Prefabs/Entity/ColorTiming/HitFX_nor.prefab
ad261d4bfc5771743867bb75ada00de4,Assets/Art/Image/Hero/Sequence/Yidong/绿色移动_0002.png,Assets/Game/ColorTiming/Art/Image/Hero/Sequence/Yidong/绿色移动_0002.png
ad31b0f783508fa40b0357382cf6b82a,Assets/Art/Image/Hero/Sequence/Chuizi/Gongji/Zi/移动蓄力完成（紫）_0003.png,Assets/Game/ColorTiming/Art/Image/Hero/Sequence/Chuizi/Gongji/Zi/移动蓄力完成（紫）_0003.png
ad3bf16419b396d4e99245c66c0d7ea6,Assets/Art/Image/Hero/Sequence/futou/gongji/lv/绿色斧头蓄力（原地）_0008.png,Assets/Game/ColorTiming/Art/Image/Hero/Sequence/futou/gongji/lv/绿色斧头蓄力（原地）_0008.png
ad4a703c9bc03d04db8ee937d8bb2099,Assets/Art/Image/Hero/Sequence/Chuizi/Daiji/红色锤子待机_0004.png,Assets/Game/ColorTiming/Art/Image/Hero/Sequence/Chuizi/Daiji/红色锤子待机_0004.png
ad4e1c1d08ebbec4e93653269f8831ef,Assets/Game/Prefba/UI/BossHP_Item.prefab,Assets/Game/Prefabs/UI/ColorTiming/BossHP_Item.prefab
ad501531dedb7c446b04de5e2e8e8d7f,Assets/Art/Image/Hero/Sequence/feiji/daiji/紫色飞机待机_0011.png,Assets/Game/ColorTiming/Art/Image/Hero/Sequence/feiji/daiji/紫色飞机待机_0011.png
ad529f64380ce30499747835205439e0,Assets/Art/Image/Weapon/Tip2/提示圈-第二章_0029.png,Assets/Game/ColorTiming/Art/Image/Weapon/Tip2/提示圈-第二章_0029.png
ad771eed1489b8747bbb9e6e753cfc71,Assets/Art/Image/Scene/B1/a5/dj/skeleton-animation_085.png,Assets/Game/ColorTiming/Art/Image/Scene/B1/a5/dj/skeleton-animation_085.png
ada8dbf6b0de5554c81190e0075fa4d2,Assets/Art/Image/Hero/Sequence/Chuizi/Gongji/Zi/原地蓄力（紫）_0015.png,Assets/Game/ColorTiming/Art/Image/Hero/Sequence/Chuizi/Gongji/Zi/原地蓄力（紫）_0015.png
ade885c25e49d7740b5c00d4e10a6197,Assets/Plugins/Spine/Editor/spine-unity/Editor/ImporterPresets/StraightAlphaPresetTemplate.png,Assets/Plugins/Spine/Editor/spine-unity/Editor/ImporterPresets/StraightAlphaPresetTemplate.png
ae0473767f7cc9b44b638e034b33eab5,Assets/Art/Image/Scene/B1/a3/c/a3草动_71.png,Assets/Game/ColorTiming/Art/Image/Scene/B1/a3/c/a3草动_71.png
ae1146d999046fd4d8bf89b708701129,Assets/Art/Image/Hero/Sequence/Chuizi/Gongji/Zi/xuli_do_zi.anim,Assets/Game/ColorTiming/Art/Image/Hero/Sequence/Chuizi/Gongji/Zi/xuli_do_zi.anim
ae390dbf818ce374aa194657daff3acf,Assets/Art/Image/Hero/Sequence/jiandao/daiji/绿色剪刀待机_0004.png,Assets/Game/ColorTiming/Art/Image/Hero/Sequence/jiandao/daiji/绿色剪刀待机_0004.png
ae5d48465036c47448bb9453d2e5b954,Assets/Art/Image/Hero/Sequence/feiji/skill/紫色飞机爆炸_0017.png,Assets/Game/ColorTiming/Art/Image/Hero/Sequence/feiji/skill/紫色飞机爆炸_0017.png
ae85619cf97abbd4bb6f527c2f43b8d7,Assets/Art/Image/Scene/B1/a3/c/a3草动_12.png,Assets/Game/ColorTiming/Art/Image/Scene/B1/a3/c/a3草动_12.png
ae8ca336e79f4464aba2670bb7da9ebb,Assets/Art/Image/Scene/B1/a1/a1待_81.png,Assets/Game/ColorTiming/Art/Image/Scene/B1/a1/a1待_81.png
ae9aba05a6eb341439e71123d6a22936,Assets/Art/Image/Hero/Sequence/Chuizi/Gongji/Hong/移动蓄力（红）_0012.png,Assets/Game/ColorTiming/Art/Image/Hero/Sequence/Chuizi/Gongji/Hong/移动蓄力（红）_0012.png
aea89515d026f6c44b760c6e64c1c509,Assets/Art/Image/Scene/B1/a4/c/a4草动_58.png,Assets/Game/ColorTiming/Art/Image/Scene/B1/a4/c/a4草动_58.png
aecedd30cfe4b9043831ad08c6a7be16,Assets/Art/Image/Scene/B1/a3/dj/a3草待机_112.png,Assets/Game/ColorTiming/Art/Image/Scene/B1/a3/dj/a3草待机_112.png
aed91ced9f0dc0b45ad4f9a410a4abab,Assets/Art/Image/Boss/Skill5/尖刺特效_21.png,Assets/Game/ColorTiming/Art/Image/Boss/Skill5/尖刺特效_21.png
aeda0bd57468cab49be962a1b15c8adf,Assets/Art/Image/Hero/Sequence/Dao/daiji/紫色刀待机_0007.png,Assets/Game/ColorTiming/Art/Image/Hero/Sequence/Dao/daiji/紫色刀待机_0007.png
aeda369cff1e89a42bc18e4ad37311ec,Assets/Art/Image/Scene/B1/a6/c/a6草动_04.png,Assets/Game/ColorTiming/Art/Image/Scene/B1/a6/c/a6草动_04.png
aee90699c643d5845b74adee5d0812fc,Assets/Art/Image/Scene/B1/a6/c/a6草动_37.png,Assets/Game/ColorTiming/Art/Image/Scene/B1/a6/c/a6草动_37.png
aeee1ebca88c5d645b5f05709b27fcd4,Assets/Art/Image/Scene/B2/cao/A1.png,Assets/Game/ColorTiming/Art/Image/Scene/B2/cao/A1.png
aef90b4c481362e42891bb46de344c1c,Assets/Plugins/Spine/Editor/spine-unity/Editor/Shaders/SpineSpriteShaderGUI.cs,Assets/Plugins/Spine/Editor/spine-unity/Editor/Shaders/SpineSpriteShaderGUI.cs
af02aae5004e48543be45f741b9e7c90,Assets/Art/Image/Hero/Sequence/Daiji/待机_0003.png,Assets/Game/ColorTiming/Art/Image/Hero/Sequence/Daiji/待机_0003.png
af0c599672f2c85478acc4fa5035a96a,Assets/Art/Image/Hero/Sequence/Zhadan/daiji,Assets/Game/ColorTiming/Art/Image/Hero/Sequence/Zhadan/daiji
af632ee81ea4ec04a9125c390440a216,Assets/Art/Image/Weapon/Tip2/提示圈-第二章_0010.png,Assets/Game/ColorTiming/Art/Image/Weapon/Tip2/提示圈-第二章_0010.png
af68f89987d899d499d42eab71a43d37,Assets/Art/Image/Scene/B1/a2/c/a2草动_45.png,Assets/Game/ColorTiming/Art/Image/Scene/B1/a2/c/a2草动_45.png
af72c36d38d11794e80eac9d4bf6c3d5,Assets/Art/Sound/blanket_walk-003.wav,Assets/Game/ColorTiming/Art/Sound/blanket_walk-003.wav
af7749c8675a78c45868fc22fdecda6c,Assets/Art/Image/ui/红色锤子.png,Assets/Game/ColorTiming/Art/Image/ui/红色锤子.png
afc54c8bea8435845a6b13ee71bc031b,Assets/Art/Image/Scene/B1/a4/c/a4草动_09.png,Assets/Game/ColorTiming/Art/Image/Scene/B1/a4/c/a4草动_09.png
afd1f2989fecf6344b7430a3d28a33cb,Assets/Art/Image/Scene/B1/a4/a4_cao_c.anim,Assets/Game/ColorTiming/Art/Image/Scene/B1/a4/a4_cao_c.anim
afdcc13094654fc4ea4a9a72560c83b9,Assets/Art/Image/Scene/B1/a3/dj/a3草待机_061.png,Assets/Game/ColorTiming/Art/Image/Scene/B1/a3/dj/a3草待机_061.png
afff925e288e38841bb6105e8ed8499f,Assets/Game/Prefba/sk_futou.prefab,Assets/Game/Prefabs/Entity/ColorTiming/sk_futou.prefab
b031e3dfbb38a534b9b4d28ff8848181,Assets/Art/Image/Hero/Sequence/Dao/daiji/橙色刀待机_0001.png,Assets/Game/ColorTiming/Art/Image/Hero/Sequence/Dao/daiji/橙色刀待机_0001.png
b03580aeffee821479670d414ae7fade,Assets/Art/Image/Hero/Sequence/futou/gongji/hong/红色斧头攻击_0004.png,Assets/Game/ColorTiming/Art/Image/Hero/Sequence/futou/gongji/hong/红色斧头攻击_0004.png
b0373acf119065148a7106d8dbfbc62a,Assets/Art/Image/Scene/B1/暗角.png,Assets/Game/ColorTiming/Art/Image/Scene/B1/暗角.png
b052d03fce7fb2a4a8f7885df75e5e7f,Assets/Art/Image/Scene/B1/a6/dj/a6草待机_076.png,Assets/Game/ColorTiming/Art/Image/Scene/B1/a6/dj/a6草待机_076.png
b065e95d4c5131e4b9bdd3cd3f73c35d,Assets/Art/Image/Hero/Sequence/Yidong/Beimian/红色移动（背面）_0002.png,Assets/Game/ColorTiming/Art/Image/Hero/Sequence/Yidong/Beimian/红色移动（背面）_0002.png
b077b46215f45d24688a3625704cacae,Assets/Art/Image/Scene/B1/a1/a1待_37.png,Assets/Game/ColorTiming/Art/Image/Scene/B1/a1/a1待_37.png
b07e18a98f62db343972e812435f1ecc,Assets/Art/Image/Scene/B1/a1/a1待_74.png,Assets/Game/ColorTiming/Art/Image/Scene/B1/a1/a1待_74.png
b08ef68b8e39f40498ef24ef12cca281,Assets/Plugins/Spine/Runtime/spine-csharp/BlendMode.cs,Assets/Plugins/Spine/Runtime/spine-csharp/BlendMode.cs
b090240f0e045bc4686f977db9fa7e72,Assets/Art/Image/Hero/Anim/HeroTest.controller,Assets/Game/ColorTiming/Art/Image/Hero/Anim/HeroTest.controller
b0a3c5e8e3d27994da9e3734db7c2d78,Assets/Art/Image/Hero/Sequence/futou/daiji/橙色斧头待机_0003.png,Assets/Game/ColorTiming/Art/Image/Hero/Sequence/futou/daiji/橙色斧头待机_0003.png
b0a6069424574164bbea5a70add9db50,Assets/Art/Image/Hero/Sequence/futou/yidong/橙色斧头移动_0003.png,Assets/Game/ColorTiming/Art/Image/Hero/Sequence/futou/yidong/橙色斧头移动_0003.png
b0cbfac8dc496b440bd01654fba7e634,Assets/Art/Image/Hero/Sequence/feiji/daiji/红色飞机待机_0004.png,Assets/Game/ColorTiming/Art/Image/Hero/Sequence/feiji/daiji/红色飞机待机_0004.png
b0f72f47bdadfc74d9d56c5f40e11f5b,Assets/Art/Image/Scene/B1/a6/dj/a6草待机_038.png,Assets/Game/ColorTiming/Art/Image/Scene/B1/a6/dj/a6草待机_038.png
b0fd98019ca00c74f929c6d1f7ee3544,Assets/Plugins/Spine/Runtime/spine-unity/Components/Following,Assets/Plugins/Spine/Runtime/spine-unity/Components/Following
b13b54cdf5a892f429c67e6e50623a59,Assets/Art/Image/Scene/B1/a4/c/a4草动_44.png,Assets/Game/ColorTiming/Art/Image/Scene/B1/a4/c/a4草动_44.png
b1402a7c8dcc6d4409441998e9be04e3,Assets/Art/Image/Hero/Sequence/Gongji/普攻特效_0003.png,Assets/Game/ColorTiming/Art/Image/Hero/Sequence/Gongji/普攻特效_0003.png
b143e31a9666d1544890bcca461774b1,Assets/Art/Image/Hero/Sequence/feiji/skill/橙色飞机爆炸_0023.png,Assets/Game/ColorTiming/Art/Image/Hero/Sequence/feiji/skill/橙色飞机爆炸_0023.png
b1707bb5ba0f7384fbcfb52db8d5e9d8,Assets/Art/Image/Hero/Sequence/Chuizi/yidong/yidong_cuizi_lv.anim,Assets/Game/ColorTiming/Art/Image/Hero/Sequence/Chuizi/yidong/yidong_cuizi_lv.anim
b1781f6bf5158994e9cd39b6b475fc2f,Assets/Art/Image/Hero/Sequence/futou/gongji/zhi/紫色斧头蓄力(原地）_0004.png,Assets/Game/ColorTiming/Art/Image/Hero/Sequence/futou/gongji/zhi/紫色斧头蓄力(原地）_0004.png
b18709d862c96124ebd4c433d9783a80,Assets/Art/Image/Scene/B1/jianci/b6.png,Assets/Game/ColorTiming/Art/Image/Scene/B1/jianci/b6.png
b19e53f6602cb4b4480747e8f411e25e,Assets/Art/Image/Hero/Sequence/futou/gongji/lv/绿色斧头攻击_0004.png,Assets/Game/ColorTiming/Art/Image/Hero/Sequence/futou/gongji/lv/绿色斧头攻击_0004.png
b1ab80744ac17724dbc0d15fdb6f4727,Assets/Plugins/Spine/Runtime/spine-unity/Mesh Generation/MeshRendererBuffers.cs,Assets/Plugins/Spine/Runtime/spine-unity/Mesh Generation/MeshRendererBuffers.cs
b1cb08a837c3d8f498696b71d8f1744c,Assets/Art/Image/Boss/Skill5/尖刺特效_47.png,Assets/Game/ColorTiming/Art/Image/Boss/Skill5/尖刺特效_47.png
b1ec9e0bf26272b46b3522ba4d389dbb,Assets/Art/Image/UI_Start/设置（正常）.png,Assets/Game/ColorTiming/Art/Image/UI_Start/设置（正常）.png
b1efb6c8bd6173f4c9380253227d4929,Assets/Art/Image/Scene/B1/a2/dj/a2草待机_77.png,Assets/Game/ColorTiming/Art/Image/Scene/B1/a2/dj/a2草待机_77.png
b20583d07e3a5064c8e6f38e502fcccd,Assets/Art/Image/Hero/Sequence/Yidong/Beimian/紫色移动（背面）_0005.png,Assets/Game/ColorTiming/Art/Image/Hero/Sequence/Yidong/Beimian/紫色移动（背面）_0005.png
b20ad81dfd1996e4d9161de81187a147,Assets/Art/Image/Scene/B1/a3/c/a3草动_62.png,Assets/Game/ColorTiming/Art/Image/Scene/B1/a3/c/a3草动_62.png
b21b686ffb07bd344bf8455144c22273,Assets/Art/Image/Scene/B1/a4/dj/skeleton-animation_118.png,Assets/Game/ColorTiming/Art/Image/Scene/B1/a4/dj/skeleton-animation_118.png
b226c5194a99122418a0904f5bf73fc3,Assets/Art/Image/Scene/B1/a4/dj/skeleton-animation_031.png,Assets/Game/ColorTiming/Art/Image/Scene/B1/a4/dj/skeleton-animation_031.png
b238dfcde8209044b97d23f62bcaadf6,Assets/Plugins/Spine/Runtime/spine-unity/Components/SkeletonUtility/SkeletonUtilityBone.cs,Assets/Plugins/Spine/Runtime/spine-unity/Components/SkeletonUtility/SkeletonUtilityBone.cs
b2690c628619ba445b08f1e6d85ef51e,Assets/Art/Image/Hero/Sequence/Chuizi/yidong/红色锤子移动_0004.png,Assets/Game/ColorTiming/Art/Image/Hero/Sequence/Chuizi/yidong/红色锤子移动_0004.png
b27071f8ca85eed49ae5d78ee766bf1b,Assets/Art/Image/Scene/B1/a4/dj/skeleton-animation_019.png,Assets/Game/ColorTiming/Art/Image/Scene/B1/a4/dj/skeleton-animation_019.png
b28a6e97793dcfb46825ecd909a04629,Assets/Art/Image/Hero/Sequence/futou/gongji/hong/红色斧头蓄力（原地）_0004.png,Assets/Game/ColorTiming/Art/Image/Hero/Sequence/futou/gongji/hong/红色斧头蓄力（原地）_0004.png
b29e98153ec2fbd44b8f7da1b41194e8,Assets/Plugins/Spine/Editor/spine-unity/Editor/Windows/SpinePreferences.cs,Assets/Plugins/Spine/Editor/spine-unity/Editor/Windows/SpinePreferences.cs
b2ad34dd15c7c834ba907a0696f000d0,Assets/Art/Image/Hero/Sequence/jiandao/gongji/绿色剪刀攻击_0003.png,Assets/Game/ColorTiming/Art/Image/Hero/Sequence/jiandao/gongji/绿色剪刀攻击_0003.png
b2db8a7595f33b042adbe764e36a6f7c,Assets/Art/Image/Scene/B1/a1/a1待_40.png,Assets/Game/ColorTiming/Art/Image/Scene/B1/a1/a1待_40.png
b308177f77746494892bc02d6fead1d7,Assets/Art/Image/Scene/B1/a2/dj/a2草待机_15.png,Assets/Game/ColorTiming/Art/Image/Scene/B1/a2/dj/a2草待机_15.png
b3132a7386d3fe949be24c60ea251e01,Assets/Art/Image/Scene/B1/a6/dj/a6草待机_047.png,Assets/Game/ColorTiming/Art/Image/Scene/B1/a6/dj/a6草待机_047.png
b3212208d414ac842a75ffa1671a5922,Assets/Art/Image/Hero/Sequence/Siwang/sc/死亡动画背景_0040.png,Assets/Game/ColorTiming/Art/Image/Hero/Sequence/Siwang/sc/死亡动画背景_0040.png
b33771fbd046ef64f9c51adbc3b886e5,Assets/Art/Image/Hero/Sequence/Siwang/sc/死亡动画背景_0002.png,Assets/Game/ColorTiming/Art/Image/Hero/Sequence/Siwang/sc/死亡动画背景_0002.png
b3377968a06c23d429f24d98e2dc0c97,Assets/Art/Image/Hero/Sequence/futou/gongji/hong/红色斧头蓄力完成（原地）_0001.png,Assets/Game/ColorTiming/Art/Image/Hero/Sequence/futou/gongji/hong/红色斧头蓄力完成（原地）_0001.png
b33bf58f71d78f842a56ec208c5f364e,Assets/Art/Image/Scene/B1/a3/dj/a3草待机_048.png,Assets/Game/ColorTiming/Art/Image/Scene/B1/a3/dj/a3草待机_048.png
b365acf08c673ce47a74f4eab0d587dd,Assets/Art/Image/Weapon/Tip2/提示圈-第二章_0001.png,Assets/Game/ColorTiming/Art/Image/Weapon/Tip2/提示圈-第二章_0001.png
b38bd4e8d66ec4845ad0d6729c831056,Assets/Art/Image/Hero/Sequence/Chuizi/Gongji/Zi/攻击动作（紫）_0005.png,Assets/Game/ColorTiming/Art/Image/Hero/Sequence/Chuizi/Gongji/Zi/攻击动作（紫）_0005.png
b38d4589804a44d46bee9f916843c3a9,Assets/Art/Image/Scene/B1/a5/dj/skeleton-animation_001.png,Assets/Game/ColorTiming/Art/Image/Scene/B1/a5/dj/skeleton-animation_001.png
b3ae20b4bcc31f645afd6f5b64f82473,Assets/Plugins/Spine/Editor/spine-unity/Editor/Components/SkeletonUtilityBoneInspector.cs,Assets/Plugins/Spine/Editor/spine-unity/Editor/Components/SkeletonUtilityBoneInspector.cs
b3b6f541f560d24469faaae50b4fdb1d,Assets/Art/Image/Scene/B1/a2/c/a2草动_11.png,Assets/Game/ColorTiming/Art/Image/Scene/B1/a2/c/a2草动_11.png
b3b711c13e6dbf344a5e80c947a7714d,Assets/Art/Image/Hero/Sequence/feiji/yidong/yidong_feiji_chen.anim,Assets/Game/ColorTiming/Art/Image/Hero/Sequence/feiji/yidong/yidong_feiji_chen.anim
b3c0ba81d9a876243a5ee8e6283d7e25,Assets/Art/Image/Scene/B1/a1/a1待_02.png,Assets/Game/ColorTiming/Art/Image/Scene/B1/a1/a1待_02.png
b3c90da36e3c780438dc46c79a8fa4a6,Assets/Art/Image/Hero/Sequence/futou/gongji/lv/xuli_yu_f_lv.anim,Assets/Game/ColorTiming/Art/Image/Hero/Sequence/futou/gongji/lv/xuli_yu_f_lv.anim
b3fe5ce49a7c8c041a9d60e4f7f403de,Assets/Plugins/Spine/Editor/spine-unity/Editor/ImporterPresets/StraightAlphaPreset.preset,Assets/Plugins/Spine/Editor/spine-unity/Editor/ImporterPresets/StraightAlphaPreset.preset
b40a7e83012492a438a64e9b30fdb70a,Assets/Art/Image/Scene/B1/a6/dj/a6草待机_079.png,Assets/Game/ColorTiming/Art/Image/Scene/B1/a6/dj/a6草待机_079.png
b41ddd57048a62b41951dbbfd453ab98,Assets/Plugins/Spine/Runtime/spine-csharp/Collections,Assets/Plugins/Spine/Runtime/spine-csharp/Collections
b420164a2486fb342b90e722b00a0338,Assets/Art/Image/Hero/Sequence/futou/yidong/紫色斧头移动_0002.png,Assets/Game/ColorTiming/Art/Image/Hero/Sequence/futou/yidong/紫色斧头移动_0002.png
b42a195b47491d34b9bcbc40898bcb29,Assets/Plugins/Spine/Runtime/spine-unity/Components/Following/BoneFollowerGraphic.cs,Assets/Plugins/Spine/Runtime/spine-unity/Components/Following/BoneFollowerGraphic.cs
b4949ac5bec7c214698aae4346e224e4,Assets/Art/Image/Hero/Sequence/futou/gongji/hong/红色斧头蓄力（移动）_0007.png,Assets/Game/ColorTiming/Art/Image/Hero/Sequence/futou/gongji/hong/红色斧头蓄力（移动）_0007.png
b4bfe39b419dd92498b37d5cb104fe17,Assets/Art/Image/Scene/B1/a3/dj/a3草待机_060.png,Assets/Game/ColorTiming/Art/Image/Scene/B1/a3/dj/a3草待机_060.png
b4dbac9249db9a642bb71f9b5e16f6e2,Assets/Art/Image/Hero/Sequence/futou/gongji/hong/红色斧头蓄力（移动）_0004.png,Assets/Game/ColorTiming/Art/Image/Hero/Sequence/futou/gongji/hong/红色斧头蓄力（移动）_0004.png
b4e00d10d424bfa4382ffabe8038757a,Assets/Art/Image/Scene/B1/a5/dj/skeleton-animation_066.png,Assets/Game/ColorTiming/Art/Image/Scene/B1/a5/dj/skeleton-animation_066.png
b4e629833fd0b6047b0bc624d1903a75,Assets/Art/Image/Hero/Sequence/Gongji/普攻特效_0002.png,Assets/Game/ColorTiming/Art/Image/Hero/Sequence/Gongji/普攻特效_0002.png
b4eb2a33105030d4e92adb0b3b79d0bd,Assets/Art/Image/Hero/Sequence/futou/gongji/chen/橙色斧头蓄力完成（移动）_0002.png,Assets/Game/ColorTiming/Art/Image/Hero/Sequence/futou/gongji/chen/橙色斧头蓄力完成（移动）_0002.png
b4ef6abd0c88e034a8df77c1128253d8,Assets/Art/Image/Hero/Sequence/Dao/daiji/红色刀待机_0003.png,Assets/Game/ColorTiming/Art/Image/Hero/Sequence/Dao/daiji/红色刀待机_0003.png
b4fbf7312be9ad443b952e46435242fb,Assets/Art/Image/Boss/Skill5,Assets/Game/ColorTiming/Art/Image/Boss/Skill5
b51f0826e183e9e4f95f796f4f2cd5ee,Assets/Art/Image/Hero/Sequence/Siwang/被击杀后_0017.png,Assets/Game/ColorTiming/Art/Image/Hero/Sequence/Siwang/被击杀后_0017.png
b520ac15fa097a04f8a9363b69616e0b,Assets/Art/Image/UI_Set/关闭音乐（正常）.png,Assets/Game/ColorTiming/Art/Image/UI_Set/关闭音乐（正常）.png
b522fbe302dab484eb02a90b4575d44a,Assets/Art/Image/Hero/Sequence/Dao/daiji/橙色刀待机_0003.png,Assets/Game/ColorTiming/Art/Image/Hero/Sequence/Dao/daiji/橙色刀待机_0003.png
b5266d6f61714694b920755149018525,Assets/Art/Image/Scene/B1/a2/c/a2草动_46.png,Assets/Game/ColorTiming/Art/Image/Scene/B1/a2/c/a2草动_46.png
b52ca5add949e714a802b610ddff7d57,Assets/Art/Image/Scene/B1/a1/a1待_82.png,Assets/Game/ColorTiming/Art/Image/Scene/B1/a1/a1待_82.png
b52cbbfa83ae5ad4187727450f2f3e42,Assets/Art/Image/Boss2/Weiba/第二章boss.png,Assets/Game/ColorTiming/Art/Image/Boss2/Weiba/第二章boss.png
b531a928c4f37c344839fc017f2f9291,Assets/Art/Image/Hero/Sequence/Siwang/sc/death_sc.controller,Assets/Game/ColorTiming/Art/Image/Hero/Sequence/Siwang/sc/death_sc.controller
b53653d3062381b48a571aa18c76939b,Assets/Art/Image/Scene/B1/a6/dj/a6草待机_104.png,Assets/Game/ColorTiming/Art/Image/Scene/B1/a6/dj/a6草待机_104.png
b54b4fefca2276b40af0ff6049bf6a65,Assets/Art/Image/Scene/B1/a5/dj/skeleton-animation_048.png,Assets/Game/ColorTiming/Art/Image/Scene/B1/a5/dj/skeleton-animation_048.png
b5533a19b08f60145b415f0d22ca8652,Assets/Art/Image/Weapon/锤3.png,Assets/Game/ColorTiming/Art/Image/Weapon/锤3.png
b566566093c18eb47ac63743b96a85c0,Assets/Art/Image/Hero/Sequence/feiji/daiji/橙色飞机待机_0003.png,Assets/Game/ColorTiming/Art/Image/Hero/Sequence/feiji/daiji/橙色飞机待机_0003.png
b59f3fb30aa1d954dab27110ee9c039b,Assets/Art/Image/Hero/Sequence/Chuizi/Gongji/Hong/锤子攻击（红）_0008.png,Assets/Game/ColorTiming/Art/Image/Hero/Sequence/Chuizi/Gongji/Hong/锤子攻击（红）_0008.png
b5ac3acb613c31446a3c201d200ab016,Assets/Art/Image/Scene/B1/a6/c/a6草动_10.png,Assets/Game/ColorTiming/Art/Image/Scene/B1/a6/c/a6草动_10.png
b5b906b7e81fbc5439ae216b2d1819c6,Assets/Art/Image/Hero/Sequence/Chuizi/Gongji/Hong/移动蓄力（红）_0014.png,Assets/Game/ColorTiming/Art/Image/Hero/Sequence/Chuizi/Gongji/Hong/移动蓄力（红）_0014.png
b5bf4a39062f7dc4599652968f6522fb,Assets/Art/Image/Scene/B1/a1/a1待_77.png,Assets/Game/ColorTiming/Art/Image/Scene/B1/a1/a1待_77.png
b5cfee09255136d4e8f0d8f6840ab133,Assets/Art/Image/Scene/B1/a5/dj/skeleton-animation_111.png,Assets/Game/ColorTiming/Art/Image/Scene/B1/a5/dj/skeleton-animation_111.png
b5ecbff71b0a8f44fa805a5819973604,Assets/Game/Prefba/UI,Assets/Game/Prefabs/UI/ColorTiming
b5ed57e27e216134ea98780cc4817d66,Assets/Art/Image/Hero/Sequence/Chuizi/Gongji/Lv/原地蓄力完成（绿）_0000.png,Assets/Game/ColorTiming/Art/Image/Hero/Sequence/Chuizi/Gongji/Lv/原地蓄力完成（绿）_0000.png
b5fb83bf0d655d94c9fbb09dbeef2e7d,Assets/Art/Image/Scene/B1/a6/dj/a6草待机_059.png,Assets/Game/ColorTiming/Art/Image/Scene/B1/a6/dj/a6草待机_059.png
b66cf7a186d13054989b33a5c90044e4,Assets/Plugins/Spine/Runtime/spine-unity/Materials/SkeletonGraphicDefault.mat,Assets/Plugins/Spine/Runtime/spine-unity/Materials/SkeletonGraphicDefault.mat
b68e042b82f5a564c9535be2cd8d2aa8,Assets/Art/Image/Scene/B1/a1/a1待_22.png,Assets/Game/ColorTiming/Art/Image/Scene/B1/a1/a1待_22.png
b69b54e9e5ae6184eae8645987ace079,Assets/Art/Image/Weapon/Tip1/提示圈-第一章_0023.png,Assets/Game/ColorTiming/Art/Image/Weapon/Tip1/提示圈-第一章_0023.png
b69f0e4fb377cff4ab633c735cdab140,Assets/Art/Image/Hero/Sequence/Shouji/受击曝光_0003.png,Assets/Game/ColorTiming/Art/Image/Hero/Sequence/Shouji/受击曝光_0003.png
b6a708d0191e2d143af4c0dcac0a152b,Assets/Game/Scripts/UI/UI_HeroHPItem.cs,Assets/Game/Scripts/ColorTiming/Legacy/UI/UI_HeroHPItem.cs
b6a97276bec203645b2ccf329245bdcb,Assets/Art/Image/Hero/Sequence/Yidong/Beimian/绿色移动（背面）_0000.png,Assets/Game/ColorTiming/Art/Image/Hero/Sequence/Yidong/Beimian/绿色移动（背面）_0000.png
b6ace45bb5a852e4abda8b0f9d03bd30,Assets/Art/Image/Boss/Skill5/尖刺特效_23.png,Assets/Game/ColorTiming/Art/Image/Boss/Skill5/尖刺特效_23.png
b6b8a007cdba48e4992372c1ebea88a2,Assets/Art/Image/Boss/Skill5/尖刺特效_20.png,Assets/Game/ColorTiming/Art/Image/Boss/Skill5/尖刺特效_20.png
b6badf2758b1ea44e8c5ec62ef338e22,Assets/Plugins/Spine/Editor/spine-unity/Editor/Windows,Assets/Plugins/Spine/Editor/spine-unity/Editor/Windows
b6ee443818379f645803ddea9e0eef7e,Assets/Art/Image/ui/绿色飞机.png,Assets/Game/ColorTiming/Art/Image/ui/绿色飞机.png
b6ef4ec0a2ddbbe4e835da0257009130,Assets/Art/Image/Hero/Sequence/Chuizi/Gongji/Lv/移动蓄力（绿）_0007.png,Assets/Game/ColorTiming/Art/Image/Hero/Sequence/Chuizi/Gongji/Lv/移动蓄力（绿）_0007.png
b70b27bd6062a66498b87d60493b2baf,Assets/Art/Image/Hero/Sequence/jiandao/daiji/红色剪刀待机_0009.png,Assets/Game/ColorTiming/Art/Image/Hero/Sequence/jiandao/daiji/红色剪刀待机_0009.png
b717c814faa33714c91cbd637f364f64,Assets/Art/Image/Hero/Sequence/Dao/gongji/绿色刀攻击_0001.png,Assets/Game/ColorTiming/Art/Image/Hero/Sequence/Dao/gongji/绿色刀攻击_0001.png
b725e991c16457c4f83024c8c8aaec93,Assets/Art/Image/Scene/B1/a5/dj/skeleton-animation_086.png,Assets/Game/ColorTiming/Art/Image/Scene/B1/a5/dj/skeleton-animation_086.png
b7341f820ec400d4f9877f293a0aaef5,Assets/Art/Image/Scene/B1/a6/dj/a6草待机_024.png,Assets/Game/ColorTiming/Art/Image/Scene/B1/a6/dj/a6草待机_024.png
b73e450110ec29844914eb4457085ebd,Assets/Art/Image/Hero/Sequence/feiji/gongji/红色飞机投掷_0005.png,Assets/Game/ColorTiming/Art/Image/Hero/Sequence/feiji/gongji/红色飞机投掷_0005.png
b7633a67e65f4b8409b0e65d962dba86,Assets/Art/Image/Weapon/Tip1/提示圈-第一章_0012.png,Assets/Game/ColorTiming/Art/Image/Weapon/Tip1/提示圈-第一章_0012.png
b76cf142bb3549e44b469685e8bac984,Assets/Art/Image/Scene/B1/a5/c/a5草动_08.png,Assets/Game/ColorTiming/Art/Image/Scene/B1/a5/c/a5草动_08.png
b7729262205358948bd3f2555d19348f,Assets/Art/Sound/charactor_die_001.WAV,Assets/Game/ColorTiming/Art/Sound/charactor_die_001.WAV
b786678a18148bb46a861460cb9db09d,Assets/Art/Image/Hero/Sequence/jiandao/daiji/红色剪刀待机_0006.png,Assets/Game/ColorTiming/Art/Image/Hero/Sequence/jiandao/daiji/红色剪刀待机_0006.png
b78942fe17c5d3548baa1526efdbdb25,Assets/Art/Image/Hero/Sequence/feiji/gongji/绿色飞机投掷_0002.png,Assets/Game/ColorTiming/Art/Image/Hero/Sequence/feiji/gongji/绿色飞机投掷_0002.png
b79ac9ecf210e6d4d980379d3fe300e9,Assets/Art/Image/Hero/Sequence/futou/gongji/lv/绿色斧头攻击_0000.png,Assets/Game/ColorTiming/Art/Image/Hero/Sequence/futou/gongji/lv/绿色斧头攻击_0000.png
b7a911e876bba60429540f6e2747390c,Assets/Art/Image/Scene/B2/cao/F.png,Assets/Game/ColorTiming/Art/Image/Scene/B2/cao/F.png
b7ad017f921643f418a20fa2b486a83f,Assets/Art/Image/Scene/B1/a2/c/a2草动_49.png,Assets/Game/ColorTiming/Art/Image/Scene/B1/a2/c/a2草动_49.png
b7bc892840eadb04eac2293d9e036577,Assets/Art/Image/Scene/B1/a4/dj/skeleton-animation_099.png,Assets/Game/ColorTiming/Art/Image/Scene/B1/a4/dj/skeleton-animation_099.png
b7d805ddb051b8b44b23d841033c0d4d,Assets/Art/Image/Hero/Sequence/futou/gongji/lv/绿色斧头蓄力（原地）_0012.png,Assets/Game/ColorTiming/Art/Image/Hero/Sequence/futou/gongji/lv/绿色斧头蓄力（原地）_0012.png
b7dbdfb1f55ee26459284220ad6d5bc4,Assets/Plugins/Spine/Runtime/spine-unity/Shaders/Sprite/CGIncludes/SpriteShadows.cginc,Assets/Plugins/Spine/Runtime/spine-unity/Shaders/Sprite/CGIncludes/SpriteShadows.cginc
b7edeecc9bd7dd44faabf24f29b119a0,Assets/Plugins/Spine/Runtime/spine-csharp/TransformConstraintData.cs,Assets/Plugins/Spine/Runtime/spine-csharp/TransformConstraintData.cs
b7f7514a003143844b6d01ecc93ed4d5,Assets/Plugins/Spine/Runtime/spine-csharp/Attachments/MeshAttachment.cs,Assets/Plugins/Spine/Runtime/spine-csharp/Attachments/MeshAttachment.cs
b807b05ece352184c9c9260f2de05b00,Assets/Art/Image/Scene/B1/a5/dj/skeleton-animation_125.png,Assets/Game/ColorTiming/Art/Image/Scene/B1/a5/dj/skeleton-animation_125.png
b844a79b38302f64eafdfd69f0bbb8ec,Assets/Art/Image/Hero/Sequence/feiji/daiji/紫色飞机待机_0000.png,Assets/Game/ColorTiming/Art/Image/Hero/Sequence/feiji/daiji/紫色飞机待机_0000.png
b84c530fe0a21494ca24fd0b131a5cba,Assets/Art/Image/Weapon/Tip2/提示圈-第二章_0036.png,Assets/Game/ColorTiming/Art/Image/Weapon/Tip2/提示圈-第二章_0036.png
b859b87938ebe524ba19a0022ad75034,Assets/Art/Image/Scene/B1/a3/dj/a3草待机_069.png,Assets/Game/ColorTiming/Art/Image/Scene/B1/a3/dj/a3草待机_069.png
b8623d25f9125944aa6d59b1618e424d,Assets/Art/Image/UI_ESC/返回上一关（正常）.png,Assets/Game/ColorTiming/Art/Image/UI_ESC/返回上一关（正常）.png
b86e429eb01f24a47998c10d2090aee6,Assets/Art/Image/Scene/B1/a2/c/a2草动_52.png,Assets/Game/ColorTiming/Art/Image/Scene/B1/a2/c/a2草动_52.png
b8b55763ec3cb6a4db05821c50634c24,Assets/Art/Image/Hero/Sequence/Gongji/普攻_0006.png,Assets/Game/ColorTiming/Art/Image/Hero/Sequence/Gongji/普攻_0006.png
b8bddf0680c1c004d826c9a4876d4ba8,Assets/Art/Image/Scene/B1/a5/c/a5草动_27.png,Assets/Game/ColorTiming/Art/Image/Scene/B1/a5/c/a5草动_27.png
b932639ec5165004b86ed301d2f49b99,Assets/Art/Image/Scene/B1/a5/c/a5草动_67.png,Assets/Game/ColorTiming/Art/Image/Scene/B1/a5/c/a5草动_67.png
b93d2380c72fa8243b03f627c1cd8ece,Assets/Art/Image/Hero/Sequence/futou/gongji/lv/绿色斧头攻击_0002.png,Assets/Game/ColorTiming/Art/Image/Hero/Sequence/futou/gongji/lv/绿色斧头攻击_0002.png
b94cac4c65eeaa14ab3ba34250042e3b,Assets/Art/Image/Hero/Sequence/feiji/yidong/红色飞机移动_0005.png,Assets/Game/ColorTiming/Art/Image/Hero/Sequence/feiji/yidong/红色飞机移动_0005.png
b950f28686f4cb846ab5f80f71dce7d6,Assets/Art/Image/Hero/Sequence/feiji/skill/红色飞机爆炸_0013.png,Assets/Game/ColorTiming/Art/Image/Hero/Sequence/feiji/skill/红色飞机爆炸_0013.png
b996c5ed31e093348bbad0ebef679414,Assets/Art/Image/Hero/Sequence/jiandao/daiji/紫色剪刀待机_0008.png,Assets/Game/ColorTiming/Art/Image/Hero/Sequence/jiandao/daiji/紫色剪刀待机_0008.png
b9995be460c406f4d9dd2b1a7c44a64e,Assets/Art/Image/Weapon/剪2亮.png,Assets/Game/ColorTiming/Art/Image/Weapon/剪2亮.png
b99c97bff7f3ba54d82ced06570b3a99,Assets/Art/Image/Hero/Sequence/futou/daiji/橙色斧头待机_0008.png,Assets/Game/ColorTiming/Art/Image/Hero/Sequence/futou/daiji/橙色斧头待机_0008.png
b9a4db145f9414b439871779f8fc8b03,Assets/Art/Image/Boss2/Shenti/第二章boss_Material.mat,Assets/Game/ColorTiming/Art/Image/Boss2/Shenti/第二章boss_Material.mat
b9aee10578d983646852faa2b72a7331,Assets/Art/Sound/grass_sways-001.WAV,Assets/Game/ColorTiming/Art/Sound/grass_sways-001.WAV
b9b9708aeece1894292cdfc6be2d06f5,Assets/Art/Image/Hero/Sequence/Zhadan/daiji/绿色炸弹待机_0009.png,Assets/Game/ColorTiming/Art/Image/Hero/Sequence/Zhadan/daiji/绿色炸弹待机_0009.png
b9c4a768655cdfa4e9379ef0e595c7aa,Assets/Art/Image/Boss/Skill5/尖刺特效_50.png,Assets/Game/ColorTiming/Art/Image/Boss/Skill5/尖刺特效_50.png
b9cd36b0d383e7f4487ecb2a57b8b5a2,Assets/Game/Scripts/UI/UI_ButtonAction.cs,Assets/Game/Scripts/ColorTiming/Legacy/UI/UI_ButtonAction.cs
b9ce818848cbdd44e80b8e35a7429de2,Assets/Art/Image/Hero/Sequence/Chuizi/Gongji/Hong/原地蓄力（红）_0003.png,Assets/Game/ColorTiming/Art/Image/Hero/Sequence/Chuizi/Gongji/Hong/原地蓄力（红）_0003.png
ba1aaf31e4c0d1c4f801d1ad995c2937,Assets/Art/Image/Hero/Sequence/futou/gongji/chen/橙色斧头蓄力（原地）_0003.png,Assets/Game/ColorTiming/Art/Image/Hero/Sequence/futou/gongji/chen/橙色斧头蓄力（原地）_0003.png
ba1ef91d43cbb2e4baaf1d9da8ef9885,Assets/Art/Image/Hero/Sequence/feiji/skill/绿色飞机爆炸_0001.png,Assets/Game/ColorTiming/Art/Image/Hero/Sequence/feiji/skill/绿色飞机爆炸_0001.png
ba290be87986f8547a35ed07e69f7f54,Assets/Art/Image/Scene/B1/a2/c/a2草动_27.png,Assets/Game/ColorTiming/Art/Image/Scene/B1/a2/c/a2草动_27.png
ba309f2bd68453c45bff2135065ec129,Assets/Art/Image/Weapon/剪3.png,Assets/Game/ColorTiming/Art/Image/Weapon/剪3.png
ba3d79b237ba20945ba09783e3a21a04,Assets/Art/Image/Hero/Sequence/futou/gongji/hong/红色斧头蓄力（移动）_0011.png,Assets/Game/ColorTiming/Art/Image/Hero/Sequence/futou/gongji/hong/红色斧头蓄力（移动）_0011.png
ba5e49d9033c71f469a1293275a36e5b,Assets/Art/Image/Hero/Sequence/Shouji/受击时震动_0005.png,Assets/Game/ColorTiming/Art/Image/Hero/Sequence/Shouji/受击时震动_0005.png
bac266176cabb1243944b49a1d6f64db,Assets/Art/Image/Hero/Sequence/Yidong/移动_0005.png,Assets/Game/ColorTiming/Art/Image/Hero/Sequence/Yidong/移动_0005.png
bac28617d5ddc95409ec9b267ad8ff41,Assets/Art/Image/Scene/B1/a4/dj/skeleton-animation_037.png,Assets/Game/ColorTiming/Art/Image/Scene/B1/a4/dj/skeleton-animation_037.png
bac87b1e3c6c35e4e9d5200af916e68a,Assets/Art/Image/Hero/Sequence/futou/daiji/红色斧头待机_0007.png,Assets/Game/ColorTiming/Art/Image/Hero/Sequence/futou/daiji/红色斧头待机_0007.png
bae426faf6118a2429978014d1c464c5,Assets/Art/Image/Hero/Sequence/Chuizi/Gongji/Zi/攻击动作（紫）_0001.png,Assets/Game/ColorTiming/Art/Image/Hero/Sequence/Chuizi/Gongji/Zi/攻击动作（紫）_0001.png
baf1d09e18b500d41a714f6207ddda2d,Assets/Plugins/Spine/Runtime/spine-unity/Shaders/BlendModes,Assets/Plugins/Spine/Runtime/spine-unity/Shaders/BlendModes
baff73091636930419ff09e0915591be,Assets/Art/Image/Scene/B1/a6/dj/a6草待机_082.png,Assets/Game/ColorTiming/Art/Image/Scene/B1/a6/dj/a6草待机_082.png
bb025b23114827d4a8ffdd4517500c39,Assets/Art/Image/Hero/Sequence/Chuizi/Gongji/Zi/原地蓄力（紫）_0004.png,Assets/Game/ColorTiming/Art/Image/Hero/Sequence/Chuizi/Gongji/Zi/原地蓄力（紫）_0004.png
bb09104972ff262418e2a9b9eee80ceb,Assets/Art/Image/Hero/Sequence/Zhadan/daiji/红色炸弹待机_0009.png,Assets/Game/ColorTiming/Art/Image/Hero/Sequence/Zhadan/daiji/红色炸弹待机_0009.png
bb301b678e06f4743bfbfb7a95b1978e,Assets/Art/Image/Hero/Sequence/Dao/gongji/红色刀攻击_0000.png,Assets/Game/ColorTiming/Art/Image/Hero/Sequence/Dao/gongji/红色刀攻击_0000.png
bb3776b0cee9cdb4e9f1bcb074d1aef8,Assets/Art/Image/Hero/Sequence/feiji/skill/红色飞机（空中）_0002.png,Assets/Game/ColorTiming/Art/Image/Hero/Sequence/feiji/skill/红色飞机（空中）_0002.png
bb41aed901e3d1448a11f45e0da44fea,Assets/Art/Image/Hero/Sequence/Siwang/被击杀后_0015.png,Assets/Game/ColorTiming/Art/Image/Hero/Sequence/Siwang/被击杀后_0015.png
bb515c32ee88050439b063105ed85f00,Assets/Art/Image/Scene/B1/a2/dj/a2草待机_09.png,Assets/Game/ColorTiming/Art/Image/Scene/B1/a2/dj/a2草待机_09.png
bb5526bafab802b4fbf9ae91a82d2a3e,Assets/Art/Image/Scene/B1/a3/dj/a3草待机_049.png,Assets/Game/ColorTiming/Art/Image/Scene/B1/a3/dj/a3草待机_049.png
bb5dae0ef0c3a7746bc5c7e7e56eee60,Assets/Art/Image/Hero/Sequence/Shouji/受击曝光_0001.png,Assets/Game/ColorTiming/Art/Image/Hero/Sequence/Shouji/受击曝光_0001.png
bb87197a5c35da44298d46bbaf29fa4a,Assets/Art/Sound/boss_head_out_of_the_soil.WAV,Assets/Game/ColorTiming/Art/Sound/boss_head_out_of_the_soil.WAV
bb961c57f4240224898ee2203426a815,Assets/Art/Image/Scene/B1/a3/dj/a3草待机_028.png,Assets/Game/ColorTiming/Art/Image/Scene/B1/a3/dj/a3草待机_028.png
bba3c69e5258f9d4db5c180ac78e1255,Assets/Art/Image/Hero/Sequence/Zhadan/skill/爆炸特效（紫）_0005.png,Assets/Game/ColorTiming/Art/Image/Hero/Sequence/Zhadan/skill/爆炸特效（紫）_0005.png
bba69bc79091b434582ac7b5111ddb33,Assets/Art/Image/Scene/B1/a5/dj/skeleton-animation_103.png,Assets/Game/ColorTiming/Art/Image/Scene/B1/a5/dj/skeleton-animation_103.png
bbbbac8f94bb341459013c55ab38c974,Assets/Art/Image/Weapon/Tip2/提示圈-第二章_0032.png,Assets/Game/ColorTiming/Art/Image/Weapon/Tip2/提示圈-第二章_0032.png
bbbc9e19450377746ab8feed94db537e,Assets/Art/Image/Hero/Sequence/Shouji/受击时震动_0003.png,Assets/Game/ColorTiming/Art/Image/Hero/Sequence/Shouji/受击时震动_0003.png
bbc769bc108c09e468a3c40103d72094,Assets/Art/Image/UI_Start/设置（按下）.png,Assets/Game/ColorTiming/Art/Image/UI_Start/设置（按下）.png
bc023876d1cad694bab4989b66783df5,Assets/Art/Image/Weapon/飞机4带白边.png,Assets/Game/ColorTiming/Art/Image/Weapon/飞机4带白边.png
bc0e5d7363d41ba41a560cdf2f4b44e9,Assets/Art/Image/Hero/Sequence/feiji/skill/紫色飞机爆炸_0021.png,Assets/Game/ColorTiming/Art/Image/Hero/Sequence/feiji/skill/紫色飞机爆炸_0021.png
bc21ccac673604e47979a09561cb0a79,Assets/Art/Image/Scene/B1/a6/c/a6草动_52.png,Assets/Game/ColorTiming/Art/Image/Scene/B1/a6/c/a6草动_52.png
bc59776133d26dc469c8ba66bdc647e4,Assets/Plugins/Spine/Runtime/spine-unity/Shaders/Utility,Assets/Plugins/Spine/Runtime/spine-unity/Shaders/Utility
bc75e93eec37206418f25c7ccbc44692,Assets/Art/Image/Hero/Sequence/Yidong/Beimian/移动（背面）_0002.png,Assets/Game/ColorTiming/Art/Image/Hero/Sequence/Yidong/Beimian/移动（背面）_0002.png
bc7a34498b3dfe24f81b567f503c22a2,Assets/Art/Image/Hero/Sequence/futou/gongji/zhi/紫色斧头蓄力（移动）_0013.png,Assets/Game/ColorTiming/Art/Image/Hero/Sequence/futou/gongji/zhi/紫色斧头蓄力（移动）_0013.png
bc7dd8d1b9f25ad468e49d2beaab682f,Assets/Art/Image/Scene/B1/a5/c/a5草动_13.png,Assets/Game/ColorTiming/Art/Image/Scene/B1/a5/c/a5草动_13.png
bc860c387b6c4c4409c0174ec41fa159,Assets/Game/Prefba/sk_Boss1_atk5_b.prefab,Assets/Game/Prefabs/Entity/ColorTiming/sk_Boss1_atk5_b.prefab
bcbc59c011ca2df44a8b819ac94018c7,Assets/Art/Image/Hero/Sequence/futou/daiji,Assets/Game/ColorTiming/Art/Image/Hero/Sequence/futou/daiji
bce2d07b9e3f03c4a97d8d69e612ccb9,Assets/Art/Image/Weapon/斧2.png,Assets/Game/ColorTiming/Art/Image/Weapon/斧2.png
bcfaf72d559bf924ba2786dacead931e,Assets/Art/Image/Hero/Sequence/Dao/daiji/绿色刀待机_0006.png,Assets/Game/ColorTiming/Art/Image/Hero/Sequence/Dao/daiji/绿色刀待机_0006.png
bd03a288d6a77f04eb2e0af28603fe45,Assets/Art/Image/Hero/Sequence/Dao/yidong/橙色刀移动_0001.png,Assets/Game/ColorTiming/Art/Image/Hero/Sequence/Dao/yidong/橙色刀移动_0001.png
bd054be102957ba4883d8b6a8c3553f3,Assets/Art/Image/Scene/B1/a4/dj/skeleton-animation_073.png,Assets/Game/ColorTiming/Art/Image/Scene/B1/a4/dj/skeleton-animation_073.png
bd181628ddbe9a748b9e1deeeb7a06b7,Assets/Art/Image/Scene/B1/a5/dj/skeleton-animation_097.png,Assets/Game/ColorTiming/Art/Image/Scene/B1/a5/dj/skeleton-animation_097.png
bd21c11db9397ca4f94f12fd21a74f7c,Assets/Art/Image/Hero/Sequence/Siwang/sc,Assets/Game/ColorTiming/Art/Image/Hero/Sequence/Siwang/sc
bd47f60380471514f929686d7e0d492e,Assets/Art/Image/Hero/Sequence/Chuizi/Gongji/Hong/移动蓄力（红）_0007.png,Assets/Game/ColorTiming/Art/Image/Hero/Sequence/Chuizi/Gongji/Hong/移动蓄力（红）_0007.png
bd60532ac6385e34baf57b836b5fd7af,Assets/Art/Image/Scene/B1/a4/dj/skeleton-animation_044.png,Assets/Game/ColorTiming/Art/Image/Scene/B1/a4/dj/skeleton-animation_044.png
bd615949e46d94f44b1c51a9174c82b8,Assets/Art/Sound/wave_machete_twice.WAV,Assets/Game/ColorTiming/Art/Sound/wave_machete_twice.WAV
bd6ed59ecf22e904fbfe2c5b7a704deb,Assets/Art/Image/Hero/Sequence/jiandao/gongji/Skill/剪刀命中特效1_0001.png,Assets/Game/ColorTiming/Art/Image/Hero/Sequence/jiandao/gongji/Skill/剪刀命中特效1_0001.png
bd7442cc566cd4646b1e7bd87061414f,Assets/Art/Image/Hero/Sequence/Daiji/待机_0008.png,Assets/Game/ColorTiming/Art/Image/Hero/Sequence/Daiji/待机_0008.png
bd75762943454ae4d8ea76a3a2a7f87c,Assets/Art/Image/Scene/B1/a6/c/a6草动_17.png,Assets/Game/ColorTiming/Art/Image/Scene/B1/a6/c/a6草动_17.png
bd83c75f51f5e23498ae22ffcdfe92c3,Assets/Plugins/Spine/Runtime/spine-unity/Shaders/Spine-Skeleton-Lit.shader,Assets/Plugins/Spine/Runtime/spine-unity/Shaders/Spine-Skeleton-Lit.shader
bd89943ff30b1ce48ab90a1a2df04556,Assets/Art/Image/Hero/Sequence/futou/gongji/lv/绿色斧头攻击_0005.png,Assets/Game/ColorTiming/Art/Image/Hero/Sequence/futou/gongji/lv/绿色斧头攻击_0005.png
bd8e5aee7c982d14dba4a26c8201e23f,Assets/Art/Image/Hero/Sequence/futou/gongji/hong/红色斧头蓄力（移动）_0015.png,Assets/Game/ColorTiming/Art/Image/Hero/Sequence/futou/gongji/hong/红色斧头蓄力（移动）_0015.png
bd910485b54924b4cb233f8fce858df4,Assets/Art/Image/Scene/B1/a3/c/a3草动_35.png,Assets/Game/ColorTiming/Art/Image/Scene/B1/a3/c/a3草动_35.png
bd987f5ea0978a84eab30d6b58b6696e,Assets/Art/Image/Hero/Sequence/Zhadan/skill/爆炸特效（红）_0014.png,Assets/Game/ColorTiming/Art/Image/Hero/Sequence/Zhadan/skill/爆炸特效（红）_0014.png
bd9d6faf7772a164fa15808313b7f37e,Assets/Art/Image/Hero/Sequence/futou/gongji/zhi/紫色斧头攻击_0002.png,Assets/Game/ColorTiming/Art/Image/Hero/Sequence/futou/gongji/zhi/紫色斧头攻击_0002.png
bdc4e70c25a0cfe48aa40e227ed13bbb,Assets/Art/Image/Hero/Sequence/jiandao/daiji/daiji_jiandao_zi.anim,Assets/Game/ColorTiming/Art/Image/Hero/Sequence/jiandao/daiji/daiji_jiandao_zi.anim
bddbfbf0f1382b64fa8654109fec8a3b,Assets/Art/Image/Hero/Sequence/Chuizi/Gongji/Hong/原地蓄力（红）_0014.png,Assets/Game/ColorTiming/Art/Image/Hero/Sequence/Chuizi/Gongji/Hong/原地蓄力（红）_0014.png
bdef9fcc35b57844da3a2f189ed45c4f,Assets/Art/Image/Hero/Sequence/Chuizi/Gongji/Hong/原地蓄力（红）_0016.png,Assets/Game/ColorTiming/Art/Image/Hero/Sequence/Chuizi/Gongji/Hong/原地蓄力（红）_0016.png
bdf397db9fc54024fa148f7a2a596e3e,Assets/Art/Image/Hero/Sequence/feiji/yidong/橙色飞机移动_0002.png,Assets/Game/ColorTiming/Art/Image/Hero/Sequence/feiji/yidong/橙色飞机移动_0002.png
bdf3c10c22325a443bdb909fc07b22a6,Assets/Art/Image/Scene/B1/a6/dj/a6草待机_043.png,Assets/Game/ColorTiming/Art/Image/Scene/B1/a6/dj/a6草待机_043.png
bdf9f1eb0d332394b84695df6941e725,Assets/Art/Image/Hero/Sequence/futou/gongji/hong/红色斧头蓄力（移动）_0003.png,Assets/Game/ColorTiming/Art/Image/Hero/Sequence/futou/gongji/hong/红色斧头蓄力（移动）_0003.png
be2125d8a8a7dbc40827813507193b75,Assets/Art/Image/Hero/Sequence/Dao/gongji/紫色刀攻击_0003.png,Assets/Game/ColorTiming/Art/Image/Hero/Sequence/Dao/gongji/紫色刀攻击_0003.png
be29a86498d1df1449e04c8f641e5fc8,Assets/Art/Image/Hero/Sequence/feiji/skill/紫色飞机（空中）_0001.png,Assets/Game/ColorTiming/Art/Image/Hero/Sequence/feiji/skill/紫色飞机（空中）_0001.png
be42d41559315274685da642fd85fc7d,Assets/Art/Image/Hero/Sequence/futou/gongji/hong/xuli_yu_f_hong.anim,Assets/Game/ColorTiming/Art/Image/Hero/Sequence/futou/gongji/hong/xuli_yu_f_hong.anim
be56c95415c9fb84f8250c6faea80add,Assets/Art/Image/Hero/Sequence/futou/daiji/紫色斧头待机_0008.png,Assets/Game/ColorTiming/Art/Image/Hero/Sequence/futou/daiji/紫色斧头待机_0008.png
be8a1006eb68d6344a23bbf21f3d1daf,Assets/Art/Image/Hero/Sequence/jiandao/yidong/yidong_jiandao_hong.anim,Assets/Game/ColorTiming/Art/Image/Hero/Sequence/jiandao/yidong/yidong_jiandao_hong.anim
be8c8d3bd387c68418910ef3f2e7ad80,Assets/Art/Image/Hero/Sequence/Zhadan/daiji/红色炸弹待机_0004.png,Assets/Game/ColorTiming/Art/Image/Hero/Sequence/Zhadan/daiji/红色炸弹待机_0004.png
be8e7fc51f0f40b4b83e2381879ec4e6,Assets/Art/Image/Hero/Sequence/futou/yidong/yidong_futou_hong.anim,Assets/Game/ColorTiming/Art/Image/Hero/Sequence/futou/yidong/yidong_futou_hong.anim
bea15f39a26bdac4a9de570b2505b999,Assets/Art/Image/Hero/Sequence/Zhadan/skill/爆炸特效（红）_0005.png,Assets/Game/ColorTiming/Art/Image/Hero/Sequence/Zhadan/skill/爆炸特效（红）_0005.png
bea5d2cd69f375d4b9e8e5a27089be66,Assets/Art/Image/Hero/Sequence/Chuizi/yidong/紫色锤子移动_0003.png,Assets/Game/ColorTiming/Art/Image/Hero/Sequence/Chuizi/yidong/紫色锤子移动_0003.png
beb46574921eb5c418d2ce5cc02ba489,Assets/Art/Image/System,Assets/Game/ColorTiming/Art/Image/System
beb5f1da1dfdc194b8329138d69a2a02,Assets/Art/Image/Hero/Sequence/feiji/skill/红色飞机爆炸_0004.png,Assets/Game/ColorTiming/Art/Image/Hero/Sequence/feiji/skill/红色飞机爆炸_0004.png
beb784b05db052b4cbb31ca0c71f03d1,Assets/Art/Image/Scene/B1/a5/dj/skeleton-animation_077.png,Assets/Game/ColorTiming/Art/Image/Scene/B1/a5/dj/skeleton-animation_077.png
bed86f17cc6503f4e89029fa95d8a689,Assets/Art/Image/Hero/Sequence/futou/yidong/红色斧头移动_0003.png,Assets/Game/ColorTiming/Art/Image/Hero/Sequence/futou/yidong/红色斧头移动_0003.png
beed3466dea70354da1e1833a9ed0167,Assets/Art/Image/Scene/B1/a4/dj/skeleton-animation_120.png,Assets/Game/ColorTiming/Art/Image/Scene/B1/a4/dj/skeleton-animation_120.png
bf000bd05f963cd4eb7daff54a6c8c0b,Assets/Art/Image/Scene/B1/a4/dj/skeleton-animation_103.png,Assets/Game/ColorTiming/Art/Image/Scene/B1/a4/dj/skeleton-animation_103.png
bf15dac6dc476e543b12b8be757943d7,Assets/Art/Image/Scene/B1/a3/c/a3草动_06.png,Assets/Game/ColorTiming/Art/Image/Scene/B1/a3/c/a3草动_06.png
bf48b1f570f35b445aa626db09ea4c2c,Assets/Art/Image/Scene/B1/a6/dj/a6草待机_039.png,Assets/Game/ColorTiming/Art/Image/Scene/B1/a6/dj/a6草待机_039.png
bf4b83af8f281d647b527f3016fb4a8f,Assets/Art/Image/Hero/Sequence/futou/gongji/lv/绿色斧头攻击_0008.png,Assets/Game/ColorTiming/Art/Image/Hero/Sequence/futou/gongji/lv/绿色斧头攻击_0008.png
bf4d18ee14f69374da19e7f08f128d34,Assets/Art/Image/Scene/B1/a5/dj/skeleton-animation_031.png,Assets/Game/ColorTiming/Art/Image/Scene/B1/a5/dj/skeleton-animation_031.png
bf4f475eba49ea9498957f6e98831769,Assets/Art/Image/Hero/Sequence/Dao/yidong/绿色刀移动_0000.png,Assets/Game/ColorTiming/Art/Image/Hero/Sequence/Dao/yidong/绿色刀移动_0000.png
bf632db34291d3c4e84e105717ed70e4,Assets/Game/Scripts/Skill/Skill_futou.cs,Assets/Game/Scripts/ColorTiming/Legacy/Skill/Skill_futou.cs
bf7d4cb1fd28fcd4699627afb1dfdda1,Assets/Art/Image/Scene/B1/a4/dj/skeleton-animation_086.png,Assets/Game/ColorTiming/Art/Image/Scene/B1/a4/dj/skeleton-animation_086.png
bf8d7a91b5d71534e9d4edb01190bd95,Assets/Art/Image/Hero/Sequence/Zhadan/gongji/投掷动作（红）_0011.png,Assets/Game/ColorTiming/Art/Image/Hero/Sequence/Zhadan/gongji/投掷动作（红）_0011.png
bf9725ae1b4251948bee3afb53d7536b,Assets/Art/Image/Scene/B1/a2/dj/a2草待机_56.png,Assets/Game/ColorTiming/Art/Image/Scene/B1/a2/dj/a2草待机_56.png
bf9acae19a2db98419ceef3332232864,Assets/Art/Image/Hero/Sequence/feiji/skill/红色飞机爆炸_0023.png,Assets/Game/ColorTiming/Art/Image/Hero/Sequence/feiji/skill/红色飞机爆炸_0023.png
bfacabfe0c3139645b2c66fd7f0b5056,Assets/Art/Image/Hero/Sequence/Chongci/冲刺_0001.png,Assets/Game/ColorTiming/Art/Image/Hero/Sequence/Chongci/冲刺_0001.png
bfaea6b7e7f52bc46b8d1c3cb5e9eaa1,Assets/Plugins/Spine/Editor/spine-unity/Editor/GUI,Assets/Plugins/Spine/Editor/spine-unity/Editor/GUI
bfc17e88b964767408fff48090fc930f,Assets/Art/Image/Weapon/炸1亮.png,Assets/Game/ColorTiming/Art/Image/Weapon/炸1亮.png
bfd9f3d2607e9e44c97384d7575a17dc,Assets/Plugins/Spine/Editor/spine-unity/Editor/GUI/icon-skin.png,Assets/Plugins/Spine/Editor/spine-unity/Editor/GUI/icon-skin.png
bfec173344be67545bca95d5a76b6f54,Assets/Art/Image/Scene/B1/a3/c/a3草动_19.png,Assets/Game/ColorTiming/Art/Image/Scene/B1/a3/c/a3草动_19.png
bffa65031595b104fb8aa969797805c8,Assets/Art/Image/Scene/B1/a3/dj/a3草待机_025.png,Assets/Game/ColorTiming/Art/Image/Scene/B1/a3/dj/a3草待机_025.png
c0321e4014123ba458387301a528df8c,Assets/Art/Image/Hero/Sequence/Zhadan/skill/空中炸弹紫_0000.png,Assets/Game/ColorTiming/Art/Image/Hero/Sequence/Zhadan/skill/空中炸弹紫_0000.png
c03c2af305f1b62458b4e0bdf9ac4d9a,Assets/Art/Image/Scene/B1/a5/dj/skeleton-animation_027.png,Assets/Game/ColorTiming/Art/Image/Scene/B1/a5/dj/skeleton-animation_027.png
c059650edc602bd409ce05e66b86ea83,Assets/Art/Image/Hero/Sequence/Zhadan/gongji/投掷（绿）_0005.png,Assets/Game/ColorTiming/Art/Image/Hero/Sequence/Zhadan/gongji/投掷（绿）_0005.png
c06eac6ea19a5a54b81372e864ca5579,Assets/Art/Image/Hero/Sequence/feiji/skill/紫色飞机爆炸_0009.png,Assets/Game/ColorTiming/Art/Image/Hero/Sequence/feiji/skill/紫色飞机爆炸_0009.png
c08daa7e1aa386047a45b125dcd3e875,Assets/Art/Image/Hero/Sequence/feiji/gongji/红色飞机投掷_0007.png,Assets/Game/ColorTiming/Art/Image/Hero/Sequence/feiji/gongji/红色飞机投掷_0007.png
c0f88fddca6eea044b3029e3e1d49bdb,Assets/Art/Image/Hero/Sequence/feiji/skill/绿色飞机爆炸_0012.png,Assets/Game/ColorTiming/Art/Image/Hero/Sequence/feiji/skill/绿色飞机爆炸_0012.png
c0ff395148e9dba44b4ffcaad04375ab,Assets/Art/Image/Scene/B1/a5/c/a5草动_68.png,Assets/Game/ColorTiming/Art/Image/Scene/B1/a5/c/a5草动_68.png
c10cd188a5a45b84c9224cc1caed8c4d,Assets/Art/Image/Hero/Sequence/feiji/skill/橙色飞机爆炸_0011.png,Assets/Game/ColorTiming/Art/Image/Hero/Sequence/feiji/skill/橙色飞机爆炸_0011.png
c12860e765fb98f4fa9b1d32f280691f,Assets/Art/Image/Hero/Sequence/Zhadan/skill/爆炸特效（绿）_0018.png,Assets/Game/ColorTiming/Art/Image/Hero/Sequence/Zhadan/skill/爆炸特效（绿）_0018.png
c1339bc1079675d4d8644c18b594f925,Assets/Art/Image/Hero/Sequence/Chuizi/Gongji/Lv/原地蓄力（绿）_0008.png,Assets/Game/ColorTiming/Art/Image/Hero/Sequence/Chuizi/Gongji/Lv/原地蓄力（绿）_0008.png
c15bc7f61e98cff4b872d7137c6304e5,Assets/Art/Image/Weapon/Tip2/提示圈-第二章_0021.png,Assets/Game/ColorTiming/Art/Image/Weapon/Tip2/提示圈-第二章_0021.png
c17625672bd734341b82ced21837b576,Assets/Art/Image/Hero/Sequence/feiji/skill/绿色飞机爆炸_0004.png,Assets/Game/ColorTiming/Art/Image/Hero/Sequence/feiji/skill/绿色飞机爆炸_0004.png
c189a3c2bfe5a1744ab4476b1d95f6c9,Assets/Art/Image/Scene/B1/a3/dj/a3草待机_085.png,Assets/Game/ColorTiming/Art/Image/Scene/B1/a3/dj/a3草待机_085.png
c18c5cab567666f4d8c5b2bd4e61390b,Assets/Plugins/Spine/Runtime/spine-unity/Shaders/Sprite/CGIncludes/ShaderShared.cginc,Assets/Plugins/Spine/Runtime/spine-unity/Shaders/Sprite/CGIncludes/ShaderShared.cginc
c1a74e8f6755ff24d969083bd689ce90,Assets/Art/Image/Scene/B1/a3/dj/a3草待机_088.png,Assets/Game/ColorTiming/Art/Image/Scene/B1/a3/dj/a3草待机_088.png
c1a8d9adc4f732048a7717761b0d3990,Assets/Art/Image/Scene/B1/a6/c/a6草动_19.png,Assets/Game/ColorTiming/Art/Image/Scene/B1/a6/c/a6草动_19.png
c1aae98dd56b14c4b8c25360000b7e9e,Assets/Plugins/Spine/Editor/spine-unity/Editor/GUI/icon-constraintPath.png,Assets/Plugins/Spine/Editor/spine-unity/Editor/GUI/icon-constraintPath.png
c1dd970046b160d40a275cc62f43498e,Assets/Art/Image/Scene/B1/a5/c/a5草动_73.png,Assets/Game/ColorTiming/Art/Image/Scene/B1/a5/c/a5草动_73.png
c1f8544293d9ce244b17921ebe18c2f1,Assets/Art/Image/Scene/B1/a4/c/a4草动_68.png,Assets/Game/ColorTiming/Art/Image/Scene/B1/a4/c/a4草动_68.png
c2139e7f20e322b4cb0a1e59680726f0,Assets/Art/Image/Hero/Sequence/Dao/daiji/紫色刀待机_0005.png,Assets/Game/ColorTiming/Art/Image/Hero/Sequence/Dao/daiji/紫色刀待机_0005.png
c21e7142587d1b04493f6dd3b225fa8b,Assets/Art/Image/Hero/Sequence/Daiji/待机_0009.png,Assets/Game/ColorTiming/Art/Image/Hero/Sequence/Daiji/待机_0009.png
c22a9979aa4b46241aa751b39ccab3ed,Assets/Art/Image/Hero/Sequence/futou/gongji/chen/橙色斧头攻击_0015.png,Assets/Game/ColorTiming/Art/Image/Hero/Sequence/futou/gongji/chen/橙色斧头攻击_0015.png
c2334d2569297a6499fe567bfbdad378,Assets/Art/Image/ui/红色剪刀.png,Assets/Game/ColorTiming/Art/Image/ui/红色剪刀.png
c2401c1575dbdc04388c3afaa9309d63,Assets/Art/Image/Scene/B1/a1/a1待_12.png,Assets/Game/ColorTiming/Art/Image/Scene/B1/a1/a1待_12.png
c27d36db4645e854c958f09a557bcb9b,Assets/Art/Image/Weapon/Tip2/提示圈-第二章_0022.png,Assets/Game/ColorTiming/Art/Image/Weapon/Tip2/提示圈-第二章_0022.png
c2998034db01a24498bbe9d68805bb33,Assets/Art/Image/Hero/Sequence/futou/gongji/hong/红色斧头蓄力完成（移动）_0000.png,Assets/Game/ColorTiming/Art/Image/Hero/Sequence/futou/gongji/hong/红色斧头蓄力完成（移动）_0000.png
c2c92c43010284a49bdfde096b747647,Assets/Art/Image/Scene/B1/a1/a1待_34.png,Assets/Game/ColorTiming/Art/Image/Scene/B1/a1/a1待_34.png
c2cb3b5d804aaed4da0b5c2df647eb84,Assets/Art/Image/Hero/Sequence/Shouji/受击时震动_0004.png,Assets/Game/ColorTiming/Art/Image/Hero/Sequence/Shouji/受击时震动_0004.png
c2e84c0d05249e840b7d5c116c29b14e,Assets/Art/Image/UI_ESC/开始提示弹窗（正常）.png,Assets/Game/ColorTiming/Art/Image/UI_ESC/开始提示弹窗（正常）.png
c2e9de5bb1c5ab84b98f000d6939c469,Assets/Art/Image/Hero/Sequence/jiandao/daiji/绿色剪刀待机_0001.png,Assets/Game/ColorTiming/Art/Image/Hero/Sequence/jiandao/daiji/绿色剪刀待机_0001.png
c2f7891da0f561142bb65408914ec99d,Assets/Art/Image/Boss/Skill5/尖刺特效_42.png,Assets/Game/ColorTiming/Art/Image/Boss/Skill5/尖刺特效_42.png
c3009f3737355b849aa4ce115364b993,Assets/Art/Image/Hero/Sequence/futou/gongji/hong/红色斧头蓄力（移动）_0009.png,Assets/Game/ColorTiming/Art/Image/Hero/Sequence/futou/gongji/hong/红色斧头蓄力（移动）_0009.png
c32262e8ad742f549b913b57c5a06e65,Assets/Art/Image/Hero/Sequence/Chuizi/Daiji/绿色锤子待机_0009.png,Assets/Game/ColorTiming/Art/Image/Hero/Sequence/Chuizi/Daiji/绿色锤子待机_0009.png
c35b62872b4ec8b4aaa50bdcb7f37464,Assets/Art/Image/Scene/B1/a6/dj/a6草待机_046.png,Assets/Game/ColorTiming/Art/Image/Scene/B1/a6/dj/a6草待机_046.png
c35cdf360f9d8b648bd99dacd85b390e,Assets/Art/Image/Hero/Sequence/Dao/gongji/红色刀攻击_0004.png,Assets/Game/ColorTiming/Art/Image/Hero/Sequence/Dao/gongji/红色刀攻击_0004.png
c38d23b3dbc028844a5cd70febde955d,Assets/Art/Image/Hero/Sequence/Chuizi/Gongji/Hong/移动蓄力（红）_0006.png,Assets/Game/ColorTiming/Art/Image/Hero/Sequence/Chuizi/Gongji/Hong/移动蓄力（红）_0006.png
c39386e582045064a87f10fc1bfacdc5,Assets/Art/Image/Hero/Sequence/Zhadan/gongji/gongji_zhadan_hong.anim,Assets/Game/ColorTiming/Art/Image/Hero/Sequence/Zhadan/gongji/gongji_zhadan_hong.anim
c3a2d2eba09d9c540b44961a37f2814d,Assets/Art/Image/Hero/Sequence/feiji/skill/feiji_zi.anim,Assets/Game/ColorTiming/Art/Image/Hero/Sequence/feiji/skill/feiji_zi.anim
c3ab9285dc4a9c1428db05373e115d62,Assets/Art/Image/Scene/B1/a3/c/a3草动_13.png,Assets/Game/ColorTiming/Art/Image/Scene/B1/a3/c/a3草动_13.png
c3bb6c4947d96e342839d7e30e1aa6ad,Assets/Art/Image/Hero/Sequence/Zhadan/gongji/投掷动作（红）_0009.png,Assets/Game/ColorTiming/Art/Image/Hero/Sequence/Zhadan/gongji/投掷动作（红）_0009.png
c3bc67ebc38da4e43be0eab65607ce85,Assets/Art/Image/Scene/B1,Assets/Game/ColorTiming/Art/Image/Scene/B1
c3cd4d18ccc0cf24a98b5f6dccc7fa60,Assets/Art/Image/Hero/Sequence/futou/gongji/hong/红色斧头蓄力（原地）_0011.png,Assets/Game/ColorTiming/Art/Image/Hero/Sequence/futou/gongji/hong/红色斧头蓄力（原地）_0011.png
c3dc28b29e7c5c94e98931fc1d127abd,Assets/Art/Image/Hero/Sequence/feiji/skill/橙色飞机爆炸_0008.png,Assets/Game/ColorTiming/Art/Image/Hero/Sequence/feiji/skill/橙色飞机爆炸_0008.png
c3dd4eab8d366414080788d9ec4c1371,Assets/Art/Image/Hero/Sequence/Siwang/sc/死亡动画背景_0039.png,Assets/Game/ColorTiming/Art/Image/Hero/Sequence/Siwang/sc/死亡动画背景_0039.png
c3e7996369978564381c47da14977fd0,Assets/Art/Image/Scene/B1/a5/c/a5草动_19.png,Assets/Game/ColorTiming/Art/Image/Scene/B1/a5/c/a5草动_19.png
c403f8ee8a95bad42b4f0e6a8a9b167b,Assets/Art/Image/Scene/B1/a1/a1待_45.png,Assets/Game/ColorTiming/Art/Image/Scene/B1/a1/a1待_45.png
c40b822cba28cb646a72ce57c95452a6,Assets/Art/Image/Hero/Sequence/futou/daiji/红色斧头待机_0004.png,Assets/Game/ColorTiming/Art/Image/Hero/Sequence/futou/daiji/红色斧头待机_0004.png
c43144aab06ae4045afbce949dd70509,Assets/Art/Image/Hero/Sequence/futou/gongji/zhi/紫色斧头攻击_0010.png,Assets/Game/ColorTiming/Art/Image/Hero/Sequence/futou/gongji/zhi/紫色斧头攻击_0010.png
c46473fced8a06749acfb06a18767421,Assets/Art/Image/Hero/Sequence/futou/daiji/绿色斧头待机_0006.png,Assets/Game/ColorTiming/Art/Image/Hero/Sequence/futou/daiji/绿色斧头待机_0006.png
c4729e2e7e6c1c7439c64be09591bf72,Assets/Art/Image/Hero/Sequence/jiandao/daiji/紫色剪刀待机_0009.png,Assets/Game/ColorTiming/Art/Image/Hero/Sequence/jiandao/daiji/紫色剪刀待机_0009.png
c48001c8ee713b24da129c22f9a4888b,Assets/Art/Image/Hero/Sequence/Zhadan/skill/zhadan_zi.anim,Assets/Game/ColorTiming/Art/Image/Hero/Sequence/Zhadan/skill/zhadan_zi.anim
c495a393c07ff9744a1d5bfa17867127,Assets/Art/Image/Scene/B1/a6/c/a6草动_26.png,Assets/Game/ColorTiming/Art/Image/Scene/B1/a6/c/a6草动_26.png
c4a06760b9315074cb184c9c9246b34d,Assets/Art/Image/Scene/B1/a6/c/a6草动_38.png,Assets/Game/ColorTiming/Art/Image/Scene/B1/a6/c/a6草动_38.png
c4b9d715357b7f54c977029b6354e0b4,Assets/Art/Image/Scene/B1/a3/c/a3草动_02.png,Assets/Game/ColorTiming/Art/Image/Scene/B1/a3/c/a3草动_02.png
c4c69097ddb7f004c8cf8a1ef59c28e7,Assets/Art/Image/Hero/Sequence/Chuizi/Gongji/Hong/原地蓄力（红）_0007.png,Assets/Game/ColorTiming/Art/Image/Hero/Sequence/Chuizi/Gongji/Hong/原地蓄力（红）_0007.png
c4ee0f8f4be17434aa3df5774a03b366,Assets/Plugins/Spine/Runtime/spine-unity/Materials/SkeletonGraphicDefaultOutline.mat,Assets/Plugins/Spine/Runtime/spine-unity/Materials/SkeletonGraphicDefaultOutline.mat
c4f33bf030b9ea54186704d90cb90fe4,Assets/Art/Image/Boss/Skill5/尖刺特效_33.png,Assets/Game/ColorTiming/Art/Image/Boss/Skill5/尖刺特效_33.png
c50362a843b66f94d8e295e23ade990e,Assets/Art/Image/Boss/Skill5/尖刺特效_30.png,Assets/Game/ColorTiming/Art/Image/Boss/Skill5/尖刺特效_30.png
c506fa2c8ffd3874882c5709b3c36e60,Assets/Art/Image/Hero/Sequence/futou/gongji/chen/xuli_do_f_chen.anim,Assets/Game/ColorTiming/Art/Image/Hero/Sequence/futou/gongji/chen/xuli_do_f_chen.anim
c53b96515f9d281429cfdf135f16ac3d,Assets/Art/Image/Hero/Sequence/feiji/摔倒后起身_0000.png,Assets/Game/ColorTiming/Art/Image/Hero/Sequence/feiji/摔倒后起身_0000.png
c54adf96e9b27614d98ab8b53a7ccf55,Assets/Art/Image/Hero/Sequence/feiji/gongji/紫色飞机投掷_0006.png,Assets/Game/ColorTiming/Art/Image/Hero/Sequence/feiji/gongji/紫色飞机投掷_0006.png
c560c56ce1491014cabb742241a03a0a,Assets/Art/Image/Scene/B1/a5/c/a5草动_61.png,Assets/Game/ColorTiming/Art/Image/Scene/B1/a5/c/a5草动_61.png
c5855dc3ec703c4419c24b7d505764d9,Assets/Art/Image/Scene/B1/a3/dj/a3草待机_063.png,Assets/Game/ColorTiming/Art/Image/Scene/B1/a3/dj/a3草待机_063.png
c5868a3b461a55b419f116265cff48c4,Assets/Art/Image/ui/紫色斧头.png,Assets/Game/ColorTiming/Art/Image/ui/紫色斧头.png
c58aca4794f41bc4d8f8c25ca79908fe,Assets/Art/Image/Hero/Sequence/Chongci,Assets/Game/ColorTiming/Art/Image/Hero/Sequence/Chongci
c5952e5f5c14c754a906f6e9620419f4,Assets/Art/Image/ui/炸弹操作提示.png,Assets/Game/ColorTiming/Art/Image/ui/炸弹操作提示.png
c59be35578941854f8aaab72c7879167,Assets/Game/Scripts/HeroController.cs,Assets/Game/Scripts/ColorTiming/Legacy/HeroController.cs
c5d065c4fe677ad4495a852580ec32fa,Assets/Plugins/Spine/Runtime/spine-unity/Mesh Generation,Assets/Plugins/Spine/Runtime/spine-unity/Mesh Generation
c5dd6e9428673634e95ff0a8fa636f05,Assets/Art/Image/Weapon/Tip1/提示圈-第一章_0033.png,Assets/Game/ColorTiming/Art/Image/Weapon/Tip1/提示圈-第一章_0033.png
c5ed33299862f5a46a858c93719af8c2,Assets/Art/Image/Weapon/Tip1,Assets/Game/ColorTiming/Art/Image/Weapon/Tip1
c5f5d41a3a097e543b55ddf817ac1b4a,Assets/Art/Image/Hero/Sequence/Zhadan/daiji/红色炸弹待机_0005.png,Assets/Game/ColorTiming/Art/Image/Hero/Sequence/Zhadan/daiji/红色炸弹待机_0005.png
c60ef29950796004db08a853732e9630,Assets/Art/Image/Hero/Sequence/jiandao/gongji/绿色剪刀攻击_0016.png,Assets/Game/ColorTiming/Art/Image/Hero/Sequence/jiandao/gongji/绿色剪刀攻击_0016.png
c612265eeefcdcc44b94b1c5f2b79dd3,Assets/Art/Image/Hero/Sequence/Shouji/受击曝光_0006.png,Assets/Game/ColorTiming/Art/Image/Hero/Sequence/Shouji/受击曝光_0006.png
c651003b9a96bc143b5c0aa1eaa43656,Assets/Art/Image/Scene/B1/a4/dj/skeleton-animation_060.png,Assets/Game/ColorTiming/Art/Image/Scene/B1/a4/dj/skeleton-animation_060.png
c65f1e725c7a7ee4b91801917ad8fc77,Assets/Art/Image/Hero/Sequence/Dao/daiji/绿色刀待机_0005.png,Assets/Game/ColorTiming/Art/Image/Hero/Sequence/Dao/daiji/绿色刀待机_0005.png
c6730f169673a08499a291e921eda2c5,Assets/Art/Image/Scene/B1/a2/dj/a2草待机_70.png,Assets/Game/ColorTiming/Art/Image/Scene/B1/a2/dj/a2草待机_70.png
c694ce547e095bb4abc40682226a3f78,Assets/Game/Prefba/Scene/ci.prefab,Assets/Game/Prefabs/World/ColorTiming/ci.prefab
c6a0166d72a256a41a44875e7a1e12ad,Assets/Art/Anim_Skill/sk_bo1_atk1.controller,Assets/Game/ColorTiming/Art/Anim_Skill/sk_bo1_atk1.controller
c6ab14c863df0294090e5c91db250ab1,Assets/Art/Image/UI_Set/返回（悬停）.png,Assets/Game/ColorTiming/Art/Image/UI_Set/返回（悬停）.png
c6adc5c02f99d6d44914f63d04e852cc,Assets/Art/Image/Hero/Sequence/Dao/daiji/红色刀待机_0002.png,Assets/Game/ColorTiming/Art/Image/Hero/Sequence/Dao/daiji/红色刀待机_0002.png
c6c45ecfd828fdf4bab6eeaa5d99061a,Assets/Art/Image/Scene/B1/a2/dj/a2草待机_28.png,Assets/Game/ColorTiming/Art/Image/Scene/B1/a2/dj/a2草待机_28.png
c6c60deb5adb6b349a1f32bf32f9f8f9,Assets/Art/Image/Hero/Sequence/Chuizi/Gongji/Hong/gongji_chuizi_hong.anim,Assets/Game/ColorTiming/Art/Image/Hero/Sequence/Chuizi/Gongji/Hong/gongji_chuizi_hong.anim
c6e1a567266d9034da51ccc848a156dd,Assets/Art/Image/Scene/B1/a4/c/a4草动_16.png,Assets/Game/ColorTiming/Art/Image/Scene/B1/a4/c/a4草动_16.png
c6ea5781ed64ec94f9ae700c86f65d62,Assets/Art/Image/Scene/B1/a3/dj/a3草待机_106.png,Assets/Game/ColorTiming/Art/Image/Scene/B1/a3/dj/a3草待机_106.png
c6ed668cf8bde974a8c22f432f3bfec7,Assets/Art/Image/Hero/Sequence/Zhadan/daiji/绿色炸弹待机_0011.png,Assets/Game/ColorTiming/Art/Image/Hero/Sequence/Zhadan/daiji/绿色炸弹待机_0011.png
c71ca35fd6241cb49a0b0756a664fcf7,Assets/Plugins/Spine/Editor/spine-unity/Editor/Components/BoneFollowerInspector.cs,Assets/Plugins/Spine/Editor/spine-unity/Editor/Components/BoneFollowerInspector.cs
c71f38eb6f12d0e42a84b72483298601,Assets/Art/Image/Hero/Sequence/jiandao/gongji/Skill/剪刀命中特效2_0004.png,Assets/Game/ColorTiming/Art/Image/Hero/Sequence/jiandao/gongji/Skill/剪刀命中特效2_0004.png
c7297b25c81d2494e8e73b742e3c7345,Assets/Plugins/Spine/Runtime/spine-unity/Shaders/CGIncludes/Spine-Skeleton-Lit-Common-Shadow.cginc,Assets/Plugins/Spine/Runtime/spine-unity/Shaders/CGIncludes/Spine-Skeleton-Lit-Common-Shadow.cginc
c72b46ac5289fd5458e53319133f0bd4,Assets/Art/Image/Scene/B1/a2/dj/a2草待机_49.png,Assets/Game/ColorTiming/Art/Image/Scene/B1/a2/dj/a2草待机_49.png
c7351d1198c68f9498a99d0bede82e3a,Assets/Art/Image/Scene/B1/a4/dj/skeleton-animation_009.png,Assets/Game/ColorTiming/Art/Image/Scene/B1/a4/dj/skeleton-animation_009.png
c739dcf9dbcab944898d0b796e11afb9,Assets/Plugins/Spine/Runtime/spine-unity/Shaders/Sprite/CGIncludes/SpriteVertexLighting.cginc,Assets/Plugins/Spine/Runtime/spine-unity/Shaders/Sprite/CGIncludes/SpriteVertexLighting.cginc
c74470f2b282244439603be0366236f4,Assets/Art/Image/Hero/Sequence/Dao/yidong/红色刀移动_0001.png,Assets/Game/ColorTiming/Art/Image/Hero/Sequence/Dao/yidong/红色刀移动_0001.png
c75f5c757e2e6814ba06c95d54e90de9,Assets/Art/Image/Weapon/斧2带白边.png,Assets/Game/ColorTiming/Art/Image/Weapon/斧2带白边.png
c765f188f20ebeb4db723243b75cf076,Assets/Art/Image/Hero/Sequence/jiandao/gongji/紫色剪刀攻击_0011.png,Assets/Game/ColorTiming/Art/Image/Hero/Sequence/jiandao/gongji/紫色剪刀攻击_0011.png
c771d1f84eeed6c429ed8f4f2a1df706,Assets/Art/Image/Hero/Sequence/Dao/daiji/红色刀待机_0004.png,Assets/Game/ColorTiming/Art/Image/Hero/Sequence/Dao/daiji/红色刀待机_0004.png
c773def9637cb694abb194db63dce48b,Assets/Art/Image/Scene/B1/a2/dj/a2草待机_08.png,Assets/Game/ColorTiming/Art/Image/Scene/B1/a2/dj/a2草待机_08.png
c77661403eb7fba468ed38556bb1146d,Assets/Art/Image/Hero/Sequence/futou/gongji/chen/橙色斧头攻击_0000.png,Assets/Game/ColorTiming/Art/Image/Hero/Sequence/futou/gongji/chen/橙色斧头攻击_0000.png
c777f109b57cc5b4da12381a3a4b120d,Assets/Art/Image/Scene/B1/a6/c/a6草动_22.png,Assets/Game/ColorTiming/Art/Image/Scene/B1/a6/c/a6草动_22.png
c77d9bf384a1e9f41966464e7e3b4870,Assets/Plugins/Spine/Runtime/spine-csharp/Attachments/PathAttachment.cs,Assets/Plugins/Spine/Runtime/spine-csharp/Attachments/PathAttachment.cs
c785285d7fc55c0478d229c4b55416b6,Assets/Art/Image/Hero/Sequence/Dao/daiji/红色刀待机_0007.png,Assets/Game/ColorTiming/Art/Image/Hero/Sequence/Dao/daiji/红色刀待机_0007.png
c79127d3e176fe04ca88b57162649ee7,Assets/Art/Image/Hero/Sequence/Dao/yidong/yidong_dao_zhi.anim,Assets/Game/ColorTiming/Art/Image/Hero/Sequence/Dao/yidong/yidong_dao_zhi.anim
c7939cd196d31004caa6d0f43a7c454f,Assets/Art/Image/ui/生命值.png,Assets/Game/ColorTiming/Art/Image/ui/生命值.png
c7c1a4fe69392fb46a039d15f8f538fb,Assets/Art/Image/Hero/Sequence/Zhadan/skill/空中炸弹红_0001.png,Assets/Game/ColorTiming/Art/Image/Hero/Sequence/Zhadan/skill/空中炸弹红_0001.png
c7c752e4ef7441041ba628cb45bb75b5,Assets/Art/Image/Scene/B1/a6/dj/a6草待机_111.png,Assets/Game/ColorTiming/Art/Image/Scene/B1/a6/dj/a6草待机_111.png
c7e60a039d4f97f4d91f7a81ce4b5239,Assets/Art/Image/Hero/Sequence/Dao/yidong/绿色刀移动_0002.png,Assets/Game/ColorTiming/Art/Image/Hero/Sequence/Dao/yidong/绿色刀移动_0002.png
c7ee243c1a506044091edc8701f9a080,Assets/Art/Image/Hero/Sequence/Chuizi/yidong/绿色锤子移动_0004.png,Assets/Game/ColorTiming/Art/Image/Hero/Sequence/Chuizi/yidong/绿色锤子移动_0004.png
c80b370828ddb03409886da7f063783f,Assets/Art/Image/Scene/B1/a6/dj/a6草待机_023.png,Assets/Game/ColorTiming/Art/Image/Scene/B1/a6/dj/a6草待机_023.png
c80b5ffb4ad30c743ab2fc86933dbd7f,Assets/Art/Image/Hero/Sequence/feiji/gongji/红色飞机投掷_0016.png,Assets/Game/ColorTiming/Art/Image/Hero/Sequence/feiji/gongji/红色飞机投掷_0016.png
c80c91329447f6143a6afee07658880c,Assets/Art/Image/Hero/Sequence/futou/gongji/chen/橙色斧头蓄力（移动）_0016.png,Assets/Game/ColorTiming/Art/Image/Hero/Sequence/futou/gongji/chen/橙色斧头蓄力（移动）_0016.png
c816696eb73fc0c44802ec763eebc663,Assets/Art/Image/Scene/B1/a3/dj/a3草待机_068.png,Assets/Game/ColorTiming/Art/Image/Scene/B1/a3/dj/a3草待机_068.png
c81db9d1a581d274a969865cd790251f,Assets/Art/Image/Scene/B1/a2/dj/a2草待机_38.png,Assets/Game/ColorTiming/Art/Image/Scene/B1/a2/dj/a2草待机_38.png
c844ce226a49a1e47af235e8eb02a871,Assets/Art/Image/Hero/Sequence/feiji/yidong/橙色飞机移动_0003.png,Assets/Game/ColorTiming/Art/Image/Hero/Sequence/feiji/yidong/橙色飞机移动_0003.png
c85b08537a81edd489ade0ca9b131450,Assets/Art/Image/Scene/B1/a4/dj/skeleton-animation_012.png,Assets/Game/ColorTiming/Art/Image/Scene/B1/a4/dj/skeleton-animation_012.png
c86585b872977fe42baa8668607b752c,Assets/Art/Image/Hero/Sequence/Siwang/被击杀后_0001.png,Assets/Game/ColorTiming/Art/Image/Hero/Sequence/Siwang/被击杀后_0001.png
c868cb127d511b748af0c8e24c925287,Assets/Art/Image/Boss2/Skill/拖尾_0009.png,Assets/Game/ColorTiming/Art/Image/Boss2/Skill/拖尾_0009.png
c8907184e2dd56541868feb9779ded04,Assets/Art/Image/Hero/Sequence/futou/gongji/zhi/紫色斧头攻击_0014.png,Assets/Game/ColorTiming/Art/Image/Hero/Sequence/futou/gongji/zhi/紫色斧头攻击_0014.png
c8a086f59beae1e43a691211a87beff2,Assets/Art/Image/Scene/B2/cao/D2.png,Assets/Game/ColorTiming/Art/Image/Scene/B2/cao/D2.png
c8c0b3a3db980c646a33564aa709f75a,Assets/Art/Sound/blanket_walk-002.wav,Assets/Game/ColorTiming/Art/Sound/blanket_walk-002.wav
c8c53bc0809520a48b267df38f3a0456,Assets/Art/Image/Hero/Sequence/Zhadan/skill/爆炸特效（红）_0007.png,Assets/Game/ColorTiming/Art/Image/Hero/Sequence/Zhadan/skill/爆炸特效（红）_0007.png
c8cb6237649d77142b59f737588bbc07,Assets/Art/Image/Hero/Sequence/Zhadan/skill/zhadan.controller,Assets/Game/ColorTiming/Art/Image/Hero/Sequence/Zhadan/skill/zhadan.controller
c8d7fd8092a9d9b488d31bfa0c0d5464,Assets/Art/Image/Hero/Sequence/Siwang/被击杀后_0022.png,Assets/Game/ColorTiming/Art/Image/Hero/Sequence/Siwang/被击杀后_0022.png
c8df4a1480d55b542bf73edd940840d2,Assets/Art/Image/Scene/B1/a6/c/a6草动_56.png,Assets/Game/ColorTiming/Art/Image/Scene/B1/a6/c/a6草动_56.png
c8e092c164d8c3442b5032e8caebd3df,Assets/Art/Image/Scene/B1/a6/c/a6草动_34.png,Assets/Game/ColorTiming/Art/Image/Scene/B1/a6/c/a6草动_34.png
c90dc2f73ab1092449c712ee104a01ce,Assets/Art/Image/Hero/Anim/Hero Animator Controller.controller,Assets/Game/ColorTiming/Art/Image/Hero/Anim/Hero Animator Controller.controller
c9116c4803af80a41a2b2a905a79e0dc,Assets/Art/Image/Hero/Sequence/feiji/daiji/红色飞机待机_0008.png,Assets/Game/ColorTiming/Art/Image/Hero/Sequence/feiji/daiji/红色飞机待机_0008.png
c9257fcd80aff6a4cb23c69cfeba4808,Assets/Art/Image/Hero/Sequence/Yidong/移动_0004.png,Assets/Game/ColorTiming/Art/Image/Hero/Sequence/Yidong/移动_0004.png
c92fbc62c7ea45d45b258f537bb707d4,Assets/Art/Image/UI_Set/返回（按下）.png,Assets/Game/ColorTiming/Art/Image/UI_Set/返回（按下）.png
c9327eacc41a6a54b919a47a92df0118,Assets/Art/Image/Scene/B1/a2/dj/a2草待机_60.png,Assets/Game/ColorTiming/Art/Image/Scene/B1/a2/dj/a2草待机_60.png
c947d5ea2e4d61640a431d12503f73d8,Assets/Art/Image/Hero/Sequence/Dao/daiji/daiji_dao_zhi.anim,Assets/Game/ColorTiming/Art/Image/Hero/Sequence/Dao/daiji/daiji_dao_zhi.anim
c95c79d9ab7a0c340aac50fbc353836e,Assets/Art/Image/Hero/Sequence/Zhadan/skill/爆炸特效（绿）_0014.png,Assets/Game/ColorTiming/Art/Image/Hero/Sequence/Zhadan/skill/爆炸特效（绿）_0014.png
c964002c86c572b45b22082f5b6d28ce,Assets/Art/Image/Scene/B1/a1/a1待_13.png,Assets/Game/ColorTiming/Art/Image/Scene/B1/a1/a1待_13.png
c96d71770ed12ec47b37ac26806f6ca4,Assets/Art/Image/Scene/B1/a5/dj/skeleton-animation_110.png,Assets/Game/ColorTiming/Art/Image/Scene/B1/a5/dj/skeleton-animation_110.png
c96f50fefa4d65747ac50f42acadc2d8,Assets/Art/Image/Scene/B1/a1/a1待_87.png,Assets/Game/ColorTiming/Art/Image/Scene/B1/a1/a1待_87.png
c975e60c5502e0443a22d384d8316f2c,Assets/Art/Image/Scene/B1/a5/dj/skeleton-animation_116.png,Assets/Game/ColorTiming/Art/Image/Scene/B1/a5/dj/skeleton-animation_116.png
c977f7f67ba62674e831cfb5d56ebe21,Assets/Art/Image/Hero/Sequence/Chuizi/Gongji/Hong/锤子攻击（红）_0011.png,Assets/Game/ColorTiming/Art/Image/Hero/Sequence/Chuizi/Gongji/Hong/锤子攻击（红）_0011.png
c980d29921299614e9d91977e6493127,Assets/Art/Image/Hero/Sequence/futou/gongji/lv/绿色斧头蓄力（原地）_0015.png,Assets/Game/ColorTiming/Art/Image/Hero/Sequence/futou/gongji/lv/绿色斧头蓄力（原地）_0015.png
c98eac7ab2b020a4d81b647750cae347,Assets/Art/Image/Hero/Sequence/Chuizi/Gongji/Zi/攻击动作（紫）_0016.png,Assets/Game/ColorTiming/Art/Image/Hero/Sequence/Chuizi/Gongji/Zi/攻击动作（紫）_0016.png
c99047d50504f444999ff2fcf25f9321,Assets/Art/Image/Hero/Sequence/feiji/skill/橙色飞机爆炸_0012.png,Assets/Game/ColorTiming/Art/Image/Hero/Sequence/feiji/skill/橙色飞机爆炸_0012.png
c9b3f3f37714a864f97bca445aecf666,Assets/Art/Image/Scene/B1/a6/c/a6草动_27.png,Assets/Game/ColorTiming/Art/Image/Scene/B1/a6/c/a6草动_27.png
c9bc74422d70db045a953e7ea66d6d21,Assets/Art/Image/Hero/Sequence/jiandao/gongji/紫色剪刀攻击_0004.png,Assets/Game/ColorTiming/Art/Image/Hero/Sequence/jiandao/gongji/紫色剪刀攻击_0004.png
c9de48be7d7e46447ae7da3b4c8aebbb,Assets/Art/Image/Scene/B1/a2/dj/a2草待机_37.png,Assets/Game/ColorTiming/Art/Image/Scene/B1/a2/dj/a2草待机_37.png
c9e43d22c43e1e943bcc0d67f184d77e,Assets/Art/Image/Weapon,Assets/Game/ColorTiming/Art/Image/Weapon
ca22dcafcde752146ba7dd0c14fb0e7b,Assets/Art/Image/Scene/B1/a3/c/a3草动_31.png,Assets/Game/ColorTiming/Art/Image/Scene/B1/a3/c/a3草动_31.png
ca4b738078ed756469d5d97bcca93e6f,Assets/Plugins/Spine/Runtime/spine-csharp/Collections/OrderedDictionary.cs,Assets/Plugins/Spine/Runtime/spine-csharp/Collections/OrderedDictionary.cs
ca5009ef30519824e8c1251c34cffff5,Assets/Art/Image/Scene/B1/a3/dj/a3草待机_120.png,Assets/Game/ColorTiming/Art/Image/Scene/B1/a3/dj/a3草待机_120.png
ca6126cb993b6ee4485515f0665e0897,Assets/Art/Image/Scene/B1/a3/c/a3草动_38.png,Assets/Game/ColorTiming/Art/Image/Scene/B1/a3/c/a3草动_38.png
ca67fd35880c78342b031598b4edeb1b,Assets/Art/Image/Scene/B1/a2/dj/a2草待机_41.png,Assets/Game/ColorTiming/Art/Image/Scene/B1/a2/dj/a2草待机_41.png
ca9b3ce36d70a05408e3bdd5e92c7f64,Assets/Plugins/Spine/Editor/spine-unity/Editor/Asset Types/SpineAtlasAssetInspector.cs,Assets/Plugins/Spine/Editor/spine-unity/Editor/Asset Types/SpineAtlasAssetInspector.cs
caa6ee09b0a098b4a9901c3e5a0c31f8,Assets/Art/Image/Hero/Sequence/futou/gongji/chen/橙色斧头攻击_0010.png,Assets/Game/ColorTiming/Art/Image/Hero/Sequence/futou/gongji/chen/橙色斧头攻击_0010.png
caa75317550be254d9bea6f4a994825b,Assets/Art/Image/Scene/B1/a2/c/a2草动_39.png,Assets/Game/ColorTiming/Art/Image/Scene/B1/a2/c/a2草动_39.png
cb08947fde136024c9fa429212b77a40,Assets/Art/Image/Hero/Sequence/feiji/yidong/yidong_feiji_zi.anim,Assets/Game/ColorTiming/Art/Image/Hero/Sequence/feiji/yidong/yidong_feiji_zi.anim
cb2a2f7cc3a77b947a0821f3160e613c,Assets/Game/Prefba/Scene/cao_a6.prefab,Assets/Game/Prefabs/World/ColorTiming/cao_a6.prefab
cb3c9fb91d8d9d745a0c10a826c7464b,Assets/Art/Image/Scene/B1/a2/c/a2草动_25.png,Assets/Game/ColorTiming/Art/Image/Scene/B1/a2/c/a2草动_25.png
cb530f7c4d41c434da5d77e7027a88ed,Assets/Art/Image/Hero/Sequence/Chuizi/Gongji/Lv/移动蓄力（绿）_0009.png,Assets/Game/ColorTiming/Art/Image/Hero/Sequence/Chuizi/Gongji/Lv/移动蓄力（绿）_0009.png
cb8325be5375efc45991f1d27ce70e10,Assets/Art/Image/Hero/Sequence/Dao/gongji/橙色刀攻击_0008.png,Assets/Game/ColorTiming/Art/Image/Hero/Sequence/Dao/gongji/橙色刀攻击_0008.png
cb9bb9516a75d72419d6dffbc55397e5,Assets/Art/Image/Hero/Sequence/Zhadan/yidong/红色炸弹移动_0000.png,Assets/Game/ColorTiming/Art/Image/Hero/Sequence/Zhadan/yidong/红色炸弹移动_0000.png
cbaf71fba5004f142b95d4a37f1477f3,Assets/Art/Image/Hero/Sequence/Zhadan/gongji/投掷动作（红）_0010.png,Assets/Game/ColorTiming/Art/Image/Hero/Sequence/Zhadan/gongji/投掷动作（红）_0010.png
cbb65f57cfa1cec4d86d88bdbc693e1a,Assets/Art/Image/Hero/Sequence/Chongci/dash.anim,Assets/Game/ColorTiming/Art/Image/Hero/Sequence/Chongci/dash.anim
cbec7dc66dca80a419477536c23b7a0d,Assets/Plugins/Spine/Editor/spine-unity/Modules/SlotBlendModes/Editor/SlotBlendModesEditor.cs,Assets/Plugins/Spine/Editor/spine-unity/Modules/SlotBlendModes/Editor/SlotBlendModesEditor.cs
cbf052cf43fb18c4e887e930b848266a,Assets/Art/Image/Boss2/Skill/拖尾_0001.png,Assets/Game/ColorTiming/Art/Image/Boss2/Skill/拖尾_0001.png
cc035580464e3fe4da934a3e5a64969c,Assets/Art/Image/Hero/Sequence/feiji/daiji/绿色飞机待机_0002.png,Assets/Game/ColorTiming/Art/Image/Hero/Sequence/feiji/daiji/绿色飞机待机_0002.png
cc0934ab5d21c21498b28518029272ee,Assets/Art/Image/Hero/Sequence/Siwang/sc/死亡动画背景_0006.png,Assets/Game/ColorTiming/Art/Image/Hero/Sequence/Siwang/sc/死亡动画背景_0006.png
cc0cdbb5d02ea134084f47c60c078327,Assets/Art/Image/Hero/Sequence/Chuizi/Gongji/Zi/原地蓄力完成（紫）_0001.png,Assets/Game/ColorTiming/Art/Image/Hero/Sequence/Chuizi/Gongji/Zi/原地蓄力完成（紫）_0001.png
cc1b61dd3656be848b0cf64be41bb941,Assets/Art/Image/Scene/B1/a1/a1待_67.png,Assets/Game/ColorTiming/Art/Image/Scene/B1/a1/a1待_67.png
cc1d16c320d3aed4ebd0330aab196895,Assets/Art/Image/Hero/Sequence/feiji/skill/绿色飞机爆炸_0019.png,Assets/Game/ColorTiming/Art/Image/Hero/Sequence/feiji/skill/绿色飞机爆炸_0019.png
cc4b62b5eef14d24386f03cad07059c2,Assets/Art/Image/Hero/Sequence/futou/gongji/zhi/紫色斧头蓄力（原地）_0006.png,Assets/Game/ColorTiming/Art/Image/Hero/Sequence/futou/gongji/zhi/紫色斧头蓄力（原地）_0006.png
cc5f3bd1a7604da41a6786d1a56b43a5,Assets/Art/Image/Hero/Sequence/Zhadan/skill/爆炸特效（红）_0016.png,Assets/Game/ColorTiming/Art/Image/Hero/Sequence/Zhadan/skill/爆炸特效（红）_0016.png
cc909b7daac114248aef5a45675b6ef4,Assets/Art/Image/Hero/Sequence/futou/gongji/zhi/紫色斧头蓄力完成（移动）_0004.png,Assets/Game/ColorTiming/Art/Image/Hero/Sequence/futou/gongji/zhi/紫色斧头蓄力完成（移动）_0004.png
cc9439c8e75fb7e4c82ad725b649b047,Assets/Plugins/Spine/Runtime/spine-unity/Shaders/CGIncludes/Spine-Skeleton-Tint-Common.cginc,Assets/Plugins/Spine/Runtime/spine-unity/Shaders/CGIncludes/Spine-Skeleton-Tint-Common.cginc
cc96423bccb78334981eb196f0e1f263,Assets/Art/Image/Hero/Sequence/feiji/daiji/绿色飞机待机_0008.png,Assets/Game/ColorTiming/Art/Image/Hero/Sequence/feiji/daiji/绿色飞机待机_0008.png
cc98f0d11ec208746b1488ea703f96c4,Assets/Art/Image/Scene/B1/a6/dj/a6草待机_071.png,Assets/Game/ColorTiming/Art/Image/Scene/B1/a6/dj/a6草待机_071.png
cc9e921666343104fa067d3d91ae38ea,Assets/Art/Image/Scene/B1/a3/dj/a3草待机_031.png,Assets/Game/ColorTiming/Art/Image/Scene/B1/a3/dj/a3草待机_031.png
cca10a36d53fe8d49899a535a05b8cd0,Assets/Art/Image/Scene/B1/a2/dj/a2草待机_42.png,Assets/Game/ColorTiming/Art/Image/Scene/B1/a2/dj/a2草待机_42.png
cca414cca70010c47ab1ebcc792de34e,Assets/Art/Image/Hero/Sequence/Chuizi/Gongji/Lv/原地蓄力（绿）_0010.png,Assets/Game/ColorTiming/Art/Image/Hero/Sequence/Chuizi/Gongji/Lv/原地蓄力（绿）_0010.png
cca834147e233644ab3b4d3dcc38f27d,Assets/Art/Image/Hero/Sequence/futou/gongji/hong/红色斧头蓄力（移动）_0010.png,Assets/Game/ColorTiming/Art/Image/Hero/Sequence/futou/gongji/hong/红色斧头蓄力（移动）_0010.png
ccc2b4099d0ed7a42a32b20300111ced,Assets/Art/Image/Hero/Sequence/Dao/daiji/橙色刀待机_0006.png,Assets/Game/ColorTiming/Art/Image/Hero/Sequence/Dao/daiji/橙色刀待机_0006.png
ccd5e664f2478134c918d98f96bd96c4,Assets/Art/Image/Hero/Sequence/jiandao/yidong/绿色剪刀移动_0002.png,Assets/Game/ColorTiming/Art/Image/Hero/Sequence/jiandao/yidong/绿色剪刀移动_0002.png
ccdc59eb554d87f4bb48df5ada3a1890,Assets/Art/Image/Hero/Sequence/futou/gongji/zhi/紫色斧头攻击_0015.png,Assets/Game/ColorTiming/Art/Image/Hero/Sequence/futou/gongji/zhi/紫色斧头攻击_0015.png
ccf020016699d054389bd1d31c443af2,Assets/Art/Image/Scene/B1/a4/c/a4草动_50.png,Assets/Game/ColorTiming/Art/Image/Scene/B1/a4/c/a4草动_50.png
cd0ad3263f8f21744840ab955f14139b,Assets/Art/Sound/grass_sways-002.WAV,Assets/Game/ColorTiming/Art/Sound/grass_sways-002.WAV
cd6b1af426fe0b7459b0b8eb5b7d57c9,Assets/Art/Image/Scene/B1/a3/c/a3草动_70.png,Assets/Game/ColorTiming/Art/Image/Scene/B1/a3/c/a3草动_70.png
cd6f9b4bef9694e4d86f29385fc7d61c,Assets/Art/Image/ui/操作指示-有蓄力.png,Assets/Game/ColorTiming/Art/Image/ui/操作指示-有蓄力.png
cd8aa4cb7d9dac345bea306072f2d134,Assets/Art/Image/ui/摆放.png,Assets/Game/ColorTiming/Art/Image/ui/摆放.png
cd8ad8fc0f5bce448ba26d096ab32e85,Assets/Plugins/Spine/Runtime/spine-csharp/Attachments/BoundingBoxAttachment.cs,Assets/Plugins/Spine/Runtime/spine-csharp/Attachments/BoundingBoxAttachment.cs
cd909c1e1461e4b42ac0cd34e8cb5690,Assets/Art/Image/Hero/Sequence/feiji/skill/橙色飞机爆炸_0014.png,Assets/Game/ColorTiming/Art/Image/Hero/Sequence/feiji/skill/橙色飞机爆炸_0014.png
cd9e7472eb00e2d4ea7f77b2b20440ad,Assets/Art/Image/Hero/Sequence/feiji/skill/橙色飞机（空中）_0001.png,Assets/Game/ColorTiming/Art/Image/Hero/Sequence/feiji/skill/橙色飞机（空中）_0001.png
cda053cb54b75424db71cd9011ff5932,Assets/Art/Image/Hero/Sequence/jiandao/daiji/绿色剪刀待机_0009.png,Assets/Game/ColorTiming/Art/Image/Hero/Sequence/jiandao/daiji/绿色剪刀待机_0009.png
cdd80a37885a18844801ced4abceb283,Assets/Art/Image/Boss/Skill5/尖刺特效_19.png,Assets/Game/ColorTiming/Art/Image/Boss/Skill5/尖刺特效_19.png
cdeeb36a527c44348925ec47972dace6,Assets/Art/Image/Scene/B1/a5/dj/skeleton-animation_037.png,Assets/Game/ColorTiming/Art/Image/Scene/B1/a5/dj/skeleton-animation_037.png
cdf08a11b91b3724a93d66a4b8dcff76,Assets/Art/Image/Hero/Sequence/feiji/gongji/红色飞机投掷_0004.png,Assets/Game/ColorTiming/Art/Image/Hero/Sequence/feiji/gongji/红色飞机投掷_0004.png
ce069e318c939994e88127b46c77604a,Assets/Art/Image/Scene/B1/a5/c/a5草动_62.png,Assets/Game/ColorTiming/Art/Image/Scene/B1/a5/c/a5草动_62.png
ce216f51ebc1d3f40929f4e58d1c65e5,Assets/Plugins/Spine/Runtime/spine-unity/SpineAttributes.cs,Assets/Plugins/Spine/Runtime/spine-unity/SpineAttributes.cs
ce4122a9ae89842418c2eb4ec2a08cd7,Assets/Art/Image/UI_Start/试玩关卡2（悬停）.png,Assets/Game/ColorTiming/Art/Image/UI_Start/试玩关卡2（悬停）.png
ce448bf2bd3e3b6438d3d7191f42e1c2,Assets/Art/Image/Hero/Sequence/futou/gongji/chen/橙色斧头蓄力（原地）_0011.png,Assets/Game/ColorTiming/Art/Image/Hero/Sequence/futou/gongji/chen/橙色斧头蓄力（原地）_0011.png
ce53b967133b2bd46904686298aca9b1,Assets/Art/Image/Scene/B1/a5/c/a5草动_26.png,Assets/Game/ColorTiming/Art/Image/Scene/B1/a5/c/a5草动_26.png
ce59897dd7e6cbc4690a05ebaf975dff,Assets/Plugins/Spine/Runtime/spine-unity/Asset Types/SpineSpriteAtlasAsset.cs,Assets/Plugins/Spine/Runtime/spine-unity/Asset Types/SpineSpriteAtlasAsset.cs
ce6034f6064fa6147984f5f9d33d8b52,Assets/Art/Image/Scene/B1/a5/c,Assets/Game/ColorTiming/Art/Image/Scene/B1/a5/c
ce64af5b1a5e48447b00ceab00188dfe,Assets/Art/Image/Scene/B1/a4/dj/skeleton-animation_098.png,Assets/Game/ColorTiming/Art/Image/Scene/B1/a4/dj/skeleton-animation_098.png
ce657a5c4951215489092a08cd2e0d4b,Assets/Art/Image/Scene/B1/a3/c/a3草动_47.png,Assets/Game/ColorTiming/Art/Image/Scene/B1/a3/c/a3草动_47.png
ce85f73a13e9a8b4e870c70855d63111,Assets/Art/Image/ui/紫色剪刀.png,Assets/Game/ColorTiming/Art/Image/ui/紫色剪刀.png
cec49cb809c705445b0ea493458dcd0a,Assets/Art/Image/Scene/B1/a6/dj/a6草待机_036.png,Assets/Game/ColorTiming/Art/Image/Scene/B1/a6/dj/a6草待机_036.png
cecbdca080af0c3469c41bdc0d389734,Assets/Art/Image/Boss/Skill5/尖刺特效_01.png,Assets/Game/ColorTiming/Art/Image/Boss/Skill5/尖刺特效_01.png
cecd0ea162097a94c89a97af6baf0a66,Assets/Plugins/Spine/Runtime/spine-unity/Shaders/Sprite/README.md,Assets/Plugins/Spine/Runtime/spine-unity/Shaders/Sprite/README.md
ced2ac106b3fea145a73174aa0eb8872,Assets/Art/Image/Scene/B1/a4/dj/skeleton-animation_011.png,Assets/Game/ColorTiming/Art/Image/Scene/B1/a4/dj/skeleton-animation_011.png
cee6a2fe8cea5a94987be0d103ed6e02,Assets/Art/Image/Boss2,Assets/Game/ColorTiming/Art/Image/Boss2
cefbf25054e00d54a88c91d93dd5ee82,Assets/Art/Image/Scene/B1/a5/dj/skeleton-animation_073.png,Assets/Game/ColorTiming/Art/Image/Scene/B1/a5/dj/skeleton-animation_073.png
cf06a929ea766bb45ba6ccb5841f73dc,Assets/Art/Image/Hero/Sequence/Gongji/Atk_nor.anim,Assets/Game/ColorTiming/Art/Image/Hero/Sequence/Gongji/Atk_nor.anim
cf21125cbd8928844a85a3ad9002693b,Assets/Plugins/Spine/Editor/spine-unity/Editor/Menus.cs,Assets/Plugins/Spine/Editor/spine-unity/Editor/Menus.cs
cf2d14047bedd67469a17616f1a8992a,Assets/Art/Image/Hero/Sequence/futou/gongji/chen/橙色斧头攻击_0005.png,Assets/Game/ColorTiming/Art/Image/Hero/Sequence/futou/gongji/chen/橙色斧头攻击_0005.png
cf52e74ef677e12488a33b0fac89b210,Assets/Art/Image/Mouse/手2.png,Assets/Game/ColorTiming/Art/Image/Mouse/手2.png
cf59bd532bc105a4e9592c2123fe2a7f,Assets/Art/Image/Hero/Sequence/Siwang/sc/死亡动画背景_0005.png,Assets/Game/ColorTiming/Art/Image/Hero/Sequence/Siwang/sc/死亡动画背景_0005.png
cf5a52c829edaaf4b84bf42745ebc679,Assets/Art/Image/Scene/B1/a6/dj/a6草待机_120.png,Assets/Game/ColorTiming/Art/Image/Scene/B1/a6/dj/a6草待机_120.png
cf7da4ac10ea4e841b428e2970353f51,Assets/Art/Image/Weapon/Tip1/提示圈-第一章_0021.png,Assets/Game/ColorTiming/Art/Image/Weapon/Tip1/提示圈-第一章_0021.png
cfab585b6cc9aae4ea8a7f232ec40af8,Assets/Art/Image/Hero/Sequence/Chuizi/Gongji/Hong/移动蓄力（红）_0011.png,Assets/Game/ColorTiming/Art/Image/Hero/Sequence/Chuizi/Gongji/Hong/移动蓄力（红）_0011.png
cfb1d19dbbad11e49918a59d4598971a,Assets/Art/Image/Hero/Sequence/Shouji,Assets/Game/ColorTiming/Art/Image/Hero/Sequence/Shouji
cfbfd3abd1c044d49a2ad1539e9acdf8,Assets/Art/Image/Scene/B1/a3/c/a3草动_36.png,Assets/Game/ColorTiming/Art/Image/Scene/B1/a3/c/a3草动_36.png
cfc86953f6b73c84088c367acb30492a,Assets/Art/Image/Hero/Sequence/jiandao/gongji/绿色剪刀攻击_0018.png,Assets/Game/ColorTiming/Art/Image/Hero/Sequence/jiandao/gongji/绿色剪刀攻击_0018.png
cfcea0e11aa80bb4b8d05790b905fc31,Assets/Plugins/Spine/Runtime/spine-unity/Materials/SkeletonGraphicTintBlack.mat,Assets/Plugins/Spine/Runtime/spine-unity/Materials/SkeletonGraphicTintBlack.mat
cfcf28a1d777a9c4d9e0362669447009,Assets/Art/Image/Hero/Sequence/futou/gongji/chen/橙色斧头攻击_0002.png,Assets/Game/ColorTiming/Art/Image/Hero/Sequence/futou/gongji/chen/橙色斧头攻击_0002.png
cfe24b00b45ab504d9fe3293c5467580,Assets/Art/Mat/outline.mat,Assets/Game/ColorTiming/Art/Mat/outline.mat
cfebc6d17bf4c6948bc71d53a2db1f15,Assets/Art/Image/Hero/Sequence/Siwang/sc/死亡动画背景_0017.png,Assets/Game/ColorTiming/Art/Image/Hero/Sequence/Siwang/sc/死亡动画背景_0017.png
d013dfee3b4448e478122cc3ea154bcd,Assets/Art/Image/Hero/Sequence/Dao/gongji/紫色刀攻击_0000.png,Assets/Game/ColorTiming/Art/Image/Hero/Sequence/Dao/gongji/紫色刀攻击_0000.png
d013e8e7d10f7654faf9c1e3d9f9c44f,Assets/Art/Image/Hero/Sequence/jiandao/yidong/紫色剪刀移动_0000.png,Assets/Game/ColorTiming/Art/Image/Hero/Sequence/jiandao/yidong/紫色剪刀移动_0000.png
d03ca55657e89b949a4c07bc9207beac,Assets/Plugins/Spine/Runtime/spine-unity/Asset Types/BlendModeMaterials.cs,Assets/Plugins/Spine/Runtime/spine-unity/Asset Types/BlendModeMaterials.cs
d03f4581c0442fc4c847b4c318c467ac,Assets/Art/Image/Scene/B2/层级1.png,Assets/Game/ColorTiming/Art/Image/Scene/B2/层级1.png
d04e05be53e3f294289909525c46a241,Assets/Art/Image/Hero/Sequence/Zhadan/skill/爆炸特效（红）_0001.png,Assets/Game/ColorTiming/Art/Image/Hero/Sequence/Zhadan/skill/爆炸特效（红）_0001.png
d05c6f575fb5459489c1586586837e15,Assets/Art/Image/Scene/B1/a2/c/a2草动_34.png,Assets/Game/ColorTiming/Art/Image/Scene/B1/a2/c/a2草动_34.png
d068e7e0f69794948860e4b6bff106d1,Assets/Art/Image/UI_Start/开始游戏（按下）.png,Assets/Game/ColorTiming/Art/Image/UI_Start/开始游戏（按下）.png
d074e6ea2d5733e4baf802e22b8d460f,Assets/Art/Image/Weapon/Tip1/提示圈-第一章_0001.png,Assets/Game/ColorTiming/Art/Image/Weapon/Tip1/提示圈-第一章_0001.png
d07866ade25bd0b44a7bb1d59bacf4cb,Assets/Plugins/Spine/Runtime/spine-unity/Mesh Generation/SkeletonRendererInstruction.cs,Assets/Plugins/Spine/Runtime/spine-unity/Mesh Generation/SkeletonRendererInstruction.cs
d08d4eb61de193d4aa7eab6bd0a7b4b4,Assets/Art/Image/Scene/B1/a3/dj/a3草待机_129.png,Assets/Game/ColorTiming/Art/Image/Scene/B1/a3/dj/a3草待机_129.png
d0a172928c298a14eb3ab7ab7bdfdc82,Assets/Art/Image/Hero/Sequence/Zhadan/skill/空中炸弹紫_0002.png,Assets/Game/ColorTiming/Art/Image/Hero/Sequence/Zhadan/skill/空中炸弹紫_0002.png
d0a6e64d4755c5c4bb94195205d9428b,Assets/Art/Image/Hero/Sequence/Chuizi/Gongji/Hong/xuliw_do_hong.anim,Assets/Game/ColorTiming/Art/Image/Hero/Sequence/Chuizi/Gongji/Hong/xuliw_do_hong.anim
d0aaf5e0801176d4f93b65f95f6fd75e,Assets/Art/Image/Hero/Sequence/jiandao/daiji/daiji_jiandao_lv.anim,Assets/Game/ColorTiming/Art/Image/Hero/Sequence/jiandao/daiji/daiji_jiandao_lv.anim
d0bfcc4afcc7b64438d045597f68b6ea,Assets/Art/Image/Hero/Sequence/Zhadan/skill/爆炸特效（绿）_0003.png,Assets/Game/ColorTiming/Art/Image/Hero/Sequence/Zhadan/skill/爆炸特效（绿）_0003.png
d0d33b093130bb548b5b99b54b46e805,Assets/Art/Image/Scene/B1/jianci/摆放图（注意前后）.png,Assets/Game/ColorTiming/Art/Image/Scene/B1/jianci/摆放图（注意前后）.png
d0d56bef59a16e7488ecb9a8896032f7,Assets/Art/Image/Scene/B1/a2/c/a2草动_08.png,Assets/Game/ColorTiming/Art/Image/Scene/B1/a2/c/a2草动_08.png
d0eefa2c7556808469bd6665581443e5,Assets/Art/Image/Scene/B1/a3/dj/a3草待机_002.png,Assets/Game/ColorTiming/Art/Image/Scene/B1/a3/dj/a3草待机_002.png
d0fb37e2ea75c1e4b907b34ab6954873,Assets/Art/Image/Hero/Sequence/Shouji/受击时震动_0006.png,Assets/Game/ColorTiming/Art/Image/Hero/Sequence/Shouji/受击时震动_0006.png
d0fc5db9788bce4418ad3252d43faa8a,Assets/Plugins/Spine/Editor/spine-unity/Editor/Components/SkeletonRendererInspector.cs,Assets/Plugins/Spine/Editor/spine-unity/Editor/Components/SkeletonRendererInspector.cs
d1161cbc05a7e6049ad9c12b46befc34,Assets/Art/Image/Hero/Sequence/futou/gongji/chen/橙色斧头蓄力完成（原地）_0000.png,Assets/Game/ColorTiming/Art/Image/Hero/Sequence/futou/gongji/chen/橙色斧头蓄力完成（原地）_0000.png
d138c86ae31377f42af2c52022871ff7,Assets/Art/Image/Hero/Sequence/futou/yidong/紫色斧头移动_0003.png,Assets/Game/ColorTiming/Art/Image/Hero/Sequence/futou/yidong/紫色斧头移动_0003.png
d1394ce321e9362489d50858df40c021,Assets/Art/Image/ui/r1.png,Assets/Game/ColorTiming/Art/Image/ui/r1.png
d1512d96f00f2f04a85d8007a20d28f5,Assets/Art/Image/Scene/B1/a3/dj/a3草待机_057.png,Assets/Game/ColorTiming/Art/Image/Scene/B1/a3/dj/a3草待机_057.png
d15deba51664fc94daee8131a6dc5f09,Assets/Art/Image/Scene/B1/a4/c/a4草动_51.png,Assets/Game/ColorTiming/Art/Image/Scene/B1/a4/c/a4草动_51.png
d162a4ee204374e4f95c40d7d569cd26,Assets/Art/Image/Hero/Sequence/Chuizi/Daiji/紫色锤子待机_0004.png,Assets/Game/ColorTiming/Art/Image/Hero/Sequence/Chuizi/Daiji/紫色锤子待机_0004.png
d16b9135d4962634c86ee1349ecf5f22,Assets/Art/Image/Hero/Sequence/Dao/gongji/橙色刀攻击_0001.png,Assets/Game/ColorTiming/Art/Image/Hero/Sequence/Dao/gongji/橙色刀攻击_0001.png
d175f71defe9da949a49546657cd29be,Assets/Art/Image/Hero/Sequence/Zhadan/daiji/红色炸弹待机_0006.png,Assets/Game/ColorTiming/Art/Image/Hero/Sequence/Zhadan/daiji/红色炸弹待机_0006.png
d180f6f95c83c6346a1ce1e310f80f19,Assets/Art/Image/Hero/Sequence/Dao/gongji/绿色刀攻击_0006.png,Assets/Game/ColorTiming/Art/Image/Hero/Sequence/Dao/gongji/绿色刀攻击_0006.png
d181219d90a617c46a36731fecc38c78,Assets/Art/Image/Scene/B1/a6/c/a6草动_66.png,Assets/Game/ColorTiming/Art/Image/Scene/B1/a6/c/a6草动_66.png
d18a8ede4892d384b961d8a1e33d8168,Assets/Art/Image/Scene/B1/a4/dj/skeleton-animation_018.png,Assets/Game/ColorTiming/Art/Image/Scene/B1/a4/dj/skeleton-animation_018.png
d1b56b660f58f1a40abb6663dd5d2c48,Assets/Art/Image/Hero/Sequence/feiji/gongji/紫色飞机投掷_0012.png,Assets/Game/ColorTiming/Art/Image/Hero/Sequence/feiji/gongji/紫色飞机投掷_0012.png
d1cb7d067f813694d9b2a6cba728dbf2,Assets/Art/Image/Scene/B1/a5/c/a5草动_53.png,Assets/Game/ColorTiming/Art/Image/Scene/B1/a5/c/a5草动_53.png
d1d23b11101244d49b94d67cf5e32d49,Assets/Art/Image/Hero/Sequence/feiji/daiji/紫色飞机待机_0001.png,Assets/Game/ColorTiming/Art/Image/Hero/Sequence/feiji/daiji/紫色飞机待机_0001.png
d1db3826dda8f514db33463235afd564,Assets/Art/Image/Hero/Sequence/Zhadan/gongji/投掷动作（红）_0008.png,Assets/Game/ColorTiming/Art/Image/Hero/Sequence/Zhadan/gongji/投掷动作（红）_0008.png
d1dd3daaee67b994a996accae699fad2,Assets/Art/Image/Scene/B1/a3/c/a3草动_68.png,Assets/Game/ColorTiming/Art/Image/Scene/B1/a3/c/a3草动_68.png
d1de1604dfe4cb64c9d31246a8e43c78,Assets/Plugins/Spine/Editor/spine-unity/Editor/GUI/icon-null.png,Assets/Plugins/Spine/Editor/spine-unity/Editor/GUI/icon-null.png
d200a6cc19af4f24396f1840edf45fcd,Assets/Art/Image/Hero/Sequence/Zhadan/skill/爆炸特效（绿）_0020.png,Assets/Game/ColorTiming/Art/Image/Hero/Sequence/Zhadan/skill/爆炸特效（绿）_0020.png
d221a2dad5db9964394441804659f89c,Assets/Art/Image/Boss2/Weiba/第二章boss_Atlas.asset,Assets/Game/ColorTiming/Art/Image/Boss2/Weiba/第二章boss_Atlas.asset
d226a80acc775714aa78b85e16a00e9b,Assets/Plugins/Spine/Editor/spine-unity/Editor/GUI/icon-event.png,Assets/Plugins/Spine/Editor/spine-unity/Editor/GUI/icon-event.png
d238699ef87b99d49b79d088600531c3,Assets/Art/Image/Hero/Sequence/Chuizi/Gongji/Zi/移动蓄力完成（紫）_0000.png,Assets/Game/ColorTiming/Art/Image/Hero/Sequence/Chuizi/Gongji/Zi/移动蓄力完成（紫）_0000.png
d247ba06193faa74d9335f5481b2b56c,Assets/Plugins/Spine/Runtime/spine-unity/Components/SkeletonAnimation.cs,Assets/Plugins/Spine/Runtime/spine-unity/Components/SkeletonAnimation.cs
d25e9a89b5b53f243aa24db4cc529f5a,Assets/Art/Image/Scene/B1/a2/c/a2草动_68.png,Assets/Game/ColorTiming/Art/Image/Scene/B1/a2/c/a2草动_68.png
d27bb5316464e0441aae4078e5b5225c,Assets/Art/Image/Hero/Sequence/Zhadan/skill/爆炸特效（紫）_0022.png,Assets/Game/ColorTiming/Art/Image/Hero/Sequence/Zhadan/skill/爆炸特效（紫）_0022.png
d27e4568cf8a6ac49852a57d19df67a1,Assets/Art/Image/Scene/B1/a5/a5_cao_dj.anim,Assets/Game/ColorTiming/Art/Image/Scene/B1/a5/a5_cao_dj.anim
d292dfaff8d79fc44955891b9de09927,Assets/Art/Image/Scene/B1/a6/c/a6草动_36.png,Assets/Game/ColorTiming/Art/Image/Scene/B1/a6/c/a6草动_36.png
d29986a401f943c40b9beffd2e029f6a,Assets/Art/Image/Weapon/Tip2/提示圈-第二章_0016.png,Assets/Game/ColorTiming/Art/Image/Weapon/Tip2/提示圈-第二章_0016.png
d2a5062cfe5dd4344831cda4723128af,Assets/Plugins/Spine/Editor/spine-unity/Modules/SkeletonRenderSeparator/Editor/SkeletonRenderSeparatorInspector.cs,Assets/Plugins/Spine/Editor/spine-unity/Modules/SkeletonRenderSeparator/Editor/SkeletonRenderSeparatorInspector.cs
d2a66a92da6b435468967a96207fc704,Assets/Art/Image/Hero/Sequence/feiji/gongji/紫色飞机投掷_0014.png,Assets/Game/ColorTiming/Art/Image/Hero/Sequence/feiji/gongji/紫色飞机投掷_0014.png
d2a89934800778b47b83f0bb389aa784,Assets/Art/Image/Hero/Sequence/Chuizi/Gongji/Lv/移动蓄力（绿）_0014.png,Assets/Game/ColorTiming/Art/Image/Hero/Sequence/Chuizi/Gongji/Lv/移动蓄力（绿）_0014.png
d2be3044bdd871b4fba4c452641ad80c,Assets/Art/Image/Scene/B1/a5/dj/skeleton-animation_075.png,Assets/Game/ColorTiming/Art/Image/Scene/B1/a5/dj/skeleton-animation_075.png
d2c5ae1552e9b8f47888e51b1d24a15f,Assets/Art/Image/Hero/Sequence/feiji/skill/绿色飞机爆炸_0002.png,Assets/Game/ColorTiming/Art/Image/Hero/Sequence/feiji/skill/绿色飞机爆炸_0002.png
d2daab60a1c4bb349854b381688a4fd7,Assets/Art/Image/Weapon/Tip2/提示圈-第二章_0037.png,Assets/Game/ColorTiming/Art/Image/Weapon/Tip2/提示圈-第二章_0037.png
d2e280be5a64ccd4c92bdd8e614d85b5,Assets/Art/Image/Scene/B1/a3/c/a3草动_67.png,Assets/Game/ColorTiming/Art/Image/Scene/B1/a3/c/a3草动_67.png
d2f0a4b93bd5ecd4b92620d1f0d527b8,Assets/Art/Image/Hero/Sequence/feiji/skill,Assets/Game/ColorTiming/Art/Image/Hero/Sequence/feiji/skill
d3045520a1934d6459f0141881de4fe2,Assets/Art/Image/Scene/B1/a6/c/a6草动_16.png,Assets/Game/ColorTiming/Art/Image/Scene/B1/a6/c/a6草动_16.png
d333e6d165ec4244f867721fbc574451,Assets/Art/Image/UI_ESC/进入下一关（正常）.png,Assets/Game/ColorTiming/Art/Image/UI_ESC/进入下一关（正常）.png
d3cb74d9db59467418bf8b804c0f34bf,Assets/Art/Image/Hero/Sequence/Dao/gongji/紫色刀攻击_0012.png,Assets/Game/ColorTiming/Art/Image/Hero/Sequence/Dao/gongji/紫色刀攻击_0012.png
d3eef258b4dd83446b2a0709f40e69b8,Assets/Art/Image/Hero/Sequence/Zhadan/skill/爆炸特效（紫）_0002.png,Assets/Game/ColorTiming/Art/Image/Hero/Sequence/Zhadan/skill/爆炸特效（紫）_0002.png
d3fa970678590294ba9e3be1edf20b35,Assets/Art/Image/Scene/B1/a2/dj/a2草待机_18.png,Assets/Game/ColorTiming/Art/Image/Scene/B1/a2/dj/a2草待机_18.png
d409f8911fef0b14089db625ed29e975,Assets/Art/Image/Hero/Sequence/Zhadan/skill/爆炸特效（红）_0012.png,Assets/Game/ColorTiming/Art/Image/Hero/Sequence/Zhadan/skill/爆炸特效（红）_0012.png
d40eba0d35901954f95d48a13fb4ba32,Assets/Art/Image/Scene/B2,Assets/Game/ColorTiming/Art/Image/Scene/B2
d4149a45af1d8ca4da41666f6895bf2c,Assets/Art/Image/Hero/Sequence/Zhadan/skill/爆炸特效（绿）_0001.png,Assets/Game/ColorTiming/Art/Image/Hero/Sequence/Zhadan/skill/爆炸特效（绿）_0001.png
d43a8e72b67ebb74f8a46629a3440b9e,Assets/Art/Image/Hero/Sequence/Dao/yidong/橙色刀移动_0003.png,Assets/Game/ColorTiming/Art/Image/Hero/Sequence/Dao/yidong/橙色刀移动_0003.png
d43df3e36de353b4e8b0080c40e0a8a7,Assets/Art/Image/Weapon/Tip2/提示圈-第二章_0019.png,Assets/Game/ColorTiming/Art/Image/Weapon/Tip2/提示圈-第二章_0019.png
d43edb29e88b0f544833b5bbb54d0669,Assets/Game/Scripts/UI/StartVido.cs,Assets/Game/Scripts/ColorTiming/Legacy/UI/StartVido.cs
d462cfcdd9341b54ab702a076a480322,Assets/Art/Image/Hero/Sequence/Dao/gongji/橙色刀攻击_0004.png,Assets/Game/ColorTiming/Art/Image/Hero/Sequence/Dao/gongji/橙色刀攻击_0004.png
d47d79e12be52774f8ee88527f31bbb6,Assets/Art/Image/Scene/B1/a3/dj/a3草待机_000.png,Assets/Game/ColorTiming/Art/Image/Scene/B1/a3/dj/a3草待机_000.png
d48737d85c9aac741bcc1de511ccd71e,Assets/Art/Image/Boss2/di/skeleton_SkeletonData.asset,Assets/Game/ColorTiming/Art/Image/Boss2/di/skeleton_SkeletonData.asset
d49c2ffe1fc81ad4ebf3fccf7965602a,Assets/Art/Image/Hero/Sequence/jiandao/gongji/绿色剪刀攻击_0020.png,Assets/Game/ColorTiming/Art/Image/Hero/Sequence/jiandao/gongji/绿色剪刀攻击_0020.png
d4a2386749ddd254f94b542c5c95d288,Assets/Art/Image/Scene/B1/a6/c/a6草动_42.png,Assets/Game/ColorTiming/Art/Image/Scene/B1/a6/c/a6草动_42.png
d4a9d0d5c7ea05c4780a9e8b78dfd37a,Assets/Art/Image/Scene/B1/a5/dj/skeleton-animation_009.png,Assets/Game/ColorTiming/Art/Image/Scene/B1/a5/dj/skeleton-animation_009.png
d4bac6cf551160b4cab3687240f533ca,Assets/Art/Image/Boss2/di,Assets/Game/ColorTiming/Art/Image/Boss2/di
d4c4cbb2b3856cb429289816ef4c34d5,Assets/Art/Image/Scene/B1/a3/dj/a3草待机_115.png,Assets/Game/ColorTiming/Art/Image/Scene/B1/a3/dj/a3草待机_115.png
d4cb6e26733e4804e8537fc3833fad53,Assets/Art/Image/Hero/Sequence/Zhadan/skill/爆炸特效（红）_0000.png,Assets/Game/ColorTiming/Art/Image/Hero/Sequence/Zhadan/skill/爆炸特效（红）_0000.png
d4e6869e2e66f5f48b349d42f180f1ac,Assets/Art/Image/Scene/B1/a2/c/a2草动_07.png,Assets/Game/ColorTiming/Art/Image/Scene/B1/a2/c/a2草动_07.png
d4ef2a6ac4584054d950d74809e67e06,Assets/Art/Image/Hero/Sequence/Chuizi/Daiji/绿色锤子待机_0002.png,Assets/Game/ColorTiming/Art/Image/Hero/Sequence/Chuizi/Daiji/绿色锤子待机_0002.png
d503c7d3f3d33ea408b6c0a01ac12393,Assets/Art/Image/Scene/B1/a4/dj/skeleton-animation_001.png,Assets/Game/ColorTiming/Art/Image/Scene/B1/a4/dj/skeleton-animation_001.png
d5094f8a8d1245143a643aebb76c6332,Assets/Art/Sound/boss_throat_knife_under_neck.wav,Assets/Game/ColorTiming/Art/Sound/boss_throat_knife_under_neck.wav
d52e0cd0b90566e4391427cf40cb5fcd,Assets/Art/Image/Scene/B1/a1/a1待_29.png,Assets/Game/ColorTiming/Art/Image/Scene/B1/a1/a1待_29.png
d53e5cae5529efa43bf3f0ed3ea2d5ef,Assets/Art/Image/Boss2/Weiba,Assets/Game/ColorTiming/Art/Image/Boss2/Weiba
d54a010ab7cbd7943bf101dc0dd7c3c6,Assets/Game/Prefba/Scene/b2_cao_d3.prefab,Assets/Game/Prefabs/World/ColorTiming/b2_cao_d3.prefab
d55d64dd09c46af40a319933a62fa1b2,Assets/Plugins/Spine/Runtime/spine-unity/Shaders/Outline/SkeletonGraphic/Spine-SkeletonGraphic-TintBlack-Outline.shader,Assets/Plugins/Spine/Runtime/spine-unity/Shaders/Outline/SkeletonGraphic/Spine-SkeletonGraphic-TintBlack-Outline.shader
d56a58f321146ec4d8f9b58baf004f33,Assets/Game/Scripts/TransformTool.cs,Assets/Game/Scripts/ColorTiming/Legacy/TransformTool.cs
d56c90ac0e97bce47817fdd04d51e2dc,Assets/Game/Prefba/Weapon_Pickup.prefab,Assets/Game/Prefabs/Entity/ColorTiming/Weapon_Pickup.prefab
d5922609e23b81c4582ab90a34b0f02b,Assets/Art/Image/Scene/B1/a6/dj/a6草待机_106.png,Assets/Game/ColorTiming/Art/Image/Scene/B1/a6/dj/a6草待机_106.png
d5a0e24f264f95c43bec9fbe5aa66b16,Assets/Art/Image/Hero/Sequence/jiandao/gongji/紫色剪刀攻击_0000.png,Assets/Game/ColorTiming/Art/Image/Hero/Sequence/jiandao/gongji/紫色剪刀攻击_0000.png
d616eedb816f34d449bdd7c9658b2024,Assets/Art/Image/Hero/Sequence/feiji/daiji/红色飞机待机_0011.png,Assets/Game/ColorTiming/Art/Image/Hero/Sequence/feiji/daiji/红色飞机待机_0011.png
d628161a6ffd2c14caff9a55eee95280,Assets/Art/Image/Hero/Sequence/Chuizi/Gongji/Zi/攻击动作（紫）_0010.png,Assets/Game/ColorTiming/Art/Image/Hero/Sequence/Chuizi/Gongji/Zi/攻击动作（紫）_0010.png
d64a9e3e4dea9ac4daf7a40afd64b2e7,Assets/Art/Image/Hero/Sequence/futou/gongji/chen/橙色斧头蓄力（移动）_0013.png,Assets/Game/ColorTiming/Art/Image/Hero/Sequence/futou/gongji/chen/橙色斧头蓄力（移动）_0013.png
d67269b7bdb3e794ba13fbb843208976,Assets/Art/Image/Hero/Sequence/jiandao/gongji/红色剪刀攻击_0011.png,Assets/Game/ColorTiming/Art/Image/Hero/Sequence/jiandao/gongji/红色剪刀攻击_0011.png
d677d8bf23f34944a850f58296ea43b5,Assets/Art/Image/Boss/Skill5/尖刺特效_16.png,Assets/Game/ColorTiming/Art/Image/Boss/Skill5/尖刺特效_16.png
d67c4b88d12cb2d41b930282ffa01717,Assets/Art/Image/Scene/B2/cao/D1.png,Assets/Game/ColorTiming/Art/Image/Scene/B2/cao/D1.png
d68c063765374e844b86955bde10a241,Assets/Art/Image/Scene/B1/a3/dj/a3草待机_101.png,Assets/Game/ColorTiming/Art/Image/Scene/B1/a3/dj/a3草待机_101.png
d68fe356231a4d94c8e33fe2ac47bedd,Assets/Art/Image/Hero/Sequence/Dao/gongji/橙色刀攻击_0010.png,Assets/Game/ColorTiming/Art/Image/Hero/Sequence/Dao/gongji/橙色刀攻击_0010.png
d6b1941960a9f6f47be3e865554d8695,Assets/Plugins/Spine/Runtime/spine-csharp/Attachments/AttachmentType.cs,Assets/Plugins/Spine/Runtime/spine-csharp/Attachments/AttachmentType.cs
d6e56e7fd72d9674f8847025b95360d8,Assets/Art/Image/Scene/B1/a1/a1待_55.png,Assets/Game/ColorTiming/Art/Image/Scene/B1/a1/a1待_55.png
d70c0e3856dfbe845974e849778e4b91,Assets/Art/Image/Scene/B1/a6/dj/a6草待机_025.png,Assets/Game/ColorTiming/Art/Image/Scene/B1/a6/dj/a6草待机_025.png
d7126f868925c3b4e8138a19d38b153d,Assets/Art/Image/Hero/Sequence/Chuizi/Gongji/Lv/xuliw_yu_lv.anim,Assets/Game/ColorTiming/Art/Image/Hero/Sequence/Chuizi/Gongji/Lv/xuliw_yu_lv.anim
d712e8eb9c64987429483b19fea27fe5,Assets/Art/Image/Hero/Sequence/jiandao/gongji/红色剪刀攻击_0009.png,Assets/Game/ColorTiming/Art/Image/Hero/Sequence/jiandao/gongji/红色剪刀攻击_0009.png
d765574f93d5c0a43bac03e665db7cff,Assets/Art/Image/Hero/Sequence/Zhadan/skill/爆炸特效（红）_0010.png,Assets/Game/ColorTiming/Art/Image/Hero/Sequence/Zhadan/skill/爆炸特效（红）_0010.png
d77a6c1fc2f678c4e905bc401dd463c3,Assets/Art/Image/Hero/Sequence/Chuizi/Gongji/Lv/原地蓄力（绿）_0001.png,Assets/Game/ColorTiming/Art/Image/Hero/Sequence/Chuizi/Gongji/Lv/原地蓄力（绿）_0001.png
d78171ffa5904b245a4eb538e8892e15,Assets/Art/Sound/boss_head_gnaw.WAV,Assets/Game/ColorTiming/Art/Sound/boss_head_gnaw.WAV
d781b30595eb896419763854d6b2ed83,Assets/Art/Image/Hero/Sequence/Zhadan/skill/爆炸特效（紫）_0016.png,Assets/Game/ColorTiming/Art/Image/Hero/Sequence/Zhadan/skill/爆炸特效（紫）_0016.png
d7851e654e47b534e98b5c17c94339c9,Assets/Art/Image/Scene/B1/a6/c/a6草动_03.png,Assets/Game/ColorTiming/Art/Image/Scene/B1/a6/c/a6草动_03.png
d785524664ade6c46938b8da414a3259,Assets/Art/Image/Scene/B1/a6/a6_cao_dj.anim,Assets/Game/ColorTiming/Art/Image/Scene/B1/a6/a6_cao_dj.anim
d7913e695d5a8e04f82a2a22b0e012b1,Assets/Game/Scripts/I_Damage.cs,Assets/Game/Scripts/ColorTiming/Legacy/I_Damage.cs
d79f7a0830fc4164cacd7b063dac72d8,Assets/Game/Prefba/sk_Boss1_atk2.prefab,Assets/Game/Prefabs/Entity/ColorTiming/sk_Boss1_atk2.prefab
d7a232f281fe777468ef24a67f2492fa,Assets/Art/Image/Boss2/Shenti/第二章boss_Atlas.asset,Assets/Game/ColorTiming/Art/Image/Boss2/Shenti/第二章boss_Atlas.asset
d7a76922e4dd9fa429da15c018ff127f,Assets/Plugins/Spine/Editor/spine-unity/Editor/GUI/icon-point.png,Assets/Plugins/Spine/Editor/spine-unity/Editor/GUI/icon-point.png
d7ae98fcf4cb27b4fbe885155a7a56db,Assets/Art/Image/Hero/Sequence/Siwang/sc/黑屏转场_0004.png,Assets/Game/ColorTiming/Art/Image/Hero/Sequence/Siwang/sc/黑屏转场_0004.png
d7c5e0c2f89f6e94b9e60504394ed457,Assets/Art/Image/Hero/Sequence/futou/yidong/橙色斧头移动_0001.png,Assets/Game/ColorTiming/Art/Image/Hero/Sequence/futou/yidong/橙色斧头移动_0001.png
d7c6af26c6fed674392339cdd17ea45f,Assets/Art/Image/Hero/Sequence/Shouji/受击动画_0002.png,Assets/Game/ColorTiming/Art/Image/Hero/Sequence/Shouji/受击动画_0002.png
d7cf14e1e9c19894c92ae3c93bc91fc6,Assets/Art/Image/Scene/B1/a6/dj/a6草待机_006.png,Assets/Game/ColorTiming/Art/Image/Scene/B1/a6/dj/a6草待机_006.png
d7d4969f4d36cc54fbcd7ac3513e47c0,Assets/Art/Image/Scene/B1/a1/a1待_70.png,Assets/Game/ColorTiming/Art/Image/Scene/B1/a1/a1待_70.png
d7e77e5397b6d264b80a9dff80d37090,Assets/Art/Image/Weapon/Tip2/提示圈-第二章_0005.png,Assets/Game/ColorTiming/Art/Image/Weapon/Tip2/提示圈-第二章_0005.png
d7f175cc6e40d794696608312dbf6604,Assets/Art/Image/Hero/Sequence/jiandao/gongji/红色剪刀攻击_0019.png,Assets/Game/ColorTiming/Art/Image/Hero/Sequence/jiandao/gongji/红色剪刀攻击_0019.png
d7fc09af89a9fce448c9c3f79249d8f0,Assets/Art/Image/Scene/B1/a5/dj/skeleton-animation_108.png,Assets/Game/ColorTiming/Art/Image/Scene/B1/a5/dj/skeleton-animation_108.png
d8096773ee4ffa64b9d13b4d27276a93,Assets/Art/Image/Scene/B1/a6/c/a6草动_62.png,Assets/Game/ColorTiming/Art/Image/Scene/B1/a6/c/a6草动_62.png
d81c2730e4952bd4ba9858245f4ebbf0,Assets/Art/Image/ui/r2.png,Assets/Game/ColorTiming/Art/Image/ui/r2.png
d83d38445c0ac36419f9567516af96bf,Assets/Art/Image/Hero/Sequence/Dao/daiji/紫色刀待机_0003.png,Assets/Game/ColorTiming/Art/Image/Hero/Sequence/Dao/daiji/紫色刀待机_0003.png
d85b887af7e6c3f45a2e2d2920d641bc,Assets/Plugins/Spine/Runtime/spine-unity/Components/SkeletonGraphic.cs,Assets/Plugins/Spine/Runtime/spine-unity/Components/SkeletonGraphic.cs
d8682bdfdee6c2f4bbe3d040e7f379de,Assets/Art/Image/Hero/Sequence/Chuizi/Gongji/Hong/原地蓄力（红）_0011.png,Assets/Game/ColorTiming/Art/Image/Hero/Sequence/Chuizi/Gongji/Hong/原地蓄力（红）_0011.png
d87abae7b50a64c48a76f328321746c4,Assets/Art/Image/ui/绿色戒刀.png,Assets/Game/ColorTiming/Art/Image/ui/绿色戒刀.png
d8a156b13c785c2439b1b46b7089eee4,Assets/Art/Image/Hero/Sequence/Daiji/待机_0001.png,Assets/Game/ColorTiming/Art/Image/Hero/Sequence/Daiji/待机_0001.png
d8a1a76014a68634a8ede50af6db1cae,Assets/Plugins/Spine/Editor/spine-unity/Editor/Utility/DataReloadHandler.cs,Assets/Plugins/Spine/Editor/spine-unity/Editor/Utility/DataReloadHandler.cs
d8ced145311db2b48b18fd38b5356b55,Assets/Art/Image/Mouse/手1.png,Assets/Game/ColorTiming/Art/Image/Mouse/手1.png
d8cef2443b30a5f41a05461c48e1f854,Assets/Art/Image/Scene/B1/a6/a6_cao.controller,Assets/Game/ColorTiming/Art/Image/Scene/B1/a6/a6_cao.controller
d8d75240423ce014391285494563911c,Assets/Art/Image/ui/绿色锤子.png,Assets/Game/ColorTiming/Art/Image/ui/绿色锤子.png
d8ef2d91047b637449c4b47241a1ee8d,Assets/Art/Image/Hero/Sequence/Zhadan/yidong,Assets/Game/ColorTiming/Art/Image/Hero/Sequence/Zhadan/yidong
d8f1149f8f724fd4e838f89473ccf280,Assets/Art/Image/Hero/Sequence/futou/gongji/lv/绿色斧头蓄力（移动）_0010.png,Assets/Game/ColorTiming/Art/Image/Hero/Sequence/futou/gongji/lv/绿色斧头蓄力（移动）_0010.png
d8f6311d39a3cf346910c7cbd9f2c9e2,Assets/Art/Image/Hero/Sequence/Chuizi/Gongji/Hong/移动蓄力（红）_0002.png,Assets/Game/ColorTiming/Art/Image/Hero/Sequence/Chuizi/Gongji/Hong/移动蓄力（红）_0002.png
d91b6b37825daf64a8c938de77cefc4f,Assets/Art/Image/Hero/Sequence/futou/gongji/hong/红色斧头蓄力（原地）_0010.png,Assets/Game/ColorTiming/Art/Image/Hero/Sequence/futou/gongji/hong/红色斧头蓄力（原地）_0010.png
d91fdb55368e565448f7baaff4979e66,Assets/Art/Image/Hero/Sequence/futou/daiji/绿色斧头待机_0007.png,Assets/Game/ColorTiming/Art/Image/Hero/Sequence/futou/daiji/绿色斧头待机_0007.png
d930e1d9590a90344b7627a761245ba0,Assets/Art/Image/Hero/Sequence/Chuizi/Gongji/Zi/移动蓄力（紫）_0014.png,Assets/Game/ColorTiming/Art/Image/Hero/Sequence/Chuizi/Gongji/Zi/移动蓄力（紫）_0014.png
d936bafbb1f771540ac4df4036f795c2,Assets/Art/Image/Scene/B1/a2/c/a2草动_44.png,Assets/Game/ColorTiming/Art/Image/Scene/B1/a2/c/a2草动_44.png
d94dea48560c67b419906981090ceba8,Assets/Art/Image/Weapon/Tip1/提示圈-第一章_0016.png,Assets/Game/ColorTiming/Art/Image/Weapon/Tip1/提示圈-第一章_0016.png
d98fa0b5956e8b740828529444ce7dfb,Assets/Art/Image/Hero/Sequence/feiji/skill/紫色飞机爆炸_0000.png,Assets/Game/ColorTiming/Art/Image/Hero/Sequence/feiji/skill/紫色飞机爆炸_0000.png
d9be5adcaf0003849a1d181173c19635,Assets/Plugins/Spine/Runtime/spine-unity/Utility/YieldInstructions/WaitForSpineAnimation.cs,Assets/Plugins/Spine/Runtime/spine-unity/Utility/YieldInstructions/WaitForSpineAnimation.cs
d9c451ee1d59de143ac0caf9bd51f334,Assets/Art/Image/Scene/B1/a5/dj/skeleton-animation_070.png,Assets/Game/ColorTiming/Art/Image/Scene/B1/a5/dj/skeleton-animation_070.png
d9c896b4cef006c44b68a5a780c068b4,Assets/Art/Image/Scene/B1/a4/dj/skeleton-animation_107.png,Assets/Game/ColorTiming/Art/Image/Scene/B1/a4/dj/skeleton-animation_107.png
d9cfba8ee690c104ab4a238702dae4c5,Assets/Game/Scripts/Anim/Xuli.cs,Assets/Game/Scripts/ColorTiming/Legacy/Anim/Xuli.cs
d9fb331ddd3c05c4583cc1e837536c36,Assets/Game/Prefba/sk_boos_atk5_item.prefab,Assets/Game/Prefabs/Entity/ColorTiming/sk_boos_atk5_item.prefab
da2930bfa1f10384696b8c8ef09962cf,Assets/Art/Image/Hero/Sequence/futou/gongji/zhi/紫色斧头蓄力完成（移动）_0001.png,Assets/Game/ColorTiming/Art/Image/Hero/Sequence/futou/gongji/zhi/紫色斧头蓄力完成（移动）_0001.png
da29e3fa280f61d46a2e3307d4f0794c,Assets/Art/Image/Scene/B1/a1/a1待_47.png,Assets/Game/ColorTiming/Art/Image/Scene/B1/a1/a1待_47.png
da3416339732aa746a999d835955e8d7,Assets/Art/Image/Scene/B1/a4/c/a4草动_08.png,Assets/Game/ColorTiming/Art/Image/Scene/B1/a4/c/a4草动_08.png
da391169f7585794786a7dd3771d48c6,Assets/Art,Assets/Game/ColorTiming/Art
da44a8561fd243c43a1f77bda36de0eb,Assets/Plugins/Spine/Editor/spine-unity/Editor/Components/BoneFollowerGraphicInspector.cs,Assets/Plugins/Spine/Editor/spine-unity/Editor/Components/BoneFollowerGraphicInspector.cs
da57beb53f2358d48b5632e09ce9c8e6,Assets/Art/Image/Scene/B1/a4/dj/skeleton-animation_121.png,Assets/Game/ColorTiming/Art/Image/Scene/B1/a4/dj/skeleton-animation_121.png
da6ca57157335d14fb22302a7fb608df,Assets/Art/Sound/weapon_bomb.wav,Assets/Game/ColorTiming/Art/Sound/weapon_bomb.wav
da6f6d414e43aac46a57cc5a87208db4,Assets/Plugins/Spine/Editor/spine-unity/Editor/GUI/icon-poseBones.png,Assets/Plugins/Spine/Editor/spine-unity/Editor/GUI/icon-poseBones.png
da88585c9d83e114a9ffe22e97591f1e,Assets/Art/Image/Hero/Sequence/Chuizi/Gongji/Hong/锤子攻击（红）_0009.png,Assets/Game/ColorTiming/Art/Image/Hero/Sequence/Chuizi/Gongji/Hong/锤子攻击（红）_0009.png
da91bc60215bb0342a55457753c74243,Assets/Art/Image/Weapon/Tip1/提示圈-第一章_0025.png,Assets/Game/ColorTiming/Art/Image/Weapon/Tip1/提示圈-第一章_0025.png
da9a33cad77d1df4ea67f4f8fa90d1d9,Assets/Art/Image/Scene/B1/a3/dj/a3草待机_074.png,Assets/Game/ColorTiming/Art/Image/Scene/B1/a3/dj/a3草待机_074.png
da9df1d95c2d2fc45b784c9fec830193,Assets/Art/Image/Scene/B1/a5/c/a5草动_33.png,Assets/Game/ColorTiming/Art/Image/Scene/B1/a5/c/a5草动_33.png
daa980c98f1bb42449c581257e2dfbe5,Assets/Art/Image/Scene/B1/a6/c/a6草动_13.png,Assets/Game/ColorTiming/Art/Image/Scene/B1/a6/c/a6草动_13.png
dacedabeb7a1dfa47ba84e1fbcb236e1,Assets/Art/Image/Scene/B1/a6/c/a6草动_58.png,Assets/Game/ColorTiming/Art/Image/Scene/B1/a6/c/a6草动_58.png
daec5da55f5c1294f9f8f7d7c3431cd1,Assets/Art/Image/Loding,Assets/Game/ColorTiming/Art/Image/Loding
daf461e4341180341a648c07e1899528,Assets/Plugins/Spine/Runtime/spine-unity/Components/Following/PointFollower.cs,Assets/Plugins/Spine/Runtime/spine-unity/Components/Following/PointFollower.cs
db0d118833319824daf66e4e2405ca63,Assets/Art/Image/Scene/B1/a3/c/a3草动_25.png,Assets/Game/ColorTiming/Art/Image/Scene/B1/a3/c/a3草动_25.png
db0ee75dcf6bd424f8a71d649fd5aaa7,Assets/Art/Image/Scene/B1/a5/dj/skeleton-animation_021.png,Assets/Game/ColorTiming/Art/Image/Scene/B1/a5/dj/skeleton-animation_021.png
db1d1374edba93647b652abf6283b7f7,Assets/Art/Image/Scene/B1/a2/dj/a2草待机_66.png,Assets/Game/ColorTiming/Art/Image/Scene/B1/a2/dj/a2草待机_66.png
db419677d215c5d43a22f2144f4f756c,Assets/Art/Image/Boss2/Skill/拖尾_0004.png,Assets/Game/ColorTiming/Art/Image/Boss2/Skill/拖尾_0004.png
db7bb9ab03e92454aa5d2fe78b78e810,Assets/Art/Image/Hero/Sequence/jiandao/gongji/红色剪刀攻击_0017.png,Assets/Game/ColorTiming/Art/Image/Hero/Sequence/jiandao/gongji/红色剪刀攻击_0017.png
db7c7d00d92b32f4aa1a7d8aa7ec5b3f,Assets/Art/Image/Hero/Sequence/feiji/gongji/绿色飞机投掷_0008.png,Assets/Game/ColorTiming/Art/Image/Hero/Sequence/feiji/gongji/绿色飞机投掷_0008.png
db8c4c70726169540b53fef75cce2939,Assets/Art/Image/Scene/B1/a2/a2_cao_c.anim,Assets/Game/ColorTiming/Art/Image/Scene/B1/a2/a2_cao_c.anim
db9296c56d0d8834e8247b3dcedca71f,Assets/Art/Image/Hero/Sequence/Chuizi/Gongji/Lv/xuli_yu_lv.anim,Assets/Game/ColorTiming/Art/Image/Hero/Sequence/Chuizi/Gongji/Lv/xuli_yu_lv.anim
db99380aa4c53ce42a7956fb703728d3,Assets/Art/Image/Hero/Sequence/Zhadan/daiji/紫色炸弹待机_0004.png,Assets/Game/ColorTiming/Art/Image/Hero/Sequence/Zhadan/daiji/紫色炸弹待机_0004.png
dbbd1bce9ae019d4aba410caea6632d5,Assets/Art/Image/Hero/Sequence/Yidong/移动_0002.png,Assets/Game/ColorTiming/Art/Image/Hero/Sequence/Yidong/移动_0002.png
dbc10cbfd2c8226489bd79144c2d4497,Assets/Art/Image/Hero/Sequence/Zhadan/skill/空中炸弹绿_0003.png,Assets/Game/ColorTiming/Art/Image/Hero/Sequence/Zhadan/skill/空中炸弹绿_0003.png
dbc817a6c9e9c5747b7f6261bf5d1d09,Assets/Plugins/Spine/Editor/spine-unity/Editor/GUI/icon-path.png,Assets/Plugins/Spine/Editor/spine-unity/Editor/GUI/icon-path.png
dbdaf76e2626c584b80f01f8a8cb12f9,Assets/Art/Image/Scene/B1/a2/dj/a2草待机_34.png,Assets/Game/ColorTiming/Art/Image/Scene/B1/a2/dj/a2草待机_34.png
dbf6c1b7d3c0ac741bf3250c3334be63,Assets/Art/Image/Hero/Sequence/feiji/yidong/绿色飞机移动_0002.png,Assets/Game/ColorTiming/Art/Image/Hero/Sequence/feiji/yidong/绿色飞机移动_0002.png
dc1ab213a927f0e448b52cec23f2f3d8,Assets/Art/Image/Weapon/Tip1/提示圈-第一章_0026.png,Assets/Game/ColorTiming/Art/Image/Weapon/Tip1/提示圈-第一章_0026.png
dc22b992da9aedc4eb3f27e184e80425,Assets/Art/Image/Hero/Sequence/Gongji/普攻特效_0000.png,Assets/Game/ColorTiming/Art/Image/Hero/Sequence/Gongji/普攻特效_0000.png
dc33b5f27af7b5c4ca795599198f1bfa,Assets/Art/Image/Scene/B1/a2/dj/a2草待机_31.png,Assets/Game/ColorTiming/Art/Image/Scene/B1/a2/dj/a2草待机_31.png
dc52a9bdcc1e7e348879b16477595dc5,Assets/Art/Image/Scene/B1/a5/dj/skeleton-animation_010.png,Assets/Game/ColorTiming/Art/Image/Scene/B1/a5/dj/skeleton-animation_010.png
dc5e28687feba784598cac30275ff29a,Assets/Art/Image/Weapon/Tip2/提示圈-第二章_0034.png,Assets/Game/ColorTiming/Art/Image/Weapon/Tip2/提示圈-第二章_0034.png
dc7927d4b444812408b5716f9b795d77,Assets/Art/Image/Hero/Sequence/jiandao/yidong/绿色剪刀移动_0004.png,Assets/Game/ColorTiming/Art/Image/Hero/Sequence/jiandao/yidong/绿色剪刀移动_0004.png
dc89e64a109cac34680a6101e67b1a97,Assets/Art/Image/Hero/Sequence/Siwang/被击杀后_0023.png,Assets/Game/ColorTiming/Art/Image/Hero/Sequence/Siwang/被击杀后_0023.png
dca2562ed19a960428990b5060cca212,Assets/Art/Image/Scene/B1/a3/c/a3草动_00.png,Assets/Game/ColorTiming/Art/Image/Scene/B1/a3/c/a3草动_00.png
dce191497fe5eb04fb3778dff8e9cca5,Assets/Art/Image/Scene/B1/a6/dj/a6草待机_115.png,Assets/Game/ColorTiming/Art/Image/Scene/B1/a6/dj/a6草待机_115.png
dce20a0541f64c34ea56f98c3d30866d,Assets/Art/Image/Scene/B1/a3/dj/a3草待机_107.png,Assets/Game/ColorTiming/Art/Image/Scene/B1/a3/dj/a3草待机_107.png
dce6b9c104a60ae4a828cabe5e423a6c,Assets/Art/Image/Hero/Sequence/feiji/skill/橙色飞机爆炸_0017.png,Assets/Game/ColorTiming/Art/Image/Hero/Sequence/feiji/skill/橙色飞机爆炸_0017.png
dcf5048f72d248844be9c5b948a8355b,Assets/Art/Image/Scene/B1/a1/a1待_76.png,Assets/Game/ColorTiming/Art/Image/Scene/B1/a1/a1待_76.png
dcf9a85d2ea01e94ba8ac3d360389559,Assets/Game/Scripts/UI/UI_WeaponTip.cs,Assets/Game/Scripts/ColorTiming/Legacy/UI/UI_WeaponTip.cs
dd02dea9e5091f34fbeb5a9890fadd72,Assets/Art/Image/Scene/B1/a2/c/a2草动_06.png,Assets/Game/ColorTiming/Art/Image/Scene/B1/a2/c/a2草动_06.png
dd196d097a6158441a13b3b05a2bb9cb,Assets/Art/Image/Hero/Sequence/jiandao/gongji/绿色剪刀攻击_0011.png,Assets/Game/ColorTiming/Art/Image/Hero/Sequence/jiandao/gongji/绿色剪刀攻击_0011.png
dd4b58642b1432642bb8c3f23aeb3583,Assets/Art/Image/Weapon/Tip2/提示圈-第二章_0027.png,Assets/Game/ColorTiming/Art/Image/Weapon/Tip2/提示圈-第二章_0027.png
dd57b9456b312b0408d01de99c831c80,Assets/Art/Image/Scene/B1/a1/a1待_21.png,Assets/Game/ColorTiming/Art/Image/Scene/B1/a1/a1待_21.png
dd87d91506e272e47acf9973e5dab8c6,Assets/Art/Image/Hero/Sequence/Chuizi/Gongji/Hong/原地蓄力完成（红）_0000.png,Assets/Game/ColorTiming/Art/Image/Hero/Sequence/Chuizi/Gongji/Hong/原地蓄力完成（红）_0000.png
ddb0e27aa2258854a8d171196f395b87,Assets/Plugins/Spine/Runtime,Assets/Plugins/Spine/Runtime
ddb54aa2957b17548b31eecd0855ef86,Assets/Art/Image/Hero/Sequence/feiji/yidong,Assets/Game/ColorTiming/Art/Image/Hero/Sequence/feiji/yidong
de051a44df7326d44b899734decefb12,Assets/Art/Image/Scene/B1/a4/c/a4草动_27.png,Assets/Game/ColorTiming/Art/Image/Scene/B1/a4/c/a4草动_27.png
de1a4f5ad4bdf1a4ea072c4d59ba87d8,Assets/Plugins/Spine/Editor/spine-unity/Editor/GUI/icon-constraintNib.png,Assets/Plugins/Spine/Editor/spine-unity/Editor/GUI/icon-constraintNib.png
de28001d57efada46ac4234bb1c67453,Assets/Art/Image/Scene/B1/a5/dj/skeleton-animation_035.png,Assets/Game/ColorTiming/Art/Image/Scene/B1/a5/dj/skeleton-animation_035.png
de2d21f28dc67334e821561a8f50a8bd,Assets/Art/Image/Scene/B1/a3/c/a3草动_21.png,Assets/Game/ColorTiming/Art/Image/Scene/B1/a3/c/a3草动_21.png
de37262894374a645859e53dcfe503d3,Assets/Art/Image/Scene/B1/a5/c/a5草动_20.png,Assets/Game/ColorTiming/Art/Image/Scene/B1/a5/c/a5草动_20.png
de5e27c349f72624f9b688b3c83f47d4,Assets/Art/Image/Hero/Sequence/jiandao/daiji/红色剪刀待机_0007.png,Assets/Game/ColorTiming/Art/Image/Hero/Sequence/jiandao/daiji/红色剪刀待机_0007.png
dea7eea9e2598694a81044026143a081,Assets/Art/Image/Scene/B1/a6/c/a6草动_30.png,Assets/Game/ColorTiming/Art/Image/Scene/B1/a6/c/a6草动_30.png
deaf33bf1884d5142adb6517faad0ed2,Assets/Art/Image/Scene/B1/a3/dj/a3草待机_054.png,Assets/Game/ColorTiming/Art/Image/Scene/B1/a3/dj/a3草待机_054.png
dec0d9d780605944eb4514125ab6350b,Assets/Plugins/Spine/Runtime/spine-csharp/Event.cs,Assets/Plugins/Spine/Runtime/spine-csharp/Event.cs
dee7d4ff6009e0848a33f738ae423952,Assets/Art/Image/Hero/Sequence/futou/gongji/chen/橙色斧头蓄力（移动）_0009.png,Assets/Game/ColorTiming/Art/Image/Hero/Sequence/futou/gongji/chen/橙色斧头蓄力（移动）_0009.png
dee9478f6e0200c44b0e60efc5e26f80,Assets/Art/Image/Scene/B1/a5/dj/skeleton-animation_006.png,Assets/Game/ColorTiming/Art/Image/Scene/B1/a5/dj/skeleton-animation_006.png
deee23ab4aa38564ead2ac05e112c169,Assets/Plugins/Spine/Runtime/spine-unity/Shaders/Spine-Skeleton-TintBlack.shader,Assets/Plugins/Spine/Runtime/spine-unity/Shaders/Spine-Skeleton-TintBlack.shader
df07afd8e79e15e46b2a031551265984,Assets/Art/Image/Scene/B1/a4/dj/skeleton-animation_056.png,Assets/Game/ColorTiming/Art/Image/Scene/B1/a4/dj/skeleton-animation_056.png
df1027e8ef5b40c4a931be9091f966ee,Assets/Art/Image/Hero/Sequence/feiji/skill/绿色飞机爆炸_0015.png,Assets/Game/ColorTiming/Art/Image/Hero/Sequence/feiji/skill/绿色飞机爆炸_0015.png
df4167a5ba075ac42804e1d1e93ab342,Assets/Art/Image/Hero/Sequence/Dao/gongji/橙色刀攻击_0009.png,Assets/Game/ColorTiming/Art/Image/Hero/Sequence/Dao/gongji/橙色刀攻击_0009.png
df50129472122cf419fddd2df1e0f88d,Assets/Art/Image/Hero/Sequence/Chuizi/Gongji/Lv/gongji_chuizi_lv.anim,Assets/Game/ColorTiming/Art/Image/Hero/Sequence/Chuizi/Gongji/Lv/gongji_chuizi_lv.anim
df571e512311ff547863559da451a67e,Assets/Art/Image/Scene/B1/a5/dj/skeleton-animation_106.png,Assets/Game/ColorTiming/Art/Image/Scene/B1/a5/dj/skeleton-animation_106.png
df69c3970616da047948b73076dbdecd,Assets/Art/Image/Scene/B1/锤子.png,Assets/Game/ColorTiming/Art/Image/Scene/B1/锤子.png
df74684529ac2eb47adff3d821741dc6,Assets/Art/Image/Hero/Sequence/futou/gongji/chen/橙色斧头蓄力（原地）_0008.png,Assets/Game/ColorTiming/Art/Image/Hero/Sequence/futou/gongji/chen/橙色斧头蓄力（原地）_0008.png
df7787b22ff2aaa47a0c63915efa5258,Assets/Art/Image/Hero/Sequence/Chuizi/Gongji/Zi/移动蓄力完成（紫）_0002.png,Assets/Game/ColorTiming/Art/Image/Hero/Sequence/Chuizi/Gongji/Zi/移动蓄力完成（紫）_0002.png
df7f426851e3dad42a5d1a0bf0b20b61,Assets/Art/Image/Hero/Sequence/Chuizi/yidong/绿色锤子移动_0002.png,Assets/Game/ColorTiming/Art/Image/Hero/Sequence/Chuizi/yidong/绿色锤子移动_0002.png
dfa0c23fd63312b42953894ae184daf2,Assets/Art/Image/Hero/Sequence/Chuizi/Gongji/Zi/原地蓄力完成（紫）_0000.png,Assets/Game/ColorTiming/Art/Image/Hero/Sequence/Chuizi/Gongji/Zi/原地蓄力完成（紫）_0000.png
dfbff8a60058827489ae3317cccaa10b,Assets/Game/Scripts/Boss2_Controller_w.cs,Assets/Game/Scripts/ColorTiming/Legacy/Boss2_Controller_w.cs
dfc0a005fe75c474a919dd7ab2bb1949,Assets/Art/Image/Hero/Sequence/feiji/qi_feiji.anim,Assets/Game/ColorTiming/Art/Image/Hero/Sequence/feiji/qi_feiji.anim
dfc3a0edae08b444f8885442c8618f3b,Assets/Art/Image/Hero/Sequence/futou/gongji/chen/橙色斧头蓄力（移动）_0010.png,Assets/Game/ColorTiming/Art/Image/Hero/Sequence/futou/gongji/chen/橙色斧头蓄力（移动）_0010.png
dfc54d9f013104842ab9f03edc633f0e,Assets/Art/Image/Hero/Sequence/futou/daiji/红色斧头待机_0005.png,Assets/Game/ColorTiming/Art/Image/Hero/Sequence/futou/daiji/红色斧头待机_0005.png
dfc91776a3ed1d841b88ebf291fc1792,Assets/Art/Image/Hero/Sequence/Dao/daiji/绿色刀待机_0002.png,Assets/Game/ColorTiming/Art/Image/Hero/Sequence/Dao/daiji/绿色刀待机_0002.png
dfcf71a5fd0d7a042b638abfdbd8c5da,Assets/Art/Image/Hero/Sequence/Shouji/受击时震动_0000.png,Assets/Game/ColorTiming/Art/Image/Hero/Sequence/Shouji/受击时震动_0000.png
dfdd78a071ca1a04bb64c6cc41e14aa0,Assets/Plugins/Spine/Runtime/spine-unity/Deprecated/SlotBlendModes,Assets/Plugins/Spine/Runtime/spine-unity/Deprecated/SlotBlendModes
dfeaf94a6aa79bb45b4df7c64e28ab4e,Assets/Art/Sound/boss_jab_needle.WAV,Assets/Game/ColorTiming/Art/Sound/boss_jab_needle.WAV
dffa96bd9c55cdb4796e3bcc158df049,Assets/Art/Image/Scene/B1/a5/c/a5草动_47.png,Assets/Game/ColorTiming/Art/Image/Scene/B1/a5/c/a5草动_47.png
e01385f309fea2841a4b629530949fc9,Assets/Art/Image/Scene/B1/a1/a1待_63.png,Assets/Game/ColorTiming/Art/Image/Scene/B1/a1/a1待_63.png
e01998621268377478aca4971eebaeb2,Assets/Art/Image/Hero/Sequence/Zhadan/gongji/gongji_zhadan_lv.anim,Assets/Game/ColorTiming/Art/Image/Hero/Sequence/Zhadan/gongji/gongji_zhadan_lv.anim
e01f1b8b095e5dd478697f0dcf49fbba,Assets/Art/Sound/disarm_weapon.wav,Assets/Game/ColorTiming/Art/Sound/disarm_weapon.wav
e02b3eee6ebe36e4e829b90cab7d3658,Assets/Art/Image/Weapon/锤2亮.png,Assets/Game/ColorTiming/Art/Image/Weapon/锤2亮.png
e0395aaa726b29645bc006d6b6bf7695,Assets/Art/Image/Hero/Sequence/feiji/skill/紫色飞机爆炸_0012.png,Assets/Game/ColorTiming/Art/Image/Hero/Sequence/feiji/skill/紫色飞机爆炸_0012.png
e03d60c517d9b974db35b9fd144a1d09,Assets/Plugins/Spine/Runtime/spine-csharp/AnimationStateData.cs,Assets/Plugins/Spine/Runtime/spine-csharp/AnimationStateData.cs
e0511183ed3be8344860ed4ba1a8d98e,Assets/Art/Image/Scene/B1/a6/dj/a6草待机_012.png,Assets/Game/ColorTiming/Art/Image/Scene/B1/a6/dj/a6草待机_012.png
e059614e32701d9459e1bd759a07a708,Assets/Art/Image/UI_Set/返回（正常）.png,Assets/Game/ColorTiming/Art/Image/UI_Set/返回（正常）.png
e060ad6444d9f2c46acf7f6b8bcb1cc6,Assets/Art/Image/Weapon/Tip2/提示圈-第二章_0031.png,Assets/Game/ColorTiming/Art/Image/Weapon/Tip2/提示圈-第二章_0031.png
e073d4cda89151b408af5ad524c2a5c2,Assets/Art/Image/Hero/Sequence/Siwang/被击杀后_0009.png,Assets/Game/ColorTiming/Art/Image/Hero/Sequence/Siwang/被击杀后_0009.png
e075b9a3e08e2f74fbd651c858ab16ed,Assets/Plugins/Spine/Runtime/spine-unity/Components/SkeletonRenderer.cs,Assets/Plugins/Spine/Runtime/spine-unity/Components/SkeletonRenderer.cs
e086e8a3f4aa0a944a312466599486b0,Assets/Art/Image/Hero/Sequence/feiji/gongji/绿色飞机投掷_0004.png,Assets/Game/ColorTiming/Art/Image/Hero/Sequence/feiji/gongji/绿色飞机投掷_0004.png
e089ed1232b7cd34fafab0eecab65993,Assets/Art/Image/Scene/B1/a5/dj/skeleton-animation_081.png,Assets/Game/ColorTiming/Art/Image/Scene/B1/a5/dj/skeleton-animation_081.png
e08afe8aa53125d4bba7b70c96c0c1f9,Assets/Art/Image/Hero/Sequence/jiandao/gongji/紫色剪刀攻击_0019.png,Assets/Game/ColorTiming/Art/Image/Hero/Sequence/jiandao/gongji/紫色剪刀攻击_0019.png
e08e1b799f3ac544688c8eb366eaa94d,Assets/Art/Image/Hero/Sequence/Chuizi/Daiji/紫色锤子待机_0007.png,Assets/Game/ColorTiming/Art/Image/Hero/Sequence/Chuizi/Daiji/紫色锤子待机_0007.png
e09953211b012cc4e8ffa9ba65d9031f,Assets/Art/Image/Hero/Sequence/feiji/gongji/橙色飞机投掷_0007.png,Assets/Game/ColorTiming/Art/Image/Hero/Sequence/feiji/gongji/橙色飞机投掷_0007.png
e0d85291264f06d4a8bc63b9448589e6,Assets/Art/Image/Hero/Sequence/futou/gongji/chen/橙色斧头蓄力（移动）_0017.png,Assets/Game/ColorTiming/Art/Image/Hero/Sequence/futou/gongji/chen/橙色斧头蓄力（移动）_0017.png
e0df601fe11a05e4cb84ac87609daa27,Assets/Art/Image/Hero/Sequence/Chuizi/Gongji/Hong/原地蓄力（红）_0000.png,Assets/Game/ColorTiming/Art/Image/Hero/Sequence/Chuizi/Gongji/Hong/原地蓄力（红）_0000.png
e0f072e011f7fa04c850703ecde35393,Assets/Art/Image/Hero/Sequence/Chuizi/Gongji/Zi/移动蓄力（紫）_0017.png,Assets/Game/ColorTiming/Art/Image/Hero/Sequence/Chuizi/Gongji/Zi/移动蓄力（紫）_0017.png
e0f4d44f86c56fb43808df76c995aabd,Assets/Art/Image/Hero/Sequence/feiji/skill/橙色飞机爆炸_0001.png,Assets/Game/ColorTiming/Art/Image/Hero/Sequence/feiji/skill/橙色飞机爆炸_0001.png
e10f5ac96361e3e478cfd32349d25368,Assets/Art/Image/Scene/B1/a2/c/a2草动_18.png,Assets/Game/ColorTiming/Art/Image/Scene/B1/a2/c/a2草动_18.png
e131f04058291d146a6e5b8626ed3186,Assets/Art/Image/Hero/Sequence/Yidong/Beimian/绿色移动（背面）_0003.png,Assets/Game/ColorTiming/Art/Image/Hero/Sequence/Yidong/Beimian/绿色移动（背面）_0003.png
e158cbe58baa093438feb3d691f3daba,Assets/Plugins/Spine/Runtime/spine-unity/Shaders/Outline/Spine-Skeleton-Fill-Outline.shader,Assets/Plugins/Spine/Runtime/spine-unity/Shaders/Outline/Spine-Skeleton-Fill-Outline.shader
e180af445862c094cbe45876c6277786,Assets/Art/Image/Hero/Sequence/futou/gongji/zhi/紫色斧头蓄力（原地）_0010.png,Assets/Game/ColorTiming/Art/Image/Hero/Sequence/futou/gongji/zhi/紫色斧头蓄力（原地）_0010.png
e1843f798637a1544807ceea496cdf3f,Assets/Art/Image/Scene/B1/a6/dj/a6草待机_028.png,Assets/Game/ColorTiming/Art/Image/Scene/B1/a6/dj/a6草待机_028.png
e1988db6883db064a91020cd856261bc,Assets/Art/Image/Hero/Sequence/Shouji/受击动画_0000.png,Assets/Game/ColorTiming/Art/Image/Hero/Sequence/Shouji/受击动画_0000.png
e1b06b20f6071bf4094113c474eb2661,Assets/Art/Image/Hero/Sequence/Zhadan/yidong/yidong_zhadan_zi.anim,Assets/Game/ColorTiming/Art/Image/Hero/Sequence/Zhadan/yidong/yidong_zhadan_zi.anim
e1becd2898b46f541883405e9676ad86,Assets/Art/Image/Scene/B1/a4/dj/skeleton-animation_081.png,Assets/Game/ColorTiming/Art/Image/Scene/B1/a4/dj/skeleton-animation_081.png
e1d29235820a07a4fa132c3736a40942,Assets/Art/Image/Scene/B1/a5/dj/skeleton-animation_012.png,Assets/Game/ColorTiming/Art/Image/Scene/B1/a5/dj/skeleton-animation_012.png
e1de23de2025abe4a84ff2edd3f24491,Assets/Plugins/Spine/Runtime/spine-unity/Shaders/Sprite/CGIncludes/ShaderMaths.cginc,Assets/Plugins/Spine/Runtime/spine-unity/Shaders/Sprite/CGIncludes/ShaderMaths.cginc
e1f35d7cc947f6849b0436a0a3762ffe,Assets/Art/Image/Hero/Sequence/Zhadan/gongji/投掷（绿）_0003.png,Assets/Game/ColorTiming/Art/Image/Hero/Sequence/Zhadan/gongji/投掷（绿）_0003.png
e1f83cb4f96843b4fac5f8833a6c6e4e,Assets/Art/Image/Hero/Sequence/jiandao/gongji/绿色剪刀攻击_0010.png,Assets/Game/ColorTiming/Art/Image/Hero/Sequence/jiandao/gongji/绿色剪刀攻击_0010.png
e1fa3c079e741f84dac360a9ce5c67af,Assets/Art/Image/Weapon/飞机1.png,Assets/Game/ColorTiming/Art/Image/Weapon/飞机1.png
e1ff89d8fd9c7bb41969790e81238696,Assets/Art/Image/Boss/Spine2,Assets/Game/ColorTiming/Art/Image/Boss/Spine2
e200fcd4d7dd18b4ea47a1dec39853ef,Assets/Art/Image/Hero/Sequence/feiji/skill/橙色飞机爆炸_0019.png,Assets/Game/ColorTiming/Art/Image/Hero/Sequence/feiji/skill/橙色飞机爆炸_0019.png
e20718086dbf9d347afe6cd5fb64de60,Assets/Art/Image/Hero/Sequence/Siwang/被击杀后_0019.png,Assets/Game/ColorTiming/Art/Image/Hero/Sequence/Siwang/被击杀后_0019.png
e208e63f1c677de42b45ae47295f8c75,Assets/Art/Image/Weapon/Tip1/提示圈-第一章_0035.png,Assets/Game/ColorTiming/Art/Image/Weapon/Tip1/提示圈-第一章_0035.png
e2220d5b73fded54ea589feb5f6635b4,Assets/Art/Image/Hero/Sequence/Siwang/被击杀后_0033.png,Assets/Game/ColorTiming/Art/Image/Hero/Sequence/Siwang/被击杀后_0033.png
e24499bd06a592a49beddf1b9fca7fb4,Assets/Art/Image/Weapon/刀3.png,Assets/Game/ColorTiming/Art/Image/Weapon/刀3.png
e2768a61812395441aaaa5b8ddb450ca,Assets/Art/Image/Scene/B1/a3/c/a3草动_03.png,Assets/Game/ColorTiming/Art/Image/Scene/B1/a3/c/a3草动_03.png
e285d3d2a992fa4419239556aaffc89b,Assets/Art/Image/Hero/Sequence/Chuizi/Gongji/Hong/锤子攻击（红）_0010.png,Assets/Game/ColorTiming/Art/Image/Hero/Sequence/Chuizi/Gongji/Hong/锤子攻击（红）_0010.png
e29a48da15d4ee94eb3d85f738b32eff,Assets/Art/Image/Scene/B1/a6/dj/a6草待机_125.png,Assets/Game/ColorTiming/Art/Image/Scene/B1/a6/dj/a6草待机_125.png
e2a501ef56cf0c746b457ba514af42a9,Assets/Art/Image/Hero/Sequence/futou/gongji/chen/橙色斧头蓄力（原地）_0010.png,Assets/Game/ColorTiming/Art/Image/Hero/Sequence/futou/gongji/chen/橙色斧头蓄力（原地）_0010.png
e2c6698bd74a1ed4eb2bf353afc70faf,Assets/Art/Image/Scene/B1/a3/c/a3草动_10.png,Assets/Game/ColorTiming/Art/Image/Scene/B1/a3/c/a3草动_10.png
e2d3a21ed441ca74da0ca02788583973,Assets/Art/Image/Scene/B1/a4/dj/skeleton-animation_115.png,Assets/Game/ColorTiming/Art/Image/Scene/B1/a4/dj/skeleton-animation_115.png
e2e402da2aa4212429c4880bcc4f1039,Assets/Art/Image/Hero/Sequence/futou/gongji/chen/橙色斧头蓄力完成（移动）_0004.png,Assets/Game/ColorTiming/Art/Image/Hero/Sequence/futou/gongji/chen/橙色斧头蓄力完成（移动）_0004.png
e31c59df140a6a040b70fb18f687a7b4,Assets/Art/Image/Hero/Sequence/futou/gongji/chen/橙色斧头蓄力（原地）_0015.png,Assets/Game/ColorTiming/Art/Image/Hero/Sequence/futou/gongji/chen/橙色斧头蓄力（原地）_0015.png
e32663fae73001a46b222c6ee1f60fba,Assets/Art/Image/Boss/Spine2/BOSS拆分.json,Assets/Game/ColorTiming/Art/Image/Boss/Spine2/BOSS拆分.json
e33e409f49dd2d24e9bbf68fa55c3ed8,Assets/Art/Image/Scene/B1/a3/dj/a3草待机_103.png,Assets/Game/ColorTiming/Art/Image/Scene/B1/a3/dj/a3草待机_103.png
e3460c754130fc249a0d775a4be0c9c4,Assets/Art/Image/Hero/Sequence/futou/gongji/lv/绿色斧头蓄力完成（移动）_0001.png,Assets/Game/ColorTiming/Art/Image/Hero/Sequence/futou/gongji/lv/绿色斧头蓄力完成（移动）_0001.png
e35a437b4c35a17419d661ad208ccaf4,Assets/Art/Image/Scene/B1/a4/c/a4草动_67.png,Assets/Game/ColorTiming/Art/Image/Scene/B1/a4/c/a4草动_67.png
e37ac4059f18a704badb91ac1a4709fa,Assets/Art/Image/Hero/Sequence/jiandao/gongji/Skill/剪刀命中特效2_0000.png,Assets/Game/ColorTiming/Art/Image/Hero/Sequence/jiandao/gongji/Skill/剪刀命中特效2_0000.png
e3acf0aeee794d54289dadc76ce0632e,Assets/Art/Image/Hero/Sequence/Chuizi/Gongji/Lv/原地蓄力（绿）_0016.png,Assets/Game/ColorTiming/Art/Image/Hero/Sequence/Chuizi/Gongji/Lv/原地蓄力（绿）_0016.png
e3cc574260c6da94c93f696d7110b78c,Assets/Art/Image/UI_ESC/进入下一关（悬停）.png,Assets/Game/ColorTiming/Art/Image/UI_ESC/进入下一关（悬停）.png
e3f70bd5e64c99e4f8e5d2211ca8ed88,Assets/Art/Image/Hero/Sequence/futou/daiji/绿色斧头待机_0009.png,Assets/Game/ColorTiming/Art/Image/Hero/Sequence/futou/daiji/绿色斧头待机_0009.png
e40c5e6735196294c9f066eceb56687c,Assets/Art/Image/Hero/Sequence/Zhadan/daiji/紫色炸弹待机_0010.png,Assets/Game/ColorTiming/Art/Image/Hero/Sequence/Zhadan/daiji/紫色炸弹待机_0010.png
e43e5b08fff46e64784e26cd8b3b2a26,Assets/Art/Image/Hero/Sequence/jiandao/gongji/Skill/剪刀命中特效2_0001.png,Assets/Game/ColorTiming/Art/Image/Hero/Sequence/jiandao/gongji/Skill/剪刀命中特效2_0001.png
e4439b13dd8d95146805e26e1f89edeb,Assets/Art/Image/Hero/Sequence/jiandao/gongji/Skill,Assets/Game/ColorTiming/Art/Image/Hero/Sequence/jiandao/gongji/Skill
e44d68f9cc5c29c46a78643164c3445e,Assets/Game/Scripts/Skill/skill_base_randomHit.cs,Assets/Game/Scripts/ColorTiming/Legacy/Skill/skill_base_randomHit.cs
e461c1cb374e43b4586b075d1cc2bcd4,Assets/Art/Image/Hero/Sequence/Chuizi/Gongji/Zi/原地蓄力（紫）_0012.png,Assets/Game/ColorTiming/Art/Image/Hero/Sequence/Chuizi/Gongji/Zi/原地蓄力（紫）_0012.png
e46fe063b8a07444d990d217abe44e85,Assets/Art/Image/Hero/Sequence/Chuizi/Gongji/Lv/移动蓄力（绿）_0012.png,Assets/Game/ColorTiming/Art/Image/Hero/Sequence/Chuizi/Gongji/Lv/移动蓄力（绿）_0012.png
e472a5f8619cf4a46850ffe2d021083b,Assets/Art/Image/Hero/Sequence/feiji/gongji/绿色飞机投掷_0015.png,Assets/Game/ColorTiming/Art/Image/Hero/Sequence/feiji/gongji/绿色飞机投掷_0015.png
e4836100aed984c4a9af11d39c63cb6b,Assets/Plugins/Spine/Editor/spine-unity/Editor/Components/SkeletonRootMotionInspector.cs,Assets/Plugins/Spine/Editor/spine-unity/Editor/Components/SkeletonRootMotionInspector.cs
e494cefd26bfbff4db178b0effec86ea,Assets/Art/Image/Hero/Sequence/feiji/skill/橙色飞机爆炸_0022.png,Assets/Game/ColorTiming/Art/Image/Hero/Sequence/feiji/skill/橙色飞机爆炸_0022.png
e49a44007d0e7ec48949bed0bac73ebe,Assets/Art/Image/Hero/Sequence/Chuizi/Gongji/Hong/锤子攻击（红）_0015.png,Assets/Game/ColorTiming/Art/Image/Hero/Sequence/Chuizi/Gongji/Hong/锤子攻击（红）_0015.png
e49cc9868ec947249b7356a37f4e7d97,Assets/Art/Image/Hero/Sequence/feiji/gongji/橙色飞机投掷_0015.png,Assets/Game/ColorTiming/Art/Image/Hero/Sequence/feiji/gongji/橙色飞机投掷_0015.png
e4a77f9f1fcbc9b478dbf0b67b74adae,Assets/Art/Image/ui/锤子操作提示.png,Assets/Game/ColorTiming/Art/Image/ui/锤子操作提示.png
e4a9d4078bbe56e47b7e9809b4a626a3,Assets/Art/Image/Hero/Sequence/feiji/skill/绿色飞机爆炸_0011.png,Assets/Game/ColorTiming/Art/Image/Hero/Sequence/feiji/skill/绿色飞机爆炸_0011.png
e4d7ee77696e4ea4f861bf72c64342d7,Assets/Art/Image/Hero/Sequence/Dao/gongji/gongji_dao_zhi.anim,Assets/Game/ColorTiming/Art/Image/Hero/Sequence/Dao/gongji/gongji_dao_zhi.anim
e4d9a8252a0191b46ae997da33697ab8,Assets/Art/Image/Hero/Sequence/jiandao/yidong/红色剪刀移动_0005.png,Assets/Game/ColorTiming/Art/Image/Hero/Sequence/jiandao/yidong/红色剪刀移动_0005.png
e5035f6785d9d994e851597b0f671607,Assets/Art/Image/Hero/Sequence/Yidong/Beimian,Assets/Game/ColorTiming/Art/Image/Hero/Sequence/Yidong/Beimian
e5037386a766f864b8da033828084fab,Assets/Art/Image/Weapon/Tip2/提示圈-第二章_0033.png,Assets/Game/ColorTiming/Art/Image/Weapon/Tip2/提示圈-第二章_0033.png
e5156b60b982c4f44bce315a457151f1,Assets/Art/Image/Hero/Sequence/futou/gongji/chen/橙色斧头蓄力（原地）_0007.png,Assets/Game/ColorTiming/Art/Image/Hero/Sequence/futou/gongji/chen/橙色斧头蓄力（原地）_0007.png
e51e209b9b3f05f45bbad35c08192c02,Assets/Art/Image/Scene/B1/a2/c/a2草动_15.png,Assets/Game/ColorTiming/Art/Image/Scene/B1/a2/c/a2草动_15.png
e53827e0e12a07147b489d9075fddcf5,Assets/Art/Image/Hero/Sequence/Chuizi/Gongji/Zi/xuli_yu_zi.anim,Assets/Game/ColorTiming/Art/Image/Hero/Sequence/Chuizi/Gongji/Zi/xuli_yu_zi.anim
e53d54b8db5b46341869698aa6c4731f,Assets/Art/Image/Boss/Skill5/尖刺特效_07.png,Assets/Game/ColorTiming/Art/Image/Boss/Skill5/尖刺特效_07.png
e55f80aef76fcfd47865c1d6cda561ff,Assets/Art/Image/Hero/Sequence/futou/gongji/chen/橙色斧头蓄力（移动）_0003.png,Assets/Game/ColorTiming/Art/Image/Hero/Sequence/futou/gongji/chen/橙色斧头蓄力（移动）_0003.png
e56235043a29c494bb481465c58fb7b4,Assets/Art/Image/Hero/Sequence/futou/daiji/绿色斧头待机_0010.png,Assets/Game/ColorTiming/Art/Image/Hero/Sequence/futou/daiji/绿色斧头待机_0010.png
e56eb890b284b234f8209f4ebac28586,Assets/Game/Prefba/sk_Boss2_atk2_s.prefab,Assets/Game/Prefabs/Entity/ColorTiming/sk_Boss2_atk2_s.prefab
e57a52cb23d88534d8b0c5c2b8adc6f3,Assets/Art/Image/Hero/Sequence/feiji/skill/紫色飞机爆炸_0016.png,Assets/Game/ColorTiming/Art/Image/Hero/Sequence/feiji/skill/紫色飞机爆炸_0016.png
e57e5548cca05c84f9471972e813696a,Assets/Art/Image/Hero/Sequence/Chuizi/Gongji/Zi/攻击动作（紫）_0011.png,Assets/Game/ColorTiming/Art/Image/Hero/Sequence/Chuizi/Gongji/Zi/攻击动作（紫）_0011.png
e5814e8510dddf245b8ade03df79e9b5,Assets/Art/Image/Hero/Sequence/Zhadan/daiji/绿色炸弹待机_0005.png,Assets/Game/ColorTiming/Art/Image/Hero/Sequence/Zhadan/daiji/绿色炸弹待机_0005.png
e58ed635848adfa499044da8c9564978,Assets/Art/Image/Hero/Sequence/jiandao/daiji/紫色剪刀待机_0004.png,Assets/Game/ColorTiming/Art/Image/Hero/Sequence/jiandao/daiji/紫色剪刀待机_0004.png
e590eb9fa805e0b4c970ebfb61e0f089,Assets/Art/Image/Scene/B1/a4/dj/skeleton-animation_094.png,Assets/Game/ColorTiming/Art/Image/Scene/B1/a4/dj/skeleton-animation_094.png
e5972142cef497442a0128ca9e99ed9f,Assets/Art/Image/Scene/B1/a1/a1待_30.png,Assets/Game/ColorTiming/Art/Image/Scene/B1/a1/a1待_30.png
e59f4e0e50fb2084c925394fdb095fb1,Assets/Art/Image/Hero/Sequence/Chuizi/Daiji/daiji_cuizi_lv.anim,Assets/Game/ColorTiming/Art/Image/Hero/Sequence/Chuizi/Daiji/daiji_cuizi_lv.anim
e5b12dcecd29c4e498c1809dd5c0813a,Assets/Game/Prefba/Scene,Assets/Game/Prefabs/World/ColorTiming
e5dc32d97fa489848afbef32e03ca3ea,Assets/Art/Image/Hero/Sequence/Dao/daiji/绿色刀待机_0010.png,Assets/Game/ColorTiming/Art/Image/Hero/Sequence/Dao/daiji/绿色刀待机_0010.png
e5de8e8e2493aa2448d300d70cc15baa,Assets/Art/Image/Hero/Sequence/feiji/skill/紫色飞机（空中）_0002.png,Assets/Game/ColorTiming/Art/Image/Hero/Sequence/feiji/skill/紫色飞机（空中）_0002.png
e5e0e6eba6c4fa24f92beb4886e2c57b,Assets/Art/Image/Hero/Sequence/futou/daiji/橙色斧头待机_0005.png,Assets/Game/ColorTiming/Art/Image/Hero/Sequence/futou/daiji/橙色斧头待机_0005.png
e6067aed617ffc941aca7e848de4b54a,Assets/Art/Image/Hero/Sequence/futou/gongji/lv/绿色斧头蓄力完成（原地）_0000.png,Assets/Game/ColorTiming/Art/Image/Hero/Sequence/futou/gongji/lv/绿色斧头蓄力完成（原地）_0000.png
e61a8d94e453ff641a7e39c4b11cac95,Assets/Plugins/Spine/Runtime/spine-unity/Shaders/Outline/BlendModes/Spine-Skeleton-PMA-Screen-Outline.shader,Assets/Plugins/Spine/Runtime/spine-unity/Shaders/Outline/BlendModes/Spine-Skeleton-PMA-Screen-Outline.shader
e626e7abf90d8264baf9fd6fd5616fc1,Assets/Art/Image/Hero/Sequence/futou/gongji/hong/红色斧头攻击_0011.png,Assets/Game/ColorTiming/Art/Image/Hero/Sequence/futou/gongji/hong/红色斧头攻击_0011.png
e63ab56019109e24d85a48f1696ef892,Assets/Art/Image/Scene/B1/a6/c/a6草动_68.png,Assets/Game/ColorTiming/Art/Image/Scene/B1/a6/c/a6草动_68.png
e64ba457496a2b949b316c444f8d668d,Assets/Art/Image/Scene/B1/a3/dj/a3草待机_086.png,Assets/Game/ColorTiming/Art/Image/Scene/B1/a3/dj/a3草待机_086.png
e64df7f3fcd48674480be0c6c144b8bc,Assets/Art/Image/Scene/B1/a5/dj/skeleton-animation_062.png,Assets/Game/ColorTiming/Art/Image/Scene/B1/a5/dj/skeleton-animation_062.png
e65a3beff601b424d8e4bda90523c1e4,Assets/Art/Image/Hero/Sequence/feiji/gongji/红色飞机投掷_0013.png,Assets/Game/ColorTiming/Art/Image/Hero/Sequence/feiji/gongji/红色飞机投掷_0013.png
e662a81675c1ff34ab5ed841ea4acc69,Assets/Art/Image/Hero/Sequence/feiji/gongji/绿色飞机投掷_0006.png,Assets/Game/ColorTiming/Art/Image/Hero/Sequence/feiji/gongji/绿色飞机投掷_0006.png
e66bf59d4beb7f5419762d4f9be6b788,Assets/Art/Image/Hero/Sequence/Dao/gongji/绿色刀攻击_0000.png,Assets/Game/ColorTiming/Art/Image/Hero/Sequence/Dao/gongji/绿色刀攻击_0000.png
e683d38852d61fb40a8c8b8120a8e479,Assets/Art/Image/Hero/Sequence/feiji/gongji/绿色飞机投掷_0012.png,Assets/Game/ColorTiming/Art/Image/Hero/Sequence/feiji/gongji/绿色飞机投掷_0012.png
e68fa8db689084946adce454b83e6d4a,Assets/Plugins/Spine/Runtime/spine-unity/Utility/MaterialChecks.cs,Assets/Plugins/Spine/Runtime/spine-unity/Utility/MaterialChecks.cs
e6a42c9ae3da5f246b718102002515d1,Assets/Art/Image/Hero/Sequence/futou/gongji/hong,Assets/Game/ColorTiming/Art/Image/Hero/Sequence/futou/gongji/hong
e6b073f0cb413be48b219088f7c4d112,Assets/Art/Image/Hero/Sequence/Dao/daiji/紫色刀待机_0010.png,Assets/Game/ColorTiming/Art/Image/Hero/Sequence/Dao/daiji/紫色刀待机_0010.png
e6be3b0e4ca02f54d9e33d63245f763d,Assets/Art/Image/Weapon/刀1.png,Assets/Game/ColorTiming/Art/Image/Weapon/刀1.png
e6d34a614edda4841892ac6169c11d84,Assets/Art/Image/Scene/B1/a5/c/a5草动_23.png,Assets/Game/ColorTiming/Art/Image/Scene/B1/a5/c/a5草动_23.png
e6d84e80d1c9a064da0be5c9c58d90cb,Assets/Art/Image/Hero/Sequence/Zhadan/skill/爆炸特效（红）_0004.png,Assets/Game/ColorTiming/Art/Image/Hero/Sequence/Zhadan/skill/爆炸特效（红）_0004.png
e6da1d00c3208ee47bd1b04ee3a96110,Assets/Art/Image/Scene/B1/a4/dj/skeleton-animation_085.png,Assets/Game/ColorTiming/Art/Image/Scene/B1/a4/dj/skeleton-animation_085.png
e6daa06dec6f09e42918cb310d31f875,Assets/Art/Image/Scene/B1/a3/dj/a3草待机_122.png,Assets/Game/ColorTiming/Art/Image/Scene/B1/a3/dj/a3草待机_122.png
e707e9bda8a7d974983c1947d258f49f,Assets/Art/Image/Scene/B1/a2/dj/a2草待机_44.png,Assets/Game/ColorTiming/Art/Image/Scene/B1/a2/dj/a2草待机_44.png
e70872d7a0af1904585efa29030c3bef,Assets/Art/Image/Scene/B1/a4/dj/skeleton-animation_057.png,Assets/Game/ColorTiming/Art/Image/Scene/B1/a4/dj/skeleton-animation_057.png
e70d3026a0242e5418232b2015be29f7,Assets/Plugins/Spine/Runtime/spine-unity/Modules/TK2D,Assets/Plugins/Spine/Runtime/spine-unity/Modules/TK2D
e70f7f2a241d6d34aafd6a4a52a368d0,Assets/Plugins/Spine/Editor/spine-unity/Editor/Components/SkeletonRendererCustomMaterialsInspector.cs,Assets/Plugins/Spine/Editor/spine-unity/Editor/Components/SkeletonRendererCustomMaterialsInspector.cs
e71462eb7763f1e4aa290264fddc235e,Assets/Art/Image/Scene/B1/a6/dj/a6草待机_089.png,Assets/Game/ColorTiming/Art/Image/Scene/B1/a6/dj/a6草待机_089.png
e724722cc4e342149ba206c90f0dc508,Assets/Art/Image/Hero/Sequence/futou/gongji/hong/xuli_do_f_hong.anim,Assets/Game/ColorTiming/Art/Image/Hero/Sequence/futou/gongji/hong/xuli_do_f_hong.anim
e724cdf4649bc594c8f5c05d3868b584,Assets/Art/Image/Scene/B2/cao/C2.png,Assets/Game/ColorTiming/Art/Image/Scene/B2/cao/C2.png
e7342a885e0bf684fb76f137a65cda22,Assets/Art/Image/UI_ESC/进入下一关（按下）.png,Assets/Game/ColorTiming/Art/Image/UI_ESC/进入下一关（按下）.png
e738d52e1520623488ec643a9d86b00a,Assets/Art/Image/Scene/B1/a4/dj/skeleton-animation_049.png,Assets/Game/ColorTiming/Art/Image/Scene/B1/a4/dj/skeleton-animation_049.png
e73aa7e183e6b204e98b66dc722cd171,Assets/Art/Image/UI_Set/关闭音乐（按下）.png,Assets/Game/ColorTiming/Art/Image/UI_Set/关闭音乐（按下）.png
e78cbddd7a5142d46be78b476c8e0790,Assets/Art/Image/ui/紫色飞机.png,Assets/Game/ColorTiming/Art/Image/ui/紫色飞机.png
e78e3148dbff4db42b20e3a95fecd948,Assets/Art/Image/Hero/Sequence/Zhadan/skill/空中炸弹红_0003.png,Assets/Game/ColorTiming/Art/Image/Hero/Sequence/Zhadan/skill/空中炸弹红_0003.png
e7993fea574d0ed4f84ed9796d300637,Assets/Art/Image/Scene/B1/jianci/b9.png,Assets/Game/ColorTiming/Art/Image/Scene/B1/jianci/b9.png
e7a22edc54e73cf4886d4c982a8bbe7e,Assets/Art/Image/Hero/Sequence/jiandao/daiji/绿色剪刀待机_0010.png,Assets/Game/ColorTiming/Art/Image/Hero/Sequence/jiandao/daiji/绿色剪刀待机_0010.png
e7accf6143cdc2240ac6ed69081fc3ec,Assets/Art/Image/Scene/B1/a6/c/a6草动_40.png,Assets/Game/ColorTiming/Art/Image/Scene/B1/a6/c/a6草动_40.png
e7d42597cdd95654eba02a83e502c714,Assets/Art/Image/Hero/Sequence/feiji/yidong/紫色飞机移动_0002.png,Assets/Game/ColorTiming/Art/Image/Hero/Sequence/feiji/yidong/紫色飞机移动_0002.png
e7faa2d58ba4c604eac2acc40a5fab7d,Assets/Art/Image/Scene/B1/a6/dj/a6草待机_017.png,Assets/Game/ColorTiming/Art/Image/Scene/B1/a6/dj/a6草待机_017.png
e80a0bb8827b90d4e8707e54412072ec,Assets/Art/Sound/boss_eyes_light.WAV,Assets/Game/ColorTiming/Art/Sound/boss_eyes_light.WAV
e81698656c450b34a887ca5f8cc15b81,Assets/Art/Image/Scene/B2/暗角.png,Assets/Game/ColorTiming/Art/Image/Scene/B2/暗角.png
e84a005adbbdb2d44934c25e765c462c,Assets/Art/Image/Scene/B2/层级4.png,Assets/Game/ColorTiming/Art/Image/Scene/B2/层级4.png
e8689ee18b0584a4c9e383954cf31d6a,Assets/Art/Image/Scene/B1/a5/dj/skeleton-animation_067.png,Assets/Game/ColorTiming/Art/Image/Scene/B1/a5/dj/skeleton-animation_067.png
e873b72fe2b7f68409abcae6d0aeb0fe,Assets/Art/Image/Scene/B1/a5/c/a5草动_39.png,Assets/Game/ColorTiming/Art/Image/Scene/B1/a5/c/a5草动_39.png
e883ae0239084534999abca8d7e5fb6d,Assets/Art/Image/Hero/Sequence/Dao/daiji/绿色刀待机_0001.png,Assets/Game/ColorTiming/Art/Image/Hero/Sequence/Dao/daiji/绿色刀待机_0001.png
e885e6822d3d6c84dbf7472fd28e6b5b,Assets/Art/Image/Scene/B1/a3/dj/a3草待机_121.png,Assets/Game/ColorTiming/Art/Image/Scene/B1/a3/dj/a3草待机_121.png
e89d890d4f1f40d4090002e243b2149e,Assets/Art/Image/Scene/B1/a6/dj/a6草待机_121.png,Assets/Game/ColorTiming/Art/Image/Scene/B1/a6/dj/a6草待机_121.png
e8ba7a4f16c65fe40b2c2c95ec7df64e,Assets/Art/Image/Hero/Sequence/feiji/gongji/红色飞机投掷_0006.png,Assets/Game/ColorTiming/Art/Image/Hero/Sequence/feiji/gongji/红色飞机投掷_0006.png
e8c29f56a9fe0fc459ab5bc142191c12,Assets/Art/Image/Hero/Sequence/jiandao/daiji/紫色剪刀待机_0011.png,Assets/Game/ColorTiming/Art/Image/Hero/Sequence/jiandao/daiji/紫色剪刀待机_0011.png
e8c2ce670d9ee3a42bc534c6d8344455,Assets/Art/Image/Hero/Sequence/Zhadan/skill/爆炸特效（紫）_0019.png,Assets/Game/ColorTiming/Art/Image/Hero/Sequence/Zhadan/skill/爆炸特效（紫）_0019.png
e8c87a44b93daed4383ca2ca5dfb3c43,Assets/Plugins/Spine/Runtime/spine-unity/Shaders/Outline,Assets/Plugins/Spine/Runtime/spine-unity/Shaders/Outline
e8f060df7228e0045bd7d7a3aeef125a,Assets/Art/Image/Scene/B1/a2/dj/a2草待机_67.png,Assets/Game/ColorTiming/Art/Image/Scene/B1/a2/dj/a2草待机_67.png
e8f745ca6440b1548a850d0c2b9e561a,Assets/Art/Image/Hero/Sequence/jiandao/daiji/紫色剪刀待机_0000.png,Assets/Game/ColorTiming/Art/Image/Hero/Sequence/jiandao/daiji/紫色剪刀待机_0000.png
e8fad44d9c8ae0f4f98923f5443463e9,Assets/Art/Image/Scene/B1/a6/dj/a6草待机_103.png,Assets/Game/ColorTiming/Art/Image/Scene/B1/a6/dj/a6草待机_103.png
e9008119572d90a44a62bc7b5efba51d,Assets/Art/Image/Hero/Sequence/futou/gongji/zhi/紫色斧头蓄力（原地）_0014.png,Assets/Game/ColorTiming/Art/Image/Hero/Sequence/futou/gongji/zhi/紫色斧头蓄力（原地）_0014.png
e92eb0006b847a248ba4899454592537,Assets/Art/Image/Hero/Sequence/Siwang/sc/死亡动画背景_0014.png,Assets/Game/ColorTiming/Art/Image/Hero/Sequence/Siwang/sc/死亡动画背景_0014.png
e934cfbbac773604ca4a8dc97d7cf464,Assets/Game/Scripts/CameraShow.cs,Assets/Game/Scripts/ColorTiming/Legacy/CameraShow.cs
e93e1ec5077163843a6aa3234610a043,Assets/Art/Image/Scene/B1/a4/dj/skeleton-animation_105.png,Assets/Game/ColorTiming/Art/Image/Scene/B1/a4/dj/skeleton-animation_105.png
e94dad67ace93dd47b3335d4f19412e6,Assets/Art/Image/Boss/tip/BOSS拆分_Atlas.asset,Assets/Game/ColorTiming/Art/Image/Boss/tip/BOSS拆分_Atlas.asset
e951193dc5be3fc43a00cec3bbfb286d,Assets/Art/Image/Hero/Sequence/Gongji/普攻特效_0007.png,Assets/Game/ColorTiming/Art/Image/Hero/Sequence/Gongji/普攻特效_0007.png
e9629aa2064ab634d98aafe4876ef9ab,Assets/Art/Image/Hero/Sequence/futou/gongji/hong/红色斧头蓄力（移动）_0016.png,Assets/Game/ColorTiming/Art/Image/Hero/Sequence/futou/gongji/hong/红色斧头蓄力（移动）_0016.png
e971460b0cb104b4e93d562ce1e5a48f,Assets/Art/Image/Scene/B1/a5/c/a5草动_65.png,Assets/Game/ColorTiming/Art/Image/Scene/B1/a5/c/a5草动_65.png
e98cc87ec60ea064fb5167d550ff7b8a,Assets/Art/Image/Hero/Sequence/futou/gongji/lv/绿色斧头蓄力（原地）_0001.png,Assets/Game/ColorTiming/Art/Image/Hero/Sequence/futou/gongji/lv/绿色斧头蓄力（原地）_0001.png
e9c966db6a336dd4b8084bb48a876474,Assets/Art/Image/ui,Assets/Game/ColorTiming/Art/Image/ui
e9d1299b1f2178f4eb804ddd6c881725,Assets/Art/Image/Scene/B1/a6/dj/a6草待机_092.png,Assets/Game/ColorTiming/Art/Image/Scene/B1/a6/dj/a6草待机_092.png
e9d4840d6075d6449a2660cfecad59bb,Assets/Art/Image/Hero/Sequence/futou/gongji/zhi/紫色斧头蓄力（原地）_0012.png,Assets/Game/ColorTiming/Art/Image/Hero/Sequence/futou/gongji/zhi/紫色斧头蓄力（原地）_0012.png
e9dcdb73702f5df45915ca6cf4636581,Assets/Art/Image/Boss/Spine/BOSS拆分.json,Assets/Game/ColorTiming/Art/Image/Boss/Spine/BOSS拆分.json
e9de769bbea634a4da4b0b58347e8e9a,Assets/Art/Image/Scene/B1/a3/dj/a3草待机_116.png,Assets/Game/ColorTiming/Art/Image/Scene/B1/a3/dj/a3草待机_116.png
e9e27e70c999a374e8eb7e7d792acd3e,Assets/Art/Image/Hero/Sequence/futou/gongji/hong/红色斧头攻击_0000.png,Assets/Game/ColorTiming/Art/Image/Hero/Sequence/futou/gongji/hong/红色斧头攻击_0000.png
e9f708f63fd904a4eba74ffb1e10debe,Assets/Art/Image/Hero/Sequence/feiji/daiji/daiji_feiji_lv.anim,Assets/Game/ColorTiming/Art/Image/Hero/Sequence/feiji/daiji/daiji_feiji_lv.anim
ea024657e3db6d54e9f6a82e9d2c020d,Assets/Art/Image/Hero/Sequence/feiji/skill/橙色飞机爆炸_0015.png,Assets/Game/ColorTiming/Art/Image/Hero/Sequence/feiji/skill/橙色飞机爆炸_0015.png
ea1957609aa493a429ae906520b50788,Assets/Art/Image/Scene/B1/a4/dj/skeleton-animation_026.png,Assets/Game/ColorTiming/Art/Image/Scene/B1/a4/dj/skeleton-animation_026.png
ea1cde545d433fc458c791a9d523da0d,Assets/Art/Image/Hero/Sequence/futou/gongji/hong/xuliw_yu_f_hong.anim,Assets/Game/ColorTiming/Art/Image/Hero/Sequence/futou/gongji/hong/xuliw_yu_f_hong.anim
ea1d36db5efd9db41bbf2795b4fd0f5a,Assets/Art/Image/Hero/Sequence/Siwang/被击杀时的震动_0005.png,Assets/Game/ColorTiming/Art/Image/Hero/Sequence/Siwang/被击杀时的震动_0005.png
ea6fb2456808e4546b04cd40fd26ea6f,Assets/Art/Image/Scene/B1/a5/dj/skeleton-animation_072.png,Assets/Game/ColorTiming/Art/Image/Scene/B1/a5/dj/skeleton-animation_072.png
ea725e0b4efb4574aa2ebd0d91d21bc3,Assets/Art/Image/Hero/Sequence/futou/gongji/zhi/紫色斧头攻击_0006.png,Assets/Game/ColorTiming/Art/Image/Hero/Sequence/futou/gongji/zhi/紫色斧头攻击_0006.png
ea7e7c05f36541b4bb280f98ebda8ba1,Assets/Plugins/Spine/Runtime/spine-unity/Shaders/Spine-Special-Skeleton-Grayscale.shader,Assets/Plugins/Spine/Runtime/spine-unity/Shaders/Spine-Special-Skeleton-Grayscale.shader
ea85c8f6a91a6ab45881b0dbdaabb7d0,Assets/Plugins/Spine/Runtime/spine-unity/Utility/SkeletonExtensions.cs,Assets/Plugins/Spine/Runtime/spine-unity/Utility/SkeletonExtensions.cs
ea86a93bc9408234a9299c0692a56538,Assets/Art/Image/Hero/Sequence/Chuizi/Gongji/Lv/移动蓄力（绿）_0011.png,Assets/Game/ColorTiming/Art/Image/Hero/Sequence/Chuizi/Gongji/Lv/移动蓄力（绿）_0011.png
ea9878606dccf154b801ea9387931eaa,Assets/Art/Image/Hero/Sequence/futou/gongji/lv/绿色斧头蓄力（移动）_0005.png,Assets/Game/ColorTiming/Art/Image/Hero/Sequence/futou/gongji/lv/绿色斧头蓄力（移动）_0005.png
ea99c0be627bc7348b48780f16f2d917,Assets/Art/Image/Scene/B1/a5/dj/skeleton-animation_087.png,Assets/Game/ColorTiming/Art/Image/Scene/B1/a5/dj/skeleton-animation_087.png
eaa9c82da597a024db202c2209e29184,Assets/Art/Image/Hero/Sequence/Dao/gongji/红色刀攻击_0012.png,Assets/Game/ColorTiming/Art/Image/Hero/Sequence/Dao/gongji/红色刀攻击_0012.png
eab334d958ae4474eb225cbcb3d28ea6,Assets/Art/Image/Scene/B1/a6/c/a6草动_70.png,Assets/Game/ColorTiming/Art/Image/Scene/B1/a6/c/a6草动_70.png
eab7b899216c72b4695abb5351f538c5,Assets/Art/Image/Hero/Sequence/Shouji/受击动画_0006.png,Assets/Game/ColorTiming/Art/Image/Hero/Sequence/Shouji/受击动画_0006.png
eac4be07f842c7e4aaa52e06073989c8,Assets/Art/Image/Hero/Sequence/Chuizi/Gongji/Lv/原地蓄力（绿）_0013.png,Assets/Game/ColorTiming/Art/Image/Hero/Sequence/Chuizi/Gongji/Lv/原地蓄力（绿）_0013.png
eadbfbba2f95ded44871ee886d392b75,Assets/Art/Image/UI_Set/开启音效（按下）.png,Assets/Game/ColorTiming/Art/Image/UI_Set/开启音效（按下）.png
eae974f3a8b8b8c408bf565e0efb9058,Assets/Art/Image/Hero/Sequence/Dao/yidong/橙色刀移动_0004.png,Assets/Game/ColorTiming/Art/Image/Hero/Sequence/Dao/yidong/橙色刀移动_0004.png
eaf6fbcfd9aa446488690e0fb811382d,Assets/Art/Image/System/tongguan.png,Assets/Game/ColorTiming/Art/Image/System/tongguan.png
eafb19b78c09b294990cc6629747e490,Assets/Art/Image/Hero/Sequence/feiji/skill/橙色飞机爆炸_0005.png,Assets/Game/ColorTiming/Art/Image/Hero/Sequence/feiji/skill/橙色飞机爆炸_0005.png
eafc66e32e514784eb2bba0092559529,Assets/Art/Image/Hero/Sequence/feiji/skill/绿色飞机爆炸_0018.png,Assets/Game/ColorTiming/Art/Image/Hero/Sequence/feiji/skill/绿色飞机爆炸_0018.png
eb06794d9626e0f469675e81e2a0979a,Assets/Art/Image/Hero/Sequence/Chuizi/yidong/yidong_cuizi_hong.anim,Assets/Game/ColorTiming/Art/Image/Hero/Sequence/Chuizi/yidong/yidong_cuizi_hong.anim
eb13f48a2bbe2974a823053d403fbca6,Assets/Art/Image/Hero/Sequence/jiandao/gongji/红色剪刀攻击_0008.png,Assets/Game/ColorTiming/Art/Image/Hero/Sequence/jiandao/gongji/红色剪刀攻击_0008.png
eb1c89d967a0e5242aaaf91e022d1997,Assets/Art/Image/Scene/B1/a1/a1待_64.png,Assets/Game/ColorTiming/Art/Image/Scene/B1/a1/a1待_64.png
eb26c9419f042ee44be1786e8f7ea092,Assets/Art/Image/Scene/B1/a6/dj/a6草待机_078.png,Assets/Game/ColorTiming/Art/Image/Scene/B1/a6/dj/a6草待机_078.png
eb2750a14d8372545be3bc4b73d17cdc,Assets/Art/Image/Scene/B1/a4/c/a4草动_46.png,Assets/Game/ColorTiming/Art/Image/Scene/B1/a4/c/a4草动_46.png
eb4ccc515d1463f409081595c693a26a,Assets/Art/Image/Scene/B1/a5/dj/skeleton-animation_039.png,Assets/Game/ColorTiming/Art/Image/Scene/B1/a5/dj/skeleton-animation_039.png
eb564d0bfeb64814b8eaeeedd6091f9e,Assets/Art/Image/Scene/B1/a4/dj/skeleton-animation_084.png,Assets/Game/ColorTiming/Art/Image/Scene/B1/a4/dj/skeleton-animation_084.png
eb646ac6e394e534b80d5cac61478488,Assets/Plugins/Spine/Editor/spine-unity/Editor/Asset Types,Assets/Plugins/Spine/Editor/spine-unity/Editor/Asset Types
eb6daa77453abd4408a3b0098453fb9f,Assets/Art/Image/Scene/B1/a4/c/a4草动_65.png,Assets/Game/ColorTiming/Art/Image/Scene/B1/a4/c/a4草动_65.png
eb74f735d7602fa4d995b1223626003f,Assets/Art/Image/Hero/Sequence/feiji/skill/紫色飞机爆炸_0004.png,Assets/Game/ColorTiming/Art/Image/Hero/Sequence/feiji/skill/紫色飞机爆炸_0004.png
eb7596b04c3a35d45908b69ee52a9ba5,Assets/Art/Image/Hero/Sequence/Zhadan/skill/爆炸特效（绿）_0008.png,Assets/Game/ColorTiming/Art/Image/Hero/Sequence/Zhadan/skill/爆炸特效（绿）_0008.png
eb879bed09b121b4a9b3008627570eef,Assets/Art/Image/Scene/B1/a5/dj/skeleton-animation_128.png,Assets/Game/ColorTiming/Art/Image/Scene/B1/a5/dj/skeleton-animation_128.png
eba9251c63dee444ab1c5595bc8a5832,Assets/Art/Image/Hero/Sequence/Zhadan/daiji/红色炸弹待机_0002.png,Assets/Game/ColorTiming/Art/Image/Hero/Sequence/Zhadan/daiji/红色炸弹待机_0002.png
ebd7510435fca71499a861bfc9f003b2,Assets/Art/Image/Hero/Sequence/feiji/skill/紫色飞机爆炸_0008.png,Assets/Game/ColorTiming/Art/Image/Hero/Sequence/feiji/skill/紫色飞机爆炸_0008.png
ebee3a1e0fc3e294081883d94fd5d5b2,Assets/Art/Image/Hero/Sequence/Chuizi/Gongji/Lv/攻击动作（绿）_0007.png,Assets/Game/ColorTiming/Art/Image/Hero/Sequence/Chuizi/Gongji/Lv/攻击动作（绿）_0007.png
ebf1df3bef2011b4a834bcb7ebb55a9a,Assets/Art/Image/Scene/B1/a4/c/a4草动_32.png,Assets/Game/ColorTiming/Art/Image/Scene/B1/a4/c/a4草动_32.png
ec00f6f7a7bb58a4581e491ebedb4139,Assets/Art/Image/Scene/B1/a4/c/a4草动_34.png,Assets/Game/ColorTiming/Art/Image/Scene/B1/a4/c/a4草动_34.png
ec05cbc36f9e0a0468f1a63f65fb6c27,Assets/Art/Image/Weapon/Tip1/提示圈-第一章_0031.png,Assets/Game/ColorTiming/Art/Image/Weapon/Tip1/提示圈-第一章_0031.png
ec2db86c9085bdb4da90b6ffd48afb1b,Assets/Art/Image/Hero/Sequence/Chuizi/Gongji/Zi/原地蓄力（紫）_0001.png,Assets/Game/ColorTiming/Art/Image/Hero/Sequence/Chuizi/Gongji/Zi/原地蓄力（紫）_0001.png
ec2f0e7143c8a174994595883f4b1e33,Assets/Plugins/Spine/Runtime/spine-csharp/AnimationState.cs,Assets/Plugins/Spine/Runtime/spine-csharp/AnimationState.cs
ec33cd5619b13d4458db23153a4e1e0a,Assets/Art/Image/Scene/B1/a3/dj/a3草待机_065.png,Assets/Game/ColorTiming/Art/Image/Scene/B1/a3/dj/a3草待机_065.png
ec5a50e7ac68dc445b2c9d489ef8cf30,Assets/Game/Scripts/Skill/Skill_Nor.cs,Assets/Game/Scripts/ColorTiming/Legacy/Skill/Skill_Nor.cs
ec6d7f73e1dbb7c47968df5a3cf63861,Assets/Art/Image/Scene/B1/a4/c/a4草动_56.png,Assets/Game/ColorTiming/Art/Image/Scene/B1/a4/c/a4草动_56.png
ec7787cf6eb56414abc2b53c2231d621,Assets/Art/Image/Scene/B1/a5/dj/skeleton-animation_069.png,Assets/Game/ColorTiming/Art/Image/Scene/B1/a5/dj/skeleton-animation_069.png
ec77c6c338326a94cad3e19490168134,Assets/Art/Image/Scene/B1/a6/dj/a6草待机_052.png,Assets/Game/ColorTiming/Art/Image/Scene/B1/a6/dj/a6草待机_052.png
ecba966a453943f4bbe6d7f4ab9a0a01,Assets/Art/Image/Scene/B2/纸片3.png,Assets/Game/ColorTiming/Art/Image/Scene/B2/纸片3.png
ecbd85ff8fd703a45b5bd0842be99bba,Assets/Art/Image/Scene/B1/a3/dj/a3草待机_067.png,Assets/Game/ColorTiming/Art/Image/Scene/B1/a3/dj/a3草待机_067.png
ecc4670c77caa6f4797f890baf213553,Assets/Art/Image/Weapon/Tip1/提示圈-第一章_0038.png,Assets/Game/ColorTiming/Art/Image/Weapon/Tip1/提示圈-第一章_0038.png
eccf6dc0edbdef246871efe520e4a384,Assets/Art/Image/Hero/Sequence/Zhadan/gongji/投掷（紫）_0001.png,Assets/Game/ColorTiming/Art/Image/Hero/Sequence/Zhadan/gongji/投掷（紫）_0001.png
ecf0aa61c4ff6ca45905c997ce477b96,Assets/Art/Image/Hero/Sequence/jiandao/gongji/紫色剪刀攻击_0003.png,Assets/Game/ColorTiming/Art/Image/Hero/Sequence/jiandao/gongji/紫色剪刀攻击_0003.png
ecf48e6e6ea16024da2f104bc873e789,Assets/Art/Image/Hero/Sequence/futou/gongji/zhi/紫色斧头蓄力（原地）_0005.png,Assets/Game/ColorTiming/Art/Image/Hero/Sequence/futou/gongji/zhi/紫色斧头蓄力（原地）_0005.png
ed00e3a4b386a964fb0f1c7ffd5544e5,Assets/Plugins/Spine/Runtime/spine-csharp/Bone.cs,Assets/Plugins/Spine/Runtime/spine-csharp/Bone.cs
ed0736a1eb519ef42b4892d1db2426b3,Assets/Plugins/Spine/Editor/spine-unity/Editor/GUI/icon-constraints.png,Assets/Plugins/Spine/Editor/spine-unity/Editor/GUI/icon-constraints.png
ed099c7f9723cbe40a10e3f197c0598b,Assets/Art/Image/Scene/B1/a3/c/a3草动_44.png,Assets/Game/ColorTiming/Art/Image/Scene/B1/a3/c/a3草动_44.png
ed258493659aa7748922ebd7a65d6629,Assets/Art/Image/Boss/Spine2/BOSS拆分_Atlas.asset,Assets/Game/ColorTiming/Art/Image/Boss/Spine2/BOSS拆分_Atlas.asset
ed29896ecc26c6d40a0d3604b1c74129,Assets/Art/Image/Hero/Sequence/Dao/yidong/yidong_dao_lv.anim,Assets/Game/ColorTiming/Art/Image/Hero/Sequence/Dao/yidong/yidong_dao_lv.anim
ed311e94e977e3b48ae46c39818237dc,Assets/Art/Image/Hero/Sequence/Zhadan/yidong/红色炸弹移动_0005.png,Assets/Game/ColorTiming/Art/Image/Hero/Sequence/Zhadan/yidong/红色炸弹移动_0005.png
ed48da4528f18cd46b5d6daf08682788,Assets/Art/Image/Scene/B1/a3/dj/a3草待机_036.png,Assets/Game/ColorTiming/Art/Image/Scene/B1/a3/dj/a3草待机_036.png
ed4bdd7dbb3e90844850a4e38e5be667,Assets/Art/Image/Hero/Sequence/feiji/skill/红色飞机爆炸_0009.png,Assets/Game/ColorTiming/Art/Image/Hero/Sequence/feiji/skill/红色飞机爆炸_0009.png
ed6813788da17ec42a61f52ff2be6ea3,Assets/Art/Image/Hero/Sequence/jiandao/daiji/紫色剪刀待机_0002.png,Assets/Game/ColorTiming/Art/Image/Hero/Sequence/jiandao/daiji/紫色剪刀待机_0002.png
ed8dc1315bc941f409cd9ed908ecdaa2,Assets/Art/Image/Hero/Sequence/Siwang/被击杀后_0008.png,Assets/Game/ColorTiming/Art/Image/Hero/Sequence/Siwang/被击杀后_0008.png
eda23a8a4f557f142aa46164d0b3854e,Assets/Art/Image/Scene/B1/a2/dj/a2草待机_10.png,Assets/Game/ColorTiming/Art/Image/Scene/B1/a2/dj/a2草待机_10.png
eda4a21c2d211e34c826ce8880130c4f,Assets/Art/Image/Scene/B1/a2/c/a2草动_54.png,Assets/Game/ColorTiming/Art/Image/Scene/B1/a2/c/a2草动_54.png
edbd165b10d5d414a809bf524ec26450,Assets/Art/Image/Hero/Sequence/Zhadan/daiji/紫色炸弹待机_0000.png,Assets/Game/ColorTiming/Art/Image/Hero/Sequence/Zhadan/daiji/紫色炸弹待机_0000.png
edd2a9c6361d4a34b9ce8ef6643d36df,Assets/Art/Image/ui/戒刀操作提示.png,Assets/Game/ColorTiming/Art/Image/ui/戒刀操作提示.png
eddebe1d124bb6d4bae2d8dec09bbb4c,Assets/Art/Image/Scene/B1/a4/c/a4草动_69.png,Assets/Game/ColorTiming/Art/Image/Scene/B1/a4/c/a4草动_69.png
eded00c602171cb49b6c45e589afd9ef,Assets/Art/Image/Scene/B1/a6/dj/a6草待机_048.png,Assets/Game/ColorTiming/Art/Image/Scene/B1/a6/dj/a6草待机_048.png
ee54c30d33711c3488bf986502da4829,Assets/Art/Image/Scene/B1/a5/c/a5草动_31.png,Assets/Game/ColorTiming/Art/Image/Scene/B1/a5/c/a5草动_31.png
ee5e2984661d1874ea430447aeb98acc,Assets/Art/Image/Scene/B1/a2/dj/a2草待机_48.png,Assets/Game/ColorTiming/Art/Image/Scene/B1/a2/dj/a2草待机_48.png
ee7c07b930aaea443aef795b90f8ebdf,Assets/Art/Image/Hero/Sequence/Siwang/sc/death_sc.anim,Assets/Game/ColorTiming/Art/Image/Hero/Sequence/Siwang/sc/death_sc.anim
ee9cfd29f78ad214fb6bb48a3bad8f18,Assets/Art/Image/Scene/B1/草丛摆放图.png,Assets/Game/ColorTiming/Art/Image/Scene/B1/草丛摆放图.png
eea4cb11557456848b29f7579572f2ae,Assets/Art/Image/Hero/Sequence/futou/gongji/zhi/紫色斧头蓄力（原地）_0016.png,Assets/Game/ColorTiming/Art/Image/Hero/Sequence/futou/gongji/zhi/紫色斧头蓄力（原地）_0016.png
eed4a808c1cdd8b4db6e4f021bcd45e6,Assets/Art/Image/Hero/Sequence/Chuizi/Gongji/Zi/移动蓄力完成（紫）_0004.png,Assets/Game/ColorTiming/Art/Image/Hero/Sequence/Chuizi/Gongji/Zi/移动蓄力完成（紫）_0004.png
eee197e64f8e6914cb526923645c4c24,Assets/Art/Image/Hero/Sequence/feiji/yidong/绿色飞机移动_0004.png,Assets/Game/ColorTiming/Art/Image/Hero/Sequence/feiji/yidong/绿色飞机移动_0004.png
eeef570e291742343910d86578dab38f,Assets/Art/Image/Scene/B1/a2/dj/a2草待机_94.png,Assets/Game/ColorTiming/Art/Image/Scene/B1/a2/dj/a2草待机_94.png
ef04267ed3d81f64db30fd076d89ab9c,Assets/Art/Image/Hero/Sequence/jiandao/daiji/紫色剪刀待机_0003.png,Assets/Game/ColorTiming/Art/Image/Hero/Sequence/jiandao/daiji/紫色剪刀待机_0003.png
ef05e63a77e8ca7468051a9a6b147da8,Assets/Art/Image/Scene/B1/a3/a3_cao_dj.anim,Assets/Game/ColorTiming/Art/Image/Scene/B1/a3/a3_cao_dj.anim
ef0a58e4d6950944fad2609b191baa34,Assets/Art/Image/Weapon/炸3亮.png,Assets/Game/ColorTiming/Art/Image/Weapon/炸3亮.png
ef0f822453eb67d42b08b98e55b9765d,Assets/Art/Image/Hero/Sequence/feiji/skill/红色飞机爆炸_0002.png,Assets/Game/ColorTiming/Art/Image/Hero/Sequence/feiji/skill/红色飞机爆炸_0002.png
ef0ff8deb3a288646a1dd7243a918196,Assets/Plugins/Spine/Editor/spine-unity/Modules,Assets/Plugins/Spine/Editor/spine-unity/Modules
ef10be477063d2045ba93b80a8317b01,Assets/Art/Image/Hero/Sequence/Chuizi/yidong/红色锤子移动_0002.png,Assets/Game/ColorTiming/Art/Image/Hero/Sequence/Chuizi/yidong/红色锤子移动_0002.png
ef367ac8a5aa3dd4eb9abb6a28427a09,Assets/Art/Image/Hero/Sequence/Zhadan/skill/爆炸特效（绿）_0017.png,Assets/Game/ColorTiming/Art/Image/Hero/Sequence/Zhadan/skill/爆炸特效（绿）_0017.png
ef3909ac1847e5847b17879528fd6085,Assets/Art/Image/Hero/Sequence/futou,Assets/Game/ColorTiming/Art/Image/Hero/Sequence/futou
ef414777e1b867b43ba14713d47dd956,Assets/Art/Image/Scene/B1/a2/dj/a2草待机_33.png,Assets/Game/ColorTiming/Art/Image/Scene/B1/a2/dj/a2草待机_33.png
ef5d1c71239df0c47b1293a0c862c831,Assets/Art/Image/Weapon/Tip1/提示圈-第一章_0003.png,Assets/Game/ColorTiming/Art/Image/Weapon/Tip1/提示圈-第一章_0003.png
ef61bb046c8ba114b9bc6fa4788ad435,Assets/Art/Image/Hero/Sequence/jiandao/gongji/紫色剪刀攻击_0021.png,Assets/Game/ColorTiming/Art/Image/Hero/Sequence/jiandao/gongji/紫色剪刀攻击_0021.png
ef8189a68a74bec4eba582e65fb98dbd,Assets/Plugins/Spine/Runtime/spine-unity/Shaders,Assets/Plugins/Spine/Runtime/spine-unity/Shaders
ef942441ae8bf6d4991af9dd5aa772a5,Assets/Art/Image/Scene/B1/a2/dj/a2草待机_64.png,Assets/Game/ColorTiming/Art/Image/Scene/B1/a2/dj/a2草待机_64.png
ef9cca8e8dd785148bbd5746e1fe0f4f,Assets/Art/Image/Hero/Sequence/Dao/daiji/绿色刀待机_0009.png,Assets/Game/ColorTiming/Art/Image/Hero/Sequence/Dao/daiji/绿色刀待机_0009.png
efa48f3f1c5ea6b45884dcd5fedcdfb9,Assets/Art/Image/Scene/B1/a6/dj/a6草待机_016.png,Assets/Game/ColorTiming/Art/Image/Scene/B1/a6/dj/a6草待机_016.png
efb4ab06bca876b4085c3879cc3c6991,Assets/Art/Image/Hero/Sequence/Zhadan/skill/爆炸特效（紫）_0004.png,Assets/Game/ColorTiming/Art/Image/Hero/Sequence/Zhadan/skill/爆炸特效（紫）_0004.png
efb8b2cf67c512e4c91cae7193773ff1,Assets/Art/Image/Scene/B1/a2/c/a2草动_01.png,Assets/Game/ColorTiming/Art/Image/Scene/B1/a2/c/a2草动_01.png
efb968e085067f344b8d15e6c6b91f04,Assets/Art/Image/Hero/Sequence/Daiji/待机_0004.png,Assets/Game/ColorTiming/Art/Image/Hero/Sequence/Daiji/待机_0004.png
efbbf90926e217c40831926fce374905,Assets/Plugins/Spine/Editor/spine-unity/Editor/Shaders/SpineShaderWithOutlineGUI.cs,Assets/Plugins/Spine/Editor/spine-unity/Editor/Shaders/SpineShaderWithOutlineGUI.cs
efcc0aec7572aaa43a7b1170ae3c33f0,Assets/Art/Image/Hero/Sequence/feiji/daiji/绿色飞机待机_0010.png,Assets/Game/ColorTiming/Art/Image/Hero/Sequence/feiji/daiji/绿色飞机待机_0010.png
efd4d76027d064940bd4c2695bef6a27,Assets/Art/Image/Scene/B1/a5/c/a5草动_15.png,Assets/Game/ColorTiming/Art/Image/Scene/B1/a5/c/a5草动_15.png
efdaf06a59b066243acec347ee4bbfcf,Assets/Art/Image/Hero/Sequence/feiji/yidong/绿色飞机移动_0000.png,Assets/Game/ColorTiming/Art/Image/Hero/Sequence/feiji/yidong/绿色飞机移动_0000.png
efe89df10c73cf74e90f1d56414eda5e,Assets/Art/Image/Hero/Sequence/futou/gongji/lv/绿色斧头蓄力（移动）_0014.png,Assets/Game/ColorTiming/Art/Image/Hero/Sequence/futou/gongji/lv/绿色斧头蓄力（移动）_0014.png
efecf147d82a934408ac6c5dccd75192,Assets/Game/Prefba/Scene/b2_cao_d2.prefab,Assets/Game/Prefabs/World/ColorTiming/b2_cao_d2.prefab
f00f2aefe27a3574da2b9b9986b96fe5,Assets/Art/Image/Scene/B1/a3/c/a3草动_73.png,Assets/Game/ColorTiming/Art/Image/Scene/B1/a3/c/a3草动_73.png
f01cc01e4d671c842ab4a655df19d743,Assets/Art/Image/Hero/Sequence/feiji/gongji/红色飞机投掷_0014.png,Assets/Game/ColorTiming/Art/Image/Hero/Sequence/feiji/gongji/红色飞机投掷_0014.png
f01eca6c51213df4cacb86161c91b451,Assets/Art/Image/Hero/Sequence/Zhadan/skill/zhadan_lv.anim,Assets/Game/ColorTiming/Art/Image/Hero/Sequence/Zhadan/skill/zhadan_lv.anim
f021746ae0eeb5d4cad52a84ec5a95a6,Assets/Art/Image/Hero/Sequence/feiji/yidong/绿色飞机移动_0001.png,Assets/Game/ColorTiming/Art/Image/Hero/Sequence/feiji/yidong/绿色飞机移动_0001.png
f0271926a18b87843ab132cccabb491b,Assets/Art/Image/Scene/B1/a3/c/a3草动_17.png,Assets/Game/ColorTiming/Art/Image/Scene/B1/a3/c/a3草动_17.png
f05c0ae74036a42479a157e8a5c12690,Assets/Art/Image/Hero/Sequence/Chuizi/Gongji/Zi/原地蓄力（紫）_0017.png,Assets/Game/ColorTiming/Art/Image/Hero/Sequence/Chuizi/Gongji/Zi/原地蓄力（紫）_0017.png
f063dc5ff6881db4a9ee2e059812cba2,Assets/Plugins/Spine/Editor/spine-unity/Editor/Asset Types/SpineSpriteAtlasAssetInspector.cs,Assets/Plugins/Spine/Editor/spine-unity/Editor/Asset Types/SpineSpriteAtlasAssetInspector.cs
f06ef9a153becd94da34aae45fa48b1a,Assets/Art/Image/Scene/B1/a2/dj,Assets/Game/ColorTiming/Art/Image/Scene/B1/a2/dj
f073b0a99e0e31947b8d3b44373ea6c4,Assets/Art/Image/Hero/Sequence/Chuizi/Gongji/Zi/移动蓄力（紫）_0001.png,Assets/Game/ColorTiming/Art/Image/Hero/Sequence/Chuizi/Gongji/Zi/移动蓄力（紫）_0001.png
f080d1c5b71fb7d4b980bca40107ed12,Assets/Art/Image/Scene/B1/a6/c/a6草动_02.png,Assets/Game/ColorTiming/Art/Image/Scene/B1/a6/c/a6草动_02.png
f08eb0f484de85147833abdafa34c0f0,Assets/Art/Image/Hero/Sequence/futou/gongji/chen/xuliw_yu_f_chen.anim,Assets/Game/ColorTiming/Art/Image/Hero/Sequence/futou/gongji/chen/xuliw_yu_f_chen.anim
f0c6fb798c17831479ef3713ad0298d6,Assets/Art/Image/Hero/Sequence/futou/gongji/zhi/紫色斧头蓄力（原地）_0002.png,Assets/Game/ColorTiming/Art/Image/Hero/Sequence/futou/gongji/zhi/紫色斧头蓄力（原地）_0002.png
f0e95036e72b08544a9d295dd4366f40,Assets/Plugins/Spine/Editor/spine-unity/Editor,Assets/Plugins/Spine/Editor/spine-unity/Editor
f0eee939ae982cf4e83d3dd9c8a2f1a6,Assets/Art/Image/Hero/Sequence/futou/gongji/zhi/紫色斧头蓄力完成（原地）_0000.png,Assets/Game/ColorTiming/Art/Image/Hero/Sequence/futou/gongji/zhi/紫色斧头蓄力完成（原地）_0000.png
f1086377c0314f743b9603c80c5e1507,Assets/Art/Image/Boss/Skill5/尖刺特效_43.png,Assets/Game/ColorTiming/Art/Image/Boss/Skill5/尖刺特效_43.png
f12c978cc899bb04eb456cc7b49d8705,Assets/Art/Image/Hero/Sequence/Chuizi/Gongji/Lv/移动蓄力（绿）_0010.png,Assets/Game/ColorTiming/Art/Image/Hero/Sequence/Chuizi/Gongji/Lv/移动蓄力（绿）_0010.png
f1312d15cd6f37044b0e5080858f8797,Assets/Art/Image/Scene/B1/a6/c/a6草动_49.png,Assets/Game/ColorTiming/Art/Image/Scene/B1/a6/c/a6草动_49.png
f165f01030501f3489a68f7b2ed9235c,Assets/Art/Image/Scene/B1/a5/c/a5草动_72.png,Assets/Game/ColorTiming/Art/Image/Scene/B1/a5/c/a5草动_72.png
f169a7c0e01dddd419868384213b8807,Assets/Art/Image/Boss2/Weiba/第二章boss.atlas.txt,Assets/Game/ColorTiming/Art/Image/Boss2/Weiba/第二章boss.atlas.txt
f194ec465243f7b48b6d52eb23baeddc,Assets/Art/Image/Hero/Sequence/feiji/skill/橙色飞机爆炸_0013.png,Assets/Game/ColorTiming/Art/Image/Hero/Sequence/feiji/skill/橙色飞机爆炸_0013.png
f195336fc94457241a37a0aa85923681,Assets/Plugins/Spine/Runtime/spine-unity/Shaders/Sprite/CGIncludes/SpriteSpecular.cginc,Assets/Plugins/Spine/Runtime/spine-unity/Shaders/Sprite/CGIncludes/SpriteSpecular.cginc
f1b3b4b945939a54ea0b23d3396115fb,Assets/Plugins/Spine/Runtime/spine-unity/Asset Types/SkeletonDataAsset.cs,Assets/Plugins/Spine/Runtime/spine-unity/Asset Types/SkeletonDataAsset.cs
f1c8eeab35b9fd8458f8991906238f5a,Assets/Art/Image/Hero/Sequence/jiandao/gongji/绿色剪刀攻击_0015.png,Assets/Game/ColorTiming/Art/Image/Hero/Sequence/jiandao/gongji/绿色剪刀攻击_0015.png
f1d40ece675e73d41abc3a02f6f41e0a,Assets/Art/Image/Hero/Sequence/futou/gongji/lv/绿色斧头蓄力（原地）_0003.png,Assets/Game/ColorTiming/Art/Image/Hero/Sequence/futou/gongji/lv/绿色斧头蓄力（原地）_0003.png
f1e1b6861976eda4caeb62afc6c0c39d,Assets/Art/Image/Hero/Sequence/Dao/yidong/绿色刀移动_0004.png,Assets/Game/ColorTiming/Art/Image/Hero/Sequence/Dao/yidong/绿色刀移动_0004.png
f1e3b65a657c6dd4890228fc5c6050db,Assets/Art/Image/Hero/Sequence/feiji/daiji/红色飞机待机_0001.png,Assets/Game/ColorTiming/Art/Image/Hero/Sequence/feiji/daiji/红色飞机待机_0001.png
f1e98f570851f324ba953ee753fc3917,Assets/Art/Image/Scene/B1/a6/dj/a6草待机_037.png,Assets/Game/ColorTiming/Art/Image/Scene/B1/a6/dj/a6草待机_037.png
f1f2a4ac3fd25d54ab848adfe84f581d,Assets/Game/Scripts/UI/UI_BossHPController.cs,Assets/Game/Scripts/ColorTiming/Legacy/UI/UI_BossHPController.cs
f1f8243645ba2e74aa3564bd956eed89,Assets/Plugins/Spine/Runtime/spine-unity/Deprecated/SlotBlendModes/SlotBlendModes.cs,Assets/Plugins/Spine/Runtime/spine-unity/Deprecated/SlotBlendModes/SlotBlendModes.cs
f1faa55888e548f44bfd040627a54aa7,Assets/Art/Image/Hero/Sequence/Siwang/sc/死亡动画背景_0016.png,Assets/Game/ColorTiming/Art/Image/Hero/Sequence/Siwang/sc/死亡动画背景_0016.png
f1fb653f6a838fc43ab563fef97e10ad,Assets/Art/Image/ui/紫色锤子.png,Assets/Game/ColorTiming/Art/Image/ui/紫色锤子.png
f2061209a0cd4f0429d9a9f8a15c433a,Assets/Art/Sound/boss_chop_big_knife_twice.WAV,Assets/Game/ColorTiming/Art/Sound/boss_chop_big_knife_twice.WAV
f20716fa4ed77e04ea7d6fceea9ae5fb,Assets/Art/Image/Hero/Sequence/feiji/daiji/橙色飞机待机_0011.png,Assets/Game/ColorTiming/Art/Image/Hero/Sequence/feiji/daiji/橙色飞机待机_0011.png
f210d2baf4684c24f918472edd17dac1,Assets/Art/Image/Scene/B1/地板.png,Assets/Game/ColorTiming/Art/Image/Scene/B1/地板.png
f21c9538588898a45a3da22bf4779ab3,Assets/Plugins/Spine/Runtime/spine-unity/Components/RootMotion/SkeletonRootMotion.cs,Assets/Plugins/Spine/Runtime/spine-unity/Components/RootMotion/SkeletonRootMotion.cs
f2216037084d99d4481810cb521ed96f,Assets/Plugins/Spine/Editor/spine-unity/Editor/GUI/icon-skeleton.png,Assets/Plugins/Spine/Editor/spine-unity/Editor/GUI/icon-skeleton.png
f256df3fe124d8d4a8a8d554180f5775,Assets/Art/Image/Scene/B1/a6/dj/a6草待机_096.png,Assets/Game/ColorTiming/Art/Image/Scene/B1/a6/dj/a6草待机_096.png
f25bc4c05038b5140aa35a663b7a91ed,Assets/Art/Image/Scene/B1/a5/c/a5草动_44.png,Assets/Game/ColorTiming/Art/Image/Scene/B1/a5/c/a5草动_44.png
f2600f4ca60cda74c9dc8379622cc7eb,Assets/Art/Image/Scene/B1/a3/c/a3草动_24.png,Assets/Game/ColorTiming/Art/Image/Scene/B1/a3/c/a3草动_24.png
f270746db49914543bb6de358ea0a2cf,Assets/Game/Prefba/sk_Boss2_atk2.prefab,Assets/Game/Prefabs/Entity/ColorTiming/sk_Boss2_atk2.prefab
f27e2839b5e794d44aea8acd52f440c5,Assets/Art/Image/Hero/Sequence/Dao/gongji/红色刀攻击_0003.png,Assets/Game/ColorTiming/Art/Image/Hero/Sequence/Dao/gongji/红色刀攻击_0003.png
f288495675806d8459b1af4ad852a65f,Assets/Art/Image/Scene/B1/a2/dj/a2草待机_47.png,Assets/Game/ColorTiming/Art/Image/Scene/B1/a2/dj/a2草待机_47.png
f28cb47bc1e8b434c85e6f69b2c9e15e,Assets/Plugins/Spine/Runtime/spine-csharp/SlotData.cs,Assets/Plugins/Spine/Runtime/spine-csharp/SlotData.cs
f29a5a0c80a863a48aa24c7f263a0c21,Assets/Art/Image/Scene/B1/a4/dj/skeleton-animation_069.png,Assets/Game/ColorTiming/Art/Image/Scene/B1/a4/dj/skeleton-animation_069.png
f29ff050e9da78d4fa158bc9dbbb77ed,Assets/Art/Image/Scene/B1/a2/c/a2草动_33.png,Assets/Game/ColorTiming/Art/Image/Scene/B1/a2/c/a2草动_33.png
f2a0aedc23ee9204b9550ec0a13bfe4a,Assets/Art/Image/Hero/Sequence/futou/daiji/绿色斧头待机_0002.png,Assets/Game/ColorTiming/Art/Image/Hero/Sequence/futou/daiji/绿色斧头待机_0002.png
f2a8bf622fa9ea941a28e40d0fb66913,Assets/Art/Image/Scene/B1/a2/dj/a2草待机_20.png,Assets/Game/ColorTiming/Art/Image/Scene/B1/a2/dj/a2草待机_20.png
f2ad7fd1b0879364c977eef6638a3c42,Assets/Game/Scripts/Boss2_Controller.cs,Assets/Game/Scripts/ColorTiming/Legacy/Boss2_Controller.cs
f2caa29684e76ce48ab934bf3f2767c1,Assets/Art/Image/ui/o1.png,Assets/Game/ColorTiming/Art/Image/ui/o1.png
f2cba83baf6afdf44a996e40017c6325,Assets/Plugins/Spine/Editor/spine-unity/Editor/Components/SkeletonRootMotionBaseInspector.cs,Assets/Plugins/Spine/Editor/spine-unity/Editor/Components/SkeletonRootMotionBaseInspector.cs
f2ce63319c1878840832d145512c101b,Assets/Art/Image/Hero/Sequence/futou/gongji/zhi/xuli_do_f_zhi.anim,Assets/Game/ColorTiming/Art/Image/Hero/Sequence/futou/gongji/zhi/xuli_do_f_zhi.anim
f2d6449b01a35e341adda2f4ce153e33,Assets/Art/Image/Scene/B1/a3/c/a3草动_37.png,Assets/Game/ColorTiming/Art/Image/Scene/B1/a3/c/a3草动_37.png
f2da67009785fbc42b25ebfc19d77e17,Assets/Art/Image/Hero/Sequence/Siwang/被击杀后_0013.png,Assets/Game/ColorTiming/Art/Image/Hero/Sequence/Siwang/被击杀后_0013.png
f2de1dbc7f0975842967ee9a99ac7183,Assets/Art/Image/Scene/B1/a4/dj/skeleton-animation_038.png,Assets/Game/ColorTiming/Art/Image/Scene/B1/a4/dj/skeleton-animation_038.png
f2de282d583d4a641bf1c349f0a3eef9,Assets/Plugins/Spine/Editor/spine-unity/Editor/SpineAttributeDrawers.cs,Assets/Plugins/Spine/Editor/spine-unity/Editor/SpineAttributeDrawers.cs
f2f810ecc8dbf4a489ed4331dbf0c8d9,Assets/Art/Image/Hero/Sequence/Chuizi/Gongji/Zi/攻击动作（紫）_0013.png,Assets/Game/ColorTiming/Art/Image/Hero/Sequence/Chuizi/Gongji/Zi/攻击动作（紫）_0013.png
f301ca6b77c0eb946841ca75b0a2ef1f,Assets/Game/Prefba/sk_Boss2_Atk1.prefab,Assets/Game/Prefabs/Entity/ColorTiming/sk_Boss2_Atk1.prefab
f3147933906051d4cb531311cc9b1c90,Assets/Art/Image/Hero/Sequence/futou/gongji/hong/红色斧头蓄力完成（移动）_0005.png,Assets/Game/ColorTiming/Art/Image/Hero/Sequence/futou/gongji/hong/红色斧头蓄力完成（移动）_0005.png
f31c0c0d608e8ba4f9a1afb032092287,Assets/Plugins/Spine/Editor/spine-unity/Editor/GUI/icon-subMeshRenderer.png,Assets/Plugins/Spine/Editor/spine-unity/Editor/GUI/icon-subMeshRenderer.png
f31dd0e4af131e445abe225a2d1bbf49,Assets/Art/Image/Hero/Sequence/Chuizi/Daiji/绿色锤子待机_0004.png,Assets/Game/ColorTiming/Art/Image/Hero/Sequence/Chuizi/Daiji/绿色锤子待机_0004.png
f338359e68f921a489de615d0adadcc9,Assets/Art/Image/Scene/B1/a5/dj/skeleton-animation_049.png,Assets/Game/ColorTiming/Art/Image/Scene/B1/a5/dj/skeleton-animation_049.png
f3581417cd0cf8a43b5caaa747ab4728,Assets/Art/Image/Scene/B1/a6/dj/a6草待机_057.png,Assets/Game/ColorTiming/Art/Image/Scene/B1/a6/dj/a6草待机_057.png
f35ae10e2c347e44eac84cde7c04b548,Assets/Art/Image/Hero/Sequence/futou/gongji/lv/绿色斧头蓄力（移动）_0013.png,Assets/Game/ColorTiming/Art/Image/Hero/Sequence/futou/gongji/lv/绿色斧头蓄力（移动）_0013.png
f388a190cfa3ef34f95e7ed2f9e4a187,Assets/Art/Image/Hero/Sequence/Chuizi,Assets/Game/ColorTiming/Art/Image/Hero/Sequence/Chuizi
f3995cdacb0cf7648926543f76a05e24,Assets/Art/Image/Hero/Sequence/feiji/gongji/橙色飞机投掷_0005.png,Assets/Game/ColorTiming/Art/Image/Hero/Sequence/feiji/gongji/橙色飞机投掷_0005.png
f3cc0c12a80eccd408c44f0fc34c0afa,Assets/Art/Image/Hero/Sequence/jiandao/daiji,Assets/Game/ColorTiming/Art/Image/Hero/Sequence/jiandao/daiji
f3da86b66b656ef43b96524853969b43,Assets/Art/Image/Scene/B1/a5/dj/skeleton-animation_065.png,Assets/Game/ColorTiming/Art/Image/Scene/B1/a5/dj/skeleton-animation_065.png
f3e1fec938784f1499f405e8b8909342,Assets/Art/Image/Scene/B1/a3/dj/a3草待机_003.png,Assets/Game/ColorTiming/Art/Image/Scene/B1/a3/dj/a3草待机_003.png
f3f1461bcf967e6479ac90c5164cf4ef,Assets/Art/Image/Scene/B1/a6/c/a6草动_25.png,Assets/Game/ColorTiming/Art/Image/Scene/B1/a6/c/a6草动_25.png
f3f4ef2863d140646ada6357d0aec7d8,Assets/Art/Image/Hero/Sequence/Zhadan/skill/爆炸特效（紫）_0018.png,Assets/Game/ColorTiming/Art/Image/Hero/Sequence/Zhadan/skill/爆炸特效（紫）_0018.png
f3fa91fb40d1af243b54b0cbb3d36d6f,Assets/Art/Image/Hero/Sequence/feiji/daiji/绿色飞机待机_0006.png,Assets/Game/ColorTiming/Art/Image/Hero/Sequence/feiji/daiji/绿色飞机待机_0006.png
f40efdfab63d7194295aff8d1d54bced,Assets/Art/Image/UI_Start/退出游戏（按下）.png,Assets/Game/ColorTiming/Art/Image/UI_Start/退出游戏（按下）.png
f4204bf4a71ce0444be94920c3fc3c95,Assets/Art/Image/Hero/Sequence/feiji/gongji/红色飞机投掷_0011.png,Assets/Game/ColorTiming/Art/Image/Hero/Sequence/feiji/gongji/红色飞机投掷_0011.png
f420811d4d5ed5b419e6175ce51a8e6a,Assets/Art/Image/Hero/Sequence/jiandao/gongji/紫色剪刀攻击_0012.png,Assets/Game/ColorTiming/Art/Image/Hero/Sequence/jiandao/gongji/紫色剪刀攻击_0012.png
f424226d4a395f044831968795b189d2,Assets/Art/Image/Hero/Sequence/feiji/gongji/红色飞机投掷_0009.png,Assets/Game/ColorTiming/Art/Image/Hero/Sequence/feiji/gongji/红色飞机投掷_0009.png
f43c8b482d1c9c049b2841cf71746ca1,Assets/Art/Image/Hero/Sequence/futou/gongji/lv/绿色斧头攻击_0015.png,Assets/Game/ColorTiming/Art/Image/Hero/Sequence/futou/gongji/lv/绿色斧头攻击_0015.png
f44a00597ce7d0242a6dea94ad8aad3f,Assets/Art/Image/Boss2/Shenti/第二章boss.png,Assets/Game/ColorTiming/Art/Image/Boss2/Shenti/第二章boss.png
f4692b9527684d048862210ba3f9834e,Assets/Plugins/Spine/Runtime/spine-unity/Utility/SkinUtilities.cs,Assets/Plugins/Spine/Runtime/spine-unity/Utility/SkinUtilities.cs
f46bf21f61b274e4cab320e38e0ba115,Assets/Art/Image/Scene/B1/a3/dj/a3草待机_016.png,Assets/Game/ColorTiming/Art/Image/Scene/B1/a3/dj/a3草待机_016.png
f46cefb770e51d54cb6e34868ad0ecb4,Assets/Art/Image/Scene/B1/a6/c/a6草动_54.png,Assets/Game/ColorTiming/Art/Image/Scene/B1/a6/c/a6草动_54.png
f473c4a10741b0d49b3defc5c3730f3a,Assets/Art/Image/Scene/B1/a6/dj/a6草待机_088.png,Assets/Game/ColorTiming/Art/Image/Scene/B1/a6/dj/a6草待机_088.png
f47ce785bdd79f744a69e9a220fee88b,Assets/Art/Image/Hero/Sequence/jiandao/gongji/绿色剪刀攻击_0021.png,Assets/Game/ColorTiming/Art/Image/Hero/Sequence/jiandao/gongji/绿色剪刀攻击_0021.png
f486e9322eb097d4dbc94dcbd14e8c34,Assets/Art/Image/Hero/Sequence/Zhadan/daiji/红色炸弹待机_0008.png,Assets/Game/ColorTiming/Art/Image/Hero/Sequence/Zhadan/daiji/红色炸弹待机_0008.png
f49e4b00bc8a3e34ab5a6b33a86b8468,Assets/Art/Anim_Skill/sk_bo1_atk5.anim,Assets/Game/ColorTiming/Art/Anim_Skill/sk_bo1_atk5.anim
f4ae4155a63567b499b1649cd0a5e037,Assets/Art/Image/Weapon/刀4带白边.png,Assets/Game/ColorTiming/Art/Image/Weapon/刀4带白边.png
f4b63af51c5c7d1439aadc00b9daa691,Assets/Art/Image/Hero/Anim,Assets/Game/ColorTiming/Art/Image/Hero/Anim
f4c065d9d04121841be03ce9c0ff254e,Assets/Art/Image/Scene/B1/a1/a1待_42.png,Assets/Game/ColorTiming/Art/Image/Scene/B1/a1/a1待_42.png
f4c97e41d3d90e24bbb40d634e6cc336,Assets/Plugins/Spine/Editor/spine-unity/Editor/Utility/SpineHandles.cs,Assets/Plugins/Spine/Editor/spine-unity/Editor/Utility/SpineHandles.cs
f4d841f80402f3e43bd5fec097dae8a8,Assets/Art/Image/Hero/Sequence/jiandao/gongji/红色剪刀攻击_0001.png,Assets/Game/ColorTiming/Art/Image/Hero/Sequence/jiandao/gongji/红色剪刀攻击_0001.png
f53b60c993e46c047b3271b835380183,Assets/Art/Image/Scene/B1/a2/dj/a2草待机_81.png,Assets/Game/ColorTiming/Art/Image/Scene/B1/a2/dj/a2草待机_81.png
f54a873fc2bb48844a6503131c60688f,Assets/Art/Image/Hero/Sequence/futou/daiji/橙色斧头待机_0000.png,Assets/Game/ColorTiming/Art/Image/Hero/Sequence/futou/daiji/橙色斧头待机_0000.png
f570442acc7d5934188bb646959580a8,Assets/Art/Image/Scene/B1/a6/dj/a6草待机_100.png,Assets/Game/ColorTiming/Art/Image/Scene/B1/a6/dj/a6草待机_100.png
f577b4e6903171040828fa108ac4e2b3,Assets/Art/Image/Hero/Sequence/Siwang/sc/死亡动画背景_0041.png,Assets/Game/ColorTiming/Art/Image/Hero/Sequence/Siwang/sc/死亡动画背景_0041.png
f58a0ce53125eca4f8530b32fdbcf83b,Assets/Art/Image/Scene/B1/a5/c/a5草动_07.png,Assets/Game/ColorTiming/Art/Image/Scene/B1/a5/c/a5草动_07.png
f5c128d478d26d24daa62415879fba59,Assets/Art/Image/Scene/B1/a6/dj/a6草待机_084.png,Assets/Game/ColorTiming/Art/Image/Scene/B1/a6/dj/a6草待机_084.png
f5cc031aa7eb57746bd226cd2705a218,Assets/Art/Image/Scene/B1/a6/dj/a6草待机_118.png,Assets/Game/ColorTiming/Art/Image/Scene/B1/a6/dj/a6草待机_118.png
f5d3ee95b8da69b4094412d15324d7ef,Assets/Art/Image/Scene/B1/a6/dj/a6草待机_063.png,Assets/Game/ColorTiming/Art/Image/Scene/B1/a6/dj/a6草待机_063.png
f5da84a920816354cb238442106cc303,Assets/Art/Image/Scene/B1/a5/c/a5草动_06.png,Assets/Game/ColorTiming/Art/Image/Scene/B1/a5/c/a5草动_06.png
f5ef71f9845e24f48b73133c79c402ad,Assets/Art/Image/Scene/B1/a6/dj/a6草待机_066.png,Assets/Game/ColorTiming/Art/Image/Scene/B1/a6/dj/a6草待机_066.png
f5f948e7961d8754ab0fad346e4384ec,Assets/Art/Image/Scene/B1/a3/c/a3草动_72.png,Assets/Game/ColorTiming/Art/Image/Scene/B1/a3/c/a3草动_72.png
f5fff1b5caee03642ab77c9984b4bb6a,Assets/Plugins/Spine/Editor/spine-unity/Editor/GUI/icon-clipping.png,Assets/Plugins/Spine/Editor/spine-unity/Editor/GUI/icon-clipping.png
f61568bd8450e1a4da07a709dfcf4dce,Assets/Art/Image/Hero/Sequence/Siwang/sc/死亡动画背景_0022.png,Assets/Game/ColorTiming/Art/Image/Hero/Sequence/Siwang/sc/死亡动画背景_0022.png
f6262984b7e3c1441a4130746cecf430,Assets/Art/Image/Hero/Sequence/Zhadan/skill/爆炸特效（紫）_0006.png,Assets/Game/ColorTiming/Art/Image/Hero/Sequence/Zhadan/skill/爆炸特效（紫）_0006.png
f6354fa7bd95ecc4dafafe334a9ef03d,Assets/Art/Image/Scene/B1/a3/dj/a3草待机_005.png,Assets/Game/ColorTiming/Art/Image/Scene/B1/a3/dj/a3草待机_005.png
f64c7bc238bb2c246b8ca1912b2b6b9c,Assets/Plugins/Spine/Runtime/spine-unity/Shaders/SkeletonGraphic/Spine-SkeletonGraphic-TintBlack.shader,Assets/Plugins/Spine/Runtime/spine-unity/Shaders/SkeletonGraphic/Spine-SkeletonGraphic-TintBlack.shader
f64d30dc43385dd46a7a52bd4529ddae,Assets/Art/Image/Hero/Sequence/Chuizi/Gongji/Hong/移动蓄力（红）_0003.png,Assets/Game/ColorTiming/Art/Image/Hero/Sequence/Chuizi/Gongji/Hong/移动蓄力（红）_0003.png
f678bb0398522604eb1e3316838a8fbe,Assets/Art/Image/Hero/Sequence/Zhadan/skill/爆炸特效（红）_0018.png,Assets/Game/ColorTiming/Art/Image/Hero/Sequence/Zhadan/skill/爆炸特效（红）_0018.png
f6852eadb3081f74fb0a78e2dd90bd11,Assets/Art/Image/Hero/Sequence/Chuizi/Gongji/Hong/锤子攻击（红）_0006.png,Assets/Game/ColorTiming/Art/Image/Hero/Sequence/Chuizi/Gongji/Hong/锤子攻击（红）_0006.png
f6c185b80748a4d4c814a88a76f62c6b,Assets/Art/Image/Hero/Sequence/Zhadan/skill/爆炸特效（绿）_0006.png,Assets/Game/ColorTiming/Art/Image/Hero/Sequence/Zhadan/skill/爆炸特效（绿）_0006.png
f6ca46a3bca201e4d87695797bc75a97,Assets/Art/Image/Hero/Sequence/Zhadan/skill/爆炸特效（红）_0020.png,Assets/Game/ColorTiming/Art/Image/Hero/Sequence/Zhadan/skill/爆炸特效（红）_0020.png
f6d5aff1a7f9cb941ba0f2f949514c23,Assets/Art/Image/Hero/Sequence/Gongji/普攻_0002.png,Assets/Game/ColorTiming/Art/Image/Hero/Sequence/Gongji/普攻_0002.png
f6e0caaafe294de48af468a6a9321473,Assets/Plugins/Spine/Runtime/spine-unity/Components/SkeletonUtility,Assets/Plugins/Spine/Runtime/spine-unity/Components/SkeletonUtility
f6e6c3939690461479b58e3977c2cf12,Assets/Art/Image/Hero/Sequence/Chuizi/Gongji/Hong/原地蓄力完成（红）_0002.png,Assets/Game/ColorTiming/Art/Image/Hero/Sequence/Chuizi/Gongji/Hong/原地蓄力完成（红）_0002.png
f6f43d64c8d4f6e4bb0101c4e19aaecc,Assets/Art/Image/ui/剪刀操作提示.png,Assets/Game/ColorTiming/Art/Image/ui/剪刀操作提示.png
f6f5756a44e83734cba5a0e40c06f883,Assets/Art/Image/Scene/B1/a4/c/a4草动_12.png,Assets/Game/ColorTiming/Art/Image/Scene/B1/a4/c/a4草动_12.png
f700fbad6c49f3046aa8de134d94798a,Assets/Art/Image/Scene/B1/a5/dj/skeleton-animation_126.png,Assets/Game/ColorTiming/Art/Image/Scene/B1/a5/dj/skeleton-animation_126.png
f708f7f917ed80a4fa4cc4f8746be408,Assets/Art/Image/Hero/Sequence/Zhadan/skill/爆炸特效（紫）_0020.png,Assets/Game/ColorTiming/Art/Image/Hero/Sequence/Zhadan/skill/爆炸特效（紫）_0020.png
f708f84bb98d3eb4c996d989a6c35ee7,Assets/Art/Image/Hero/Sequence/Yidong/Beimian/紫色移动（背面）_0000.png,Assets/Game/ColorTiming/Art/Image/Hero/Sequence/Yidong/Beimian/紫色移动（背面）_0000.png
f70dc4bd99cf8d1469b99c205982a09a,Assets/Art/Image/Scene/B1/a3/dj/a3草待机_056.png,Assets/Game/ColorTiming/Art/Image/Scene/B1/a3/dj/a3草待机_056.png
f710818e9edfff14294a91f86d581a00,Assets/Art/Image/Boss/Skill5/尖刺特效_11.png,Assets/Game/ColorTiming/Art/Image/Boss/Skill5/尖刺特效_11.png
f7139ab5176981f4fb48e13e079cef1f,Assets/Art/Image/Hero/Sequence/Zhadan/gongji/投掷（紫）_0000.png,Assets/Game/ColorTiming/Art/Image/Hero/Sequence/Zhadan/gongji/投掷（紫）_0000.png
f721191d6319fe34088f38ff9720cf8c,Assets/Art/Image/Scene/B1/a3/dj/a3草待机_110.png,Assets/Game/ColorTiming/Art/Image/Scene/B1/a3/dj/a3草待机_110.png
f72ca609c7268544ba4fb3c54c721114,Assets/Art/Image/Hero/Sequence/futou/gongji/zhi/紫色斧头攻击_0008.png,Assets/Game/ColorTiming/Art/Image/Hero/Sequence/futou/gongji/zhi/紫色斧头攻击_0008.png
f73935a112196c542906dc141b11ea71,Assets/Art/Image/Boss2/Weiba/第二章boss_Material.mat,Assets/Game/ColorTiming/Art/Image/Boss2/Weiba/第二章boss_Material.mat
f73e780aefddbc14690f96b960dc70f4,Assets/Art/Image/Scene/B1/a3/dj/a3草待机_102.png,Assets/Game/ColorTiming/Art/Image/Scene/B1/a3/dj/a3草待机_102.png
f74268a808fbb954f982311a259137b5,Assets/Art/Image/Scene/B1/a2/c/a2草动_41.png,Assets/Game/ColorTiming/Art/Image/Scene/B1/a2/c/a2草动_41.png
f7501c185b2f3dd43bf601fe0eedea4b,Assets/Art/Image/Hero/Sequence/Chuizi/Gongji/Zi/原地蓄力（紫）_0010.png,Assets/Game/ColorTiming/Art/Image/Hero/Sequence/Chuizi/Gongji/Zi/原地蓄力（紫）_0010.png
f768a57e040cc48489ad8c7392a31154,Assets/Plugins/Spine/Runtime/spine-unity/Shaders/Sprite/CameraDepthTexture.shader,Assets/Plugins/Spine/Runtime/spine-unity/Shaders/Sprite/CameraDepthTexture.shader
f791695b90168ee4884c42e9fd898389,Assets/Art/Image/Hero/Sequence/Chuizi/Gongji/Hong/移动蓄力（红）_0000.png,Assets/Game/ColorTiming/Art/Image/Hero/Sequence/Chuizi/Gongji/Hong/移动蓄力（红）_0000.png
f7a340890c3bafa43ae25f88e97f8b6a,Assets/Art/Image/Hero/Sequence/Chuizi/Gongji/Lv/移动蓄力完成（绿）_0000.png,Assets/Game/ColorTiming/Art/Image/Hero/Sequence/Chuizi/Gongji/Lv/移动蓄力完成（绿）_0000.png
f7a8545b81057a04fa5238dafd84c58b,Assets/Art/Image/Scene/B1/a3/c/a3草动_41.png,Assets/Game/ColorTiming/Art/Image/Scene/B1/a3/c/a3草动_41.png
f7af8d3181e137b47927756ded8441fa,Assets/Art/Image/Hero/Sequence/feiji/gongji/绿色飞机投掷_0001.png,Assets/Game/ColorTiming/Art/Image/Hero/Sequence/feiji/gongji/绿色飞机投掷_0001.png
f7b0b3160b62de9419829c52e8011cdb,Assets/Art/Image/Weapon/Tip1/提示圈-第一章_0028.png,Assets/Game/ColorTiming/Art/Image/Weapon/Tip1/提示圈-第一章_0028.png
f8263859e121ef64c82540f1695362f4,Assets/Art/Image/UI_Start/试玩关卡2（按下）.png,Assets/Game/ColorTiming/Art/Image/UI_Start/试玩关卡2（按下）.png
f834c8746034db645a52a9506ff1de89,Assets/Plugins/Spine/Runtime/spine-unity/Mesh Generation/SpineMesh.cs,Assets/Plugins/Spine/Runtime/spine-unity/Mesh Generation/SpineMesh.cs
f834d5cd806ec4645915ac315edbdc60,Assets/Plugins/Spine/Editor/spine-unity/Editor/Utility/SpineEditorUtilities.cs,Assets/Plugins/Spine/Editor/spine-unity/Editor/Utility/SpineEditorUtilities.cs
f889f73b52648da45b0f8972a5b49e7b,Assets/Art/Image/Hero/Sequence/feiji/gongji/gongji_feiji_chen.anim,Assets/Game/ColorTiming/Art/Image/Hero/Sequence/feiji/gongji/gongji_feiji_chen.anim
f89eac0d5705a784889ad71fb5a0f049,Assets/Art/Sound/grass_walk_003.WAV,Assets/Game/ColorTiming/Art/Sound/grass_walk_003.WAV
f8a2a4a8b5afa774b9c90cab2a62c7a3,Assets/Art/Image/Loding/加载时背景图.png,Assets/Game/ColorTiming/Art/Image/Loding/加载时背景图.png
f8a761af865b92948b38179def7c3bc1,Assets/Art/Image/Weapon/Tip2/提示圈-第二章_0024.png,Assets/Game/ColorTiming/Art/Image/Weapon/Tip2/提示圈-第二章_0024.png
f8b19daf80915ba40916453110c7bbb8,Assets/Art/Image/Hero/Sequence/feiji/yidong/红色飞机移动_0000.png,Assets/Game/ColorTiming/Art/Image/Hero/Sequence/feiji/yidong/红色飞机移动_0000.png
f8baeed30aa9c63409aec0fa815be9bc,Assets/Art/Image/UI_Set/关闭音效（正常）.png,Assets/Game/ColorTiming/Art/Image/UI_Set/关闭音效（正常）.png
f905419c26501254cb099b33364a92aa,Assets/Art/Image/Hero/Sequence/Siwang/sc/死亡动画背景_0038.png,Assets/Game/ColorTiming/Art/Image/Hero/Sequence/Siwang/sc/死亡动画背景_0038.png
f912a92a6ba9fa04483c4ae9e29bd3d5,Assets/Art/Image/Scene/B1/a4/c/a4草动_73.png,Assets/Game/ColorTiming/Art/Image/Scene/B1/a4/c/a4草动_73.png
f9233e77eaecd2d4ba2af6989c0ad945,Assets/Art/Image/Boss/Skill5/尖刺特效_52.png,Assets/Game/ColorTiming/Art/Image/Boss/Skill5/尖刺特效_52.png
f9520ee9f1cfe4b4e8221d7831bbaee8,Assets/Art/Image/Scene/B1/a3/c/a3草动_69.png,Assets/Game/ColorTiming/Art/Image/Scene/B1/a3/c/a3草动_69.png
f9521430346dc56459bf2c77b89aa736,Assets/Art/Image/Scene/B1/a4/dj/skeleton-animation_039.png,Assets/Game/ColorTiming/Art/Image/Scene/B1/a4/dj/skeleton-animation_039.png
f9587a8b23d1d3643bfd9e892b5fee53,Assets/Art/Image/Scene/B1/a2/dj/a2草待机_91.png,Assets/Game/ColorTiming/Art/Image/Scene/B1/a2/dj/a2草待机_91.png
f95c66bf56a25af449b0e8aef0ad5140,Assets/Art/Image/Hero/Sequence/Dao/daiji/绿色刀待机_0011.png,Assets/Game/ColorTiming/Art/Image/Hero/Sequence/Dao/daiji/绿色刀待机_0011.png
f977a360756a0a1489b6579c5968b534,Assets/Art/Anim_Skill/sk_bo1_atk3.anim,Assets/Game/ColorTiming/Art/Anim_Skill/sk_bo1_atk3.anim
f9bbae3fff98ebd4bb005d5af0d92c1d,Assets/Art/Image/UI_Set,Assets/Game/ColorTiming/Art/Image/UI_Set
f9bf5d882ea75e94f9856395c3ff9b2d,Assets/Art/Image/Hero/Sequence/Zhadan/daiji/daiji_zhadan_zi.anim,Assets/Game/ColorTiming/Art/Image/Hero/Sequence/Zhadan/daiji/daiji_zhadan_zi.anim
f9c2cd01c1b925a438bf241cc423a7da,Assets/Art/Image/Hero/Sequence/futou/gongji/hong/红色斧头蓄力（原地）_0017.png,Assets/Game/ColorTiming/Art/Image/Hero/Sequence/futou/gongji/hong/红色斧头蓄力（原地）_0017.png
f9cd82e7f2f1a2b44a25423db9625c57,Assets/Art/Image/Boss/Skill5/尖刺特效_63.png,Assets/Game/ColorTiming/Art/Image/Boss/Skill5/尖刺特效_63.png
f9db98c60740638449864eb028fbe7ad,Assets/Plugins/Spine/Runtime/spine-unity/Components/SkeletonMecanim.cs,Assets/Plugins/Spine/Runtime/spine-unity/Components/SkeletonMecanim.cs
f9ee28ec5d3601d41b098a5bbef61723,Assets/Art/Image/Scene/B1/a1/a1待_57.png,Assets/Game/ColorTiming/Art/Image/Scene/B1/a1/a1待_57.png
fa0f62ba24d37b34c92a41074665cca7,Assets/Art/Image/Scene/B1/a1/a1待_08.png,Assets/Game/ColorTiming/Art/Image/Scene/B1/a1/a1待_08.png
fa12b66ef04f24041b97ad880fead3b2,Assets/Art/Image/Hero/Sequence/Chuizi/Gongji/Zi/原地蓄力完成（紫）_0003.png,Assets/Game/ColorTiming/Art/Image/Hero/Sequence/Chuizi/Gongji/Zi/原地蓄力完成（紫）_0003.png
fa29498e1a764c3409450630163073a7,Assets/Art/Image/Scene/B1/a6/c/a6草动_48.png,Assets/Game/ColorTiming/Art/Image/Scene/B1/a6/c/a6草动_48.png
fa2ecfab533171c418cc1293efbaacdb,Assets/Art/Image/Scene/B1/a4/dj/skeleton-animation_080.png,Assets/Game/ColorTiming/Art/Image/Scene/B1/a4/dj/skeleton-animation_080.png
fa3534c591573c540b4a3550aac2c98d,Assets/Art/Image/Hero/Sequence/Chuizi/Gongji/Zi/攻击动作（紫）_0009.png,Assets/Game/ColorTiming/Art/Image/Hero/Sequence/Chuizi/Gongji/Zi/攻击动作（紫）_0009.png
fa3c78b58021205459ebf59a521bfa70,Assets/Art/Image/Scene/B2/玩家、BOSS移动范围.jpg,Assets/Game/ColorTiming/Art/Image/Scene/B2/玩家、BOSS移动范围.jpg
fa6ff4e07c48b284388a5d4f57982fe1,Assets/Art/Image/Scene/B1/a5/dj/skeleton-animation_115.png,Assets/Game/ColorTiming/Art/Image/Scene/B1/a5/dj/skeleton-animation_115.png
fa71cd4869af73449b13e248340b5278,Assets/Art/Image/Hero/Sequence/Zhadan/skill/爆炸特效（绿）_0022.png,Assets/Game/ColorTiming/Art/Image/Hero/Sequence/Zhadan/skill/爆炸特效（绿）_0022.png
fa79873d1741dc34aaedc305549f139b,Assets/Art/Image/Hero/Sequence/futou/daiji/绿色斧头待机_0000.png,Assets/Game/ColorTiming/Art/Image/Hero/Sequence/futou/daiji/绿色斧头待机_0000.png
fa7c38f4c201ad0498a4a87c8550d7cb,Assets/Art/Image/System/游戏logo.png,Assets/Game/ColorTiming/Art/Image/System/游戏logo.png
fa95b0fb6983c0f40a152e6f9aa82bfb,Assets/Plugins/Spine/Runtime/spine-unity/Shaders/SkeletonGraphic/Spine-SkeletonGraphic.shader,Assets/Plugins/Spine/Runtime/spine-unity/Shaders/SkeletonGraphic/Spine-SkeletonGraphic.shader
faa66f915476e7f45b53ed04e188a5d4,Assets/Art/Image/Hero/Sequence/Chuizi/Gongji/Hong/原地蓄力完成（红）_0003.png,Assets/Game/ColorTiming/Art/Image/Hero/Sequence/Chuizi/Gongji/Hong/原地蓄力完成（红）_0003.png
faaa28dc560f2e9419edf2634e99537a,Assets/Art/Image/Hero/Sequence/Chuizi/Gongji/Lv/移动蓄力（绿）_0013.png,Assets/Game/ColorTiming/Art/Image/Hero/Sequence/Chuizi/Gongji/Lv/移动蓄力（绿）_0013.png
fab6a830b66ecfe45903b11f97ce3b0f,Assets/Art/Image/Scene/B1/a6/dj/a6草待机_058.png,Assets/Game/ColorTiming/Art/Image/Scene/B1/a6/dj/a6草待机_058.png
fab8b580e48ea074991a2bcc6fbe677a,Assets/Art/Image/Hero/Sequence/futou/gongji/hong/红色斧头蓄力（原地）_0002.png,Assets/Game/ColorTiming/Art/Image/Hero/Sequence/futou/gongji/hong/红色斧头蓄力（原地）_0002.png
fad1daf9aeacc1744919091708a383f5,Assets/Game/Prefba/Game,Assets/Game/Prefabs/UI/ColorTiming/Game
fadc7170c63268a4f8fe30c8cd53d1b6,Assets/Art/Image/Scene/B1/a3/c/a3草动_07.png,Assets/Game/ColorTiming/Art/Image/Scene/B1/a3/c/a3草动_07.png
faea54dbb803be646bb7c221c4ea2625,Assets/Art/Image/Hero/Sequence/Siwang/sc/死亡动画背景_0019.png,Assets/Game/ColorTiming/Art/Image/Hero/Sequence/Siwang/sc/死亡动画背景_0019.png
fb1e7e22abad6f04ba668acde6f4f0c1,Assets/Art/Image/Hero/Sequence/Zhadan/daiji/紫色炸弹待机_0007.png,Assets/Game/ColorTiming/Art/Image/Hero/Sequence/Zhadan/daiji/紫色炸弹待机_0007.png
fb44732972ec44f40b8fed2bb154346d,Assets/Game/Scripts/Skill/Skill_Bo1_Atk5_Item.cs,Assets/Game/Scripts/ColorTiming/Legacy/Skill/Skill_Bo1_Atk5_Item.cs
fb4a4e371834c46408c63df6628c4d92,Assets/Art/Image/Hero/Sequence/futou/gongji/zhi/紫色斧头蓄力（原地）_0013.png,Assets/Game/ColorTiming/Art/Image/Hero/Sequence/futou/gongji/zhi/紫色斧头蓄力（原地）_0013.png
fb58cd361d7b6ab4d97b212b26f18fc1,Assets/Art/Image/Hero/Sequence/futou/gongji/chen/橙色斧头蓄力完成（移动）_0001.png,Assets/Game/ColorTiming/Art/Image/Hero/Sequence/futou/gongji/chen/橙色斧头蓄力完成（移动）_0001.png
fb7099b9c6ce91740b7041dabb0752c2,Assets/Plugins/Spine/Runtime/spine-csharp/Animation.cs,Assets/Plugins/Spine/Runtime/spine-csharp/Animation.cs
fb726993067adb442865009bd70df920,Assets/Art/Image/Hero/Sequence/Chuizi/Daiji/紫色锤子待机_0002.png,Assets/Game/ColorTiming/Art/Image/Hero/Sequence/Chuizi/Daiji/紫色锤子待机_0002.png
fb81dd1d3e6ab6c4cac26fe62af849c6,Assets/Game/Scripts/WeaponControSystem.cs,Assets/Game/Scripts/ColorTiming/Legacy/WeaponControSystem.cs
fb9767a562686c44e89edaca7cc47977,Assets/Art/Image/Hero/Sequence/Zhadan/daiji/红色炸弹待机_0010.png,Assets/Game/ColorTiming/Art/Image/Hero/Sequence/Zhadan/daiji/红色炸弹待机_0010.png
fb9f3bde87a374d48bb865c32dcb5a07,Assets/Art/Image/Scene/B1/a4/dj/skeleton-animation_128.png,Assets/Game/ColorTiming/Art/Image/Scene/B1/a4/dj/skeleton-animation_128.png
fbca2b2f8fcae9545b24529437774cec,Assets/Art/Image/Hero/Sequence/Shouji/受击曝光_0002.png,Assets/Game/ColorTiming/Art/Image/Hero/Sequence/Shouji/受击曝光_0002.png
fbcd31d360905584ba729ed2a435f8b6,Assets/Art/Image/Scene/B1/a4/dj/skeleton-animation_064.png,Assets/Game/ColorTiming/Art/Image/Scene/B1/a4/dj/skeleton-animation_064.png
fbeb48880ca26ca4dad147ace6dbc381,Assets/Art/Image/Hero/Sequence/feiji/daiji/红色飞机待机_0002.png,Assets/Game/ColorTiming/Art/Image/Hero/Sequence/feiji/daiji/红色飞机待机_0002.png
fc112c5f0a7ae234098f02a2573c9cd6,Assets/Art/Image/Hero/Sequence/Yidong/红色移动_0001.png,Assets/Game/ColorTiming/Art/Image/Hero/Sequence/Yidong/红色移动_0001.png
fc166d883db083e469872998172f2d38,Assets/Plugins/Spine/Runtime/spine-unity/Utility/YieldInstructions/WaitForSpineEvent.cs,Assets/Plugins/Spine/Runtime/spine-unity/Utility/YieldInstructions/WaitForSpineEvent.cs
fc16dbdfb27f8cd45b5ca5da4e52444a,Assets/Art/Image/Scene/B1/a6/dj,Assets/Game/ColorTiming/Art/Image/Scene/B1/a6/dj
fc20d001eb4adad42a48244ba29e4cbd,Assets/Art/Image/Hero/Sequence/Siwang/sc/死亡动画背景_0027.png,Assets/Game/ColorTiming/Art/Image/Hero/Sequence/Siwang/sc/死亡动画背景_0027.png
fc23a4f220b20024ab0592719f92587d,Assets/Plugins/Spine/Runtime/spine-unity/Components/RootMotion/SkeletonRootMotionBase.cs,Assets/Plugins/Spine/Runtime/spine-unity/Components/RootMotion/SkeletonRootMotionBase.cs
fc28a4a5943ca334cae3d18ba587d00c,Assets/Art/Image/Hero/Sequence/Chuizi/Gongji/Hong/锤子攻击（红）_0016.png,Assets/Game/ColorTiming/Art/Image/Hero/Sequence/Chuizi/Gongji/Hong/锤子攻击（红）_0016.png
fc3886de2f8908b46b8a44d6a839dfee,Assets/Art/Image/Scene/B1/a3/dj/a3草待机_046.png,Assets/Game/ColorTiming/Art/Image/Scene/B1/a3/dj/a3草待机_046.png
fc3e21c495d17814a90c36cb8637ae62,Assets/Art/Image/Boss2/Shenti/第二章boss_SkeletonData.asset,Assets/Game/ColorTiming/Art/Image/Boss2/Shenti/第二章boss_SkeletonData.asset
fc5a845d4a029ed4098c16600c84b22b,Assets/Art/Image/Hero/Sequence/feiji/skill/feiji_zi 1.anim,Assets/Game/ColorTiming/Art/Image/Hero/Sequence/feiji/skill/feiji_zi 1.anim
fc7894e719ba23544ac8b167e8c685f7,Assets/Art/Image/Hero/Sequence/feiji/skill/绿色飞机（空中）_0000.png,Assets/Game/ColorTiming/Art/Image/Hero/Sequence/feiji/skill/绿色飞机（空中）_0000.png
fc88f7fe895c79b43b43a9008dac111e,Assets/Art/Image/Hero/Sequence/Chuizi/Gongji/Lv/移动蓄力（绿）_0004.png,Assets/Game/ColorTiming/Art/Image/Hero/Sequence/Chuizi/Gongji/Lv/移动蓄力（绿）_0004.png
fc896bed4a365894bb9c92cd209e77d3,Assets/Art/Image/Scene/B1/a5/dj/skeleton-animation_023.png,Assets/Game/ColorTiming/Art/Image/Scene/B1/a5/dj/skeleton-animation_023.png
fc8efdc37e9e6ec4cbe85f174b130f39,Assets/Game/Scripts/HeroCamera_.cs,Assets/Game/Scripts/ColorTiming/Legacy/HeroCamera_.cs
fcc54b3a11d78474c826de648499fba5,Assets/Art/Image/Scene/B1/a5/c/a5草动_01.png,Assets/Game/ColorTiming/Art/Image/Scene/B1/a5/c/a5草动_01.png
fccd141cfe43e374eaab1772e3a6e029,Assets/Art/Image/Hero/Sequence/Siwang/被击杀后_0029.png,Assets/Game/ColorTiming/Art/Image/Hero/Sequence/Siwang/被击杀后_0029.png
fcd95fca10ab6c54d92e10b93b313a47,Assets/Art/Image/Weapon/Tip2/提示圈-第二章_0000.png,Assets/Game/ColorTiming/Art/Image/Weapon/Tip2/提示圈-第二章_0000.png
fcdbd47a88349994f8e3acb5df3a2130,Assets/Art/Image/Scene/B1/a2/dj/a2草待机_00.png,Assets/Game/ColorTiming/Art/Image/Scene/B1/a2/dj/a2草待机_00.png
fce46e014c4669d44b23697bc8325885,Assets/Art/Image/Scene/B1/jianci,Assets/Game/ColorTiming/Art/Image/Scene/B1/jianci
fd0042b1a53745644863a823aaceda90,Assets/Art/Image/Weapon/Tip2/提示圈-第二章_0003.png,Assets/Game/ColorTiming/Art/Image/Weapon/Tip2/提示圈-第二章_0003.png
fd1060661311f144b9ddb58bf03a934f,Assets/Art/Image/Hero/Sequence/Chuizi/Gongji/Hong/锤子攻击（红）_0003.png,Assets/Game/ColorTiming/Art/Image/Hero/Sequence/Chuizi/Gongji/Hong/锤子攻击（红）_0003.png
fd10baa67442a5e44b22954bb0c71faa,Assets/Art/Image/Hero/Sequence/futou/gongji/lv/绿色斧头蓄力完成（原地）_0003.png,Assets/Game/ColorTiming/Art/Image/Hero/Sequence/futou/gongji/lv/绿色斧头蓄力完成（原地）_0003.png
fd14019d81f20414fb1cd1c3f9db0185,Assets/Art/Image/Scene/B1/a4/c/a4草动_36.png,Assets/Game/ColorTiming/Art/Image/Scene/B1/a4/c/a4草动_36.png
fd180b7f2a72716439dc11854325fb98,Assets/Art/Image/Hero/Sequence/Chuizi/Daiji/红色锤子待机_0000.png,Assets/Game/ColorTiming/Art/Image/Hero/Sequence/Chuizi/Daiji/红色锤子待机_0000.png
fd3945cbc92d2ba4eb475331f6974108,Assets/Art/Image/Weapon/Tip2/提示圈-第二章_0008.png,Assets/Game/ColorTiming/Art/Image/Weapon/Tip2/提示圈-第二章_0008.png
fd7a939aa0a05004ab3d85017ad27c17,Assets/Game/Scripts/UI/UI_BossHPController2.cs,Assets/Game/Scripts/ColorTiming/Legacy/UI/UI_BossHPController2.cs
fd7f6af96f768fb44a2ab4ddd75f68dd,Assets/Game/Scripts/Death_sc_Over.cs,Assets/Game/Scripts/ColorTiming/Legacy/Death_sc_Over.cs
fd8581f53f4d71a4e8d320ad2db2552b,Assets/Art/Image/Scene/B1/a3/dj/a3草待机_026.png,Assets/Game/ColorTiming/Art/Image/Scene/B1/a3/dj/a3草待机_026.png
fd8805db5f5720e4a83c12674f055fd6,Assets/Art/Sound/boss_fast_stab_with_the_tail.WAV,Assets/Game/ColorTiming/Art/Sound/boss_fast_stab_with_the_tail.WAV
fdbbf093b7f0ce2449bbc9e7eec6a935,Assets/Art/Image/Scene/B1/a5/c/a5草动_29.png,Assets/Game/ColorTiming/Art/Image/Scene/B1/a5/c/a5草动_29.png
fde05abf1f7be4b4da1caf8c8de1823a,Assets/Plugins/Spine/Runtime/spine-unity/Shaders/Spine-Skeleton-Lit-ZWrite.shader,Assets/Plugins/Spine/Runtime/spine-unity/Shaders/Spine-Skeleton-Lit-ZWrite.shader
fdec68df549f918488bbff4a764b9a04,Assets/Art/Image/Scene/B1/a2/c/a2草动_50.png,Assets/Game/ColorTiming/Art/Image/Scene/B1/a2/c/a2草动_50.png
fdf7b57c72bb67147be2f8bdc2026ec1,Assets/Art/Image/Hero/Sequence/feiji/gongji/红色飞机投掷_0000.png,Assets/Game/ColorTiming/Art/Image/Hero/Sequence/feiji/gongji/红色飞机投掷_0000.png
fdfe16acb14132343bc44f5e4af4f5fd,Assets/Art/Image/Hero/Sequence/Chuizi/Gongji/Lv/攻击动作（绿）_0011.png,Assets/Game/ColorTiming/Art/Image/Hero/Sequence/Chuizi/Gongji/Lv/攻击动作（绿）_0011.png
fe05fbbd746c8d44fbaf7a86abd0b90e,Assets/Game/Scripts/XiaoCao.cs,Assets/Game/Scripts/ColorTiming/Legacy/XiaoCao.cs
fe259248b6f82bd429599cf6e0d1bfa8,Assets/Art/Image/Hero/Sequence/Chuizi/Gongji/Hong,Assets/Game/ColorTiming/Art/Image/Hero/Sequence/Chuizi/Gongji/Hong
fe2b24fa30039084ab1e3420da2790b8,Assets/Art/Image/Scene/B1/a5/dj/skeleton-animation_040.png,Assets/Game/ColorTiming/Art/Image/Scene/B1/a5/dj/skeleton-animation_040.png
fe2ca282cc150744aa6a1fbab9934ea6,Assets/Art/Image/Scene/B1/a6/dj/a6草待机_087.png,Assets/Game/ColorTiming/Art/Image/Scene/B1/a6/dj/a6草待机_087.png
fe2cd296da4b89e489ec1892133a9d7f,Assets/Art/Image/Hero/Sequence/futou/yidong/紫色斧头移动_0000.png,Assets/Game/ColorTiming/Art/Image/Hero/Sequence/futou/yidong/紫色斧头移动_0000.png
fe7004349e343ba40b00f36213515163,Assets/Art/Image/Hero/Sequence/jiandao/gongji/紫色剪刀攻击_0017.png,Assets/Game/ColorTiming/Art/Image/Hero/Sequence/jiandao/gongji/紫色剪刀攻击_0017.png
fe88d90f38f146244a84262f02216012,Assets/Art/Image/Scene/B1/a2/c/a2草动_00.png,Assets/Game/ColorTiming/Art/Image/Scene/B1/a2/c/a2草动_00.png
fe92f52b1ffb61f4e8a728c6aaa8e8ec,Assets/Art/Image/Hero/Sequence/Chuizi/Gongji/Zi/移动蓄力（紫）_0007.png,Assets/Game/ColorTiming/Art/Image/Hero/Sequence/Chuizi/Gongji/Zi/移动蓄力（紫）_0007.png
fea61d961166689429a4061bfcac4557,Assets/Art/Image/Scene/B1/a4/c/a4草动_29.png,Assets/Game/ColorTiming/Art/Image/Scene/B1/a4/c/a4草动_29.png
feaee464c4cdf484cbe2f4bb961512e5,Assets/Art/Image/Scene/B1/a5/dj/skeleton-animation_076.png,Assets/Game/ColorTiming/Art/Image/Scene/B1/a5/dj/skeleton-animation_076.png
febf8196d833d2441b1ea0b34014aed1,Assets/Art/Image/Scene/B1/a5/c/a5草动_28.png,Assets/Game/ColorTiming/Art/Image/Scene/B1/a5/c/a5草动_28.png
fed84f003c94f1441a5f08aa68fac439,Assets/Art/Image/Hero/Sequence/feiji/gongji/橙色飞机投掷_0011.png,Assets/Game/ColorTiming/Art/Image/Hero/Sequence/feiji/gongji/橙色飞机投掷_0011.png
fefd68802d1af2f4483965b0bdd4658e,Assets/Art/Image/Scene/B1/a6/dj/a6草待机_127.png,Assets/Game/ColorTiming/Art/Image/Scene/B1/a6/dj/a6草待机_127.png
ff099ca73c1e0b345869f27d00f89682,Assets/Art/Image/Scene/B1/a6/dj/a6草待机_070.png,Assets/Game/ColorTiming/Art/Image/Scene/B1/a6/dj/a6草待机_070.png
ff2162e79a2a3464ebf4344abfd7e9a1,Assets/Art/Image/Hero/Sequence/futou/gongji/hong/红色斧头蓄力（移动）_0017.png,Assets/Game/ColorTiming/Art/Image/Hero/Sequence/futou/gongji/hong/红色斧头蓄力（移动）_0017.png
ff3e12f8aecb0a6489b1348c1fccc15e,Assets/Art/Image/Hero/Sequence/Dao/daiji/红色刀待机_0006.png,Assets/Game/ColorTiming/Art/Image/Hero/Sequence/Dao/daiji/红色刀待机_0006.png
ff490e6f63cc21148857495082af4196,Assets/Art/Image/Hero/Sequence/Chuizi/Gongji/Lv/攻击动作（绿）_0008.png,Assets/Game/ColorTiming/Art/Image/Hero/Sequence/Chuizi/Gongji/Lv/攻击动作（绿）_0008.png
ff4db8f6bc5c99a46979bbe7da329c05,Assets/Art/Image/UI_Start/菜单页面2.jpg,Assets/Game/ColorTiming/Art/Image/UI_Start/菜单页面2.jpg
ff5445a7bbcc8234796f1b5636df7ca3,Assets/Art/Image/Scene/B1/a2/c/a2草动_26.png,Assets/Game/ColorTiming/Art/Image/Scene/B1/a2/c/a2草动_26.png
ff59e3fb7ff84034b831d936e4efbb07,Assets/Art/Image/UI_Set/开启音效（悬停）.png,Assets/Game/ColorTiming/Art/Image/UI_Set/开启音效（悬停）.png
ff6f6f1364a478f4fb1b265d9a555be7,Assets/Art/Image/Hero/Sequence/Chuizi/Gongji/Hong/原地蓄力（红）_0004.png,Assets/Game/ColorTiming/Art/Image/Hero/Sequence/Chuizi/Gongji/Hong/原地蓄力（红）_0004.png
ff77473f2dc34ac41bc5091b89800a92,Assets/Art/Image/ui/斧头操作提示.png,Assets/Game/ColorTiming/Art/Image/ui/斧头操作提示.png
ff8421b88a68df84c9bd42f3b9f9f3f1,Assets/Art/Image/Scene/B2/层级2.png,Assets/Game/ColorTiming/Art/Image/Scene/B2/层级2.png
ff8b57f88a4ae3546a661925c811a53a,Assets/Art/Image/Hero/Sequence/Dao/gongji/gongji_dao_hong.anim,Assets/Game/ColorTiming/Art/Image/Hero/Sequence/Dao/gongji/gongji_dao_hong.anim
ff95f6fbbb04108479ef86c4c5dbb1ea,Assets/Art/Image/Hero/Sequence/jiandao/gongji/绿色剪刀攻击_0012.png,Assets/Game/ColorTiming/Art/Image/Hero/Sequence/jiandao/gongji/绿色剪刀攻击_0012.png
ff99a8d07cfffc74caaacd29b22b948d,Assets/Art/Image/Hero/Sequence/Chuizi/Gongji/Lv/攻击动作（绿）_0009.png,Assets/Game/ColorTiming/Art/Image/Hero/Sequence/Chuizi/Gongji/Lv/攻击动作（绿）_0009.png
ff9b7a2ddc4c28141a0b126c1b2ab826,Assets/Art/Image/Hero/Sequence/Siwang/被击杀时的震动_0000.png,Assets/Game/ColorTiming/Art/Image/Hero/Sequence/Siwang/被击杀时的震动_0000.png
ff9d9bc7d0658384190c4c7ab6b6b1a6,Assets/Art/Image/Scene/B1/a6/dj/a6草待机_083.png,Assets/Game/ColorTiming/Art/Image/Scene/B1/a6/dj/a6草待机_083.png
ffc9642ebf91d5b488e667bc674ee4f0,Assets/Art/Image/Scene/B1/a2/dj/a2草待机_54.png,Assets/Game/ColorTiming/Art/Image/Scene/B1/a2/dj/a2草待机_54.png
