path,category,extension,bytes,sha256,guid
Assets/Art/Anim_Skill/sk_bo1_atk1.anim,animation-clip,.anim,10352,fc991f110024522cb7529f0fa6188e69352a51198cccaf11df0810ffd303dbe0,028d396f015c00041a13847633d256af
Assets/Art/Anim_Skill/sk_bo1_atk1.controller,animator-controller,.controller,2029,f7ab514267f22d7f23bf93c6a7c021b6b539b587fa9d52176e761ced5bfb3f0b,c6a0166d72a256a41a44875e7a1e12ad
Assets/Art/Anim_Skill/sk_bo1_atk3 1.anim,animation-clip,.anim,20633,444f5de4a03f62467590f3f1b9ae047779a47b5b7704922f4da5fb2a6db59b51,646b24c322e82244fa85b72b7077d6c1
Assets/Art/Anim_Skill/sk_bo1_atk3 1.controller,animator-controller,.controller,2029,3f4f89ecab77ab0d9fbdbf9cf93c095df54177967fc6ed12f543dbf2ec4cbbdc,a07b8fd0b3e95a04a80fe1e9728734d2
Assets/Art/Anim_Skill/sk_bo1_atk3.anim,animation-clip,.anim,17559,00fc708ed4f54cfed6dc6a9f2509e661519d70edd0273fec3e7cdbc9fe7b7ffe,f977a360756a0a1489b6579c5968b534
Assets/Art/Anim_Skill/sk_bo1_atk3.controller,animator-controller,.controller,2039,1e2af0feb8b87bf1d9c86831c5169015f0614c1ff6cebccacd4f8f5903cee479,4b89f4e0f7094f44fa68ab61ef47d80e
Assets/Art/Anim_Skill/sk_bo1_atk5 1.anim,animation-clip,.anim,15166,01bfd80b473e95e6baa413bf77f0c941e5714b57ccd6b483ceaa1ddadfe7dc62,76b3ae5ac13bd7643b9973b9fd70fa8a
Assets/Art/Anim_Skill/sk_bo1_atk5.anim,animation-clip,.anim,26978,d2040055ab88b86548ecc3564f309f5e31f0ca5d0b56dae9670a0acc2feb7471,f49e4b00bc8a3e34ab5a6b33a86b8468
Assets/Art/Anim_Skill/sk_bo1_atk5.controller,animator-controller,.controller,2843,92a87c17e5380ab4e5a0b5480ab791e0c98a724131af7687d8594933cee77945,1c8eaa97ec6fb344297d92a14d696867
Assets/Art/Image/Boss/Skill5/boos1_atk5.anim,animation-clip,.anim,15516,3b15e35267e4cfdf6466a6535d6623c34f5eb3d05dad5ca84c816c4711d5a338,767882ebdab486e498bfa708dff859ed
Assets/Art/Image/Boss/Skill5/boos1_atk5.controller,animator-controller,.controller,2029,c92a702cd4a9cab95a9ea951a2a6a01b70c2aea3645f4e498d4fff6a571b05e6,2dfeb5238af1fa64c867527119867aad
Assets/Art/Image/Boss/Skill5/尖刺特效_00.png,image,.png,10119,d05cf01dc235e5adf2f4dd7dabe1ff87eaab2dbe3f05e115f6759331597bfb44,678fd861b1813af4bb1c05604ef587f9
Assets/Art/Image/Boss/Skill5/尖刺特效_01.png,image,.png,20158,2c6f5ef93e89988e58002e6e26ed145c41362432e2efc467727f1817d3500446,cecbdca080af0c3469c41bdc0d389734
Assets/Art/Image/Boss/Skill5/尖刺特效_02.png,image,.png,41916,19cdb7927c6e3ed7efa0a90c604799794e327bc3510ee350896338bd3a6a6da8,8cc02214bb4c78244968011054dc5902
Assets/Art/Image/Boss/Skill5/尖刺特效_03.png,image,.png,70617,3910794745bdd6cddb6bbf4da5dcad487e4963e3fa9e2a1ac9f124479d46e985,6b8d19f63315f014ea4e79dfdf9ce6e8
Assets/Art/Image/Boss/Skill5/尖刺特效_04.png,image,.png,94259,9717ae589dde5aa6b96f103b12be4efe7c3b6ba13173559c541e7933fb1a0d72,606a42e56b5b4c445bc6db19b33b1ac1
Assets/Art/Image/Boss/Skill5/尖刺特效_05.png,image,.png,110148,eb29a23c80aa8990215ba34d499b0f8e8b9a9da9027dd12938e3b16a1f2b671a,a85484d4c7d650f4ab24c554908e804f
Assets/Art/Image/Boss/Skill5/尖刺特效_06.png,image,.png,105862,78fcb05bb0724d421579d263e6e037ad3c9214dd4ee02d62ae4eb54d254e7ded,58f3ea929bbb04840b11b05bbca56ab7
Assets/Art/Image/Boss/Skill5/尖刺特效_07.png,image,.png,97636,b483454896a6bc1a3a68027cbf5ce789973b0fd0027c85956488cc8e83896081,e53d54b8db5b46341869698aa6c4731f
Assets/Art/Image/Boss/Skill5/尖刺特效_08.png,image,.png,82841,fabf603fc496b1958e3ad88e1f0679300cb2b83529f39a74b140cf651058b048,42ac531609528254ea68f68d3dcc14c5
Assets/Art/Image/Boss/Skill5/尖刺特效_09.png,image,.png,72299,8a5c858fd634242f84ec71951f474461c39aec3c3c09a3dc14a34c8f4b9bbdf4,7cf47875abb4d4546a65fd90a9e201b3
Assets/Art/Image/Boss/Skill5/尖刺特效_10.png,image,.png,60440,230110142d4f9703445c1184f566865df0ffbe95875c39629a3f1c90fcd50839,06f8a77b77919ca4581acf6b5357665a
Assets/Art/Image/Boss/Skill5/尖刺特效_11.png,image,.png,49144,c870531bf274b484abeb3c3fd974cd5465061bb2e8d571928b52b27c2e901df4,f710818e9edfff14294a91f86d581a00
Assets/Art/Image/Boss/Skill5/尖刺特效_12.png,image,.png,37818,79051541ae294babe7cf0bd6fa5fa5d68719cbec7095810ec022bd44115392fd,5bd7c1b8d0eed1f419a33c5302f1146b
Assets/Art/Image/Boss/Skill5/尖刺特效_13.png,image,.png,29525,6a64de58fffa79c678e4dd0a43d246e3a1be2cf957e6de5a149d7da9845216cb,8b191f34375c3a74f987acf728a3682d
Assets/Art/Image/Boss/Skill5/尖刺特效_14.png,image,.png,25145,e15ddb384a2739d826a1e50c5ad2e6a266f2d033dde98b6f144908348203bd45,4c976d37faf5c1a42b25cac52ca213b1
Assets/Art/Image/Boss/Skill5/尖刺特效_15.png,image,.png,30503,e6b8b4f2bbcb62128ffc3ce4ceba2314e77e2443359bae0d31bc6ccde58f97ef,00017fc07162e0e4fb9daac66aad5f20
Assets/Art/Image/Boss/Skill5/尖刺特效_16.png,image,.png,38719,5630c9752f8a043b667e9a17a28faf72ae5382b5e7b9f1ad4b25241115d0939f,d677d8bf23f34944a850f58296ea43b5
Assets/Art/Image/Boss/Skill5/尖刺特效_17.png,image,.png,47038,9e0aa1a3ae1b410291bc5da366dc9e5c5b66aa95bf09ed0d01736c0eae536c63,35c9c61d0427a6d4786cc388e4f0160b
Assets/Art/Image/Boss/Skill5/尖刺特效_18.png,image,.png,53888,839963823aab67cefb1d9758bb05189038cb8181aefe1d0031bb95cf3909b6bc,9e5bdf30ca1849f42a6038f062ea7b06
Assets/Art/Image/Boss/Skill5/尖刺特效_19.png,image,.png,56792,fc420184a455326b93860c81937f87b75bade414f69815fd871a70b284d32b18,cdd80a37885a18844801ced4abceb283
Assets/Art/Image/Boss/Skill5/尖刺特效_20.png,image,.png,49298,e640e20c2dfb070e7d02080497963fc6cfda81bb3d4413011a5683812bc46375,b6b8a007cdba48e4992372c1ebea88a2
Assets/Art/Image/Boss/Skill5/尖刺特效_21.png,image,.png,46909,b73ef5de66cead7ad9fe7801e891beb355a4470f45a7640d0185e395fa2ef204,aed91ced9f0dc0b45ad4f9a410a4abab
Assets/Art/Image/Boss/Skill5/尖刺特效_22.png,image,.png,44475,bea50bbc6b4e1ad7bded58882adf8b31b885993d7f965e28d622ca3139149a2f,0773fa8ab08daad468a7261ead36d472
Assets/Art/Image/Boss/Skill5/尖刺特效_23.png,image,.png,42564,4ef541f7364ea4863fc72ec9aed63efb8be7c139929be46379a3d742a5c4b527,b6ace45bb5a852e4abda8b0f9d03bd30
Assets/Art/Image/Boss/Skill5/尖刺特效_24.png,image,.png,39081,bb8712b2b582a0a15472e418c2c65311b933f7e7494075f19a99f86ac28717d3,33306bfaad16b1047bd689a86af86b96
Assets/Art/Image/Boss/Skill5/尖刺特效_25.png,image,.png,39081,bb8712b2b582a0a15472e418c2c65311b933f7e7494075f19a99f86ac28717d3,ab87178392f9fd04fb2580d48a097b2f
Assets/Art/Image/Boss/Skill5/尖刺特效_26.png,image,.png,39081,bb8712b2b582a0a15472e418c2c65311b933f7e7494075f19a99f86ac28717d3,5676249191156c3499dc8ff6bf2855e0
Assets/Art/Image/Boss/Skill5/尖刺特效_27.png,image,.png,39081,bb8712b2b582a0a15472e418c2c65311b933f7e7494075f19a99f86ac28717d3,4163d5a6f734dd34098193fe8a2aa1b5
Assets/Art/Image/Boss/Skill5/尖刺特效_28.png,image,.png,36362,c6a5c9a7999f8bea72f9eaa434ef855faf0cef801ac9368becc129ea2d884d5c,6b02f05333d6f0449842fb8d7f716725
Assets/Art/Image/Boss/Skill5/尖刺特效_29.png,image,.png,36362,c6a5c9a7999f8bea72f9eaa434ef855faf0cef801ac9368becc129ea2d884d5c,011755bd7f1d7a84b81f67380d839abf
Assets/Art/Image/Boss/Skill5/尖刺特效_30.png,image,.png,36362,c6a5c9a7999f8bea72f9eaa434ef855faf0cef801ac9368becc129ea2d884d5c,c50362a843b66f94d8e295e23ade990e
Assets/Art/Image/Boss/Skill5/尖刺特效_31.png,image,.png,36362,c6a5c9a7999f8bea72f9eaa434ef855faf0cef801ac9368becc129ea2d884d5c,3c7de28b853f73d4f9fc696071662c33
Assets/Art/Image/Boss/Skill5/尖刺特效_32.png,image,.png,33339,828982cffb45b45f6ad6aa42f04adb4fb981a3594cf575d6dfa5d71c9e636492,3fe9645f79623c44faed21cf875334c7
Assets/Art/Image/Boss/Skill5/尖刺特效_33.png,image,.png,33339,828982cffb45b45f6ad6aa42f04adb4fb981a3594cf575d6dfa5d71c9e636492,c4f33bf030b9ea54186704d90cb90fe4
Assets/Art/Image/Boss/Skill5/尖刺特效_34.png,image,.png,33339,828982cffb45b45f6ad6aa42f04adb4fb981a3594cf575d6dfa5d71c9e636492,35cde3e595bfeff4695099efa47fea5c
Assets/Art/Image/Boss/Skill5/尖刺特效_35.png,image,.png,33339,828982cffb45b45f6ad6aa42f04adb4fb981a3594cf575d6dfa5d71c9e636492,a239b90e959b81d4e9193d9d91e06dfa
Assets/Art/Image/Boss/Skill5/尖刺特效_36.png,image,.png,34260,353a87583f51b1ffd7ed877cd529719014e97288f9a53e088aef033dcfcbf3f8,3dd864925a4b91741af4d0e130255271
Assets/Art/Image/Boss/Skill5/尖刺特效_37.png,image,.png,34260,353a87583f51b1ffd7ed877cd529719014e97288f9a53e088aef033dcfcbf3f8,a55f4fdb65ad0c544884dca4a25b1817
Assets/Art/Image/Boss/Skill5/尖刺特效_38.png,image,.png,34260,353a87583f51b1ffd7ed877cd529719014e97288f9a53e088aef033dcfcbf3f8,73d0f67157062764681a2a1605f78f1d
Assets/Art/Image/Boss/Skill5/尖刺特效_39.png,image,.png,34260,353a87583f51b1ffd7ed877cd529719014e97288f9a53e088aef033dcfcbf3f8,22e89beed3661664babc0f5cb56a7424
Assets/Art/Image/Boss/Skill5/尖刺特效_40.png,image,.png,37917,d075cf8b8e88ab3af3540dd9e1d36fce282ec977d3ebf9f9a177bb44e6b71f31,355d3768a5836144cb35283c1404f950
Assets/Art/Image/Boss/Skill5/尖刺特效_41.png,image,.png,37917,d075cf8b8e88ab3af3540dd9e1d36fce282ec977d3ebf9f9a177bb44e6b71f31,3e6d2e6351196bc42baa90e2ac09c3ca
Assets/Art/Image/Boss/Skill5/尖刺特效_42.png,image,.png,37917,d075cf8b8e88ab3af3540dd9e1d36fce282ec977d3ebf9f9a177bb44e6b71f31,c2f7891da0f561142bb65408914ec99d
Assets/Art/Image/Boss/Skill5/尖刺特效_43.png,image,.png,37917,d075cf8b8e88ab3af3540dd9e1d36fce282ec977d3ebf9f9a177bb44e6b71f31,f1086377c0314f743b9603c80c5e1507
Assets/Art/Image/Boss/Skill5/尖刺特效_44.png,image,.png,49781,46856887b08175be2bb497f9866f929fa16498aa29c80d5be7e40939a32aa309,3c13a64cebebf6d4ca1df5eba441e5ee
Assets/Art/Image/Boss/Skill5/尖刺特效_45.png,image,.png,49781,46856887b08175be2bb497f9866f929fa16498aa29c80d5be7e40939a32aa309,7288a62bffad37c4b8c66702eaab3379
Assets/Art/Image/Boss/Skill5/尖刺特效_46.png,image,.png,49781,46856887b08175be2bb497f9866f929fa16498aa29c80d5be7e40939a32aa309,7189d7c7735cd014a929082a1cdc6fe3
Assets/Art/Image/Boss/Skill5/尖刺特效_47.png,image,.png,49781,46856887b08175be2bb497f9866f929fa16498aa29c80d5be7e40939a32aa309,b1cb08a837c3d8f498696b71d8f1744c
Assets/Art/Image/Boss/Skill5/尖刺特效_48.png,image,.png,43044,d7af6749dd6d8abb9f196cc9765f240e90d7853681a72cc7b0bbe407eee27d8e,9d0682a2f21708b49902ff6325b0ae53
Assets/Art/Image/Boss/Skill5/尖刺特效_49.png,image,.png,43044,d7af6749dd6d8abb9f196cc9765f240e90d7853681a72cc7b0bbe407eee27d8e,4cf5dc816465d6b44b50c73b56ac5bd4
Assets/Art/Image/Boss/Skill5/尖刺特效_50.png,image,.png,43044,d7af6749dd6d8abb9f196cc9765f240e90d7853681a72cc7b0bbe407eee27d8e,b9c4a768655cdfa4e9379ef0e595c7aa
Assets/Art/Image/Boss/Skill5/尖刺特效_51.png,image,.png,43044,d7af6749dd6d8abb9f196cc9765f240e90d7853681a72cc7b0bbe407eee27d8e,22572953f309ff7469569d4cd0aedae2
Assets/Art/Image/Boss/Skill5/尖刺特效_52.png,image,.png,45292,62868156389256d81483ae6c8248ab450c893aeaf6a77a4834bdff1d32a30c33,f9233e77eaecd2d4ba2af6989c0ad945
Assets/Art/Image/Boss/Skill5/尖刺特效_53.png,image,.png,45292,62868156389256d81483ae6c8248ab450c893aeaf6a77a4834bdff1d32a30c33,110af4acc6a791946aa99b44493d80fd
Assets/Art/Image/Boss/Skill5/尖刺特效_54.png,image,.png,45292,62868156389256d81483ae6c8248ab450c893aeaf6a77a4834bdff1d32a30c33,088fa8df69d412749aa2cd0c7d8c95ab
Assets/Art/Image/Boss/Skill5/尖刺特效_55.png,image,.png,45292,62868156389256d81483ae6c8248ab450c893aeaf6a77a4834bdff1d32a30c33,33e2298a5ad449a418560ef0e25aedc3
Assets/Art/Image/Boss/Skill5/尖刺特效_56.png,image,.png,48488,af39b8deec70bafde2a93b5c43158691b5bfd03225610df8f0689d802468c268,1661267696dfe4d4596db0c5c1a82aec
Assets/Art/Image/Boss/Skill5/尖刺特效_57.png,image,.png,48488,af39b8deec70bafde2a93b5c43158691b5bfd03225610df8f0689d802468c268,51082e0e4ce876e44b957cc7a9f1a307
Assets/Art/Image/Boss/Skill5/尖刺特效_58.png,image,.png,43358,af457f96ff2af1c4199754a6da4da76d9cd26b380341e0a7ec29b954e8f2a924,9c8d734d4083ce24389362c67b632486
Assets/Art/Image/Boss/Skill5/尖刺特效_59.png,image,.png,36707,7b99267a42ab8c530e7b0e607d255d592b61a678d923617f3621786098f3cd10,86558463a19d5004182f15033ec0194d
Assets/Art/Image/Boss/Skill5/尖刺特效_60.png,image,.png,31822,ed0555f59b71220b20e29922911c89dd46dfb313076dbff5879fc1654b6d3b33,8eef70a88866fda429c84318170b892f
Assets/Art/Image/Boss/Skill5/尖刺特效_61.png,image,.png,25598,b271f242f7b510ad7f4098057a287161687532d034d297612ff7ee0e7d8450c7,50da5f77689dac44a888778fa70ee1fd
Assets/Art/Image/Boss/Skill5/尖刺特效_62.png,image,.png,19622,6730207bd3858c5f543240591271019e513bdb5234c2ccadea15bbed97eed4a9,14b581f82a0f12d43959337d50144e02
Assets/Art/Image/Boss/Skill5/尖刺特效_63.png,image,.png,14024,67dec9b5f84b363b61a51bc4b65686831903a2a98642bf4afe38798c83bcfe24,f9cd82e7f2f1a2b44a25423db9625c57
Assets/Art/Image/Boss/Spine/BOSS拆分.atlas.txt,spine,.txt,13369,f889c24d1558629888b0557b3d6ed3957890e42c1e98186ecf893a4762b48d38,61d036d31e2c55f429b7473e68c70fe2
Assets/Art/Image/Boss/Spine/BOSS拆分.json,spine,.json,907165,9f759842ca1c9a970156fa223a7eb3cc87fae03309357c76f3ac2127aea8c943,e9dcdb73702f5df45915ca6cf4636581
Assets/Art/Image/Boss/Spine/BOSS拆分.png,image,.png,3288734,5123787c95cb34f28f24123d7377b7647ba360e8b702d6c8ff74168264fbb5e4,7be128b4a712111419382d0805db0736
Assets/Art/Image/Boss/Spine/BOSS拆分2.png,image,.png,1036435,52a9e81ac3a1984a15a62ecdf11da8c9f37393214e37c87755b01aa283507133,a7e295fec558cac48bc2293760567ea5
Assets/Art/Image/Boss/Spine/BOSS拆分3.png,image,.png,2967822,11b9544434205b8c5fb2381a104953234551b85dd06b458aef3d1ab3435f4e33,04f9f3569efa39046a47cc4a4272589b
Assets/Art/Image/Boss/Spine/BOSS拆分_Atlas.asset,other,.asset,719,e6231eac4e0a153c2ffd89b095c9ba40b2908c1d2c10638baf1ff0b48208f406,0315b875b16b2384bb0e6d6a1b83552b
Assets/Art/Image/Boss/Spine/BOSS拆分_BOSS拆分.mat,material,.mat,1306,afd284f01736354f40d4d9955d467c28d1c76e09ed18465c944541ac8ad89247,a5ed0e6deb909e84090667a3a9ea303c
Assets/Art/Image/Boss/Spine/BOSS拆分_BOSS拆分2.mat,material,.mat,1244,d1f03646aa2bdd6b8bd0c915b8ffb2f68368bb5f74c404d7522fb0b585eb5077,2087247a8fd9db44fa6fde1969252651
Assets/Art/Image/Boss/Spine/BOSS拆分_BOSS拆分3.mat,material,.mat,1307,eec56a9e932f771c712217d4a066d66c43a7ff7744c802a3f5d85f3ba7e8a092,27e5348977c7cc9408caca46a17cda26
Assets/Art/Image/Boss/Spine/BOSS拆分_SkeletonData.asset,other,.asset,925,34c531262a5777dd2aefc349b5e39b0f787d3ed440687387d69e6896ab634974,98d23c064bb04a04eb49b5291e82c26b
Assets/Art/Image/Boss/Spine2/BOSS拆分.atlas.txt,spine,.txt,11059,4dedb37256a3e70b8d1039b77d43fe7c5d9a0c4b68c0bb29108746e987f2b475,7d09382f74b979f4a93d1b205003029a
Assets/Art/Image/Boss/Spine2/BOSS拆分.json,spine,.json,808164,4f136ca915548c30d8b1bacc7c53487dda927c9beddfbb9957d03c146481d7d2,e32663fae73001a46b222c6ee1f60fba
Assets/Art/Image/Boss/Spine2/BOSS拆分.png,image,.png,1513730,333892c427dee9bddcb610e33d05cf7fd132e9054ab7a350b28865afdf1fc9d8,896612350a0c41840b8695371978e66d
Assets/Art/Image/Boss/Spine2/BOSS拆分2.png,image,.png,1063136,98717f8cf1f080edc819041b104518fb48e37140bc21a2897566fa1ae776a7cb,938cd315239056140857e49e2d33f4fd
Assets/Art/Image/Boss/Spine2/BOSS拆分_Atlas.asset,other,.asset,648,3ee6e35bd97bd1af85f4251df98bd76db96f4dab09380f5fab16ba3c4daa75ec,ed258493659aa7748922ebd7a65d6629
Assets/Art/Image/Boss/Spine2/BOSS拆分_BOSS拆分.mat,material,.mat,1243,a75114c60e6ccd142d12bb1869a7097bc1bfbb91f71c077323b283ae45e0e7e3,074bfed9c6e13274b96da100303a4840
Assets/Art/Image/Boss/Spine2/BOSS拆分_BOSS拆分2.mat,material,.mat,1244,2eec5e20c0c2d7f60302806eb44d895cfdfe6fa8f76ade82fa2f6cba15d16c2c,5c48b75d3e6a5c2409b275d7d38e43e6
Assets/Art/Image/Boss/Spine2/BOSS拆分_SkeletonData.asset,other,.asset,925,cdb1aae3364210f9ab9d6d7e5c810ef5717f4ca38155c78070e24bfa6647af3a,1471665379333eb48853cc1cd387fb32
Assets/Art/Image/Boss/tip/BOSS拆分.atlas.txt,other,.txt,425,ed1c79e8e0cacf11266ed14f1b2226a26a87bfee047e2b23e468132258e6aa66,a30c0481a07fdde409a4f6f40bd7206b
Assets/Art/Image/Boss/tip/BOSS拆分.json,other,.json,10883,3d12fcebc934f58ed55a87f24d4c6e5d7106912e1aa48c17eaf8e096e6dba172,61e36f6f4a5622e4d9b19667e9e9eed3
Assets/Art/Image/Boss/tip/BOSS拆分.png,image,.png,1012909,56d8392a22a85dd9af704b5bcadfe4b98d123637fc14ad66a1c088d0989c1fa2,a4e67bc277ab3814fa0787a556a0829e
Assets/Art/Image/Boss/tip/BOSS拆分_Atlas.asset,other,.asset,577,0eb70bee79a4af78c041bcf32c035ed79e1152698eefbdae506679dc1c31b1c5,e94dad67ace93dd47b3335d4f19412e6
Assets/Art/Image/Boss/tip/BOSS拆分_Material.mat,material,.mat,1235,5e42f7772276d3d028857e8e40cedb922bfb787dab27e6271199241e7cb9b858,05055f6bd54561a4189ed7fccf84e011
Assets/Art/Image/Boss/tip/BOSS拆分_SkeletonData.asset,other,.asset,925,ce8e69f67c8ffb299c1c33a5f1e49d1c4fdb9b3c953cda522371ce2d36ac5eb9,1f710327cbfcf834abe159e4ccc7caba
Assets/Art/Image/Boss/tip/攻击1范围_0000.png,image,.png,125273,7923a5e0dcc872380fd4fa6166e07428b8d747b14aed9e0310cfb0394dc3c43e,73eec47925988be46a9d10289a3dac80
Assets/Art/Image/Boss/tip/攻击3范围_0000.png,image,.png,360304,fd0c121ede13621187c1d76b4b92beaccdb13725f782fc2ebdb173a9e899c705,9e72e0f3a5cf5fb4f889c0d5907e370f
Assets/Art/Image/Boss/第二关BOSS拆分3.png,image,.png,1043606,6f200b2982e8bbc51e829bd1607dce4b1be6e6e753ba76a133b1fc581c9e8066,917b68b841252f546a3befe360845209
Assets/Art/Image/Boss2/di/skeleton.atlas.txt,other,.txt,1276,e3c333e81446ba0076c30454f9a224bf53b5fc7bdb6020ad3746e6b6740252c4,24bc1889646f9bf46bfb5517cdb84c7c
Assets/Art/Image/Boss2/di/skeleton.json,other,.json,38519,da2391277b319e5eeda850fe07701519c0abbf1edb9a970efb25f122bdfce03b,69f5be3f196def547a8d7905fbf5eeb3
Assets/Art/Image/Boss2/di/skeleton.png,image,.png,248470,d2bd721e39b8d68a9684ff23ab172b0bf1ebb133541ba77467d0e4f9ead808a3,99279c282c2811f44ad478dcc2dc6116
Assets/Art/Image/Boss2/di/skeleton_Atlas.asset,other,.asset,567,13ad89c5440f2ec4081856e7e243f69dac105d062f8d5cc17ce1081a82f9709d,1ce4f1f2caf188049a6f2139ec210d1d
Assets/Art/Image/Boss2/di/skeleton_Material.mat,material,.mat,1225,cd4981f1c9710bcfdb4a6cb0df0a09f828e802a7f49efacd13c1fe552a56b74c,72cfeea0a32b865478155a01e157215b
Assets/Art/Image/Boss2/di/skeleton_SkeletonData.asset,other,.asset,915,bc772fac4aa92a85818c6c6a83baadf535870f935cf55b0e69fb7054d2313b0f,d48737d85c9aac741bcc1de511ccd71e
Assets/Art/Image/Boss2/Shenti/第二章boss.atlas.txt,other,.txt,7389,c6c4099a8476bef5edffa096a503075e0073e175513f628de91c6f4a3943b91f,8eb9022914ed9d446b9af2f3c04370d1
Assets/Art/Image/Boss2/Shenti/第二章boss.json,other,.json,457551,81f9f15153d239fa3822555d54623ea2c175d24b3307ced721d7fffbc5ad7a91,3a391c6f2a00bb44599a1995bb2c877d
Assets/Art/Image/Boss2/Shenti/第二章boss.png,image,.png,25127178,8f0d0db87b8f074a4de69efd18aea45dc2110cf81c8b434189476fac131be966,f44a00597ce7d0242a6dea94ad8aad3f
Assets/Art/Image/Boss2/Shenti/第二章boss_Atlas.asset,other,.asset,583,2dfc1f3c5edd902ad848f5c7da5c5b6941e0464ac5f7cb05c3db825074b8b192,d7a232f281fe777468ef24a67f2492fa
Assets/Art/Image/Boss2/Shenti/第二章boss_Material.mat,material,.mat,1448,f666b958ee1ca3dca75d917da5441ab6e4fc3630df0e97ca2d174a0cf262b865,b9a4db145f9414b439871779f8fc8b03
Assets/Art/Image/Boss2/Shenti/第二章boss_Material_InsideMask.mat,material,.mat,1252,b08cecf94e76a2fa5219d2d6db828a8d165ab53ac4bedfa40604ebf24932f7ca,5eefe88f54e7f4f4f9b5fbb23110bfe5
Assets/Art/Image/Boss2/Shenti/第二章boss_Material_OutsideMask.mat,material,.mat,1253,81fde051f319191dbe9fba929c42c205a189c0596645c5a9aa91b65cf460f505,36860eee3e36bca4292322a762392d81
Assets/Art/Image/Boss2/Shenti/第二章boss_SkeletonData.asset,other,.asset,931,564153b3a2fab2b076a4081a43ca1c002820c86e13fd3544fcc6b03e2f56b039,fc3e21c495d17814a90c36cb8637ae62
Assets/Art/Image/Boss2/Skill/boss2_atk2.anim,animation-clip,.anim,3197,6132b6ab8a55fd8093b350c147800d2ed7a67c70ddffd0886484d3fc7b066970,08068c1bc7b706f4a80f6b176575fda1
Assets/Art/Image/Boss2/Skill/boss2_atk2.controller,animator-controller,.controller,2030,af51db649109c441ff9c00570caf55a6f815683816e63b187b2ce3fa427397d7,2e885c0a36626b844a10020b52224609
Assets/Art/Image/Boss2/Skill/地面警示圈.png,image,.png,22151,5e069040b510da9b6dea45446b20ae9f9f1439b848d1d45854daab4f64aff061,75e51931d2365ef4d99900e17287b60e
Assets/Art/Image/Boss2/Skill/拖尾_0001.png,image,.png,20588,572972c97744ffd89d5482c4e1a6a0e9950916229aa2dc4b8515131d50b7651b,cbf052cf43fb18c4e887e930b848266a
Assets/Art/Image/Boss2/Skill/拖尾_0002.png,image,.png,20691,60013b8e60601f1c05e33638ea83d6be336eb3e9d320bc1f1426fb2b02911ab0,ad01cc737f1a6b0428504c80f8912529
Assets/Art/Image/Boss2/Skill/拖尾_0003.png,image,.png,19780,d732ac91ddda9bd22b81981984321aa04a0d17c2521632b5b7699454f044fd90,9df552d20df8c2745a780fcc610a138d
Assets/Art/Image/Boss2/Skill/拖尾_0004.png,image,.png,20473,69cb846ad10b7ed7c8289d3051caa64cd8b02263c0c9f0e22ede68a16588803d,db419677d215c5d43a22f2144f4f756c
Assets/Art/Image/Boss2/Skill/拖尾_0005.png,image,.png,21186,17cc092492f3e4a559f786cafeb6e77d0e080c4922bac7bd70b353da1f914d9a,24f3eaab54fdd90409fd3fdfdb36d0ab
Assets/Art/Image/Boss2/Skill/拖尾_0006.png,image,.png,21458,5f9f8312f112dd2909b4c35ff033c6f930e9e99feec7d1bd46cf0840433042dc,76315a56c697cca4a99bcb489ec8ab92
Assets/Art/Image/Boss2/Skill/拖尾_0007.png,image,.png,22190,4414dee2d7016fb7ff66f50bb085361d8987b5e8719809486b498e8418ca4d3b,75ae3b9e74fb63048b7ac9fee8c29f46
Assets/Art/Image/Boss2/Skill/拖尾_0008.png,image,.png,21438,28c9575a139b6ff5d4f4a29ae02d2e6fd36e386c66e088d950d4527b7b690667,53138c23630b2074c953a7bd48197c8f
Assets/Art/Image/Boss2/Skill/拖尾_0009.png,image,.png,20702,68a8e135317f80969d96fd2a885fb4570c81b73f3f0643474859ddbd9c654bbe,c868cb127d511b748af0c8e24c925287
Assets/Art/Image/Boss2/Skill/纸团.png,image,.png,30012,25f895d8f4bf58641d7ac57f97529a5b4eb83c10054736e8476328d065b5c4b3,790b8dee5fd31504fbe99e53b59b37bf
Assets/Art/Image/Boss2/Weiba/尾巴出土前地面范围.png,image,.png,6049,d87fb6401e01d2daacd2860201339a5dba966e661e12a6ed6bc5590738ad8f5e,31cc415ac7dd2704fa3564ee610f30ca
Assets/Art/Image/Boss2/Weiba/第二章boss.atlas.txt,other,.txt,1868,edac781abd540485ccafe706f1dfe3680cd9c1e676e5399fc2ffe1e06f8202fd,f169a7c0e01dddd419868384213b8807
Assets/Art/Image/Boss2/Weiba/第二章boss.json,other,.json,210644,e232098bf3c5e9c07c51e25ef68ef1338f055f1a5637f30cab48be797b98f557,8f6ccb737cf962a4486dee3cddde182c
Assets/Art/Image/Boss2/Weiba/第二章boss.png,image,.png,24342928,d48ae895c72ac652cc616137b877055f964994a2146100a865d0eb05c4101986,b52cbbfa83ae5ad4187727450f2f3e42
Assets/Art/Image/Boss2/Weiba/第二章boss_Atlas.asset,other,.asset,583,1b9eb21c64bf2dc9eefcc32ddcf0fa5a53c62cad32a04c0739daf0873f3c829e,d221a2dad5db9964394441804659f89c
Assets/Art/Image/Boss2/Weiba/第二章boss_Material.mat,material,.mat,1771,3c795d7972e75bc2948917986db206db771fcd32e159e715b98b27fce43e5d7c,f73935a112196c542906dc141b11ea71
Assets/Art/Image/Boss2/Weiba/第二章boss_SkeletonData.asset,other,.asset,931,137df1825c4df0157b1e723321a362968bee81a622c52398b2c1b6fda13f20ee,4cd91975044e1d948ae94c226a0963b5
Assets/Art/Image/Hero/Anim/Hero Animator Controller.controller,animator-controller,.controller,503993,25e14874b7218e11d69e103685649307919fd439d747c1a981e843708ec99b7e,c90dc2f73ab1092449c712ee104a01ce
Assets/Art/Image/Hero/Anim/HeroTest.controller,animator-controller,.controller,21851,768cc00b9680fad8d7bcd717f1f793e38a5796e968c6afa9f26498c7ac637cca,b090240f0e045bc4686f977db9fa7e72
Assets/Art/Image/Hero/Anim/t.anim,animation-clip,.anim,1785,72f3a1a80db20db3915c9742fcfed0cb9146159fbdc98287bf7eed522a38cf6e,458e8dc9c1e3a524e92a43cd83ddf13f
Assets/Art/Image/Hero/Anim/tttttt.controller,animator-controller,.controller,2034,450d241af550a6be7e682c4d6c18ac82cb9c37dcec2e529bb4ed47816b43ef65,620e954c19fd37042890ae4643d09440
Assets/Art/Image/Hero/Sequence/Chongci/dash.anim,animation-clip,.anim,3847,140653adc233037745418e1321115b5253de7608f41a05efb8fde7681337200f,cbb65f57cfa1cec4d86d88bdbc693e1a
Assets/Art/Image/Hero/Sequence/Chongci/冲刺_0000.png,image,.png,17221,fd2d130448a050e367a840a0cb9a23d7d239d97f4d99d28347ec16b0111b91f7,6f043e63995efc54e8dd9bc1eeb472c2
Assets/Art/Image/Hero/Sequence/Chongci/冲刺_0001.png,image,.png,19828,c3891ea08939a7217f2cdc868e638b8661cbe7ebb9a444710d65d4087437268c,bfacabfe0c3139645b2c66fd7f0b5056
Assets/Art/Image/Hero/Sequence/Chongci/冲刺_0002.png,image,.png,41788,39caf7724e9fb4cfa9084793e9eb9a927dea71a7a11c4cb2544c6cc3afae97f3,4a6d63aaaa648b340b1d81cef71206c9
Assets/Art/Image/Hero/Sequence/Chongci/冲刺_0003.png,image,.png,36262,c202acfd00bc8117687c708beac06a0529c4e7c0a0027bd4f62bb23e8fbf9909,2ec66b6e97272e54fa3532e6c7b021e1
Assets/Art/Image/Hero/Sequence/Chongci/冲刺_0004.png,image,.png,39802,a7b2c812962e0f5822a4203c1593ec0d68bb75df4f9fa7142b6004cc9ddb6134,3cff6f038effa2447afa71d65d896c4b
Assets/Art/Image/Hero/Sequence/Chongci/冲刺_0005.png,image,.png,41555,f96c01380c710236315003eb501afaaa3bffd028483c75fb9ec147e22b59a98f,a2be52afba6307d4e905c124b19f619f
Assets/Art/Image/Hero/Sequence/Chongci/冲刺_0006.png,image,.png,37155,9a080c328884ba3d9a6d7f181467418686e628f8f5fcc3724205bacf6c0239bd,654fa57198872904995483df480ca29e
Assets/Art/Image/Hero/Sequence/Chongci/冲刺_0007.png,image,.png,34732,249af3cd6f84c7bdd7e91c157dbb6bbf3199d9bd5c30d7d7bfc1ad678e7898d1,8c391017874419f419b411468442fd79
Assets/Art/Image/Hero/Sequence/Chongci/冲刺_0008.png,image,.png,35950,f4ae2b3ff6c7f7e2d889b17b748da434381ccadc718cb02cddf84b045a8c0f54,2831df0195f2e3341ad235fa71b8b7eb
Assets/Art/Image/Hero/Sequence/Chuizi/Daiji/daiji_cuizi_hong.anim,animation-clip,.anim,3730,c4e5b02a57496f2dff6822393b9ed33688f0dc627f9cb0cbe5b2ec16601451a3,64034bbd8ef5d474a92037e9664b99b6
Assets/Art/Image/Hero/Sequence/Chuizi/Daiji/daiji_cuizi_lv.anim,animation-clip,.anim,3728,9c130500dd00266efd9170e6ddcb01f90d0934825b68a41d7561e2bbd0eaae75,e59f4e0e50fb2084c925394fdb095fb1
Assets/Art/Image/Hero/Sequence/Chuizi/Daiji/daiji_cuizi_zi.anim,animation-clip,.anim,3728,b33370b12c2e942a173594ad8c90625afb7af86453b9fe9352f4c7684be174f8,97db99bc4b9853444ade02cfc96e9b55
Assets/Art/Image/Hero/Sequence/Chuizi/Daiji/紫色锤子待机_0000.png,image,.png,29859,e836c0d482bba7466e25e5213fbbc967aeab20fdd615c8ed8a2f847d76c30ad1,96940ddc9831d1d4ab551e3810a29d28
Assets/Art/Image/Hero/Sequence/Chuizi/Daiji/紫色锤子待机_0001.png,image,.png,29859,e836c0d482bba7466e25e5213fbbc967aeab20fdd615c8ed8a2f847d76c30ad1,6ce6725b88a0e014bb4e5e8d87260191
Assets/Art/Image/Hero/Sequence/Chuizi/Daiji/紫色锤子待机_0002.png,image,.png,29184,cb765df087c5b3d7757d8caa3267e6f04fdee29b61363837da29cd202d082abe,fb726993067adb442865009bd70df920
Assets/Art/Image/Hero/Sequence/Chuizi/Daiji/紫色锤子待机_0003.png,image,.png,29184,cb765df087c5b3d7757d8caa3267e6f04fdee29b61363837da29cd202d082abe,07eb814c7b7fa8c43a88aeead692eb96
Assets/Art/Image/Hero/Sequence/Chuizi/Daiji/紫色锤子待机_0004.png,image,.png,30163,0fba486cb0bc758635d455de1ed638a38eae20bfb64454972dfcff07c6a78adb,d162a4ee204374e4f95c40d7d569cd26
Assets/Art/Image/Hero/Sequence/Chuizi/Daiji/紫色锤子待机_0005.png,image,.png,30163,0fba486cb0bc758635d455de1ed638a38eae20bfb64454972dfcff07c6a78adb,2820ae41a3a57cc4783d6714324a107d
Assets/Art/Image/Hero/Sequence/Chuizi/Daiji/紫色锤子待机_0006.png,image,.png,29018,78a70f176b58bba32c3fd20f3afcc9271a0335bc95d99761df965cd8cf2ca123,293fe58c7b5499c489c990e4091830e2
Assets/Art/Image/Hero/Sequence/Chuizi/Daiji/紫色锤子待机_0007.png,image,.png,29018,78a70f176b58bba32c3fd20f3afcc9271a0335bc95d99761df965cd8cf2ca123,e08e1b799f3ac544688c8eb366eaa94d
Assets/Art/Image/Hero/Sequence/Chuizi/Daiji/紫色锤子待机_0008.png,image,.png,29759,1ce16cebc1ac3ec15d570db33fe6cf789c73df19de9256719e490c7012f80aa6,376dbfa41bb390f4eb3555407b225a77
Assets/Art/Image/Hero/Sequence/Chuizi/Daiji/紫色锤子待机_0009.png,image,.png,29759,1ce16cebc1ac3ec15d570db33fe6cf789c73df19de9256719e490c7012f80aa6,722b608aaf7c6fb4fa193186991b4a1d
Assets/Art/Image/Hero/Sequence/Chuizi/Daiji/紫色锤子待机_0010.png,image,.png,29063,8620a2797771b641b0164cf84a964023195d2336b2e06882c55402a77435432d,2f297f3e54671e54d93d5686828c702b
Assets/Art/Image/Hero/Sequence/Chuizi/Daiji/紫色锤子待机_0011.png,image,.png,29063,8620a2797771b641b0164cf84a964023195d2336b2e06882c55402a77435432d,50f4bc33864ee9e49b61b74a69a963f4
Assets/Art/Image/Hero/Sequence/Chuizi/Daiji/红色锤子待机_0000.png,image,.png,29501,91c2f9cc3432f5fc05d946ffe9bfa7a4af1becec701e7b4669685ceb8f46dbab,fd180b7f2a72716439dc11854325fb98
Assets/Art/Image/Hero/Sequence/Chuizi/Daiji/红色锤子待机_0001.png,image,.png,29501,91c2f9cc3432f5fc05d946ffe9bfa7a4af1becec701e7b4669685ceb8f46dbab,28d701741dd14b04c907895fe1cf01eb
Assets/Art/Image/Hero/Sequence/Chuizi/Daiji/红色锤子待机_0002.png,image,.png,28908,998a357a6620ddb3cd8c5e830024684926072ff6c930e1c01048669b69f1f304,0ff59fd13e465414d951d1a548e4194c
Assets/Art/Image/Hero/Sequence/Chuizi/Daiji/红色锤子待机_0003.png,image,.png,28908,998a357a6620ddb3cd8c5e830024684926072ff6c930e1c01048669b69f1f304,6a0a7cdc5fff64245aa26942d8ea3722
Assets/Art/Image/Hero/Sequence/Chuizi/Daiji/红色锤子待机_0004.png,image,.png,29781,14e11f13cb8d1c3b535a927aabfb79e5e9121f87735bbf24aa81eb58b567f6a2,ad4a703c9bc03d04db8ee937d8bb2099
Assets/Art/Image/Hero/Sequence/Chuizi/Daiji/红色锤子待机_0005.png,image,.png,29781,14e11f13cb8d1c3b535a927aabfb79e5e9121f87735bbf24aa81eb58b567f6a2,53ff0c7e963dfa940896e97b89bdd208
Assets/Art/Image/Hero/Sequence/Chuizi/Daiji/红色锤子待机_0006.png,image,.png,28777,510124b3a3bd41ef32c45fb19f7d79ce0ec2979d3c4f40032b869fc00964387f,8725c372755ab354dbe02eb3cac747c1
Assets/Art/Image/Hero/Sequence/Chuizi/Daiji/红色锤子待机_0007.png,image,.png,28777,510124b3a3bd41ef32c45fb19f7d79ce0ec2979d3c4f40032b869fc00964387f,7feeb7f6f8df8c64a9c09f0c808cbbe6
Assets/Art/Image/Hero/Sequence/Chuizi/Daiji/红色锤子待机_0008.png,image,.png,29441,272936330015e2d080b2832476d850382a797968c9dffea94e75c58900105877,77eb452f46fb5b242a1c04f3fb8a5558
Assets/Art/Image/Hero/Sequence/Chuizi/Daiji/红色锤子待机_0009.png,image,.png,29441,272936330015e2d080b2832476d850382a797968c9dffea94e75c58900105877,690bf0c21e7b2c24d9755897278c96f0
Assets/Art/Image/Hero/Sequence/Chuizi/Daiji/红色锤子待机_0010.png,image,.png,28820,e319354ed4ec60811d9676a5b5f63f2d524891c6673e5984bb900d9df23885f2,7d6223d1e714c4d4fa7f895500619a9f
Assets/Art/Image/Hero/Sequence/Chuizi/Daiji/红色锤子待机_0011.png,image,.png,28820,e319354ed4ec60811d9676a5b5f63f2d524891c6673e5984bb900d9df23885f2,4757b05aca1165846adbcd4095d236ab
Assets/Art/Image/Hero/Sequence/Chuizi/Daiji/绿色锤子待机_0000.png,image,.png,29771,42f2cb0b7ccff0b6b005903b90fc69218fe485aab70bf9edc3e483d0f10f5dfc,2822aa515e8f82a449f7ae819d0427e5
Assets/Art/Image/Hero/Sequence/Chuizi/Daiji/绿色锤子待机_0001.png,image,.png,29771,42f2cb0b7ccff0b6b005903b90fc69218fe485aab70bf9edc3e483d0f10f5dfc,9f15f89ecc9d5ec44b30543baf848a23
Assets/Art/Image/Hero/Sequence/Chuizi/Daiji/绿色锤子待机_0002.png,image,.png,29237,008a3ea014af19c22ca68c4b688b22806dee47b4d83249cb6976c219fe33c605,d4ef2a6ac4584054d950d74809e67e06
Assets/Art/Image/Hero/Sequence/Chuizi/Daiji/绿色锤子待机_0003.png,image,.png,29237,008a3ea014af19c22ca68c4b688b22806dee47b4d83249cb6976c219fe33c605,53c4280ebfa4af74b88b435b063423e0
Assets/Art/Image/Hero/Sequence/Chuizi/Daiji/绿色锤子待机_0004.png,image,.png,30088,febf729cbec181e09fa1f8fb1f28aea7f8131e5f9746847acd87bfcae40b9aac,f31dd0e4af131e445abe225a2d1bbf49
Assets/Art/Image/Hero/Sequence/Chuizi/Daiji/绿色锤子待机_0005.png,image,.png,30088,febf729cbec181e09fa1f8fb1f28aea7f8131e5f9746847acd87bfcae40b9aac,7cbb0652054873a40a280e6b8759877f
Assets/Art/Image/Hero/Sequence/Chuizi/Daiji/绿色锤子待机_0006.png,image,.png,29009,98539850068d85d42c9d043e79a5f3b82c12e8fe82a923f9686aac74823a613a,78deafde95bb655459e28061c708e458
Assets/Art/Image/Hero/Sequence/Chuizi/Daiji/绿色锤子待机_0007.png,image,.png,29009,98539850068d85d42c9d043e79a5f3b82c12e8fe82a923f9686aac74823a613a,31f4cf99ad07e2a47b4443c7d37b403b
Assets/Art/Image/Hero/Sequence/Chuizi/Daiji/绿色锤子待机_0008.png,image,.png,29772,299cf602017c8ed501152e62f76d60ef961378f7421d86524bbf48fc8ed8dc48,7a7dc714f10fe3d45bad58bc82999a8f
Assets/Art/Image/Hero/Sequence/Chuizi/Daiji/绿色锤子待机_0009.png,image,.png,29772,299cf602017c8ed501152e62f76d60ef961378f7421d86524bbf48fc8ed8dc48,c32262e8ad742f549b913b57c5a06e65
Assets/Art/Image/Hero/Sequence/Chuizi/Daiji/绿色锤子待机_0010.png,image,.png,29155,a227a3aa80377c47d8913bca9758fe8717f18dfc1fd2965f89a23064764c9db7,2e2324fb4b62f514bb64ce5438af994e
Assets/Art/Image/Hero/Sequence/Chuizi/Daiji/绿色锤子待机_0011.png,image,.png,29155,a227a3aa80377c47d8913bca9758fe8717f18dfc1fd2965f89a23064764c9db7,5c54283587010da49ac4f8d232052509
Assets/Art/Image/Hero/Sequence/Chuizi/Gongji/Hong/gongji_chuizi_hong.anim,animation-clip,.anim,5167,911f2ad5e8fce2f6db5b176246c29c508869bfa133a3e2ecc89e91790ef37c41,c6c60deb5adb6b349a1f32bf32f9f8f9
Assets/Art/Image/Hero/Sequence/Chuizi/Gongji/Hong/xuli_do_hong.anim,animation-clip,.anim,4989,b377d3df74df151edbfe73b37285b573ece353f25fca78ccc048c2f4b399301c,8a58dc3731bdd2849a0ddf54d20b1c57
Assets/Art/Image/Hero/Sequence/Chuizi/Gongji/Hong/xuli_yu_hong.anim,animation-clip,.anim,4989,67ba95f7c68f98ad48a2dcee9ed1a5320dfc97770b1854ce9a32a04d93071cfd,93de6c3c5b898d548ba0c2020763047c
Assets/Art/Image/Hero/Sequence/Chuizi/Gongji/Hong/xuliw_do_hong.anim,animation-clip,.anim,2673,be649c8c81883a14d052881ab74d5a69c13708b86184e6d06fde776c42188f29,d0a6e64d4755c5c4bb94195205d9428b
Assets/Art/Image/Hero/Sequence/Chuizi/Gongji/Hong/xuliw_yu_hong.anim,animation-clip,.anim,2324,c9deee4a373d57e4e44929c4bbad4b7ab0b0d42f5527a74f34384ef704641760,87d904e8409d45942baf3ac3613dcdeb
Assets/Art/Image/Hero/Sequence/Chuizi/Gongji/Hong/原地蓄力完成（红）_0000.png,image,.png,30803,8d6cb1579cf11c95060dd1bc57a09ced7f96b6554d35ef00f49676f0880adaae,dd87d91506e272e47acf9973e5dab8c6
Assets/Art/Image/Hero/Sequence/Chuizi/Gongji/Hong/原地蓄力完成（红）_0001.png,image,.png,30243,e2df5f3b53d88f5f1b8d6177004a5f3d30edd5cfe48e1193956dfbb7b97c43ad,1e1c5cbeff549ee4b95090a29713c00a
Assets/Art/Image/Hero/Sequence/Chuizi/Gongji/Hong/原地蓄力完成（红）_0002.png,image,.png,30907,a3eac52989a3586609dcc8f97ea7df8c21fbd362b6d283e5740d49dbbf8756a9,f6e6c3939690461479b58e3977c2cf12
Assets/Art/Image/Hero/Sequence/Chuizi/Gongji/Hong/原地蓄力完成（红）_0003.png,image,.png,30615,e8d6ae79b7ffbd7429ad4b46049d157f75990f8f7c9dd2958d748ac15feb2888,faa66f915476e7f45b53ed04e188a5d4
Assets/Art/Image/Hero/Sequence/Chuizi/Gongji/Hong/原地蓄力（红）_0000.png,image,.png,28370,fe5ff46ec0c69f22e91157e9a8da5b67bff459fb49116a18249ba5b983bfb9a9,e0df601fe11a05e4cb84ac87609daa27
Assets/Art/Image/Hero/Sequence/Chuizi/Gongji/Hong/原地蓄力（红）_0001.png,image,.png,28370,fe5ff46ec0c69f22e91157e9a8da5b67bff459fb49116a18249ba5b983bfb9a9,50080f2bbf42f234cba8a5cbfbaadfcb
Assets/Art/Image/Hero/Sequence/Chuizi/Gongji/Hong/原地蓄力（红）_0002.png,image,.png,30907,710e0471f8c3c84ee348b9435575adb5a32119231519aa1ec36bf9d45cf85f91,698a4d3583e64954996f716a0f68699f
Assets/Art/Image/Hero/Sequence/Chuizi/Gongji/Hong/原地蓄力（红）_0003.png,image,.png,30907,710e0471f8c3c84ee348b9435575adb5a32119231519aa1ec36bf9d45cf85f91,b9ce818848cbdd44e80b8e35a7429de2
Assets/Art/Image/Hero/Sequence/Chuizi/Gongji/Hong/原地蓄力（红）_0004.png,image,.png,30579,821b39668c51f7711fa90397c664874c71806f4185656c30479089ebb00162e0,ff6f6f1364a478f4fb1b265d9a555be7
Assets/Art/Image/Hero/Sequence/Chuizi/Gongji/Hong/原地蓄力（红）_0005.png,image,.png,31107,a62532b2b697c4e9ef38450ebf367338a0fc384a4030ead2c3cf57dc5aabcd85,775270d72bc13684fb88b29802487da9
Assets/Art/Image/Hero/Sequence/Chuizi/Gongji/Hong/原地蓄力（红）_0006.png,image,.png,32312,0699645ca78a73a448494665004695a602c878846f24973d7cadd7d460b86d3e,0d15e5fdf6b982847bc3e7fbfe0ef4b7
Assets/Art/Image/Hero/Sequence/Chuizi/Gongji/Hong/原地蓄力（红）_0007.png,image,.png,33877,bc3d1d82df1f8ba7d9a5c195cba9b6450f73f61e977964afe81c7053912798d3,c4c69097ddb7f004c8cf8a1ef59c28e7
Assets/Art/Image/Hero/Sequence/Chuizi/Gongji/Hong/原地蓄力（红）_0008.png,image,.png,34101,34a3bddceea488e7b744ee2a4b8d79903d0f09b742c1e90d077456a338dd4cf8,63e3a54ffe023e749bd1e7204316c49a
Assets/Art/Image/Hero/Sequence/Chuizi/Gongji/Hong/原地蓄力（红）_0009.png,image,.png,33761,d6194c247cdd5539eda0f65ad63953cd6791c2731833f09fff6f9c67785dac27,714f5b360e397eb4e8bd4b2524800a5e
Assets/Art/Image/Hero/Sequence/Chuizi/Gongji/Hong/原地蓄力（红）_0010.png,image,.png,33134,05334a3c10ac7f506e328f7ee4ce2b74f75f91cff5d8dbd7f4ca953e046d5a23,24f197cc9ab2ffb4ba04aee5bf3dab48
Assets/Art/Image/Hero/Sequence/Chuizi/Gongji/Hong/原地蓄力（红）_0011.png,image,.png,33101,4da4ecab61a7f24f40eb1065613c537f1ed9b9d8cbfd3f4d4a5fbc7e4592e17e,d8682bdfdee6c2f4bbe3d040e7f379de
Assets/Art/Image/Hero/Sequence/Chuizi/Gongji/Hong/原地蓄力（红）_0012.png,image,.png,34141,5d0e5a38bd131ae80498a6d46ca0ae5c1a3e54fcd8ee05e83db8edb6c7e947e3,627e62bd8370b024eb6dd8585d1445ca
Assets/Art/Image/Hero/Sequence/Chuizi/Gongji/Hong/原地蓄力（红）_0013.png,image,.png,35816,6fb220e1941087aa0f9634cadae116789af431bca15356778781d12d3a63dcae,872eb9266184c7c4e973c7f8052a3f8c
Assets/Art/Image/Hero/Sequence/Chuizi/Gongji/Hong/原地蓄力（红）_0014.png,image,.png,30712,a17d57ce339ccf9df9e486837f9262a4880a8883d11f684f3e0e58bc0bfa7c9e,bddbfbf0f1382b64fa8654109fec8a3b
Assets/Art/Image/Hero/Sequence/Chuizi/Gongji/Hong/原地蓄力（红）_0015.png,image,.png,31563,598f0e354c1e7dd9a8929275f7effc6fb96b0a16fdb5912a49bda140479bf8e7,759485ecbee540e4c9e4b9893ee2ba41
Assets/Art/Image/Hero/Sequence/Chuizi/Gongji/Hong/原地蓄力（红）_0016.png,image,.png,30471,3af7e5dc48637de4790e470f1e55ae0858f1f0d1dd28bdfc3461e232ac4c9b3d,bdef9fcc35b57844da3a2f189ed45c4f
Assets/Art/Image/Hero/Sequence/Chuizi/Gongji/Hong/原地蓄力（红）_0017.png,image,.png,29883,8a6e48b30ecfa96233389709eaee10cb4352d30bdbfc5482f360d5152378c3d4,ad130f521ac16e54cab11fd4d5f169ea
Assets/Art/Image/Hero/Sequence/Chuizi/Gongji/Hong/移动蓄力完成（红）_0000.png,image,.png,32058,06fc3c8f1c95e54a100986c96dab9524d1875a072e428957f7ae9b0883162c72,0517dcbe2beefe04a9daf2d264b63a30
Assets/Art/Image/Hero/Sequence/Chuizi/Gongji/Hong/移动蓄力完成（红）_0001.png,image,.png,32826,435934d0a52c051c4b932641d84dc95a9dd01d643eed3f27fb97fa00ddd77a79,6f9dbc75ac79bea45896db95cc50c621
Assets/Art/Image/Hero/Sequence/Chuizi/Gongji/Hong/移动蓄力完成（红）_0002.png,image,.png,32183,df6ebc2cdfc3010e088f8e8d577c08ace3ab78579b46ce842c012b5dc9e9b270,08f82be3382af1f4e9ab10dfd60bd9da
Assets/Art/Image/Hero/Sequence/Chuizi/Gongji/Hong/移动蓄力完成（红）_0003.png,image,.png,33321,ebdb73bd522eeb5653e618bf86ecf63b639009a9054fcec0bd6b70c3e20cbcbe,392b6a8e61b4712418d6c72b1678706e
Assets/Art/Image/Hero/Sequence/Chuizi/Gongji/Hong/移动蓄力完成（红）_0004.png,image,.png,33201,4f3ee3121c4d8cd050e324da6567ccbdeba2f8cc7913fa074fbfed57621285fc,a5632b4f39a1b6048add2a66af92955d
Assets/Art/Image/Hero/Sequence/Chuizi/Gongji/Hong/移动蓄力完成（红）_0005.png,image,.png,32847,0a35fb4009bc20dd12266c55e92f356abf07e9e7d492784f9d327bb83b7a80f0,9c954a5a6486d95459308df3a7f72e60
Assets/Art/Image/Hero/Sequence/Chuizi/Gongji/Hong/移动蓄力（红）_0000.png,image,.png,32058,06fc3c8f1c95e54a100986c96dab9524d1875a072e428957f7ae9b0883162c72,f791695b90168ee4884c42e9fd898389
Assets/Art/Image/Hero/Sequence/Chuizi/Gongji/Hong/移动蓄力（红）_0001.png,image,.png,33204,14964a3162304ccf2ccb30f54703134ca5dfd5c7b817802665fc1c99043f6fea,7c72e5853e5bb1c4bba695c741746a4c
Assets/Art/Image/Hero/Sequence/Chuizi/Gongji/Hong/移动蓄力（红）_0002.png,image,.png,32633,e7d9cddb55501a0c6c96ce6d967eebb50a32e54af734f1d48afb542d700d93f3,d8f6311d39a3cf346910c7cbd9f2c9e2
Assets/Art/Image/Hero/Sequence/Chuizi/Gongji/Hong/移动蓄力（红）_0003.png,image,.png,34073,dde7bafeb3f4bed740281bdc14f9799dc5aa1571ae5101b0903ce5653bf27979,f64d30dc43385dd46a7a52bd4529ddae
Assets/Art/Image/Hero/Sequence/Chuizi/Gongji/Hong/移动蓄力（红）_0004.png,image,.png,33433,89d23f082eb871b6a62d9ccef0ae36ad85049017c304136af8fb7a762fcb0b50,2596aee334b8fee47b8dec06f4c3aa80
Assets/Art/Image/Hero/Sequence/Chuizi/Gongji/Hong/移动蓄力（红）_0005.png,image,.png,33519,24a10d0f19c0b080c6037cff41b257948e82e316ef3f4f54f702e12b496b9a32,710fd7048c85bf743990ae017a7c2545
Assets/Art/Image/Hero/Sequence/Chuizi/Gongji/Hong/移动蓄力（红）_0006.png,image,.png,33952,80fc9a718a49fad21778723e30c794faa5c0a6f2e3a886f6f22682f61b52b443,c38d23b3dbc028844a5cd70febde955d
Assets/Art/Image/Hero/Sequence/Chuizi/Gongji/Hong/移动蓄力（红）_0007.png,image,.png,36633,f36166b2075b94b5910e0193302ebbfe604e1f39b08728c51db5047f72110645,bd47f60380471514f929686d7e0d492e
Assets/Art/Image/Hero/Sequence/Chuizi/Gongji/Hong/移动蓄力（红）_0008.png,image,.png,35463,4973b1583c248ad33b9d18fd98cef508a134a474e5b0d5eac746ecde04928ba4,8bd46fd1dd4e51645a14d5fcf7926298
Assets/Art/Image/Hero/Sequence/Chuizi/Gongji/Hong/移动蓄力（红）_0009.png,image,.png,37012,77002ca633610782b186de15a2b57e2a9bef0da06cae8a27a32b9d6a60e528af,a1a59f432c9fd604a8133e1bae8cec4a
Assets/Art/Image/Hero/Sequence/Chuizi/Gongji/Hong/移动蓄力（红）_0010.png,image,.png,37275,cd8f9f6edd7c630ca0facd28dc7b4be794a49bbb391e55d5c41686de607e46ee,68bc428160e98d64598c2ddb4cdae31d
Assets/Art/Image/Hero/Sequence/Chuizi/Gongji/Hong/移动蓄力（红）_0011.png,image,.png,38298,9e0da1515aaae84377bec5b73f44971a17bc7706e8326c4853967c3460aed901,cfab585b6cc9aae4ea8a7f232ec40af8
Assets/Art/Image/Hero/Sequence/Chuizi/Gongji/Hong/移动蓄力（红）_0012.png,image,.png,36067,1f4e58d31eab6f294fd03aba9aef900c8f1100e036a0271394132f1fe80b5a96,ae9aba05a6eb341439e71123d6a22936
Assets/Art/Image/Hero/Sequence/Chuizi/Gongji/Hong/移动蓄力（红）_0013.png,image,.png,37258,baf02401530c621d7dbdc53eba0a3b5deff201abc71e5369083025aae8972036,4ab837e75ce48b84d9f41a5dc2aa39e9
Assets/Art/Image/Hero/Sequence/Chuizi/Gongji/Hong/移动蓄力（红）_0014.png,image,.png,36514,dbb813730499a3ddeb7b5f66693819c3d5ada658c4fe19237f7f8419841a08e1,b5b906b7e81fbc5439ae216b2d1819c6
Assets/Art/Image/Hero/Sequence/Chuizi/Gongji/Hong/移动蓄力（红）_0015.png,image,.png,35554,ff2c86c9a48f886321b6c01e6a71183eb18b156b6b3c16ff37fdcc653728e9e1,97c7d388ba612f2469cd8618ce5790d6
Assets/Art/Image/Hero/Sequence/Chuizi/Gongji/Hong/移动蓄力（红）_0016.png,image,.png,35057,d7558b095c1c6953d52d62b113b33f3d7e037c5a7b3bae01f100f52fcde89dc3,a511e549857003c4398fbf25038c3c00
Assets/Art/Image/Hero/Sequence/Chuizi/Gongji/Hong/移动蓄力（红）_0017.png,image,.png,33763,4e9e1f36da1e748991f69d2233a0de445c89ec9b596efe4926c8ee144af455ee,a2484ad997701f74e9dfabf8becb4abc
Assets/Art/Image/Hero/Sequence/Chuizi/Gongji/Hong/锤子攻击（红）_0000.png,image,.png,33138,c0b043f2c725f6c43bcddfa2eeda87e987afec40a60025a0a3cffbdd8a43ae9d,1aba8a1c03c9cbf4387f36aabc53c420
Assets/Art/Image/Hero/Sequence/Chuizi/Gongji/Hong/锤子攻击（红）_0001.png,image,.png,33138,c0b043f2c725f6c43bcddfa2eeda87e987afec40a60025a0a3cffbdd8a43ae9d,83066b399695eb14aaf394c026a583d8
Assets/Art/Image/Hero/Sequence/Chuizi/Gongji/Hong/锤子攻击（红）_0002.png,image,.png,38034,a96bb52e878a522910d95a70f6a86812265f5b708d0b6bce903efa8a4a09f895,347ee122831242845a7f4dbe02560658
Assets/Art/Image/Hero/Sequence/Chuizi/Gongji/Hong/锤子攻击（红）_0003.png,image,.png,41497,5974bb46bf31c67f6f7365e6724d7d42523ce016211326ff274d2ed3b09b07f7,fd1060661311f144b9ddb58bf03a934f
Assets/Art/Image/Hero/Sequence/Chuizi/Gongji/Hong/锤子攻击（红）_0004.png,image,.png,46440,214ed9cedf3067cf1a618381aed977253d823d75a87e0412164bd1c7dceaa205,1e9bec1bbc811594b92bc1efaca8b309
Assets/Art/Image/Hero/Sequence/Chuizi/Gongji/Hong/锤子攻击（红）_0005.png,image,.png,44337,63b772226442f3ff2208f81fbc5500e5394827f250ee5831789c590bae6cae9e,2a93822c5764fd44aa42f3238a6c5c59
Assets/Art/Image/Hero/Sequence/Chuizi/Gongji/Hong/锤子攻击（红）_0006.png,image,.png,42137,5be55b65ea56fb8f3cc22ac0e54bdba775ed517e65972809e8a7d3b9564de526,f6852eadb3081f74fb0a78e2dd90bd11
Assets/Art/Image/Hero/Sequence/Chuizi/Gongji/Hong/锤子攻击（红）_0007.png,image,.png,96938,7c4c330137f550b4cf145b3d1f839088501a7538781b9b58129431c16b4cac93,348387d369cd56f44b49eb3b763f9597
Assets/Art/Image/Hero/Sequence/Chuizi/Gongji/Hong/锤子攻击（红）_0008.png,image,.png,135805,59bc5b3d84004c44eabdf46fe910f4c76ee905852f3276a0f4bb75bd84f1ce09,b59f3fb30aa1d954dab27110ee9c039b
Assets/Art/Image/Hero/Sequence/Chuizi/Gongji/Hong/锤子攻击（红）_0009.png,image,.png,138711,418c242a001fc3d31a91c88f335e2da50de28a6f382bc9c4e78c5d73009724c1,da88585c9d83e114a9ffe22e97591f1e
Assets/Art/Image/Hero/Sequence/Chuizi/Gongji/Hong/锤子攻击（红）_0010.png,image,.png,135918,18531c4c9ead7f23736d8115cabe172163460a909fb9b6bd0ea264756ead613f,e285d3d2a992fa4419239556aaffc89b
Assets/Art/Image/Hero/Sequence/Chuizi/Gongji/Hong/锤子攻击（红）_0011.png,image,.png,111586,bf9a389ffe55d5c160ddd7ef6e7fc66728bfcb06c15f48042d0d6409ee08f63d,c977f7f67ba62674e831cfb5d56ebe21
Assets/Art/Image/Hero/Sequence/Chuizi/Gongji/Hong/锤子攻击（红）_0012.png,image,.png,88279,cf33600a5f11b833ec7982f6a881ae4414a0569f219e7223f0a1677111be884d,847c714a7bf534247b0220ddd645ea46
Assets/Art/Image/Hero/Sequence/Chuizi/Gongji/Hong/锤子攻击（红）_0013.png,image,.png,82862,e771258afa044b68ce74684e97871e86bffd1e18ce46dcb280a22ad95e016246,6273863947ae4f345a806db90d1d1fda
Assets/Art/Image/Hero/Sequence/Chuizi/Gongji/Hong/锤子攻击（红）_0014.png,image,.png,56183,1a8aefc272113fac1896663c708d05c275515d8070328835773100d10bec9e44,049f33b79b161c343819a9967c4e867b
Assets/Art/Image/Hero/Sequence/Chuizi/Gongji/Hong/锤子攻击（红）_0015.png,image,.png,56183,1a8aefc272113fac1896663c708d05c275515d8070328835773100d10bec9e44,e49a44007d0e7ec48949bed0bac73ebe
Assets/Art/Image/Hero/Sequence/Chuizi/Gongji/Hong/锤子攻击（红）_0016.png,image,.png,34623,664654b7d35b046e9037dbce687f8a19231552e292c995eb061639b48a287a12,fc28a4a5943ca334cae3d18ba587d00c
Assets/Art/Image/Hero/Sequence/Chuizi/Gongji/Hong/锤子攻击（红）_0017.png,image,.png,34623,664654b7d35b046e9037dbce687f8a19231552e292c995eb061639b48a287a12,39fc49701a8549745b590d02be58218d
Assets/Art/Image/Hero/Sequence/Chuizi/Gongji/Lv/gongji_chuizi_lv.anim,animation-clip,.anim,5165,8e1fdf4cbb76251e5463c5c9c2a8ab45ff8de1a08ed8209b148c017ce6edc1fb,df50129472122cf419fddd2df1e0f88d
Assets/Art/Image/Hero/Sequence/Chuizi/Gongji/Lv/xuli_do_lv.anim,animation-clip,.anim,4987,875c344c11eb9eec6762a12c37dc5ad90ed634f77215a23c85f687ce850c9b45,9bbeff943a0c6c54e81c38db0500b724
Assets/Art/Image/Hero/Sequence/Chuizi/Gongji/Lv/xuli_yu_lv.anim,animation-clip,.anim,4987,f92a278ced783aa2b20e39f1d960b2d977de1dd386e9a7436567261322fc01df,db9296c56d0d8834e8247b3dcedca71f
Assets/Art/Image/Hero/Sequence/Chuizi/Gongji/Lv/xuliw_do_lv.anim,animation-clip,.anim,2671,9f5ba1ff2a5269a913909b6ae3e9d97700694873e6933895d863e6fa3bcc664f,7ec380879a1a33343ae88610dd87c32e
Assets/Art/Image/Hero/Sequence/Chuizi/Gongji/Lv/xuliw_yu_lv.anim,animation-clip,.anim,2322,fa9c52b2e50409664726391fac3fcd55db9f4264cea1900bf00cb6b884569796,d7126f868925c3b4e8138a19d38b153d
Assets/Art/Image/Hero/Sequence/Chuizi/Gongji/Lv/原地蓄力完成（绿）_0000.png,image,.png,28499,e2c06cedead8b98a228a4215dbb155cae072a088a8b418183188ce9e10221f29,b5ed57e27e216134ea98780cc4817d66
Assets/Art/Image/Hero/Sequence/Chuizi/Gongji/Lv/原地蓄力完成（绿）_0001.png,image,.png,28223,f1f6540a36c6a4c84b2413abb336444f446f1adaba2b99a4d8d5dad8194140af,70a95fd2effc78149ade0a1a08a72e91
Assets/Art/Image/Hero/Sequence/Chuizi/Gongji/Lv/原地蓄力完成（绿）_0002.png,image,.png,28495,ca100b233ff615215e85f8df8950f728923019d34c9767b7244be6c0055236b1,60b8d41e592673e4cbf599439c31fb2d
Assets/Art/Image/Hero/Sequence/Chuizi/Gongji/Lv/原地蓄力完成（绿）_0003.png,image,.png,28405,de045bdfb3b10713c60f193bd58d2d3b00b4fb1f50d5baf2b1f7c440d2eccd18,aa7ac467027f03e4a814ca5400583874
Assets/Art/Image/Hero/Sequence/Chuizi/Gongji/Lv/原地蓄力（绿）_0000.png,image,.png,27534,4c1d855832f38cf367d3041dfa7fc1b7eb84ecaddd7df2659eac7d947e54b328,7d7716fbc28ac8b46b921b101fba6457
Assets/Art/Image/Hero/Sequence/Chuizi/Gongji/Lv/原地蓄力（绿）_0001.png,image,.png,27534,4c1d855832f38cf367d3041dfa7fc1b7eb84ecaddd7df2659eac7d947e54b328,d77a6c1fc2f678c4e905bc401dd463c3
Assets/Art/Image/Hero/Sequence/Chuizi/Gongji/Lv/原地蓄力（绿）_0002.png,image,.png,28959,6c2aedaef4e95fa22864db0d16da5944cbb1b2f4c9cf345698fe25d4c4855efd,52abfef416e8b634ca6eb62ce20aefe9
Assets/Art/Image/Hero/Sequence/Chuizi/Gongji/Lv/原地蓄力（绿）_0003.png,image,.png,28959,6c2aedaef4e95fa22864db0d16da5944cbb1b2f4c9cf345698fe25d4c4855efd,4585bdcfbf27e8c4d842cb81dcb9f1a2
Assets/Art/Image/Hero/Sequence/Chuizi/Gongji/Lv/原地蓄力（绿）_0004.png,image,.png,28723,0f0ea7999434b20c344779bfde9a8bd40ca359bc32165b6c63a29cef71365ab7,395d6943f9ab11548b2b2d628a333536
Assets/Art/Image/Hero/Sequence/Chuizi/Gongji/Lv/原地蓄力（绿）_0005.png,image,.png,28969,ba071d905ed3e30762cf6475b2ad273350a2702bb42433140b63ccde7124e9e0,580a110f09fe9064182b91dd1d9dc20c
Assets/Art/Image/Hero/Sequence/Chuizi/Gongji/Lv/原地蓄力（绿）_0006.png,image,.png,29668,bceb5c3da67aba0ae4553e0f97500ece730da308eadf7bcbd04a652659a3e074,039cb78e2c438d845a78ddc2c29bf25c
Assets/Art/Image/Hero/Sequence/Chuizi/Gongji/Lv/原地蓄力（绿）_0007.png,image,.png,31483,b9d5a0535d534853cf90ea70e4305761ea2bd07694a5f65f747f02a6b5eed517,68cc9e79e3a53ac469d98e9bfc22c893
Assets/Art/Image/Hero/Sequence/Chuizi/Gongji/Lv/原地蓄力（绿）_0008.png,image,.png,32546,4ae2872195203aff77d683962f7fee4ffbf663a337b69d9acc9b04d819a4636c,c1339bc1079675d4d8644c18b594f925
Assets/Art/Image/Hero/Sequence/Chuizi/Gongji/Lv/原地蓄力（绿）_0009.png,image,.png,32112,8d4a1485e7e1461b4180845459bf788a5fc2cf2b42765439870fb2a956cb5b9f,1a9384984c25a104da9fa8e43fd5b513
Assets/Art/Image/Hero/Sequence/Chuizi/Gongji/Lv/原地蓄力（绿）_0010.png,image,.png,32114,3b17bb2a037153308cd5ce0ade3b45f03d8da1aaf3a51d002669dd4f39cfc479,cca414cca70010c47ab1ebcc792de34e
Assets/Art/Image/Hero/Sequence/Chuizi/Gongji/Lv/原地蓄力（绿）_0011.png,image,.png,32378,e53c46ef4e40ecc0f4c661eb2cb99d393a63cee1f8529935ab995a94af9ba838,7c9329bfa6f187042957a2aca43a9c0e
Assets/Art/Image/Hero/Sequence/Chuizi/Gongji/Lv/原地蓄力（绿）_0012.png,image,.png,33252,9fa0663cd4ff36cabd27e1d18e34b6b5f402bc9608cbe1201fa214cc8b43b63d,58b892ac05d558448a40f4971f5c0d64
Assets/Art/Image/Hero/Sequence/Chuizi/Gongji/Lv/原地蓄力（绿）_0013.png,image,.png,35156,f5c74bf5cfc7601737f11db212cf942fcedd0833a5c7bd7cb74486bb3d5f0ab7,eac4be07f842c7e4aaa52e06073989c8
Assets/Art/Image/Hero/Sequence/Chuizi/Gongji/Lv/原地蓄力（绿）_0014.png,image,.png,30074,414341d40afeb98366c685c7a9887523ae58a8f0712084168bd5a74037df5dd7,2085b02123ad4bf45bc1c62bc7e7c55e
Assets/Art/Image/Hero/Sequence/Chuizi/Gongji/Lv/原地蓄力（绿）_0015.png,image,.png,29699,3f9881d759a8101613281f2f9a36ec40ba0180ec73725d72481a6784412da182,909ab18459e5cf9479af809a910a78c3
Assets/Art/Image/Hero/Sequence/Chuizi/Gongji/Lv/原地蓄力（绿）_0016.png,image,.png,28442,4ef2ab05e890f0e3da4f10346bed2916083e2be8d446165815b976f0e55586e9,e3acf0aeee794d54289dadc76ce0632e
Assets/Art/Image/Hero/Sequence/Chuizi/Gongji/Lv/原地蓄力（绿）_0017.png,image,.png,27991,be6f0c7bd594f9441e56c75c0f7366b4ca6bfe4f24201ae6543be1d65975b15f,94f6404efc925454e87f59ccefe2f49d
Assets/Art/Image/Hero/Sequence/Chuizi/Gongji/Lv/攻击动作（绿）_0000.png,image,.png,30808,e325db90582b5e24faaeeef4202071393dc5ad2f71221c9363d7c4443573d729,88512fa7d036e834496dcc456b8f5b33
Assets/Art/Image/Hero/Sequence/Chuizi/Gongji/Lv/攻击动作（绿）_0001.png,image,.png,30808,e325db90582b5e24faaeeef4202071393dc5ad2f71221c9363d7c4443573d729,0c4fedca0a1e73947835ee2b3830fe4f
Assets/Art/Image/Hero/Sequence/Chuizi/Gongji/Lv/攻击动作（绿）_0002.png,image,.png,35659,0d021c050133674169e6e8a34ecdd9e03e17056acad5e29efa2b3a705cbe5cd4,575edad396c12554390c594c814648b2
Assets/Art/Image/Hero/Sequence/Chuizi/Gongji/Lv/攻击动作（绿）_0003.png,image,.png,39326,fe05f385c58f129202dd57455b5faf0a1d723a60c030d305f6ba294e965a5898,12a1e9bdbb9eb2443b224cd2f22cabf4
Assets/Art/Image/Hero/Sequence/Chuizi/Gongji/Lv/攻击动作（绿）_0004.png,image,.png,44172,f0439b518b8f7855dce94b708252aaa80b322d2768e74777b61adf70418c12e7,460ae4d412bd51c47a4f2f22cf46c9c7
Assets/Art/Image/Hero/Sequence/Chuizi/Gongji/Lv/攻击动作（绿）_0005.png,image,.png,41896,d150f2c22e38c37f7ba092fe0f0ec20b0199c4c446e96719115339211769c427,359a8a2b36835fa42acbd52e7847b436
Assets/Art/Image/Hero/Sequence/Chuizi/Gongji/Lv/攻击动作（绿）_0006.png,image,.png,45515,00526f1bdcf84f892a706c8c6fbb0989f3aba131427bd9a936ec533cbbe7ef9b,0d04550c66df44541839121507fba785
Assets/Art/Image/Hero/Sequence/Chuizi/Gongji/Lv/攻击动作（绿）_0007.png,image,.png,91592,924528248968373ba2ef9ca38ceaca02a6fef9cb753c8e1c977aa2759dac3b1d,ebee3a1e0fc3e294081883d94fd5d5b2
Assets/Art/Image/Hero/Sequence/Chuizi/Gongji/Lv/攻击动作（绿）_0008.png,image,.png,127897,b76b553ef4a68e4f410b3161d0415cf4ee4f8c60d242a624813b91daea211582,ff490e6f63cc21148857495082af4196
Assets/Art/Image/Hero/Sequence/Chuizi/Gongji/Lv/攻击动作（绿）_0009.png,image,.png,133840,4cabafa0e5ec2e27377e0ba40d5cde6617650715b3491a196071e26a1041dc16,ff99a8d07cfffc74caaacd29b22b948d
Assets/Art/Image/Hero/Sequence/Chuizi/Gongji/Lv/攻击动作（绿）_0010.png,image,.png,133813,25482b5b9856602ac2605c0b2889088f5fa1ec08ea7c896a42c58e49f225c2f6,a066f143341af5d4c93e91c1de9ac848
Assets/Art/Image/Hero/Sequence/Chuizi/Gongji/Lv/攻击动作（绿）_0011.png,image,.png,109827,970be7a6fd9eb6d2a03730ad8a843cca8d3dc050f3967a17d8811a08097b9aed,fdfe16acb14132343bc44f5e4af4f5fd
Assets/Art/Image/Hero/Sequence/Chuizi/Gongji/Lv/攻击动作（绿）_0012.png,image,.png,86173,d4495c948f991eb1d20d3818d392b8ddc2e651a8289d9b5920f0ac76b8e99cc2,aa579f13721082344adae7271f4d7524
Assets/Art/Image/Hero/Sequence/Chuizi/Gongji/Lv/攻击动作（绿）_0013.png,image,.png,80619,6d944c60f60b72ab248bae44fe0df4b2a6ea0a0152a9ca10bd25afe4394ff84c,7d3b934a116073c4699773e9839759a4
Assets/Art/Image/Hero/Sequence/Chuizi/Gongji/Lv/攻击动作（绿）_0014.png,image,.png,54174,9413b5e26eb3f1debcd5706e23d97ddf9c09b0bfbd7b3b584cd7fa5b94ed6439,5a61727b4f8e66f4db3b176a692b4416
Assets/Art/Image/Hero/Sequence/Chuizi/Gongji/Lv/攻击动作（绿）_0015.png,image,.png,54174,9413b5e26eb3f1debcd5706e23d97ddf9c09b0bfbd7b3b584cd7fa5b94ed6439,27221edf5b7068140911b66df4150364
Assets/Art/Image/Hero/Sequence/Chuizi/Gongji/Lv/攻击动作（绿）_0016.png,image,.png,32152,fd409797f92cb1f3114eb215e65b78d78f9d14b769b1acd257062f299ef48772,3dfefe7358977904faee662e63e07dac
Assets/Art/Image/Hero/Sequence/Chuizi/Gongji/Lv/攻击动作（绿）_0017.png,image,.png,32152,fd409797f92cb1f3114eb215e65b78d78f9d14b769b1acd257062f299ef48772,18c9dde00041358448f6d39a8261d04c
Assets/Art/Image/Hero/Sequence/Chuizi/Gongji/Lv/移动蓄力完成（绿）_0000.png,image,.png,29373,11f86538e192d253b1b88bc05455f0ebb855376673f20017a0ca6bc5cc75fb5d,f7a340890c3bafa43ae25f88e97f8b6a
Assets/Art/Image/Hero/Sequence/Chuizi/Gongji/Lv/移动蓄力完成（绿）_0001.png,image,.png,30078,8c332e911901b852b6e1c906e952c25813775fea6edc099f293a607442804087,558d32c6f5a4113429a16bbce9b6babb
Assets/Art/Image/Hero/Sequence/Chuizi/Gongji/Lv/移动蓄力完成（绿）_0002.png,image,.png,29480,123e629ab9e132a153497c4c54afcc086c25e112d5f678db5f3d107efd376885,8635e456ea7fbc143946121c3bb3a2bd
Assets/Art/Image/Hero/Sequence/Chuizi/Gongji/Lv/移动蓄力完成（绿）_0003.png,image,.png,30513,4f19f1fb127b9b4485e4088d36c29af6aac678fb118bd4e05984796dd5061b40,986a61222937c6b4095303216a896ca6
Assets/Art/Image/Hero/Sequence/Chuizi/Gongji/Lv/移动蓄力完成（绿）_0004.png,image,.png,30255,84d1632e04677fdda241203ce18de4b63b890e1fab025c3918819763324fb456,1301dd3e594b1344e8bf100628afd4b9
Assets/Art/Image/Hero/Sequence/Chuizi/Gongji/Lv/移动蓄力完成（绿）_0005.png,image,.png,30029,ba7f9b6a1069258e0b4240f7d2a8f4428ba9f4d4dff8146dcbe202e57dbf5809,8d2074b9968b137448525ccb06b6a3c3
Assets/Art/Image/Hero/Sequence/Chuizi/Gongji/Lv/移动蓄力（绿）_0000.png,image,.png,29373,11f86538e192d253b1b88bc05455f0ebb855376673f20017a0ca6bc5cc75fb5d,4b7c6a962724aa348a3f3cc8523bab55
Assets/Art/Image/Hero/Sequence/Chuizi/Gongji/Lv/移动蓄力（绿）_0001.png,image,.png,30449,687a2d69e436517291394557b8f2ded836a19351108b8798cb089991d7968fa6,10f885726cd6ae64ba21848e1f3fb4b6
Assets/Art/Image/Hero/Sequence/Chuizi/Gongji/Lv/移动蓄力（绿）_0002.png,image,.png,29880,e1c2bf56d78ba12b5966c8363cd587c51e84b53f81c35d1eb2932280e1d1b222,6d25f129fe34acc428c6db6398996d71
Assets/Art/Image/Hero/Sequence/Chuizi/Gongji/Lv/移动蓄力（绿）_0003.png,image,.png,31286,afd18773866b25b6299c35b4b0550c0db954614a71350312f46b15e8b4ac784e,70df2330edf5cc646998d6609fc59d80
Assets/Art/Image/Hero/Sequence/Chuizi/Gongji/Lv/移动蓄力（绿）_0004.png,image,.png,30519,33a2228c694e3622942e41c7726b1d112bfdfcfbed0469d59d83c33e4385c905,fc88f7fe895c79b43b43a9008dac111e
Assets/Art/Image/Hero/Sequence/Chuizi/Gongji/Lv/移动蓄力（绿）_0005.png,image,.png,30797,f64a781580a87a25625a13109cbe4b06bb8d0badb71b982e3513852a7607a0f5,47695ba7f7fde494ea5a229905295d21
Assets/Art/Image/Hero/Sequence/Chuizi/Gongji/Lv/移动蓄力（绿）_0006.png,image,.png,31417,7c60c97c86c7793bbccab2bc9fbdcd380fe00e2990279086012faa8095644dc4,8ea66f494181b79468255b7f9a99f503
Assets/Art/Image/Hero/Sequence/Chuizi/Gongji/Lv/移动蓄力（绿）_0007.png,image,.png,34071,867819aebac136fdcc6f5749ce8671002d70f509433eb3e07455ffcb6efcd4d2,b6ef4ec0a2ddbbe4e835da0257009130
Assets/Art/Image/Hero/Sequence/Chuizi/Gongji/Lv/移动蓄力（绿）_0008.png,image,.png,33804,693b52c811c0979595a604b7370419358b50737dfff6c66d5fc7e929ac577bbc,8542cc2b33dc433439be18552db93c59
Assets/Art/Image/Hero/Sequence/Chuizi/Gongji/Lv/移动蓄力（绿）_0009.png,image,.png,35541,7d0c9060b6a4dacf67e40843bab189dc0199388183c56c0af2481878a92b1155,cb530f7c4d41c434da5d77e7027a88ed
Assets/Art/Image/Hero/Sequence/Chuizi/Gongji/Lv/移动蓄力（绿）_0010.png,image,.png,36123,3998f011fe670f0040c074b731cf11efc8e999b32e83b2edfe70242c98edaf3d,f12c978cc899bb04eb456cc7b49d8705
Assets/Art/Image/Hero/Sequence/Chuizi/Gongji/Lv/移动蓄力（绿）_0011.png,image,.png,36340,ac9889c6408f5f3060487e7644efabcc3f5a9517dc85bf6dc81fad9d34f785f8,ea86a93bc9408234a9299c0692a56538
Assets/Art/Image/Hero/Sequence/Chuizi/Gongji/Lv/移动蓄力（绿）_0012.png,image,.png,34257,3ce552cb0b5b8a0f9a9f14f69d3c0f260cd74dc8bf8ec12a35398b22aefc78ec,e46fe063b8a07444d990d217abe44e85
Assets/Art/Image/Hero/Sequence/Chuizi/Gongji/Lv/移动蓄力（绿）_0013.png,image,.png,35740,522677cf89a3a16ae021c37a2b28fe87d5091c092805635e71ec9e97d01d90c6,faaa28dc560f2e9419edf2634e99537a
Assets/Art/Image/Hero/Sequence/Chuizi/Gongji/Lv/移动蓄力（绿）_0014.png,image,.png,35474,0153fce54d77330ca806b3fe04f08a4cb36aaf8788efcaa8102be7f665cb79b1,d2a89934800778b47b83f0bb389aa784
Assets/Art/Image/Hero/Sequence/Chuizi/Gongji/Lv/移动蓄力（绿）_0015.png,image,.png,34598,d46612731edf5cdef640bf9efc732bab39e1ef310ba954f81f7b502b213710b1,64b91720618e6c94797f3c3050f77570
Assets/Art/Image/Hero/Sequence/Chuizi/Gongji/Lv/移动蓄力（绿）_0016.png,image,.png,32757,fdae52d75edbfd0a54c3420fe5b496e80e768bcedb6aafdcf6637f66f3686900,12bdb34e76de19e4f880498decaf3b1f
Assets/Art/Image/Hero/Sequence/Chuizi/Gongji/Lv/移动蓄力（绿）_0017.png,image,.png,31244,6ddc4098638fbbb7f47ec4262b82b2c279ef1d37d4d0a567af8190a028189232,07bac38c65a3466439c54e7f3e379e47
Assets/Art/Image/Hero/Sequence/Chuizi/Gongji/Zi/gongji_chuizi_zi.anim,animation-clip,.anim,5165,2062e3a09feffcb9cb611a13a17e5a324244be725fdfb003435ddc306b5f56db,594be4b18ab4dd5419487c3465bf4679
Assets/Art/Image/Hero/Sequence/Chuizi/Gongji/Zi/xuli_do_zi.anim,animation-clip,.anim,4987,88189876a355e5a8ea4f986885b0b69b65c06489b368d745cbcf1a408fc338d3,ae1146d999046fd4d8bf89b708701129
Assets/Art/Image/Hero/Sequence/Chuizi/Gongji/Zi/xuli_yu_zi.anim,animation-clip,.anim,4987,9bdd84398e6b58bd85ed40f39f6bd9209b7ac7768d1aea1b5bc1e5ffcf0730c0,e53827e0e12a07147b489d9075fddcf5
Assets/Art/Image/Hero/Sequence/Chuizi/Gongji/Zi/xuliw_do_zi.anim,animation-clip,.anim,2671,42934bc87b065e97ddd183ce82a9ebc01066e39c4a5299fa801fa28ec5e31e21,8cc34c344cbc60f4da4bfa5072158e71
Assets/Art/Image/Hero/Sequence/Chuizi/Gongji/Zi/xuliw_yu_zi.anim,animation-clip,.anim,2322,df35cace1f0c6cf12949a133a87a796f3f02b2ffa09bc0d31fb00d5a4dbad19a,57c4d5dd142123b49be5d755b6215927
Assets/Art/Image/Hero/Sequence/Chuizi/Gongji/Zi/原地蓄力完成（紫）_0000.png,image,.png,31212,a9fdc089612ec63c93ca555081d5046f8404849d01b7087863a07de913fc6a59,dfa0c23fd63312b42953894ae184daf2
Assets/Art/Image/Hero/Sequence/Chuizi/Gongji/Zi/原地蓄力完成（紫）_0001.png,image,.png,30626,6449f27154515089996d2c681dbc3fbd836ae91621c79c733ea0f74aae90f484,cc0cdbb5d02ea134084f47c60c078327
Assets/Art/Image/Hero/Sequence/Chuizi/Gongji/Zi/原地蓄力完成（紫）_0002.png,image,.png,31339,2d1635bfb32e6b8a7e689fa0a64e8794d069fed8a07876bb16335387a80f73cf,4401237d3e7a79f43bfecec209406ae6
Assets/Art/Image/Hero/Sequence/Chuizi/Gongji/Zi/原地蓄力完成（紫）_0003.png,image,.png,30997,095eadc3ca105f8d4bea6b94d2388741eb64d33e84ed614b796c3bf31b9076cf,fa12b66ef04f24041b97ad880fead3b2
Assets/Art/Image/Hero/Sequence/Chuizi/Gongji/Zi/原地蓄力（紫）_0000.png,image,.png,28581,f6007857e18df9c0ff2b21375937f15d1a13e53809ee3699582270cf4771cfdd,00e7eb341d7781246935e14a4715ce77
Assets/Art/Image/Hero/Sequence/Chuizi/Gongji/Zi/原地蓄力（紫）_0001.png,image,.png,28581,f6007857e18df9c0ff2b21375937f15d1a13e53809ee3699582270cf4771cfdd,ec2db86c9085bdb4da90b6ffd48afb1b
Assets/Art/Image/Hero/Sequence/Chuizi/Gongji/Zi/原地蓄力（紫）_0002.png,image,.png,31307,b17b010ed228bf76ae5424fd092750444e8c0a1993fc9cb31e0d9d6b5a0617a9,a990958c8a494c24eadcc7facbc6dda1
Assets/Art/Image/Hero/Sequence/Chuizi/Gongji/Zi/原地蓄力（紫）_0003.png,image,.png,31307,b17b010ed228bf76ae5424fd092750444e8c0a1993fc9cb31e0d9d6b5a0617a9,9a452d0929f5fb24784096032f03185a
Assets/Art/Image/Hero/Sequence/Chuizi/Gongji/Zi/原地蓄力（紫）_0004.png,image,.png,31011,3deca3afc372cd088bc62563855c923fe7b7465a4213d94dae094fd3b7d9629a,bb025b23114827d4a8ffdd4517500c39
Assets/Art/Image/Hero/Sequence/Chuizi/Gongji/Zi/原地蓄力（紫）_0005.png,image,.png,31578,b4089ba6c26e1405fe9b9b30205d4e1e70734e592dc5f4f901291bdb25d6f41e,415a279684e56d94398bfbed2c80b57e
Assets/Art/Image/Hero/Sequence/Chuizi/Gongji/Zi/原地蓄力（紫）_0006.png,image,.png,32828,60e1b3b01b04ae1357d2894f444f867f7b25541e7cbf41d09b26cc9cbb408dcc,a433bbac3100ffc4bbd808ae9deb18fc
Assets/Art/Image/Hero/Sequence/Chuizi/Gongji/Zi/原地蓄力（紫）_0007.png,image,.png,34460,ae31f40e2bc9e5e03d684b81f19d4d81df8fa5dc0f6f0214bb1120486aafd212,48f7637c94010b747a8255c44d47d09b
Assets/Art/Image/Hero/Sequence/Chuizi/Gongji/Zi/原地蓄力（紫）_0008.png,image,.png,34691,edf18e7df40abfd5c1d5e924f64407c8154f56602f8ae1997872b237291974af,61f09d934d8e510489ead76a95b63c3d
Assets/Art/Image/Hero/Sequence/Chuizi/Gongji/Zi/原地蓄力（紫）_0009.png,image,.png,34272,55b86d5f0ef7f5677ca9d3aaa73d87a692ef2cdb94fc7b39f31d3632a0444965,064acc8774247c241988aa52395e3d41
Assets/Art/Image/Hero/Sequence/Chuizi/Gongji/Zi/原地蓄力（紫）_0010.png,image,.png,33575,8c5c1b3a8faf85d776cf7d494ddd3361434bb6274c23b5158890344ad16a2d21,f7501c185b2f3dd43bf601fe0eedea4b
Assets/Art/Image/Hero/Sequence/Chuizi/Gongji/Zi/原地蓄力（紫）_0011.png,image,.png,33343,b736e91dc3e6a9b4aa08e269a904858af4ad8e997fa76aaf8f6a32066e191401,3c9edae8e66afab4baa16787fd8bc492
Assets/Art/Image/Hero/Sequence/Chuizi/Gongji/Zi/原地蓄力（紫）_0012.png,image,.png,34443,f2fe181880f2ee98b15e360a4ce349a8ecb0daf2095da04a8cffc5a46f4dd8ad,e461c1cb374e43b4586b075d1cc2bcd4
Assets/Art/Image/Hero/Sequence/Chuizi/Gongji/Zi/原地蓄力（紫）_0013.png,image,.png,36217,bfec711b2563ced79247738e037814f8c86541f0a02946068eecaf993a347af9,a119e2cfbffe1a347b87e3f2b9ca3bd4
Assets/Art/Image/Hero/Sequence/Chuizi/Gongji/Zi/原地蓄力（紫）_0014.png,image,.png,31069,8ee474f65d3a25a35586679897fd00234a2f5ce56238ed6c6acb1b42b00b31b4,9e6effe1b6643ba4f8a610cc790b7f2d
Assets/Art/Image/Hero/Sequence/Chuizi/Gongji/Zi/原地蓄力（紫）_0015.png,image,.png,31946,0262af4b2aa2369151a08ff8290534845cae77812f53f3e69a8a020eec684263,ada8dbf6b0de5554c81190e0075fa4d2
Assets/Art/Image/Hero/Sequence/Chuizi/Gongji/Zi/原地蓄力（紫）_0016.png,image,.png,30855,98c08208d7c052c757604fb7994ebce06ab6c1f121b23f24781e0883d277d3c1,37579e7f5b73609459691d6f7166ea35
Assets/Art/Image/Hero/Sequence/Chuizi/Gongji/Zi/原地蓄力（紫）_0017.png,image,.png,30252,c1de74a5095c34d48af6e64e1cd1dde32d7bff04a325f32788971629698a7f2e,f05c0ae74036a42479a157e8a5c12690
Assets/Art/Image/Hero/Sequence/Chuizi/Gongji/Zi/攻击动作（紫）_0000.png,image,.png,33592,a4ebd09f96d9be1ac834a0c29bc694f536195f0d50af3f409025a1504fa55926,87021bc9fe2e8d642838e001a4e65682
Assets/Art/Image/Hero/Sequence/Chuizi/Gongji/Zi/攻击动作（紫）_0001.png,image,.png,33592,a4ebd09f96d9be1ac834a0c29bc694f536195f0d50af3f409025a1504fa55926,bae426faf6118a2429978014d1c464c5
Assets/Art/Image/Hero/Sequence/Chuizi/Gongji/Zi/攻击动作（紫）_0002.png,image,.png,38556,edd1873d9288682cde3a6d1729ad5cd156c72c14bcd0c7c8a50247773fbcc844,03151c4c01a18444eb230b9d3f85a087
Assets/Art/Image/Hero/Sequence/Chuizi/Gongji/Zi/攻击动作（紫）_0003.png,image,.png,41980,c6cc392e26140f3466322c4c2657404f8795160ed3b363b97ca6b48f82c5c4cf,05fffea743cc9c449953a6ca9b72aac2
Assets/Art/Image/Hero/Sequence/Chuizi/Gongji/Zi/攻击动作（紫）_0004.png,image,.png,47189,16fc2784f63033c9d43b908828682e0303524b8ea592b6999224013bd0fff632,6f9b8fc8baa61b24692331bec1141868
Assets/Art/Image/Hero/Sequence/Chuizi/Gongji/Zi/攻击动作（紫）_0005.png,image,.png,44526,063b0aa4ae1f3b00652db5c736311922be95cf22219004ca30fe273005c11e50,b38bd4e8d66ec4845ad0d6729c831056
Assets/Art/Image/Hero/Sequence/Chuizi/Gongji/Zi/攻击动作（紫）_0006.png,image,.png,42314,a37d8765ef660ef204dff62e3024fd1168ce1d95eab430ebd7d8fc00b83e4be4,1738dae036749b44fa2159f953524133
Assets/Art/Image/Hero/Sequence/Chuizi/Gongji/Zi/攻击动作（紫）_0007.png,image,.png,97250,3f37adcb0859510cd96347d387bde3f90aa3f3fa77821c5fe3cf8a29c4b74602,4ac200effe560a441ac75f191adc2b92
Assets/Art/Image/Hero/Sequence/Chuizi/Gongji/Zi/攻击动作（紫）_0008.png,image,.png,136152,6d6c04a1c90565270f873048cccd4cca54bd983ed98e59a97ce3ccd267f31446,91066161b32f01b4991017a9b93e807e
Assets/Art/Image/Hero/Sequence/Chuizi/Gongji/Zi/攻击动作（紫）_0009.png,image,.png,138961,e63c123fbda462e644c26453250955525f5c336d5488497cad43c34b7457ef29,fa3534c591573c540b4a3550aac2c98d
Assets/Art/Image/Hero/Sequence/Chuizi/Gongji/Zi/攻击动作（紫）_0010.png,image,.png,136382,cb0834b2d70f0a585daf357467ea89f13ce01073c6552b331c5a7c78fdeb64fe,d628161a6ffd2c14caff9a55eee95280
Assets/Art/Image/Hero/Sequence/Chuizi/Gongji/Zi/攻击动作（紫）_0011.png,image,.png,111968,2be8c05af7abbbb9270aa8307b8cd9d8472d42131233440bd60bbd8f38f1185d,e57e5548cca05c84f9471972e813696a
Assets/Art/Image/Hero/Sequence/Chuizi/Gongji/Zi/攻击动作（紫）_0012.png,image,.png,88748,bb420316b006c183ef6c0458cea9fb86c13121d726bef17f645dd65beef233f6,7527418ab5af0fa4b89680e20ea75618
Assets/Art/Image/Hero/Sequence/Chuizi/Gongji/Zi/攻击动作（紫）_0013.png,image,.png,83382,8b8abf3b5cede43b090b8126fe3125f3b3fca2465fd4c28ebb244b11ebb8a627,f2f810ecc8dbf4a489ed4331dbf0c8d9
Assets/Art/Image/Hero/Sequence/Chuizi/Gongji/Zi/攻击动作（紫）_0014.png,image,.png,56635,ae86822c7eda96dfb2be99ac0664e5f89706bfd7c19ef96fb3f04399c34f2928,4b89ba6f76ecc6a4f881f681075d79c7
Assets/Art/Image/Hero/Sequence/Chuizi/Gongji/Zi/攻击动作（紫）_0015.png,image,.png,56635,ae86822c7eda96dfb2be99ac0664e5f89706bfd7c19ef96fb3f04399c34f2928,07ed8f0db883bdf47bd7c8d3520ad85a
Assets/Art/Image/Hero/Sequence/Chuizi/Gongji/Zi/攻击动作（紫）_0016.png,image,.png,35160,0d8bd407651874141a25f91ded7308fa33d4b36af78e19389599a94a83de5f0c,c98eac7ab2b020a4d81b647750cae347
Assets/Art/Image/Hero/Sequence/Chuizi/Gongji/Zi/攻击动作（紫）_0017.png,image,.png,35160,0d8bd407651874141a25f91ded7308fa33d4b36af78e19389599a94a83de5f0c,873fe216a355ff2408fa6a2a1d89f662
Assets/Art/Image/Hero/Sequence/Chuizi/Gongji/Zi/移动蓄力完成（紫）_0000.png,image,.png,32529,1579bea46aca02a08075a12cbe00c3d035eefc59e39cdd535bc7b7b0e4bd3b6a,d238699ef87b99d49b79d088600531c3
Assets/Art/Image/Hero/Sequence/Chuizi/Gongji/Zi/移动蓄力完成（紫）_0001.png,image,.png,33329,a7d371fd2ad7ee2a9886c5b052433daf636d64bd59a6883f17d899c2b98ea7a0,2e0155a22350a7d4880b833371f0a376
Assets/Art/Image/Hero/Sequence/Chuizi/Gongji/Zi/移动蓄力完成（紫）_0002.png,image,.png,32653,a59656dd10e2e1ac763e5352bc44c6664008dbd1e42ad17ade02f2682131d162,df7787b22ff2aaa47a0c63915efa5258
Assets/Art/Image/Hero/Sequence/Chuizi/Gongji/Zi/移动蓄力完成（紫）_0003.png,image,.png,33749,5d6716d90a9cefe39b354496ba8bdc003b757a5660ccdf3b003afa2e02dae64a,ad31b0f783508fa40b0357382cf6b82a
Assets/Art/Image/Hero/Sequence/Chuizi/Gongji/Zi/移动蓄力完成（紫）_0004.png,image,.png,33623,b4637189708295306acab8ffef5af93f081f44480ad3398ec59925ee796304c9,eed4a808c1cdd8b4db6e4f021bcd45e6
Assets/Art/Image/Hero/Sequence/Chuizi/Gongji/Zi/移动蓄力完成（紫）_0005.png,image,.png,33333,05941c35ccdbe60cd692e240b1e2f70ad7583dc7ad46ac1e5bb89dc8dd80340f,888688bdb6a172440943251ae781b249
Assets/Art/Image/Hero/Sequence/Chuizi/Gongji/Zi/移动蓄力（紫）_0000.png,image,.png,32529,1579bea46aca02a08075a12cbe00c3d035eefc59e39cdd535bc7b7b0e4bd3b6a,0578652af394c174e82fef63e5972d16
Assets/Art/Image/Hero/Sequence/Chuizi/Gongji/Zi/移动蓄力（紫）_0001.png,image,.png,33703,bd6d2b664c5c9f697b6aa5a22eee017ff328cfdd9cdf692c56ca33ca442ace08,f073b0a99e0e31947b8d3b44373ea6c4
Assets/Art/Image/Hero/Sequence/Chuizi/Gongji/Zi/移动蓄力（紫）_0002.png,image,.png,33103,13a2996b8a07bc69bc18ba12f572f9d607806c8fe451d60832813ed8fa9b3df7,27da66095b855ae46a24bfa861962576
Assets/Art/Image/Hero/Sequence/Chuizi/Gongji/Zi/移动蓄力（紫）_0003.png,image,.png,34534,eb9ff653b421084f2c15d8a8efa1a4a73e7fe6197d68fa566ebfa3b0c5ca8d11,5e6f92409e0c19340a7a5b93e36ad6cc
Assets/Art/Image/Hero/Sequence/Chuizi/Gongji/Zi/移动蓄力（紫）_0004.png,image,.png,33871,a484ff724c64a8367eb716191863792f4612624a5f6dceca85ee767ba10c7803,82e83d4fc4d588f419bf9a33ca45d8cd
Assets/Art/Image/Hero/Sequence/Chuizi/Gongji/Zi/移动蓄力（紫）_0005.png,image,.png,34070,ba80131013c99d9be2c9fc7d811ea255a730e58ca671ee57a570bfd16dda727d,376ccb8ca9bc0394c956cc7e886d1407
Assets/Art/Image/Hero/Sequence/Chuizi/Gongji/Zi/移动蓄力（紫）_0006.png,image,.png,34574,0dfccf30e4661c2ce35d1f3e3e82708ef3d2d9c06d075763a8dc33a09ffc0581,6ee6f37042ba969429322d4169d081d9
Assets/Art/Image/Hero/Sequence/Chuizi/Gongji/Zi/移动蓄力（紫）_0007.png,image,.png,37285,8a647ccff41734b39b96ab5d3b4215fa377f1a19d6e202ce92fb49be055e3f9a,fe92f52b1ffb61f4e8a728c6aaa8e8ec
Assets/Art/Image/Hero/Sequence/Chuizi/Gongji/Zi/移动蓄力（紫）_0008.png,image,.png,35973,192f2065bd4ece6e527874cb0e0366b7a37232b08ded9b4c635034ecf84ca6e4,a349ee6bda029a2479cbcfe972abffd0
Assets/Art/Image/Hero/Sequence/Chuizi/Gongji/Zi/移动蓄力（紫）_0009.png,image,.png,37540,2542d32a849cb4eb8aade59f90a2696ccb005ab8a8c07fb70e271a60145b9e43,aaadb531737855741b69cd68a438fbea
Assets/Art/Image/Hero/Sequence/Chuizi/Gongji/Zi/移动蓄力（紫）_0010.png,image,.png,37714,fdfbf79892b3746057b5361a619835637734580143f1d81975c8ff662749f4ec,3f76a78e264c1d74a85b694af5677ff5
Assets/Art/Image/Hero/Sequence/Chuizi/Gongji/Zi/移动蓄力（紫）_0011.png,image,.png,38663,dc7fdbe29751920bd657a56bd064f295ba210103737ac5fb4c4d53d995f6aa5d,ac5dad09d4e16d843843b09826ecf915
Assets/Art/Image/Hero/Sequence/Chuizi/Gongji/Zi/移动蓄力（紫）_0012.png,image,.png,36466,e18120a153e5a3a20472147e8760e2764c39dcbc022a394530892fe07e40996b,00e1abd686f71fd4e8b481585418412c
Assets/Art/Image/Hero/Sequence/Chuizi/Gongji/Zi/移动蓄力（紫）_0013.png,image,.png,37706,05dc29f1109cc5599072178352975149dbfa03b1e2b9ab706b4aa3ecfff2fa67,6f20f8da6ddc6a04893a43a0270b0993
Assets/Art/Image/Hero/Sequence/Chuizi/Gongji/Zi/移动蓄力（紫）_0014.png,image,.png,36904,2788addbdd3ed4b155d39d0803d9e298bf20c523949777f0404f983ccf29abd1,d930e1d9590a90344b7627a761245ba0
Assets/Art/Image/Hero/Sequence/Chuizi/Gongji/Zi/移动蓄力（紫）_0015.png,image,.png,35937,5d806190f063d90510b9931b30d88bed1acc8f50b0e1a9366de027c2cbd6ce1d,298688caa66e86c4e8e47fe7b004c862
Assets/Art/Image/Hero/Sequence/Chuizi/Gongji/Zi/移动蓄力（紫）_0016.png,image,.png,35438,686eab91f26a2c700c77588107c617aed460aadf437eae06275a2cebe5171e96,8e26b5ff83d148e409b510ec76daefaf
Assets/Art/Image/Hero/Sequence/Chuizi/Gongji/Zi/移动蓄力（紫）_0017.png,image,.png,34246,0f1c009305c27ccd99f2a12cac8ec228b3cbd6465b88cfa68bae995ab28c86ee,e0f072e011f7fa04c850703ecde35393
Assets/Art/Image/Hero/Sequence/Chuizi/yidong/yidong_cuizi_hong.anim,animation-clip,.anim,2852,a93858d0b56d04fb2bfadf4bf8142be2010de2bc546c324e57a138390a331223,eb06794d9626e0f469675e81e2a0979a
Assets/Art/Image/Hero/Sequence/Chuizi/yidong/yidong_cuizi_lv.anim,animation-clip,.anim,2850,0d57aaa3ac917c7a79aeb3fda9e5ea6df7db691c214e95886a905d00bb0d2efc,b1707bb5ba0f7384fbcfb52db8d5e9d8
Assets/Art/Image/Hero/Sequence/Chuizi/yidong/yidong_cuizi_zi.anim,animation-clip,.anim,2850,43b5a7adff4adb1c12faee3cc161bc9304b14660b6854974a3d85fe0209369bf,7f3100bb281325c40a6662b639c0e808
Assets/Art/Image/Hero/Sequence/Chuizi/yidong/紫色锤子移动_0000.png,image,.png,30101,4d0fa338f881c7810bca2659b7c680fb011619e341960bccb48d5738e6663b3b,277b604a6686a5e46b0135a35e0f98de
Assets/Art/Image/Hero/Sequence/Chuizi/yidong/紫色锤子移动_0001.png,image,.png,29520,5607e60757c11ec1fca10c3e2d7168741aa8ae685fefc88c05ce96c3f76736f1,80e4e371c96479840828e0aa41ce7079
Assets/Art/Image/Hero/Sequence/Chuizi/yidong/紫色锤子移动_0002.png,image,.png,29385,8f42e1b259c5d50c8f8e3aafbffe57208c56ee54cbbd22481a2e9499c2f76b84,6819e98b066058d4490ff7e966a49d40
Assets/Art/Image/Hero/Sequence/Chuizi/yidong/紫色锤子移动_0003.png,image,.png,29633,c4d0514b8326283a062df564d500f561f657c55a2156ca9596ce06c8d8ef22e2,bea5d2cd69f375d4b9e8e5a27089be66
Assets/Art/Image/Hero/Sequence/Chuizi/yidong/紫色锤子移动_0004.png,image,.png,29431,6a730f521382ccd72f9997ee4b130721faafccfa047018e76310cb77cacbd624,0646b5393cad6d94cae466e0a4c2a3a7
Assets/Art/Image/Hero/Sequence/Chuizi/yidong/紫色锤子移动_0005.png,image,.png,30282,2451dbc4a63bc55812264c19b3458a8a3fb261d69406b4bae82a183b1e798df3,5ce1c21fe32a49747822d26adf9b0556
Assets/Art/Image/Hero/Sequence/Chuizi/yidong/红色锤子移动_0000.png,image,.png,29664,4f1bd552f936a187946ff06402df0e3a32ef9727d75c09636435de23ee9e19d8,92e68db89abd44d4397d7929a93f83c0
Assets/Art/Image/Hero/Sequence/Chuizi/yidong/红色锤子移动_0001.png,image,.png,29057,9e1c31e6ae76f7223bc9088b1752c7bd10b041e7903d1b5ff2c481edc0c0a9ef,6dd998712abd3a444982d91e2acc09b0
Assets/Art/Image/Hero/Sequence/Chuizi/yidong/红色锤子移动_0002.png,image,.png,28900,0656f68b0fab610a5f9b5a9ed1cd97d00aa1fbf97a45e886cce850bb5bd19cbe,ef10be477063d2045ba93b80a8317b01
Assets/Art/Image/Hero/Sequence/Chuizi/yidong/红色锤子移动_0003.png,image,.png,29181,2d6ede8c0167c4724e18de25f458316edebcd59a579739c4f93a0127325ae266,a328115b7bacab74b9bd38f6c4dc8c6f
Assets/Art/Image/Hero/Sequence/Chuizi/yidong/红色锤子移动_0004.png,image,.png,28992,853711ce0a6a0a4e3031b33904e83c186e313e6f78aa968b2f4069ce126e9fc4,b2690c628619ba445b08f1e6d85ef51e
Assets/Art/Image/Hero/Sequence/Chuizi/yidong/红色锤子移动_0005.png,image,.png,29799,10c05dc9ca609070e6c399ec7a535ee0497047acdb89a9dbda3994dfa49029fc,09b034b005a45cc44b36ad747dcb32a7
Assets/Art/Image/Hero/Sequence/Chuizi/yidong/绿色锤子移动_0000.png,image,.png,30379,64fdb9d3136937b58c284336fb76b813ae32320f7c63d9877b771fb02f460c44,00fdc83850ca31446913f333fbd380af
Assets/Art/Image/Hero/Sequence/Chuizi/yidong/绿色锤子移动_0001.png,image,.png,29625,499d36cfb438777f3f3d2f598014e262259f935cd66304aff857ac9cd12058b4,0e12d29dafc1b2e45b9cda409c8d5708
Assets/Art/Image/Hero/Sequence/Chuizi/yidong/绿色锤子移动_0002.png,image,.png,29612,b45c3f36d4f6604accc84c17cd54ee624e11ebb98c0107b47943c10665510df7,df7f426851e3dad42a5d1a0bf0b20b61
Assets/Art/Image/Hero/Sequence/Chuizi/yidong/绿色锤子移动_0003.png,image,.png,29802,d0a0dda22d800c4d13f28bfafa353acc8a3c6f76abf19cab3469e965bb7c934f,52c48d2fe7950e840b2d080a66f32ac6
Assets/Art/Image/Hero/Sequence/Chuizi/yidong/绿色锤子移动_0004.png,image,.png,29624,416d0ebb82b1c78ecbd37a867ae9c3c5b71b9d76ecf849b11f3e65bb1cf5c23e,c7ee243c1a506044091edc8701f9a080
Assets/Art/Image/Hero/Sequence/Chuizi/yidong/绿色锤子移动_0005.png,image,.png,30503,d06551e06c73f970fe5b41954058aaad5511fb6c63afce65d6d52da72f092d82,47d4e1cd0c9533443b4f8384f50b972f
Assets/Art/Image/Hero/Sequence/Daiji/daiji.anim,animation-clip,.anim,3719,bba55a8cb7f558d143ba9e1f0e049837352d15e3a93dc30eb226609352a52422,a1e00eca070acd241bb16e62f3ab3b1b
Assets/Art/Image/Hero/Sequence/Daiji/待机_0000.png,image,.png,21048,d9fb4259738d223a78269f92240e9baaa8ae6d91dfaa20ff9ae393c71c034e8f,49514aac45c7d7d489a5676d999509c9
Assets/Art/Image/Hero/Sequence/Daiji/待机_0001.png,image,.png,21048,d9fb4259738d223a78269f92240e9baaa8ae6d91dfaa20ff9ae393c71c034e8f,d8a156b13c785c2439b1b46b7089eee4
Assets/Art/Image/Hero/Sequence/Daiji/待机_0002.png,image,.png,21480,bbd4cf8829d15878308ae5bf659ce38efa875e2812285a75696ebe475f92c3f3,0497e5181cd864541bb313d3fec51121
Assets/Art/Image/Hero/Sequence/Daiji/待机_0003.png,image,.png,21480,bbd4cf8829d15878308ae5bf659ce38efa875e2812285a75696ebe475f92c3f3,af02aae5004e48543be45f741b9e7c90
Assets/Art/Image/Hero/Sequence/Daiji/待机_0004.png,image,.png,21304,4c8538edf3d3c677f2f44a758c0f303f6991710e9f54b0092f107fc4e9d3eefc,efb968e085067f344b8d15e6c6b91f04
Assets/Art/Image/Hero/Sequence/Daiji/待机_0005.png,image,.png,21304,4c8538edf3d3c677f2f44a758c0f303f6991710e9f54b0092f107fc4e9d3eefc,1e6ba1bcfe9dd314194081e1b5d3dd61
Assets/Art/Image/Hero/Sequence/Daiji/待机_0006.png,image,.png,21787,445e8e4315c21b0b5556fa3b9b2c85f73c4d6864e825715ca8ec65c91b456505,46b6d206096bfa940bdb14c7a45451e0
Assets/Art/Image/Hero/Sequence/Daiji/待机_0007.png,image,.png,21787,445e8e4315c21b0b5556fa3b9b2c85f73c4d6864e825715ca8ec65c91b456505,5637da1934c39664b9fdbfffe793ff3c
Assets/Art/Image/Hero/Sequence/Daiji/待机_0008.png,image,.png,21700,5e962f4909f6f302757b07ab1573bf3062cbe6656a0512c446b251325f770356,bd7442cc566cd4646b1e7bd87061414f
Assets/Art/Image/Hero/Sequence/Daiji/待机_0009.png,image,.png,21700,5e962f4909f6f302757b07ab1573bf3062cbe6656a0512c446b251325f770356,c21e7142587d1b04493f6dd3b225fa8b
Assets/Art/Image/Hero/Sequence/Daiji/待机_0010.png,image,.png,20996,2a4f3b59f5c9ccf9ccc96c47d549ffa6312e0c72a3590adefedfca7a25b49fa3,3d3d07dff38d30246aa490826b5f1993
Assets/Art/Image/Hero/Sequence/Daiji/待机_0011.png,image,.png,20996,2a4f3b59f5c9ccf9ccc96c47d549ffa6312e0c72a3590adefedfca7a25b49fa3,094ffcf16a4e9934abed445eb682837d
Assets/Art/Image/Hero/Sequence/Dao/daiji/daiji_dao_chen.anim,animation-clip,.anim,3728,12b12b6334fd8ce5e109a38c06d92b0660ccf209aa922519ad3df781e4af363d,a742815e41b45da418e79b428fcc895b
Assets/Art/Image/Hero/Sequence/Dao/daiji/daiji_dao_hong.anim,animation-clip,.anim,3728,6835b0ec62d93cac217a044c044effd7fa805a8b40b42722c0401861d247a341,256040631a05bb44cac613058c18dde1
Assets/Art/Image/Hero/Sequence/Dao/daiji/daiji_dao_lv.anim,animation-clip,.anim,3726,f456f097b36c54fb6031e2b39b6c05af380250931ae8a21227f1be8fcc10b19a,57aa9e78ee537484889ae47bc0444fec
Assets/Art/Image/Hero/Sequence/Dao/daiji/daiji_dao_zhi.anim,animation-clip,.anim,3727,f819c74990a54429457f14e7c8d8292f426a09898dee912dacd1172518cea5cc,c947d5ea2e4d61640a431d12503f73d8
Assets/Art/Image/Hero/Sequence/Dao/daiji/橙色刀待机_0000.png,image,.png,32992,9331ef4b57de2a62b4c3f3923f18333323f8a127b9377907e566ea6e18f832d1,8a6e78a36711f8740b6c91e2d0872418
Assets/Art/Image/Hero/Sequence/Dao/daiji/橙色刀待机_0001.png,image,.png,32992,9331ef4b57de2a62b4c3f3923f18333323f8a127b9377907e566ea6e18f832d1,b031e3dfbb38a534b9b4d28ff8848181
Assets/Art/Image/Hero/Sequence/Dao/daiji/橙色刀待机_0002.png,image,.png,33697,37775050904805e76e33ac56a6827605fb4a19c49c4404c7e5c0c38a7de691d8,a4558d73b2780c443bbc9b1f4c55622a
Assets/Art/Image/Hero/Sequence/Dao/daiji/橙色刀待机_0003.png,image,.png,33697,7caec520d9ad5746d74941f825bc0607712cd3ac2e2fcd80442cda44e8d55ccb,b522fbe302dab484eb02a90b4575d44a
Assets/Art/Image/Hero/Sequence/Dao/daiji/橙色刀待机_0004.png,image,.png,30426,2d2841d89c028e63e307bce72f565a95c072f7c8b6f4b01fa29d2cd19916e5bc,72b6fc17895fffb4eb0f499e01177cf0
Assets/Art/Image/Hero/Sequence/Dao/daiji/橙色刀待机_0005.png,image,.png,30426,2d2841d89c028e63e307bce72f565a95c072f7c8b6f4b01fa29d2cd19916e5bc,0ca9f2b3676bdf840bc2f05f3b71dfce
Assets/Art/Image/Hero/Sequence/Dao/daiji/橙色刀待机_0006.png,image,.png,27773,f919e8924a0356dec32e11057757c94920dc7c4c78d861cde97a88435285e423,ccc2b4099d0ed7a42a32b20300111ced
Assets/Art/Image/Hero/Sequence/Dao/daiji/橙色刀待机_0007.png,image,.png,27773,f919e8924a0356dec32e11057757c94920dc7c4c78d861cde97a88435285e423,497745e8ff9a55b4085fc0685b7f1da3
Assets/Art/Image/Hero/Sequence/Dao/daiji/橙色刀待机_0008.png,image,.png,27553,1ca04e432ab13adc16f2a00bd4ea0e02bea0e304f5a13d4a8824cc533dc019dc,697ca3a224a457e4ead540a4fc7e129a
Assets/Art/Image/Hero/Sequence/Dao/daiji/橙色刀待机_0009.png,image,.png,27553,1ca04e432ab13adc16f2a00bd4ea0e02bea0e304f5a13d4a8824cc533dc019dc,5928e63496b9acd40aa116862bf7deec
Assets/Art/Image/Hero/Sequence/Dao/daiji/橙色刀待机_0010.png,image,.png,32583,e5b8108b906902f355caeb484d85550f7f51f4cc9666ace59800b2cc6f7ecd0c,9e21af1c9e019894da35e258caa36ef2
Assets/Art/Image/Hero/Sequence/Dao/daiji/橙色刀待机_0011.png,image,.png,32583,e5b8108b906902f355caeb484d85550f7f51f4cc9666ace59800b2cc6f7ecd0c,05b27b949a9f8124884bd416e30432fd
Assets/Art/Image/Hero/Sequence/Dao/daiji/紫色刀待机_0000.png,image,.png,33051,09ac368318060ba92c73d14b703b66381af97ec2d0784357c3ed3051edd17310,15fc09bf79a80cb45b24b16fa1850763
Assets/Art/Image/Hero/Sequence/Dao/daiji/紫色刀待机_0001.png,image,.png,33051,09ac368318060ba92c73d14b703b66381af97ec2d0784357c3ed3051edd17310,3cca24531f4de4b45b0c43ceaf7526ae
Assets/Art/Image/Hero/Sequence/Dao/daiji/紫色刀待机_0002.png,image,.png,33736,9a9c2b94b3c10c0fb6a886ddbecdba7a510a54ab2247dda2e1f812809f660708,92444283066baea4cbc3e38379645164
Assets/Art/Image/Hero/Sequence/Dao/daiji/紫色刀待机_0003.png,image,.png,33737,b7914467b9d2d1e084ae9e75e0ee8d2c3cadeab3db7bfd506d72c1232bf456b8,d83d38445c0ac36419f9567516af96bf
Assets/Art/Image/Hero/Sequence/Dao/daiji/紫色刀待机_0004.png,image,.png,30461,f2b1639be24647e0f8fe47673d6dac50680a22147bb461b8c7bae9bf171a183a,6b3a060d6486edc438be7aea10f5f360
Assets/Art/Image/Hero/Sequence/Dao/daiji/紫色刀待机_0005.png,image,.png,30461,f2b1639be24647e0f8fe47673d6dac50680a22147bb461b8c7bae9bf171a183a,c2139e7f20e322b4cb0a1e59680726f0
Assets/Art/Image/Hero/Sequence/Dao/daiji/紫色刀待机_0006.png,image,.png,27800,3497c558e8c3d7b63fddcfea48738bb6e0ab52d028f0991512adcb03d04f2ad9,297a3799c1037f442813ddad9b40f5e3
Assets/Art/Image/Hero/Sequence/Dao/daiji/紫色刀待机_0007.png,image,.png,27800,3497c558e8c3d7b63fddcfea48738bb6e0ab52d028f0991512adcb03d04f2ad9,aeda0bd57468cab49be962a1b15c8adf
Assets/Art/Image/Hero/Sequence/Dao/daiji/紫色刀待机_0008.png,image,.png,27598,99b2b2efa3d4181058df6d78ba2a99e71d919dc27abeeb3a899642e3cab6e680,6c2d966b45e061b42b781b5bdb094ddb
Assets/Art/Image/Hero/Sequence/Dao/daiji/紫色刀待机_0009.png,image,.png,27598,99b2b2efa3d4181058df6d78ba2a99e71d919dc27abeeb3a899642e3cab6e680,78be0ba9f3285a0468d9945f56153793
Assets/Art/Image/Hero/Sequence/Dao/daiji/紫色刀待机_0010.png,image,.png,32630,9966bb12ac988d27934b66f1c452898cd8bf65d50ad3ff5ddd37cca849f96e3c,e6b073f0cb413be48b219088f7c4d112
Assets/Art/Image/Hero/Sequence/Dao/daiji/紫色刀待机_0011.png,image,.png,32630,9966bb12ac988d27934b66f1c452898cd8bf65d50ad3ff5ddd37cca849f96e3c,74fa8f87b217ba94c9d66e2576964342
Assets/Art/Image/Hero/Sequence/Dao/daiji/红色刀待机_0000.png,image,.png,31672,5cc16a24ab99395bea99c3161c9fc917ca4fb85b70fe6531cc994c1500a9c68b,a11a062f5d5334348a42efb21ebb1b8d
Assets/Art/Image/Hero/Sequence/Dao/daiji/红色刀待机_0001.png,image,.png,31672,5cc16a24ab99395bea99c3161c9fc917ca4fb85b70fe6531cc994c1500a9c68b,3039160899e06aa4286b2e72300adab6
Assets/Art/Image/Hero/Sequence/Dao/daiji/红色刀待机_0002.png,image,.png,32424,7e9e8afb1042b7985bf36ae94f4e617be9f742a248db4bff13cb6ab32efdf4aa,c6adc5c02f99d6d44914f63d04e852cc
Assets/Art/Image/Hero/Sequence/Dao/daiji/红色刀待机_0003.png,image,.png,32424,cdc4f2f30e05cfe9b1056c62ede9ed5b9370359be884f905ee0fb8bdd5a6e87a,b4ef6abd0c88e034a8df77c1128253d8
Assets/Art/Image/Hero/Sequence/Dao/daiji/红色刀待机_0004.png,image,.png,29332,0ea952a8094ab430a866af1e507ad876e3d44243107b896a16f3ad1d5b7abfb8,c771d1f84eeed6c429ed8f4f2a1df706
Assets/Art/Image/Hero/Sequence/Dao/daiji/红色刀待机_0005.png,image,.png,29332,0ea952a8094ab430a866af1e507ad876e3d44243107b896a16f3ad1d5b7abfb8,9f4b7936370932a4781aeda4d8595cf8
Assets/Art/Image/Hero/Sequence/Dao/daiji/红色刀待机_0006.png,image,.png,27095,0891db7d98afa9970a4d86068d0422bd8c8b66a650f6b7b9456acdddb4ac993d,ff3e12f8aecb0a6489b1348c1fccc15e
Assets/Art/Image/Hero/Sequence/Dao/daiji/红色刀待机_0007.png,image,.png,27095,0891db7d98afa9970a4d86068d0422bd8c8b66a650f6b7b9456acdddb4ac993d,c785285d7fc55c0478d229c4b55416b6
Assets/Art/Image/Hero/Sequence/Dao/daiji/红色刀待机_0008.png,image,.png,26855,1b4b0f859e90aacaaa7217f9c714d9065f0b4bd2eeacf37a3c5dec36bd34faa7,86a6cbc014db3a04c9d9c1219a127dc8
Assets/Art/Image/Hero/Sequence/Dao/daiji/红色刀待机_0009.png,image,.png,26855,1b4b0f859e90aacaaa7217f9c714d9065f0b4bd2eeacf37a3c5dec36bd34faa7,6fb54df3e2785a6438cae05797cb1a81
Assets/Art/Image/Hero/Sequence/Dao/daiji/红色刀待机_0010.png,image,.png,31302,9b53157220fe1d854776280bd25101562c98180800fe042b42e23ecff51004a3,9139574fc6ae87b4e89d50de6fff67df
Assets/Art/Image/Hero/Sequence/Dao/daiji/红色刀待机_0011.png,image,.png,31302,9b53157220fe1d854776280bd25101562c98180800fe042b42e23ecff51004a3,342be630f4731554492e7750ac346a11
Assets/Art/Image/Hero/Sequence/Dao/daiji/绿色刀待机_0000.png,image,.png,33187,dc4c580a3570613123d83b7ff0f27ac06376e1e51a30aea2af0a6b16f8adb44d,678d6a59fd3676443ae07a0b34b20bd0
Assets/Art/Image/Hero/Sequence/Dao/daiji/绿色刀待机_0001.png,image,.png,33187,dc4c580a3570613123d83b7ff0f27ac06376e1e51a30aea2af0a6b16f8adb44d,e883ae0239084534999abca8d7e5fb6d
Assets/Art/Image/Hero/Sequence/Dao/daiji/绿色刀待机_0002.png,image,.png,33847,db901a524913e57cd5ec05cdea5169d555fc3de2993d5086ca43ff3f312310a3,dfc91776a3ed1d841b88ebf291fc1792
Assets/Art/Image/Hero/Sequence/Dao/daiji/绿色刀待机_0003.png,image,.png,33849,cc9c19b9be49ff095ee3590c33af57f0e8ec9223badbe067be68f207cad994e6,4bb7772c7a2446e48baa88b0b3a7cabf
Assets/Art/Image/Hero/Sequence/Dao/daiji/绿色刀待机_0004.png,image,.png,30544,22e5930f80bba1dfc690895632acdaacefe5e65748a67f69a4a4b0daea2151b3,a3ec176164bea0143b267a8440b9e6ce
Assets/Art/Image/Hero/Sequence/Dao/daiji/绿色刀待机_0005.png,image,.png,30544,22e5930f80bba1dfc690895632acdaacefe5e65748a67f69a4a4b0daea2151b3,c65f1e725c7a7ee4b91801917ad8fc77
Assets/Art/Image/Hero/Sequence/Dao/daiji/绿色刀待机_0006.png,image,.png,27904,da845c22672fdbc613714756247df6381d3469aaa3f52343fad916aed978c8b2,bcfaf72d559bf924ba2786dacead931e
Assets/Art/Image/Hero/Sequence/Dao/daiji/绿色刀待机_0007.png,image,.png,27904,da845c22672fdbc613714756247df6381d3469aaa3f52343fad916aed978c8b2,1e1c1749a5d604f47b3d24d8c0ed0429
Assets/Art/Image/Hero/Sequence/Dao/daiji/绿色刀待机_0008.png,image,.png,27704,9a93425d55c785ff48ce31fd8d86b17ae28014bec8b8708ec789f29cf53c842b,91ceb339ed4414f4fbdbd6db5d94a3dd
Assets/Art/Image/Hero/Sequence/Dao/daiji/绿色刀待机_0009.png,image,.png,27704,9a93425d55c785ff48ce31fd8d86b17ae28014bec8b8708ec789f29cf53c842b,ef9cca8e8dd785148bbd5746e1fe0f4f
Assets/Art/Image/Hero/Sequence/Dao/daiji/绿色刀待机_0010.png,image,.png,32748,21752f170a3f880a2c1a2e61f8508b12e85243981c7ba5bf6ccef8f9d3609862,e5dc32d97fa489848afbef32e03ca3ea
Assets/Art/Image/Hero/Sequence/Dao/daiji/绿色刀待机_0011.png,image,.png,32748,21752f170a3f880a2c1a2e61f8508b12e85243981c7ba5bf6ccef8f9d3609862,f95c66bf56a25af449b0e8aef0ad5140
Assets/Art/Image/Hero/Sequence/Dao/gongji/gongji_dao_chen.anim,animation-clip,.anim,5104,badd8a4964e847debc2e23311e92ac884a3abfb54f7962bbc7b0d042e2d53aa6,744746b92ee0fc446bc9228b4efd8993
Assets/Art/Image/Hero/Sequence/Dao/gongji/gongji_dao_hong.anim,animation-clip,.anim,5104,c2b2974144169e2c32ba39b6aff970d546f81cad6ae077ff08438ca9720cb651,ff8b57f88a4ae3546a661925c811a53a
Assets/Art/Image/Hero/Sequence/Dao/gongji/gongji_dao_lv.anim,animation-clip,.anim,5102,3d1912ad390eec954618355ffff202ae62dc89e1454925db4094fd45cf3ac486,54aa78c08c9b60841b83e2156d175a18
Assets/Art/Image/Hero/Sequence/Dao/gongji/gongji_dao_zhi.anim,animation-clip,.anim,5103,1ee620da990e8e8f72410940be69239bcb8a85cbb176b8242b460deb1dcc73c7,e4d7ee77696e4ea4f861bf72c64342d7
Assets/Art/Image/Hero/Sequence/Dao/gongji/橙色刀攻击_0000.png,image,.png,29140,fd47f8de2d745eaae85eaa0efef362024aed524c609e397025cff18999addbec,0fd7e98ec37d16341965a0d8662fab8b
Assets/Art/Image/Hero/Sequence/Dao/gongji/橙色刀攻击_0001.png,image,.png,49412,177273b4b91e309d18f6f06f019ee2717d733e7e3bb92940e5f324a0c79ed944,d16b9135d4962634c86ee1349ecf5f22
Assets/Art/Image/Hero/Sequence/Dao/gongji/橙色刀攻击_0002.png,image,.png,65280,5860d6e69f9357de0d1f625458a6b187b842a35fe56b93cacb48d72a84147167,01076a1ce2852c74eb37a3532b8feae7
Assets/Art/Image/Hero/Sequence/Dao/gongji/橙色刀攻击_0003.png,image,.png,70890,e42f98d20f08892ac21d9898eeb7d45400491cb8656341a2859124dc5701b025,089fbe4d757b8e043854fdc46a4b5d76
Assets/Art/Image/Hero/Sequence/Dao/gongji/橙色刀攻击_0004.png,image,.png,71412,14253c6453312fdde744134995addc99cf4b323ec97b955a0e56bc37e986d607,d462cfcdd9341b54ab702a076a480322
Assets/Art/Image/Hero/Sequence/Dao/gongji/橙色刀攻击_0005.png,image,.png,70762,4a9ecdb84b659621e86671f4ebfa4a6de02cf9a91eebfff671553fa801720b3d,44a6853d2a9af9e4abac9903d74b80c3
Assets/Art/Image/Hero/Sequence/Dao/gongji/橙色刀攻击_0006.png,image,.png,68397,d972eec60db01d2b68b8e5038f4032bb02b719b8a282e5b81ef688ce917fef6b,02627b8e2276bbd449c42e04815038a0
Assets/Art/Image/Hero/Sequence/Dao/gongji/橙色刀攻击_0007.png,image,.png,69467,3b9131eb5e4303d05e37b4778ccfa38974a85b405d501263a9f157ac9ee0c58f,179f878ae102e4948a0cb1af3478a870
Assets/Art/Image/Hero/Sequence/Dao/gongji/橙色刀攻击_0008.png,image,.png,73189,a8939aec6f46fa0db062a6b592b1d8a0d2f0c29d0b921accd05d78963b770e89,cb8325be5375efc45991f1d27ce70e10
Assets/Art/Image/Hero/Sequence/Dao/gongji/橙色刀攻击_0009.png,image,.png,67643,847d44b306773d753b14944aebc6a8ae7d875ad8da03c4335b250c0a3aec26bf,df4167a5ba075ac42804e1d1e93ab342
Assets/Art/Image/Hero/Sequence/Dao/gongji/橙色刀攻击_0010.png,image,.png,65586,c999d3b909feaff39040b7d40111d7748199ea2e5a32d13577aad5c1487c1ae4,d68fe356231a4d94c8e33fe2ac47bedd
Assets/Art/Image/Hero/Sequence/Dao/gongji/橙色刀攻击_0011.png,image,.png,40798,b5477adab1e051260980c86e2f07be65cbb2d330c1edc3e2bc30f1dc946fecf0,8db57c8ca8678ce4a82571ff112a5d3a
Assets/Art/Image/Hero/Sequence/Dao/gongji/橙色刀攻击_0012.png,image,.png,22605,696efcb678eee6ba45716cda1d72d840bcf3ae5baa2486446fadad8909787648,051c4ec4bda6d484f8d4c492f0545384
Assets/Art/Image/Hero/Sequence/Dao/gongji/橙色刀攻击_0013.png,image,.png,19625,d643e685c5206d0bb97ba35c0ef5e63c8d55c9d47d4f46e2855774e78edc169d,96ce7a20b10e758428c6dd07eedab865
Assets/Art/Image/Hero/Sequence/Dao/gongji/紫色刀攻击_0000.png,image,.png,28427,9f6fc0dc3fc231e9792c7df6c0904131106bfea648be6222a19f55c9a9dce635,d013dfee3b4448e478122cc3ea154bcd
Assets/Art/Image/Hero/Sequence/Dao/gongji/紫色刀攻击_0001.png,image,.png,45430,aee06ffeecee362552bd3a492af2d945a44969dea6dc94088d2eb59a75b07d59,56165ec1ac42d5e4b9c3bf535b25944c
Assets/Art/Image/Hero/Sequence/Dao/gongji/紫色刀攻击_0002.png,image,.png,59632,e61c63d030433c37638a534943356ed0f9d322da1c43ce1bf6ca5ee3fa525775,8f4d4d70e7931144ba0def754252bb83
Assets/Art/Image/Hero/Sequence/Dao/gongji/紫色刀攻击_0003.png,image,.png,63257,9aafaf5b6d14b4e6a9f8ea9c18058f573abef6bf0edb48002f119a88f663270c,be2125d8a8a7dbc40827813507193b75
Assets/Art/Image/Hero/Sequence/Dao/gongji/紫色刀攻击_0004.png,image,.png,62816,e1959155090fbc1896a5eb8c92e75e64d2fce8a765ef6697b5108e0504836bc8,1dec8f2c1eb32354aa3b8182da49157b
Assets/Art/Image/Hero/Sequence/Dao/gongji/紫色刀攻击_0005.png,image,.png,62346,b80ba696bb49af4b3eea28aa65d8caa6b9377b2a94b6f4618ab903295f46b904,a277cc6ac81322e44b1e7d2fda942679
Assets/Art/Image/Hero/Sequence/Dao/gongji/紫色刀攻击_0006.png,image,.png,61965,677d79adb9eaa2dabe759ed0a575beb876af877ef8f9b0fdb537167a13622d4b,a6d899edbf0ed374081400ed6e99ba4f
Assets/Art/Image/Hero/Sequence/Dao/gongji/紫色刀攻击_0007.png,image,.png,62537,7db8b2b96f966a5e6b2e519b6977c40929088793f51f21c00e3c9cade699f955,3cb560651f1519b4297cabc33f02ef43
Assets/Art/Image/Hero/Sequence/Dao/gongji/紫色刀攻击_0008.png,image,.png,65165,ce5652db1cce872335c7e6585bab4189ddb6d32fccc54cc32028810150b94504,7d2988941b7901a4a8df581e33a0ccb9
Assets/Art/Image/Hero/Sequence/Dao/gongji/紫色刀攻击_0009.png,image,.png,61134,5bacbf924de912a29a2a3f645c77a60970dabe22a639f18be97b312d3df8af8f,45e82459908b5e4408a338a83806507a
Assets/Art/Image/Hero/Sequence/Dao/gongji/紫色刀攻击_0010.png,image,.png,59684,1e2040cf08deee649633cb65153d3e11a27bbbc11c443d7085a1ac4ad2c06530,4bb9a34717e9e8c4eb3d46b6d8ea6268
Assets/Art/Image/Hero/Sequence/Dao/gongji/紫色刀攻击_0011.png,image,.png,38310,a16c73581ca0937fe67e08eff849b8deeaaecf838d48ecebfacdcecd2d6ef562,273fa628b6f7720458e0f0d40c98b227
Assets/Art/Image/Hero/Sequence/Dao/gongji/紫色刀攻击_0012.png,image,.png,22138,2f4ec1e622e96f734bb713d5879a2a410a5f9659220200a8e725afac1817328e,d3cb74d9db59467418bf8b804c0f34bf
Assets/Art/Image/Hero/Sequence/Dao/gongji/紫色刀攻击_0013.png,image,.png,19506,10169dcfac6dbe595d78e39f085da7ade3c4891fdd8a6974b970a32e70b5e310,69d9ae99fff159f43985964bb3aa9ac0
Assets/Art/Image/Hero/Sequence/Dao/gongji/红色刀攻击_0000.png,image,.png,28952,ee3eb3768d99a0b7e1c180aecae5b8da42cf7b9af779f19ae0c1aa96bf050794,bb301b678e06f4743bfbfb7a95b1978e
Assets/Art/Image/Hero/Sequence/Dao/gongji/红色刀攻击_0001.png,image,.png,46833,7fe068556f2cda97ce11b0f38a0e49ec45745baadae81b02ec754f3430b4df87,92fb790583c89a74695fc5e567d3aa80
Assets/Art/Image/Hero/Sequence/Dao/gongji/红色刀攻击_0002.png,image,.png,60961,f684c3f69f15ee42e3b84781f3ae6cff5e2bd4458ab90fa7d99c9b1466bca86e,83cd5bfa8c83ed8459067da649ba852f
Assets/Art/Image/Hero/Sequence/Dao/gongji/红色刀攻击_0003.png,image,.png,65315,a303c10f769671448de14ef078a810d8210eadc7adbd91ccdc4f3ba22dc131fb,f27e2839b5e794d44aea8acd52f440c5
Assets/Art/Image/Hero/Sequence/Dao/gongji/红色刀攻击_0004.png,image,.png,65990,bcebd687163d0c2fec4644fcaa0911af2461a87f84dc8c58a4e19dec4f3a2d6e,c35cdf360f9d8b648bd99dacd85b390e
Assets/Art/Image/Hero/Sequence/Dao/gongji/红色刀攻击_0005.png,image,.png,65489,cd69aa812a5d275664cda681fd2f64ac78cef2844c218f38a5bd393516766c3b,90d11741d080e984d92189c2d5d7957a
Assets/Art/Image/Hero/Sequence/Dao/gongji/红色刀攻击_0006.png,image,.png,63870,1e572f0a3ef341b9607ba68dc2e69706934e310830bc7034b443075fa6c032c8,26134e5f2112e2d4ab1985fc967e3a32
Assets/Art/Image/Hero/Sequence/Dao/gongji/红色刀攻击_0007.png,image,.png,64355,a95bbcd14c52115cf876744f0bfb9bdb88c3fcb91758927b7240718e926cc211,625f46c6c539b004981e10d3bfb1d787
Assets/Art/Image/Hero/Sequence/Dao/gongji/红色刀攻击_0008.png,image,.png,68233,8964e0417bf09dbbf7961b1782c0a88cdb36c67107e87d66699b1adb0772e7b6,31b20db8148b90e4995b56a8ec97009d
Assets/Art/Image/Hero/Sequence/Dao/gongji/红色刀攻击_0009.png,image,.png,63291,970c6d1c9f98c9c2b3762507a8adf375245b702ea5d91b18d8dd05c11dda78e9,5fa980066df98184aa0cce5ef6419f14
Assets/Art/Image/Hero/Sequence/Dao/gongji/红色刀攻击_0010.png,image,.png,61403,0337d82b294c3a0cfca15349cf738d1a1bdc96ada38edc934c720e61b5428d09,17d22972867fd7e489acdc255e939de3
Assets/Art/Image/Hero/Sequence/Dao/gongji/红色刀攻击_0011.png,image,.png,39266,51d59b26dd7374344b82ac4b4039cd19a73d9662362564928c10fd02de4ef42a,8fd03d3640e1b6545a890f6d620081f2
Assets/Art/Image/Hero/Sequence/Dao/gongji/红色刀攻击_0012.png,image,.png,22377,773605cbe826966d80fa36a43e5eb434e1fc81d70650c89ffcaeeb070f32d942,eaa9c82da597a024db202c2209e29184
Assets/Art/Image/Hero/Sequence/Dao/gongji/红色刀攻击_0013.png,image,.png,19485,cf171026271daf1fe1ec74d6ec17a87129765250315eb2bd191ae78b019b448b,9a7545bc4c209954caa1ece08f25a9ec
Assets/Art/Image/Hero/Sequence/Dao/gongji/绿色刀攻击_0000.png,image,.png,28904,eb6de44fff7329339e77d6e30cda78461563b3b52cfb576c26ebe96c148c0208,e66bf59d4beb7f5419762d4f9be6b788
Assets/Art/Image/Hero/Sequence/Dao/gongji/绿色刀攻击_0001.png,image,.png,49210,d674b2a4e6638887720ae0b527e148b7ee9fbc4124578ce885e95f368498aa53,b717c814faa33714c91cbd637f364f64
Assets/Art/Image/Hero/Sequence/Dao/gongji/绿色刀攻击_0002.png,image,.png,65020,8135a5dc020e42e4ade95007fc145d8177f5b55d8898814c4ecd7f404e8d21f6,5c6b4b9e054ad5e4ab94baa71c46ef1a
Assets/Art/Image/Hero/Sequence/Dao/gongji/绿色刀攻击_0003.png,image,.png,70633,7c94cd72149a56118f2ba01c669e299a05db0cfbfd668f608f31f2c898d6b886,5c583d5362989a441b0b9b046348ded1
Assets/Art/Image/Hero/Sequence/Dao/gongji/绿色刀攻击_0004.png,image,.png,71071,a8b76b7f6ff39b561b84410bdcea8d92be8a4ef6698230ed634e6737ead34d1a,092e1158af30d0e46bb1ae28ea11163a
Assets/Art/Image/Hero/Sequence/Dao/gongji/绿色刀攻击_0005.png,image,.png,70373,6dade2e07e196c63d90f35bef17bac3e33ce1d665bde07e01048962a6ce68bba,80a2025e36bfd174180f34cccf8c0fba
Assets/Art/Image/Hero/Sequence/Dao/gongji/绿色刀攻击_0006.png,image,.png,68185,ce2e11b6fe026b52ad233722fc914740f210bd89a8803cf490072eb42ca6a879,d180f6f95c83c6346a1ce1e310f80f19
Assets/Art/Image/Hero/Sequence/Dao/gongji/绿色刀攻击_0007.png,image,.png,69216,850ab9ba77fa93aab8c98e2e146a48bdaec0279ecc47c11b0fee05bccf2d9e81,4cb2a38f45360aa4599547e4bb6933fe
Assets/Art/Image/Hero/Sequence/Dao/gongji/绿色刀攻击_0008.png,image,.png,73023,5526e1fc0534b9dfba7ac6421342f620c9b5a93c06a278c6fdcd165ce75992b1,20b3d883f64c8a04684fe761028f6f30
Assets/Art/Image/Hero/Sequence/Dao/gongji/绿色刀攻击_0009.png,image,.png,67212,6a789e5eee6d1c73ed29bf0c3da300e54a645522b267fc23ec77e5579c795f0a,22faa655453b5d94bac84ff35954d32f
Assets/Art/Image/Hero/Sequence/Dao/gongji/绿色刀攻击_0010.png,image,.png,65213,01ce7b4965ccfbac3045523c8bc0c43a81c97ad060af4f08ba0b98010ea89018,745f1bad658215b49a64fd47324e28c2
Assets/Art/Image/Hero/Sequence/Dao/gongji/绿色刀攻击_0011.png,image,.png,40457,8978aae5b4c4cc5db0aea79ceecc7ce88740411ce15f4bf6ce80db3f7cda78bf,7a91b94c801daaf439976091308cec9c
Assets/Art/Image/Hero/Sequence/Dao/gongji/绿色刀攻击_0012.png,image,.png,22554,e742a274214e70481c0f2d5006eb8e3a1b2eb83cc7c04a0223a2809433f81845,5e8c4af51c6f0ae48815271c3ef21f50
Assets/Art/Image/Hero/Sequence/Dao/gongji/绿色刀攻击_0013.png,image,.png,19641,a0e0a0c0026e8f40c018f7496a96041c93659bb725d4e3ac31f18a4c82704487,5b1fa260d55acc547bcf47329b80c19e
Assets/Art/Image/Hero/Sequence/Dao/yidong/yidong_dao_chen.anim,animation-clip,.anim,2850,b69d532d32cd2cf1c680d28abe4eb5535ec9649a534a3f71747e6f0948bf1af5,8f321f065908a4447a7ba8f9032c4043
Assets/Art/Image/Hero/Sequence/Dao/yidong/yidong_dao_hong.anim,animation-clip,.anim,2850,7bc660888887dd52879915cb0217e66bba25d3cd63643d18dc1506cbb1da211b,1634097edda18d447943c5546434ed99
Assets/Art/Image/Hero/Sequence/Dao/yidong/yidong_dao_lv.anim,animation-clip,.anim,2848,09e3df3b06ebc6466840224c96239de23cd32ec0df81241db1baed398957e913,ed29896ecc26c6d40a0d3604b1c74129
Assets/Art/Image/Hero/Sequence/Dao/yidong/yidong_dao_zhi.anim,animation-clip,.anim,2849,5372f44ebdcac0045b9625b5b22f30462bb19ae12883b149ed49a33f022fcc02,c79127d3e176fe04ca88b57162649ee7
Assets/Art/Image/Hero/Sequence/Dao/yidong/橙色刀移动_0000.png,image,.png,32009,8841818ddcffc82077584035c109998221f5d4e9dae39cfb7b9bcab7da4056f7,9dce328621a13484ba21231937f33a4a
Assets/Art/Image/Hero/Sequence/Dao/yidong/橙色刀移动_0001.png,image,.png,31445,911cb324224bdc3bb90515eef1009d4ee47623ecef04b8a3e9053e9219d84d04,bd03a288d6a77f04eb2e0af28603fe45
Assets/Art/Image/Hero/Sequence/Dao/yidong/橙色刀移动_0002.png,image,.png,30607,dbeb98c4933ee202f7851ba1cb12aa14fa9e95ee2ab8e9715c541bf6ae6c60fa,2ee363563b19d914f94d3e1f99927926
Assets/Art/Image/Hero/Sequence/Dao/yidong/橙色刀移动_0003.png,image,.png,30497,b67e4cac4dba9e3935b7d6d4bc867ed8fc4bbcfb073feef79497f57a6e929d9e,d43a8e72b67ebb74f8a46629a3440b9e
Assets/Art/Image/Hero/Sequence/Dao/yidong/橙色刀移动_0004.png,image,.png,31910,cfc07e24ce4e31c31745ad2e26518f3c0089c48c95fb27fb78eb364cd9544f78,eae974f3a8b8b8c408bf565e0efb9058
Assets/Art/Image/Hero/Sequence/Dao/yidong/橙色刀移动_0005.png,image,.png,31893,55bcbda3cde9f482884ca51263f4e5cde4cb473b01b0a7016a2063df070d7c49,63bc155035fb7314e88f98993da1fc04
Assets/Art/Image/Hero/Sequence/Dao/yidong/紫色刀移动_0000.png,image,.png,32058,bda1cbdbb7feb7f7bc1c0a30c56310e2aa143b7c2dec25e53fefc1481495d10a,6e7962a7d251b23468f7e75281ae9bbe
Assets/Art/Image/Hero/Sequence/Dao/yidong/紫色刀移动_0001.png,image,.png,31511,e9d484c2100cf20a7296b8330c3e946116af01480fdef40440b95af14c404257,3b36b7ab732c399418b27504d625322f
Assets/Art/Image/Hero/Sequence/Dao/yidong/紫色刀移动_0002.png,image,.png,30647,c07e6828f3b1637917153e1b8623e8f293ac6e52afb247f5f6573867a9c3e429,6d446a628afe98f4e80c0ef9363a9fce
Assets/Art/Image/Hero/Sequence/Dao/yidong/紫色刀移动_0003.png,image,.png,30547,2a506c18b2402e1313084448719c744ffbd0139d764cf08e0c5e84877fa81472,41e4dd922a43584469cd33df3436fb82
Assets/Art/Image/Hero/Sequence/Dao/yidong/紫色刀移动_0004.png,image,.png,31971,34b381c798c17d65463588835c66a6efa98282d60d28599f259dd884941374d8,905ff59006434084e8cb2e81815e3e99
Assets/Art/Image/Hero/Sequence/Dao/yidong/紫色刀移动_0005.png,image,.png,31960,aa82b10f94b1c0ea65f59df4e06d68bdf23decde3639eb2e9bd2235927a5ddd4,3a80447588435fb44ad7d8b35cb0c095
Assets/Art/Image/Hero/Sequence/Dao/yidong/红色刀移动_0000.png,image,.png,30779,6572bd04b4d378e0b52effb4b856606af63831e0a820b0283dd793047dd6baa2,1656b7dc4a7aa4149bf3d1c5a02206fa
Assets/Art/Image/Hero/Sequence/Dao/yidong/红色刀移动_0001.png,image,.png,30192,c6a4f3ceec4c55ec1f7d54f89689233c314d8ad3b3b400fedbb313bdf15cd22b,c74470f2b282244439603be0366236f4
Assets/Art/Image/Hero/Sequence/Dao/yidong/红色刀移动_0002.png,image,.png,29405,b62a07122d60b091a0f0b9133b7d45b878aed1c31ce481db6ac1364bb960a12b,6af20d6d3eff2cc43b86bcfbf4e650cc
Assets/Art/Image/Hero/Sequence/Dao/yidong/红色刀移动_0003.png,image,.png,29305,97990b43e557c17fafdea500ae6be67eec2c8edc71ede6995f4980689f8ac7d4,1cdba4ffdbf1cd24dbcc19581f7c93a6
Assets/Art/Image/Hero/Sequence/Dao/yidong/红色刀移动_0004.png,image,.png,30617,ec0fc87ba983330cd9325bf9873b676227e05eff734b2ce9b0800f52514c5332,59f87faac76e662478d0641f65752bcc
Assets/Art/Image/Hero/Sequence/Dao/yidong/红色刀移动_0005.png,image,.png,30593,3c7d654aac9dfdec82a426abe1cdfd9eae74af0ed584d84b8b036e7339f699b8,7540bbd0423d6e94fafe865ab14b0cee
Assets/Art/Image/Hero/Sequence/Dao/yidong/绿色刀移动_0000.png,image,.png,32176,68fc147cba2270269689317512f5f4f20e93236051dde4f4caf55880d0fed85c,bf4f475eba49ea9498957f6e98831769
Assets/Art/Image/Hero/Sequence/Dao/yidong/绿色刀移动_0001.png,image,.png,31641,751ccacad52800ba32a2dc291b59a171261c4b6110627e0f80370302b1136700,78568dd445c911f4788c057a9cd68faf
Assets/Art/Image/Hero/Sequence/Dao/yidong/绿色刀移动_0002.png,image,.png,30787,48d49c135a8e80670eaa671f112ee1dc4fe2e249982dda420819b7699a7ec321,c7e60a039d4f97f4d91f7a81ce4b5239
Assets/Art/Image/Hero/Sequence/Dao/yidong/绿色刀移动_0003.png,image,.png,30668,d07108937be1b3675b923c2fc69ca73386024996662c8a1a8de024fc3d09b234,5afbba458ec52d14aa2474c2436ca9c4
Assets/Art/Image/Hero/Sequence/Dao/yidong/绿色刀移动_0004.png,image,.png,32093,fe5e59efe103729e79d561f7893a7c58262bd33328e519c94e087985c81c4ed0,f1e1b6861976eda4caeb62afc6c0c39d
Assets/Art/Image/Hero/Sequence/Dao/yidong/绿色刀移动_0005.png,image,.png,32102,6d0a2f7f7b3e5aadb571d8cdbe2b84a5bcf58b273de7199f8170e004cd75e22a,6aeae2ba35cd1514ba3f6ea6fe3255af
Assets/Art/Image/Hero/Sequence/feiji/daiji/daiji_feiji_chen.anim,animation-clip,.anim,3730,1c296259c36aacef03d680cdd3db6ec1830154191b80e473359938b36593af02,317b91a8e8b68ad419d4328ae2938df9
Assets/Art/Image/Hero/Sequence/feiji/daiji/daiji_feiji_hong.anim,animation-clip,.anim,3730,3a83df8182f6be302c5b2084fd6d0a2978591915eb9201db2f7204b8949c7a60,ab9b09186f5e8d845be3b1d9c2e12b76
Assets/Art/Image/Hero/Sequence/feiji/daiji/daiji_feiji_lv.anim,animation-clip,.anim,3728,829ebdbf36b88dc79fee5beadb10865c7b9e0a6f3415d65f7058f98aaee40222,e9f708f63fd904a4eba74ffb1e10debe
Assets/Art/Image/Hero/Sequence/feiji/daiji/daiji_feiji_zi.anim,animation-clip,.anim,3728,edb141be2c1c21cdbb8409eb627fc5788e91d1f16f72c1f53c31fdf2509ca967,80622d053c6792d4b88fd46e3ad42825
Assets/Art/Image/Hero/Sequence/feiji/daiji/橙色飞机待机_0000.png,image,.png,31184,c8ad8cac5573cdebd662b9b3e55e8c7a9e98f311d3c54b34f4356ca3c3099c63,63feb052ba9d51c46a9d18bd0ba708d1
Assets/Art/Image/Hero/Sequence/feiji/daiji/橙色飞机待机_0001.png,image,.png,31184,c8ad8cac5573cdebd662b9b3e55e8c7a9e98f311d3c54b34f4356ca3c3099c63,1dbbf0cf44983e44183c797558872fa4
Assets/Art/Image/Hero/Sequence/feiji/daiji/橙色飞机待机_0002.png,image,.png,32367,3b932793e37b71dec6ec980e0f6a6bfe0f3f99d6104012867290b7459527fdb5,9b1349301f357fb45b97a5fe1164e9fe
Assets/Art/Image/Hero/Sequence/feiji/daiji/橙色飞机待机_0003.png,image,.png,32367,72f613c38947c59faef462b10e33aeeb5d83188d824c6803f6fc7a844211cd01,b566566093c18eb47ac63743b96a85c0
Assets/Art/Image/Hero/Sequence/feiji/daiji/橙色飞机待机_0004.png,image,.png,32265,c00cd8ef2d207d261c6519d7d7f81fe95c05d6221de392fd9e1427735c0d543f,a708f76508e9e6c41a58cb687c32fc31
Assets/Art/Image/Hero/Sequence/feiji/daiji/橙色飞机待机_0005.png,image,.png,32265,c00cd8ef2d207d261c6519d7d7f81fe95c05d6221de392fd9e1427735c0d543f,acd4d2273574c1941bbbfc7f22625923
Assets/Art/Image/Hero/Sequence/feiji/daiji/橙色飞机待机_0006.png,image,.png,32673,648287f7bd374da3a821e3fd52a5b14adc3c8d8a7179d9fba457f47b00ac12c2,5175685fef3e0644ebe22e74978d3b30
Assets/Art/Image/Hero/Sequence/feiji/daiji/橙色飞机待机_0007.png,image,.png,32673,648287f7bd374da3a821e3fd52a5b14adc3c8d8a7179d9fba457f47b00ac12c2,1ea3c8c39d97b684b930819f4693575d
Assets/Art/Image/Hero/Sequence/feiji/daiji/橙色飞机待机_0008.png,image,.png,31484,30dd33ba8faa63a4d2988827a444d6347fc88a0adae5f96dbc735884c632d8b5,4f8d25a1ed9ebc74ab962d9d9d7c1456
Assets/Art/Image/Hero/Sequence/feiji/daiji/橙色飞机待机_0009.png,image,.png,31484,30dd33ba8faa63a4d2988827a444d6347fc88a0adae5f96dbc735884c632d8b5,3e028a00dd565b348b6b5bc025962940
Assets/Art/Image/Hero/Sequence/feiji/daiji/橙色飞机待机_0010.png,image,.png,31490,e78845cf7ee047aa3a5586212e744187a43f1d7dc3b0cd390ae6ce88266317f5,97196a2d32bccf14180bf4c2d97f2c45
Assets/Art/Image/Hero/Sequence/feiji/daiji/橙色飞机待机_0011.png,image,.png,31490,e78845cf7ee047aa3a5586212e744187a43f1d7dc3b0cd390ae6ce88266317f5,f20716fa4ed77e04ea7d6fceea9ae5fb
Assets/Art/Image/Hero/Sequence/feiji/daiji/紫色飞机待机_0000.png,image,.png,31237,cc0401094f7e32a11b0198346178a238933968806ea2239f8c9561eb84e8cdf9,b844a79b38302f64eafdfd69f0bbb8ec
Assets/Art/Image/Hero/Sequence/feiji/daiji/紫色飞机待机_0001.png,image,.png,31237,cc0401094f7e32a11b0198346178a238933968806ea2239f8c9561eb84e8cdf9,d1d23b11101244d49b94d67cf5e32d49
Assets/Art/Image/Hero/Sequence/feiji/daiji/紫色飞机待机_0002.png,image,.png,32443,988096832b16783c9dc7df636bef60f202635507abd2585b000b3d26e1d2bc34,6be526629f4a68d46acf969609cedf2a
Assets/Art/Image/Hero/Sequence/feiji/daiji/紫色飞机待机_0003.png,image,.png,32446,a7bd4711ccf7a3e710dbe20de88902d5f828dfb638655f5440652e8850f415b2,8f1c03fd75275e244a11217f453dd712
Assets/Art/Image/Hero/Sequence/feiji/daiji/紫色飞机待机_0004.png,image,.png,32340,d21c6fe6c5acf28fe4ac83b6d0a0516d2768227a8d610bac0bb4e15d204c040b,398ec9982d2d0904d8eb448cdd4700a1
Assets/Art/Image/Hero/Sequence/feiji/daiji/紫色飞机待机_0005.png,image,.png,32340,d21c6fe6c5acf28fe4ac83b6d0a0516d2768227a8d610bac0bb4e15d204c040b,600e9e5379ec5bd47bb682c8e46e593e
Assets/Art/Image/Hero/Sequence/feiji/daiji/紫色飞机待机_0006.png,image,.png,32727,1edb7b10841a92d52b342ed28b16bafd108e104abfc80dbb13589ef74a9790ad,ac155c58c9666c445a68dc75ad3e0932
Assets/Art/Image/Hero/Sequence/feiji/daiji/紫色飞机待机_0007.png,image,.png,32727,1edb7b10841a92d52b342ed28b16bafd108e104abfc80dbb13589ef74a9790ad,5faab98848540af4ebbc4093e06bac1e
Assets/Art/Image/Hero/Sequence/feiji/daiji/紫色飞机待机_0008.png,image,.png,31557,bd134b454bbecb27685fb82d0006956ea514c77123ff1f5f44ef0157a313679d,92e8d0f287dbe7e468cb6c0326ef73c5
Assets/Art/Image/Hero/Sequence/feiji/daiji/紫色飞机待机_0009.png,image,.png,31557,bd134b454bbecb27685fb82d0006956ea514c77123ff1f5f44ef0157a313679d,61568a02954698b4986b7288bae06d3b
Assets/Art/Image/Hero/Sequence/feiji/daiji/紫色飞机待机_0010.png,image,.png,31529,963bc71d9639bee9fb794a7856f7fc5072c78505df1bc011d65b7c63cb0ffd4b,158598d0c5685e8489c56f6d0e2ca42a
Assets/Art/Image/Hero/Sequence/feiji/daiji/紫色飞机待机_0011.png,image,.png,31529,963bc71d9639bee9fb794a7856f7fc5072c78505df1bc011d65b7c63cb0ffd4b,ad501531dedb7c446b04de5e2e8e8d7f
Assets/Art/Image/Hero/Sequence/feiji/daiji/红色飞机待机_0000.png,image,.png,30507,ae6ab1dc215c9f8b72e83d61f1d5ab3dd0cd5d2b47e33b26fc6c9a68c40b851b,a86c3e494ba6a4247ade30973205cf05
Assets/Art/Image/Hero/Sequence/feiji/daiji/红色飞机待机_0001.png,image,.png,30507,ae6ab1dc215c9f8b72e83d61f1d5ab3dd0cd5d2b47e33b26fc6c9a68c40b851b,f1e3b65a657c6dd4890228fc5c6050db
Assets/Art/Image/Hero/Sequence/feiji/daiji/红色飞机待机_0002.png,image,.png,31665,66a0bbfdf9f48950096cea1bd51ec7bafa36b543c69fcebcf667fe93fdfc1725,fbeb48880ca26ca4dad147ace6dbc381
Assets/Art/Image/Hero/Sequence/feiji/daiji/红色飞机待机_0003.png,image,.png,31665,2837fe5f62f4d5a38dd91025c49e96242338a07907e6ebc2c69c78f085d55cef,4919725d53d1589489e79b351aedf7e6
Assets/Art/Image/Hero/Sequence/feiji/daiji/红色飞机待机_0004.png,image,.png,31645,18cf337bc281bf4046ec5efb9f4474a478a78d818e29c630fc78101b7af79954,b0cbfac8dc496b440bd01654fba7e634
Assets/Art/Image/Hero/Sequence/feiji/daiji/红色飞机待机_0005.png,image,.png,31645,18cf337bc281bf4046ec5efb9f4474a478a78d818e29c630fc78101b7af79954,1922ee9f5aa559841a944f39ae01f3df
Assets/Art/Image/Hero/Sequence/feiji/daiji/红色飞机待机_0006.png,image,.png,31967,c67953fbd3635ff88695ac6dae2378d0f30770fb189c2c74d4bfe7d32b8fcbd0,a53c4f56aecf349489a424161af85c34
Assets/Art/Image/Hero/Sequence/feiji/daiji/红色飞机待机_0007.png,image,.png,31967,c67953fbd3635ff88695ac6dae2378d0f30770fb189c2c74d4bfe7d32b8fcbd0,58cf240d3d4518a419a81541bd1aac7d
Assets/Art/Image/Hero/Sequence/feiji/daiji/红色飞机待机_0008.png,image,.png,30815,52b9ad527c3eed0bf57637e8ed56e968ec431638cb354fc0f52e181eb7ff5ee1,c9116c4803af80a41a2b2a905a79e0dc
Assets/Art/Image/Hero/Sequence/feiji/daiji/红色飞机待机_0009.png,image,.png,30815,52b9ad527c3eed0bf57637e8ed56e968ec431638cb354fc0f52e181eb7ff5ee1,3ce73654264908b419988d8e237300d1
Assets/Art/Image/Hero/Sequence/feiji/daiji/红色飞机待机_0010.png,image,.png,30760,17356ef6c665174b86ec95a1f9e2a3662046b5d5065971a4c057b202057b9d97,761a387f9bd939d41acfd7b318b0bfea
Assets/Art/Image/Hero/Sequence/feiji/daiji/红色飞机待机_0011.png,image,.png,30760,17356ef6c665174b86ec95a1f9e2a3662046b5d5065971a4c057b202057b9d97,d616eedb816f34d449bdd7c9658b2024
Assets/Art/Image/Hero/Sequence/feiji/daiji/绿色飞机待机_0000.png,image,.png,31333,ec6faebdad8c6502712fed2cbd5bdb74723f2e4cac51454a6fcf14ae40d82724,86fda312063714a4f8ea5720804ddab3
Assets/Art/Image/Hero/Sequence/feiji/daiji/绿色飞机待机_0001.png,image,.png,31333,ec6faebdad8c6502712fed2cbd5bdb74723f2e4cac51454a6fcf14ae40d82724,73b99a20f54c4ec4b9ee8fa14763d682
Assets/Art/Image/Hero/Sequence/feiji/daiji/绿色飞机待机_0002.png,image,.png,32573,af93a6bdfe7bb4d59fb376a243a0621c095b734d8ce8c023ee510cd431394cb9,cc035580464e3fe4da934a3e5a64969c
Assets/Art/Image/Hero/Sequence/feiji/daiji/绿色飞机待机_0003.png,image,.png,32572,8679459a1d1cb931fe843c2b3f0c5638b260dc4454fe5d810855177fed01161b,1f43ddf26cd69464ab6018bc2192bbe0
Assets/Art/Image/Hero/Sequence/feiji/daiji/绿色飞机待机_0004.png,image,.png,32465,8cdfcd8e75a7d5b75767eb4dc2848f9b47ac7d2cb790b82f51de8367ab2eacd8,81326fdcda1fdd2468ea01ac10e0e148
Assets/Art/Image/Hero/Sequence/feiji/daiji/绿色飞机待机_0005.png,image,.png,32465,8cdfcd8e75a7d5b75767eb4dc2848f9b47ac7d2cb790b82f51de8367ab2eacd8,8059fb8502e83b84196d7d1f2153cdb1
Assets/Art/Image/Hero/Sequence/feiji/daiji/绿色飞机待机_0006.png,image,.png,32849,0bbde2eb3acbb5654efa9d566ce6044ff55de37a4db4fc115a4bdcc52b84edae,f3fa91fb40d1af243b54b0cbb3d36d6f
Assets/Art/Image/Hero/Sequence/feiji/daiji/绿色飞机待机_0007.png,image,.png,32849,0bbde2eb3acbb5654efa9d566ce6044ff55de37a4db4fc115a4bdcc52b84edae,1052826aea17f4a4da0c531d41c56212
Assets/Art/Image/Hero/Sequence/feiji/daiji/绿色飞机待机_0008.png,image,.png,31653,f4436940a6359a664cd62758a8eca4bdf37dc3fdcafeb03db41bb72ab9a6cfe8,cc96423bccb78334981eb196f0e1f263
Assets/Art/Image/Hero/Sequence/feiji/daiji/绿色飞机待机_0009.png,image,.png,31653,f4436940a6359a664cd62758a8eca4bdf37dc3fdcafeb03db41bb72ab9a6cfe8,797c7fcee4d9f0749908c15616878133
Assets/Art/Image/Hero/Sequence/feiji/daiji/绿色飞机待机_0010.png,image,.png,31650,499e7a4a9217cbeacf22b9ccad386f2e04349b7bbe4c5237383ad6c8a1098ccd,efcc0aec7572aaa43a7b1170ae3c33f0
Assets/Art/Image/Hero/Sequence/feiji/daiji/绿色飞机待机_0011.png,image,.png,31650,499e7a4a9217cbeacf22b9ccad386f2e04349b7bbe4c5237383ad6c8a1098ccd,55fbd20383a93f04f8711059b2492862
Assets/Art/Image/Hero/Sequence/feiji/gongji/gongji_feiji_chen.anim,animation-clip,.anim,5327,59fb6fa1ccf12952a5bde5ff66911e5f4e28cdb4bb7e71104e5aff880e94ad09,f889f73b52648da45b0f8972a5b49e7b
Assets/Art/Image/Hero/Sequence/feiji/gongji/gongji_feiji_hong.anim,animation-clip,.anim,5327,ae704716b2a7c4cc19c48d9de3d3230dae01174b035e240b6a876280148b8202,7aef8cd8c2a76134ea42c5ee787560db
Assets/Art/Image/Hero/Sequence/feiji/gongji/gongji_feiji_lv.anim,animation-clip,.anim,5325,b25b674ad82237ff45f83d1fe2bc73e17265bc9cb8af51b9eaf4288ab6ae42e2,35d1ecc1cf85fbc4ca7406d9cdf025d4
Assets/Art/Image/Hero/Sequence/feiji/gongji/gongji_feiji_zi.anim,animation-clip,.anim,5325,03726d872b0d4ed6476a393c4e5dfe815449a1e67f1ab3620176fdeda81e4a47,a6557c83e9f86c14698e28fa3836f445
Assets/Art/Image/Hero/Sequence/feiji/gongji/橙色飞机投掷_0000.png,image,.png,30092,6774e740309702608283241610b977ff645fdaf724b6511ef0bbcb9c4c17a80c,9b2866e2c3b574b4bb5627933d146a92
Assets/Art/Image/Hero/Sequence/feiji/gongji/橙色飞机投掷_0001.png,image,.png,30092,6774e740309702608283241610b977ff645fdaf724b6511ef0bbcb9c4c17a80c,10918bc9c97b0144b9fec9f96eeb0d12
Assets/Art/Image/Hero/Sequence/feiji/gongji/橙色飞机投掷_0002.png,image,.png,30939,1d3d00fd4374882988bdf6db915a14a8abdb73252fa2c82e4a621aee81ce67e8,1f88573f4a2803d4aad3c7916cb610c0
Assets/Art/Image/Hero/Sequence/feiji/gongji/橙色飞机投掷_0003.png,image,.png,30939,1d3d00fd4374882988bdf6db915a14a8abdb73252fa2c82e4a621aee81ce67e8,92cf788514eea994a9f842bc96f97283
Assets/Art/Image/Hero/Sequence/feiji/gongji/橙色飞机投掷_0004.png,image,.png,30035,510b853ead78ec1c9e911d4986977439bdb9b6fa6cea3fefec04e09068f4f67f,7240f20ddc527cc4ea494083561573a4
Assets/Art/Image/Hero/Sequence/feiji/gongji/橙色飞机投掷_0005.png,image,.png,30035,510b853ead78ec1c9e911d4986977439bdb9b6fa6cea3fefec04e09068f4f67f,f3995cdacb0cf7648926543f76a05e24
Assets/Art/Image/Hero/Sequence/feiji/gongji/橙色飞机投掷_0006.png,image,.png,29799,b821ccbeb0b9d7a8e379e107060d79c0d71b1e300873ce4059df536509217059,17ef33577a97e00499c50c8de9fa54c1
Assets/Art/Image/Hero/Sequence/feiji/gongji/橙色飞机投掷_0007.png,image,.png,29799,b821ccbeb0b9d7a8e379e107060d79c0d71b1e300873ce4059df536509217059,e09953211b012cc4e8ffa9ba65d9031f
Assets/Art/Image/Hero/Sequence/feiji/gongji/橙色飞机投掷_0008.png,image,.png,22496,1324b02bfaa8c0fc86454cea98eb43b4f858e6ec3768f4bd7f065e3830b97a52,09cadb0d75a54904896945ca87df01ad
Assets/Art/Image/Hero/Sequence/feiji/gongji/橙色飞机投掷_0009.png,image,.png,22496,1324b02bfaa8c0fc86454cea98eb43b4f858e6ec3768f4bd7f065e3830b97a52,2cfa94da9a420c244ac5da8a42f76fe3
Assets/Art/Image/Hero/Sequence/feiji/gongji/橙色飞机投掷_0010.png,image,.png,21600,7bca4e189465570ced65ee43e03d839fcfcb5733702d895dc49a2cbe0876afe3,2b3ae8aa7f020e64a98ef1cd610b850a
Assets/Art/Image/Hero/Sequence/feiji/gongji/橙色飞机投掷_0011.png,image,.png,21600,7bca4e189465570ced65ee43e03d839fcfcb5733702d895dc49a2cbe0876afe3,fed84f003c94f1441a5f08aa68fac439
Assets/Art/Image/Hero/Sequence/feiji/gongji/橙色飞机投掷_0012.png,image,.png,20043,402f02103e210dc6739ede0828e85b480a7d9df105084bdb3763f3ac59293daf,5f95b21409b90f4499182e779a168317
Assets/Art/Image/Hero/Sequence/feiji/gongji/橙色飞机投掷_0013.png,image,.png,18344,54b5fb751c6b1872a5f9f0164837d692117c259e5e1d59c56ed4aaad58cda89f,56a9cb7f2929dee4da390e9a90416b6b
Assets/Art/Image/Hero/Sequence/feiji/gongji/橙色飞机投掷_0014.png,image,.png,14028,83ca70eb6367c6ddd187591a262549aeebdc79e16d232ffbd2685fbdf35a9ce8,086dc331343618444b71fb1a1c11e843
Assets/Art/Image/Hero/Sequence/feiji/gongji/橙色飞机投掷_0015.png,image,.png,13901,c3650c2d5fd077a9bcee8372be9f8622c2cba779820860551b1e6219a9e91b8e,e49cc9868ec947249b7356a37f4e7d97
Assets/Art/Image/Hero/Sequence/feiji/gongji/橙色飞机投掷_0016.png,image,.png,13397,3e8a29952fa1b74249996dfb12800e3831283458958b1a0847c8495efb967c96,9efa8c0b5f8ce3140a43ec6fce2e366e
Assets/Art/Image/Hero/Sequence/feiji/gongji/橙色飞机投掷_0017.png,image,.png,13397,3e8a29952fa1b74249996dfb12800e3831283458958b1a0847c8495efb967c96,1b12e80021bc25c4a82ce0887d0b712f
Assets/Art/Image/Hero/Sequence/feiji/gongji/紫色飞机投掷_0000.png,image,.png,30148,08453b5b53f0b23c35ccabc22a191b3973737274af893fe3b4a6e91d9e9e04a1,3ddd1cc0ab9a83e4982a2266d7548788
Assets/Art/Image/Hero/Sequence/feiji/gongji/紫色飞机投掷_0001.png,image,.png,30148,08453b5b53f0b23c35ccabc22a191b3973737274af893fe3b4a6e91d9e9e04a1,a46056b6c911d5446b2436a8b70658c7
Assets/Art/Image/Hero/Sequence/feiji/gongji/紫色飞机投掷_0002.png,image,.png,31006,08cdf2e589e89cfc57bf3a5e5c04748658d4566d53f2346566df7130e9269a5b,022ed382acaf39344a7bcc3c896dabed
Assets/Art/Image/Hero/Sequence/feiji/gongji/紫色飞机投掷_0003.png,image,.png,31006,08cdf2e589e89cfc57bf3a5e5c04748658d4566d53f2346566df7130e9269a5b,72dc78dc8bb3c224fbde560b9c4b62fb
Assets/Art/Image/Hero/Sequence/feiji/gongji/紫色飞机投掷_0004.png,image,.png,30034,f603828e829f1991336a44c999992620d2f26a4b7c5dce7f90a4badc36413730,3f82d5c4864dcf747b97be5d7760d2f4
Assets/Art/Image/Hero/Sequence/feiji/gongji/紫色飞机投掷_0005.png,image,.png,30034,f603828e829f1991336a44c999992620d2f26a4b7c5dce7f90a4badc36413730,01e9fafd2866c584bb8632a160b8a18a
Assets/Art/Image/Hero/Sequence/feiji/gongji/紫色飞机投掷_0006.png,image,.png,29771,8b48d058db5061565500490a965483d50c37c8e8283bef328284e87911fa8f54,c54adf96e9b27614d98ab8b53a7ccf55
Assets/Art/Image/Hero/Sequence/feiji/gongji/紫色飞机投掷_0007.png,image,.png,29771,8b48d058db5061565500490a965483d50c37c8e8283bef328284e87911fa8f54,767abc36fdadfd548b3b4698dd30fe08
Assets/Art/Image/Hero/Sequence/feiji/gongji/紫色飞机投掷_0008.png,image,.png,22523,96d667e69708368da6ddbf0151f7d3441f0aff600b21676cfb54386bbf6c9f0d,477d3d223b3490d45861fce91d88d70d
Assets/Art/Image/Hero/Sequence/feiji/gongji/紫色飞机投掷_0009.png,image,.png,22523,96d667e69708368da6ddbf0151f7d3441f0aff600b21676cfb54386bbf6c9f0d,3ca6ab84ed8430f498b66e9b5aadd13b
Assets/Art/Image/Hero/Sequence/feiji/gongji/紫色飞机投掷_0010.png,image,.png,21607,cc0521ca2096b70bef4bae4aa5c08880101834e9e599ecc51b4bfbceea002446,37d49c8721b4c9144a7690c7665c0efc
Assets/Art/Image/Hero/Sequence/feiji/gongji/紫色飞机投掷_0011.png,image,.png,21607,cc0521ca2096b70bef4bae4aa5c08880101834e9e599ecc51b4bfbceea002446,2e3b687503712bf40adcf733542a46f2
Assets/Art/Image/Hero/Sequence/feiji/gongji/紫色飞机投掷_0012.png,image,.png,20048,4d5878aa513c76a4a2c0a9d008415031a57bd0aa208402d9091bd5ea6c0fda31,d1b56b660f58f1a40abb6663dd5d2c48
Assets/Art/Image/Hero/Sequence/feiji/gongji/紫色飞机投掷_0013.png,image,.png,18344,54b5fb751c6b1872a5f9f0164837d692117c259e5e1d59c56ed4aaad58cda89f,5258232706babf34b8ae347fc2f11e33
Assets/Art/Image/Hero/Sequence/feiji/gongji/紫色飞机投掷_0014.png,image,.png,14028,83ca70eb6367c6ddd187591a262549aeebdc79e16d232ffbd2685fbdf35a9ce8,d2a66a92da6b435468967a96207fc704
Assets/Art/Image/Hero/Sequence/feiji/gongji/紫色飞机投掷_0015.png,image,.png,13901,c3650c2d5fd077a9bcee8372be9f8622c2cba779820860551b1e6219a9e91b8e,0e0e62b40f209e94d99fe34b32ebd7f3
Assets/Art/Image/Hero/Sequence/feiji/gongji/紫色飞机投掷_0016.png,image,.png,13397,3e8a29952fa1b74249996dfb12800e3831283458958b1a0847c8495efb967c96,43f162bb3afc6824195f3eb09ffcb57a
Assets/Art/Image/Hero/Sequence/feiji/gongji/紫色飞机投掷_0017.png,image,.png,13397,3e8a29952fa1b74249996dfb12800e3831283458958b1a0847c8495efb967c96,0bda04fcd2ed91148bdaa49044a5954c
Assets/Art/Image/Hero/Sequence/feiji/gongji/红色飞机投掷_0000.png,image,.png,29595,ea169f6ab4291c5c7ac451a2cb78a89d288335847c100075e73efde01377fe5b,fdf7b57c72bb67147be2f8bdc2026ec1
Assets/Art/Image/Hero/Sequence/feiji/gongji/红色飞机投掷_0001.png,image,.png,29595,ea169f6ab4291c5c7ac451a2cb78a89d288335847c100075e73efde01377fe5b,4cc9d4be80225fe44a8007d5ff04b919
Assets/Art/Image/Hero/Sequence/feiji/gongji/红色飞机投掷_0002.png,image,.png,30436,355cd4195806d79e3dedaf52a3b0409cea6dd3c769c6facc84d8c7679b0de5a1,6a5a7f487dde2204693d0a7428a46feb
Assets/Art/Image/Hero/Sequence/feiji/gongji/红色飞机投掷_0003.png,image,.png,30436,355cd4195806d79e3dedaf52a3b0409cea6dd3c769c6facc84d8c7679b0de5a1,667c1a07447756e4087eddce423f9356
Assets/Art/Image/Hero/Sequence/feiji/gongji/红色飞机投掷_0004.png,image,.png,29705,fc1c531d44e5c2623d391cf57940110dc5d305f0d69d07bc944e100c9973219b,cdf08a11b91b3724a93d66a4b8dcff76
Assets/Art/Image/Hero/Sequence/feiji/gongji/红色飞机投掷_0005.png,image,.png,29705,fc1c531d44e5c2623d391cf57940110dc5d305f0d69d07bc944e100c9973219b,b73e450110ec29844914eb4457085ebd
Assets/Art/Image/Hero/Sequence/feiji/gongji/红色飞机投掷_0006.png,image,.png,29407,a419fd10c37bfab6dbdb4a33e19c49dc88bf7e8a9fbe57bb92f572cf366080ce,e8ba7a4f16c65fe40b2c2c95ec7df64e
Assets/Art/Image/Hero/Sequence/feiji/gongji/红色飞机投掷_0007.png,image,.png,29407,a419fd10c37bfab6dbdb4a33e19c49dc88bf7e8a9fbe57bb92f572cf366080ce,c08daa7e1aa386047a45b125dcd3e875
Assets/Art/Image/Hero/Sequence/feiji/gongji/红色飞机投掷_0008.png,image,.png,22366,73516b7d0c23e933eaf8a25cd7a332810b6538e408f7f43ab479555956efa60a,1294eaa746c84b4409ba7ece97ba686e
Assets/Art/Image/Hero/Sequence/feiji/gongji/红色飞机投掷_0009.png,image,.png,22366,73516b7d0c23e933eaf8a25cd7a332810b6538e408f7f43ab479555956efa60a,f424226d4a395f044831968795b189d2
Assets/Art/Image/Hero/Sequence/feiji/gongji/红色飞机投掷_0010.png,image,.png,21575,1f8f2b3914330e32aaf528c739054efd9064a0a1def80881c2af26c12ef9eb3b,14d6a725c64cad04bb8d68450bd51212
Assets/Art/Image/Hero/Sequence/feiji/gongji/红色飞机投掷_0011.png,image,.png,21575,1f8f2b3914330e32aaf528c739054efd9064a0a1def80881c2af26c12ef9eb3b,f4204bf4a71ce0444be94920c3fc3c95
Assets/Art/Image/Hero/Sequence/feiji/gongji/红色飞机投掷_0012.png,image,.png,20009,d142a6a4f771092209685b9becfb56752d99e6077cf94995aac18f07e36acb64,8bc803f3a4658dc4f81352eb21dce505
Assets/Art/Image/Hero/Sequence/feiji/gongji/红色飞机投掷_0013.png,image,.png,18344,54b5fb751c6b1872a5f9f0164837d692117c259e5e1d59c56ed4aaad58cda89f,e65a3beff601b424d8e4bda90523c1e4
Assets/Art/Image/Hero/Sequence/feiji/gongji/红色飞机投掷_0014.png,image,.png,14028,83ca70eb6367c6ddd187591a262549aeebdc79e16d232ffbd2685fbdf35a9ce8,f01cc01e4d671c842ab4a655df19d743
Assets/Art/Image/Hero/Sequence/feiji/gongji/红色飞机投掷_0015.png,image,.png,13901,c3650c2d5fd077a9bcee8372be9f8622c2cba779820860551b1e6219a9e91b8e,19a7070d32465974ea5d80d21c6793d0
Assets/Art/Image/Hero/Sequence/feiji/gongji/红色飞机投掷_0016.png,image,.png,13397,3e8a29952fa1b74249996dfb12800e3831283458958b1a0847c8495efb967c96,c80b5ffb4ad30c743ab2fc86933dbd7f
Assets/Art/Image/Hero/Sequence/feiji/gongji/红色飞机投掷_0017.png,image,.png,13397,3e8a29952fa1b74249996dfb12800e3831283458958b1a0847c8495efb967c96,10afb60fe98f288418499049347372de
Assets/Art/Image/Hero/Sequence/feiji/gongji/绿色飞机投掷_0000.png,image,.png,30259,4910b21aa6bd5c8d425e86038e6cf7dc8d0cdc12037ddfec5ff7c2f9778a598f,72034998c6880944590ba3056546cc55
Assets/Art/Image/Hero/Sequence/feiji/gongji/绿色飞机投掷_0001.png,image,.png,30259,4910b21aa6bd5c8d425e86038e6cf7dc8d0cdc12037ddfec5ff7c2f9778a598f,f7af8d3181e137b47927756ded8441fa
Assets/Art/Image/Hero/Sequence/feiji/gongji/绿色飞机投掷_0002.png,image,.png,31122,587727c81f3b33424e207ac8a05021465b460a3340de30c3519c20eb81f5a1d7,b78942fe17c5d3548baa1526efdbdb25
Assets/Art/Image/Hero/Sequence/feiji/gongji/绿色飞机投掷_0003.png,image,.png,31122,587727c81f3b33424e207ac8a05021465b460a3340de30c3519c20eb81f5a1d7,2b46c2b544a3fa84e9a869365a79a090
Assets/Art/Image/Hero/Sequence/feiji/gongji/绿色飞机投掷_0004.png,image,.png,30066,6ed780167bcae7cf15a283b6738d7307bb5760e70deb1ac6f1a7a4c25fd5cf70,e086e8a3f4aa0a944a312466599486b0
Assets/Art/Image/Hero/Sequence/feiji/gongji/绿色飞机投掷_0005.png,image,.png,30066,6ed780167bcae7cf15a283b6738d7307bb5760e70deb1ac6f1a7a4c25fd5cf70,7da6167ac809acc4b95a12609dddeda0
Assets/Art/Image/Hero/Sequence/feiji/gongji/绿色飞机投掷_0006.png,image,.png,29811,4e791423a12d7ccfa33ae73146126fec89ae2e054bfea311fbcfca68e1d0f038,e662a81675c1ff34ab5ed841ea4acc69
Assets/Art/Image/Hero/Sequence/feiji/gongji/绿色飞机投掷_0007.png,image,.png,29811,4e791423a12d7ccfa33ae73146126fec89ae2e054bfea311fbcfca68e1d0f038,0d6bbaa4349480249ac63c34f07aff8c
Assets/Art/Image/Hero/Sequence/feiji/gongji/绿色飞机投掷_0008.png,image,.png,22536,22faa4a83428979f0d027f0deca50ecb9f7da49dc334287c4db2c00dd9fbc689,db7c7d00d92b32f4aa1a7d8aa7ec5b3f
Assets/Art/Image/Hero/Sequence/feiji/gongji/绿色飞机投掷_0009.png,image,.png,22536,22faa4a83428979f0d027f0deca50ecb9f7da49dc334287c4db2c00dd9fbc689,10e76958608ed9342be19169d186ff0c
Assets/Art/Image/Hero/Sequence/feiji/gongji/绿色飞机投掷_0010.png,image,.png,21616,9679292fec828c5e150882ea820b491132b0021e2bc8b4fda964096b46a6c78b,90ab198fb3a84d7498a196d3efdbd016
Assets/Art/Image/Hero/Sequence/feiji/gongji/绿色飞机投掷_0011.png,image,.png,21616,9679292fec828c5e150882ea820b491132b0021e2bc8b4fda964096b46a6c78b,6a55f8c2824b525449bfcf87cb480cb2
Assets/Art/Image/Hero/Sequence/feiji/gongji/绿色飞机投掷_0012.png,image,.png,20053,56a9e3acd286ac739307cd1d02d855aed2298b6b984a1bfd5b0d4f65f6c33c2a,e683d38852d61fb40a8c8b8120a8e479
Assets/Art/Image/Hero/Sequence/feiji/gongji/绿色飞机投掷_0013.png,image,.png,18344,54b5fb751c6b1872a5f9f0164837d692117c259e5e1d59c56ed4aaad58cda89f,32287876de2b810428b600b9934e8395
Assets/Art/Image/Hero/Sequence/feiji/gongji/绿色飞机投掷_0014.png,image,.png,14028,83ca70eb6367c6ddd187591a262549aeebdc79e16d232ffbd2685fbdf35a9ce8,7489f2443eb87334bab5d9f2c682a525
Assets/Art/Image/Hero/Sequence/feiji/gongji/绿色飞机投掷_0015.png,image,.png,13901,c3650c2d5fd077a9bcee8372be9f8622c2cba779820860551b1e6219a9e91b8e,e472a5f8619cf4a46850ffe2d021083b
Assets/Art/Image/Hero/Sequence/feiji/gongji/绿色飞机投掷_0016.png,image,.png,13397,3e8a29952fa1b74249996dfb12800e3831283458958b1a0847c8495efb967c96,363d9b2d3bf03304da360b203344a091
Assets/Art/Image/Hero/Sequence/feiji/gongji/绿色飞机投掷_0017.png,image,.png,13397,3e8a29952fa1b74249996dfb12800e3831283458958b1a0847c8495efb967c96,3e9a7c130936e3d4cbef734cc35c94fe
Assets/Art/Image/Hero/Sequence/feiji/qi_feiji.anim,animation-clip,.anim,2306,2b8a9f28f02a14ecc4c36c8fc7a1233217c3f14ad56202ba153a63c480b10d88,dfc0a005fe75c474a919dd7ab2bb1949
Assets/Art/Image/Hero/Sequence/feiji/skill/feiji.controller,animator-controller,.controller,13873,c302a225ace450d98d4ef2962b1339a28f6593aaa24776fdc4d8e7b385c016d8,078ee69004fa8f541a8cad063f49f774
Assets/Art/Image/Hero/Sequence/feiji/skill/feiji_chen 1.anim,animation-clip,.anim,5987,97f875fac3eb51ccfe216417d7a966e31d6a5b88134afd55af036f298924b10c,2f4b18a3cc3f22b429d79a9d3fa8c51e
Assets/Art/Image/Hero/Sequence/feiji/skill/feiji_chen.anim,animation-clip,.anim,2324,dbdcd621daefc5aa6c0dc372fbfec879a4cf9df0191097c546b6d3ac630f7663,158fe6c2cd70e81409182ff1776a3cf1
Assets/Art/Image/Hero/Sequence/feiji/skill/feiji_hong 1.anim,animation-clip,.anim,5987,2e49d320e1c489bcd04e5d4b0710e7f7d2e8a0e1c843ef49d116ae64763292cb,8e6dda5463960f94b8857f50cc409cca
Assets/Art/Image/Hero/Sequence/feiji/skill/feiji_hong.anim,animation-clip,.anim,2324,b14aa11c5e7b8e89aac0963f18cd2fe7423b952b19baad261ed0ba03a39a05ea,63bbc674c4e200e4e95a73f01169c7ed
Assets/Art/Image/Hero/Sequence/feiji/skill/feiji_lv 1.anim,animation-clip,.anim,5985,473406a0238e9ae1e160ec3412114fb3ecba872236361fc3854cd182bc5196e3,941c8b36c1537f74e967390d29af807f
Assets/Art/Image/Hero/Sequence/feiji/skill/feiji_lv.anim,animation-clip,.anim,2322,3f15544a57462f97a491f4845108c11f834ad4b3f575387140be1a3729ab05aa,a1333ecb27f5c4d4f885456c6447d7e9
Assets/Art/Image/Hero/Sequence/feiji/skill/feiji_zi 1.anim,animation-clip,.anim,5985,93f36eb6aeaa74b08f9b54163cf9f368a3ec1b6e59b6e49543562dce32c4c866,fc5a845d4a029ed4098c16600c84b22b
Assets/Art/Image/Hero/Sequence/feiji/skill/feiji_zi.anim,animation-clip,.anim,2322,fcb17f37fdc86c43de28d178dab6deaf3a11ef1fd29585f870ed8789459d6b3e,c3a2d2eba09d9c540b44961a37f2814d
Assets/Art/Image/Hero/Sequence/feiji/skill/橙色飞机爆炸_0000.png,image,.png,12568,d77e85c3225c985f59bd68853b8a1d8b9ad76299dc8aa5004518456773fd8bb4,56d0aed0f7abe2142b0301f4631cd984
Assets/Art/Image/Hero/Sequence/feiji/skill/橙色飞机爆炸_0001.png,image,.png,23561,4272ddba924fca2a89a29150082ff71651d469e33dc043778d12615f3b107e12,e0f4d44f86c56fb43808df76c995aabd
Assets/Art/Image/Hero/Sequence/feiji/skill/橙色飞机爆炸_0002.png,image,.png,31758,a915f1c27ca1938bbe8865ab4ba91c3e2409bc8191dfc7a8ecc0e859ad73151e,8aaf24a13928a21468a3e1aa5d10b83e
Assets/Art/Image/Hero/Sequence/feiji/skill/橙色飞机爆炸_0003.png,image,.png,50864,3f415cfa7e39ac4c9b315f091d438733f1c838451d71a34b2bbafc883ee27025,3dae0abd5be45ba4e8e7811b01d78c0d
Assets/Art/Image/Hero/Sequence/feiji/skill/橙色飞机爆炸_0004.png,image,.png,54255,2b99f15f41d3cfbe6be0feba57934584c27782525bc619a5eeb384f4c3377a86,3e731bd4654c523419a785589a50de82
Assets/Art/Image/Hero/Sequence/feiji/skill/橙色飞机爆炸_0005.png,image,.png,65349,15de095224af0ecf8e262d0245117eab7737ddfe7002be8bd2b1e5b4a4daa122,eafb19b78c09b294990cc6629747e490
Assets/Art/Image/Hero/Sequence/feiji/skill/橙色飞机爆炸_0006.png,image,.png,61537,bf9afa4dc76038c00ee1daec1388953e1092ea3374e55b8fc76c01e0d0d43f50,04836df7a9b8e324f9cb322570cfb1fd
Assets/Art/Image/Hero/Sequence/feiji/skill/橙色飞机爆炸_0007.png,image,.png,59942,74e66129ec419da254fc4d8ba1359ff0f3eb979b4dfdecac8e6d4647933da611,32e24265dd4986243a404dccb8d238fd
Assets/Art/Image/Hero/Sequence/feiji/skill/橙色飞机爆炸_0008.png,image,.png,54274,791e1a22129b32c5675d5c72fbc50a94a78bfa10009e0dfd25dbae7270689511,c3dc28b29e7c5c94e98931fc1d127abd
Assets/Art/Image/Hero/Sequence/feiji/skill/橙色飞机爆炸_0009.png,image,.png,56077,c07df49b3c466cf133f2358e638b914f28cb5a61b922234381e4459523a35230,076cd7c5f6f7ee84e84bda7193f9f830
Assets/Art/Image/Hero/Sequence/feiji/skill/橙色飞机爆炸_0010.png,image,.png,56176,d3c8f063f07806c986a34c9a6c35de2bc8233ff9669bf8fe6ca36ce659a566d0,82658092ca8f00a468ae21680632bb5d
Assets/Art/Image/Hero/Sequence/feiji/skill/橙色飞机爆炸_0011.png,image,.png,49167,4bb14ef8538a9784d4c65c3becc117390594f729e4d971fb20cec78d98e15542,c10cd188a5a45b84c9224cc1caed8c4d
Assets/Art/Image/Hero/Sequence/feiji/skill/橙色飞机爆炸_0012.png,image,.png,48040,38aaa1ee4e2ee79938a4e433bd7e16069f7acd0e42c0d1bcc0e7d623cdef3978,c99047d50504f444999ff2fcf25f9321
Assets/Art/Image/Hero/Sequence/feiji/skill/橙色飞机爆炸_0013.png,image,.png,44050,802156acc24b20182ef85b647f408c0e1ad5b397e141678f4a5b5348ed8a5113,f194ec465243f7b48b6d52eb23baeddc
Assets/Art/Image/Hero/Sequence/feiji/skill/橙色飞机爆炸_0014.png,image,.png,43813,3ce048d287d0723afe6d0fd97ce476d4aed159697b85f429f9190ad1142fc755,cd909c1e1461e4b42ac0cd34e8cb5690
Assets/Art/Image/Hero/Sequence/feiji/skill/橙色飞机爆炸_0015.png,image,.png,42528,9620af3c42fcc81ad1cb5efe60b7117bf09446c2f87d2566266a36121a232e47,ea024657e3db6d54e9f6a82e9d2c020d
Assets/Art/Image/Hero/Sequence/feiji/skill/橙色飞机爆炸_0016.png,image,.png,42934,be18559471c7cd8cd1a2609639129f89beaabac3134f1042fad4b393ad1dc4a8,6282fa6856c629e40adaea659ce3f1d7
Assets/Art/Image/Hero/Sequence/feiji/skill/橙色飞机爆炸_0017.png,image,.png,37491,dc5bfad48c2e997d1d9bf55c6b57b796551444d141f958ed8089721faa8e532d,dce6b9c104a60ae4a828cabe5e423a6c
Assets/Art/Image/Hero/Sequence/feiji/skill/橙色飞机爆炸_0018.png,image,.png,37265,7050972862042ce613ea110cdef04ac4ad356b142de11d2bf4a1a7e1e21bbd94,58349537e49edce448b66f708c9119a8
Assets/Art/Image/Hero/Sequence/feiji/skill/橙色飞机爆炸_0019.png,image,.png,20841,6bd4eb30b49755b3e4849c675953d40871a82e951a84fad6f7899676ecb5a1a8,e200fcd4d7dd18b4ea47a1dec39853ef
Assets/Art/Image/Hero/Sequence/feiji/skill/橙色飞机爆炸_0020.png,image,.png,19485,fae5fb90e53629c8dd6cf7ed9cd52fcc9939c41f77d055371116058d85264ec8,87068978fc426af48b6a5ec5298b9f11
Assets/Art/Image/Hero/Sequence/feiji/skill/橙色飞机爆炸_0021.png,image,.png,15421,d636163e67194b73f713ea3c4d6e3d1572ca82da0667f3c181bb8b5704bdcc84,31f7a755cdf7531449f785059eed7aa9
Assets/Art/Image/Hero/Sequence/feiji/skill/橙色飞机爆炸_0022.png,image,.png,12991,d427707711435499ee1f8871124c076069fe1bdcddcb7626f7d61f2b99191e04,e494cefd26bfbff4db178b0effec86ea
Assets/Art/Image/Hero/Sequence/feiji/skill/橙色飞机爆炸_0023.png,image,.png,11784,9eb5952ed1800717bb94a82b040f51757ff41593be12de7eaab2c455239d85f8,b143e31a9666d1544890bcca461774b1
Assets/Art/Image/Hero/Sequence/feiji/skill/橙色飞机（空中）_0000.png,image,.png,20087,500ff4b5beba5b31ae25ef46d92ea6ca02ea3c1162eef77140df7bc79e06b579,6b83e5ae3638ced4c87767601aa052dc
Assets/Art/Image/Hero/Sequence/feiji/skill/橙色飞机（空中）_0001.png,image,.png,20409,9bd7dc6cf5d14cf8e8732f85d4e74501c32f6a1f3aab0725bc4591e4e4476c70,cd9e7472eb00e2d4ea7f77b2b20440ad
Assets/Art/Image/Hero/Sequence/feiji/skill/橙色飞机（空中）_0002.png,image,.png,20408,c4ac8da42f6865673c98d1b923c4ca0324421024fcd96fd8b1b70ed9ae03e666,8d857b61b19aae24cb8171a7c2935d65
Assets/Art/Image/Hero/Sequence/feiji/skill/橙色飞机（空中）_0003.png,image,.png,20357,a70b43fd0004199c9a6632676a9a2beb721fb41beec6397ee8595134b018ddcb,00b46d6b5c4fd634397f87245cf42e60
Assets/Art/Image/Hero/Sequence/feiji/skill/紫色飞机爆炸_0000.png,image,.png,12537,a986d4c01aecee59bf719fd7c06cfd6479ee535f705363100e0b8c9e7786f2eb,d98fa0b5956e8b740828529444ce7dfb
Assets/Art/Image/Hero/Sequence/feiji/skill/紫色飞机爆炸_0001.png,image,.png,23495,b3f53eee54cb73e744cd1401e6266bb9eab4b96e6fdc171257e15f1437c6d5b7,444922ab3d58cf34e8c76e6366082b43
Assets/Art/Image/Hero/Sequence/feiji/skill/紫色飞机爆炸_0002.png,image,.png,31618,41783cdc92683c58539ef2a5b750f5050eae11d2f8f6599ebf892a239637fb73,61e3a00b9f7cebe46885a9bf2364383b
Assets/Art/Image/Hero/Sequence/feiji/skill/紫色飞机爆炸_0003.png,image,.png,50803,26ffc42c06a480f7daa17605b727287dddf1e93e5a531b81bc54303c37a48a83,55e541ff671df474d8055173c0954f18
Assets/Art/Image/Hero/Sequence/feiji/skill/紫色飞机爆炸_0004.png,image,.png,54171,b289217289cf56e667b1610ebbb0c70d4e58ba616399e046f172d9070f320a4c,eb74f735d7602fa4d995b1223626003f
Assets/Art/Image/Hero/Sequence/feiji/skill/紫色飞机爆炸_0005.png,image,.png,65307,86040ff8bbd42a130587cf43b176f09309d70f28f40d4f8fd6d7c694f9dd6b1e,81d29992a2b4fa240848d88d2d4e9e28
Assets/Art/Image/Hero/Sequence/feiji/skill/紫色飞机爆炸_0006.png,image,.png,61411,72bc91b2954526ee53dd91c6315683696aa38cbdf1953485969462bddfb706af,51a9432f93af7cd4eba20eb552aa2f27
Assets/Art/Image/Hero/Sequence/feiji/skill/紫色飞机爆炸_0007.png,image,.png,59979,716032940cc2ac5f0de07bb389634a79cb15e434d8e788d958f49af87ecfbef7,9bd08c3d64bacc849a7bcd74f79065b4
Assets/Art/Image/Hero/Sequence/feiji/skill/紫色飞机爆炸_0008.png,image,.png,54312,46defc9b6f098e97edb478e5b1cf93b292fc805ec3e16a7dba6420d23175f1d0,ebd7510435fca71499a861bfc9f003b2
Assets/Art/Image/Hero/Sequence/feiji/skill/紫色飞机爆炸_0009.png,image,.png,56355,ec3bd086a0703e697a0a11ab7f43c820f49cc735dba64e79460f20921b9c4304,c06eac6ea19a5a54b81372e864ca5579
Assets/Art/Image/Hero/Sequence/feiji/skill/紫色飞机爆炸_0010.png,image,.png,56460,5b57734fa9b899889fdceba948bdf10e7dd88e118029e0aa15c719a676bd147a,a71283744eaec5d4a9c994d813b2d60e
Assets/Art/Image/Hero/Sequence/feiji/skill/紫色飞机爆炸_0011.png,image,.png,49328,b4b3800ceee5e62abb83f8516ae1719f3d714c8747a8d268c1f8d0c465821b88,22fb84e491ac1cb4383ab0f94276aeb3
Assets/Art/Image/Hero/Sequence/feiji/skill/紫色飞机爆炸_0012.png,image,.png,48174,6e6ac4f00d74c5d144a343850ee00124bbd5fa0c206bdb741165c2c36ff1db48,e0395aaa726b29645bc006d6b6bf7695
Assets/Art/Image/Hero/Sequence/feiji/skill/紫色飞机爆炸_0013.png,image,.png,44123,c1aafcd135bcaa34160dfdd4bd133d390aaa41c525799689e119732a9b31d3e1,4fcfa5ba0c0a61d458d262e6f7a7701e
Assets/Art/Image/Hero/Sequence/feiji/skill/紫色飞机爆炸_0014.png,image,.png,43891,36061315df9ac7b50b7272547d09c307beb26d6f6d9d69963b81deb07c655f6e,81ac836b3a63f934783583a80a18f90e
Assets/Art/Image/Hero/Sequence/feiji/skill/紫色飞机爆炸_0015.png,image,.png,42578,b9d7fb7f2198edecf15352ba686d15fb203319f413357a28d01848ca4b184d83,1df63a3e67b70004ab0116f71dbc301f
Assets/Art/Image/Hero/Sequence/feiji/skill/紫色飞机爆炸_0016.png,image,.png,42968,c0faafdd978d6a7d5f659f01c793205cfc5a2d0577fc3878459fb8501be1cae2,e57a52cb23d88534d8b0c5c2b8adc6f3
Assets/Art/Image/Hero/Sequence/feiji/skill/紫色飞机爆炸_0017.png,image,.png,37623,d784c9a9eb08feea9543da465dfdc22ae4251ec4e05abbbe0a59a6ae3a524974,ae5d48465036c47448bb9453d2e5b954
Assets/Art/Image/Hero/Sequence/feiji/skill/紫色飞机爆炸_0018.png,image,.png,37398,fbf2583c4f203f77f163ebf9d6a4b272bca8f825d9e81e03eff47e0e54b672d4,9b1924af12a24524aa354c3e104a4b24
Assets/Art/Image/Hero/Sequence/feiji/skill/紫色飞机爆炸_0019.png,image,.png,20859,e22e4ef58809a0ffe3763a8e7b60d483a77129cb2563321208b37becfc7f8d90,a942fcd66e2291e4da964c449dfb16f1
Assets/Art/Image/Hero/Sequence/feiji/skill/紫色飞机爆炸_0020.png,image,.png,19497,1965ed603c0431003eab533b3fab9e16bb5f47619f7b04a125e1f34aaea30506,2be68ec31c7cd864790d7fb67612b50d
Assets/Art/Image/Hero/Sequence/feiji/skill/紫色飞机爆炸_0021.png,image,.png,15443,6f0bc9985880b9075aa371dbd1aa664aa4cd8667ec095a29e172ccef565bb6aa,bc0e5d7363d41ba41a560cdf2f4b44e9
Assets/Art/Image/Hero/Sequence/feiji/skill/紫色飞机爆炸_0022.png,image,.png,13020,6bad01e091a92b3a9a8773c5c635e6baa18185a0a477ef7e2648cf9e455ce9e6,932d49a9f989f3f4bb4c214eed4fc931
Assets/Art/Image/Hero/Sequence/feiji/skill/紫色飞机爆炸_0023.png,image,.png,11806,7621cb77345cccf946e37f4e9370a64310b8cca2d0740b5937662c11db162b4d,09374c7c45672f44e913146159aae708
Assets/Art/Image/Hero/Sequence/feiji/skill/紫色飞机（空中）_0000.png,image,.png,20003,1ff8d065b46905660c407a97e2d1f1602b081979d8993ebff80879db8051beed,7a996d73838379c418d2ab1be737fc2c
Assets/Art/Image/Hero/Sequence/feiji/skill/紫色飞机（空中）_0001.png,image,.png,20327,3b1279b71a78eb308afa2e3af89d10bbda4b1ba7ef32f1885e84658b028ca1fc,be29a86498d1df1449e04c8f641e5fc8
Assets/Art/Image/Hero/Sequence/feiji/skill/紫色飞机（空中）_0002.png,image,.png,20319,673fd3b72baa9c347df37bb2420e259fd1b660987eddc10f4df3846cae5143fe,e5de8e8e2493aa2448d300d70cc15baa
Assets/Art/Image/Hero/Sequence/feiji/skill/紫色飞机（空中）_0003.png,image,.png,20250,1490009ca1f54359b90f849a83b9af3f2f76f88c6f9514c4125e6e42d6a59d70,754cece7ee76e274e90c1a75f37f1141
Assets/Art/Image/Hero/Sequence/feiji/skill/红色飞机爆炸_0000.png,image,.png,11560,6baeef8284e18cca4e098fd7aa52af259aedc9382ec763c43dcb126cc8b1fdcc,1fe6f857a64a98749ae628671962365a
Assets/Art/Image/Hero/Sequence/feiji/skill/红色飞机爆炸_0001.png,image,.png,20856,f10a574dd3393654e5d8802ef922cde32bb423dc00c47fcfecfb4402f589e099,95ed30c6b48abc94d94bb5b2774e677c
Assets/Art/Image/Hero/Sequence/feiji/skill/红色飞机爆炸_0002.png,image,.png,27995,91dbc0a1eb5547b89d1edf8c8f8618aeb0c9e9aabd1164fd488d9376c0723958,ef0f822453eb67d42b08b98e55b9765d
Assets/Art/Image/Hero/Sequence/feiji/skill/红色飞机爆炸_0003.png,image,.png,46889,1aea355650ae05d6c76ff426cf8033ff3f0ad54423d4dceedbea242ecb19974f,01e60e194fa864b44ad7f98b3dd857e8
Assets/Art/Image/Hero/Sequence/feiji/skill/红色飞机爆炸_0004.png,image,.png,49967,82bb65589c0cf0b4e090439ef578e7ff37296b603e4d0c9ac225ea918f439480,beb5f1da1dfdc194b8329138d69a2a02
Assets/Art/Image/Hero/Sequence/feiji/skill/红色飞机爆炸_0005.png,image,.png,60685,b7a3f627ec9cf2797eea5cb735708a7472905d53f542be9ba3083ff07311c0ce,1d3e603a12453584f858a1ea5d4ee3b2
Assets/Art/Image/Hero/Sequence/feiji/skill/红色飞机爆炸_0006.png,image,.png,56393,e320eef83ec3b03fcbf8d910174f82ff147c1fafab51ceffe8938043dc7270df,a670496f071b1af4dbb96fb3cd8f58a0
Assets/Art/Image/Hero/Sequence/feiji/skill/红色飞机爆炸_0007.png,image,.png,57493,bc8f8f180c538ec03d78c47381d7fe84d12d8ea877281fb2d750ae1a43174a2a,2fdbf842fda950949a7ecd46468ac958
Assets/Art/Image/Hero/Sequence/feiji/skill/红色飞机爆炸_0008.png,image,.png,51812,68b2e575ebadf68dceb9d2d03afe620c8110659eced80498c9092d046a354e67,8d3333a9a6715394681fb078174f454d
Assets/Art/Image/Hero/Sequence/feiji/skill/红色飞机爆炸_0009.png,image,.png,54137,9fe479f3bc7e184964c31e31b1ea7d2b0b57345471885e56a277adcfd7d5a310,ed4bdd7dbb3e90844850a4e38e5be667
Assets/Art/Image/Hero/Sequence/feiji/skill/红色飞机爆炸_0010.png,image,.png,54225,63ae74f27043bb9ebefead5fb3c1eb49f2ab03ca4fdc9b122d84d2876264faa8,80fa569267da61b4987b48b5b3f75408
Assets/Art/Image/Hero/Sequence/feiji/skill/红色飞机爆炸_0011.png,image,.png,47440,b4a6752be084e483ef29706f94cba444ebc3466a061914841d3d2b1e2f9e7f20,a47beb9c4a4fa1f4db46bbfdc043664e
Assets/Art/Image/Hero/Sequence/feiji/skill/红色飞机爆炸_0012.png,image,.png,46386,661b542de1b9c2cd99ec9ae2a00582d0e1d73e78d962bafd70bc9c45ae84101a,1f00161f2b2712d42a1b9d2b9ac34d1a
Assets/Art/Image/Hero/Sequence/feiji/skill/红色飞机爆炸_0013.png,image,.png,42929,4cf8d7392df7aa4f5f02fe71345ccdcd199c1127f1fe070692c6c0465424a28d,b950f28686f4cb846ab5f80f71dce7d6
Assets/Art/Image/Hero/Sequence/feiji/skill/红色飞机爆炸_0014.png,image,.png,42669,39cb16880c43ba382b301cfec59b34b94eda6d04b1092316e201f05cc830d8f7,731249e29c3613e489636b53567971df
Assets/Art/Image/Hero/Sequence/feiji/skill/红色飞机爆炸_0015.png,image,.png,41397,5025e1770373e653106cd4214168d6680013ce7ef536e451ff4b07b2648e6cc9,4af0ec8a381d3ed46931977acd7ba703
Assets/Art/Image/Hero/Sequence/feiji/skill/红色飞机爆炸_0016.png,image,.png,41814,d3624c1f95d38ffff9967ed46411282681d431c5198e98d3f88c33218c052b37,4e7bd6039bff1804aa9493c5a2aa90a0
Assets/Art/Image/Hero/Sequence/feiji/skill/红色飞机爆炸_0017.png,image,.png,36528,afd4bfaed282d3ed5aafbed5cca9163a8910c6ee6c10e2584327489b138bc0bd,3df1048e85c59c1409f2e18c60dabdeb
Assets/Art/Image/Hero/Sequence/feiji/skill/红色飞机爆炸_0018.png,image,.png,36361,fc9c4e96b231d710299678045a4da024c8bdb8c93b40ed2900a57904619f26e6,8675f5d093be496449c8dbcded3dd827
Assets/Art/Image/Hero/Sequence/feiji/skill/红色飞机爆炸_0019.png,image,.png,20678,ddd8b1595a42a3f21d599aec4b6fec423137939d920c0a95379e5aa5be430b5b,a7d2f0d7b2e4d764e99af43928c6f494
Assets/Art/Image/Hero/Sequence/feiji/skill/红色飞机爆炸_0020.png,image,.png,19426,a83b2026bafa4a62bcf22019348a4ef825d28beaeb0351a0e06053b6f0dfedc6,47a8159969e9b674384cf014f337c938
Assets/Art/Image/Hero/Sequence/feiji/skill/红色飞机爆炸_0021.png,image,.png,15320,f569b3286b6a4800061615ab41812ef3601721327a4edb07ca28ba05972de9cb,8e9c7d269ca2a144c99795049da40d2c
Assets/Art/Image/Hero/Sequence/feiji/skill/红色飞机爆炸_0022.png,image,.png,13045,af3705a6d501ab28568f0010c5b6b15b127495065a25136bc3b081c32234c721,64b15fd15b2ae6342ab1f02240272ebf
Assets/Art/Image/Hero/Sequence/feiji/skill/红色飞机爆炸_0023.png,image,.png,11835,ce31adb29d1150ec9b822668954536299336b75f12938d3cfea2f2b797a56b39,bf9acae19a2db98419ceef3332232864
Assets/Art/Image/Hero/Sequence/feiji/skill/红色飞机（空中）_0000.png,image,.png,20022,ddf2682193a09315cbfb7d7b506fd04e8e34fc12d38510a9c44571e275e5e059,8665d5d7aec955249ab4268c010eefba
Assets/Art/Image/Hero/Sequence/feiji/skill/红色飞机（空中）_0001.png,image,.png,20277,fdc356df9ac1e31ea9260120fc970fab97a424cebffa7ae48b4a4e442deae886,071d35c9231d89643a51692dfb27d07e
Assets/Art/Image/Hero/Sequence/feiji/skill/红色飞机（空中）_0002.png,image,.png,20306,fff7093bf9132b1b365ecb959a3ef4e2f6963c614698e9e609978e10d82474f1,bb3776b0cee9cdb4e9f1bcb074d1aef8
Assets/Art/Image/Hero/Sequence/feiji/skill/红色飞机（空中）_0003.png,image,.png,20272,ce42d23c6f6782651d9a6c851270244a4006f8f6e1cfe3013d0e33af11cec58a,8f16fe4992776fb429bef606fe363f70
Assets/Art/Image/Hero/Sequence/feiji/skill/绿色飞机爆炸_0000.png,image,.png,12469,dd301ddf304623b037453de0a4a3c5cfe67ef66edcebdcaaa8d2923c889405f3,9247e9655071dbf408eaea6321f5ac5b
Assets/Art/Image/Hero/Sequence/feiji/skill/绿色飞机爆炸_0001.png,image,.png,23356,99becc53d15c4a36053be40f59261799dd798b21dc4fcac575726c603375ac5b,ba1ef91d43cbb2e4baaf1d9da8ef9885
Assets/Art/Image/Hero/Sequence/feiji/skill/绿色飞机爆炸_0002.png,image,.png,31273,009db7d398ffb46049c81c51c9a43327b1ac067f56c68ec59f22a3af47ca1731,d2c5ae1552e9b8f47888e51b1d24a15f
Assets/Art/Image/Hero/Sequence/feiji/skill/绿色飞机爆炸_0003.png,image,.png,50663,95a58c77afbb236d4a73480602b1683e6f0483ab58e7340b5567a932170a6210,953f913339b744742bd32f3eaba02880
Assets/Art/Image/Hero/Sequence/feiji/skill/绿色飞机爆炸_0004.png,image,.png,54080,cfe6486ca813ef8d52ee1ff8ff42d6f98ce44efc835a8364cb6442cf41cefba5,c17625672bd734341b82ced21837b576
Assets/Art/Image/Hero/Sequence/feiji/skill/绿色飞机爆炸_0005.png,image,.png,65263,0f6629a5c0c7338c3d930d2f590a133d75ab7c6fff1b35d92c04043f3a08eac8,7616190a8d03a424a8b8a05666e65e54
Assets/Art/Image/Hero/Sequence/feiji/skill/绿色飞机爆炸_0006.png,image,.png,61243,3deee2dfeb09e7ef6b13f2e07c70443f0a8e4f5e82b01b1330cf72013c0bf363,32058607bcd763b48b4ec347f8cd577c
Assets/Art/Image/Hero/Sequence/feiji/skill/绿色飞机爆炸_0007.png,image,.png,60268,54bbb1dccdb5ceb6543697ce5712678c3c55e0fef8c9a90791de9e61d7390567,4abe97677ed91ab40905d914b486d260
Assets/Art/Image/Hero/Sequence/feiji/skill/绿色飞机爆炸_0008.png,image,.png,54646,cd7d2ce5bc8f57f341a998a46396406832613870b17c4462c2fe6827e43c878e,6344489072f245441be9b7732320bb85
Assets/Art/Image/Hero/Sequence/feiji/skill/绿色飞机爆炸_0009.png,image,.png,56741,251148efecfe24a03158ea7e7ba04d2f2328561eb99bdcb912b93dd8820dba3f,32dfdd7fe61f0fd4fbef77a167ccbb7d
Assets/Art/Image/Hero/Sequence/feiji/skill/绿色飞机爆炸_0010.png,image,.png,56849,8d0777a826e10fcd594292540a4cec8fa75ebe83e421ed4b4a3b1047f3807a9a,609f075108834cd4badda0ce0375feee
Assets/Art/Image/Hero/Sequence/feiji/skill/绿色飞机爆炸_0011.png,image,.png,49831,8d2352d9fd5e6ef5f97557e2ea69c794f9310f279048fae426c0f455b44bc5e8,e4a9d4078bbe56e47b7e9809b4a626a3
Assets/Art/Image/Hero/Sequence/feiji/skill/绿色飞机爆炸_0012.png,image,.png,48718,2deac68f94ba96fc7dd457b39f2222ad266b41992703a36d436ed7f7b7c08063,c0f88fddca6eea044b3029e3e1d49bdb
Assets/Art/Image/Hero/Sequence/feiji/skill/绿色飞机爆炸_0013.png,image,.png,44620,51e0dff7662a241d84c323b5f9bf4d2c1e71c41f95aba46c2416a31ca5778340,43be04fe0423a7e4dbc37014a2b2915b
Assets/Art/Image/Hero/Sequence/feiji/skill/绿色飞机爆炸_0014.png,image,.png,44377,cb478c19071e41949a5847ad25e8904f6124f84f7add2f239176a1bfc45e2e70,5a5b1f730be0f1342a0a12bd9c0e040a
Assets/Art/Image/Hero/Sequence/feiji/skill/绿色飞机爆炸_0015.png,image,.png,43011,7bc0eb4aa9587ad667d3e7c2066fe17e736345f88d5db5cfe4dd4525182aac98,df1027e8ef5b40c4a931be9091f966ee
Assets/Art/Image/Hero/Sequence/feiji/skill/绿色飞机爆炸_0016.png,image,.png,43409,0e18cc8c3c5cd11595b89709d33643f181d5299a46a12c0430e57e06d813996b,8d3a864633587314fbfb1cb1f4843cdf
Assets/Art/Image/Hero/Sequence/feiji/skill/绿色飞机爆炸_0017.png,image,.png,37934,6786d43bb8f8cc3ecf223995fdaabd3b1fd8fd602401731872f46e89aa1597e6,a3211f667028e5147aa8bf1792bf054a
Assets/Art/Image/Hero/Sequence/feiji/skill/绿色飞机爆炸_0018.png,image,.png,37701,1d1d9303f1886da08191e0570eec8afe8e44a4c0710cc3278c368624036f9f38,eafc66e32e514784eb2bba0092559529
Assets/Art/Image/Hero/Sequence/feiji/skill/绿色飞机爆炸_0019.png,image,.png,20909,849c907da6b20c01208640587e0704677314529d30a7bed14f88d110218515cf,cc1d16c320d3aed4ebd0330aab196895
Assets/Art/Image/Hero/Sequence/feiji/skill/绿色飞机爆炸_0020.png,image,.png,19561,2fc5267ce88c5ac3b295b4762161a4d96c3794e9ec33d903ee5a4cfc416c6114,9f2b68dc7f6f2fc4185d6f0d26bdb86b
Assets/Art/Image/Hero/Sequence/feiji/skill/绿色飞机爆炸_0021.png,image,.png,15485,73ec219975266caea772b3015e4ad478a6b686ee58e7163949088169af751a84,854518a28b6778b4399202e4eb669392
Assets/Art/Image/Hero/Sequence/feiji/skill/绿色飞机爆炸_0022.png,image,.png,13053,52e355d7e751fe9dbac3f60018e30d1b42b0816ec9642c8e1d52de5a4b121ac4,54d0ead7e8c62f94c9c8dc1ab797cce9
Assets/Art/Image/Hero/Sequence/feiji/skill/绿色飞机爆炸_0023.png,image,.png,11838,1bc2bbd03e0bfe53222792569d6dde81539203a8bb2b0c78f6ba8abb83cce1ad,1e4f7c34360cfee4a9ec27674a7fa45f
Assets/Art/Image/Hero/Sequence/feiji/skill/绿色飞机（空中）_0000.png,image,.png,19747,cac8cbd02a035aaa996d84c1f315f13d459fea54d63ca9c3bd9057edf5582afd,fc7894e719ba23544ac8b167e8c685f7
Assets/Art/Image/Hero/Sequence/feiji/skill/绿色飞机（空中）_0001.png,image,.png,20078,abf5ff3761177062fb0f619c1af3b190750835e6bf132425e6a647d86ab7972a,67e62d4f393b08f4081b10a64f0b9ba1
Assets/Art/Image/Hero/Sequence/feiji/skill/绿色飞机（空中）_0002.png,image,.png,20005,0dadfe46ce2499c16cc85688f0a1c32b9b3c13f90950c9ac431dedab97504cce,52d4fb630bd74e64a9bc6973494d5a25
Assets/Art/Image/Hero/Sequence/feiji/skill/绿色飞机（空中）_0003.png,image,.png,19970,9940479462434d57657e0125b6a3bb63bbace2bba9f78a8ddede5ef3ae228af5,9aa384fc36cc47349b33516acdd817ce
Assets/Art/Image/Hero/Sequence/feiji/yidong/yidong_feiji_chen.anim,animation-clip,.anim,2852,7ca1ade1759af8de1cff43902f063af2464506d684fd97b2aa70a7bca1acc13f,b3b711c13e6dbf344a5e80c947a7714d
Assets/Art/Image/Hero/Sequence/feiji/yidong/yidong_feiji_hong.anim,animation-clip,.anim,2852,ed794d64fda65147a189510dc12ca0901901c6026ef556d6e2c8e53ba85534c4,a26f012e8139309459f29e9d470839b9
Assets/Art/Image/Hero/Sequence/feiji/yidong/yidong_feiji_lv.anim,animation-clip,.anim,2850,241c2d6984aee2a8cf5d103af045e62404fb9f87983a17af9263e65c0a00f021,aae2c8c7f2260af42b32b1b00f297668
Assets/Art/Image/Hero/Sequence/feiji/yidong/yidong_feiji_zi.anim,animation-clip,.anim,2850,964d918b8592032d76998a0f27537d60d726afb57e865ac422f8d39c46bc0b42,cb08947fde136024c9fa429212b77a40
Assets/Art/Image/Hero/Sequence/feiji/yidong/橙色飞机移动_0000.png,image,.png,28650,97906327d00d4be85b52e66a9fc4a68c96fecb53819d0fb3acd750e259fa6d63,11406a956f8f04746bc8e3142f6cf893
Assets/Art/Image/Hero/Sequence/feiji/yidong/橙色飞机移动_0001.png,image,.png,29799,7f3140c1355557348198e1f1492a0d9bd4566e6b91b8c3675f65c728a9de8e75,5a2cc681a643b5745aab5d635a753cf0
Assets/Art/Image/Hero/Sequence/feiji/yidong/橙色飞机移动_0002.png,image,.png,28648,ca2bcb174925cf8223f0bb00015d86dc59680624ffc57e3cca71443df3d62511,bdf397db9fc54024fa148f7a2a596e3e
Assets/Art/Image/Hero/Sequence/feiji/yidong/橙色飞机移动_0003.png,image,.png,27300,43ad3c9c0fbd2c4c2dd7c5607c069852f5a4f16cb19db6781420d776da35298d,c844ce226a49a1e47af235e8eb02a871
Assets/Art/Image/Hero/Sequence/feiji/yidong/橙色飞机移动_0004.png,image,.png,27124,1ec8548c1e41d60ffffe44579aa0532d5804b1422d0d236b109385b83e2b387a,9663485bd10a2cf4da6a71f14e884f9c
Assets/Art/Image/Hero/Sequence/feiji/yidong/橙色飞机移动_0005.png,image,.png,27576,b9b0cbded853217a542960ebaa9501725eedcb0741fef523364767c579eee224,10b972efa79f03947b4e612f08b25fd6
Assets/Art/Image/Hero/Sequence/feiji/yidong/紫色飞机移动_0000.png,image,.png,28568,11d3633364fdec9c77894cbb8dcc8c4ef7411beef7070f89f7e2c5ce5c916b8c,2c191c6c57baaae49b7e00e22b283c0b
Assets/Art/Image/Hero/Sequence/feiji/yidong/紫色飞机移动_0001.png,image,.png,29702,c342690ff49d14d5fa14a00a726650ce44960c35c677e968278b5d9223faf5e1,6039ddd5c4cfd5843a34dd50fecaf2e9
Assets/Art/Image/Hero/Sequence/feiji/yidong/紫色飞机移动_0002.png,image,.png,28583,efcac798e98c9bb3fc77675b1d00617354d71c237c6d6e9cda763ab7669aa7bd,e7d42597cdd95654eba02a83e502c714
Assets/Art/Image/Hero/Sequence/feiji/yidong/紫色飞机移动_0003.png,image,.png,27233,94ce5e677b6a52e13a40b111d5d48ada77d904df993cd9a5559164b6584f790e,133003715a558a94bbacd678e189fb99
Assets/Art/Image/Hero/Sequence/feiji/yidong/紫色飞机移动_0004.png,image,.png,27068,cdae052e4109fc807914ac0f38112450233c9078c95c6f2448ec5561e1b4463a,15e447f375cebe3499ed40ab0165cd87
Assets/Art/Image/Hero/Sequence/feiji/yidong/紫色飞机移动_0005.png,image,.png,27520,66b5b28501d763022c3c4f71f38bcf35cc401b094c47d5715fa3188a9575b92b,39da194c963ee964bab745ded05231a8
Assets/Art/Image/Hero/Sequence/feiji/yidong/红色飞机移动_0000.png,image,.png,28223,daf179ba19294dfa2bc1a08b40dd1a3027bb08efd4abd88a675046ec4a1270fc,f8b19daf80915ba40916453110c7bbb8
Assets/Art/Image/Hero/Sequence/feiji/yidong/红色飞机移动_0001.png,image,.png,29246,e71f8690947043b16792b9aa76b5a441a341dde7a2f059c1d3f8cce17875b799,93b8ef557ce6f8942b545bada85445c8
Assets/Art/Image/Hero/Sequence/feiji/yidong/红色飞机移动_0002.png,image,.png,28146,9d7ba67134322e74435e038c985db466209dcdb4299a2763795a6cbdc4b45f2b,7b3dd21827a54ee419923a88e699ab10
Assets/Art/Image/Hero/Sequence/feiji/yidong/红色飞机移动_0003.png,image,.png,26926,2283f2b75c0deb50391578c81baf55fcac274c32f756c4ebbd0dfc284d225311,8ded08c3ff9144a48bf85bf3e91dc35b
Assets/Art/Image/Hero/Sequence/feiji/yidong/红色飞机移动_0004.png,image,.png,26756,e19e26bbf6687ab3e42d9df31868bc503a7fc39eabaff1038cbcff3f39a97721,71deb051c8a9468448da438f7eb51342
Assets/Art/Image/Hero/Sequence/feiji/yidong/红色飞机移动_0005.png,image,.png,27184,b1c6683bde97a70f01f48bcb29be6280b794005246120206174800898e4e41fb,b94cac4c65eeaa14ab3ba34250042e3b
Assets/Art/Image/Hero/Sequence/feiji/yidong/绿色飞机移动_0000.png,image,.png,28823,abf12bbaeccca82cc8f913c2e9bf9dd71ca4edfb5c79e2f61097b54ca994f122,efdaf06a59b066243acec347ee4bbfcf
Assets/Art/Image/Hero/Sequence/feiji/yidong/绿色飞机移动_0001.png,image,.png,30016,364d590fa3a5fb794ddfb566503d7321ef0f6d1df247099c3902ae1088a3de4f,f021746ae0eeb5d4cad52a84ec5a95a6
Assets/Art/Image/Hero/Sequence/feiji/yidong/绿色飞机移动_0002.png,image,.png,28833,252ab674e0152299b91a3f09e1908fd17ea898acb93b46af4a102c4fa774bbfc,dbf6c1b7d3c0ac741bf3250c3334be63
Assets/Art/Image/Hero/Sequence/feiji/yidong/绿色飞机移动_0003.png,image,.png,27476,6277ca5430303caa0a52de6430a2a7cd015d326b9e2631b64232387c480329c6,a68a4abbb8d323940933bb0d96041339
Assets/Art/Image/Hero/Sequence/feiji/yidong/绿色飞机移动_0004.png,image,.png,27293,2336455878e1e2d754a622e5518b7c6e273803a44ff55f00734b6c24c5d05bf3,eee197e64f8e6914cb526923645c4c24
Assets/Art/Image/Hero/Sequence/feiji/yidong/绿色飞机移动_0005.png,image,.png,27703,73094cef312b807570c4f5eff49ff9060865185df5b142f46a475a5338fa679e,2b4cd24b45a938846bb6553896a7efc6
Assets/Art/Image/Hero/Sequence/feiji/摔倒后起身_0000.png,image,.png,15903,50ef76201b1b92a26966188f4e83aab6a593f76bc7e356aaa562ba6e3a25b200,c53b96515f9d281429cfdf135f16ac3d
Assets/Art/Image/Hero/Sequence/feiji/摔倒后起身_0001.png,image,.png,15903,50ef76201b1b92a26966188f4e83aab6a593f76bc7e356aaa562ba6e3a25b200,17c476e67a4797e46993631afd3f2664
Assets/Art/Image/Hero/Sequence/feiji/摔倒后起身_0002.png,image,.png,16007,d5d79a5e31817f0018dc5c2d076dadc2c265fa1dd988389d5bd6085e461cead2,59f4ff1360a502b41a0c9049469fa17e
Assets/Art/Image/Hero/Sequence/futou/daiji/daiji_futou_hong.anim,animation-clip,.anim,3730,636e8fe69bfeb136431802d88b67a43e7264f09d4eefa2405ba63766d99e35d9,135ec53c1cf55ee40b334be64c69cc11
Assets/Art/Image/Hero/Sequence/futou/daiji/daiji_futou_lv.anim,animation-clip,.anim,3728,cbe5a6e5d9e1f86b1ffa76ba4d382e23c709d976c3d5316139f2f19df92be890,3b98b943ff530e141aa61c170d9b4a7e
Assets/Art/Image/Hero/Sequence/futou/daiji/daiji_futoui_chen.anim,animation-clip,.anim,3731,355d1fbbbf6be8196520c6a9b62b38ca3554ce68da5a5187b2b61833c9b9fa90,3e6f18b060e51354e9185b12f0828936
Assets/Art/Image/Hero/Sequence/futou/daiji/daiji_futoui_zi.anim,animation-clip,.anim,3729,1bb93bca177f6de0798f96f4683570f18860cad3fc4d0c9aee1c421ea1625f7c,32014e876f1a0b64486052f5b61feeb3
Assets/Art/Image/Hero/Sequence/futou/daiji/橙色斧头待机_0000.png,image,.png,34998,0396f9fee9a57f51d1c4e0cef407b195560b861b99e63e13caa4c88f91e5b986,f54a873fc2bb48844a6503131c60688f
Assets/Art/Image/Hero/Sequence/futou/daiji/橙色斧头待机_0001.png,image,.png,34998,0396f9fee9a57f51d1c4e0cef407b195560b861b99e63e13caa4c88f91e5b986,8902b0f593bb1294eafe0b502a1e9834
Assets/Art/Image/Hero/Sequence/futou/daiji/橙色斧头待机_0002.png,image,.png,36424,3c15896b2fd5261c545c8f52160b82fc2f2adfa2c78e097a314d2efef0d85c67,33f4cb0393491024d8ddc21fe68a1076
Assets/Art/Image/Hero/Sequence/futou/daiji/橙色斧头待机_0003.png,image,.png,36425,26348f8eb9f2911144703224c0dd0e8f7b3a267730c6e3890e4d795de98b0bc7,b0a3c5e8e3d27994da9e3734db7c2d78
Assets/Art/Image/Hero/Sequence/futou/daiji/橙色斧头待机_0004.png,image,.png,36495,87d6a66cb6ec36bf7daf12745acf8b499f5151e6af76671219013d8a12a3db9b,4534467377bc0564da13a63134287ad3
Assets/Art/Image/Hero/Sequence/futou/daiji/橙色斧头待机_0005.png,image,.png,36495,87d6a66cb6ec36bf7daf12745acf8b499f5151e6af76671219013d8a12a3db9b,e5e0e6eba6c4fa24f92beb4886e2c57b
Assets/Art/Image/Hero/Sequence/futou/daiji/橙色斧头待机_0006.png,image,.png,37834,59e5b1ab01d42ac6533b0dd6967fb1c4fd5b83ffef260ec0ab48400ab3779bde,3738d1e30a6aa5244832c27951cf27cb
Assets/Art/Image/Hero/Sequence/futou/daiji/橙色斧头待机_0007.png,image,.png,37834,59e5b1ab01d42ac6533b0dd6967fb1c4fd5b83ffef260ec0ab48400ab3779bde,57d61fe27205f70458d5fd484040c74d
Assets/Art/Image/Hero/Sequence/futou/daiji/橙色斧头待机_0008.png,image,.png,37484,4b07a9e6536fdebe212fda702861be9914218fda5a786ae74eeea1b6bda8fec5,b99c97bff7f3ba54d82ced06570b3a99
Assets/Art/Image/Hero/Sequence/futou/daiji/橙色斧头待机_0009.png,image,.png,37484,4b07a9e6536fdebe212fda702861be9914218fda5a786ae74eeea1b6bda8fec5,a403c08dacda6ed4cb0e608e8ad2fc08
Assets/Art/Image/Hero/Sequence/futou/daiji/橙色斧头待机_0010.png,image,.png,36583,7f226c96ddf701bf73a5dc334ddd4c9813b6a06764220438cfadb0c98739f4d2,6f16509d05c8a0549b0d0a2dbde35167
Assets/Art/Image/Hero/Sequence/futou/daiji/橙色斧头待机_0011.png,image,.png,36583,7f226c96ddf701bf73a5dc334ddd4c9813b6a06764220438cfadb0c98739f4d2,1ea1f8c9e988999419a93de22384f368
Assets/Art/Image/Hero/Sequence/futou/daiji/紫色斧头待机_0000.png,image,.png,34871,1b7d38f6ef5db0ef1e363ed972b9d17e206a70c507cc203e7e01b967a6ce5f02,ab38d9c920c5f0846ad69c7c2fd24319
Assets/Art/Image/Hero/Sequence/futou/daiji/紫色斧头待机_0001.png,image,.png,34871,1b7d38f6ef5db0ef1e363ed972b9d17e206a70c507cc203e7e01b967a6ce5f02,87b2b9a575d32014db9cd1e41deccc91
Assets/Art/Image/Hero/Sequence/futou/daiji/紫色斧头待机_0002.png,image,.png,36329,f3754ca0ece213d77975fb22333021aab0c7e306b58228bfa2228a9ec919bb06,441366f13a49c8c40bf0c2d00b4fbb9e
Assets/Art/Image/Hero/Sequence/futou/daiji/紫色斧头待机_0003.png,image,.png,36329,62a3c2269f6b9797baffefd824745f085b6f9f85709f682e5ba0d29a27b98178,9f71d985a2474b64395d084210d32559
Assets/Art/Image/Hero/Sequence/futou/daiji/紫色斧头待机_0004.png,image,.png,36372,6fbc51fd15e3b69c431f300ff0e59849cf34ce892f8653a61ca20b821f9cbb09,a06c44670eaf153469ec60cbe4b171d0
Assets/Art/Image/Hero/Sequence/futou/daiji/紫色斧头待机_0005.png,image,.png,36372,6fbc51fd15e3b69c431f300ff0e59849cf34ce892f8653a61ca20b821f9cbb09,12e9223056dbca345b7f566f30576952
Assets/Art/Image/Hero/Sequence/futou/daiji/紫色斧头待机_0006.png,image,.png,37728,0324b5428a6757bda9bbddb87bd8c48edc4e20d9428c2ecb087b62ca584eb221,555855c9301e31a47a7c7d660ef2338d
Assets/Art/Image/Hero/Sequence/futou/daiji/紫色斧头待机_0007.png,image,.png,37728,0324b5428a6757bda9bbddb87bd8c48edc4e20d9428c2ecb087b62ca584eb221,460604d19730ecd4e9285f9b29836eb2
Assets/Art/Image/Hero/Sequence/futou/daiji/紫色斧头待机_0008.png,image,.png,37355,f6f0079419e1040b1a3a885ef70bd9d9834d9aa638b2f8b6925cd42a0b08ed48,be56c95415c9fb84f8250c6faea80add
Assets/Art/Image/Hero/Sequence/futou/daiji/紫色斧头待机_0009.png,image,.png,37355,f6f0079419e1040b1a3a885ef70bd9d9834d9aa638b2f8b6925cd42a0b08ed48,77f0893e4326572408b82a62142dd96c
Assets/Art/Image/Hero/Sequence/futou/daiji/紫色斧头待机_0010.png,image,.png,36460,63b26bce66835707757832653fee7b34d75438e85bcb392b6a14f03bae3276d2,83f9da54eb97b994791e4daa790dfecf
Assets/Art/Image/Hero/Sequence/futou/daiji/紫色斧头待机_0011.png,image,.png,36460,63b26bce66835707757832653fee7b34d75438e85bcb392b6a14f03bae3276d2,39313a90e95a0674f9565bc73168ac97
Assets/Art/Image/Hero/Sequence/futou/daiji/红色斧头待机_0000.png,image,.png,34206,69d7846e5a0738e90902536cf618eeccb19bbb5771ab3bc60c3aaecef3e0c804,938d22f21578a704c8b596c12664fe30
Assets/Art/Image/Hero/Sequence/futou/daiji/红色斧头待机_0001.png,image,.png,34206,69d7846e5a0738e90902536cf618eeccb19bbb5771ab3bc60c3aaecef3e0c804,9ab2a3e84ad8716458458787978794fe
Assets/Art/Image/Hero/Sequence/futou/daiji/红色斧头待机_0002.png,image,.png,35483,9f9d2eac667f8aed4d681975120d339fcb408c5d854af75075379907e9fc9658,47059354470638242a84155d21253c52
Assets/Art/Image/Hero/Sequence/futou/daiji/红色斧头待机_0003.png,image,.png,35482,49a2e1defad950e10160fd7fc09ae2bcfc6603d9fca026a55c1b857de73fe352,a63ab330f6d6de042a4be8b0724fd4ad
Assets/Art/Image/Hero/Sequence/futou/daiji/红色斧头待机_0004.png,image,.png,35554,254aa658a33da0147d38deca6fd72f7ae799b3ad9066f43a1dc3fbf3b398d6f8,c40b822cba28cb646a72ce57c95452a6
Assets/Art/Image/Hero/Sequence/futou/daiji/红色斧头待机_0005.png,image,.png,35554,254aa658a33da0147d38deca6fd72f7ae799b3ad9066f43a1dc3fbf3b398d6f8,dfc54d9f013104842ab9f03edc633f0e
Assets/Art/Image/Hero/Sequence/futou/daiji/红色斧头待机_0006.png,image,.png,36922,64697f837799469736d5aefe4be8abbe793725296ab4283a57fef7c128c00466,9aef1afddc2590347ae34adebf2c2f90
Assets/Art/Image/Hero/Sequence/futou/daiji/红色斧头待机_0007.png,image,.png,36922,64697f837799469736d5aefe4be8abbe793725296ab4283a57fef7c128c00466,bac87b1e3c6c35e4e9d5200af916e68a
Assets/Art/Image/Hero/Sequence/futou/daiji/红色斧头待机_0008.png,image,.png,36512,a2e49199e858ea1bc284e61bff5955d753d042ead39b929afb520e7b5ab6c43a,1f590dea976ed0c4ab2d7bf417472e8c
Assets/Art/Image/Hero/Sequence/futou/daiji/红色斧头待机_0009.png,image,.png,36512,a2e49199e858ea1bc284e61bff5955d753d042ead39b929afb520e7b5ab6c43a,43cc4a01c7cbe564ca3e71c8f4ccaa22
Assets/Art/Image/Hero/Sequence/futou/daiji/红色斧头待机_0010.png,image,.png,35589,31fef2e990bcaed0161b382abcc5dfce475c7d859a7f568117b9094e6f32f2f6,aa71d5b72de17c0439f96508b6b0eaa1
Assets/Art/Image/Hero/Sequence/futou/daiji/红色斧头待机_0011.png,image,.png,35589,31fef2e990bcaed0161b382abcc5dfce475c7d859a7f568117b9094e6f32f2f6,28089291b296df64a830de47ebc67811
Assets/Art/Image/Hero/Sequence/futou/daiji/绿色斧头待机_0000.png,image,.png,35076,aff141250e7b62ac254213f257dcf392f7099c08437ab0f60f0b450c523265b7,fa79873d1741dc34aaedc305549f139b
Assets/Art/Image/Hero/Sequence/futou/daiji/绿色斧头待机_0001.png,image,.png,35076,aff141250e7b62ac254213f257dcf392f7099c08437ab0f60f0b450c523265b7,937553d37278cd846aab5ff94ec8f9ce
Assets/Art/Image/Hero/Sequence/futou/daiji/绿色斧头待机_0002.png,image,.png,36511,2aa82388e1341dfa14c9ada696cf741e7f419d023251f7c3cbbdb154ad072a0d,f2a0aedc23ee9204b9550ec0a13bfe4a
Assets/Art/Image/Hero/Sequence/futou/daiji/绿色斧头待机_0003.png,image,.png,36512,806865677bfed2421a025faa043f76d5c9feefe24c2e80443957fc26827d4c29,76dd39754476c774289db384b88bedf0
Assets/Art/Image/Hero/Sequence/futou/daiji/绿色斧头待机_0004.png,image,.png,36621,7bc5475dd644a10fbd529c871ffc28f9615104c53a41d2e7b45ddc4a2ade184d,53b481cc05fd80344b566cf0b12da68a
Assets/Art/Image/Hero/Sequence/futou/daiji/绿色斧头待机_0005.png,image,.png,36621,7bc5475dd644a10fbd529c871ffc28f9615104c53a41d2e7b45ddc4a2ade184d,1f64609cf3d3da94f9b56288ff772130
Assets/Art/Image/Hero/Sequence/futou/daiji/绿色斧头待机_0006.png,image,.png,37967,6581bae7789f9c2fee5311a9eb046c3cd3e769c2b1608e11c3ae445b0576026a,c46473fced8a06749acfb06a18767421
Assets/Art/Image/Hero/Sequence/futou/daiji/绿色斧头待机_0007.png,image,.png,37967,6581bae7789f9c2fee5311a9eb046c3cd3e769c2b1608e11c3ae445b0576026a,d91fdb55368e565448f7baaff4979e66
Assets/Art/Image/Hero/Sequence/futou/daiji/绿色斧头待机_0008.png,image,.png,37588,68ef64abe3ade87badd670bdee1b0a5c7d2708bd1f10897206290f8341f060ac,3168ebe15e89f4c4193fdb2aa7a9aa5b
Assets/Art/Image/Hero/Sequence/futou/daiji/绿色斧头待机_0009.png,image,.png,37588,68ef64abe3ade87badd670bdee1b0a5c7d2708bd1f10897206290f8341f060ac,e3f70bd5e64c99e4f8e5d2211ca8ed88
Assets/Art/Image/Hero/Sequence/futou/daiji/绿色斧头待机_0010.png,image,.png,36666,5d9ceaf1909e90aa52c4ce0c592529f902f0ca8c99e40d9ba7850bbdae8a7e31,e56235043a29c494bb481465c58fb7b4
Assets/Art/Image/Hero/Sequence/futou/daiji/绿色斧头待机_0011.png,image,.png,36666,5d9ceaf1909e90aa52c4ce0c592529f902f0ca8c99e40d9ba7850bbdae8a7e31,ab888762ff1306f46a7d4bc08e719d1a
Assets/Art/Image/Hero/Sequence/futou/gongji/chen/gongji_futou_chen.anim,animation-clip,.anim,4994,ad74049280e02fbc7b8d3c65481b2546331ccb3415ed20525b7e7e8567262d2d,9540024cfc82e00458db1aed61a54e7f
Assets/Art/Image/Hero/Sequence/futou/gongji/chen/xuli_do_f_chen.anim,animation-clip,.anim,4991,bc5470c1a3e467f40081fc4887b1e798f70e605a9e0efece037bfe53188d24d5,c506fa2c8ffd3874882c5709b3c36e60
Assets/Art/Image/Hero/Sequence/futou/gongji/chen/xuli_yu_f_chen.anim,animation-clip,.anim,4991,75e8bdc8ab9324d0d2e57368e6b5f68d81c864c9a14574e7a99e04c097c3df6a,36b87e1f75681f04894ecbaa4d75d963
Assets/Art/Image/Hero/Sequence/futou/gongji/chen/xuliw_do_f_chen.anim,animation-clip,.anim,2675,ab179a1c16dcaaaed188c5975ff3eaa31b703ca00a822a577933b8995a5b2be5,138efca555129db4b974a350c928b3d1
Assets/Art/Image/Hero/Sequence/futou/gongji/chen/xuliw_yu_f_chen.anim,animation-clip,.anim,2326,c415908ba665f7290a71b5f8d3f4f5c3a138cf17cc99b2c6ba473803c075e6dd,f08eb0f484de85147833abdafa34c0f0
Assets/Art/Image/Hero/Sequence/futou/gongji/chen/橙色斧头攻击_0000.png,image,.png,39614,68beac48610197494b601a67c91fadaeb23447f31b3b446e91bcaf25f12b7b8d,c77661403eb7fba468ed38556bb1146d
Assets/Art/Image/Hero/Sequence/futou/gongji/chen/橙色斧头攻击_0001.png,image,.png,43966,6a53e86ce3cb9a8fd7e35f73237709ae33ea6a43401c0eca6b18a344c0b32be9,342eed70afbc1a841aa319be96120b73
Assets/Art/Image/Hero/Sequence/futou/gongji/chen/橙色斧头攻击_0002.png,image,.png,50147,0ec9725e7b1ac463509532d8e52ace3738dcda5dc861354f5b3068a1ad924edf,cfcf28a1d777a9c4d9e0362669447009
Assets/Art/Image/Hero/Sequence/futou/gongji/chen/橙色斧头攻击_0003.png,image,.png,64461,a95c8e88ec761478b7695f39b923e25b67cfee0fa266c35ebce094b8f357871e,9f74b2e96781897498c497b8a36766fb
Assets/Art/Image/Hero/Sequence/futou/gongji/chen/橙色斧头攻击_0004.png,image,.png,65486,c294f6cb2da6506a716ae96b92b430022b1835f1aa6837b44c0d59e79035d2ef,4c34da6942ca8a146bf9c45de13a06a8
Assets/Art/Image/Hero/Sequence/futou/gongji/chen/橙色斧头攻击_0005.png,image,.png,66403,d6beec87c514e993ba15506cace70e98ad17d184360dd6d12dc60f392f2d6110,cf2d14047bedd67469a17616f1a8992a
Assets/Art/Image/Hero/Sequence/futou/gongji/chen/橙色斧头攻击_0006.png,image,.png,86413,ff618cd75d05703361ae97bfbb09c5ac76e53ed28dd0890a5c08c4b7c5d5c92c,3eb7b92ee48f1ec4cbfab5bdf9bdc4bf
Assets/Art/Image/Hero/Sequence/futou/gongji/chen/橙色斧头攻击_0007.png,image,.png,125036,2e035ad1088422bac9e0a79730acefc8904112bb05943ea7d3b32ae70cb9f840,4be42b01a6edc214884cd1ae41e5a884
Assets/Art/Image/Hero/Sequence/futou/gongji/chen/橙色斧头攻击_0008.png,image,.png,124673,68db06f060aece31a94c365d1db7b5859e291d722edc33c4e1696099d93c4ee9,8ff023f7931769b48822cf8c1eb046f9
Assets/Art/Image/Hero/Sequence/futou/gongji/chen/橙色斧头攻击_0009.png,image,.png,126965,481721167f937a34f2806b0797fb038c55ece2d0cf36f972c21a4faaf7367a8f,61dd59a69fa0cb0409898c9bd14e4a50
Assets/Art/Image/Hero/Sequence/futou/gongji/chen/橙色斧头攻击_0010.png,image,.png,126965,481721167f937a34f2806b0797fb038c55ece2d0cf36f972c21a4faaf7367a8f,caa6ee09b0a098b4a9901c3e5a0c31f8
Assets/Art/Image/Hero/Sequence/futou/gongji/chen/橙色斧头攻击_0011.png,image,.png,110566,9b0440c334ddbe1f69a6904cd9cfd45ba87ef1d879825c6ddbc36837c9a32893,05490b0732fda7b4c9c49ec5fbdd1cef
Assets/Art/Image/Hero/Sequence/futou/gongji/chen/橙色斧头攻击_0012.png,image,.png,110566,9b0440c334ddbe1f69a6904cd9cfd45ba87ef1d879825c6ddbc36837c9a32893,0b98294c1ad61b84abfa79c399f53f84
Assets/Art/Image/Hero/Sequence/futou/gongji/chen/橙色斧头攻击_0013.png,image,.png,91757,c63fb7e14887a4f02143b41a49c2b06dd52f449a35992c270e86524840c68b21,abc33708dbd4ac24894c9ed97790f5fd
Assets/Art/Image/Hero/Sequence/futou/gongji/chen/橙色斧头攻击_0014.png,image,.png,91757,c63fb7e14887a4f02143b41a49c2b06dd52f449a35992c270e86524840c68b21,671c8071c878e584fa64a0b0725a92df
Assets/Art/Image/Hero/Sequence/futou/gongji/chen/橙色斧头攻击_0015.png,image,.png,65574,5a082a438c9db7a5e40461fd464c637e34808be78d95d3380ef8f19dbe128a01,c22a9979aa4b46241aa751b39ccab3ed
Assets/Art/Image/Hero/Sequence/futou/gongji/chen/橙色斧头攻击_0016.png,image,.png,50223,95de817ed1f26f3138707fa55bb04761e199bf7283dcfe267e4a2ef1fe120030,95c3219442146634a8209fc7cc5f6d92
Assets/Art/Image/Hero/Sequence/futou/gongji/chen/橙色斧头蓄力完成（原地）_0000.png,image,.png,37104,5fe18bd63563a9e995ae3ad341a0d11c8eb521ecd05d8c601e92db3d0ce13c79,d1161cbc05a7e6049ad9c12b46befc34
Assets/Art/Image/Hero/Sequence/futou/gongji/chen/橙色斧头蓄力完成（原地）_0001.png,image,.png,35910,72350d8b682bdf22df55d0f205db96808e8ef7aef44e895ed121b2ab30a2937f,9fdd15905603b4043abb9f168f0c20a8
Assets/Art/Image/Hero/Sequence/futou/gongji/chen/橙色斧头蓄力完成（原地）_0002.png,image,.png,36041,0285b8eb31af70a4b128f307e74bfc8f81844f86f718e6a427f1b0b32f823c8e,89fe26a43ed409f408afc1959905ce7b
Assets/Art/Image/Hero/Sequence/futou/gongji/chen/橙色斧头蓄力完成（原地）_0003.png,image,.png,36104,db66ee495b704df501e341d0dc79b25768d8fe4764f6fc789d6d311ce76bf2d2,7ea49bb59bc5ab4408379e428d151274
Assets/Art/Image/Hero/Sequence/futou/gongji/chen/橙色斧头蓄力完成（移动）_0000.png,image,.png,39561,65129e2f168056e71c87c99f6315fa5ac33a8fbb87cd4da83665d6ab3a81b390,55b0ad2df7b99ff4680b6ea59f9f77ce
Assets/Art/Image/Hero/Sequence/futou/gongji/chen/橙色斧头蓄力完成（移动）_0001.png,image,.png,40001,909e5087c9f8f1e58035e64a28e0dfbdbde3e0778d9eb8810cf0712e12143433,fb58cd361d7b6ab4d97b212b26f18fc1
Assets/Art/Image/Hero/Sequence/futou/gongji/chen/橙色斧头蓄力完成（移动）_0002.png,image,.png,39517,15a3be52414a3cdb67821e004ab47cdcb6dc2ab8ea100229e611fbe3aba197ce,b4eb2a33105030d4e92adb0b3b79d0bd
Assets/Art/Image/Hero/Sequence/futou/gongji/chen/橙色斧头蓄力完成（移动）_0003.png,image,.png,40215,e6d75f86f116cf99eb6ff3e5fde0eccdff8a2f2b4cd5e6b2dc68846a94158cda,2b3af942457f1704cb26d140f4acf74f
Assets/Art/Image/Hero/Sequence/futou/gongji/chen/橙色斧头蓄力完成（移动）_0004.png,image,.png,39586,f2a2b02ba263044fc5c5ea925bbf924d241b38a68eb2ab21b97763a980bf7807,e2e402da2aa4212429c4880bcc4f1039
Assets/Art/Image/Hero/Sequence/futou/gongji/chen/橙色斧头蓄力完成（移动）_0005.png,image,.png,39754,37043077d1860886ddad270500e94fc2c617e81de34a77f5e520283054b7355f,4d1e4ea18747c064e8501e926982d571
Assets/Art/Image/Hero/Sequence/futou/gongji/chen/橙色斧头蓄力（原地）_0000.png,image,.png,37712,66ab8f605ee5a4d65aaea8bef219ceec809f38c1bfb32e620525cd2a2e71caae,00fd1918eec384648b40eeadb38014ee
Assets/Art/Image/Hero/Sequence/futou/gongji/chen/橙色斧头蓄力（原地）_0001.png,image,.png,37712,66ab8f605ee5a4d65aaea8bef219ceec809f38c1bfb32e620525cd2a2e71caae,9534c65a8a837104b963190a43479d7a
Assets/Art/Image/Hero/Sequence/futou/gongji/chen/橙色斧头蓄力（原地）_0002.png,image,.png,39125,e67e003ed67741ede2ee18cddcc22545282e0bdc319f0f03657cb658b67a424f,030bc86d04c86d44ea8715ec61482331
Assets/Art/Image/Hero/Sequence/futou/gongji/chen/橙色斧头蓄力（原地）_0003.png,image,.png,39125,e67e003ed67741ede2ee18cddcc22545282e0bdc319f0f03657cb658b67a424f,ba1aaf31e4c0d1c4f801d1ad995c2937
Assets/Art/Image/Hero/Sequence/futou/gongji/chen/橙色斧头蓄力（原地）_0004.png,image,.png,38818,9194b9cc909e436315ae68b90904f152b06070148a040c0adc94fbfe2741c505,8f8c8e82e9bfdd74184c93cd8713ed5f
Assets/Art/Image/Hero/Sequence/futou/gongji/chen/橙色斧头蓄力（原地）_0005.png,image,.png,39338,62a6349d72bdc0830b5b25bae595f50545953710c2ec51caa023fea358fab3c4,959f779c36fc84e41a795795394de3b1
Assets/Art/Image/Hero/Sequence/futou/gongji/chen/橙色斧头蓄力（原地）_0006.png,image,.png,39927,03dd0f3be2f09dbfbb2342b5e9b8becf1a4943ef269974ac1f9fccff65e81f8c,0166d5fad050e704e9ca487060650448
Assets/Art/Image/Hero/Sequence/futou/gongji/chen/橙色斧头蓄力（原地）_0007.png,image,.png,41258,a24854bf92c008b7e2658fc6276b4e9d64aba76f8a28b1cbd6d1f0f1ad492391,e5156b60b982c4f44bce315a457151f1
Assets/Art/Image/Hero/Sequence/futou/gongji/chen/橙色斧头蓄力（原地）_0008.png,image,.png,42265,eb8d52c070f3fcbbe6f73f85c53270e09dce816b38c3c5fdb802c75c7d8ffc7d,df74684529ac2eb47adff3d821741dc6
Assets/Art/Image/Hero/Sequence/futou/gongji/chen/橙色斧头蓄力（原地）_0009.png,image,.png,40966,2101ed6721bdfae8d6ee886774975110c34b0b44ad0ff163f0a6207e3fd5c141,0d533d5cc5915f34bb834842540fb18f
Assets/Art/Image/Hero/Sequence/futou/gongji/chen/橙色斧头蓄力（原地）_0010.png,image,.png,39024,8551e752d370f3b874f930dc7ffd7baa8e318b2758b1020bc2a9d95de522613b,e2a501ef56cf0c746b457ba514af42a9
Assets/Art/Image/Hero/Sequence/futou/gongji/chen/橙色斧头蓄力（原地）_0011.png,image,.png,42770,cbc5c8a55143fe00d4872bff6f5d78ac87fa5b0142bc59fc67752536912d6e5a,ce448bf2bd3e3b6438d3d7191f42e1c2
Assets/Art/Image/Hero/Sequence/futou/gongji/chen/橙色斧头蓄力（原地）_0012.png,image,.png,61702,df0b917db29f8e006c93e21feebc7f55bee57bcee82f5412be87cca88adb58de,917fb5355ff587f4a9606a51f4a785fc
Assets/Art/Image/Hero/Sequence/futou/gongji/chen/橙色斧头蓄力（原地）_0013.png,image,.png,80133,5e03c3aa099c7be913fb77cc5f8694ac35a20676e36fd642fb50a15df53d5766,63e6fee949b6b974797852729d273aad
Assets/Art/Image/Hero/Sequence/futou/gongji/chen/橙色斧头蓄力（原地）_0014.png,image,.png,63051,03689deaceb2c1ab13355d3f9af9428c39f2807ab4aa1010ef38029d5113b63c,45146e45c4397df44938da4af2751cb2
Assets/Art/Image/Hero/Sequence/futou/gongji/chen/橙色斧头蓄力（原地）_0015.png,image,.png,48782,82cd75789f09b4af0ee5a513aadf57c86b74f765093e31d7d4e5d437b53d5e30,e31c59df140a6a040b70fb18f687a7b4
Assets/Art/Image/Hero/Sequence/futou/gongji/chen/橙色斧头蓄力（原地）_0016.png,image,.png,41261,09e9da44944b2dbe313ff7934974cf915cc15286fbb77f422e573cde5a936125,25256ec9e30a41e469fd5e369d503693
Assets/Art/Image/Hero/Sequence/futou/gongji/chen/橙色斧头蓄力（原地）_0017.png,image,.png,39166,2ab150100d10d73e16ab3cc0485abad5fee337837165db99e2867073a6f09bbe,1c0e4111850b483409e55ec87857b80d
Assets/Art/Image/Hero/Sequence/futou/gongji/chen/橙色斧头蓄力（移动）_0000.png,image,.png,40849,865ef9a6ea90ebf8f5b3ecfe674930d7f0516ea773bb9d964454b89cc958fca9,1d17f3fbe27e4ad49a538f2877d224b2
Assets/Art/Image/Hero/Sequence/futou/gongji/chen/橙色斧头蓄力（移动）_0001.png,image,.png,41481,ab871a2bde1345cf42ad2d73410a5159168bf5fec6c61027d16dbab53d251765,68bd462e5e6971e4bbe8d76f9c8de79d
Assets/Art/Image/Hero/Sequence/futou/gongji/chen/橙色斧头蓄力（移动）_0002.png,image,.png,40930,da2c4c06e985b4067ed532e402a6244d16fa689915f6511edc94928f62cb0d92,683a416262c509348a3e1015ec249d5f
Assets/Art/Image/Hero/Sequence/futou/gongji/chen/橙色斧头蓄力（移动）_0003.png,image,.png,42028,a7d87c224e2a4731e9230a6712378b6f88bccc52116be5fc330d5e19ed386d79,e55f80aef76fcfd47865c1d6cda561ff
Assets/Art/Image/Hero/Sequence/futou/gongji/chen/橙色斧头蓄力（移动）_0004.png,image,.png,40882,654e5168c3850061be0834845fb27c79b83e74a86171229a59b62a9cfb1daf94,31e2db4e4789aa9499cafb3e7111c855
Assets/Art/Image/Hero/Sequence/futou/gongji/chen/橙色斧头蓄力（移动）_0005.png,image,.png,41301,5ada85e303f5ad97f45aa3f8cb1425d6e5f9980387615320e69fe9f7dd0fb89b,ac2a78cb6353a4e43a0ca8653291a8a2
Assets/Art/Image/Hero/Sequence/futou/gongji/chen/橙色斧头蓄力（移动）_0006.png,image,.png,42695,e2137c854f35e386e6b6112c52a235c6174fed80fc6c326b08e9e93870852234,57d180f7368adbe4e9e6fa1e66f6c87c
Assets/Art/Image/Hero/Sequence/futou/gongji/chen/橙色斧头蓄力（移动）_0007.png,image,.png,43856,546a1ea7b719d85752171d42368802be18173d1765858ce22de09cc45fdfc9eb,81b36352206151d45b13c5ad099d5bd7
Assets/Art/Image/Hero/Sequence/futou/gongji/chen/橙色斧头蓄力（移动）_0008.png,image,.png,42521,4f03a95db41540f53c06dd8b89a609c04c35e58e94ccfb8aa0260f97ec61c48c,a813eb5b7b481df4a9806e3bd2a40dd5
Assets/Art/Image/Hero/Sequence/futou/gongji/chen/橙色斧头蓄力（移动）_0009.png,image,.png,43882,c6ed38d0a11e4213e5fec85e8afd53f132881c6c41e0269ddf0cddd76427c705,dee7d4ff6009e0848a33f738ae423952
Assets/Art/Image/Hero/Sequence/futou/gongji/chen/橙色斧头蓄力（移动）_0010.png,image,.png,42963,727beeabb6417292ea2a5e592eb3021875af9896bb4f19376063302e5e30e73f,dfc3a0edae08b444f8885442c8618f3b
Assets/Art/Image/Hero/Sequence/futou/gongji/chen/橙色斧头蓄力（移动）_0011.png,image,.png,43811,d2de939549ca412fad9a543ac03a9be2286f49fe6f382433dc35d7a9c799c71a,63cbd8d920092f742ba1975c8081ee5a
Assets/Art/Image/Hero/Sequence/futou/gongji/chen/橙色斧头蓄力（移动）_0012.png,image,.png,45117,57e1fa0c5af366ba07b69d5847df7a3e205f057adf8a58b456ac30947f9fe2e9,23e4d456d2902b144a9f5ee97dac4ee3
Assets/Art/Image/Hero/Sequence/futou/gongji/chen/橙色斧头蓄力（移动）_0013.png,image,.png,68191,3afd97c7b147911d82a8f58c9cf0816ce0b25397ea1bc8e7199697a0b912c32c,d64a9e3e4dea9ac4daf7a40afd64b2e7
Assets/Art/Image/Hero/Sequence/futou/gongji/chen/橙色斧头蓄力（移动）_0014.png,image,.png,60108,2e6e95c943993c9b544dbd04d700b69b41ac87c93519a31609385611efd907d6,98b2d6eb19f3ae5449f4c81999b6827e
Assets/Art/Image/Hero/Sequence/futou/gongji/chen/橙色斧头蓄力（移动）_0015.png,image,.png,52871,b359c63629987d0a51f0e18faf514e4c1167b7421f4cd36d496d33f151ab14e7,78aa0e4eace3da245b861db1de35dc4c
Assets/Art/Image/Hero/Sequence/futou/gongji/chen/橙色斧头蓄力（移动）_0016.png,image,.png,56105,0d74eb32fbc8b0b4a0bb4b02bd69094380f49524266956bb078b000c208623cf,c80c91329447f6143a6afee07658880c
Assets/Art/Image/Hero/Sequence/futou/gongji/chen/橙色斧头蓄力（移动）_0017.png,image,.png,48420,842d0d159d30963359f627f9945cca643350c5deadb4bc7ee24bad12dce7709d,e0d85291264f06d4a8bc63b9448589e6
Assets/Art/Image/Hero/Sequence/futou/gongji/hong/gongji_futou_hong.anim,animation-clip,.anim,4994,1dbe42ba06cf1ffebdb24f2b5a70ec9d1b3640bc422c2dd5445e43963e0d0a72,8cc1dc6e0ff02eb46ad6a7dc7b8bb65a
Assets/Art/Image/Hero/Sequence/futou/gongji/hong/xuli_do_f_hong.anim,animation-clip,.anim,4991,86eb37cc1183e09807708a545b9cf20d8083d676cb08fd4c5e8b48e3052cac76,e724722cc4e342149ba206c90f0dc508
Assets/Art/Image/Hero/Sequence/futou/gongji/hong/xuli_yu_f_hong.anim,animation-clip,.anim,4991,6addf88f7aa69aa59cb007ee7ce4dbb21148d4e8792e65c21b972ec3563d7242,be42d41559315274685da642fd85fc7d
Assets/Art/Image/Hero/Sequence/futou/gongji/hong/xuliw_do_f_hong.anim,animation-clip,.anim,2675,88579303c6ed4067b2a3aff45188dad75208dc8662606d6054e063db6c912c3a,016efb82a5e10e747a191e1d87e32a58
Assets/Art/Image/Hero/Sequence/futou/gongji/hong/xuliw_yu_f_hong.anim,animation-clip,.anim,2326,8356a892baaa3f6fddbe0c520cc139dacb2af493fd4931b3cb666fc911197eb6,ea1cde545d433fc458c791a9d523da0d
Assets/Art/Image/Hero/Sequence/futou/gongji/hong/红色斧头攻击_0000.png,image,.png,39086,1d13531ccd1576751c716f4ea2a05c012b3cdf947d92daf3f528886a05216fce,e9e27e70c999a374e8eb7e7d792acd3e
Assets/Art/Image/Hero/Sequence/futou/gongji/hong/红色斧头攻击_0001.png,image,.png,42943,7697bd7e7ce1108591d4ebf681ef99ef210839a7a878c9ee19e9ddd5227f7df4,8373b3e7bded38144b92aa370e29ac54
Assets/Art/Image/Hero/Sequence/futou/gongji/hong/红色斧头攻击_0002.png,image,.png,49175,4a66b9bb75b27feff4a977a82258049afdd3f9ebc1274731fd5f713e280262d0,8537a446be4bcff419f44ff4a17b6b0a
Assets/Art/Image/Hero/Sequence/futou/gongji/hong/红色斧头攻击_0003.png,image,.png,62172,83c2e55773aea3a644237458dd383048bc89b7a0438a4b266b8f0614cc11e4de,ab26b59fc7febe947a61a05e7cc90717
Assets/Art/Image/Hero/Sequence/futou/gongji/hong/红色斧头攻击_0004.png,image,.png,61206,f9d6b0e51040bfb7b977062e3b82a678aaeeb9392ad038a0e51be064ce5e2d20,b03580aeffee821479670d414ae7fade
Assets/Art/Image/Hero/Sequence/futou/gongji/hong/红色斧头攻击_0005.png,image,.png,61699,9673c42fff8346ed6e64fa644bb1327e9f547ad4ca4ee3ead563e5e949ba6bb1,18756fae71b1f3b4fb99992c6cc1ae47
Assets/Art/Image/Hero/Sequence/futou/gongji/hong/红色斧头攻击_0006.png,image,.png,79802,e4f00ba69bf891ae700665382a3fca9fd768328ce2c5817971649a89112d291f,a23cc5a81f02a0f4f83751026ad5eca9
Assets/Art/Image/Hero/Sequence/futou/gongji/hong/红色斧头攻击_0007.png,image,.png,114925,fe910e1dbb063cb27b1f3ba9319cdb31823b6f2582dd81ca396427c42d4c4cc4,45f33694af3ccb940986eff6add745ce
Assets/Art/Image/Hero/Sequence/futou/gongji/hong/红色斧头攻击_0008.png,image,.png,114473,d5d1c73db8bad682f3c7337d5e21266c58431bc7a61a676277c29eaee0c6a40f,6a1136a19b42d9343bbb740327f03976
Assets/Art/Image/Hero/Sequence/futou/gongji/hong/红色斧头攻击_0009.png,image,.png,115902,94385ff37d264cf6a51fe48f45ed354d04681d6b82ef0999e590e885d0260496,90a31a1c90ab01645bd3cd9859ff5729
Assets/Art/Image/Hero/Sequence/futou/gongji/hong/红色斧头攻击_0010.png,image,.png,115902,94385ff37d264cf6a51fe48f45ed354d04681d6b82ef0999e590e885d0260496,73d92f0d6e39a9042b11b07b663eab62
Assets/Art/Image/Hero/Sequence/futou/gongji/hong/红色斧头攻击_0011.png,image,.png,101497,e40cbeb7e3ef51261265cfc1acfd9b8f5663df7fadf0756352f810bf8655facc,e626e7abf90d8264baf9fd6fd5616fc1
Assets/Art/Image/Hero/Sequence/futou/gongji/hong/红色斧头攻击_0012.png,image,.png,101497,e40cbeb7e3ef51261265cfc1acfd9b8f5663df7fadf0756352f810bf8655facc,60aeba6b6ffd3a54dad657b7b34bc218
Assets/Art/Image/Hero/Sequence/futou/gongji/hong/红色斧头攻击_0013.png,image,.png,87796,c7d78f818da7f79d2d926a11ad99d170e1d32a5bb376d5352282be7edad25a83,5f8758d6137b21a49861442269f16cee
Assets/Art/Image/Hero/Sequence/futou/gongji/hong/红色斧头攻击_0014.png,image,.png,87796,c7d78f818da7f79d2d926a11ad99d170e1d32a5bb376d5352282be7edad25a83,763c0edbcc501324980946cfd6eb688b
Assets/Art/Image/Hero/Sequence/futou/gongji/hong/红色斧头攻击_0015.png,image,.png,63847,ab5d32ef14b4518aede3165dedcbbdeff6e8cd4e3a0b9f82580750cfdb66c4bb,790913599159d3243b7aaad10e6ef56b
Assets/Art/Image/Hero/Sequence/futou/gongji/hong/红色斧头攻击_0016.png,image,.png,48910,26a14f7ca81bd24e01480caafc6911d07e9962c37772f0059bbed716d2753938,89f670b5c8ce7294d816ac5351759c8f
Assets/Art/Image/Hero/Sequence/futou/gongji/hong/红色斧头蓄力完成（原地）_0000.png,image,.png,36163,9142ed3a8f322c73d0936091b6e27e21b6cca18cb0a7f3b1c02df6c3b9b3a663,42441cb36384787468ee3eae64fe68b1
Assets/Art/Image/Hero/Sequence/futou/gongji/hong/红色斧头蓄力完成（原地）_0001.png,image,.png,34969,e8e734b24a852dc7561ca9c870a3dc180153a5ab2813db307bb4b3b6b7a3cc34,b3377968a06c23d429f24d98e2dc0c97
Assets/Art/Image/Hero/Sequence/futou/gongji/hong/红色斧头蓄力完成（原地）_0002.png,image,.png,35193,ef40c2b51a83b5698454bc88967533f1606197a6f0bfd8f87fde27668d4b80cd,a485d70ede077b04b854a3367eeb05f3
Assets/Art/Image/Hero/Sequence/futou/gongji/hong/红色斧头蓄力完成（原地）_0003.png,image,.png,35236,3ffa91f96b9e4b6d1efea5f9fc233af46e4dbded3a84d27193b34d95ffe8541c,9dc82d5a7a57bdd45a341ecdbaf26180
Assets/Art/Image/Hero/Sequence/futou/gongji/hong/红色斧头蓄力完成（移动）_0000.png,image,.png,38648,2f628449a9ec1076b9108cdb22c23e8175b1d26d72e8d8ce089c210467174959,c2998034db01a24498bbe9d68805bb33
Assets/Art/Image/Hero/Sequence/futou/gongji/hong/红色斧头蓄力完成（移动）_0001.png,image,.png,39093,4a8c559721774156f73e737d1bb5194e81186019078e6e9430ddcd662aa1240d,2d7152b5efc7a5348a1eb214d59fc0d6
Assets/Art/Image/Hero/Sequence/futou/gongji/hong/红色斧头蓄力完成（移动）_0002.png,image,.png,38575,50ba9ff00133ab53d528cca2b1aee3793cbe1aa8a65d00c464ed9fbaaf30b15b,7330e137c4350fa41a231d6878ce70af
Assets/Art/Image/Hero/Sequence/futou/gongji/hong/红色斧头蓄力完成（移动）_0003.png,image,.png,39371,85688018bc45c73876c8b43c222194cc99e60a3c7b27666aa4fdb478e7276d67,346eeedc28ba4a240a505b64fbc77ba2
Assets/Art/Image/Hero/Sequence/futou/gongji/hong/红色斧头蓄力完成（移动）_0004.png,image,.png,38633,18a8697182342b3eca4df78d16a689fcfacdc1cbc800f4d195fa9cbcfbbeaf6b,4c266cbe816239e4896947f60f521ea8
Assets/Art/Image/Hero/Sequence/futou/gongji/hong/红色斧头蓄力完成（移动）_0005.png,image,.png,38840,1e18c8ac88fc10d1b552a6c73bb6d4d3b5e27f06c36e69ccaf4513bc5c1f0972,f3147933906051d4cb531311cc9b1c90
Assets/Art/Image/Hero/Sequence/futou/gongji/hong/红色斧头蓄力（原地）_0000.png,image,.png,37005,21fb228cfa646307d0762d9202025b5c862310151e300d78c7dfe5c82a204f40,56d60001e312fe24a87f8e413c41e1a2
Assets/Art/Image/Hero/Sequence/futou/gongji/hong/红色斧头蓄力（原地）_0001.png,image,.png,37005,21fb228cfa646307d0762d9202025b5c862310151e300d78c7dfe5c82a204f40,557cfba030cded645b832b0314ed295b
Assets/Art/Image/Hero/Sequence/futou/gongji/hong/红色斧头蓄力（原地）_0002.png,image,.png,38388,c1dad7f51e0536fec912436e1077616c845af541439e3cf6870b1f866ada1a78,fab8b580e48ea074991a2bcc6fbe677a
Assets/Art/Image/Hero/Sequence/futou/gongji/hong/红色斧头蓄力（原地）_0003.png,image,.png,38388,c1dad7f51e0536fec912436e1077616c845af541439e3cf6870b1f866ada1a78,43ab576e72ad4fc40ab4c3c843329f0c
Assets/Art/Image/Hero/Sequence/futou/gongji/hong/红色斧头蓄力（原地）_0004.png,image,.png,38060,b5a7b4da496538ba6121190a30ae0abd1c4566d4ecc91768385a615605a989ab,b28a6e97793dcfb46825ecd909a04629
Assets/Art/Image/Hero/Sequence/futou/gongji/hong/红色斧头蓄力（原地）_0005.png,image,.png,38605,d92121c3ea061d344b6f166240b2a5ea26dc1c48289076091ca6091b7e5bbd01,4a854efb72abd584982943179bd4a10a
Assets/Art/Image/Hero/Sequence/futou/gongji/hong/红色斧头蓄力（原地）_0006.png,image,.png,39239,09bbbe5caa443afdbb9747817601af8d51b5ef9e0b7095bbaeedcc819d9d9bb4,a4a139e16601c3e4c8c317a41b4b11bc
Assets/Art/Image/Hero/Sequence/futou/gongji/hong/红色斧头蓄力（原地）_0007.png,image,.png,40563,2aa40e505c66166cc9f62da86e5126cfc15c3e649692113ad2175f670ee62f30,6b9b8d4f15780a94dbfc06fb429ad504
Assets/Art/Image/Hero/Sequence/futou/gongji/hong/红色斧头蓄力（原地）_0008.png,image,.png,41486,088b970bbb48433250e12d86e168196ec62791c6a51583d03d9f8697ded6395f,88903eddd2af4d14e97bfd36b13ec822
Assets/Art/Image/Hero/Sequence/futou/gongji/hong/红色斧头蓄力（原地）_0009.png,image,.png,40247,bf27673c24a9ab062b9fcdbbf85fa793540b629b64afaea1a82a422324cbae2d,6b5910e1334a127459a32acac3f36db4
Assets/Art/Image/Hero/Sequence/futou/gongji/hong/红色斧头蓄力（原地）_0010.png,image,.png,38237,1b465e4a6810651443823bc7d1a79f23f36b5c537ed1085d505267123dfd62dd,d91b6b37825daf64a8c938de77cefc4f
Assets/Art/Image/Hero/Sequence/futou/gongji/hong/红色斧头蓄力（原地）_0011.png,image,.png,41626,7304840bba2fec590fdc568888b3bd9ea302ec7819fdfedc15ea4aecec0b43bb,c3cd4d18ccc0cf24a98b5f6dccc7fa60
Assets/Art/Image/Hero/Sequence/futou/gongji/hong/红色斧头蓄力（原地）_0012.png,image,.png,59339,418eda785534e5852c8fd85460b7a495fb9d3ed344941ca288efa2d7e3296156,62679450ff68ef943adfb001e2da5a8e
Assets/Art/Image/Hero/Sequence/futou/gongji/hong/红色斧头蓄力（原地）_0013.png,image,.png,77058,5bb684ddfa2872d5fe831d0d462996056f20714fb535616af68b9439659ce81d,7c4a7223389cc2c48a74c32d4e9354ac
Assets/Art/Image/Hero/Sequence/futou/gongji/hong/红色斧头蓄力（原地）_0014.png,image,.png,60906,079e901240a2becf96abbc62146b3ffc054352a2abf00c44475d19db7f383d30,8d77bd88f80d1b54c9e808c8586ac072
Assets/Art/Image/Hero/Sequence/futou/gongji/hong/红色斧头蓄力（原地）_0015.png,image,.png,47362,c350a75dd28771fc5a53b08d3f72031329d6f4b5a88aa88b51a59c34ae6bfbe7,06b949c374533cc4eb8b365057a992c1
Assets/Art/Image/Hero/Sequence/futou/gongji/hong/红色斧头蓄力（原地）_0016.png,image,.png,40374,ca30f766209ee83618774455a408795bcd3a5e5bf0030f4797716784fefb70d5,97a06070a51f76e44a4659e9ee002964
Assets/Art/Image/Hero/Sequence/futou/gongji/hong/红色斧头蓄力（原地）_0017.png,image,.png,38289,e2b53fc78911f82421651e9f574c8c4efd32d369f5a6e038602ac8d6d27f7526,f9c2cd01c1b925a438bf241cc423a7da
Assets/Art/Image/Hero/Sequence/futou/gongji/hong/红色斧头蓄力（移动）_0000.png,image,.png,40031,c076766cca1a84a99b88d6ffc72b0a4f3aad67048c6e60d1cb49c6954aafd1d1,3b6b930330071144ba699fa67cc662d1
Assets/Art/Image/Hero/Sequence/futou/gongji/hong/红色斧头蓄力（移动）_0001.png,image,.png,40674,0ee15e9a1beb2721e0925ce33764c3dc87cc9a98032dbf21a27cf0619b6670f4,7fdfd735236acb2498189ded252a02ee
Assets/Art/Image/Hero/Sequence/futou/gongji/hong/红色斧头蓄力（移动）_0002.png,image,.png,40104,c99ac8c882581023c41b1433f625d8d687d7dcd916c35ff7523f3e05c033db4b,82d376c336745334ea327b990aa39991
Assets/Art/Image/Hero/Sequence/futou/gongji/hong/红色斧头蓄力（移动）_0003.png,image,.png,41168,8f5b64b1c42bf8728d7e1f123ce7f2b82ceaccd4b55c57bbec0ffefba7bb8f71,bdf9f1eb0d332394b84695df6941e725
Assets/Art/Image/Hero/Sequence/futou/gongji/hong/红色斧头蓄力（移动）_0004.png,image,.png,40129,065e4d857c593cc6e3ec336c5932d1016851312ef50e3c3d8233f1b788f35e08,b4dbac9249db9a642bb71f9b5e16f6e2
Assets/Art/Image/Hero/Sequence/futou/gongji/hong/红色斧头蓄力（移动）_0005.png,image,.png,40605,8b3dac19c3c0105f7e8e6560692edc1dc912ecf3a43489de6af8c2e3d8198903,69ed452999f79d04f919207c35c79c60
Assets/Art/Image/Hero/Sequence/futou/gongji/hong/红色斧头蓄力（移动）_0006.png,image,.png,41988,6c0b390103efb7965dafbdb29f85c663d494c0e6f88eeb992ae9d302e6266883,0b9101c6ee89450478ecd2a2d9928b6c
Assets/Art/Image/Hero/Sequence/futou/gongji/hong/红色斧头蓄力（移动）_0007.png,image,.png,42820,def9a6a5a802d85a9a83b2fefa1c23933fa2e075e13a1cda3de4e30c66135c01,b4949ac5bec7c214698aae4346e224e4
Assets/Art/Image/Hero/Sequence/futou/gongji/hong/红色斧头蓄力（移动）_0008.png,image,.png,41613,2c34959bf17459e23847350966251c5e0254aa301f6e5c82352d1d4372a71a30,98d8dc8645ccc0d44b2c66032bb3ba86
Assets/Art/Image/Hero/Sequence/futou/gongji/hong/红色斧头蓄力（移动）_0009.png,image,.png,42973,5125b6abd936307cafc611931a9c5ed8ffec13398edc32b628af6a81a60ef01b,c3009f3737355b849aa4ce115364b993
Assets/Art/Image/Hero/Sequence/futou/gongji/hong/红色斧头蓄力（移动）_0010.png,image,.png,42200,ea4bb07a1aedaa2da544d9868b880005afd1625e3eebff5efb4690275e68a08e,cca834147e233644ab3b4d3dcc38f27d
Assets/Art/Image/Hero/Sequence/futou/gongji/hong/红色斧头蓄力（移动）_0011.png,image,.png,42687,32be2cf18346c87cc52fd57e40fabe80dad1b1568b62a1fe70d72eafe04785f0,ba3d79b237ba20945ba09783e3a21a04
Assets/Art/Image/Hero/Sequence/futou/gongji/hong/红色斧头蓄力（移动）_0012.png,image,.png,43692,7222c1ade0cef863337348979257279e3c55dc09b2ec5f595cdb8820beaaa5f6,5efa614f708962644bc345ec01b193d5
Assets/Art/Image/Hero/Sequence/futou/gongji/hong/红色斧头蓄力（移动）_0013.png,image,.png,64718,85e3ee30229fd33e13cb0aff044f7e146e7d3f3aafd3455e7cbec1c90b2a7327,760801c70ae34fd4dba19e6b5df37863
Assets/Art/Image/Hero/Sequence/futou/gongji/hong/红色斧头蓄力（移动）_0014.png,image,.png,55110,89ef806f9b12aa4d764dcbe2c87a9b29dc76afa5888fa549a45d9d94f6454535,93d9a5dcec56fe046bf4b8d0e541005f
Assets/Art/Image/Hero/Sequence/futou/gongji/hong/红色斧头蓄力（移动）_0015.png,image,.png,48464,42b0e89da5ea74338a4333a5dd52e8d2dc6d804da5201e8e734036c2a3e4fca8,bd8e5aee7c982d14dba4a26c8201e23f
Assets/Art/Image/Hero/Sequence/futou/gongji/hong/红色斧头蓄力（移动）_0016.png,image,.png,53812,9f3d75f1959c4bffcd8e9e703c39f86422a2d57cfcb150ec4ef4e77bc1bbd45d,e9629aa2064ab634d98aafe4876ef9ab
Assets/Art/Image/Hero/Sequence/futou/gongji/hong/红色斧头蓄力（移动）_0017.png,image,.png,47202,d47be7fa8c85c5f54c827a9c820ff6084304a4ee76dcefd711235690b54d4854,ff2162e79a2a3464ebf4344abfd7e9a1
Assets/Art/Image/Hero/Sequence/futou/gongji/lv/gongji_futou_lv.anim,animation-clip,.anim,4992,b5ec9aba08ae42154153c6946b7914bc9b940303ab0183de08b7caf16e990267,585aed92062117c4e837bd05cd3e3bce
Assets/Art/Image/Hero/Sequence/futou/gongji/lv/xuli_do_f_lv.anim,animation-clip,.anim,4989,1c579e76f55eac21703de5ab6ccc5800b7f487beacb9234863179437ecbd6f84,a9025f7b89aabb4419125a1a2b2a2368
Assets/Art/Image/Hero/Sequence/futou/gongji/lv/xuli_yu_f_lv.anim,animation-clip,.anim,4989,aaf20d5a21bd9317501ddbe583ee161b740dad8a6de7db5e219d949819c59e14,b3c90da36e3c780438dc46c79a8fa4a6
Assets/Art/Image/Hero/Sequence/futou/gongji/lv/xuliw_do_f_lv.anim,animation-clip,.anim,2673,ee5658d15585383eac2c1b3470a9eb5e038d880d409dc9cfaf20f3ac45827ad4,3d55dc92213cd004287e3c16fbcd8183
Assets/Art/Image/Hero/Sequence/futou/gongji/lv/xuliw_yu_f_lv.anim,animation-clip,.anim,2324,18314268b56970bdaff7086fa6240294ad6054857f2384427b0b9b4c79f3cd5c,6c1a45b3c784073419ac55de05c0500c
Assets/Art/Image/Hero/Sequence/futou/gongji/lv/绿色斧头攻击_0000.png,image,.png,39865,7afaa637da65f86e393cb228eb747e33beeff00fb2247351225f1a1a3c98c24a,b79ac9ecf210e6d4d980379d3fe300e9
Assets/Art/Image/Hero/Sequence/futou/gongji/lv/绿色斧头攻击_0001.png,image,.png,44258,eca942cc0566610ee6fb46edafcfc6aa5c1583377e56731c8214eceae9fbb8a7,56aa59fb70658bf4abe0a4168bc32500
Assets/Art/Image/Hero/Sequence/futou/gongji/lv/绿色斧头攻击_0002.png,image,.png,50483,f23d7678ff1ba85dd0ddfa7e540b6758f374903fdf8b2569836bee810a8e03a8,b93d2380c72fa8243b03f627c1cd8ece
Assets/Art/Image/Hero/Sequence/futou/gongji/lv/绿色斧头攻击_0003.png,image,.png,64691,a7899c803beafdf266af9f632d7b30f8a6db2425138636c9f4390799fa3bd532,148c2b8abe202414b86129a7f772f16d
Assets/Art/Image/Hero/Sequence/futou/gongji/lv/绿色斧头攻击_0004.png,image,.png,65372,b719e2fbf8931f08909efbb171d462b5cf67ef16339e10076703dbf5aa7040f3,b19e53f6602cb4b4480747e8f411e25e
Assets/Art/Image/Hero/Sequence/futou/gongji/lv/绿色斧头攻击_0005.png,image,.png,66121,3a98453155f4cdbdedc6f4e6cbbe318e0eeb5624f31007decaf50d5248a660a9,bd89943ff30b1ce48ab90a1a2df04556
Assets/Art/Image/Hero/Sequence/futou/gongji/lv/绿色斧头攻击_0006.png,image,.png,86077,473de909a688f208540300e64672fed230667972307c4c69dcc976439e6bdc72,54ff5a51702aa8d4b8a34598b0efb896
Assets/Art/Image/Hero/Sequence/futou/gongji/lv/绿色斧头攻击_0007.png,image,.png,124460,1a7cc198b95a357acf3b5b76463aa9bfc71cef452f6406a71b3240be9036f7ec,702e9ce2d8d062042864628ee3af8b7f
Assets/Art/Image/Hero/Sequence/futou/gongji/lv/绿色斧头攻击_0008.png,image,.png,123945,fd76ffaff31b68ca22ba6d9243c839858e3211a95e947ae4f3a86574afdb0f40,bf4b83af8f281d647b527f3016fb4a8f
Assets/Art/Image/Hero/Sequence/futou/gongji/lv/绿色斧头攻击_0009.png,image,.png,126250,56cca77c4554ce5fda1fc884ef1499785f49acd9240279e1de20721a46e5638a,966145785b5772043b2c8c6f6c764690
Assets/Art/Image/Hero/Sequence/futou/gongji/lv/绿色斧头攻击_0010.png,image,.png,126250,56cca77c4554ce5fda1fc884ef1499785f49acd9240279e1de20721a46e5638a,05cf4c1ed1de4e946af032323de87d0f
Assets/Art/Image/Hero/Sequence/futou/gongji/lv/绿色斧头攻击_0011.png,image,.png,110238,671ef25879ed3d2f3a574c6ccd02f7399465b7dde9f8b0227f5f8196a453efd0,10ff6436d4cbf164bbab20b69fe285ed
Assets/Art/Image/Hero/Sequence/futou/gongji/lv/绿色斧头攻击_0012.png,image,.png,110238,671ef25879ed3d2f3a574c6ccd02f7399465b7dde9f8b0227f5f8196a453efd0,5099e9fd32cd61d46b083edee15efc81
Assets/Art/Image/Hero/Sequence/futou/gongji/lv/绿色斧头攻击_0013.png,image,.png,91644,a5f9903bcf2e717192bcd3420b209440c43b97b34bb6ca16a0a3337deaa7568a,8250cc9d5f3558147a46f83336fb85eb
Assets/Art/Image/Hero/Sequence/futou/gongji/lv/绿色斧头攻击_0014.png,image,.png,91644,a5f9903bcf2e717192bcd3420b209440c43b97b34bb6ca16a0a3337deaa7568a,88cbbc6b816efd14a9dbeab0c6bbcf2d
Assets/Art/Image/Hero/Sequence/futou/gongji/lv/绿色斧头攻击_0015.png,image,.png,65819,20401bd750a3a793c94b46b7bb358bda207ce114a9dfa66b2ed6777ef9214479,f43c8b482d1c9c049b2841cf71746ca1
Assets/Art/Image/Hero/Sequence/futou/gongji/lv/绿色斧头攻击_0016.png,image,.png,50470,f4c082851b6de52698ac62e5a262acbe5b0792cb7d6d94ce73d344bba52ec7e2,72fd3f5c5c41b424db8910ac0e3e9a36
Assets/Art/Image/Hero/Sequence/futou/gongji/lv/绿色斧头蓄力完成（原地）_0000.png,image,.png,37295,3b09d07c85316741c6b8c10a784d1d6a1207779656c30c6f5afa974ef6c210be,e6067aed617ffc941aca7e848de4b54a
Assets/Art/Image/Hero/Sequence/futou/gongji/lv/绿色斧头蓄力完成（原地）_0001.png,image,.png,36118,8727209a610f8dce51121be33ceda56d2fecbd5463ed65b7228de47025c5e464,a48c5047e7c873647a9dd78b0c1ecb42
Assets/Art/Image/Hero/Sequence/futou/gongji/lv/绿色斧头蓄力完成（原地）_0002.png,image,.png,36288,7aac32b2808749d01411387f9e2cc3b6ad36e544b10963f1fc147d0d04fdebb5,98327d50e065e3d46baeff753d4e4a3f
Assets/Art/Image/Hero/Sequence/futou/gongji/lv/绿色斧头蓄力完成（原地）_0003.png,image,.png,36345,6dc6f9aad1ea4234dae60c3e574a7a4342885c87a4f0c212ebec97ce3477e428,fd10baa67442a5e44b22954bb0c71faa
Assets/Art/Image/Hero/Sequence/futou/gongji/lv/绿色斧头蓄力完成（移动）_0000.png,image,.png,39314,462e5ab21465939728f50802857b0509c99fd6b01558d6a73bcd76f5277dac43,40ab0f25f37619b4a9b199af185b7482
Assets/Art/Image/Hero/Sequence/futou/gongji/lv/绿色斧头蓄力完成（移动）_0001.png,image,.png,39821,60f5a3671596336fae29054dbd10ff73fffb1d50b9b4a76722742d86c334e512,e3460c754130fc249a0d775a4be0c9c4
Assets/Art/Image/Hero/Sequence/futou/gongji/lv/绿色斧头蓄力完成（移动）_0002.png,image,.png,39274,4707ba6012f82a069232eebb3dd552579dbb20b04ca926086d15ba69c3450117,8566090a53b42b443be8e1efe416c32f
Assets/Art/Image/Hero/Sequence/futou/gongji/lv/绿色斧头蓄力完成（移动）_0003.png,image,.png,40045,87d266f2c9adac73e20179e8ec3a06f1b361b70d3839dbd4ea40232edec123df,422c5bfe6da9f194f92ab76ef3575468
Assets/Art/Image/Hero/Sequence/futou/gongji/lv/绿色斧头蓄力完成（移动）_0004.png,image,.png,39320,2262663a6ca6ca0fb5e3ae1ff00be574dd75ceb6561758e227af0a53acdf41af,2953f0c1c408a004195fc6f50f3bf28a
Assets/Art/Image/Hero/Sequence/futou/gongji/lv/绿色斧头蓄力完成（移动）_0005.png,image,.png,39509,16273cf107a8888f315f20ac1fe63695b5429a209e7381bb77897ab7e58d785a,a1f07844681fab940b6d741887cc9258
Assets/Art/Image/Hero/Sequence/futou/gongji/lv/绿色斧头蓄力（原地）_0000.png,image,.png,38016,5366df88712241cb4293da3ebb173605b61fbe082c105bf920956c773a7583e4,67959c13759f5eb4f8f9f6fc2380754a
Assets/Art/Image/Hero/Sequence/futou/gongji/lv/绿色斧头蓄力（原地）_0001.png,image,.png,38016,5366df88712241cb4293da3ebb173605b61fbe082c105bf920956c773a7583e4,e98cc87ec60ea064fb5167d550ff7b8a
Assets/Art/Image/Hero/Sequence/futou/gongji/lv/绿色斧头蓄力（原地）_0002.png,image,.png,39436,9f235fdb44790d0e5994c9a93e729b7321dac45fad311c4664f47dec9b5c49a3,774563ba564e53c4fa8ba92f46cbe8f8
Assets/Art/Image/Hero/Sequence/futou/gongji/lv/绿色斧头蓄力（原地）_0003.png,image,.png,39436,9f235fdb44790d0e5994c9a93e729b7321dac45fad311c4664f47dec9b5c49a3,f1d40ece675e73d41abc3a02f6f41e0a
Assets/Art/Image/Hero/Sequence/futou/gongji/lv/绿色斧头蓄力（原地）_0004.png,image,.png,39145,6cee2462c33481cb3aec353528ddcaa34991798b266b63927d7b523797dc61da,98abf00e98f3d364cb1568b815ed7a83
Assets/Art/Image/Hero/Sequence/futou/gongji/lv/绿色斧头蓄力（原地）_0005.png,image,.png,39657,0f280d3ef557ba0befaf0442d7e7f6c5d01fbad0b0e7e12ba6c55913dc67dac8,0646169f86164494eba9bcfa07eb6e74
Assets/Art/Image/Hero/Sequence/futou/gongji/lv/绿色斧头蓄力（原地）_0006.png,image,.png,40204,9ef84ad925fbe724957f7e9e2a3d3f4c93fab7f6ccceca767267a97d2e9bbcdd,15298f8579e7f924c8712b02b29894ba
Assets/Art/Image/Hero/Sequence/futou/gongji/lv/绿色斧头蓄力（原地）_0007.png,image,.png,41529,ea82bb83d2c63b9f11530801d12077b929204aa53f68ab472a058e7bc1afa4b2,558d8de9d0504a94ba246e7ac7606fb1
Assets/Art/Image/Hero/Sequence/futou/gongji/lv/绿色斧头蓄力（原地）_0008.png,image,.png,42482,7bc4c951afbbc1f46083c7380543d578f00426b0ab66809c0b7085d722f0f36c,ad3bf16419b396d4e99245c66c0d7ea6
Assets/Art/Image/Hero/Sequence/futou/gongji/lv/绿色斧头蓄力（原地）_0009.png,image,.png,41207,dd8bb4e769fc3ce6ae87ce7de8c741cd66b9f5e0438e758b7fe607e0a37194ed,7ae0d1e7d5de6fa4ba4179b7db97c0c6
Assets/Art/Image/Hero/Sequence/futou/gongji/lv/绿色斧头蓄力（原地）_0010.png,image,.png,39238,95f38e2c9d91cf22a3a9b36487d16bac30819a6b2d9449bbfdde8cce5bb9c5fd,6d8594390258d1041a1a43cfeb92d18e
Assets/Art/Image/Hero/Sequence/futou/gongji/lv/绿色斧头蓄力（原地）_0011.png,image,.png,42585,bd257aa87b9f125092739deec6dbbf958a15b9e9c5feba705c2a33ffeeac4910,381672ea5dd0769448d27e42a298a113
Assets/Art/Image/Hero/Sequence/futou/gongji/lv/绿色斧头蓄力（原地）_0012.png,image,.png,61018,16eff94826ea656006228b52cd514fd97498d1fc2731c2d94e7339bffcc88196,b7d805ddb051b8b44b23d841033c0d4d
Assets/Art/Image/Hero/Sequence/futou/gongji/lv/绿色斧头蓄力（原地）_0013.png,image,.png,78213,92fde1ae43dba034461b1509f61ef64294eaf732206ead3d3bac4af772966dd6,95900fcd3521dba4cae056fe139772da
Assets/Art/Image/Hero/Sequence/futou/gongji/lv/绿色斧头蓄力（原地）_0014.png,image,.png,61946,6d467a5d00cb8074503fd848513cccaff6e46c3998527716f214fd7b3872eae0,1b973c41c5dc5b845b405106da7b569f
Assets/Art/Image/Hero/Sequence/futou/gongji/lv/绿色斧头蓄力（原地）_0015.png,image,.png,48837,1ac6684d66c857562d912e5f8bb82c394d1a2b91224be02e2c5105943899c7f4,c980d29921299614e9d91977e6493127
Assets/Art/Image/Hero/Sequence/futou/gongji/lv/绿色斧头蓄力（原地）_0016.png,image,.png,41531,f896aaaf00c94f0fdc33a625ac0246826b045a17164043e4c9a4d2d4e4b07bf6,6d78e2ea942a5e14c8fa755ea6b7d2b5
Assets/Art/Image/Hero/Sequence/futou/gongji/lv/绿色斧头蓄力（原地）_0017.png,image,.png,39465,6e5051433761554304adb7d8120426733a01fa8b4652bffbdad8aa4010b09cdd,8cdc7f065f1d3db4a9e4df7e900887c6
Assets/Art/Image/Hero/Sequence/futou/gongji/lv/绿色斧头蓄力（移动）_0000.png,image,.png,41227,962dcf71d2af3f2f54c7264493555eab9f2331269f7d3c91f467cff92e58d322,90a5353974fcbf044b3dc5a9f5a62896
Assets/Art/Image/Hero/Sequence/futou/gongji/lv/绿色斧头蓄力（移动）_0001.png,image,.png,41855,c3c1dfbc7dea0b7efd06811698a2cf1209e6c87649d89c352bbab67f6d379461,6d96bedf05ed5f64fa3827caeb87e4c3
Assets/Art/Image/Hero/Sequence/futou/gongji/lv/绿色斧头蓄力（移动）_0002.png,image,.png,41282,1f0fac16975ab912121d6363f9e5dd8f3b7726696db5e8c827fa2769f0d3a4ba,083b1d56c8b28614ebe8dfcd11f6801f
Assets/Art/Image/Hero/Sequence/futou/gongji/lv/绿色斧头蓄力（移动）_0003.png,image,.png,42400,bfda3e93034b94aa77a623891edd3c0c344124a1a089ede137634c404bfe5d2b,4b581c463b133bb418144b531f44ec26
Assets/Art/Image/Hero/Sequence/futou/gongji/lv/绿色斧头蓄力（移动）_0004.png,image,.png,41266,9343fc5c717ade336d4c3adb8ad6f94400213d7e97fc7db4244f9d30427235ee,25e33964e4ec77c4188c7a56e3f5e0b1
Assets/Art/Image/Hero/Sequence/futou/gongji/lv/绿色斧头蓄力（移动）_0005.png,image,.png,41644,ffb245032b4782156b63e29027cbef2da92456a9b556c0c760c07929723f51e6,ea9878606dccf154b801ea9387931eaa
Assets/Art/Image/Hero/Sequence/futou/gongji/lv/绿色斧头蓄力（移动）_0006.png,image,.png,43054,8578647d730d34c3997309a3d3bf3103c83a78262f6d91a1242a8854dfbc28ef,57df94d2fca7c7849bcf65e418160f2c
Assets/Art/Image/Hero/Sequence/futou/gongji/lv/绿色斧头蓄力（移动）_0007.png,image,.png,44259,1293741d5f4bc8815451e7311c0ed5cb435ee6824eb53750cd6a9eb0fd4c4f1d,221db8f10bf8e61458e3aa5f17b2c4c0
Assets/Art/Image/Hero/Sequence/futou/gongji/lv/绿色斧头蓄力（移动）_0008.png,image,.png,42652,c721ddfcc106e0167a87bed6d35f40dcb1c0deae00b99ee673adc8f8552d0f2d,14786e8dced2ffa4c85aaec3710cbf03
Assets/Art/Image/Hero/Sequence/futou/gongji/lv/绿色斧头蓄力（移动）_0009.png,image,.png,44119,b5fe12c24dbb5f631d26fe5b2d7942f09d1fab2251f53cc43ac957391002109e,64e312b882783f94890416f983297018
Assets/Art/Image/Hero/Sequence/futou/gongji/lv/绿色斧头蓄力（移动）_0010.png,image,.png,43149,7d53d70978a6093eb1df604e38104a8fd0b9666863367e2fba5fe449ca97e68e,d8f1149f8f724fd4e838f89473ccf280
Assets/Art/Image/Hero/Sequence/futou/gongji/lv/绿色斧头蓄力（移动）_0011.png,image,.png,43969,d8c8d55888035ddaf616c9c3afbba772082324324fecd73bab398aee9756ea30,488426a843884b246bcae11b846977d3
Assets/Art/Image/Hero/Sequence/futou/gongji/lv/绿色斧头蓄力（移动）_0012.png,image,.png,45489,3f7110f9e7aa38658b6dd46993d4cb30963f2f76465a0ea5f1c8b671c6465711,6b8c4c130e66de64281b3d0d4a0b8e86
Assets/Art/Image/Hero/Sequence/futou/gongji/lv/绿色斧头蓄力（移动）_0013.png,image,.png,67899,e3f53971b51f57125bece87a7a9167d39455fd74ba8af43d6dddd8d5c45c2d75,f35ae10e2c347e44eac84cde7c04b548
Assets/Art/Image/Hero/Sequence/futou/gongji/lv/绿色斧头蓄力（移动）_0014.png,image,.png,59493,8c3e0d1a49d99ac018b111cf0a326de31d9b39a404c6bad7888efdb84b9e67e6,efe89df10c73cf74e90f1d56414eda5e
Assets/Art/Image/Hero/Sequence/futou/gongji/lv/绿色斧头蓄力（移动）_0015.png,image,.png,52576,d63de6c5cac5618eae45539d3c355eb405c5fe8a688203b0366e7cfe6d24b4a8,96f30c217bdedda4c8025e03809b278e
Assets/Art/Image/Hero/Sequence/futou/gongji/lv/绿色斧头蓄力（移动）_0016.png,image,.png,55735,84afaca8f589120acc1305b94e5a2808d6fad3d490ebd3bd322259eed5dab3ef,1f07974a417b6194fad030fb7771e33f
Assets/Art/Image/Hero/Sequence/futou/gongji/lv/绿色斧头蓄力（移动）_0017.png,image,.png,48114,db8f2e0675ff8cafe262d4f33b44aae2015c0035d8d906957e60aec3623e74ec,2f76983770ab1874395f1ccc8659ea95
Assets/Art/Image/Hero/Sequence/futou/gongji/skill/sk_futou.anim,animation-clip,.anim,10340,d0fb66079ec600eca8d76f154488c58f1beb1475f0e16e1abf2b279a706ffd12,108de40890c46f94399a90ad6348e3f0
Assets/Art/Image/Hero/Sequence/futou/gongji/skill/sk_futou.controller,animator-controller,.controller,2023,7a363b339665e177345149e9280c5a22f29754e3ce4590702364d57eb7cbb3a2,a63be7d0f84829b43a52d1a32a54a7d5
Assets/Art/Image/Hero/Sequence/futou/gongji/zhi/gongji_futou_zhi.anim,animation-clip,.anim,4993,84cabed962262f023faa23f15a74b51d671601cef7d50d40d1bb8e6a58eee407,24ab35a5d28b0ee419ed43abedac56c4
Assets/Art/Image/Hero/Sequence/futou/gongji/zhi/xuli_do_f_zhi.anim,animation-clip,.anim,4990,75c401e6b9dccbcd8117996200b63b8335e70b8e588b9dc6952fa75fa871b434,f2ce63319c1878840832d145512c101b
Assets/Art/Image/Hero/Sequence/futou/gongji/zhi/xuli_yu_f_zhi.anim,animation-clip,.anim,4990,7ca545f4030aa4b50e56591997c506d041f469a4ea4fb47f07f80b47f655df49,151fe6410cb029c4196b75804221607d
Assets/Art/Image/Hero/Sequence/futou/gongji/zhi/xuliw_do_f_zhi.anim,animation-clip,.anim,2674,3bc58a6c640db758608d512de9bd0b2d4c56d7f0127b9b9f4b3b74bbd72c1014,996a06d9ea3abae45aaf518d6d1cfea4
Assets/Art/Image/Hero/Sequence/futou/gongji/zhi/xuliw_yu_f_zhi.anim,animation-clip,.anim,2325,e2881736d91a9b979207e20b2fee8dd8c54d616a2c7cf7dbdbdb24c4c8630e32,6ebda736d5351c944b2ca2e298d19a8c
Assets/Art/Image/Hero/Sequence/futou/gongji/zhi/紫色斧头攻击_0000.png,image,.png,39765,2f4af7f2813a31b83914e05f51fa6e785838d5a597a85226c0c4ea21bbeef4e2,31ec097f0ac8d5b499a5f1d274e491db
Assets/Art/Image/Hero/Sequence/futou/gongji/zhi/紫色斧头攻击_0001.png,image,.png,43874,ee403d9f116e0709f5803c3e77c6b393f0a47e7402a6ec618076f45f7f92847c,9216f5f99b608e148b17f0fddbacc510
Assets/Art/Image/Hero/Sequence/futou/gongji/zhi/紫色斧头攻击_0002.png,image,.png,49991,cfa46ba989f15422ad9c63ff88a8f25a127ae0f1b6ac5d79712ba45fc84358e9,bd9d6faf7772a164fa15808313b7f37e
Assets/Art/Image/Hero/Sequence/futou/gongji/zhi/紫色斧头攻击_0003.png,image,.png,64286,e9a5db93d741197cac91db81a552eee7eb144ba0203897e9bbc61058e6789c1f,78e2abb9f6c21df4e955604daa2df899
Assets/Art/Image/Hero/Sequence/futou/gongji/zhi/紫色斧头攻击_0004.png,image,.png,65273,11497ac76f2a00572a46c6f88f08f9e3a80bdde10d5168178e88dad270e927e3,9a7d472cadd3f764d9717e67a9eeecde
Assets/Art/Image/Hero/Sequence/futou/gongji/zhi/紫色斧头攻击_0005.png,image,.png,66234,8cceea8e1ee46ad68cda59998fd805354a105ab5d03f37faa24d23a5d530c13c,3a7fda44e43c0d7469c00e3f61d17991
Assets/Art/Image/Hero/Sequence/futou/gongji/zhi/紫色斧头攻击_0006.png,image,.png,86250,de5809c275ffb9b95c33462bd6a0ce7f1b04da56941838f3f2803f056a646c09,ea725e0b4efb4574aa2ebd0d91d21bc3
Assets/Art/Image/Hero/Sequence/futou/gongji/zhi/紫色斧头攻击_0007.png,image,.png,124770,cff8e38887ec52f7de432da0dd8af9bded18e2c7f55eeab30d6ba2e8410006c0,76ee61ab00eb8544b8a74ff49cf211b2
Assets/Art/Image/Hero/Sequence/futou/gongji/zhi/紫色斧头攻击_0008.png,image,.png,124501,91c04ad22e05d996c93d84c6dc6fa171e5152c23d2b88929b40695ad2327bb43,f72ca609c7268544ba4fb3c54c721114
Assets/Art/Image/Hero/Sequence/futou/gongji/zhi/紫色斧头攻击_0009.png,image,.png,126940,71e978c384df34dd48a99ee75e848a3fba14ec52383382d560896eff4813395c,7677989e16f0c0b4793d2984f716a64d
Assets/Art/Image/Hero/Sequence/futou/gongji/zhi/紫色斧头攻击_0010.png,image,.png,126940,71e978c384df34dd48a99ee75e848a3fba14ec52383382d560896eff4813395c,c43144aab06ae4045afbce949dd70509
Assets/Art/Image/Hero/Sequence/futou/gongji/zhi/紫色斧头攻击_0011.png,image,.png,110528,11aa2acd118dd40ef8c872e53e3c62555a6933982eba246605877d0642832ce0,26e99b8ac4088b4478f0413169a81446
Assets/Art/Image/Hero/Sequence/futou/gongji/zhi/紫色斧头攻击_0012.png,image,.png,110528,11aa2acd118dd40ef8c872e53e3c62555a6933982eba246605877d0642832ce0,0a41382aa0e254547bbff09187f7c1f4
Assets/Art/Image/Hero/Sequence/futou/gongji/zhi/紫色斧头攻击_0013.png,image,.png,91921,3e7cf08980fef6f63d0974050eb681e17a3d807c19b978c24fe1be180561ebe1,981c46a3ce15d9842ae47a325a82d48a
Assets/Art/Image/Hero/Sequence/futou/gongji/zhi/紫色斧头攻击_0014.png,image,.png,91921,3e7cf08980fef6f63d0974050eb681e17a3d807c19b978c24fe1be180561ebe1,c8907184e2dd56541868feb9779ded04
Assets/Art/Image/Hero/Sequence/futou/gongji/zhi/紫色斧头攻击_0015.png,image,.png,65762,dbeda345fda94c6998c3ff64f646c6117e0f5439d07168ff55baac2f15428138,ccdc59eb554d87f4bb48df5ada3a1890
Assets/Art/Image/Hero/Sequence/futou/gongji/zhi/紫色斧头攻击_0016.png,image,.png,50412,99fef61d50104172775c563fdd1ac24c5caa00bad27dc11deeb3f29068705073,91c43f1268d96cd4fbc33e76a0662205
Assets/Art/Image/Hero/Sequence/futou/gongji/zhi/紫色斧头蓄力(原地）_0004.png,image,.png,38885,fd52e2c6b11788537059599f38b14c6629d8d8ab392db7d01267a27392c8239e,b1781f6bf5158994e9cd39b6b475fc2f
Assets/Art/Image/Hero/Sequence/futou/gongji/zhi/紫色斧头蓄力完成（原地）_0000.png,image,.png,37030,5dba48c45cb898810381e36b2d7aaa2c1f01aaebccc4b7100a764e06452f7c46,f0eee939ae982cf4e83d3dd9c8a2f1a6
Assets/Art/Image/Hero/Sequence/futou/gongji/zhi/紫色斧头蓄力完成（原地）_0001.png,image,.png,35758,490cea5d2070a18c22c2e2a10049c4808f4734ea3f45dfd0f3597b726c683b9b,15e7287cd43d8ec44b17b3a97a31912c
Assets/Art/Image/Hero/Sequence/futou/gongji/zhi/紫色斧头蓄力完成（原地）_0002.png,image,.png,35991,97f736bd2f0e6281a33d18746f7157c9f303c0bc1ecbd2a83e7a2b51f9931be9,992bc2cb4c3a8d44f811f432221567a3
Assets/Art/Image/Hero/Sequence/futou/gongji/zhi/紫色斧头蓄力完成（原地）_0003.png,image,.png,36017,718cdc9321c369c3210d13ba998d0b3e371b148da638d641d5579acd435aba26,7b34a46089b017f4bbac1e3c826656cf
Assets/Art/Image/Hero/Sequence/futou/gongji/zhi/紫色斧头蓄力完成（移动）_0000.png,image,.png,39573,05ef1ab2880281824c612a70386ce534363eb6e6770955ef16577f7614337023,99f8047237c20ff41bcc8c58c927302e
Assets/Art/Image/Hero/Sequence/futou/gongji/zhi/紫色斧头蓄力完成（移动）_0001.png,image,.png,40027,d0524b3641845d24c23e374b1713225e6e38039b569230e38e1bc7e15a4a9e99,da2930bfa1f10384696b8c8ef09962cf
Assets/Art/Image/Hero/Sequence/futou/gongji/zhi/紫色斧头蓄力完成（移动）_0002.png,image,.png,39527,9be5c207e89c3e02d2d3b3dc9c9e5986e054878339f4441ca8529144ad07a48c,8ce7049d46fb9b349a691ef3c40e5103
Assets/Art/Image/Hero/Sequence/futou/gongji/zhi/紫色斧头蓄力完成（移动）_0003.png,image,.png,40288,5b4f8a426385a60fe447880b9c989902c9f88aa1304c7cd59a9259598c587444,8eb621a60c6a6f243b6c18d51bd7195b
Assets/Art/Image/Hero/Sequence/futou/gongji/zhi/紫色斧头蓄力完成（移动）_0004.png,image,.png,39552,dd29133784f7105b0cd8f5dd5a644e8e145eab881bac812fd01adc1714ed1121,cc909b7daac114248aef5a45675b6ef4
Assets/Art/Image/Hero/Sequence/futou/gongji/zhi/紫色斧头蓄力完成（移动）_0005.png,image,.png,39767,f7c9829d76045756633eba9498333c8f99ff518b24dba99fbb66c1d4ef8ecff3,04a241620b502104ab8588deb4b83f3d
Assets/Art/Image/Hero/Sequence/futou/gongji/zhi/紫色斧头蓄力（原地）_0000.png,image,.png,37784,e89815721bb0dbab2c122e971d440924dc62c232a4a08be1924612ba4abe8721,9981367f1723cd2468d774c8ae595ae5
Assets/Art/Image/Hero/Sequence/futou/gongji/zhi/紫色斧头蓄力（原地）_0001.png,image,.png,37784,e89815721bb0dbab2c122e971d440924dc62c232a4a08be1924612ba4abe8721,160b562d86a139c46b91753a864a718b
Assets/Art/Image/Hero/Sequence/futou/gongji/zhi/紫色斧头蓄力（原地）_0002.png,image,.png,39203,7c2f53f336f9d6c9c589e5037451713e6f66a52e8c1547b7dcb4c56ace602a47,f0c6fb798c17831479ef3713ad0298d6
Assets/Art/Image/Hero/Sequence/futou/gongji/zhi/紫色斧头蓄力（原地）_0003.png,image,.png,39203,7c2f53f336f9d6c9c589e5037451713e6f66a52e8c1547b7dcb4c56ace602a47,3754ad44a958f41499124004d1b5e675
Assets/Art/Image/Hero/Sequence/futou/gongji/zhi/紫色斧头蓄力（原地）_0004.png,image,.png,38885,fd52e2c6b11788537059599f38b14c6629d8d8ab392db7d01267a27392c8239e,4bb0e64815385b049ae22e1379c5683b
Assets/Art/Image/Hero/Sequence/futou/gongji/zhi/紫色斧头蓄力（原地）_0005.png,image,.png,39477,91c6b9033e4a740a52656fa1b1f31285b43d2653ff2ac9e9f9e56ee7c6850c83,ecf48e6e6ea16024da2f104bc873e789
Assets/Art/Image/Hero/Sequence/futou/gongji/zhi/紫色斧头蓄力（原地）_0006.png,image,.png,40064,d53c741ff51a114e15787b8841b51a15d240fbc0bc61bf8a221c9f5ae06005ec,cc4b62b5eef14d24386f03cad07059c2
Assets/Art/Image/Hero/Sequence/futou/gongji/zhi/紫色斧头蓄力（原地）_0007.png,image,.png,41421,720d6dcfc049c80261e58575099d7b1bb1f3dd49b8dcc614ad2b488b16798e5c,44bf0c1c51482cd4ba6020df512118ba
Assets/Art/Image/Hero/Sequence/futou/gongji/zhi/紫色斧头蓄力（原地）_0008.png,image,.png,42449,8323dd64a504da4bde8a9777e3f628a696360c099025fb56528965672c610645,a178c186fadad3042b6cad2cf6fddd43
Assets/Art/Image/Hero/Sequence/futou/gongji/zhi/紫色斧头蓄力（原地）_0009.png,image,.png,41109,c57ad3b6719c445b3de59266222b7f77acba083cd3b04ab07994a3eca1b6c165,1a22fd56eae0a8a47bd943b48a0d15de
Assets/Art/Image/Hero/Sequence/futou/gongji/zhi/紫色斧头蓄力（原地）_0010.png,image,.png,39152,9ebcf2ae13c9deee14a63dff3f6589a505b9f33bd57e7b8abdbc04b6e38d65ed,e180af445862c094cbe45876c6277786
Assets/Art/Image/Hero/Sequence/futou/gongji/zhi/紫色斧头蓄力（原地）_0011.png,image,.png,42757,34553f62b457bcf4c212c0f26da36988f622183f1e324ca69058798d5ed9eb8e,5f2f3284895421b4a9119b34eacb5491
Assets/Art/Image/Hero/Sequence/futou/gongji/zhi/紫色斧头蓄力（原地）_0012.png,image,.png,61673,817e1b75d8d61ccdfc0a97a04def4443feb1edbe71c97fad4ff3f41e5b32a68d,e9d4840d6075d6449a2660cfecad59bb
Assets/Art/Image/Hero/Sequence/futou/gongji/zhi/紫色斧头蓄力（原地）_0013.png,image,.png,79815,ef6ac19477b8d695841a01d9419952f485b763d75ad1126f4fe299044189e140,fb4a4e371834c46408c63df6628c4d92
Assets/Art/Image/Hero/Sequence/futou/gongji/zhi/紫色斧头蓄力（原地）_0014.png,image,.png,62663,a6921885fe6f91971d17a8c713b03d8ac3f2cb55b53f3ae6e9a99aef516e57d8,e9008119572d90a44a62bc7b5efba51d
Assets/Art/Image/Hero/Sequence/futou/gongji/zhi/紫色斧头蓄力（原地）_0015.png,image,.png,48824,606e7a803ae155d8544ef59fb3864dd24a1846a9692f82e48e45331b6022c7c0,5249c5d6e0eb61b4d93bc34cd49b3739
Assets/Art/Image/Hero/Sequence/futou/gongji/zhi/紫色斧头蓄力（原地）_0016.png,image,.png,41223,3c56e870ecc69a998dc9e5db659d116512eff1fe44a493fa0e25dbb4d97e36ee,eea4cb11557456848b29f7579572f2ae
Assets/Art/Image/Hero/Sequence/futou/gongji/zhi/紫色斧头蓄力（原地）_0017.png,image,.png,39027,df9bfd17aae032802b93cba0b17584b0a02a067851d2846f228fbbf69c530441,a7418ec8b2a40b045aa7445855942df7
Assets/Art/Image/Hero/Sequence/futou/gongji/zhi/紫色斧头蓄力（移动）_0000.png,image,.png,40925,414a721c1c14c04f4d8b04b1f7a5d84f40e9e73c9bf8b6f07efb4d13392fb824,6eedfdf55c8fe124ea0b7dc6d02bb101
Assets/Art/Image/Hero/Sequence/futou/gongji/zhi/紫色斧头蓄力（移动）_0001.png,image,.png,41558,bc5761633b37f72e9755994535af7ee9534dd1621a5fb23147293b4c8f35b838,75208aba006895f4d8761f2322b6c94d
Assets/Art/Image/Hero/Sequence/futou/gongji/zhi/紫色斧头蓄力（移动）_0002.png,image,.png,40976,50fdf74e715fbc60a082927bc12dea6d0c03dcd1b7f627a2196217d07b928f1f,99f182eed1c30144c85ed763d64a8280
Assets/Art/Image/Hero/Sequence/futou/gongji/zhi/紫色斧头蓄力（移动）_0003.png,image,.png,42071,40869fdc9d221bc8b84246eb496c7f862c6050690ac90a25330e3e953e0acb8e,247c52a2277a176419a4d777e5bc03ba
Assets/Art/Image/Hero/Sequence/futou/gongji/zhi/紫色斧头蓄力（移动）_0004.png,image,.png,40930,ec7f54f169b2a0273f241682fd63a815db673ceafb171f65fb07f32940631939,8de2a288dfbc4864b9b7ce404157f5e0
Assets/Art/Image/Hero/Sequence/futou/gongji/zhi/紫色斧头蓄力（移动）_0005.png,image,.png,41414,8a6229f8efaa511f8b1195e7abc685da07fc58dbd5d1f4b27fc1f2527a4e50d5,6ca1d70c201563d40a5accfbc86486b0
Assets/Art/Image/Hero/Sequence/futou/gongji/zhi/紫色斧头蓄力（移动）_0006.png,image,.png,42818,09ebf52e16eba321f119605074646bdfb40c158728bfda9cfd1a930270903d92,a4918a42d768ed04d8ff5e0b1f16fdef
Assets/Art/Image/Hero/Sequence/futou/gongji/zhi/紫色斧头蓄力（移动）_0007.png,image,.png,44031,6802bb3bfa9f3a6ddb17213cd63a09dd59c186171e8bc09ec1255ef632777db6,3b36572dc62eafa43b35a85d3742e1b2
Assets/Art/Image/Hero/Sequence/futou/gongji/zhi/紫色斧头蓄力（移动）_0008.png,image,.png,42550,81ee9341ea826199def60ddd31b19ecf0fc94a3ae37ce8efa14488a2db8c2af4,2fb5e0d44f096ec419694d66d2f4f940
Assets/Art/Image/Hero/Sequence/futou/gongji/zhi/紫色斧头蓄力（移动）_0009.png,image,.png,44097,3405df30b9d1e759d30c852f3734cf8e60bb09807736b08d36d6756c8fc31423,23eb51f7d6a4150479007b11592810c7
Assets/Art/Image/Hero/Sequence/futou/gongji/zhi/紫色斧头蓄力（移动）_0010.png,image,.png,43079,c1e13614f58e5fdeb295ab7fa694cf539b9e70d31002eb350293689ca187d31c,80da3857c819ff842975f924942be795
Assets/Art/Image/Hero/Sequence/futou/gongji/zhi/紫色斧头蓄力（移动）_0011.png,image,.png,43885,4db124d10f89e37b790371b1c5fa7df818e13d555a64eaed4f91ed30f7987fe2,1be50a42dba5b7141a6ef692417e86e0
Assets/Art/Image/Hero/Sequence/futou/gongji/zhi/紫色斧头蓄力（移动）_0012.png,image,.png,45210,ef022990dc9dd0e8cd4931f964c65a232f32ae3b684dd06cbb80e600486641d1,9ef18c649e579c94e92a6ec9707cead7
Assets/Art/Image/Hero/Sequence/futou/gongji/zhi/紫色斧头蓄力（移动）_0013.png,image,.png,68046,7cab845d8f105697ae46b5f01f6642ebe7f7cc73813343d2e0a0fccae2600863,bc7a34498b3dfe24f81b567f503c22a2
Assets/Art/Image/Hero/Sequence/futou/gongji/zhi/紫色斧头蓄力（移动）_0014.png,image,.png,59890,84fd82e58c85ec02f4eea370efc799db4086de5bcd62bc62df0c3b593bd41583,86590a35b4d48df46bbffbfc1bd2e043
Assets/Art/Image/Hero/Sequence/futou/gongji/zhi/紫色斧头蓄力（移动）_0015.png,image,.png,52518,4d9ccf044420cead64e5b211bf7e90bac24f793e9d806e8a188159efeaf409a9,806aa37c0e0839545a1bde346a7f3baf
Assets/Art/Image/Hero/Sequence/futou/gongji/zhi/紫色斧头蓄力（移动）_0016.png,image,.png,56048,174c7f9d55aa3d4a5b891d8221d8a2f8bdb44aaa46c8bf663aa8044ab999141c,217f9fa102c36ba458066e2c8d21e026
Assets/Art/Image/Hero/Sequence/futou/gongji/zhi/紫色斧头蓄力（移动）_0017.png,image,.png,48345,6fc240fed648b3464a949c7697603301f61b9b734eea4e74b8cd48357ee7b045,2620cddbf61f87f4090e6a18cc47077a
Assets/Art/Image/Hero/Sequence/futou/yidong/yidong_futou_chen.anim,animation-clip,.anim,2852,866cdf9df9d9ee22c33a7022815bc6cdf6abb7c206f6c3125218ade2c2b698e0,637f8dbf2b1c6e54882aeceb013382f3
Assets/Art/Image/Hero/Sequence/futou/yidong/yidong_futou_hong.anim,animation-clip,.anim,2852,e0af2d83ea6e845858ae83dfa88758c374510490688d829a2b3fa8364461d151,be8e7fc51f0f40b4b83e2381879ec4e6
Assets/Art/Image/Hero/Sequence/futou/yidong/yidong_futou_lv.anim,animation-clip,.anim,2850,51fb9d4dc42f8aa570510760c780dc471bbdb422fb27be6beba6a37b27c1c252,9b2fc78c3e1c83e4091b4d4f1b3c5503
Assets/Art/Image/Hero/Sequence/futou/yidong/yidong_futou_zi.anim,animation-clip,.anim,2850,b9afedbde3b0a79058b9186fcbee4389753763a92703588348b4cd41b77db121,6f2dbf6c4dad098478f9575c8b7702a8
Assets/Art/Image/Hero/Sequence/futou/yidong/橙色斧头移动_0000.png,image,.png,37999,59661a449cca3e336da2a6284610b82e254e2b64d2ebb3708152cb96f6956fa2,8677e8f3da02c1f4299595af3300441c
Assets/Art/Image/Hero/Sequence/futou/yidong/橙色斧头移动_0001.png,image,.png,37015,8f78339be6019e1ae7aff402cc47780bbb821b76dcffc78968a0f6f1c5c12b52,d7c5e0c2f89f6e94b9e60504394ed457
Assets/Art/Image/Hero/Sequence/futou/yidong/橙色斧头移动_0002.png,image,.png,37209,02dc8d611fff1ee52fc9d789c243d57359e2dab2aea5f9b9a1defb70833fcb45,207f16ea29e0b3344b2e327d55864ed6
Assets/Art/Image/Hero/Sequence/futou/yidong/橙色斧头移动_0003.png,image,.png,37127,0f1086d0506eac8f9c8e14907a488d6acf1a6a7fe41958ee76b70a6c3d49cd58,b0a6069424574164bbea5a70add9db50
Assets/Art/Image/Hero/Sequence/futou/yidong/橙色斧头移动_0004.png,image,.png,38331,184dfc6d77855a3405f111c3bb3e539af4fb6b2b441d8212f170ba3541191829,50c7fcfd1fdd89f43919e9d2bd752647
Assets/Art/Image/Hero/Sequence/futou/yidong/橙色斧头移动_0005.png,image,.png,38441,ef51fd5ee006c0261d59c11025979812a82be0603a3d352af507970fcce92439,619e460222170ad4bb33bd2dac08938b
Assets/Art/Image/Hero/Sequence/futou/yidong/紫色斧头移动_0000.png,image,.png,38069,8919e2c9ff625bc254cca2c39fec9536dae917f9353274b9cc90a61ed98014d8,fe2cd296da4b89e489ec1892133a9d7f
Assets/Art/Image/Hero/Sequence/futou/yidong/紫色斧头移动_0001.png,image,.png,37058,0bce8429d802448ef26dd7f117db5e3f51ae16830d32b7d930c7d961c260a9e9,2128a21b89c44a0438f02cf6a1cb7af0
Assets/Art/Image/Hero/Sequence/futou/yidong/紫色斧头移动_0002.png,image,.png,37269,925cd8c07112273f5e26b41c8f0c79c4daa38c61149990e80a4daf5e6104e91a,b420164a2486fb342b90e722b00a0338
Assets/Art/Image/Hero/Sequence/futou/yidong/紫色斧头移动_0003.png,image,.png,37189,84533c010d43dc4d1520bcf134f0a97c313a4eac08b0e52e2460a19630a121cf,d138c86ae31377f42af2c52022871ff7
Assets/Art/Image/Hero/Sequence/futou/yidong/紫色斧头移动_0004.png,image,.png,38410,5def25a79e800d24429ec608a32701246aa335123f91f6674ca8ebf93d8c1c8f,9ec0218046e19e844811efd1ea270706
Assets/Art/Image/Hero/Sequence/futou/yidong/紫色斧头移动_0005.png,image,.png,38505,23bc9b33693673a3ed84d4dadee3396109930615c3bc2735f702f682d91decc7,23fd0c83b7639d64cbd8174275e7bfd4
Assets/Art/Image/Hero/Sequence/futou/yidong/红色斧头移动_0000.png,image,.png,37158,92ccb8cdd3a8fb6d493327ce4e84ee14e52640c4c2c8c002c353354912e242b8,9410d63d965aaae48a3d3a6434ce366a
Assets/Art/Image/Hero/Sequence/futou/yidong/红色斧头移动_0001.png,image,.png,36242,eafc895875a8eb5d7efcab056872d913cec34fdf7d3eb161f7e2e8f62f829f54,2e0d58d35257c704880c50b95a6294ee
Assets/Art/Image/Hero/Sequence/futou/yidong/红色斧头移动_0002.png,image,.png,36356,629910b1d6e027d94915e46f1cad16736eaf84e26a18c9b71e5f0a9461491ab0,41220099b9a1c7344852fe13aafe6af8
Assets/Art/Image/Hero/Sequence/futou/yidong/红色斧头移动_0003.png,image,.png,36283,1c3ecfe4303e4a06f4236dc7f25882cffc7fff4d37ba67b1c9794e7fb5bf4289,bed86f17cc6503f4e89029fa95d8a689
Assets/Art/Image/Hero/Sequence/futou/yidong/红色斧头移动_0004.png,image,.png,37518,a5968f4b0d88051e2d28024aacd4e719e11a9be166519641ae50066f93e262cb,66eec0862b5784f4c8921eb6296e620e
Assets/Art/Image/Hero/Sequence/futou/yidong/红色斧头移动_0005.png,image,.png,37559,6c18ed8e30269481a54cc6e756048f8fcd6bd1c18e40737bb26f29a032a29a8c,00dd83d916ae6e8499db8145550aea83
Assets/Art/Image/Hero/Sequence/futou/yidong/绿色斧头移动_0000.png,image,.png,38311,2a1f3d9a8ec24d89a1fcea3b081f5d601d1e787fa62f71c8dedd971d42c94934,31a3b2e6b1cd69a4ba590a934be5cfec
Assets/Art/Image/Hero/Sequence/futou/yidong/绿色斧头移动_0001.png,image,.png,37270,46544fde8a96d03c887d83e45fa09176a1233150891e030b9ff9bcf1e9c1442b,7ce25c511ee67d14ca205a1a39acfe66
Assets/Art/Image/Hero/Sequence/futou/yidong/绿色斧头移动_0002.png,image,.png,37478,94005ae2a49581cab157d921fa35a3d80f5317284958760acf3080d169c2afcf,2924a2fd0470db74ca636839b7790079
Assets/Art/Image/Hero/Sequence/futou/yidong/绿色斧头移动_0003.png,image,.png,37413,a29c2855b0a0463377823fda3e2af27b48c9dde6dcc9641818f3e7430c03409f,3b8d53ab04eead74bb8365ee16ae2f4d
Assets/Art/Image/Hero/Sequence/futou/yidong/绿色斧头移动_0004.png,image,.png,38615,1f6b2b3c84c056df0b79b41c5b82e295607523d21868682e84ad13168f57fc84,8f4b50c0baf1b6644874e116a7483045
Assets/Art/Image/Hero/Sequence/futou/yidong/绿色斧头移动_0005.png,image,.png,38697,2445bd80690639f62fed9e2b6320643a99b1d6a08fd4c1c9b4681737e9f00681,248043a55663cf941801589ee9db8b54
Assets/Art/Image/Hero/Sequence/Gongji/Atk_nor.anim,animation-clip,.anim,3404,967fb68d725c91407c062304ddecc40f6310a53498ae01d5d48a9e4c4a010cc5,cf06a929ea766bb45ba6ccb5841f73dc
Assets/Art/Image/Hero/Sequence/Gongji/HitFx_Anim.controller,animator-controller,.controller,2038,9a452686d7aaba9b97f7a0db6446cc42939fe02818e3eac9204fdde9871f412a,a8216024fcf46464584a8f7f6c42f088
Assets/Art/Image/Hero/Sequence/Gongji/HitFX_Nor.anim,animation-clip,.anim,3282,1317cea2a0d0ad8091c4eaa692f72bcf24f6a1ec73fb5366b007936cd80e7dee,6f0f008c3a6b0974b88c2da807dfd0f6
Assets/Art/Image/Hero/Sequence/Gongji/普攻_0000.png,image,.png,18242,6325febddc6e23db2da2f105010dde35a4ba19596a9c4c2e26428edd8955ac98,4ee013c3d389ac14bb8c9f44098df8ee
Assets/Art/Image/Hero/Sequence/Gongji/普攻_0001.png,image,.png,18242,6325febddc6e23db2da2f105010dde35a4ba19596a9c4c2e26428edd8955ac98,7ddf8a55b13716d44aede8a02c98adb4
Assets/Art/Image/Hero/Sequence/Gongji/普攻_0002.png,image,.png,24982,98717109fa8d0b41f142cce726ca332e451bb6159d0e08d77a99479db05121b7,f6d5aff1a7f9cb941ba0f2f949514c23
Assets/Art/Image/Hero/Sequence/Gongji/普攻_0003.png,image,.png,24982,98717109fa8d0b41f142cce726ca332e451bb6159d0e08d77a99479db05121b7,a437b2704f94f21459386bb7e9523041
Assets/Art/Image/Hero/Sequence/Gongji/普攻_0004.png,image,.png,23695,9a6313935905a5d4b6c85b69673a31194b229396a996f463f42ddd43c64ce4f7,2b094c9b06e32a841999258972443d65
Assets/Art/Image/Hero/Sequence/Gongji/普攻_0005.png,image,.png,23695,9a6313935905a5d4b6c85b69673a31194b229396a996f463f42ddd43c64ce4f7,a585b53f9a0ad4b4fba9bc1f9703248e
Assets/Art/Image/Hero/Sequence/Gongji/普攻_0006.png,image,.png,19795,e71831a8110a4a3ff37c0ffe924d690e1134e2b3eecb470e4eac1625e46589ca,b8b55763ec3cb6a4db05821c50634c24
Assets/Art/Image/Hero/Sequence/Gongji/普攻_0007.png,image,.png,19795,e71831a8110a4a3ff37c0ffe924d690e1134e2b3eecb470e4eac1625e46589ca,a4008b5515cdbb241b26894be374b256
Assets/Art/Image/Hero/Sequence/Gongji/普攻特效_0000.png,image,.png,5272,6eae3b40473093a84ce5dc9e648aecea61cb8b73be788b2548a1055f75002e71,dc22b992da9aedc4eb3f27e184e80425
Assets/Art/Image/Hero/Sequence/Gongji/普攻特效_0001.png,image,.png,5272,6eae3b40473093a84ce5dc9e648aecea61cb8b73be788b2548a1055f75002e71,9301763fc50a8bb47959cb23a3a85904
Assets/Art/Image/Hero/Sequence/Gongji/普攻特效_0002.png,image,.png,7039,b49e3b4f5d213f843d81dfbcb7ab38d31fc52ef1bc4653f0ba94e1d7b66a4006,b4e629833fd0b6047b0bc624d1903a75
Assets/Art/Image/Hero/Sequence/Gongji/普攻特效_0003.png,image,.png,9495,4e0067076f6efe9183dd1027aed86c0f61d7b18482e9aa724ed1998078581e86,b1402a7c8dcc6d4409441998e9be04e3
Assets/Art/Image/Hero/Sequence/Gongji/普攻特效_0004.png,image,.png,8713,a3f19bbe6a14cb83c58ad02f960bedbc7d1c90e20b090980a04c699f99cd27d1,7be9c35e0a7b7ed4c8ceaeb1cfc1ac1d
Assets/Art/Image/Hero/Sequence/Gongji/普攻特效_0005.png,image,.png,7326,13dbbf56f9af62c3a811f76c2e1e50580fcb774692fbd2c3bfdb1face072bb73,4da768806426fdf44b3f4eaefe76cc1a
Assets/Art/Image/Hero/Sequence/Gongji/普攻特效_0006.png,image,.png,6311,bad90b9e8d7bf91e37b72eaa58aa84663b0d54e373f9768695811bbc3c433ad0,21bf10d9c26043d4384e17da97ae44b5
Assets/Art/Image/Hero/Sequence/Gongji/普攻特效_0007.png,image,.png,5272,6eae3b40473093a84ce5dc9e648aecea61cb8b73be788b2548a1055f75002e71,e951193dc5be3fc43a00cec3bbfb286d
Assets/Art/Image/Hero/Sequence/jiandao/daiji/daiji_jiandao_hong.anim,animation-clip,.anim,3732,da24f8e3d3b38cf147bdef4e1252332f679200069078d8dadb50d9039f653554,421ea62f30ab3d64f93b4d60e70aaaca
Assets/Art/Image/Hero/Sequence/jiandao/daiji/daiji_jiandao_lv.anim,animation-clip,.anim,3730,8f670d40cc786e898fff268f83e06206db1bc55b6aee485789b3e80c84e42c67,d0aaf5e0801176d4f93b65f95f6fd75e
Assets/Art/Image/Hero/Sequence/jiandao/daiji/daiji_jiandao_zi.anim,animation-clip,.anim,3730,fce36c2981c2f90b4a20470a1bd7da7c4d8eb41da66dcc2b7776e3f300f24963,bdc4e70c25a0cfe48aa40e227ed13bbb
Assets/Art/Image/Hero/Sequence/jiandao/daiji/紫色剪刀待机_0000.png,image,.png,30567,bcca4d42f3f8181b3c5803c3cb0ed5a18797de94484dec1bff33b2bb7d42a6bc,e8f745ca6440b1548a850d0c2b9e561a
Assets/Art/Image/Hero/Sequence/jiandao/daiji/紫色剪刀待机_0001.png,image,.png,30567,bcca4d42f3f8181b3c5803c3cb0ed5a18797de94484dec1bff33b2bb7d42a6bc,9393f4e134f39914fbe734f6bc7af0ae
Assets/Art/Image/Hero/Sequence/jiandao/daiji/紫色剪刀待机_0002.png,image,.png,31395,20dd1e95e4055a5fcca0f0f17a3dd1022ebc17ff00b00c33f029dc536778b97c,ed6813788da17ec42a61f52ff2be6ea3
Assets/Art/Image/Hero/Sequence/jiandao/daiji/紫色剪刀待机_0003.png,image,.png,31395,20dd1e95e4055a5fcca0f0f17a3dd1022ebc17ff00b00c33f029dc536778b97c,ef04267ed3d81f64db30fd076d89ab9c
Assets/Art/Image/Hero/Sequence/jiandao/daiji/紫色剪刀待机_0004.png,image,.png,30005,3ee4797394976d533ae1d54d0c7363b34fdd3500cb3f53b489070692c1e1d8fb,e58ed635848adfa499044da8c9564978
Assets/Art/Image/Hero/Sequence/jiandao/daiji/紫色剪刀待机_0005.png,image,.png,30005,3ee4797394976d533ae1d54d0c7363b34fdd3500cb3f53b489070692c1e1d8fb,1a29a09812bf57348b20499b72df5efb
Assets/Art/Image/Hero/Sequence/jiandao/daiji/紫色剪刀待机_0006.png,image,.png,27600,7350ac6d2137470f643bc26afd82ec4a0f72ef1233ac4700ef96a88bdbbca672,3e2263732167a114f9e5de11e79d0f3e
Assets/Art/Image/Hero/Sequence/jiandao/daiji/紫色剪刀待机_0007.png,image,.png,27600,7350ac6d2137470f643bc26afd82ec4a0f72ef1233ac4700ef96a88bdbbca672,37a147568f883c6488b2cf055b8b6671
Assets/Art/Image/Hero/Sequence/jiandao/daiji/紫色剪刀待机_0008.png,image,.png,27192,c44261667044b80aed88b190ce011dd64ed597b43e7e56628dd1c8382bc45dbc,b996c5ed31e093348bbad0ebef679414
Assets/Art/Image/Hero/Sequence/jiandao/daiji/紫色剪刀待机_0009.png,image,.png,27192,c44261667044b80aed88b190ce011dd64ed597b43e7e56628dd1c8382bc45dbc,c4729e2e7e6c1c7439c64be09591bf72
Assets/Art/Image/Hero/Sequence/jiandao/daiji/紫色剪刀待机_0010.png,image,.png,30573,ee7b0d82703450b1acce0381df3b2647204def3a49679daabf94e94a4e5cbec0,a5485e20faaee96469f0621d18109f30
Assets/Art/Image/Hero/Sequence/jiandao/daiji/紫色剪刀待机_0011.png,image,.png,30573,ee7b0d82703450b1acce0381df3b2647204def3a49679daabf94e94a4e5cbec0,e8c29f56a9fe0fc459ab5bc142191c12
Assets/Art/Image/Hero/Sequence/jiandao/daiji/红色剪刀待机_0000.png,image,.png,30222,a88efb13b7db557ac32480b2f87db0e90da3e9d9e82262e9c0d29e99b2410634,2e87381dbd5eb6e41aead76c5d7b6738
Assets/Art/Image/Hero/Sequence/jiandao/daiji/红色剪刀待机_0001.png,image,.png,30222,a88efb13b7db557ac32480b2f87db0e90da3e9d9e82262e9c0d29e99b2410634,79e3c1b0980dc134981d2f9a73b53f72
Assets/Art/Image/Hero/Sequence/jiandao/daiji/红色剪刀待机_0002.png,image,.png,31047,88061f5ba828018a189ed5ce73baeb5d616a46c026dd493cc9e443b0dfbc3da3,409a1b4d84e5e3144a40fac345e97963
Assets/Art/Image/Hero/Sequence/jiandao/daiji/红色剪刀待机_0003.png,image,.png,31047,88061f5ba828018a189ed5ce73baeb5d616a46c026dd493cc9e443b0dfbc3da3,3109ddd838d987c42ba1d6a6878632e3
Assets/Art/Image/Hero/Sequence/jiandao/daiji/红色剪刀待机_0004.png,image,.png,29578,91a5fa694440339a4e1b4f78b45d78daa6d91381c8df5d80cc8f7d813631ebb9,7d7d8403e23fc5244aed51036c9222a2
Assets/Art/Image/Hero/Sequence/jiandao/daiji/红色剪刀待机_0005.png,image,.png,29578,91a5fa694440339a4e1b4f78b45d78daa6d91381c8df5d80cc8f7d813631ebb9,8eb18d829764f3b4c8b397efb2bdd49b
Assets/Art/Image/Hero/Sequence/jiandao/daiji/红色剪刀待机_0006.png,image,.png,27347,ca395d1057ef3d8088b64763687ac23434cd1b37db305b287ab2d1d6243eb98c,b786678a18148bb46a861460cb9db09d
Assets/Art/Image/Hero/Sequence/jiandao/daiji/红色剪刀待机_0007.png,image,.png,27347,ca395d1057ef3d8088b64763687ac23434cd1b37db305b287ab2d1d6243eb98c,de5e27c349f72624f9b688b3c83f47d4
Assets/Art/Image/Hero/Sequence/jiandao/daiji/红色剪刀待机_0008.png,image,.png,26947,d8afcf8d01affabb83c56f10ce7aafe195c510c187e08fabfc0d17f9c3ff9681,02abca97c1086ab469afd8b6874f697a
Assets/Art/Image/Hero/Sequence/jiandao/daiji/红色剪刀待机_0009.png,image,.png,26947,d8afcf8d01affabb83c56f10ce7aafe195c510c187e08fabfc0d17f9c3ff9681,b70b27bd6062a66498b87d60493b2baf
Assets/Art/Image/Hero/Sequence/jiandao/daiji/红色剪刀待机_0010.png,image,.png,30240,12a903bcf0209eb5c1a6b2bd34f1665b051ea0427eadcf3389e78dd55c4b2c8b,654f875c7a732a2439a62428264c2208
Assets/Art/Image/Hero/Sequence/jiandao/daiji/红色剪刀待机_0011.png,image,.png,30240,12a903bcf0209eb5c1a6b2bd34f1665b051ea0427eadcf3389e78dd55c4b2c8b,5340d6beb3e69244b9ec469d40280a2c
Assets/Art/Image/Hero/Sequence/jiandao/daiji/绿色剪刀待机_0000.png,image,.png,30472,79d13e860e7be3fe58d6e7e110593aa8a1e456cb3f8547a2eb56f7aefdbc834a,4aeb30b9d975d4e478178039aa8a6325
Assets/Art/Image/Hero/Sequence/jiandao/daiji/绿色剪刀待机_0001.png,image,.png,30472,79d13e860e7be3fe58d6e7e110593aa8a1e456cb3f8547a2eb56f7aefdbc834a,c2e9de5bb1c5ab84b98f000d6939c469
Assets/Art/Image/Hero/Sequence/jiandao/daiji/绿色剪刀待机_0002.png,image,.png,31305,8bf341f38d97643e016889738add67f6e6110eacf2fa0203da4bfd4b06a96562,2afb116888a997f49822a5ca84f5c21c
Assets/Art/Image/Hero/Sequence/jiandao/daiji/绿色剪刀待机_0003.png,image,.png,31305,8bf341f38d97643e016889738add67f6e6110eacf2fa0203da4bfd4b06a96562,052a56793de1f014a9cf929f9604425b
Assets/Art/Image/Hero/Sequence/jiandao/daiji/绿色剪刀待机_0004.png,image,.png,29911,7e1301366f11975eec71f396edaa03b937d39bf4922ea1f5496e124494e692dd,ae390dbf818ce374aa194657daff3acf
Assets/Art/Image/Hero/Sequence/jiandao/daiji/绿色剪刀待机_0005.png,image,.png,29911,7e1301366f11975eec71f396edaa03b937d39bf4922ea1f5496e124494e692dd,3f8386d95fbba7f45aca8c2ceb41b106
Assets/Art/Image/Hero/Sequence/jiandao/daiji/绿色剪刀待机_0006.png,image,.png,27603,59074c4020aa02b8652793296b554acb588b8f520c66624c09009286dc694b1a,9134ba2862bb02448a1a1ca090ef5312
Assets/Art/Image/Hero/Sequence/jiandao/daiji/绿色剪刀待机_0007.png,image,.png,27603,59074c4020aa02b8652793296b554acb588b8f520c66624c09009286dc694b1a,55db3fb40188fc94ea2077ea8f6092ef
Assets/Art/Image/Hero/Sequence/jiandao/daiji/绿色剪刀待机_0008.png,image,.png,27185,aed2866a77a94149a76ef936919324ac6acdd0aa6555037fa32930dcc6cc123a,92b0f859839203240a58b9026898470f
Assets/Art/Image/Hero/Sequence/jiandao/daiji/绿色剪刀待机_0009.png,image,.png,27185,aed2866a77a94149a76ef936919324ac6acdd0aa6555037fa32930dcc6cc123a,cda053cb54b75424db71cd9011ff5932
Assets/Art/Image/Hero/Sequence/jiandao/daiji/绿色剪刀待机_0010.png,image,.png,30504,bb62c3fa23c09cb0239e3569cba6eac72d34ed2c30958a6951be4e02c97705b9,e7a22edc54e73cf4886d4c982a8bbe7e
Assets/Art/Image/Hero/Sequence/jiandao/daiji/绿色剪刀待机_0011.png,image,.png,30504,bb62c3fa23c09cb0239e3569cba6eac72d34ed2c30958a6951be4e02c97705b9,7c49d99d2285e694b9eb793a2d7a0234
Assets/Art/Image/Hero/Sequence/jiandao/gongji/gongji_jiandao_hong.anim,animation-clip,.anim,6029,637edc5a8524d0ee3889f3bbbc1b93bd8456795d6fa9b3faa6c15c96dc273d32,52d3cd10bc92ef34c83769ab58c7d7d8
Assets/Art/Image/Hero/Sequence/jiandao/gongji/gongji_jiandao_lv.anim,animation-clip,.anim,6027,8ece9b34e25b61cb3df00ec697fb6859abe4441daab9c713db1dbf39ff18468c,9f71bffbbfa552d4c952edfa3b0430bb
Assets/Art/Image/Hero/Sequence/jiandao/gongji/gongji_jiandao_zi.anim,animation-clip,.anim,6027,cff8fe7ff954e54b2eb400420390334d572eb36292244502454474265e5b03fa,2beef1938d18cda4fb6f9a2b3908f71e
Assets/Art/Image/Hero/Sequence/jiandao/gongji/Skill/HitFX_jd_ 2.controller,animator-controller,.controller,2041,589585ff3d2b4d68e71eb8a7bbe6d5862e493625853d0be6416eed0feb733ed0,70f25fadb7a86494fb21f527afe0d6f5
Assets/Art/Image/Hero/Sequence/jiandao/gongji/Skill/HitFX_jd_.controller,animator-controller,.controller,2042,8aa6827dbcfa2e1082cac99c32f7b0caf703eae28130048ce4306188f97b757e,5d117b18005b3954980add6393fe33ef
Assets/Art/Image/Hero/Sequence/jiandao/gongji/Skill/HitFX_Jiandao1.anim,animation-clip,.anim,2667,26ab9526309f8932d2e26896764689db5d5fdb765ff6d239528d68820a1b6a42,05f86b91682177d46ad27ce5c8d984e7
Assets/Art/Image/Hero/Sequence/jiandao/gongji/Skill/HitFX_Jiandao2.anim,animation-clip,.anim,2667,4854d041c85d00016a63e903cb740fa5a47385d700df6373752f034712db0cb2,841935fba8c15d343b8c541dd4abeeed
Assets/Art/Image/Hero/Sequence/jiandao/gongji/Skill/剪刀命中特效1_0000.png,image,.png,1407,400f27eade8452279c5c21cd755feabb6c2ee41b2c1b281ddb6ddc2ba5b991aa,a3cb6bca91d233143b719b86b7a33e6b
Assets/Art/Image/Hero/Sequence/jiandao/gongji/Skill/剪刀命中特效1_0001.png,image,.png,17853,80bcaca218ea31d712a80a55fe18f2819a7912d0592fd310336c4371aeb681a2,bd6ed59ecf22e904fbfe2c5b7a704deb
Assets/Art/Image/Hero/Sequence/jiandao/gongji/Skill/剪刀命中特效1_0002.png,image,.png,16079,443a0991b29deb220d501dfdd98bfb3c4b8dff14160225147318c10d8954be17,384375925178e834f9af45d2db5d365b
Assets/Art/Image/Hero/Sequence/jiandao/gongji/Skill/剪刀命中特效1_0003.png,image,.png,9904,2c5f448717503515ba255e91b9aa2f8821e47bbd671c75cfb5d57c3d122358e8,703ca70c67139d6428754bf3f7863b77
Assets/Art/Image/Hero/Sequence/jiandao/gongji/Skill/剪刀命中特效1_0004.png,image,.png,1407,400f27eade8452279c5c21cd755feabb6c2ee41b2c1b281ddb6ddc2ba5b991aa,1b0052363529b5b4c9eab71b091d18ea
Assets/Art/Image/Hero/Sequence/jiandao/gongji/Skill/剪刀命中特效2_0000.png,image,.png,4218,5c478e1097e9425696d62b85c32f2d1780593261f890c4aa59af674d05bc80d6,e37ac4059f18a704badb91ac1a4709fa
Assets/Art/Image/Hero/Sequence/jiandao/gongji/Skill/剪刀命中特效2_0001.png,image,.png,15439,b5107dc3d9255df54a1b73f8de1e19fbf5e3b8109f2d8b2cf98da3aaf865e2eb,e43e5b08fff46e64784e26cd8b3b2a26
Assets/Art/Image/Hero/Sequence/jiandao/gongji/Skill/剪刀命中特效2_0002.png,image,.png,11836,243be211148379ee684ffe68b7ba7f387b2653a2e61e4264e560d8fb1c92825c,2656e4ff9976495418c3da34157d7526
Assets/Art/Image/Hero/Sequence/jiandao/gongji/Skill/剪刀命中特效2_0003.png,image,.png,7086,9bbf62d12579afb14f065c8ab35913858c765e9a53c0bef2ab295751cd27faaa,8bc08eaa6f64cc54a969dd323964db8a
Assets/Art/Image/Hero/Sequence/jiandao/gongji/Skill/剪刀命中特效2_0004.png,image,.png,1407,400f27eade8452279c5c21cd755feabb6c2ee41b2c1b281ddb6ddc2ba5b991aa,c71f38eb6f12d0e42a84b72483298601
Assets/Art/Image/Hero/Sequence/jiandao/gongji/紫色剪刀攻击_0000.png,image,.png,28576,be3ef8043d30077cf6d357d6cfe77e7ca2b016fed62d3f136da1dedfd9cbcb56,d5a0e24f264f95c43bec9fbe5aa66b16
Assets/Art/Image/Hero/Sequence/jiandao/gongji/紫色剪刀攻击_0001.png,image,.png,37190,5f0380ed1bad0d0e1b522585967b138262432bcfb02c85bf34203409e630477a,578b3e5907a6eb74e91d38c5dee3de04
Assets/Art/Image/Hero/Sequence/jiandao/gongji/紫色剪刀攻击_0002.png,image,.png,70669,bfb382705889ee9bdd3f428d100d2cdadfa9d3c78b17e3aa092159b9a8da5a46,20302dc1f61e8534781fc119d588e3d7
Assets/Art/Image/Hero/Sequence/jiandao/gongji/紫色剪刀攻击_0003.png,image,.png,42190,ff8a64fa17234fef2a16056a604524da92d098e3b38e7254ed8c1bab0aee35f8,ecf0aa61c4ff6ca45905c997ce477b96
Assets/Art/Image/Hero/Sequence/jiandao/gongji/紫色剪刀攻击_0004.png,image,.png,27529,8ec96d6ec807fa152c663f9df5165c45f44bea7a76e32c1873c412fbd9b4357f,c9bc74422d70db045a953e7ea66d6d21
Assets/Art/Image/Hero/Sequence/jiandao/gongji/紫色剪刀攻击_0005.png,image,.png,27529,8ec96d6ec807fa152c663f9df5165c45f44bea7a76e32c1873c412fbd9b4357f,1f867cf5c3ab98e41b10cd34ef829c03
Assets/Art/Image/Hero/Sequence/jiandao/gongji/紫色剪刀攻击_0006.png,image,.png,24888,e3a9cf893d7910c7b26ac695f4bb2bdbe8927644a4aa6af8c7eeaceed3a7c2ba,97147c089b934e04bbb9b0b5a3279b0d
Assets/Art/Image/Hero/Sequence/jiandao/gongji/紫色剪刀攻击_0007.png,image,.png,24888,e3a9cf893d7910c7b26ac695f4bb2bdbe8927644a4aa6af8c7eeaceed3a7c2ba,3c27be246406d714bb0811dd82c1378d
Assets/Art/Image/Hero/Sequence/jiandao/gongji/紫色剪刀攻击_0008.png,image,.png,25531,044519109db7f1969388b70aa239be2611096442fd42cb2a3f0adc651147ae6d,75d00ba5f2432c646b1fd810e939ea2c
Assets/Art/Image/Hero/Sequence/jiandao/gongji/紫色剪刀攻击_0009.png,image,.png,25531,044519109db7f1969388b70aa239be2611096442fd42cb2a3f0adc651147ae6d,9f7b67b33f0cb9f47a050e8c074236a7
Assets/Art/Image/Hero/Sequence/jiandao/gongji/紫色剪刀攻击_0010.png,image,.png,27705,6e0963e12d7497cdbda5c9c336a976fc6fd37dc9a7f5d05acc3d4ca34c0d54f5,43e0c52959ebaca4a815f614b2a46498
Assets/Art/Image/Hero/Sequence/jiandao/gongji/紫色剪刀攻击_0011.png,image,.png,37603,d684d3973d4d85c501cc47dccd9df109850d6972bb9dc18f915676b0fc68ffdf,c765f188f20ebeb4db723243b75cf076
Assets/Art/Image/Hero/Sequence/jiandao/gongji/紫色剪刀攻击_0012.png,image,.png,61728,e17772f01e4303c5c478d1ccd5ba1f1eb3867de15db3b78ee712aacfcf0fac99,f420811d4d5ed5b419e6175ce51a8e6a
Assets/Art/Image/Hero/Sequence/jiandao/gongji/紫色剪刀攻击_0013.png,image,.png,41139,d55bc537179da1296bb1cb4616968655ebbe7671d91761266c72e3d34bc8eb60,11b254cce9ca0324882eeab251e8f257
Assets/Art/Image/Hero/Sequence/jiandao/gongji/紫色剪刀攻击_0014.png,image,.png,26637,434da996f019596cf22e6ebd17f4bc96e826e345d2ab0bb151b5e6b7844fed1d,5bc2d8bd38ac6dd45ba409c3dedd6909
Assets/Art/Image/Hero/Sequence/jiandao/gongji/紫色剪刀攻击_0015.png,image,.png,26637,434da996f019596cf22e6ebd17f4bc96e826e345d2ab0bb151b5e6b7844fed1d,03980cd7735f2134c8ad1a5b44c5ea32
Assets/Art/Image/Hero/Sequence/jiandao/gongji/紫色剪刀攻击_0016.png,image,.png,27040,c1cfd05fbc349b0cc5abc097dcca69ff122e57b74cd24efd9928e0194aeeb4cf,4d32b83bd3d8979469df6578f4d8d942
Assets/Art/Image/Hero/Sequence/jiandao/gongji/紫色剪刀攻击_0017.png,image,.png,27040,c1cfd05fbc349b0cc5abc097dcca69ff122e57b74cd24efd9928e0194aeeb4cf,fe7004349e343ba40b00f36213515163
Assets/Art/Image/Hero/Sequence/jiandao/gongji/紫色剪刀攻击_0018.png,image,.png,28875,730c5df8f4820251402af2afc82c6e729f4d557ebfc093f8f062a86719c0a269,30bd7f3185f776544b999bd1056fc4f2
Assets/Art/Image/Hero/Sequence/jiandao/gongji/紫色剪刀攻击_0019.png,image,.png,28875,730c5df8f4820251402af2afc82c6e729f4d557ebfc093f8f062a86719c0a269,e08afe8aa53125d4bba7b70c96c0c1f9
Assets/Art/Image/Hero/Sequence/jiandao/gongji/紫色剪刀攻击_0020.png,image,.png,29326,60a5a18ca2a12d2994089fd62850550828b71ccd206dc3d9fc465dee17547bd5,6bcc40482d5a6324683d634a014978af
Assets/Art/Image/Hero/Sequence/jiandao/gongji/紫色剪刀攻击_0021.png,image,.png,29326,60a5a18ca2a12d2994089fd62850550828b71ccd206dc3d9fc465dee17547bd5,ef61bb046c8ba114b9bc6fa4788ad435
Assets/Art/Image/Hero/Sequence/jiandao/gongji/红色剪刀攻击_0000.png,image,.png,28320,321da5fa617407682e3bfafa8d0c474cc950d0a337f8c962c5b2d9c90ef60492,068d571d46866f74fb2a559303b1cb6d
Assets/Art/Image/Hero/Sequence/jiandao/gongji/红色剪刀攻击_0001.png,image,.png,36945,f9540cb2152d08e2ddb3d11b8ef27a11f8fefac2020861daedcaa17d29413539,f4d841f80402f3e43bd5fec097dae8a8
Assets/Art/Image/Hero/Sequence/jiandao/gongji/红色剪刀攻击_0002.png,image,.png,71022,ea909b4a753080f0929c299a2e88511d3e5a6b26472e40b7c52655783fac593a,296c582aefe02d94ab3a326abf335fac
Assets/Art/Image/Hero/Sequence/jiandao/gongji/红色剪刀攻击_0003.png,image,.png,42148,2089eb1c4dad0da00a9af14c98353446ce041e7d7a2f38dc71ce9a77418bd733,8e0e8ccb257b49b41b8413df07f3442d
Assets/Art/Image/Hero/Sequence/jiandao/gongji/红色剪刀攻击_0004.png,image,.png,27377,09ea1246a057b2c341f5fbe8234b947c86aa0dc9cac0bd9245ee86c0186b1fec,9b45e9cc1dde3284d9bc365bb4b3edb4
Assets/Art/Image/Hero/Sequence/jiandao/gongji/红色剪刀攻击_0005.png,image,.png,27377,09ea1246a057b2c341f5fbe8234b947c86aa0dc9cac0bd9245ee86c0186b1fec,40d33339e576bc244835d3feaf667677
Assets/Art/Image/Hero/Sequence/jiandao/gongji/红色剪刀攻击_0006.png,image,.png,24812,30dc5e18bab2915f7516c5303c76724eea529e757fc9b960f9a02dda814863a1,6db620af97e73ee4d8d2b78282579885
Assets/Art/Image/Hero/Sequence/jiandao/gongji/红色剪刀攻击_0007.png,image,.png,24812,30dc5e18bab2915f7516c5303c76724eea529e757fc9b960f9a02dda814863a1,64e85cbbd5be40e42bb23d9c9d572345
Assets/Art/Image/Hero/Sequence/jiandao/gongji/红色剪刀攻击_0008.png,image,.png,25408,e94e1ed364ad607f8af9cdc1c503e4cf9f49eb852ea0096f13cb42328eca9e7e,eb13f48a2bbe2974a823053d403fbca6
Assets/Art/Image/Hero/Sequence/jiandao/gongji/红色剪刀攻击_0009.png,image,.png,25408,e94e1ed364ad607f8af9cdc1c503e4cf9f49eb852ea0096f13cb42328eca9e7e,d712e8eb9c64987429483b19fea27fe5
Assets/Art/Image/Hero/Sequence/jiandao/gongji/红色剪刀攻击_0010.png,image,.png,27524,16a293ee626d5e278b5473226339b9d8fe6979f2aee964e3cf5c75171cffb464,840381323edf98a4b9c8d03fcb0362dc
Assets/Art/Image/Hero/Sequence/jiandao/gongji/红色剪刀攻击_0011.png,image,.png,37422,80bc4ab3f330e5f362c0b1f58b7681abc679dd71e6ed2967023ca691f7328edc,d67269b7bdb3e794ba13fbb843208976
Assets/Art/Image/Hero/Sequence/jiandao/gongji/红色剪刀攻击_0012.png,image,.png,61956,63534dbb040b292cb84e8454ed29e4f2ba40cae349eedee4b581fd5e9722386f,2b056793cec9ebd499ad001ccdbdcb6c
Assets/Art/Image/Hero/Sequence/jiandao/gongji/红色剪刀攻击_0013.png,image,.png,41111,0fe59deb3b0fd4616006437744ae8adadcec5003f56026092e3d7ed2c7da922b,54b5111fbe188fb4e9461a10ed5bfc57
Assets/Art/Image/Hero/Sequence/jiandao/gongji/红色剪刀攻击_0014.png,image,.png,26475,c7f6ad110bd2e5fcf8971def5a9e749fb88818120bd9f414f3baaf3bbcef5038,1557ca20ff712fe4497dcdf7d365286f
Assets/Art/Image/Hero/Sequence/jiandao/gongji/红色剪刀攻击_0015.png,image,.png,26475,c7f6ad110bd2e5fcf8971def5a9e749fb88818120bd9f414f3baaf3bbcef5038,3c378d09c7d4edc4eb610c5a56194415
Assets/Art/Image/Hero/Sequence/jiandao/gongji/红色剪刀攻击_0016.png,image,.png,26835,e169212127824a6c5ee5a595669978201e952364c1512df50e12b480fcf4d2bb,3a18b0013ebcd0b46a8a61d1f3f6d70c
Assets/Art/Image/Hero/Sequence/jiandao/gongji/红色剪刀攻击_0017.png,image,.png,26835,e169212127824a6c5ee5a595669978201e952364c1512df50e12b480fcf4d2bb,db7bb9ab03e92454aa5d2fe78b78e810
Assets/Art/Image/Hero/Sequence/jiandao/gongji/红色剪刀攻击_0018.png,image,.png,28603,509de645610404eedeebfe9d7485a21b92fa3e1135257658317816b806179536,078375279bfa7be45bd8c16d466d593b
Assets/Art/Image/Hero/Sequence/jiandao/gongji/红色剪刀攻击_0019.png,image,.png,28603,509de645610404eedeebfe9d7485a21b92fa3e1135257658317816b806179536,d7f175cc6e40d794696608312dbf6604
Assets/Art/Image/Hero/Sequence/jiandao/gongji/红色剪刀攻击_0020.png,image,.png,29050,18b86cb40a4a2703b2f874dcd48486b5429dd52ab6cab1254b3c4887103d8b30,927db3b0e0f28a940a6c3b2761c6d13c
Assets/Art/Image/Hero/Sequence/jiandao/gongji/红色剪刀攻击_0021.png,image,.png,29050,18b86cb40a4a2703b2f874dcd48486b5429dd52ab6cab1254b3c4887103d8b30,95c9c385fd0ea9345a0cecaf36b5d140
Assets/Art/Image/Hero/Sequence/jiandao/gongji/绿色剪刀攻击_0000.png,image,.png,28547,f1a4a7eac48a16dc0a7a61d19ce77ad1c372d3135af5dac23539d031b79c24c7,9f65120d8390da84f88f72803467b3d2
Assets/Art/Image/Hero/Sequence/jiandao/gongji/绿色剪刀攻击_0001.png,image,.png,37004,6da32e76848e8b4b7bdd402a996074e5dda8004f3d518722ecbaea971f077f7a,ac080d8dd417b584d98a97641be4405a
Assets/Art/Image/Hero/Sequence/jiandao/gongji/绿色剪刀攻击_0002.png,image,.png,71107,8d93fd0587bfb31c8a16be10c53ee28051cb5cff7fc0cf5fe08b6a26b003fd56,98805719a148f534993210a79d142ece
Assets/Art/Image/Hero/Sequence/jiandao/gongji/绿色剪刀攻击_0003.png,image,.png,41912,386e05697de08c62043ba6d7a679898e06c0213f173f7c7d204dc1dc6add53a0,b2ad34dd15c7c834ba907a0696f000d0
Assets/Art/Image/Hero/Sequence/jiandao/gongji/绿色剪刀攻击_0004.png,image,.png,27492,8afe37cfb9d2802f687be69fa3077d9b2d84da95dc0d54eefb0d260cc5859592,917bbca22db3f684c8a6b9e20d381073
Assets/Art/Image/Hero/Sequence/jiandao/gongji/绿色剪刀攻击_0005.png,image,.png,27492,8afe37cfb9d2802f687be69fa3077d9b2d84da95dc0d54eefb0d260cc5859592,2c23c190f99da2142b677951e12743f0
Assets/Art/Image/Hero/Sequence/jiandao/gongji/绿色剪刀攻击_0006.png,image,.png,24852,9557e216f5de2d1fc5900be08759be1dcb9665cd376dd7be76a0d924b4cf4e93,416fb2c6e30e4054eb688a09251a0c76
Assets/Art/Image/Hero/Sequence/jiandao/gongji/绿色剪刀攻击_0007.png,image,.png,24852,9557e216f5de2d1fc5900be08759be1dcb9665cd376dd7be76a0d924b4cf4e93,4ef8d0b7463baf8458a2fe19e6276d6d
Assets/Art/Image/Hero/Sequence/jiandao/gongji/绿色剪刀攻击_0008.png,image,.png,25485,e16d29d6ad971cc15922f8a8a560e7c897425bdee76db27d873b7c2118cbed50,53d46e7b6021f32448f24c1da8ae1ae9
Assets/Art/Image/Hero/Sequence/jiandao/gongji/绿色剪刀攻击_0009.png,image,.png,25485,e16d29d6ad971cc15922f8a8a560e7c897425bdee76db27d873b7c2118cbed50,04f4424e8c074ef4c8e0888088b7f62a
Assets/Art/Image/Hero/Sequence/jiandao/gongji/绿色剪刀攻击_0010.png,image,.png,27645,eb69680184d2f329524e3ae924ea0b5755ae349c3836cb36c967145f61ad5a9a,e1f83cb4f96843b4fac5f8833a6c6e4e
Assets/Art/Image/Hero/Sequence/jiandao/gongji/绿色剪刀攻击_0011.png,image,.png,37568,c2d5b0da9d025d5892661585ff05ee4d1894856b6736311e2db1f4866c670fbd,dd196d097a6158441a13b3b05a2bb9cb
Assets/Art/Image/Hero/Sequence/jiandao/gongji/绿色剪刀攻击_0012.png,image,.png,61259,ef198816ba08bd14c5fa310dcba24c65e1e6f1e5285082cb0ffc2fd43f36c7b5,ff95f6fbbb04108479ef86c4c5dbb1ea
Assets/Art/Image/Hero/Sequence/jiandao/gongji/绿色剪刀攻击_0013.png,image,.png,40790,05edaaafcf7c3da1b165f00f2fc65fedce63ff3e219b5c00619423c766bc234e,92b44f62496ebcc4fa25f784c44b91f0
Assets/Art/Image/Hero/Sequence/jiandao/gongji/绿色剪刀攻击_0014.png,image,.png,26611,888732b81da6db57ddec15f70251ec054937d6fe1cff905b667bb1e407aaee4e,501c0bc9a379ebb458013d02e7625126
Assets/Art/Image/Hero/Sequence/jiandao/gongji/绿色剪刀攻击_0015.png,image,.png,26611,888732b81da6db57ddec15f70251ec054937d6fe1cff905b667bb1e407aaee4e,f1c8eeab35b9fd8458f8991906238f5a
Assets/Art/Image/Hero/Sequence/jiandao/gongji/绿色剪刀攻击_0016.png,image,.png,27003,9e54ddaab266797f6a41f0a27db6c491877baffa4881746faf7d282e726aac22,c60ef29950796004db08a853732e9630
Assets/Art/Image/Hero/Sequence/jiandao/gongji/绿色剪刀攻击_0017.png,image,.png,27003,9e54ddaab266797f6a41f0a27db6c491877baffa4881746faf7d282e726aac22,7d4aec25e703a5640b224b3e4dec74ab
Assets/Art/Image/Hero/Sequence/jiandao/gongji/绿色剪刀攻击_0018.png,image,.png,28820,9760f9d3ff3681438b074c43c5f7ad7fe4648505f088499e2c47e1b232cd63b4,cfc86953f6b73c84088c367acb30492a
Assets/Art/Image/Hero/Sequence/jiandao/gongji/绿色剪刀攻击_0019.png,image,.png,28820,9760f9d3ff3681438b074c43c5f7ad7fe4648505f088499e2c47e1b232cd63b4,9fd193d0ec75217408ea5a1e14648d73
Assets/Art/Image/Hero/Sequence/jiandao/gongji/绿色剪刀攻击_0020.png,image,.png,29264,30e9f33a70f110459300522893055832cd5ece5fde05c88fd74e5f74c30a19ae,d49c2ffe1fc81ad4ebf3fccf7965602a
Assets/Art/Image/Hero/Sequence/jiandao/gongji/绿色剪刀攻击_0021.png,image,.png,29264,30e9f33a70f110459300522893055832cd5ece5fde05c88fd74e5f74c30a19ae,f47ce785bdd79f744a69e9a220fee88b
Assets/Art/Image/Hero/Sequence/jiandao/yidong/yidong_jiandao_hong.anim,animation-clip,.anim,2854,ef9daffb283d3dc924402bcdb8da072ac7a774a7d79e13098e42a7e6909fc9a6,be8a1006eb68d6344a23bbf21f3d1daf
Assets/Art/Image/Hero/Sequence/jiandao/yidong/yidong_jiandao_lv.anim,animation-clip,.anim,2852,efad9083884ee5ed353f711796b1035829ca31c714148c7a01ad030219056a4f,97f1f5a7ad26429458cfb1acc6d678cc
Assets/Art/Image/Hero/Sequence/jiandao/yidong/yidong_jiandao_zi.anim,animation-clip,.anim,2852,bf6adfc31195c80fd3fc494eb2ad1f77e0ffd0e2f638e17031bc8a3b9bdf1e1d,4a50f1c6f9c17654f9da652aada3a409
Assets/Art/Image/Hero/Sequence/jiandao/yidong/紫色剪刀移动_0000.png,image,.png,30522,31fcc7d84f49df43f69d5f7d31957a5040763a3360756d05024f855a0494add6,d013e8e7d10f7654faf9c1e3d9f9c44f
Assets/Art/Image/Hero/Sequence/jiandao/yidong/紫色剪刀移动_0001.png,image,.png,29683,e4bcd0e776f96c49d87e7351ab6617c67e112a43a02833ef425e7264f81ab2eb,450819de4d4b0de46af3396e45502945
Assets/Art/Image/Hero/Sequence/jiandao/yidong/紫色剪刀移动_0002.png,image,.png,29318,21c730b27ae19bc38dc579447e1445a119cd3ac09efda3a07fbf6675b9444c5d,7854af490785f3146b74ace889f3eb6d
Assets/Art/Image/Hero/Sequence/jiandao/yidong/紫色剪刀移动_0003.png,image,.png,30035,060343553dfde1c4731e90a4d739ba4099ec16bef4951f485030d9acb8c1d10d,678331d31bf5c9c4d9fdd2c50cc5f344
Assets/Art/Image/Hero/Sequence/jiandao/yidong/紫色剪刀移动_0004.png,image,.png,30108,c8ebfbdb53a2a8ac439ef158c4834639237024e3b0dfee7e041d0df9f1fbf79e,9b90c445d49d26949a2a77470bf97df8
Assets/Art/Image/Hero/Sequence/jiandao/yidong/紫色剪刀移动_0005.png,image,.png,30524,ad3f867d37bca61fd9e3297f9304da51fd2573512e7c49bdd11e1b81640176aa,569e6e6b3d348c045b62fd95fd6786f2
Assets/Art/Image/Hero/Sequence/jiandao/yidong/红色剪刀移动_0000.png,image,.png,30221,de248a7307b527e07887a82825a5a3c08f7c551eb75c71cb7c60002ea918b153,1df093dc1c6893d45b1549697705fddf
Assets/Art/Image/Hero/Sequence/jiandao/yidong/红色剪刀移动_0001.png,image,.png,29407,4302b3b5d2a517c9a39190e62efbe823adb93e7e48291d312b693bc60c658ccb,3e5d1e267fa73a04fb7a2aab34e089b1
Assets/Art/Image/Hero/Sequence/jiandao/yidong/红色剪刀移动_0002.png,image,.png,29078,63f9cdeb19a668ea95a946995777847f87eea6a87d5cb9660dd144649f5d2592,7f8d5b251ac1265479350094e516c03b
Assets/Art/Image/Hero/Sequence/jiandao/yidong/红色剪刀移动_0003.png,image,.png,29742,7827670dfc2a85fa6c129b319b00d91600812e9211f40ecce58dbb7f5d53e46f,7d3026cfc5eebff42a51f540ba9039dc
Assets/Art/Image/Hero/Sequence/jiandao/yidong/红色剪刀移动_0004.png,image,.png,29809,9fad2e0244825d0a26374a8f11ca7186218265b33523c0fb095db454de711690,28c97840991ea2440919000c18fd4ec9
Assets/Art/Image/Hero/Sequence/jiandao/yidong/红色剪刀移动_0005.png,image,.png,30198,ff58a6a9b894cd0ae887cf51f6fc8387ba8c79a901317f4b0240586581125038,e4d9a8252a0191b46ae997da33697ab8
Assets/Art/Image/Hero/Sequence/jiandao/yidong/绿色剪刀移动_0000.png,image,.png,30625,130ad31a8721dfd69f22cf4c51e1d6d719f9741df3415eab74b289a1d91bfbb7,06d7af0080c0954409ba507318ea3381
Assets/Art/Image/Hero/Sequence/jiandao/yidong/绿色剪刀移动_0001.png,image,.png,29768,41c265d03379233966e454510cdc836aa40f02dbec3dfa7974ae72816fd32f24,19d19408c17df7947b4a0e642d57ac30
Assets/Art/Image/Hero/Sequence/jiandao/yidong/绿色剪刀移动_0002.png,image,.png,29383,ce23cbcd98c9c02f32ee2a0625fd0b2868e246648544860ba1b04f6245a5566f,ccd5e664f2478134c918d98f96bd96c4
Assets/Art/Image/Hero/Sequence/jiandao/yidong/绿色剪刀移动_0003.png,image,.png,30106,3b6386efc5f4783337c1822e9e0486915be2b1d6efc5a4b71044c750e6825028,9de8085bafdc6c74b94e1be24ee7a42b
Assets/Art/Image/Hero/Sequence/jiandao/yidong/绿色剪刀移动_0004.png,image,.png,30204,110a64ac281dd7e3e22dae9c9f6d6a54c0d4cf0eff54fa33d9695a8fdc4f56f2,dc7927d4b444812408b5716f9b795d77
Assets/Art/Image/Hero/Sequence/jiandao/yidong/绿色剪刀移动_0005.png,image,.png,30611,3c599cc46d5bdfd6ada571a4db9a80fc8755308a8594133d9c3b3dea5f56688a,3167332b34901d54385b121002f3392c
Assets/Art/Image/Hero/Sequence/Shouji/hit_sc.anim,animation-clip,.anim,2968,214b48567a3f5971f44c52abc1e22796976e2bed39b40cbd061234a66c962ab0,48d2c53e1e9fa89439ecc4fd79c53979
Assets/Art/Image/Hero/Sequence/Shouji/hit_sccc.controller,animator-controller,.controller,2788,34dbb00a9dfb5670f07eb5caa52f9622e9b46c93ef55a22a110426e997a6d7c7,914e060ed78fbca4ca95850b6ca093fd
Assets/Art/Image/Hero/Sequence/Shouji/shouji.anim,animation-clip,.anim,5292,db2b06f4c7295da636109be30b95b3b22afe1ce66ce00154eaf160603e265d03,66144e5063a1872419060ddf9f9bf928
Assets/Art/Image/Hero/Sequence/Shouji/受击动画_0000.png,image,.png,75195,7df492907299e98d097e0df4c99ae99a31a17353b1bdb72bbb126d4c2b1eb525,e1988db6883db064a91020cd856261bc
Assets/Art/Image/Hero/Sequence/Shouji/受击动画_0001.png,image,.png,68220,96043e31f09e5c704a79a06f4c7113b58245298a29af2938525965af785858b2,30119126297971b48bb5c5b8d0c61672
Assets/Art/Image/Hero/Sequence/Shouji/受击动画_0002.png,image,.png,55329,cd46928db35db9a553531ace9c89abb82fa90adf8ddf83bb84dcfab11720706a,d7c6af26c6fed674392339cdd17ea45f
Assets/Art/Image/Hero/Sequence/Shouji/受击动画_0003.png,image,.png,44758,18bd16a3a13f1d900cc5550306caebbd1ff7438b90a1e979fa24deb625d3c374,846b7f1d15a41b242b6a9ad90c897bb3
Assets/Art/Image/Hero/Sequence/Shouji/受击动画_0004.png,image,.png,32969,fa42f1548bab0f62ca9cca6c864f207a0c84f100aca3f32604a7100ad2758be1,7988c87d84ec186468b02ca193ef8663
Assets/Art/Image/Hero/Sequence/Shouji/受击动画_0005.png,image,.png,22531,0dda3628edae8c26bd973ac51c6a9ea5350d503483d34415b07489c02ac62437,154dec5b3cbb76e47854b5ef1117b15b
Assets/Art/Image/Hero/Sequence/Shouji/受击动画_0006.png,image,.png,19628,57972099ce3effbe826e175df6f789618e630454069fa3b354254b24bc82fe09,eab7b899216c72b4695abb5351f538c5
Assets/Art/Image/Hero/Sequence/Shouji/受击动画_0007.png,image,.png,18634,58f9f077a12a3511d5f3c1e50b833dce8ad7453de223e0f885ec297f5ce72ae1,1f219e259eb8ccf45b1b638630ba7ce5
Assets/Art/Image/Hero/Sequence/Shouji/受击动画_0008.png,image,.png,17610,79c9bcca5b09ab63c517bcbc03c37e8b12010a3fe9647276c0d4c2bd02675bb2,306ff7a43ed201c4ca89936b14f7e845
Assets/Art/Image/Hero/Sequence/Shouji/受击时震动_0000.png,image,.png,62274,3fcf43e06438c858f06572e998c2e6e635f575c78db5e2b70016c31b38e2f43b,dfcf71a5fd0d7a042b638abfdbd8c5da
Assets/Art/Image/Hero/Sequence/Shouji/受击时震动_0001.png,image,.png,62252,15df34ffee221e67e2a531c0279ef137938129bf430eb53a8240e5e9f9e0ac32,79ae51b68723e3c41bc5368f008b8f03
Assets/Art/Image/Hero/Sequence/Shouji/受击时震动_0002.png,image,.png,62252,15df34ffee221e67e2a531c0279ef137938129bf430eb53a8240e5e9f9e0ac32,3e350332325e90b4d8e09879b9c57476
Assets/Art/Image/Hero/Sequence/Shouji/受击时震动_0003.png,image,.png,62252,15df34ffee221e67e2a531c0279ef137938129bf430eb53a8240e5e9f9e0ac32,bbbc9e19450377746ab8feed94db537e
Assets/Art/Image/Hero/Sequence/Shouji/受击时震动_0004.png,image,.png,62252,15df34ffee221e67e2a531c0279ef137938129bf430eb53a8240e5e9f9e0ac32,c2cb3b5d804aaed4da0b5c2df647eb84
Assets/Art/Image/Hero/Sequence/Shouji/受击时震动_0005.png,image,.png,62252,15df34ffee221e67e2a531c0279ef137938129bf430eb53a8240e5e9f9e0ac32,ba5e49d9033c71f469a1293275a36e5b
Assets/Art/Image/Hero/Sequence/Shouji/受击时震动_0006.png,image,.png,62252,15df34ffee221e67e2a531c0279ef137938129bf430eb53a8240e5e9f9e0ac32,d0fb37e2ea75c1e4b907b34ab6954873
Assets/Art/Image/Hero/Sequence/Shouji/受击时震动_0007.png,image,.png,62252,15df34ffee221e67e2a531c0279ef137938129bf430eb53a8240e5e9f9e0ac32,2939e6e5e0290304bbf5b8d83ba93081
Assets/Art/Image/Hero/Sequence/Shouji/受击曝光_0000.png,image,.png,10567,71ac9ae4c6b7d382595326adeef42f21dbd5e99aefd19a498863abfbc9c27bd4,8a479d9dbfe67974eb1f5aa1eace51a2
Assets/Art/Image/Hero/Sequence/Shouji/受击曝光_0001.png,image,.png,10567,a944daee65d6637ab5d06f2fda3672b14c3e15b466ef45b64dcb2be92653b2b9,bb5dae0ef0c3a7746bc5c7e7e56eee60
Assets/Art/Image/Hero/Sequence/Shouji/受击曝光_0002.png,image,.png,10567,f94963caa65081fae315bdbabd124cfed4195fa96694420d0b848a21e8881386,fbca2b2f8fcae9545b24529437774cec
Assets/Art/Image/Hero/Sequence/Shouji/受击曝光_0003.png,image,.png,10567,5fed5d0a91d31e365914c054063201f74e019ca44b4a46dcf1f569fb292e53b1,b69f0e4fb377cff4ab633c735cdab140
Assets/Art/Image/Hero/Sequence/Shouji/受击曝光_0004.png,image,.png,10567,942b29c4dad817c395194bba48d2daa01239099af2307f6aa3db1ae5a6b54058,a16144d2d9e6f8b4c9f2223056c4639f
Assets/Art/Image/Hero/Sequence/Shouji/受击曝光_0005.png,image,.png,10567,9975f8ecfdf213c740d13de502320c748c203e3364ccd66e3ab2912a0a5ff287,52b3b0e8877586745a80265bc8b04eda
Assets/Art/Image/Hero/Sequence/Shouji/受击曝光_0006.png,image,.png,10565,32260ed21cbcfafa5b0056ecab214736dcfe3983d90a68b5f84e1d9eeaa4ffdc,c612265eeefcdcc44b94b1c5f2b79dd3
Assets/Art/Image/Hero/Sequence/Siwang/death.anim,animation-clip,.anim,10073,0ba3cdb03b52e367bced610dcd9d40922a994a0f8c17d48bdeaaad7b3d60b7cb,1db455ae2cec71a46a8edb3d3cd900db
Assets/Art/Image/Hero/Sequence/Siwang/sc/death_sc.anim,animation-clip,.anim,11411,44c2347051d937a398d77da9d09bde465141007207227186f07d60a5224eb257,ee7c07b930aaea443aef795b90f8ebdf
Assets/Art/Image/Hero/Sequence/Siwang/sc/death_sc.controller,animator-controller,.controller,2028,fd37aef8c8c9fd8d55d8204fc8a46baee58cc707dd078dcb2a795cb20de41e0c,b531a928c4f37c344839fc017f2f9291
Assets/Art/Image/Hero/Sequence/Siwang/sc/死亡动画背景_0000.png,image,.png,62909,0124b8389e00319117e66b2e23f1267819bdc7d1f8e179faefe4295fff47bb1c,3db8cbc3dad27f1439295805fe568406
Assets/Art/Image/Hero/Sequence/Siwang/sc/死亡动画背景_0001.png,image,.png,62911,56221073f37597151c48a3e8fcb41e18f73137ed96b551ebaa7f25c6ad2e440d,4d90d06d5c03ca048828297435bb353f
Assets/Art/Image/Hero/Sequence/Siwang/sc/死亡动画背景_0002.png,image,.png,62911,3a703329dd50918d6ed0ade4efa443d58808a1ad74971bfc58ac6d5e7b54cbc0,b33771fbd046ef64f9c51adbc3b886e5
Assets/Art/Image/Hero/Sequence/Siwang/sc/死亡动画背景_0003.png,image,.png,62911,efd602c145592b606efed18cba34bc429a6a3cc14970accd19ef84b85d5ce512,8eafb87c231db6945b6bf3b5163f7c7c
Assets/Art/Image/Hero/Sequence/Siwang/sc/死亡动画背景_0004.png,image,.png,62910,0c6e955d7add96eb370df45fc822e838df03a3ee66ec3d5a4adf3c7afac228a8,364aed9be5496c540829b6225777e611
Assets/Art/Image/Hero/Sequence/Siwang/sc/死亡动画背景_0005.png,image,.png,62910,0c6e955d7add96eb370df45fc822e838df03a3ee66ec3d5a4adf3c7afac228a8,cf59bd532bc105a4e9592c2123fe2a7f
Assets/Art/Image/Hero/Sequence/Siwang/sc/死亡动画背景_0006.png,image,.png,62910,0c6e955d7add96eb370df45fc822e838df03a3ee66ec3d5a4adf3c7afac228a8,cc0934ab5d21c21498b28518029272ee
Assets/Art/Image/Hero/Sequence/Siwang/sc/死亡动画背景_0007.png,image,.png,62910,0c6e955d7add96eb370df45fc822e838df03a3ee66ec3d5a4adf3c7afac228a8,a89c4c807817ac640b189681fb152591
Assets/Art/Image/Hero/Sequence/Siwang/sc/死亡动画背景_0008.png,image,.png,62910,0c6e955d7add96eb370df45fc822e838df03a3ee66ec3d5a4adf3c7afac228a8,64ea90d210681264592b482687230999
Assets/Art/Image/Hero/Sequence/Siwang/sc/死亡动画背景_0009.png,image,.png,62910,0c6e955d7add96eb370df45fc822e838df03a3ee66ec3d5a4adf3c7afac228a8,65e5cd523f69aef41b82b1349b70f02a
Assets/Art/Image/Hero/Sequence/Siwang/sc/死亡动画背景_0010.png,image,.png,62910,0c6e955d7add96eb370df45fc822e838df03a3ee66ec3d5a4adf3c7afac228a8,50a6c519810039d4797a3c73c9d379f7
Assets/Art/Image/Hero/Sequence/Siwang/sc/死亡动画背景_0011.png,image,.png,62910,0c6e955d7add96eb370df45fc822e838df03a3ee66ec3d5a4adf3c7afac228a8,8efd4ad65c52fb241b2876914111d535
Assets/Art/Image/Hero/Sequence/Siwang/sc/死亡动画背景_0012.png,image,.png,62910,0c6e955d7add96eb370df45fc822e838df03a3ee66ec3d5a4adf3c7afac228a8,4dea606882840674090c5a8c1a1ab9ec
Assets/Art/Image/Hero/Sequence/Siwang/sc/死亡动画背景_0013.png,image,.png,62910,0c6e955d7add96eb370df45fc822e838df03a3ee66ec3d5a4adf3c7afac228a8,30fc8a6a1906dda42a895fe1d5093114
Assets/Art/Image/Hero/Sequence/Siwang/sc/死亡动画背景_0014.png,image,.png,62910,0c6e955d7add96eb370df45fc822e838df03a3ee66ec3d5a4adf3c7afac228a8,e92eb0006b847a248ba4899454592537
Assets/Art/Image/Hero/Sequence/Siwang/sc/死亡动画背景_0015.png,image,.png,62910,0c6e955d7add96eb370df45fc822e838df03a3ee66ec3d5a4adf3c7afac228a8,855f05fcdbeb52943b04d0fbc6ca6ed7
Assets/Art/Image/Hero/Sequence/Siwang/sc/死亡动画背景_0016.png,image,.png,62910,0c6e955d7add96eb370df45fc822e838df03a3ee66ec3d5a4adf3c7afac228a8,f1faa55888e548f44bfd040627a54aa7
Assets/Art/Image/Hero/Sequence/Siwang/sc/死亡动画背景_0017.png,image,.png,62910,0c6e955d7add96eb370df45fc822e838df03a3ee66ec3d5a4adf3c7afac228a8,cfebc6d17bf4c6948bc71d53a2db1f15
Assets/Art/Image/Hero/Sequence/Siwang/sc/死亡动画背景_0018.png,image,.png,62910,0c6e955d7add96eb370df45fc822e838df03a3ee66ec3d5a4adf3c7afac228a8,06defdefa6311824b8c306904eb50664
Assets/Art/Image/Hero/Sequence/Siwang/sc/死亡动画背景_0019.png,image,.png,62910,0c6e955d7add96eb370df45fc822e838df03a3ee66ec3d5a4adf3c7afac228a8,faea54dbb803be646bb7c221c4ea2625
Assets/Art/Image/Hero/Sequence/Siwang/sc/死亡动画背景_0020.png,image,.png,62910,0c6e955d7add96eb370df45fc822e838df03a3ee66ec3d5a4adf3c7afac228a8,5d70f516b3e43804ba4741075e4e9397
Assets/Art/Image/Hero/Sequence/Siwang/sc/死亡动画背景_0021.png,image,.png,62910,0c6e955d7add96eb370df45fc822e838df03a3ee66ec3d5a4adf3c7afac228a8,1392f6081adac904f9653e36000f7838
Assets/Art/Image/Hero/Sequence/Siwang/sc/死亡动画背景_0022.png,image,.png,62910,0c6e955d7add96eb370df45fc822e838df03a3ee66ec3d5a4adf3c7afac228a8,f61568bd8450e1a4da07a709dfcf4dce
Assets/Art/Image/Hero/Sequence/Siwang/sc/死亡动画背景_0023.png,image,.png,62910,0c6e955d7add96eb370df45fc822e838df03a3ee66ec3d5a4adf3c7afac228a8,5e509e0a95f24be49afa5abc6190f249
Assets/Art/Image/Hero/Sequence/Siwang/sc/死亡动画背景_0024.png,image,.png,62910,0c6e955d7add96eb370df45fc822e838df03a3ee66ec3d5a4adf3c7afac228a8,0e5aedc6ca2e2ef4bb481372186d3a79
Assets/Art/Image/Hero/Sequence/Siwang/sc/死亡动画背景_0025.png,image,.png,62910,0c6e955d7add96eb370df45fc822e838df03a3ee66ec3d5a4adf3c7afac228a8,4fdae866e1d3aa4449b6ca7258908cff
Assets/Art/Image/Hero/Sequence/Siwang/sc/死亡动画背景_0026.png,image,.png,62910,0c6e955d7add96eb370df45fc822e838df03a3ee66ec3d5a4adf3c7afac228a8,ac5e47a86c34b6d4790fff9a11444f3f
Assets/Art/Image/Hero/Sequence/Siwang/sc/死亡动画背景_0027.png,image,.png,62910,0c6e955d7add96eb370df45fc822e838df03a3ee66ec3d5a4adf3c7afac228a8,fc20d001eb4adad42a48244ba29e4cbd
Assets/Art/Image/Hero/Sequence/Siwang/sc/死亡动画背景_0028.png,image,.png,62910,0c6e955d7add96eb370df45fc822e838df03a3ee66ec3d5a4adf3c7afac228a8,2067d533d8b64ee40ba26a35354b98cd
Assets/Art/Image/Hero/Sequence/Siwang/sc/死亡动画背景_0029.png,image,.png,62910,0c6e955d7add96eb370df45fc822e838df03a3ee66ec3d5a4adf3c7afac228a8,1e745bd93705fa147a3ce91c118aa3fb
Assets/Art/Image/Hero/Sequence/Siwang/sc/死亡动画背景_0030.png,image,.png,62907,12381b6b996a7d5a158a95bfe18a4a08e7037b8d4c4ba41cf7b42fa944c75aab,534989020059f5542a05ce952d56cb0a
Assets/Art/Image/Hero/Sequence/Siwang/sc/死亡动画背景_0031.png,image,.png,62907,12381b6b996a7d5a158a95bfe18a4a08e7037b8d4c4ba41cf7b42fa944c75aab,a8782a865ce685e49a266c0df4096b5c
Assets/Art/Image/Hero/Sequence/Siwang/sc/死亡动画背景_0032.png,image,.png,62910,0c6e955d7add96eb370df45fc822e838df03a3ee66ec3d5a4adf3c7afac228a8,4cd2c95037de95f479c7924760b75fe2
Assets/Art/Image/Hero/Sequence/Siwang/sc/死亡动画背景_0033.png,image,.png,62910,0c6e955d7add96eb370df45fc822e838df03a3ee66ec3d5a4adf3c7afac228a8,55f5d5826f051f247ba689e691a35bd9
Assets/Art/Image/Hero/Sequence/Siwang/sc/死亡动画背景_0034.png,image,.png,62910,0c6e955d7add96eb370df45fc822e838df03a3ee66ec3d5a4adf3c7afac228a8,3a403deb9a7dc4f48a534f1f82a96785
Assets/Art/Image/Hero/Sequence/Siwang/sc/死亡动画背景_0035.png,image,.png,62910,0c6e955d7add96eb370df45fc822e838df03a3ee66ec3d5a4adf3c7afac228a8,5d66f9f66b9f5dd419e5664df479e698
Assets/Art/Image/Hero/Sequence/Siwang/sc/死亡动画背景_0036.png,image,.png,62910,0c6e955d7add96eb370df45fc822e838df03a3ee66ec3d5a4adf3c7afac228a8,52cef89364ea5b343bb78aef9622cc16
Assets/Art/Image/Hero/Sequence/Siwang/sc/死亡动画背景_0037.png,image,.png,62910,0c6e955d7add96eb370df45fc822e838df03a3ee66ec3d5a4adf3c7afac228a8,a9a5a4b09da73e04e820fdaa2305fef0
Assets/Art/Image/Hero/Sequence/Siwang/sc/死亡动画背景_0038.png,image,.png,62910,0c6e955d7add96eb370df45fc822e838df03a3ee66ec3d5a4adf3c7afac228a8,f905419c26501254cb099b33364a92aa
Assets/Art/Image/Hero/Sequence/Siwang/sc/死亡动画背景_0039.png,image,.png,62910,0c6e955d7add96eb370df45fc822e838df03a3ee66ec3d5a4adf3c7afac228a8,c3dd4eab8d366414080788d9ec4c1371
Assets/Art/Image/Hero/Sequence/Siwang/sc/死亡动画背景_0040.png,image,.png,62910,0c6e955d7add96eb370df45fc822e838df03a3ee66ec3d5a4adf3c7afac228a8,b3212208d414ac842a75ffa1671a5922
Assets/Art/Image/Hero/Sequence/Siwang/sc/死亡动画背景_0041.png,image,.png,62910,0c6e955d7add96eb370df45fc822e838df03a3ee66ec3d5a4adf3c7afac228a8,f577b4e6903171040828fa108ac4e2b3
Assets/Art/Image/Hero/Sequence/Siwang/sc/死亡动画背景_0042.png,image,.png,62910,0c6e955d7add96eb370df45fc822e838df03a3ee66ec3d5a4adf3c7afac228a8,8c9e8512ffb125241b0f244a8610a159
Assets/Art/Image/Hero/Sequence/Siwang/sc/死亡动画背景_0043.png,image,.png,62910,0c6e955d7add96eb370df45fc822e838df03a3ee66ec3d5a4adf3c7afac228a8,184622c1d9123e44ea2f3d560c3e9cfa
Assets/Art/Image/Hero/Sequence/Siwang/sc/死亡动画背景_0044.png,image,.png,62910,0c6e955d7add96eb370df45fc822e838df03a3ee66ec3d5a4adf3c7afac228a8,71afe7d1d3ee1f841b0e9c53b9e654a1
Assets/Art/Image/Hero/Sequence/Siwang/sc/死亡动画背景_0045.png,image,.png,62910,0c6e955d7add96eb370df45fc822e838df03a3ee66ec3d5a4adf3c7afac228a8,6b1d0cf1ff4b3b345a25010ab5773531
Assets/Art/Image/Hero/Sequence/Siwang/sc/死亡动画背景_0046.png,image,.png,62910,0c6e955d7add96eb370df45fc822e838df03a3ee66ec3d5a4adf3c7afac228a8,5813c267bf64e38408ebef0dffdf774e
Assets/Art/Image/Hero/Sequence/Siwang/sc/黑屏转场_0000.png,image,.png,10568,1b18fe7827fa5ec9d10e59a0b5ca9efac5982ea5a08092ea6353cb619431273f,12bff087fb6a772438a66473bd2f2d5d
Assets/Art/Image/Hero/Sequence/Siwang/sc/黑屏转场_0001.png,image,.png,22051,bd4695ef17ccb55c2cf2cc775a55b24622c7c6c67969d74633dd2524b500f6d0,a8a74897acce61147844efcf246ac2a6
Assets/Art/Image/Hero/Sequence/Siwang/sc/黑屏转场_0002.png,image,.png,64669,1b474188a6c27387d2a7332aae8857421704660b6679eea3fce020e7b08f90b5,6356e711173b4d045b28057da42f24f2
Assets/Art/Image/Hero/Sequence/Siwang/sc/黑屏转场_0003.png,image,.png,120816,81e909958228b329bc1fdbb31c61e6cd549c0b9810507ee45cfaff1ab478f4be,0a77e3a42b6bd814db93e9bdb5cb5931
Assets/Art/Image/Hero/Sequence/Siwang/sc/黑屏转场_0004.png,image,.png,86628,0c73c8cba3da780fd9aeef344be941a33444542d165ee322a7e2fcf87cffddca,d7ae98fcf4cb27b4fbe885155a7a56db
Assets/Art/Image/Hero/Sequence/Siwang/sc/黑屏转场_0005.png,image,.png,46494,40ec8bf52c6851f1b6d4b4b5f702d4a9fd29efa848432d7087d7cd2bb579c2f9,461bf1f80084d5d4a95ad1459901280a
Assets/Art/Image/Hero/Sequence/Siwang/sc/黑屏转场_0006.png,image,.png,10565,976494e7f7300bf058f0a55d141021f375a8c68946b9b6d2d0ed6245adb63a7a,89a8cdf21bfbf78449b62d530c7d3835
Assets/Art/Image/Hero/Sequence/Siwang/被击杀后_0000.png,image,.png,167707,0335b66a66224e88693dca3fe4d5a7ed4f37c355661ec6fd8317ace6eea97cf1,48f46a0b7c9a02742a2d7d7d13cf3277
Assets/Art/Image/Hero/Sequence/Siwang/被击杀后_0001.png,image,.png,120302,94154d3dc3f5e14b98c467a1b064537a2f94bf2ba8fe051e11ed52d84b89f6cb,c86585b872977fe42baa8668607b752c
Assets/Art/Image/Hero/Sequence/Siwang/被击杀后_0002.png,image,.png,96344,8bf80fb6cef88f50ae0d927a2417147acf4a6916217c55543c4c8ffdc9fe7ce1,389e24213a09d4448b4e6f98f7b78992
Assets/Art/Image/Hero/Sequence/Siwang/被击杀后_0003.png,image,.png,70306,ceb57b75ef18f66960a3f9fab86e23ba9dea723433aa3b85aa6d929c82b0ed25,1b7462b88f40b7a4fa8b4924a4ce830e
Assets/Art/Image/Hero/Sequence/Siwang/被击杀后_0004.png,image,.png,59429,43b504e8f7e40b13cb9c86031ce4971bcc93f2c8ec0d785e236ee73990934084,614833ed5e5df3b44bce0e6d4baa2723
Assets/Art/Image/Hero/Sequence/Siwang/被击杀后_0005.png,image,.png,51633,daf310d510450fae6409d8254b5382abaf152f350df4b3930df9291bc2a6e02f,00b9c995d30706740be5862edf9b87c9
Assets/Art/Image/Hero/Sequence/Siwang/被击杀后_0006.png,image,.png,41212,6e8b5c29be130f4b9193ecd563f4b1ae2f9fd47cfadb910e7edf009c8a53bda0,25596bc1f85288d429fd56ef6c0cc7dc
Assets/Art/Image/Hero/Sequence/Siwang/被击杀后_0007.png,image,.png,41212,6e8b5c29be130f4b9193ecd563f4b1ae2f9fd47cfadb910e7edf009c8a53bda0,8cf419c614704fa4a9436d172aeb3d80
Assets/Art/Image/Hero/Sequence/Siwang/被击杀后_0008.png,image,.png,43721,113ec6f9ea5a2ff9774a382659dd6d7eb7fd72a342bae927ada548c5a87dca66,ed8dc1315bc941f409cd9ed908ecdaa2
Assets/Art/Image/Hero/Sequence/Siwang/被击杀后_0009.png,image,.png,43721,113ec6f9ea5a2ff9774a382659dd6d7eb7fd72a342bae927ada548c5a87dca66,e073d4cda89151b408af5ad524c2a5c2
Assets/Art/Image/Hero/Sequence/Siwang/被击杀后_0010.png,image,.png,44781,752808de48e269ec3ae5cb4c825fc77dadd5640809229e7fe75a09d7fb2fd01f,4ef6d422836e8e84b83dd29739c999c3
Assets/Art/Image/Hero/Sequence/Siwang/被击杀后_0011.png,image,.png,47979,80cf140e5f4c58728d327d98db07102d37d129b30cd79c6282ef9e013775d98f,acdc55bb7a8ad264697e230328b4681c
Assets/Art/Image/Hero/Sequence/Siwang/被击杀后_0012.png,image,.png,51759,ea9ca59d147a63e6d827ac3cb1a4265579bcfab66f7f44bd7895fcbdbe4bdf35,7a83957abf5d0724b9a43dfad5e246b0
Assets/Art/Image/Hero/Sequence/Siwang/被击杀后_0013.png,image,.png,49985,5f7876c4c54ad38dc4b649aaaa467467e44c3367cdadb3403220f50a41a2534d,f2da67009785fbc42b25ebfc19d77e17
Assets/Art/Image/Hero/Sequence/Siwang/被击杀后_0014.png,image,.png,49713,c8c9258903528137de4de6343db8feeffac563f4ff7dbe393363bc4434f42abc,899bc19394d81574c9c826ce64ad6823
Assets/Art/Image/Hero/Sequence/Siwang/被击杀后_0015.png,image,.png,58895,bc7a298fc817d5d3c78dd756071baea17c6243bf321e09d44f79e614b7df50e8,bb41aed901e3d1448a11f45e0da44fea
Assets/Art/Image/Hero/Sequence/Siwang/被击杀后_0016.png,image,.png,62409,7baef89dbb111d7e62a2e454929897993b607447310d5f7f6c3eb25f7cc9109c,589dbd7eaaed88649bd5c5cc81e7abed
Assets/Art/Image/Hero/Sequence/Siwang/被击杀后_0017.png,image,.png,80798,3b0812f07efbfb76e94ac9e44d94e808035153f75944691ba8b88515aaacc877,b51f0826e183e9e4f95f796f4f2cd5ee
Assets/Art/Image/Hero/Sequence/Siwang/被击杀后_0018.png,image,.png,84207,f9b84df68dcb5714422b8ac623f304180b1beb69c138c0a7648fbb325852e99b,876c9e5d8471c4f43a957fa0da53adf0
Assets/Art/Image/Hero/Sequence/Siwang/被击杀后_0019.png,image,.png,83434,31950775d46105c6729d1d00c9b9d2d24bfd27d1b0f2c1bdbc3cd6a3d6f8d5e9,e20718086dbf9d347afe6cd5fb64de60
Assets/Art/Image/Hero/Sequence/Siwang/被击杀后_0020.png,image,.png,54708,e4e4781ca00051e50cd175150b5878ac3cd38045dcb3324368ec08d256db7009,6eb59558c7cdd1049a9914216db5382f
Assets/Art/Image/Hero/Sequence/Siwang/被击杀后_0021.png,image,.png,108234,70f86b74ae36704ca304fbe153fb57272628142490038e864b091e88dbbe3db6,97d42a512564b7743bbc0c216142e427
Assets/Art/Image/Hero/Sequence/Siwang/被击杀后_0022.png,image,.png,148573,8b5af0f73a3e12cadaec68d64f541ec903d615104058a0f8edd8c9bf89af7b36,c8d7fd8092a9d9b488d31bfa0c0d5464
Assets/Art/Image/Hero/Sequence/Siwang/被击杀后_0023.png,image,.png,128660,b378fa078565f522a53813fc57a1edb914c5a032b7b63e6c7a659d06e28301bb,dc89e64a109cac34680a6101e67b1a97
Assets/Art/Image/Hero/Sequence/Siwang/被击杀后_0024.png,image,.png,72020,8ee2e4ee63d98af4b1e1a1177807ae29660036af6c0a036f668ce5a4ce9180db,6e75b6a1d3bb3fc48b282ead24d376d1
Assets/Art/Image/Hero/Sequence/Siwang/被击杀后_0025.png,image,.png,55093,edd93dfd911282b4823b6e3cc795024b51cf9e9d965786e921bd8032874ade77,9a28ed29b6c87314cb2471a12f350294
Assets/Art/Image/Hero/Sequence/Siwang/被击杀后_0026.png,image,.png,48602,e9c69ddebce8e500d2294a7011bbb037d8770492920fc9e25dedd5857ac41129,4509a0f76be5cdc47a7bbf597b84038f
Assets/Art/Image/Hero/Sequence/Siwang/被击杀后_0027.png,image,.png,36978,e841e742d933b0b005590f4cb469531c3edd18fa4aaebd5db26e4fa3a9e05530,2304f571c27e4d44fab2e8747a65e465
Assets/Art/Image/Hero/Sequence/Siwang/被击杀后_0028.png,image,.png,36978,e841e742d933b0b005590f4cb469531c3edd18fa4aaebd5db26e4fa3a9e05530,41600e1f80768214aac66ed725c4b633
Assets/Art/Image/Hero/Sequence/Siwang/被击杀后_0029.png,image,.png,28597,e6376a9eadc77ed1c4682325bc51866edc96c339bf896addce135cb4ae3c023a,fccd141cfe43e374eaab1772e3a6e029
Assets/Art/Image/Hero/Sequence/Siwang/被击杀后_0030.png,image,.png,28597,e6376a9eadc77ed1c4682325bc51866edc96c339bf896addce135cb4ae3c023a,05885a6955026984bbbd38a1d16e869b
Assets/Art/Image/Hero/Sequence/Siwang/被击杀后_0031.png,image,.png,18124,4037a6f8882dbec071dfd2bc366199ed544aa0c75812074463582ec8ff4abb65,79c592f2c8f9e504ca33aaba3479fe2e
Assets/Art/Image/Hero/Sequence/Siwang/被击杀后_0032.png,image,.png,18124,4037a6f8882dbec071dfd2bc366199ed544aa0c75812074463582ec8ff4abb65,93ce65705e5aff94296d70b1a4da23ec
Assets/Art/Image/Hero/Sequence/Siwang/被击杀后_0033.png,image,.png,9831,e1b6975a545455d121419f3ef04ed55e6e7cee37b33e3dc0906da10e45a0e866,e2220d5b73fded54ea589feb5f6635b4
Assets/Art/Image/Hero/Sequence/Siwang/被击杀后_0034.png,image,.png,9831,e1b6975a545455d121419f3ef04ed55e6e7cee37b33e3dc0906da10e45a0e866,90138e2cc7c561143846e1412ec2e0bf
Assets/Art/Image/Hero/Sequence/Siwang/被击杀后_0035.png,image,.png,5272,6eae3b40473093a84ce5dc9e648aecea61cb8b73be788b2548a1055f75002e71,12388a1196d62994ba8624d2d555cf11
Assets/Art/Image/Hero/Sequence/Siwang/被击杀后_0036.png,image,.png,5272,6eae3b40473093a84ce5dc9e648aecea61cb8b73be788b2548a1055f75002e71,5b74c132127cc2b4d9ff741285784fc5
Assets/Art/Image/Hero/Sequence/Siwang/被击杀时的震动_0000.png,image,.png,91512,189c3516994607b5e5eea5825c71ddb8eacbf0f6bf1ed747cad595b2841dd1e3,ff9b7a2ddc4c28141a0b126c1b2ab826
Assets/Art/Image/Hero/Sequence/Siwang/被击杀时的震动_0001.png,image,.png,91510,5a7bb803010113de045fbe657180636ff3e2df1d109e3d94c87d14389e3fd338,1ca396299cd2e604e88ff2a2148ef1da
Assets/Art/Image/Hero/Sequence/Siwang/被击杀时的震动_0002.png,image,.png,91481,4d0a181b8860698d9c87f2156552c5852a13636f54c51487abd333e3c0b4fd96,4a0c1cadb5c930c47b344be29b0863eb
Assets/Art/Image/Hero/Sequence/Siwang/被击杀时的震动_0003.png,image,.png,91547,7d8cade88f1b8d6d8195f6f1b615dcf787108869ea42854152e2761883fe8f8f,2cfd77f5e57349640b81d9e5ab965b80
Assets/Art/Image/Hero/Sequence/Siwang/被击杀时的震动_0004.png,image,.png,91512,189c3516994607b5e5eea5825c71ddb8eacbf0f6bf1ed747cad595b2841dd1e3,8186bc0488fd7ce4fa9afa04e67c5aae
Assets/Art/Image/Hero/Sequence/Siwang/被击杀时的震动_0005.png,image,.png,91510,5a7bb803010113de045fbe657180636ff3e2df1d109e3d94c87d14389e3fd338,ea1d36db5efd9db41bbf2795b4fd0f5a
Assets/Art/Image/Hero/Sequence/Siwang/被击杀时的震动_0006.png,image,.png,91481,4d0a181b8860698d9c87f2156552c5852a13636f54c51487abd333e3c0b4fd96,93e7c6b654cab6e4ab49b5bab08bd856
Assets/Art/Image/Hero/Sequence/Siwang/被击杀时的震动_0007.png,image,.png,91547,7d8cade88f1b8d6d8195f6f1b615dcf787108869ea42854152e2761883fe8f8f,2304c46caf268ca4399e03af41183004
Assets/Art/Image/Hero/Sequence/Siwang/被击杀时的震动_0008.png,image,.png,91512,189c3516994607b5e5eea5825c71ddb8eacbf0f6bf1ed747cad595b2841dd1e3,851dad0a57df2864d8d59f0fd29baa35
Assets/Art/Image/Hero/Sequence/Siwang/被击杀时的震动_0009.png,image,.png,91510,5a7bb803010113de045fbe657180636ff3e2df1d109e3d94c87d14389e3fd338,a7f2d012d843394489097e969a7c3769
Assets/Art/Image/Hero/Sequence/Yidong/Beimian/Anim_Hero_Move_ Hong_b.anim,animation-clip,.anim,2593,6524637a2415cb9b968a4ff39c6761310c79d27ff1ff27f7c781cf6a29caf659,8c2398c04cfe49b469d09e2917f298ed
Assets/Art/Image/Hero/Sequence/Yidong/Beimian/Anim_Hero_Move_ Lv_b.anim,animation-clip,.anim,2591,d333d91989fa474c7e9c3d699e7b873ad325c460f6b9cfe726b794406a6fc28e,7620f9609a9760e4fb7f959f85b70a13
Assets/Art/Image/Hero/Sequence/Yidong/Beimian/Anim_Hero_Move_ Zi_b.anim,animation-clip,.anim,2591,02bdc475dbaa30b7547b5129ba7cda4b6371a58b201885aae4c065e9e3e3012f,4ebe04b3679b4454aa54eece83fd1e55
Assets/Art/Image/Hero/Sequence/Yidong/Beimian/Anim_Hero_Move_b.anim,animation-clip,.anim,2587,ce597fefbacb14d5870a893705a47fe7e4f0110d9c83c06f7fd68dc51245ac1a,2d8ebe3f66476fa43b7936e4e70f6594
Assets/Art/Image/Hero/Sequence/Yidong/Beimian/移动（背面）_0000.png,image,.png,11084,8b42d2db659a138c1a6b77a57561362426956d81a2b37ae005cb218f6e75a0ae,2d5163b66c79f0c4ea29b1f7be8996e4
Assets/Art/Image/Hero/Sequence/Yidong/Beimian/移动（背面）_0001.png,image,.png,11272,a77997547d15754d029bf268d7bfa07422937f3cb3f72ff133917ed82e1f0573,2311dae64b162a74ca78306f58f35f6c
Assets/Art/Image/Hero/Sequence/Yidong/Beimian/移动（背面）_0002.png,image,.png,10983,ba5906db3a56972d6a2422c123483c0c5b88208c64bcfa9176a203bb2fe5d051,bc75e93eec37206418f25c7ccbc44692
Assets/Art/Image/Hero/Sequence/Yidong/Beimian/移动（背面）_0003.png,image,.png,10832,5ec0795ce389ca76b06d8c40427af1c84c93beb07956bcc282e495686ce34831,6a2f5d2ff7662904799fd502a91df678
Assets/Art/Image/Hero/Sequence/Yidong/Beimian/移动（背面）_0004.png,image,.png,11048,6a0edea095bb5fd742ae17c8d53d3ca970df80114e6f2d00f0e60fffbc572d38,0b22ccf733ad6cd43ae6a9058490e599
Assets/Art/Image/Hero/Sequence/Yidong/Beimian/移动（背面）_0005.png,image,.png,11108,45833a7a68d2025298a4374f16e72b08efb1f355636218eb5b79e625c4719fec,a9c21c88d85604b4ebeb84818b1aaa1e
Assets/Art/Image/Hero/Sequence/Yidong/Beimian/紫色移动（背面）_0000.png,image,.png,12846,7b8e951f4ce857a67dc9616c839a3017c030d53b9a23813a39089a8af91a2b60,f708f84bb98d3eb4c996d989a6c35ee7
Assets/Art/Image/Hero/Sequence/Yidong/Beimian/紫色移动（背面）_0001.png,image,.png,12744,f62c9270c8dcb2b3fac8eac2ad8449acbb77222ef2f19c5a7d467e66bf81dc18,5af906468dc70164a8af40b3a7154f41
Assets/Art/Image/Hero/Sequence/Yidong/Beimian/紫色移动（背面）_0002.png,image,.png,12556,3db0d8e49e20a2f9866b1e2c9f0a928c89e77fa502cdbb6770697b259845775d,6f2ac2f264aac98418490ad745659283
Assets/Art/Image/Hero/Sequence/Yidong/Beimian/紫色移动（背面）_0003.png,image,.png,12264,02ee811bca2054d8bc7b6211e0d9d72b292e71cc8238492c32a511e453fa824b,90fe10138d304294d85d676f6350decb
Assets/Art/Image/Hero/Sequence/Yidong/Beimian/紫色移动（背面）_0004.png,image,.png,12472,9ca74b5520135491dc4e49eb0662ed582da87e0c923f8f107adde66f82464725,319036854d40dfd4193a439b909c8a55
Assets/Art/Image/Hero/Sequence/Yidong/Beimian/紫色移动（背面）_0005.png,image,.png,12690,655df06caeb9e4d5c06ac419da94a333b7d4b90a85fc741e7e9ab5574bf22f60,b20583d07e3a5064c8e6f38e502fcccd
Assets/Art/Image/Hero/Sequence/Yidong/Beimian/红色移动（背面）_0000.png,image,.png,12748,c7c692566d19cb151b5c1aaa89135101fde3e7158879e6eb79e0f2cfc24e34e8,a749f597585e3c14aa41fd915dc477d8
Assets/Art/Image/Hero/Sequence/Yidong/Beimian/红色移动（背面）_0001.png,image,.png,12642,466799b781e9f977f5e54284490e1b3ee0ada340324d07b4c2299682714b62b9,1d7a1c0d54f304e4fa0944f6c9591fb1
Assets/Art/Image/Hero/Sequence/Yidong/Beimian/红色移动（背面）_0002.png,image,.png,12455,58137e9e5d42fd2bb1685853a0f7763e1439d6cf401dce99cf51d01601b425fc,b065e95d4c5131e4b9bdd3cd3f73c35d
Assets/Art/Image/Hero/Sequence/Yidong/Beimian/红色移动（背面）_0003.png,image,.png,12192,5cfb6fe386fbab1b3087a37364f3026002cd41f47c0f312b8ed012215e36e1b4,4a8d703be3bcad04195e712fd2d391d8
Assets/Art/Image/Hero/Sequence/Yidong/Beimian/红色移动（背面）_0004.png,image,.png,12402,113538514138f2fb1aa53fe954021036d0031b1903adc44d0ef0dc490f53689b,3c48c2cccad6df14884cf2024238fdb7
Assets/Art/Image/Hero/Sequence/Yidong/Beimian/红色移动（背面）_0005.png,image,.png,12604,2157be39a09873ee5cde35bf449f68237c5e0d7af752c5f9c89f61db7b58e7b9,8f483e2d7033d9c408fcfcc4348a5b75
Assets/Art/Image/Hero/Sequence/Yidong/Beimian/绿色移动（背面）_0000.png,image,.png,12850,d1bd057f03831899aeb1fc811e52b0df75500775791b7054457a28cf65856b38,b6a97276bec203645b2ccf329245bdcb
Assets/Art/Image/Hero/Sequence/Yidong/Beimian/绿色移动（背面）_0001.png,image,.png,12731,40573f37716b3c511f91544622af19a4afd6cdac3f6b8d8251a650d5d9c8321a,5188464c2bc3bf440ae793eb618ed15c
Assets/Art/Image/Hero/Sequence/Yidong/Beimian/绿色移动（背面）_0002.png,image,.png,12556,7efc5c9fb0fe8ba6ee757f714d2823e6c1312299991be99af37248a39e69e07a,6696e5052d548e14d8c7aa49dd0d3325
Assets/Art/Image/Hero/Sequence/Yidong/Beimian/绿色移动（背面）_0003.png,image,.png,12309,de63cc4f12da2c90f15360dc557867faaa78c4a1ea4f60cbd37b8c86bd8d23ca,e131f04058291d146a6e5b8626ed3186
Assets/Art/Image/Hero/Sequence/Yidong/Beimian/绿色移动（背面）_0004.png,image,.png,12484,6a308e65320ea64ac5c6feac619f4290bc1dce230de63defd0e7b3f821ab4b72,9d0a81852f2c98745b283a0913cf73b6
Assets/Art/Image/Hero/Sequence/Yidong/Beimian/绿色移动（背面）_0005.png,image,.png,12699,bcec92ce393b1d8788bbf38ab70dff9ef65c726c4ba39d6c855c29bc980fdea6,7ab220c8d229fa343b026a8dc3c5a2f5
Assets/Art/Image/Hero/Sequence/Yidong/move_ Hong.anim,animation-clip,.anim,2581,0691cbcff25668c2ea361b140343407cadf207d0e99ebc13c29375d7d299f56e,634b0dcc7c3a60144acb3b41a87c21fc
Assets/Art/Image/Hero/Sequence/Yidong/move_ Lv.anim,animation-clip,.anim,2407,27be711cbf2feaa2184e12e2bb5fab08bc1b3011ce61b6ac191c63268d281d74,6af2ea3a481fde04fb00e07188e63a12
Assets/Art/Image/Hero/Sequence/Yidong/move_ Zi.anim,animation-clip,.anim,2579,5817fc16159358d8734037686c3a5f674ca9edb14852c3e533487834865ec573,43de71487ed854a45894f2600a82384f
Assets/Art/Image/Hero/Sequence/Yidong/move_.anim,animation-clip,.anim,2840,c570cc72f0dce406c2bd1548b36f25fb3e5f7b9834f5ac7765ac0ba5adc589bd,981acae34109c224ba8a49f5f4bdbf43
Assets/Art/Image/Hero/Sequence/Yidong/移动_0000.png,image,.png,19656,2b22e9a59595ac7b0467734e1c51d2096fb2be8dc230b4b47af4f37c68fc985b,8729221b373eab6469c9ea135e886090
Assets/Art/Image/Hero/Sequence/Yidong/移动_0001.png,image,.png,19183,aeee7db8dae4d37aa467c5fbacc7edaf4ec027e446b2f8b4fb4b8b2e7b0fbb86,2340c9c04a7893f4cb7c9d078550499e
Assets/Art/Image/Hero/Sequence/Yidong/移动_0002.png,image,.png,18726,7cefc32fa56569e0da65432ef84acdfaef2339a0a85b29ca82dced287d140833,dbbd1bce9ae019d4aba410caea6632d5
Assets/Art/Image/Hero/Sequence/Yidong/移动_0003.png,image,.png,18495,ef26ff472067c117ca0c5f80978f9e0b1a058e2085ed3b0217efda40822e1edb,38eebd78edf81a94b9644eff8faef1c6
Assets/Art/Image/Hero/Sequence/Yidong/移动_0004.png,image,.png,18567,18d4dc5d36534040298cbf78decf83850c08b4f01d7fafdbaacffe1d965cdb71,c9257fcd80aff6a4cb23c69cfeba4808
Assets/Art/Image/Hero/Sequence/Yidong/移动_0005.png,image,.png,18875,f3d244c4c6490af40468a2f176683bfcdad55c3f6f908c728a94e39e100ee65b,bac266176cabb1243944b49a1d6f64db
Assets/Art/Image/Hero/Sequence/Yidong/紫色移动_0000.png,image,.png,21562,bcc027704e587f4f71357152057d954c44986a9446db8ad2841b752bc2bdd930,400a1715e0ac9344d9766028a86977b8
Assets/Art/Image/Hero/Sequence/Yidong/紫色移动_0001.png,image,.png,20978,4a43f45161816d654b0e50df9b8f84c0db993ff14081c1db7dbad526653ccb8c,2ec50bbeb2362a94f8079cd9084ca78b
Assets/Art/Image/Hero/Sequence/Yidong/紫色移动_0002.png,image,.png,20482,c3f5db0c1ae4475b9a21b645beceab7df2e1a171898b5fcbe56a60bb2e5e54cf,7a833f8f267e6d74284ee4f44fa35e21
Assets/Art/Image/Hero/Sequence/Yidong/紫色移动_0003.png,image,.png,19819,f017e1ab59c85db3275b401ce6cb40bbd6681b61c274a37294dcd6ad76c0403a,6c7656a06639fc84c8410787354e9d45
Assets/Art/Image/Hero/Sequence/Yidong/紫色移动_0004.png,image,.png,20079,f61ddc0673edb3f6ee7ccf9601875085079dd042d260a2abd427879b95ed386a,693db2332fb1c7b4495ab8ba2dd305c0
Assets/Art/Image/Hero/Sequence/Yidong/紫色移动_0005.png,image,.png,20519,4e7b290a1d2d470689e6bbc58516f326b610fdeec6707f9aae0277b8f9c112c9,540f23a43d18c7341a691c76a5013c3a
Assets/Art/Image/Hero/Sequence/Yidong/红色移动_0000.png,image,.png,21442,8336db778ea41e90f827b962d3e1fe7eb09bafc763afcab196be333da11131fb,66c48e7cf59877c4e879f7ffe889984a
Assets/Art/Image/Hero/Sequence/Yidong/红色移动_0001.png,image,.png,20863,4a1f79db1ba55eef591ce7105f0a28cc4280742c6a85fc9935e81f94340aa259,fc112c5f0a7ae234098f02a2573c9cd6
Assets/Art/Image/Hero/Sequence/Yidong/红色移动_0002.png,image,.png,20396,7d84837500bc4a92301172c379a492a73c7e41de17d6aa0d5b9e1d034f4705ef,02f8a03969303e7409ebdf35bb4ff110
Assets/Art/Image/Hero/Sequence/Yidong/红色移动_0003.png,image,.png,19756,0a02330a4f369f4c0db7eb9d102a9b2ef226ecbaebe47a5e75ec00bedf675b52,54a247760ad1faf4193e3d65906f1c12
Assets/Art/Image/Hero/Sequence/Yidong/红色移动_0004.png,image,.png,20006,c345b0c931c88f2609a4b8302854a428533e1a27c9bfc26c5a787e2a92f25fa9,3e652205110ef6d459a2a3714ec7999f
Assets/Art/Image/Hero/Sequence/Yidong/红色移动_0005.png,image,.png,20428,d6f6733c1c7f52c8ef9dbcbe76d29cbd72a83daff2e8f04e9a7cdfaa09c99226,766f20bc90a81b14095835cff972d702
Assets/Art/Image/Hero/Sequence/Yidong/绿色移动_0000.png,image,.png,21573,e2418cf6c36dd12907d4b0ce0865e225b254f1ba188e19e8b5b68f91ef55a880,17c00a1041e5d414a95b714a28a76073
Assets/Art/Image/Hero/Sequence/Yidong/绿色移动_0001.png,image,.png,20974,03282677716e01e19b846072a460671c540c53dd59af3582f55ea60ddd99352a,7a23e5eb34152b843a09610c1acb91a6
Assets/Art/Image/Hero/Sequence/Yidong/绿色移动_0002.png,image,.png,20476,98bfa381d7f9f444fbcf3e2c175ed50ef9c0c72175397f732101b2ed4522c21f,ad261d4bfc5771743867bb75ada00de4
Assets/Art/Image/Hero/Sequence/Yidong/绿色移动_0003.png,image,.png,19845,2971362e68e1ffd88f186c834fe8e113a1bed637a5596f839b877e0c3243e7b1,73f3f048c1d8de8419404f5c190e0b92
Assets/Art/Image/Hero/Sequence/Yidong/绿色移动_0004.png,image,.png,20103,9f5011558cfdb040924b9529681511ff2e1afd9512d136d4561ec62812dfb80f,05c6bf6087bae924aba9928fcbe257b5
Assets/Art/Image/Hero/Sequence/Yidong/绿色移动_0005.png,image,.png,20512,a0b126a0b65abdb795e90a656ac109fa5ee9b1114085badca8039b958f381288,2fa1f9e1c54c9f541aeca576bb8faa91
Assets/Art/Image/Hero/Sequence/Zhadan/daiji/daiji_zhadan_hong.anim,animation-clip,.anim,3731,4882ff56140ec8cc511f779d8db72c532ea5bacd35e07b987b9c1702eb15c57a,18b43868c93926543a04175efbf87289
Assets/Art/Image/Hero/Sequence/Zhadan/daiji/daiji_zhadan_lv.anim,animation-clip,.anim,3729,6cb7e65de4dbb3e29739ff5fe4071f4942659309e2562f5d441bbf2d97d5bb44,8459114e23f0b744cb386cb9a8002704
Assets/Art/Image/Hero/Sequence/Zhadan/daiji/daiji_zhadan_zi.anim,animation-clip,.anim,3729,138ac1273593f2d93b565854df47428b35db108ff96716537a6d90d544ea927a,f9bf5d882ea75e94f9856395c3ff9b2d
Assets/Art/Image/Hero/Sequence/Zhadan/daiji/紫色炸弹待机_0000.png,image,.png,27827,8c1d7cea95a6114b68e048df57371082ea8a8c6e16c4a553a945da29b23bf245,edbd165b10d5d414a809bf524ec26450
Assets/Art/Image/Hero/Sequence/Zhadan/daiji/紫色炸弹待机_0001.png,image,.png,27827,8c1d7cea95a6114b68e048df57371082ea8a8c6e16c4a553a945da29b23bf245,048f5e14ec3796f45bfeda1ed8dbcdf6
Assets/Art/Image/Hero/Sequence/Zhadan/daiji/紫色炸弹待机_0002.png,image,.png,29312,2d8dab382941d7f575c66f1d60ffedc1fbce7f5a7a3383e3d4d5991ca17bc5c9,9e1c1d4fcf7c62e49bb0b7abaf5a8cca
Assets/Art/Image/Hero/Sequence/Zhadan/daiji/紫色炸弹待机_0003.png,image,.png,29312,2d8dab382941d7f575c66f1d60ffedc1fbce7f5a7a3383e3d4d5991ca17bc5c9,0851eccdaf102c846887c8aefa7b1f20
Assets/Art/Image/Hero/Sequence/Zhadan/daiji/紫色炸弹待机_0004.png,image,.png,30102,02cd4399c3753187dce795173e8710e6e261d43e802a7d82ec2217b9ac4bec3d,db99380aa4c53ce42a7956fb703728d3
Assets/Art/Image/Hero/Sequence/Zhadan/daiji/紫色炸弹待机_0005.png,image,.png,30102,02cd4399c3753187dce795173e8710e6e261d43e802a7d82ec2217b9ac4bec3d,51abff12ca5e0d2429635baa43af882f
Assets/Art/Image/Hero/Sequence/Zhadan/daiji/紫色炸弹待机_0006.png,image,.png,29780,fcc90b0f5fcfc683e5c1ca6e2476560c13ec8149a7312842725c60d782097bb6,3aed22b4833e52b4e83f158471d61cd4
Assets/Art/Image/Hero/Sequence/Zhadan/daiji/紫色炸弹待机_0007.png,image,.png,29780,fcc90b0f5fcfc683e5c1ca6e2476560c13ec8149a7312842725c60d782097bb6,fb1e7e22abad6f04ba668acde6f4f0c1
Assets/Art/Image/Hero/Sequence/Zhadan/daiji/紫色炸弹待机_0008.png,image,.png,31143,4ff127e0f927d3487883ee22ce9a45d408703ffa7c24c495419da5365b13b93f,9e7809815183fc34bbbda0cadf0a5f56
Assets/Art/Image/Hero/Sequence/Zhadan/daiji/紫色炸弹待机_0009.png,image,.png,31143,4ff127e0f927d3487883ee22ce9a45d408703ffa7c24c495419da5365b13b93f,6cd50646639f87d44af3a1196efbb01c
Assets/Art/Image/Hero/Sequence/Zhadan/daiji/紫色炸弹待机_0010.png,image,.png,30346,3e76d619fdcb09db6799d691b457400e8d3fc3946b7187be284cb3207a2559f1,e40c5e6735196294c9f066eceb56687c
Assets/Art/Image/Hero/Sequence/Zhadan/daiji/紫色炸弹待机_0011.png,image,.png,30346,3e76d619fdcb09db6799d691b457400e8d3fc3946b7187be284cb3207a2559f1,4e5ba84631c0d0341845ec8275677b03
Assets/Art/Image/Hero/Sequence/Zhadan/daiji/红色炸弹待机_0000.png,image,.png,27401,ab3131ea1f8e55553d0f1fff4c18cc66b24e716348836250f4d06b48a663e4c6,7652968c8666e73459c5f270227f13b2
Assets/Art/Image/Hero/Sequence/Zhadan/daiji/红色炸弹待机_0001.png,image,.png,27401,ab3131ea1f8e55553d0f1fff4c18cc66b24e716348836250f4d06b48a663e4c6,748954f54ab57304eb5fd2870c5f7db6
Assets/Art/Image/Hero/Sequence/Zhadan/daiji/红色炸弹待机_0002.png,image,.png,28537,3263590f2cccbb7fd12be06ea004d3b9a15f1b9d755b0b3c0a609130cf61c5da,eba9251c63dee444ab1c5595bc8a5832
Assets/Art/Image/Hero/Sequence/Zhadan/daiji/红色炸弹待机_0003.png,image,.png,28537,3263590f2cccbb7fd12be06ea004d3b9a15f1b9d755b0b3c0a609130cf61c5da,1da92fdc420b9f54b871774622e0db63
Assets/Art/Image/Hero/Sequence/Zhadan/daiji/红色炸弹待机_0004.png,image,.png,29175,5740664c3342be4cbe66524e98c7dcdaf21fd3910a5ef35c55288a2b81037938,be8c8d3bd387c68418910ef3f2e7ad80
Assets/Art/Image/Hero/Sequence/Zhadan/daiji/红色炸弹待机_0005.png,image,.png,29175,5740664c3342be4cbe66524e98c7dcdaf21fd3910a5ef35c55288a2b81037938,c5f5d41a3a097e543b55ddf817ac1b4a
Assets/Art/Image/Hero/Sequence/Zhadan/daiji/红色炸弹待机_0006.png,image,.png,29024,2d117d4c5b4dd69108c1ee45adc9726f875f416e06563482de286f63193c0b53,d175f71defe9da949a49546657cd29be
Assets/Art/Image/Hero/Sequence/Zhadan/daiji/红色炸弹待机_0007.png,image,.png,29024,2d117d4c5b4dd69108c1ee45adc9726f875f416e06563482de286f63193c0b53,2a08f8558cd67204a9ae1285c5796e85
Assets/Art/Image/Hero/Sequence/Zhadan/daiji/红色炸弹待机_0008.png,image,.png,30215,723b091c67c703fe928d0d68c4b17d63199648c1d3aa48f56341309abafe5da5,f486e9322eb097d4dbc94dcbd14e8c34
Assets/Art/Image/Hero/Sequence/Zhadan/daiji/红色炸弹待机_0009.png,image,.png,30215,723b091c67c703fe928d0d68c4b17d63199648c1d3aa48f56341309abafe5da5,bb09104972ff262418e2a9b9eee80ceb
Assets/Art/Image/Hero/Sequence/Zhadan/daiji/红色炸弹待机_0010.png,image,.png,29445,1e44ae62ec9225f82d39bf43f417a547c95fe698d1dcc66ef3c06c7544756c86,fb9767a562686c44e89edaca7cc47977
Assets/Art/Image/Hero/Sequence/Zhadan/daiji/红色炸弹待机_0011.png,image,.png,29445,1e44ae62ec9225f82d39bf43f417a547c95fe698d1dcc66ef3c06c7544756c86,48fb9bbb14ab8ac4ba787bb872c8bdf6
Assets/Art/Image/Hero/Sequence/Zhadan/daiji/绿色炸弹待机_0000.png,image,.png,27854,b9a06d63c9e0b895074dac714a6256aa52f69b246e566eb1a45a0fb1e45acd78,3377ecce20fae25468c4343046113726
Assets/Art/Image/Hero/Sequence/Zhadan/daiji/绿色炸弹待机_0001.png,image,.png,27854,b9a06d63c9e0b895074dac714a6256aa52f69b246e566eb1a45a0fb1e45acd78,38c5d315c9e9f614f8e15e4f752a394a
Assets/Art/Image/Hero/Sequence/Zhadan/daiji/绿色炸弹待机_0002.png,image,.png,29450,6fcbb272afe768c79ebe9b770403bc9bb487acaa391763c484bcb2ed86a99211,a8003c0cc75915941bca97a3c11890b8
Assets/Art/Image/Hero/Sequence/Zhadan/daiji/绿色炸弹待机_0003.png,image,.png,29450,6fcbb272afe768c79ebe9b770403bc9bb487acaa391763c484bcb2ed86a99211,6ac2ad7c64de2774793dfe11c1686102
Assets/Art/Image/Hero/Sequence/Zhadan/daiji/绿色炸弹待机_0004.png,image,.png,30332,403aea7cc2aa57ce72935b5455d9fdd8643a7598bde235f7505e5b1da9c87560,73c879858c16f9d40b751b09e21c8aa0
Assets/Art/Image/Hero/Sequence/Zhadan/daiji/绿色炸弹待机_0005.png,image,.png,30332,403aea7cc2aa57ce72935b5455d9fdd8643a7598bde235f7505e5b1da9c87560,e5814e8510dddf245b8ade03df79e9b5
Assets/Art/Image/Hero/Sequence/Zhadan/daiji/绿色炸弹待机_0006.png,image,.png,29926,94534d7284d4ef8afae2f759c33f1d1036b3993b91283684c369ec934401434e,a2ac571f3f9ce4841be649f7d7d5db42
Assets/Art/Image/Hero/Sequence/Zhadan/daiji/绿色炸弹待机_0007.png,image,.png,29926,94534d7284d4ef8afae2f759c33f1d1036b3993b91283684c369ec934401434e,230c8a53998553248af1fa291d86233b
Assets/Art/Image/Hero/Sequence/Zhadan/daiji/绿色炸弹待机_0008.png,image,.png,31409,adf14cd5a624b4cbfdc4e871cdddaf618c4b26980a450a35d71b373ae5aa986e,16db9fed7cf1eb046a7e9dc8d93fd259
Assets/Art/Image/Hero/Sequence/Zhadan/daiji/绿色炸弹待机_0009.png,image,.png,31409,adf14cd5a624b4cbfdc4e871cdddaf618c4b26980a450a35d71b373ae5aa986e,b9b9708aeece1894292cdfc6be2d06f5
Assets/Art/Image/Hero/Sequence/Zhadan/daiji/绿色炸弹待机_0010.png,image,.png,30568,a44b50737f8835ee452a72bbaa0bbc0d94b10ec76d649747f1b72493d7c17299,2dac92aba94c71344a87a2f9eb3856ac
Assets/Art/Image/Hero/Sequence/Zhadan/daiji/绿色炸弹待机_0011.png,image,.png,30568,a44b50737f8835ee452a72bbaa0bbc0d94b10ec76d649747f1b72493d7c17299,c6ed668cf8bde974a8c22f432f3bfec7
Assets/Art/Image/Hero/Sequence/Zhadan/gongji/gongji_zhadan_hong.anim,animation-clip,.anim,3892,766d5e785b93f03d9cdb33abf2e5f49000f6bab143a346bca62093874a1f505a,c39386e582045064a87f10fc1bfacdc5
Assets/Art/Image/Hero/Sequence/Zhadan/gongji/gongji_zhadan_lv.anim,animation-clip,.anim,3890,0f140678ddc71398951c2fd2078e987f86dc790261099579df1e0f26890a93fc,e01998621268377478aca4971eebaeb2
Assets/Art/Image/Hero/Sequence/Zhadan/gongji/gongji_zhadan_zi.anim,animation-clip,.anim,3890,2bda7994f8e449099d487bf5fe19caf15fc274462b2f82c9aadc1938411367a9,21a0975927a72fd4e80c6b2ad2395535
Assets/Art/Image/Hero/Sequence/Zhadan/gongji/投掷动作（红）_0000.png,image,.png,27692,cb45737e97b2f5a6af77d333b8511d9691ae1440a0fcffeacabb36d76c8fa2b9,67c6a23d6a1e0fc44ac426f319c9af40
Assets/Art/Image/Hero/Sequence/Zhadan/gongji/投掷动作（红）_0001.png,image,.png,29869,c8da687cb4f42bd7a1da25022085c715061da60f8b2d930c94c7ee50e7f5fa4d,8106d463e2d133442a4621ee364943be
Assets/Art/Image/Hero/Sequence/Zhadan/gongji/投掷动作（红）_0002.png,image,.png,35048,74b23ac9dccd58fbe11a72c6650fedf171c1c64d530a895223edfb1107aa2e55,2dafd28464d7ac94a8e02aa32f2b603f
Assets/Art/Image/Hero/Sequence/Zhadan/gongji/投掷动作（红）_0003.png,image,.png,35048,74b23ac9dccd58fbe11a72c6650fedf171c1c64d530a895223edfb1107aa2e55,06493c48daaf48945b3371781545d510
Assets/Art/Image/Hero/Sequence/Zhadan/gongji/投掷动作（红）_0004.png,image,.png,26479,f2052ca2522f39458653aed27c67a729a425732f3354ca22cc8432a6e860f459,0aed0ed8e08200445acda962c7170749
Assets/Art/Image/Hero/Sequence/Zhadan/gongji/投掷动作（红）_0005.png,image,.png,26479,f2052ca2522f39458653aed27c67a729a425732f3354ca22cc8432a6e860f459,258d4fa19d787e5408577a815571016a
Assets/Art/Image/Hero/Sequence/Zhadan/gongji/投掷动作（红）_0006.png,image,.png,23088,aa61373586b452023deb45aa88ae3fadc0768a1e3061b5eb46534ded7d8ace3f,62cfa5351b2715b4794aa125171aa4fa
Assets/Art/Image/Hero/Sequence/Zhadan/gongji/投掷动作（红）_0007.png,image,.png,23088,aa61373586b452023deb45aa88ae3fadc0768a1e3061b5eb46534ded7d8ace3f,241b554cfd5e63747a92355006dd2255
Assets/Art/Image/Hero/Sequence/Zhadan/gongji/投掷动作（红）_0008.png,image,.png,18828,ab166bad132e1b613ad36ea7e634fb5d270d908e82807933d885a6492ecc26d8,d1db3826dda8f514db33463235afd564
Assets/Art/Image/Hero/Sequence/Zhadan/gongji/投掷动作（红）_0009.png,image,.png,18828,ab166bad132e1b613ad36ea7e634fb5d270d908e82807933d885a6492ecc26d8,c3bb6c4947d96e342839d7e30e1aa6ad
Assets/Art/Image/Hero/Sequence/Zhadan/gongji/投掷动作（红）_0010.png,image,.png,19892,910fe18b9aad49440c66df4ec9e3c4071231626838b56f7480cecc27de2110e0,cbaf71fba5004f142b95d4a37f1477f3
Assets/Art/Image/Hero/Sequence/Zhadan/gongji/投掷动作（红）_0011.png,image,.png,19892,910fe18b9aad49440c66df4ec9e3c4071231626838b56f7480cecc27de2110e0,bf8d7a91b5d71534e9d4edb01190bd95
Assets/Art/Image/Hero/Sequence/Zhadan/gongji/投掷（紫）_0000.png,image,.png,27960,77e5ec841a153365ca6c671d3a17770eb4c6fb54e7b7faf451f5672d3ae16810,f7139ab5176981f4fb48e13e079cef1f
Assets/Art/Image/Hero/Sequence/Zhadan/gongji/投掷（紫）_0001.png,image,.png,30495,81b1b16fc585a4fd9e35aaeed1379e4b538c3210d74128590ee1d3f59f2c3db6,eccf6dc0edbdef246871efe520e4a384
Assets/Art/Image/Hero/Sequence/Zhadan/gongji/投掷（紫）_0002.png,image,.png,35822,5b9ea01ea617a32fe8065a89bbb11593b1bffdef7435a3be74daab27d0bde464,40f78ed47c4d31c44a10b7854124e029
Assets/Art/Image/Hero/Sequence/Zhadan/gongji/投掷（紫）_0003.png,image,.png,35822,5b9ea01ea617a32fe8065a89bbb11593b1bffdef7435a3be74daab27d0bde464,a60ae782a623a6c45ac75435fdf32410
Assets/Art/Image/Hero/Sequence/Zhadan/gongji/投掷（紫）_0004.png,image,.png,26565,6d4db37d23b078cc400c851e4048aa74e2bade390e674cb30d48916a4ae94da9,03475af032488e54c99aa2445bbd5899
Assets/Art/Image/Hero/Sequence/Zhadan/gongji/投掷（紫）_0005.png,image,.png,26565,6d4db37d23b078cc400c851e4048aa74e2bade390e674cb30d48916a4ae94da9,3c02425ec99adce4aa803821a48da034
Assets/Art/Image/Hero/Sequence/Zhadan/gongji/投掷（紫）_0006.png,image,.png,23181,a7b93d58acdc8da8fcdb4705468b1113932b896f57237e3a808b5ab25ab9f33b,91361f9d1984ba741a473a09c962631e
Assets/Art/Image/Hero/Sequence/Zhadan/gongji/投掷（紫）_0007.png,image,.png,23181,a7b93d58acdc8da8fcdb4705468b1113932b896f57237e3a808b5ab25ab9f33b,aaabaa29f3fbe3a41bde1b77672461d9
Assets/Art/Image/Hero/Sequence/Zhadan/gongji/投掷（紫）_0008.png,image,.png,18913,1a52da40e5262ff3091dec009559a826b9f427aaa56b9c762f1b4ad849a70c52,a572f132820fb5747b18a6fc0b5e8c52
Assets/Art/Image/Hero/Sequence/Zhadan/gongji/投掷（紫）_0009.png,image,.png,18913,1a52da40e5262ff3091dec009559a826b9f427aaa56b9c762f1b4ad849a70c52,61a3946ae04898146a5f8ea2bea89303
Assets/Art/Image/Hero/Sequence/Zhadan/gongji/投掷（紫）_0010.png,image,.png,19942,b32627c50302afd28a480e3cd93befe684f28cbccfa7da21ca3692b485d2c1ae,0ecee92ba96b6664fb0399c89a411fb8
Assets/Art/Image/Hero/Sequence/Zhadan/gongji/投掷（紫）_0011.png,image,.png,19942,b32627c50302afd28a480e3cd93befe684f28cbccfa7da21ca3692b485d2c1ae,2ca6bf15ccd83c44497cdbeb030147c0
Assets/Art/Image/Hero/Sequence/Zhadan/gongji/投掷（绿）_0000.png,image,.png,28204,fd995d4c580b46f330a203219724a6b76317d024d84f0ae92815840f574df054,022aada08db86544aaa580f09050a53c
Assets/Art/Image/Hero/Sequence/Zhadan/gongji/投掷（绿）_0001.png,image,.png,30680,f4a122b213f95b11975d93e6ff52c0a24b40827f17d5f17913e1314d46ada6c8,559c59d7c35dcf3418cc753cb54d8323
Assets/Art/Image/Hero/Sequence/Zhadan/gongji/投掷（绿）_0002.png,image,.png,35985,22627fd3c4740fb9235dfacc853735bf00469410d904a7fe60f3cf44727161ab,327f9aeace464df4685a8117670cbef8
Assets/Art/Image/Hero/Sequence/Zhadan/gongji/投掷（绿）_0003.png,image,.png,35985,22627fd3c4740fb9235dfacc853735bf00469410d904a7fe60f3cf44727161ab,e1f35d7cc947f6849b0436a0a3762ffe
Assets/Art/Image/Hero/Sequence/Zhadan/gongji/投掷（绿）_0004.png,image,.png,26588,d095ad2e51b73c1060547be23caf5629baeb8e08b10f4d882a2f48a6d5eadabe,8d0952649e71d1142b6a26708578150b
Assets/Art/Image/Hero/Sequence/Zhadan/gongji/投掷（绿）_0005.png,image,.png,26588,d095ad2e51b73c1060547be23caf5629baeb8e08b10f4d882a2f48a6d5eadabe,c059650edc602bd409ce05e66b86ea83
Assets/Art/Image/Hero/Sequence/Zhadan/gongji/投掷（绿）_0006.png,image,.png,23220,161b70eac729fa686db85788d877b486dd0542e8cdcf587f3c925c3868f25d1d,9d7bebb20a71c764dbd8c82a4f5abe85
Assets/Art/Image/Hero/Sequence/Zhadan/gongji/投掷（绿）_0007.png,image,.png,23220,161b70eac729fa686db85788d877b486dd0542e8cdcf587f3c925c3868f25d1d,8ba7e46805fba8549a84cffb74660868
Assets/Art/Image/Hero/Sequence/Zhadan/gongji/投掷（绿）_0008.png,image,.png,18772,dc1a02849de9342ef3a660a93107355a29ca37fa95d8544543a6fd005e97d703,8b4239abe56b39748afe529e503c6e77
Assets/Art/Image/Hero/Sequence/Zhadan/gongji/投掷（绿）_0009.png,image,.png,18772,dc1a02849de9342ef3a660a93107355a29ca37fa95d8544543a6fd005e97d703,141ff7752abb76148a41492c53f76ff0
Assets/Art/Image/Hero/Sequence/Zhadan/gongji/投掷（绿）_0010.png,image,.png,19942,592a26a88fb907796938bc32280d34be82127b4849bfa5ac0e11ba62818bd39e,0ccb8942782f4274c8ce5ca06627bdb3
Assets/Art/Image/Hero/Sequence/Zhadan/gongji/投掷（绿）_0011.png,image,.png,19942,592a26a88fb907796938bc32280d34be82127b4849bfa5ac0e11ba62818bd39e,132e23a8232181b45b194b5a3cd4beda
Assets/Art/Image/Hero/Sequence/Zhadan/skill/zhadan.controller,animator-controller,.controller,10970,4603716639f97e265773ae07851353354f503a397793aaf8fd7ef2a1dd8b8f03,c8cb6237649d77142b59f737588bbc07
Assets/Art/Image/Hero/Sequence/Zhadan/skill/zhadan_hong 1.anim,animation-clip,.anim,5988,c71b5bd592666229e7c66df44ba3b9d6e3681a6eda953bdd2c6b1799ad5a19c7,62fa03aed2cc88c47b41fd26b85a2a2b
Assets/Art/Image/Hero/Sequence/Zhadan/skill/zhadan_hong.anim,animation-clip,.anim,2325,e9d728e4f6e0a70f23dd4995ae8eba2831a4d776f6932627484d63e542a24805,52cdef31b53e1874984ce5002b2f2259
Assets/Art/Image/Hero/Sequence/Zhadan/skill/zhadan_lv 1.anim,animation-clip,.anim,5986,2dc3ce208476313e4cea914c97940c34b0ce67c8b97237c0fb07eec9945c02d3,71763f5e0325ccd4bbcb6b052d51cb3a
Assets/Art/Image/Hero/Sequence/Zhadan/skill/zhadan_lv.anim,animation-clip,.anim,2323,0cb812f467d3ef7cd6df35cc29bde5b755babf158898491da4f1ae2ed99e2cc6,f01eca6c51213df4cacb86161c91b451
Assets/Art/Image/Hero/Sequence/Zhadan/skill/zhadan_zi 1.anim,animation-clip,.anim,5986,d7b4644558a99e43060ebadd6309afa7fac87bf3f36da4e704787687e67b817d,81c5be1a40d972f46b9c2d4e3def0bd9
Assets/Art/Image/Hero/Sequence/Zhadan/skill/zhadan_zi.anim,animation-clip,.anim,2323,6f80313ad3b98d3d640b4b45c6356e4912b1c595a9012bd6046a308451e2f1d9,c48001c8ee713b24da129c22f9a4888b
Assets/Art/Image/Hero/Sequence/Zhadan/skill/爆炸特效（紫）_0000.png,image,.png,12537,a986d4c01aecee59bf719fd7c06cfd6479ee535f705363100e0b8c9e7786f2eb,42cf749751b34c54199dc35da9eaf1e6
Assets/Art/Image/Hero/Sequence/Zhadan/skill/爆炸特效（紫）_0001.png,image,.png,23495,b3f53eee54cb73e744cd1401e6266bb9eab4b96e6fdc171257e15f1437c6d5b7,989ff05437ad7004c9c83d408d9715ef
Assets/Art/Image/Hero/Sequence/Zhadan/skill/爆炸特效（紫）_0002.png,image,.png,31618,41783cdc92683c58539ef2a5b750f5050eae11d2f8f6599ebf892a239637fb73,d3eef258b4dd83446b2a0709f40e69b8
Assets/Art/Image/Hero/Sequence/Zhadan/skill/爆炸特效（紫）_0003.png,image,.png,50803,26ffc42c06a480f7daa17605b727287dddf1e93e5a531b81bc54303c37a48a83,953ce5dba400ef24ea5c43486b6cb930
Assets/Art/Image/Hero/Sequence/Zhadan/skill/爆炸特效（紫）_0004.png,image,.png,54171,b289217289cf56e667b1610ebbb0c70d4e58ba616399e046f172d9070f320a4c,efb4ab06bca876b4085c3879cc3c6991
Assets/Art/Image/Hero/Sequence/Zhadan/skill/爆炸特效（紫）_0005.png,image,.png,65307,86040ff8bbd42a130587cf43b176f09309d70f28f40d4f8fd6d7c694f9dd6b1e,bba3c69e5258f9d4db5c180ac78e1255
Assets/Art/Image/Hero/Sequence/Zhadan/skill/爆炸特效（紫）_0006.png,image,.png,61411,72bc91b2954526ee53dd91c6315683696aa38cbdf1953485969462bddfb706af,f6262984b7e3c1441a4130746cecf430
Assets/Art/Image/Hero/Sequence/Zhadan/skill/爆炸特效（紫）_0007.png,image,.png,59979,716032940cc2ac5f0de07bb389634a79cb15e434d8e788d958f49af87ecfbef7,06d5f4a1996bd904e8fe3ed9244de791
Assets/Art/Image/Hero/Sequence/Zhadan/skill/爆炸特效（紫）_0008.png,image,.png,54312,46defc9b6f098e97edb478e5b1cf93b292fc805ec3e16a7dba6420d23175f1d0,3cd9a07cda035a14299f39fb26b4e850
Assets/Art/Image/Hero/Sequence/Zhadan/skill/爆炸特效（紫）_0009.png,image,.png,56355,ec3bd086a0703e697a0a11ab7f43c820f49cc735dba64e79460f20921b9c4304,98929bdb4025c2a4eb873d1bf990dc2c
Assets/Art/Image/Hero/Sequence/Zhadan/skill/爆炸特效（紫）_0010.png,image,.png,56460,5b57734fa9b899889fdceba948bdf10e7dd88e118029e0aa15c719a676bd147a,033a7bea7732aac4eb138534cfe4f300
Assets/Art/Image/Hero/Sequence/Zhadan/skill/爆炸特效（紫）_0011.png,image,.png,49328,b4b3800ceee5e62abb83f8516ae1719f3d714c8747a8d268c1f8d0c465821b88,ab00de3a43fd48d42ac41a326ba2d403
Assets/Art/Image/Hero/Sequence/Zhadan/skill/爆炸特效（紫）_0012.png,image,.png,48174,6e6ac4f00d74c5d144a343850ee00124bbd5fa0c206bdb741165c2c36ff1db48,9b41bd81bb9daec4780941c6eb951a32
Assets/Art/Image/Hero/Sequence/Zhadan/skill/爆炸特效（紫）_0013.png,image,.png,44123,c1aafcd135bcaa34160dfdd4bd133d390aaa41c525799689e119732a9b31d3e1,9c06275e2d7514a4fa829b0b0beb08df
Assets/Art/Image/Hero/Sequence/Zhadan/skill/爆炸特效（紫）_0014.png,image,.png,43891,36061315df9ac7b50b7272547d09c307beb26d6f6d9d69963b81deb07c655f6e,a2efb25807a206b43b7d28fc4a7ff47f
Assets/Art/Image/Hero/Sequence/Zhadan/skill/爆炸特效（紫）_0015.png,image,.png,42578,b9d7fb7f2198edecf15352ba686d15fb203319f413357a28d01848ca4b184d83,1b8ef23de5224c0438ce71fb82fe3e7c
Assets/Art/Image/Hero/Sequence/Zhadan/skill/爆炸特效（紫）_0016.png,image,.png,42968,c0faafdd978d6a7d5f659f01c793205cfc5a2d0577fc3878459fb8501be1cae2,d781b30595eb896419763854d6b2ed83
Assets/Art/Image/Hero/Sequence/Zhadan/skill/爆炸特效（紫）_0017.png,image,.png,37623,d784c9a9eb08feea9543da465dfdc22ae4251ec4e05abbbe0a59a6ae3a524974,1ab91b3aa1a02f74d926aa44a8814d00
Assets/Art/Image/Hero/Sequence/Zhadan/skill/爆炸特效（紫）_0018.png,image,.png,37398,fbf2583c4f203f77f163ebf9d6a4b272bca8f825d9e81e03eff47e0e54b672d4,f3f4ef2863d140646ada6357d0aec7d8
Assets/Art/Image/Hero/Sequence/Zhadan/skill/爆炸特效（紫）_0019.png,image,.png,20859,e22e4ef58809a0ffe3763a8e7b60d483a77129cb2563321208b37becfc7f8d90,e8c2ce670d9ee3a42bc534c6d8344455
Assets/Art/Image/Hero/Sequence/Zhadan/skill/爆炸特效（紫）_0020.png,image,.png,19497,1965ed603c0431003eab533b3fab9e16bb5f47619f7b04a125e1f34aaea30506,f708f7f917ed80a4fa4cc4f8746be408
Assets/Art/Image/Hero/Sequence/Zhadan/skill/爆炸特效（紫）_0021.png,image,.png,15443,6f0bc9985880b9075aa371dbd1aa664aa4cd8667ec095a29e172ccef565bb6aa,5b3f7faae26f42846828caf292ba2bcc
Assets/Art/Image/Hero/Sequence/Zhadan/skill/爆炸特效（紫）_0022.png,image,.png,13020,6bad01e091a92b3a9a8773c5c635e6baa18185a0a477ef7e2648cf9e455ce9e6,d27bb5316464e0441aae4078e5b5225c
Assets/Art/Image/Hero/Sequence/Zhadan/skill/爆炸特效（紫）_0023.png,image,.png,11806,7621cb77345cccf946e37f4e9370a64310b8cca2d0740b5937662c11db162b4d,1d5fa773d485c254887f042859b20d77
Assets/Art/Image/Hero/Sequence/Zhadan/skill/爆炸特效（红）_0000.png,image,.png,12564,b3599dfd3f18eaed737a94b69d6d2190b2484ca8d516c8dee34e1cfee488fd60,d4cb6e26733e4804e8537fc3833fad53
Assets/Art/Image/Hero/Sequence/Zhadan/skill/爆炸特效（红）_0001.png,image,.png,23557,818347cb82db615753bb23dcd11b39b79c68a6b0ae1b0259b561da4f359bc886,d04e05be53e3f294289909525c46a241
Assets/Art/Image/Hero/Sequence/Zhadan/skill/爆炸特效（红）_0002.png,image,.png,31827,09f2913683c7270769749c1132bb50a677531fa264575c121e6cf04f9f21dee0,750f6a36e3b21764a925c0c90f0c766e
Assets/Art/Image/Hero/Sequence/Zhadan/skill/爆炸特效（红）_0003.png,image,.png,50735,f1651a5bd2f18f4a706d0cf8a9cf4d25ad3d302ef7307f53b874ad3ef394cdd0,2f352251a39791c47965e0087daade6f
Assets/Art/Image/Hero/Sequence/Zhadan/skill/爆炸特效（红）_0004.png,image,.png,54084,db72e5af3d671452994f1d08035ead777f9ac076a5627314ca3be1f7c1468bed,e6d84e80d1c9a064da0be5c9c58d90cb
Assets/Art/Image/Hero/Sequence/Zhadan/skill/爆炸特效（红）_0005.png,image,.png,65135,53e7a9d50dcc3a2f5c99732bba8b5b02cc6ccca6b4b79666761a970495552a69,bea15f39a26bdac4a9de570b2505b999
Assets/Art/Image/Hero/Sequence/Zhadan/skill/爆炸特效（红）_0006.png,image,.png,61305,bb4ed50feb90ad6f0f6b566a21e6fa09ad796cb987c261b447367a45ee4c9515,4a07e899f0ae860489bc4e9824fc2a88
Assets/Art/Image/Hero/Sequence/Zhadan/skill/爆炸特效（红）_0007.png,image,.png,58692,6672a9a2fd814d94eeecd146fa78a460436397c7cf66a47ab868e3cb1b4580c5,c8c53bc0809520a48b267df38f3a0456
Assets/Art/Image/Hero/Sequence/Zhadan/skill/爆炸特效（红）_0008.png,image,.png,52969,05f74aa7326608c9d5cf0ae3de348ab980b8642258e7724e965cdfddb20d49fe,81ba7ebea6c837947b775fec5aba22ea
Assets/Art/Image/Hero/Sequence/Zhadan/skill/爆炸特效（红）_0009.png,image,.png,54119,a8be5cdd626bda5f08edbb36065100d367ab33fb2b29071d11a429dac9834228,4fc6bf0e4cf556f4791149cf60e48d05
Assets/Art/Image/Hero/Sequence/Zhadan/skill/爆炸特效（红）_0010.png,image,.png,54214,81e4f7f27837e48fdda7f66df3feca2b6391b7446cef2a6c2963a58846c5c4ce,d765574f93d5c0a43bac03e665db7cff
Assets/Art/Image/Hero/Sequence/Zhadan/skill/爆炸特效（红）_0011.png,image,.png,46801,7e0bf49d0fc30c99ec458b707732637a83289e604f72b7c15f69733dc6e44f2e,6e192964da3861442ba350b80366621f
Assets/Art/Image/Hero/Sequence/Zhadan/skill/爆炸特效（红）_0012.png,image,.png,45634,91580c44c5e0a2886845822bbc42f94d04041281d83f311596df05f4be693b7b,d409f8911fef0b14089db625ed29e975
Assets/Art/Image/Hero/Sequence/Zhadan/skill/爆炸特效（红）_0013.png,image,.png,42244,bfb07f540c4c5bc998ec320cc03d7f5d705a8e4fc0cebd6c91c0ceadfc970ebf,a2ec22265b77d45478404816650c501d
Assets/Art/Image/Hero/Sequence/Zhadan/skill/爆炸特效（红）_0014.png,image,.png,42002,9b2169350453dc48ca5c5d5cf4b39fe59750496d962c18f8c03a6856879fb851,bd987f5ea0978a84eab30d6b58b6696e
Assets/Art/Image/Hero/Sequence/Zhadan/skill/爆炸特效（红）_0015.png,image,.png,40692,d661753e989e4e10dc39bf6ff73b4e4d2a460fd634896b0527e13cb9839558a8,9b7552a4991ba294c8ee27d7b79ec3a5
Assets/Art/Image/Hero/Sequence/Zhadan/skill/爆炸特效（红）_0016.png,image,.png,41185,23f12715a0eb57782dc621a713a04dea3c730041ebb47b67e703bad3ea9d35ad,cc5f3bd1a7604da41a6786d1a56b43a5
Assets/Art/Image/Hero/Sequence/Zhadan/skill/爆炸特效（红）_0017.png,image,.png,35919,69eb29428a1825aa404cbdd59957c55b34b19aff56b75dd18b6f12c40592188a,97899f18f65751d499f6bc412a41c3ae
Assets/Art/Image/Hero/Sequence/Zhadan/skill/爆炸特效（红）_0018.png,image,.png,35655,7c8f2199b4801d0dae009314eff55b93ec40ad36a8e569923b5b44b796138550,f678bb0398522604eb1e3316838a8fbe
Assets/Art/Image/Hero/Sequence/Zhadan/skill/爆炸特效（红）_0019.png,image,.png,20434,ec55abb64804bf129864b59e11f9669b966ee464292f67aec9846048ec7584f3,2effa52a7b15fc84490d41f9eae266ab
Assets/Art/Image/Hero/Sequence/Zhadan/skill/爆炸特效（红）_0020.png,image,.png,19067,5fa41beb06e0cc85509cab313ea5cd5ca7fe586be51e6afacad7698ec904c896,f6ca46a3bca201e4d87695797bc75a97
Assets/Art/Image/Hero/Sequence/Zhadan/skill/爆炸特效（红）_0021.png,image,.png,15246,db75d581557944715159f0e149d7b4c8541721b091455f86e6645bd2c57a4649,3fdcdf594cce1c5499e269b734ebef45
Assets/Art/Image/Hero/Sequence/Zhadan/skill/爆炸特效（红）_0022.png,image,.png,12861,369e355a3c35adcbfb6ed0dba9654a0ce761f8f3769877ea5bf3a292aa7560e8,1d51a0a84fb9d9247985840a81c44280
Assets/Art/Image/Hero/Sequence/Zhadan/skill/爆炸特效（红）_0023.png,image,.png,11800,1e8c7256a4ca4fe907ce4d25a000b470e6fda68331fd6d3d4cc77d868dacb37a,94c8397eecc4cdc45a574943c096817d
Assets/Art/Image/Hero/Sequence/Zhadan/skill/爆炸特效（绿）_0000.png,image,.png,12465,64b319243e862d41db46f9f55bf59c68f7fbd9a7395e5150338458038d779955,9c9267d49eb2a324da37116604a26a4d
Assets/Art/Image/Hero/Sequence/Zhadan/skill/爆炸特效（绿）_0001.png,image,.png,23323,670494ff97410f4ef87dc5e3734379f41267a6e6f33c763eab71d66759c7cc8b,d4149a45af1d8ca4da41666f6895bf2c
Assets/Art/Image/Hero/Sequence/Zhadan/skill/爆炸特效（绿）_0002.png,image,.png,31272,efe7864771bc9d6ed414e349557088e31c60ea54c39c49e838acada74badb69e,2eeaef74a0023434faac235367f90c32
Assets/Art/Image/Hero/Sequence/Zhadan/skill/爆炸特效（绿）_0003.png,image,.png,50443,b3bd711986ce96521f209548a7a49cfa70ebdf65b47db26ea6acdec59f0184b1,d0bfcc4afcc7b64438d045597f68b6ea
Assets/Art/Image/Hero/Sequence/Zhadan/skill/爆炸特效（绿）_0004.png,image,.png,53747,2a0400b82d9ad5b574c43c40b085d302261eb460c8e71d566bc1f3a8a026d1b3,6f2a0282ac8444647b56035c197d429b
Assets/Art/Image/Hero/Sequence/Zhadan/skill/爆炸特效（绿）_0005.png,image,.png,64795,0e703c54d99c773fbb0ac2832ef273bb30fff10fc06643b18a6c2eb1c475df39,5fe0111e7fd12904582b257a4539fa0b
Assets/Art/Image/Hero/Sequence/Zhadan/skill/爆炸特效（绿）_0006.png,image,.png,60786,3d62cc7665895f641ad14df2e5e932bb1129542ab109afaa0525eecabf75c135,f6c185b80748a4d4c814a88a76f62c6b
Assets/Art/Image/Hero/Sequence/Zhadan/skill/爆炸特效（绿）_0007.png,image,.png,59724,578140bc70623f00344aaee125b3ca5e80976b8b4c4bba9acc7e1ff3e7099397,1bc3ec7656f564542b290ad5b6bc44eb
Assets/Art/Image/Hero/Sequence/Zhadan/skill/爆炸特效（绿）_0008.png,image,.png,54026,4cf1a5f57808361989cd7730571280662d4515b3f83102205495bb79b0719d6e,eb7596b04c3a35d45908b69ee52a9ba5
Assets/Art/Image/Hero/Sequence/Zhadan/skill/爆炸特效（绿）_0009.png,image,.png,55973,322d74fb13bdb5c2d60a1c82d77ddb63fe4e383f0243d1382ead77fd16e02224,84857c39f249dbb4eba3dc2dd0ef1e7c
Assets/Art/Image/Hero/Sequence/Zhadan/skill/爆炸特效（绿）_0010.png,image,.png,56080,65c3aba05aa8745bcb70fa6b62f94e398f3e1d6c940dd3c38d2348a99106d09e,a4a03a3dc438b6243895ec6dd56dace7
Assets/Art/Image/Hero/Sequence/Zhadan/skill/爆炸特效（绿）_0011.png,image,.png,48863,4f98a7f6c35a417b28da51a9bd5b6e0acb84e0ddba27079f93897f4739b610d8,6be83e208e7fc1e469d68ca70d46db06
Assets/Art/Image/Hero/Sequence/Zhadan/skill/爆炸特效（绿）_0012.png,image,.png,47711,62ededc0698e78049865fbadd200a96d31112adc522f8fcd68a8ca93d0d7e44e,85baeba17207f104a8b640d1a1ad52d5
Assets/Art/Image/Hero/Sequence/Zhadan/skill/爆炸特效（绿）_0013.png,image,.png,43861,08e71109e2ed8db8f85ab6bd7a8c17f30f991c107b882c2a1057defe15025306,6eb27ccabdada0b429fec82ddc185dc4
Assets/Art/Image/Hero/Sequence/Zhadan/skill/爆炸特效（绿）_0014.png,image,.png,43596,b280b6862e95abef488370a518965fb6a416ca07263d577c58aea856c810cfd3,c95c79d9ab7a0c340aac50fbc353836e
Assets/Art/Image/Hero/Sequence/Zhadan/skill/爆炸特效（绿）_0015.png,image,.png,42246,fc01fb6069abfd81821e87de7b6f7caf4fb22a799b9979f7472c57865b245f4b,9d08d2285da29f64cb161e82d206bb96
Assets/Art/Image/Hero/Sequence/Zhadan/skill/爆炸特效（绿）_0016.png,image,.png,42641,59409faa2c6a4597ec75036e219be91113de42589c10df7533e1df814627ebf8,80604fb5c56be1a4da3c1fee2a199094
Assets/Art/Image/Hero/Sequence/Zhadan/skill/爆炸特效（绿）_0017.png,image,.png,37160,00df28b862a03c191929e3e8a518a7e0d16aee816b19ff2fd5d16415aedb546a,ef367ac8a5aa3dd4eb9abb6a28427a09
Assets/Art/Image/Hero/Sequence/Zhadan/skill/爆炸特效（绿）_0018.png,image,.png,36939,27c33690d92e16e940ae0be866a4966f1347ff1f30a01c8cdd17e81116f45eca,c12860e765fb98f4fa9b1d32f280691f
Assets/Art/Image/Hero/Sequence/Zhadan/skill/爆炸特效（绿）_0019.png,image,.png,20406,2a0670df302ba143a3263f5808f1ff10a68419fd4124aaacd56777b9c029796b,4b5ab769bb0ce2b44bcc8ed6b8f45274
Assets/Art/Image/Hero/Sequence/Zhadan/skill/爆炸特效（绿）_0020.png,image,.png,19060,cd2c27abfbec9fe9abdf068e86296a8a3b0fd339f21775dc8843cc9430914749,d200a6cc19af4f24396f1840edf45fcd
Assets/Art/Image/Hero/Sequence/Zhadan/skill/爆炸特效（绿）_0021.png,image,.png,15244,0806ac1b54946a5e0c5297811b57f1e86f33bafa0eec10999819a9a04bd5a4f0,0c5acfbe08e9fad4cac1f68ea0a7e6de
Assets/Art/Image/Hero/Sequence/Zhadan/skill/爆炸特效（绿）_0022.png,image,.png,12864,1428a17266a6e89f1195787e515361462125cf9e2c20782157ce60c9221706ad,fa71cd4869af73449b13e248340b5278
Assets/Art/Image/Hero/Sequence/Zhadan/skill/爆炸特效（绿）_0023.png,image,.png,11803,a50359ad74365b67dd5e19adb9d984f62c6eb5c2a3c40b4947ae6da935a1d538,4abba19d59a4a5347a5d474761e8ff6b
Assets/Art/Image/Hero/Sequence/Zhadan/skill/空中炸弹紫_0000.png,image,.png,22347,39805fc21ae0973559aba15103e38d7aaead76447f40bf5421bbc4108e7cd552,c0321e4014123ba458387301a528df8c
Assets/Art/Image/Hero/Sequence/Zhadan/skill/空中炸弹紫_0001.png,image,.png,25564,0f6ef077968bdbe4c83fe75e6db6212b112dd7645e568c6f6e88b4e353f42c9d,5c42830a7da620747a88b50f1e5dc41d
Assets/Art/Image/Hero/Sequence/Zhadan/skill/空中炸弹紫_0002.png,image,.png,23739,1f43f0632b8060dd9255f10749c2b83125933b550fe192ec4bdc01e244bd863a,d0a172928c298a14eb3ab7ab7bdfdc82
Assets/Art/Image/Hero/Sequence/Zhadan/skill/空中炸弹紫_0003.png,image,.png,24184,b4d602523919d8bd2faafd16fe20ffe417b7e60ecf1c9ce7c8fce31646fd02ec,4dceb13ec1c869d4ba7b16963c84468d
Assets/Art/Image/Hero/Sequence/Zhadan/skill/空中炸弹红_0000.png,image,.png,21708,6bcc92f908ac637299ad9dea0cf61c20d0f16f84a47d08f5757bc2a7fe7a4933,5434840e08f2ca14dba124a8e5197fe3
Assets/Art/Image/Hero/Sequence/Zhadan/skill/空中炸弹红_0001.png,image,.png,25214,a74d2833f6c32ebe1c5eb886420365262a85013f3c179a1ee8628e0d789ab061,c7c1a4fe69392fb46a039d15f8f538fb
Assets/Art/Image/Hero/Sequence/Zhadan/skill/空中炸弹红_0002.png,image,.png,23354,730c60c99a4f3d1cf24b84a36a97f35c380dd71c41257581ad691b829749a3d4,9f2bc9b88413a35478614532dc37aef5
Assets/Art/Image/Hero/Sequence/Zhadan/skill/空中炸弹红_0003.png,image,.png,23827,8f10a49ad9ffee5ebf021cf804b1f76fc60393e3bf3a7ed435347d5211e312f5,e78e3148dbff4db42b20e3a95fecd948
Assets/Art/Image/Hero/Sequence/Zhadan/skill/空中炸弹绿_0000.png,image,.png,22598,49f157a15486a547fa27813ec142c591128c6574c2c659c84f68aba12fdca148,27be2e72576180f4bb6cb77a2775cb37
Assets/Art/Image/Hero/Sequence/Zhadan/skill/空中炸弹绿_0001.png,image,.png,25951,2f59929be8fe5fb3b7fe00d9560f1aefebf833c76cc2b80f59cc8a15096a4180,66d11e02a29922946bc8173fbda80779
Assets/Art/Image/Hero/Sequence/Zhadan/skill/空中炸弹绿_0002.png,image,.png,24034,5bf81f52c6b2e971bfbf3cc38cc9f90b69b7a66edde026c2545e0d7eda9a19ce,4fd66eb927d899b45aa4acf41033d644
Assets/Art/Image/Hero/Sequence/Zhadan/skill/空中炸弹绿_0003.png,image,.png,24489,227c75700886cc804aace79d9d0b904b0112ef80ce113a4d373012d71ebcc14e,dbc10cbfd2c8226489bd79144c2d4497
Assets/Art/Image/Hero/Sequence/Zhadan/yidong/yidong_zhadan_hong.anim,animation-clip,.anim,2853,9bfe91b8c25f959e2667a3bd2ec8aefb02fb84d392de11f08710b834fe4678ae,849b22c1670af564aa73378f3b74e8c1
Assets/Art/Image/Hero/Sequence/Zhadan/yidong/yidong_zhadan_lv.anim,animation-clip,.anim,2851,b22da24a23ef0eef23757370e27cb84254e809437ecaa3a86a82814ca29f7513,702653f01fdf74f4296f3a41d89d1db5
Assets/Art/Image/Hero/Sequence/Zhadan/yidong/yidong_zhadan_zi.anim,animation-clip,.anim,2851,b82523a16f220a82b527704929a23761904478b0d576385d69e5d04fdd654c04,e1b06b20f6071bf4094113c474eb2661
Assets/Art/Image/Hero/Sequence/Zhadan/yidong/紫色炸弹移动_0000.png,image,.png,29356,2640cf3bbca7442348b35815efdd3f09b38537a90e2e43e43e25aa9c79cdb638,7d9b4999e1c41ff4289fa10c9a23a0e8
Assets/Art/Image/Hero/Sequence/Zhadan/yidong/紫色炸弹移动_0001.png,image,.png,28723,066a53a13ce615c970270c2f20665085fd4a02f688eab95febbe954b1b280444,01b746c956c390a418e4c0a18a51dc8c
Assets/Art/Image/Hero/Sequence/Zhadan/yidong/紫色炸弹移动_0002.png,image,.png,27234,e239db30331b13a365744a4030b2eb782be343e8491ddd3f780528d7ec61994b,806973f1f1cfde146a68c5f56dc9b29e
Assets/Art/Image/Hero/Sequence/Zhadan/yidong/紫色炸弹移动_0003.png,image,.png,27704,45860459f6658f54e9338b2e92eda4e4b8b70a91882865c5aa25af6118544a1c,934c4904871588e408bb57f360b8ee65
Assets/Art/Image/Hero/Sequence/Zhadan/yidong/紫色炸弹移动_0004.png,image,.png,28226,be5a46ffebcb0a7c441fe44ee8a7b43b13eef3995c7f0b26270aa73d54270911,a4dc45d96ba79344eb38d6846594004c
Assets/Art/Image/Hero/Sequence/Zhadan/yidong/紫色炸弹移动_0005.png,image,.png,28188,c77182b29f6baf68b44e63d733d7cccefbf0d7eda75f37788bb01288ceced2a5,23150b790e756d042b55d7cacbe4076e
Assets/Art/Image/Hero/Sequence/Zhadan/yidong/红色炸弹移动_0000.png,image,.png,28643,5e5035ff5b83ca1241b4b5a5ea7065265697c15507cbde62e96363ab12b1f624,cb9bb9516a75d72419d6dffbc55397e5
Assets/Art/Image/Hero/Sequence/Zhadan/yidong/红色炸弹移动_0001.png,image,.png,28026,b3c9916311e6916261442bcf1d1f3263df555c5062252ce30cc317555a3f4269,46096d2ccb96ca445b5576b41153a25a
Assets/Art/Image/Hero/Sequence/Zhadan/yidong/红色炸弹移动_0002.png,image,.png,26922,be601232f74e521dac4c1b0d984a1bfc9addb901f0ae965c275e2051d2e07477,ab4fbd492e9bced4d99bbf4e3ccd5f18
Assets/Art/Image/Hero/Sequence/Zhadan/yidong/红色炸弹移动_0003.png,image,.png,27274,92b81fcbb742261e5fec8e5f395d22417dad33fb774835f694a4b2adb1f72248,03589f3cfe2002644a18c942b7c7af84
Assets/Art/Image/Hero/Sequence/Zhadan/yidong/红色炸弹移动_0004.png,image,.png,27641,62a6de2d8e57fc0d9f5bd8b12f4e271299be4f96eb4bd87a2edd76abaff98c5f,091988b937fbb5245bd1475b8c9566fe
Assets/Art/Image/Hero/Sequence/Zhadan/yidong/红色炸弹移动_0005.png,image,.png,27720,6b9d3e75d0f052f5878d30291faf429c1189b2473d87daedb95d59a9e3b16029,ed311e94e977e3b48ae46c39818237dc
Assets/Art/Image/Hero/Sequence/Zhadan/yidong/绿色炸弹移动_0000.png,image,.png,29580,6a12cd12bb2e5781a5f2432d51ff03b2651e265e7c6460a0f8f08d66fb0cb9ff,5177a4c3d549b5049bcc7073c393e3d5
Assets/Art/Image/Hero/Sequence/Zhadan/yidong/绿色炸弹移动_0001.png,image,.png,28952,059e0f9e84784c54c4f1dbe9a0aaeeefefdc80c7a9e0e03fa11172af4a7cfb3e,1fec15fbc46ea7c47834c54789f87de8
Assets/Art/Image/Hero/Sequence/Zhadan/yidong/绿色炸弹移动_0002.png,image,.png,27377,ee5aaec9ba65aae5b1e8b145ffec180bc33d7d9b03ec7bb0983fd37acd30f950,4972a26de8880f74db7bb912f85b06c1
Assets/Art/Image/Hero/Sequence/Zhadan/yidong/绿色炸弹移动_0003.png,image,.png,27841,d8d589ecbcae7c0a7fab667d81e5fae169ed6f38aff4c8d446db3dca2ee68e5a,1a0d849f36ee12f4baead22420348e09
Assets/Art/Image/Hero/Sequence/Zhadan/yidong/绿色炸弹移动_0004.png,image,.png,28464,3b3bddf09ff28fc47cb502db95241aeb0de5fdddf1580df3b6769b23bb5f6c68,09c3eed353ab610478da7e4da74af17a
Assets/Art/Image/Hero/Sequence/Zhadan/yidong/绿色炸弹移动_0005.png,image,.png,28348,2dea45b062c607a16919fdc0e7ac1f8cd0efc3c976100b9b560627854bdf8757,a77aaa3e15c009448b7481b656eaf6d2
Assets/Art/Image/Hero/白色.png,image,.png,23071,612c9d487bef696ad0a0c2a72d6a8a4cd5a2c7d3c1bc3b15579f6c42baf4821a,17761dbbadac2ed4493d798c6d0b1acc
Assets/Art/Image/Loding/加载时背景图.png,image,.png,2700683,8f48f0340707f35dbc87e2d0e5f56e788c5ab8abe54f9cad0c6854a772ebf6ea,f8a2a4a8b5afa774b9c90cab2a62c7a3
Assets/Art/Image/Loding/进度条-球.png,image,.png,26086,8b317d697ba7c75fc8428fc2ed569cf125cff6836aaef2233ee5eb62e145e285,581414a5691b14244a714af973cbd51f
Assets/Art/Image/Loding/进度条.png,image,.png,42641,039a3ede64c028f0d030ef1219b0b26e70adc8a55efbacfa89677afc681c0ac3,0302e3eca1486a041af96c28b4c2bf08
Assets/Art/Image/Mouse/剑-橙色.png,image,.png,5864,5da6a96b7805270d956afec2c61592ad743a64b5780ca8d5e24aac9fab930864,147f1f0bcec7f2e4a9997935a08db4bb
Assets/Art/Image/Mouse/剑-紫色.png,image,.png,6006,4e59a3c5bb7bc205c043aca0bbf547a8378477e79c332636b836c8b7a7b4f258,5d9f89ef069a42b44b7997ff01930546
Assets/Art/Image/Mouse/剑-红色.png,image,.png,5964,705cbd7379cc92ff057e0a9fe1fbf8556a340f3291ea41dfe57075036c47780f,07d45f58416d501479b6130b64d75b49
Assets/Art/Image/Mouse/剑-绿色.png,image,.png,6014,8bb98589123e7713b33a6620770f2de1177408ad6fd5e64378ddcb32ec593569,61d62858af474744181ac26020866e86
Assets/Art/Image/Mouse/手1.png,image,.png,8415,86abcad3a29b6a3fc95628335160df023e64f1388833a99eb5cec7aaf707f7da,d8ced145311db2b48b18fd38b5356b55
Assets/Art/Image/Mouse/手2.png,image,.png,7890,ac2337f56f74b14ddf276c9b510a4e8f04050a448ba239fb6b31ffc34f0a2f4b,cf52e74ef677e12488a33b0fac89b210
Assets/Art/Image/Mouse/手3.png,image,.png,8269,ec180e85d58c6a5149527156687e256afd3f03b69a49f77af18a5922d932047d,5835159079c1abf4ea6441e44c5143be
Assets/Art/Image/Scene/B1/a1/a1_cao.anim,animation-clip,.anim,18112,75c91ae40c6b86f257b15b98f073d88a0fa91d9cb03cf34bd28a7bd2b8d07ef8,15461f5accf48584a9594daffd71497a
Assets/Art/Image/Scene/B1/a1/a1_cao.controller,animator-controller,.controller,2030,980ff5923ab62149c5333c6d7486539cf32a7033b5f16ec14fe75d0d370ab545,515bce24191f9114aaf337143a750e07
Assets/Art/Image/Scene/B1/a1/a1待_00.png,image,.png,6058,a13b6ad255c0a4607999081e308b251d68f88ff6bcaf3e9d72cde42f822cf491,a2e80764351b9f04eb467015c33fbc2c
Assets/Art/Image/Scene/B1/a1/a1待_01.png,image,.png,6031,1d579c5b98ff25fa619e2f95169d4e9c1aeaf28a0adc334974b5c41084bde643,9ee793f17bd7f6f49a911e957be948ce
Assets/Art/Image/Scene/B1/a1/a1待_02.png,image,.png,6050,12163c91c64cdf41ae91f5579df03bfcf766879cfd4ea84e464a7aa846549ccf,b3c0ba81d9a876243a5ee8e6283d7e25
Assets/Art/Image/Scene/B1/a1/a1待_03.png,image,.png,6073,46561a48a96c916cac96c2a5dd20b5e32a3cea9db1712cc18cc8b23f9ced89cb,728a065a093ddb946b202d681fc696b5
Assets/Art/Image/Scene/B1/a1/a1待_04.png,image,.png,6066,b44e793c39842390d89c338b10639c7afad377333bc59f2b2a05508d4b57eba0,0aa1cfab13abbf54cb0edee01cee9e50
Assets/Art/Image/Scene/B1/a1/a1待_05.png,image,.png,6074,d5a058f001f85490ac3c075aa3458084a29bffe60d2dfb3e25495a712b850ee4,7a5daad5b867a354c931eee32b81d621
Assets/Art/Image/Scene/B1/a1/a1待_06.png,image,.png,6054,2b7392e384a098295fab50e9b4878d03d090c924f8ab6d2c00ca49052e0d8c36,6ca20da8891ea07489029069489eff62
Assets/Art/Image/Scene/B1/a1/a1待_07.png,image,.png,6079,48bbe94606d38105655b3ead8af064282197c6dbcd2edad058d864202f86e93f,3709be0ad400d394ba27437e44f50a65
Assets/Art/Image/Scene/B1/a1/a1待_08.png,image,.png,6071,79732fc058a46d32b1849f71d927aee1deac23c959bb94bee9ad1618fc7ea162,fa0f62ba24d37b34c92a41074665cca7
Assets/Art/Image/Scene/B1/a1/a1待_09.png,image,.png,6053,ab65919be541907175bbc20696505717b55e081a00ce7d23175acadc1a8ae3c4,1339c59ed0d500c469d247fe9e3c36f4
Assets/Art/Image/Scene/B1/a1/a1待_10.png,image,.png,6080,6976ed5188d154b7eabc31b6c66443e2d8dbdf79f500e6a23f3fe372fac7596e,287f853d7810b3b47b1c7d8aa94db9e9
Assets/Art/Image/Scene/B1/a1/a1待_11.png,image,.png,6059,06f76a6278dd8eb73f9c0f662fc079895544f34d4287b0d1c0625e5fedd566ce,7f6478be428b0454eb08b2edecbcec46
Assets/Art/Image/Scene/B1/a1/a1待_12.png,image,.png,6084,374334c3e2aba2341b47fe8e9e8ec1fd3c75afcf02b72ef9a0277a7f84e726fe,c2401c1575dbdc04388c3afaa9309d63
Assets/Art/Image/Scene/B1/a1/a1待_13.png,image,.png,6074,1cbf7a0e2574b97a43e8bd198101d214cde1f52f8f67ed8bb7c51c13be5d1a9b,c964002c86c572b45b22082f5b6d28ce
Assets/Art/Image/Scene/B1/a1/a1待_14.png,image,.png,6100,7d50300ad90932e1e2cca4f8280b7e8fbb4a3cc6e69058070cb0cfd3a5c5d950,8852ce0ab3070a4428c0814171214f5c
Assets/Art/Image/Scene/B1/a1/a1待_15.png,image,.png,6080,3c6749d7ba4c3dc54f07fa62a82acc8dc5e12fe29c9dde45765b100eb3faaf8d,8fb90192c33140c4bbf705528a3934c1
Assets/Art/Image/Scene/B1/a1/a1待_16.png,image,.png,6091,59d6ef0847bb4bcbc8138a6c2fc1ef42646da2a6c0a7ee2224570d43009625b7,8b73ce9686be48041bd958f1b490c800
Assets/Art/Image/Scene/B1/a1/a1待_17.png,image,.png,6067,8618641c3d52e52adaeac8730bf1523f7891b429bb6cdb36c415358cd99ee3c9,9eab3e4c091158d47add35f2d251bbc5
Assets/Art/Image/Scene/B1/a1/a1待_18.png,image,.png,6098,cf413c46c7a694cfafcfc6b3eed95ad9b4b956cf5abb7513509f653280783289,1c9a464762b05804b8ca1597256511e6
Assets/Art/Image/Scene/B1/a1/a1待_19.png,image,.png,6080,766b75a6e50401b97298d06be7c94cf8748a1a19957529df2eb998e17e314dde,5c85394810bbbcc42b7a8c96f2f81fad
Assets/Art/Image/Scene/B1/a1/a1待_20.png,image,.png,6075,d57cfed80c12b4b6ff2c4103f8a6f5b8e7aa936c84457af12999d1c44bb65a38,3e29f2595262d3e48be14e5fb0737849
Assets/Art/Image/Scene/B1/a1/a1待_21.png,image,.png,6078,f08047e23b68be9f47b1c3ccfe8f7c9d615486f09708dd1b5bea770f8029b768,dd57b9456b312b0408d01de99c831c80
Assets/Art/Image/Scene/B1/a1/a1待_22.png,image,.png,6092,4c0254ce737d8ce622fbc5c03bdec3e94c4c2ebfd91b35d08034a5def53c115e,b68e042b82f5a564c9535be2cd8d2aa8
Assets/Art/Image/Scene/B1/a1/a1待_23.png,image,.png,6085,7d9a0e2e71f96af9d21bfc0810804d3f16ab7288ad265fb9d3710516c3454cd8,00926a2bf348b6d47a7178adaeed18e7
Assets/Art/Image/Scene/B1/a1/a1待_24.png,image,.png,6056,98ed1e46c5c1dba564a441a2f759f88bd4566d4cf94bf31a7e528817a26233af,2dd2f07a1ca81574782da2b96ca20cfd
Assets/Art/Image/Scene/B1/a1/a1待_25.png,image,.png,6075,a3f0daec2dcc0d758c08e26aa349e13638cfe1e05c462ac0ed7005c59f9e2926,262ab66e64b4b59449e96c95f7250d32
Assets/Art/Image/Scene/B1/a1/a1待_26.png,image,.png,6091,f10d05a14968302b8793ec459be63ca28752fe2ecd7bb9c21b743d8af1a4a66e,63b3c273ad4bea846901495ebc7937e7
Assets/Art/Image/Scene/B1/a1/a1待_27.png,image,.png,6091,492d24521a7c9b4529adb2f713256be49c9f0a61ad7b18809c16af4bf9e1c7f4,6045217e887d52e43b0f9c09ddff46f1
Assets/Art/Image/Scene/B1/a1/a1待_28.png,image,.png,6071,86657a24eb85e921ac13e0cc72e748b3216c4f5aa2023d0e984912038c764e32,0688f91a0b8c49140b1b912ad858499b
Assets/Art/Image/Scene/B1/a1/a1待_29.png,image,.png,6063,9debb32538ff038d5c482a6d8bd53f4797e87db7baad98f0c4a85532085bc1fa,d52e0cd0b90566e4391427cf40cb5fcd
Assets/Art/Image/Scene/B1/a1/a1待_30.png,image,.png,6049,6a0f0115cebe6041405ba8e08a69498ca770eccb47c34d1d32e4156add922da7,e5972142cef497442a0128ca9e99ed9f
Assets/Art/Image/Scene/B1/a1/a1待_31.png,image,.png,6059,19d25206290454cbaf222617aa7c76ec031fd525713c7ad7eefe5b587ea8699c,6ab3a99c5da3a6c4cbf14a6d3025c98f
Assets/Art/Image/Scene/B1/a1/a1待_32.png,image,.png,6080,fa0f97587ca78ba34ee32dbaa1e4edae4358365f0bd80e3c5ded3c9b642f2c54,5fa8995fd3fc4784488c2063dc5e6490
Assets/Art/Image/Scene/B1/a1/a1待_33.png,image,.png,6081,2951185b1e6bedd70cca72a4a4cc05416bb7c478848f91bd4f7f3a473e1d8e3f,7509b9a64cf254e47bf96826a5800dc6
Assets/Art/Image/Scene/B1/a1/a1待_34.png,image,.png,6089,2d31f31da0d8f16a216ac31b9869e4b89fc3a1a2c4b238a0a587b93fb9df8832,c2c92c43010284a49bdfde096b747647
Assets/Art/Image/Scene/B1/a1/a1待_35.png,image,.png,6075,f330135d7421453fa620e1cb58c40be77cfe6f2b0208443f6b8c3ab1af94ceb1,41f74d08d3fb1fd4298e0ce1b55901c3
Assets/Art/Image/Scene/B1/a1/a1待_36.png,image,.png,6060,36c787c12b7a0135f3013dc12f100338872ffd15e46c5a1fe64118d1ae57e947,8720b03898bf91749b48d804fe391d58
Assets/Art/Image/Scene/B1/a1/a1待_37.png,image,.png,6063,1a451c6b094e0c8760d39b3c0c127fdde27e969c8985ef2c5e51e19166540ac6,b077b46215f45d24688a3625704cacae
Assets/Art/Image/Scene/B1/a1/a1待_38.png,image,.png,6065,74bf12345eee79460ee16f1036a9c81ee788ca9ed1a946ed7333718625ebad6a,6f7c7638c7abe214c8a3b2bd6d64882a
Assets/Art/Image/Scene/B1/a1/a1待_39.png,image,.png,6040,cd889ef844dccbac502e70dce3cc1b9e858ff58ed4b2adeb1df45ffdd2299a2d,5d88238f2f7012e4b9cacf0531376d58
Assets/Art/Image/Scene/B1/a1/a1待_40.png,image,.png,6033,71ef0caa2c6b555258b0a7345cff38bf3d33a214abbb560ac1d029204640c0c5,b2db8a7595f33b042adbe764e36a6f7c
Assets/Art/Image/Scene/B1/a1/a1待_41.png,image,.png,6033,d649d63c03ba96c007fb18036812953b3dce4aa69b205e38b0d119fca1158fc9,74f57ccfc03ed2b4bba69e83316e2641
Assets/Art/Image/Scene/B1/a1/a1待_42.png,image,.png,6031,0a40908c925fe1e99c78cf17ae30c0c66e3081997437a2b1e3439255c5ce3e34,f4c065d9d04121841be03ce9c0ff254e
Assets/Art/Image/Scene/B1/a1/a1待_43.png,image,.png,6048,747a6898107bf0921b167230dcc3f8fae0ed92723db2ebaa189f4b28435bd867,acc73d3f2fe51d446bb645ed512659ae
Assets/Art/Image/Scene/B1/a1/a1待_44.png,image,.png,6068,46e79f002f1e59239267ed2fb0fe8ca505cdf00e12dddb9769b4aeb55e3a5a54,446619ed16571e34282c737d975287c4
Assets/Art/Image/Scene/B1/a1/a1待_45.png,image,.png,6026,b298b51f7e60d06e2b67bbf6adf3b9facb210e1140c50e500cb172862045e7ce,c403f8ee8a95bad42b4f0e6a8a9b167b
Assets/Art/Image/Scene/B1/a1/a1待_46.png,image,.png,6045,a2e25a4f5fdf74cd104b03c883084d4346f573b4b540aec0ba4250e77492440f,99b9cacfff57761448fe6edf20af565f
Assets/Art/Image/Scene/B1/a1/a1待_47.png,image,.png,6057,7475c10f4ee708af648fbcecbb32d652660ee5f84b7e040433f43a74a09d1b68,da29e3fa280f61d46a2e3307d4f0794c
Assets/Art/Image/Scene/B1/a1/a1待_48.png,image,.png,6026,a0bf8ab39d0c5d367a240e468a12ea54cfa5c03f7dddfa0b05ce244cf8cba3ac,3f002f95c86e5ca41bbac55cff197a30
Assets/Art/Image/Scene/B1/a1/a1待_49.png,image,.png,6010,817b30c029b01a6e93a6c4c32fcd68401c10d883325f0c239ba026df28988ade,8302d293e769ca94b8a12cf1260c62f3
Assets/Art/Image/Scene/B1/a1/a1待_50.png,image,.png,6039,35b522d736179f16df09ece51ebff9979f142a0ba2deee4232911d876afaba8e,846f970ad434dbb4b8d64aa72609a426
Assets/Art/Image/Scene/B1/a1/a1待_51.png,image,.png,6016,eacc3043383077cfab181cf9212075f7650a4b89a3df6732b8feab84c7ac2c89,2b4662dfa4278b948bf44044606361f5
Assets/Art/Image/Scene/B1/a1/a1待_52.png,image,.png,6019,fc569ec5e167f4b4ef0a14c8bfcdc87d110f4861e695ca4599137341657d85df,784f4fde06ad8f948974d1eb3d91539e
Assets/Art/Image/Scene/B1/a1/a1待_53.png,image,.png,6023,5fd19d3255cc4e8ceab850c0d8f51e3b7e22e9ea2229efc27c10ef0aeb7c8ee7,9eb038b85644987459181efdd315bef7
Assets/Art/Image/Scene/B1/a1/a1待_54.png,image,.png,5995,30f8806290531f64ce8b83b4611467d21ec673457332128d150e6bbdab7e214a,68403e03ba0d7984aae1a3dfb79bc7f1
Assets/Art/Image/Scene/B1/a1/a1待_55.png,image,.png,6023,7272cde9e8c80391edc0e68f213416e28ce1f3c6b2e3359cc65c1e8bacc3796a,d6e56e7fd72d9674f8847025b95360d8
Assets/Art/Image/Scene/B1/a1/a1待_56.png,image,.png,6034,468665d6d782e975af349df0c010a9fd8068e42f57ea03854ca9bcdb9270fd51,57dd91c97dbbea74f9be1b1cb043b518
Assets/Art/Image/Scene/B1/a1/a1待_57.png,image,.png,6046,0d2ff916335fcee604ee5d04ccca42f4d065cd246a39caf060071710f89f004c,f9ee28ec5d3601d41b098a5bbef61723
Assets/Art/Image/Scene/B1/a1/a1待_58.png,image,.png,6032,0800ca8409ead442774af4c4f535b5bca68d015e42df4c440e4aed3b1ddb0ebd,0b0b0d5a5fd355c4688576f419dd6a6b
Assets/Art/Image/Scene/B1/a1/a1待_59.png,image,.png,6058,4706f935eb9e3b48938c0c3f08220927772f2d7b0b9328fbcc8ded6493ebf807,88aa73cb8e6275246a7083ca98f3b2ed
Assets/Art/Image/Scene/B1/a1/a1待_60.png,image,.png,6032,a39d7f8371f5d327f913323bb789bb2dc0e1f29d397ac6ce7add1cbeec3b8915,8c19eca6134e20845bcb197e6a21f580
Assets/Art/Image/Scene/B1/a1/a1待_61.png,image,.png,6070,77a03a1803984a7796b18d96b4c114ac5bf1d1a1a47337f170e9de7cd4c422e9,7955d3b7b8adee1458db97cef06799d7
Assets/Art/Image/Scene/B1/a1/a1待_62.png,image,.png,6033,6d696b032676f5f267e53565b036831c87ffb4753aab42b9b60396fad3306313,41c592d68acef274c816344c85b1bdf0
Assets/Art/Image/Scene/B1/a1/a1待_63.png,image,.png,6036,92ce479c77a22bcbc8740a1cd62ba777923dc2787270b0d333dd550cfaec000f,e01385f309fea2841a4b629530949fc9
Assets/Art/Image/Scene/B1/a1/a1待_64.png,image,.png,6035,18b3a2c07ef0b00b983fc38ace327671d02b4e9cd03dddb2586df1c9534169fb,eb1c89d967a0e5242aaaf91e022d1997
Assets/Art/Image/Scene/B1/a1/a1待_65.png,image,.png,6009,fc0f562f67900ebefbbf35cc75018c984b8aded4e219ec269cec5e9ffb8db0cc,8c16006ec02b17b4a8afb5826238fe4b
Assets/Art/Image/Scene/B1/a1/a1待_66.png,image,.png,5993,637bcb4f95c03bc8ebc00a78f48005036c56658a344cab975f48973819300dad,66a6c2aeab2b86148890a3304e6346a6
Assets/Art/Image/Scene/B1/a1/a1待_67.png,image,.png,5984,d07fb4c9fafc30abdab6a4aa5134a66108bfdc0a56f4b12a768027c92e3a63d9,cc1b61dd3656be848b0cf64be41bb941
Assets/Art/Image/Scene/B1/a1/a1待_68.png,image,.png,6020,aa23ba2bf71261f6ee479bc4f6310f14260db48553252de02bc539fe27dddad7,3c60b6e91e22b5a41891fbc91c01d0df
Assets/Art/Image/Scene/B1/a1/a1待_69.png,image,.png,6010,21cd4b997da96518aa043258dd6d72190124e8c2891c78a479c021494d98d061,2d36f159e21a5b44eb4d8a3e4a54450e
Assets/Art/Image/Scene/B1/a1/a1待_70.png,image,.png,6017,9ab43e3372e25ec4f1c06ee1d734123bcce93ae50445762411b2629c9d7465b5,d7d4969f4d36cc54fbcd7ac3513e47c0
Assets/Art/Image/Scene/B1/a1/a1待_71.png,image,.png,5999,f0a27b7383eda5654211cc51ed07fbd6cd4edde6fe90de42199f68cf70d15e6b,89c6a677186e8ac43974164976d84406
Assets/Art/Image/Scene/B1/a1/a1待_72.png,image,.png,5989,a3847c8e9525b34d4d6331e3e312573fc08f6ac6085ca0fbfaf633853e121186,006014ab4365a334da2ad48457598132
Assets/Art/Image/Scene/B1/a1/a1待_73.png,image,.png,5985,c2fce67f45fa1d8c3cf743f30832fabd657a87e983c50671ee53dcfe24fca90a,3826830f67172904e90cf016faa923b6
Assets/Art/Image/Scene/B1/a1/a1待_74.png,image,.png,5978,d008f268eb7fb4e0ca4341dbfc207c1c61ca303540f2c7dcb9571cff60ed5370,b07e18a98f62db343972e812435f1ecc
Assets/Art/Image/Scene/B1/a1/a1待_75.png,image,.png,6036,247a002cfcaeef0cb62af1f83b03ab2b8a81b046194029dc6046364e01c050b9,24bb6fa176f0ba440ad1e4091de9d16f
Assets/Art/Image/Scene/B1/a1/a1待_76.png,image,.png,6027,ab376973f97df6cd3e93cdf9e9d1f090f9b306a35754db8d26917dbb148ca565,dcf5048f72d248844be9c5b948a8355b
Assets/Art/Image/Scene/B1/a1/a1待_77.png,image,.png,6070,1d1e5e7427643be9258061af8c3e9751841f830aeb36195f47377dc9c150820b,b5bf4a39062f7dc4599652968f6522fb
Assets/Art/Image/Scene/B1/a1/a1待_78.png,image,.png,6035,859680638d2eafaad5785cfb4f82a5d2ebf05889872a158bcef9084530ce7380,8bcc3045fe2ed2641a4eeae3d96ef8dc
Assets/Art/Image/Scene/B1/a1/a1待_79.png,image,.png,6043,4055b48b1a14c9a3e06734a43c6426ddbdbf284ee1463247dc69ca76f4241293,46cb11d2802a2fb469815fc47919390c
Assets/Art/Image/Scene/B1/a1/a1待_80.png,image,.png,6033,ed9903e1fa53a232ac0b622f2698b6d041b7bf422250da0e1912bbdd94a6bc21,5422e1239e404dc49937e8eec023f302
Assets/Art/Image/Scene/B1/a1/a1待_81.png,image,.png,6041,069a010af758dbfc0bc10a6c06891d95de7bf3f91c064eaa26e6cfc4b11d70c0,ae8ca336e79f4464aba2670bb7da9ebb
Assets/Art/Image/Scene/B1/a1/a1待_82.png,image,.png,6052,1ac0cc48a3906d3c21185c864d0cad2378ef7b04522e2c67f4f53aa0a52b291c,b52ca5add949e714a802b610ddff7d57
Assets/Art/Image/Scene/B1/a1/a1待_83.png,image,.png,6057,ff526a2793e04deabe13a3775d991e908a853e70f56134a558336ce7b9e31af8,55f9cba4b3ad70a46a75796087e06bfb
Assets/Art/Image/Scene/B1/a1/a1待_84.png,image,.png,6049,7cdcf2c3f2406d2cc698d70b3e038a6ce12d4c416c8f133b2b83aaf5d36cad84,409f4c48917a3404cbf85d69f01effc9
Assets/Art/Image/Scene/B1/a1/a1待_85.png,image,.png,6022,ef4236950bbc8b685a119ec1d06ad9a07e87aa17af89f5d3527ddca87bdaca84,3d43edc169e0ba14187c01bea001004c
Assets/Art/Image/Scene/B1/a1/a1待_86.png,image,.png,6024,0be9a87af69673ab13313b70602fa606db2dfbe83ca039c07df481763edf3f45,541753991a0ac2b498066ef22d1e0d21
Assets/Art/Image/Scene/B1/a1/a1待_87.png,image,.png,6026,655724f10d3973990f2b9ce4ec458ea2e4c7cfbab5cf2f2fd0a90776178ddf7b,c96f50fefa4d65747ac50f42acadc2d8
Assets/Art/Image/Scene/B1/a1/a1待_88.png,image,.png,6032,26729717c1f323bbd31aeb79c0e1b105327e1f0f809f22757eeb4587735e8032,17c32f759f4824247b219816109ad53f
Assets/Art/Image/Scene/B1/a1/a1待_89.png,image,.png,6024,23c53aeaaf322b2122cf6a5537d607a06fa7dc215bbaf7d9114f4b36f2e98a89,702dfa08babde9c45852744caadc5d52
Assets/Art/Image/Scene/B1/a1/a1待_90.png,image,.png,6013,9a552d17aa5e05ecebc6b81b4b9eea29b25ae0ffe48b2c56e6c6153b9ff556bd,80ba6789f5c125448a4078360e88d5a8
Assets/Art/Image/Scene/B1/a1/a1待_91.png,image,.png,6009,c4a5057983d22b7bdf86db763cb88e1dc9fa08a6c15e6b84960b24638b6e4f6b,52550fb75e3b2224183945e6a54272a7
Assets/Art/Image/Scene/B1/a1/a1待_92.png,image,.png,6026,ddda57e0c35d7595e344a3d6e78a62c89d0f3e18cfbae6fa00aa057390fdbe60,20a0465122d79514093212fe107e759c
Assets/Art/Image/Scene/B1/a1/a1待_93.png,image,.png,6080,b9656e66dc77c4d16d6adb8c876a355111ae986387fb270a9d7dc31817b97895,330026e8262d4aa4d8b7eff957aede34
Assets/Art/Image/Scene/B1/a2/a2_cao.controller,animator-controller,.controller,4177,94a73b6c1d32731095d8484d93ec5f47793ff042289b07224dc272ef33dd5b9c,336617cda2a2a5549b4a686ed2dc3b86
Assets/Art/Image/Scene/B1/a2/a2_cao_c.anim,animation-clip,.anim,13910,c8bf6935496bb98f894e4bee7c4268afab651f318f41917e683d51a2267a1f1e,db8c4c70726169540b53fef75cce2939
Assets/Art/Image/Scene/B1/a2/a2_cao_dj.anim,animation-clip,.anim,18817,f9ccd1bb00d5a57d9e4ee627cfac8a864606f785be58403a97f4850b8d9b5c27,9a194562a9046d145a13aa4606952057
Assets/Art/Image/Scene/B1/a2/c/a2草动_00.png,image,.png,26286,07b71fba17f01eafa3619bd33028a4310cc4ed500e5d72bc07e1cc07f048ff48,fe88d90f38f146244a84262f02216012
Assets/Art/Image/Scene/B1/a2/c/a2草动_01.png,image,.png,26495,3f8fe862220da3ad30415d1e72eee568337bf31782a1f1966e03a549ee871c06,efb8b2cf67c512e4c91cae7193773ff1
Assets/Art/Image/Scene/B1/a2/c/a2草动_02.png,image,.png,26641,87d41f68870e5f97f6141e085dca0de9f6112a66a8c6b39315378108adcde35b,79398d630a6e0b84bb55ec6c504dbebd
Assets/Art/Image/Scene/B1/a2/c/a2草动_03.png,image,.png,26686,3cfa31f549b6870e7d77ae064d894672c6b819155a200d2942c8649ce45baa0a,957834a7921fbd849a127004764bde4d
Assets/Art/Image/Scene/B1/a2/c/a2草动_04.png,image,.png,26710,2db47809935aee143da003bd84acf276b944a451c7ffd7b0585fb4644e2561d9,4689e9109c3645347a67171512d0d870
Assets/Art/Image/Scene/B1/a2/c/a2草动_05.png,image,.png,26659,b2c64201d27409d0b7b7741cf2a47375bc004383a64e0aa88260b19b19c0bb40,960b2d817cf373b46ad69dc99336f9b5
Assets/Art/Image/Scene/B1/a2/c/a2草动_06.png,image,.png,26662,3a91e9bd949de21ee9156bc4c8f3997f4d3db7dba426b52c7dc889e579c3dd6a,dd02dea9e5091f34fbeb5a9890fadd72
Assets/Art/Image/Scene/B1/a2/c/a2草动_07.png,image,.png,26560,1d27d2ed1355c9271f5f5ee2c1f520fbcc3cb603afad1a2a596a17345c72ad21,d4e6869e2e66f5f48b349d42f180f1ac
Assets/Art/Image/Scene/B1/a2/c/a2草动_08.png,image,.png,26482,804c55037895b7fce8802c0627025cc5b5d186733a68f303dfbb3992fd4db1ce,d0d56bef59a16e7488ecb9a8896032f7
Assets/Art/Image/Scene/B1/a2/c/a2草动_09.png,image,.png,26356,f9491e361a8d73c2e85e2afd6bce75008b2fac766974be58f7d59cd5a35c1f5f,40d2638d3c6d21144a5e03ac8a37de65
Assets/Art/Image/Scene/B1/a2/c/a2草动_10.png,image,.png,26234,b18ea581e2324478ba6036542d4d887e2ffc7391836b9833e8e5c8fa8b4cfbc5,01f559a4089a54645b50298f35e7efcc
Assets/Art/Image/Scene/B1/a2/c/a2草动_11.png,image,.png,26306,4915868b11aac3f3144b2961335e5ebfb9c70b244cc25eaae6b117efcdc10346,b3b6f541f560d24469faaae50b4fdb1d
Assets/Art/Image/Scene/B1/a2/c/a2草动_12.png,image,.png,26345,e07ae8c04a1d6b0571b7f85f65ea9ab3f17b6447600846a51dc6ae837b875ea1,ab2b99fac798e9047817a7b0ddee3d98
Assets/Art/Image/Scene/B1/a2/c/a2草动_13.png,image,.png,26419,238c26a8497633aac999b18b9f036540d32de3875256fbcdbb6f2ce3e7bf7fea,03f1fb643906b024db947eeae4df25f5
Assets/Art/Image/Scene/B1/a2/c/a2草动_14.png,image,.png,26345,1c905279df5235bc1e7078e6c1ab85c1fe8fd3f98572226052a2bfb596512566,69574b6459d11aa469ecf1dda04edeab
Assets/Art/Image/Scene/B1/a2/c/a2草动_15.png,image,.png,26563,bf38ddb3bcb909d8132fd6eb3ebddface03e49db28565ce52aef43d8d5da4d19,e51e209b9b3f05f45bbad35c08192c02
Assets/Art/Image/Scene/B1/a2/c/a2草动_16.png,image,.png,26573,1de13738b436b2171ee2448995edcb436f7ec388574b51966bb023988bf3c327,74a848c7cd5bbf64ea1e942326fc44e2
Assets/Art/Image/Scene/B1/a2/c/a2草动_17.png,image,.png,26680,76feee86b542dc754d8668d1a2ab46bee5e8d0c475b9fa783dce5d0b38571c86,39cc567cfaa5dca4695cfcc396be0c3f
Assets/Art/Image/Scene/B1/a2/c/a2草动_18.png,image,.png,26765,da62b2221cb8e9348385cc70972552d096fecc747bcef2f5a82ca2efcee9ed68,e10f5ac96361e3e478cfd32349d25368
Assets/Art/Image/Scene/B1/a2/c/a2草动_19.png,image,.png,26823,bd3a74f3c8eecc13a85f26d1ccaec7bad093c9dc8829bb1dd11f60ba39992dec,991c649549e22c94f9381b21ce525e48
Assets/Art/Image/Scene/B1/a2/c/a2草动_20.png,image,.png,26847,f1a428458f2be8c4953afbe442a6921ef19f4ad8ea6c2cbfd3abd82530cb300a,8ea75275be2d2e6469e1ff05d8225756
Assets/Art/Image/Scene/B1/a2/c/a2草动_21.png,image,.png,26812,9c76f45d975f6df82f627a0a779d8aac398a8d0556c45c46661d29ce5b2d0269,3bee9083cb2cf8849bdda31a644238e7
Assets/Art/Image/Scene/B1/a2/c/a2草动_22.png,image,.png,26975,4e60815f372a22b992566a8c6597a8e899ec13f9d2d4919e885f90a1f13a6737,aa2ea6c75f088e04a8d5806eb301d03d
Assets/Art/Image/Scene/B1/a2/c/a2草动_23.png,image,.png,26902,4933b9c49b2b0ad1c936d579052637e887e3bc76099b431622db0028a96ebaa9,2826c9eaf4c08b44b9f716bae4fa0a17
Assets/Art/Image/Scene/B1/a2/c/a2草动_24.png,image,.png,27024,d530cc0e697eca5002a54757ca822a03773f6206f33771e207db16d8f46d519d,446b7c001e9acb74ca30616b0d7bff6b
Assets/Art/Image/Scene/B1/a2/c/a2草动_25.png,image,.png,27146,82dfe14212e3a253fe0ebf9b29c5c5825e23f0f7aa5194d4269abb6fed5663fe,cb3c9fb91d8d9d745a0c10a826c7464b
Assets/Art/Image/Scene/B1/a2/c/a2草动_26.png,image,.png,27330,24dee12070d1ba73c5b5c27e3b6c61cb25523fceb260b73e42bee777f71f94ff,ff5445a7bbcc8234796f1b5636df7ca3
Assets/Art/Image/Scene/B1/a2/c/a2草动_27.png,image,.png,27285,bd391f656e9bf66585d4a26ca967bd7102716a0e7bf597b63e7a6540362ea6fd,ba290be87986f8547a35ed07e69f7f54
Assets/Art/Image/Scene/B1/a2/c/a2草动_28.png,image,.png,27439,af99c86f9484cf8cb21e8aa2613d911c19d825cd6b610900fd35901dc497fbe9,056aff215c2f3bb44858f643adce33da
Assets/Art/Image/Scene/B1/a2/c/a2草动_29.png,image,.png,27421,2a26578b6c03ea3d45d182335c19290b3b7d2c1a095e12b0e9523faa3d80a2ed,6cb17b55c181c9e4b81ca72d2e979349
Assets/Art/Image/Scene/B1/a2/c/a2草动_30.png,image,.png,27443,878b1891c7a4bd9f799385024493fe9a168d23176ab74a33906e0fa56679d8f4,186aaf2c84767c642b0b1755f3527db0
Assets/Art/Image/Scene/B1/a2/c/a2草动_31.png,image,.png,27448,50a2a2c62f712b3c4402fc8fdfa47759d16184a9466026472b23f5c59984f100,6cebe4f711dfb214486aa73728319e5a
Assets/Art/Image/Scene/B1/a2/c/a2草动_32.png,image,.png,27480,07863ad2be3b62e8012984f9261291833ee1af1f16d827d676b7f5002877cfce,9309d4f4ff8f73742a13c2b2298fed66
Assets/Art/Image/Scene/B1/a2/c/a2草动_33.png,image,.png,27555,4199647df648f31f57f80a0173afc0d875e451c075fea5a3e67f75d8a00439bc,f29ff050e9da78d4fa158bc9dbbb77ed
Assets/Art/Image/Scene/B1/a2/c/a2草动_34.png,image,.png,27487,e596e9218f3ca4deeea85c6a20bde74385132d484ed44a53ac1b489aecc0939e,d05c6f575fb5459489c1586586837e15
Assets/Art/Image/Scene/B1/a2/c/a2草动_35.png,image,.png,27475,a9cbc03c135b3fadeb2230dec9c5c06a7be411b4ed4a697d0306cd4af1479b12,4506d34b99059bb4e8fe3739c2529a6b
Assets/Art/Image/Scene/B1/a2/c/a2草动_36.png,image,.png,27345,6a5bc515d0eac50fc5956e7bd97c6879e6db82310b324d72849111eee01aef37,153121cb4329e8c46828de96860a80b9
Assets/Art/Image/Scene/B1/a2/c/a2草动_37.png,image,.png,27312,3e3bc1c95f71b85b6b21a9a6d84d6d5c726d491f6df351b047f87c3b9110eb61,39de2216acb289740904b50ddbf2ede1
Assets/Art/Image/Scene/B1/a2/c/a2草动_38.png,image,.png,27392,d3d4d735e904acee7dc2bf81a0a28f716e4ff464da6c37d4b3e029babe42d75d,53f2b0252af2b4f4d87d5d48b272fb2f
Assets/Art/Image/Scene/B1/a2/c/a2草动_39.png,image,.png,27116,3d73eea3606b23703ebfc5db947f82dc4ef362256036ca846e5cd4e2e855f9fb,caa75317550be254d9bea6f4a994825b
Assets/Art/Image/Scene/B1/a2/c/a2草动_40.png,image,.png,27137,0cd75240d598ed6e7d050cc152f65781549428c089b60f5d09f99fa2d52c82ed,9a0605dcf04bb6a40be9e8a293e3fe1f
Assets/Art/Image/Scene/B1/a2/c/a2草动_41.png,image,.png,26986,2d865765e745f31fd722433f95b6dba2fdb78723076ece2357212116366723dd,f74268a808fbb954f982311a259137b5
Assets/Art/Image/Scene/B1/a2/c/a2草动_42.png,image,.png,26995,d737a4a440165809dbad97f185748be5901e1e33f2633afcb41d88b03ba6b932,5c00cbe1f1c1e8e4d9513913fbacda10
Assets/Art/Image/Scene/B1/a2/c/a2草动_43.png,image,.png,26828,47042cba0226e9da70fb4fddbd0d7707152dc866bca329ef357e3520262c4c71,226e81da32429ab43b75466e5b4bdf1c
Assets/Art/Image/Scene/B1/a2/c/a2草动_44.png,image,.png,26809,27a29d9a5a024abbe1960df4bfd57a553bb452bd2497d26014a6ddba1441e3d6,d936bafbb1f771540ac4df4036f795c2
Assets/Art/Image/Scene/B1/a2/c/a2草动_45.png,image,.png,26681,e250f5c8111db85a7b2d44fe7d3a27212d0bedc2f2a61de0de04f65597e68fb8,af68f89987d899d499d42eab71a43d37
Assets/Art/Image/Scene/B1/a2/c/a2草动_46.png,image,.png,26426,3a01a1b804ae0a777d8ad0512f590193d8cfbbf43a26bb8cedf34fc8152604c1,b5266d6f61714694b920755149018525
Assets/Art/Image/Scene/B1/a2/c/a2草动_47.png,image,.png,26190,8568422a3c69f289a176f978183033998a125528c2d523e15b1b252ae2ad8aa0,409db029c7c340b458b1a5c01b11796e
Assets/Art/Image/Scene/B1/a2/c/a2草动_48.png,image,.png,25775,4ee8e249415ed1e2678bce0f4f5a56c97b9b7b09c1bca377bf1b2a6787e8fbf5,8632b1b4856c3d747891c291a586d907
Assets/Art/Image/Scene/B1/a2/c/a2草动_49.png,image,.png,25683,1c24609511be333ca06f05b5911ed5d66f00afecff8c025c60b78554c25447f9,b7ad017f921643f418a20fa2b486a83f
Assets/Art/Image/Scene/B1/a2/c/a2草动_50.png,image,.png,25411,6d7f8c3cd4e8a30e8dab60f57263c0b750cc56392c04109b3a455f6aace17780,fdec68df549f918488bbff4a764b9a04
Assets/Art/Image/Scene/B1/a2/c/a2草动_51.png,image,.png,25290,af46e191fcbfb5ffb9a152356fe8367f4e8b0e2829cd55faf197e14f8a56a0ed,5c20cbdb00328e544b11124f745e1c92
Assets/Art/Image/Scene/B1/a2/c/a2草动_52.png,image,.png,25252,a8eee36a2c2acb7f6f808231e26a3fe6b6d3563621bef0d32305dd50d025cfdc,b86e429eb01f24a47998c10d2090aee6
Assets/Art/Image/Scene/B1/a2/c/a2草动_53.png,image,.png,25225,5c38c06397bb073e0e866268db744eeddfa683f46ae08b4cbd9d7ab6e512b1a6,602d6666e759de74fabaf56af5231c5a
Assets/Art/Image/Scene/B1/a2/c/a2草动_54.png,image,.png,25215,d6d81e57b727902932029bb2788be2787c1855b98c74ba7604849b5cc5521809,eda4a21c2d211e34c826ce8880130c4f
Assets/Art/Image/Scene/B1/a2/c/a2草动_55.png,image,.png,25485,05233f6166f37e59ec53191a0b221210aad20731547fbbef6956070c3fba4bdb,3e402d4eeedb51349ab767a2d2c0cba9
Assets/Art/Image/Scene/B1/a2/c/a2草动_56.png,image,.png,25619,d0704e12d268b0597d4b4d8ff393d237c95fd084adf440b1eccb9aca76bd7277,5fd2137c3ce88bf4185a5aea12b9ed00
Assets/Art/Image/Scene/B1/a2/c/a2草动_57.png,image,.png,25798,31ee581a26a5060103250613e8fca6690a7f92ebe2adc249f3c1a88cbeb5ea42,7bd5e4826596c9047920b5bf7b0db0f4
Assets/Art/Image/Scene/B1/a2/c/a2草动_58.png,image,.png,26111,d9c2e62a713e0ea5a935be06a3f5c76d60d3c90881ee9bb67ad84a73c04b7191,7365e2050a9dcc9488b460a060495769
Assets/Art/Image/Scene/B1/a2/c/a2草动_59.png,image,.png,26262,5e9bb37a8a920e598db22baee8b3f61f96c4e4bc101de18251d57418a051459c,387b9c7a14c4b9d48a883a039973081e
Assets/Art/Image/Scene/B1/a2/c/a2草动_60.png,image,.png,26407,28b8fdfc34d58e74449b8e06883e6570bf181b3ba05c7c5d6ba57d60b747f6fd,05c3f974330cc144cb53dac693665164
Assets/Art/Image/Scene/B1/a2/c/a2草动_61.png,image,.png,26533,f32a610df061105bfcf6ac8ce435c7d7abcbdd8e5470a35245b2d19ba8ab791e,11177811e89d18d46a865590acf1d6f1
Assets/Art/Image/Scene/B1/a2/c/a2草动_62.png,image,.png,26522,4df3fddaf075910bbf0d8bc4efc87a3373b8a589f7bdeb26718210dadfc3e85f,8ab25ccd2b0b220499706f6cb57fe1d1
Assets/Art/Image/Scene/B1/a2/c/a2草动_63.png,image,.png,26485,f696445d570ab47555e00839feeb223551d6390f34a8f6fbdad4419b731d174d,95e43a71616095e4a87da15e0d0550a2
Assets/Art/Image/Scene/B1/a2/c/a2草动_64.png,image,.png,26611,c8b836407ce3cd28c409bfbdcfd107a08df7e2abf825f23383c41785b2a73992,52335c85e6a4f9d4e995273106fd6f28
Assets/Art/Image/Scene/B1/a2/c/a2草动_65.png,image,.png,26611,061277f76f4e0a1204a47e2dbecfae7e83623c166c3505f9b3c747f2bac7a2c3,63c3daf0720047843acb923513633092
Assets/Art/Image/Scene/B1/a2/c/a2草动_66.png,image,.png,26578,a6be8139f95c18228ee64dc672fe2f414f656bd60f2bf265153732d307bbe910,13ac2a2eec4ee8f468ffce6814b3ce79
Assets/Art/Image/Scene/B1/a2/c/a2草动_67.png,image,.png,26510,300257d3699ddcad07efee84fa2344cb416108048566a46d8f73222688eeb1c7,2a76111d7564da346847f1821f0062d7
Assets/Art/Image/Scene/B1/a2/c/a2草动_68.png,image,.png,26468,d38dc4400501160113929956c8a946e2716e0f8658c3ae9c8512cf0af375645e,d25e9a89b5b53f243aa24db4cc529f5a
Assets/Art/Image/Scene/B1/a2/c/a2草动_69.png,image,.png,26443,c23cb8bf44bb2a48f30f86a7587cc16c5499faa1efa83b2bf49987d5f041ad75,1ef38056da4937942b53ecc0b62df278
Assets/Art/Image/Scene/B1/a2/dj/a2草待机_00.png,image,.png,26286,07b71fba17f01eafa3619bd33028a4310cc4ed500e5d72bc07e1cc07f048ff48,fcdbd47a88349994f8e3acb5df3a2130
Assets/Art/Image/Scene/B1/a2/dj/a2草待机_01.png,image,.png,26332,332988814a49704cf7b1c2334f871dea5753d6d17a3e134f1b85c7763b7cc2ca,0bd7e72d41d03474abe2cecde3f2ccde
Assets/Art/Image/Scene/B1/a2/dj/a2草待机_02.png,image,.png,26268,2eb0d0f3683d2603f19ac5feab81ffea4346ec989e59e14e682c38d68e5a6a33,03fed4e4719002846af6b0490b93fa76
Assets/Art/Image/Scene/B1/a2/dj/a2草待机_03.png,image,.png,26287,ce324fc2ce99fa19f3e56944c6f808cdbd6919a63f832178526a9bdf5088ce11,95744f64db5526945a06a113c6ea1c42
Assets/Art/Image/Scene/B1/a2/dj/a2草待机_04.png,image,.png,26318,bf1404cfa977b4c80015952275c3914c2fea6810729c5520541f17201d8f3174,1545e00bd9e8a7945963800ecb7838aa
Assets/Art/Image/Scene/B1/a2/dj/a2草待机_05.png,image,.png,26310,642d3c25850f109d7a9f3cf82a87314c706d3c5dc23c6067687f01b82dcc0dac,4434f434efd12a445ae8ee7c91ea84da
Assets/Art/Image/Scene/B1/a2/dj/a2草待机_06.png,image,.png,26214,bdce4211bb158ac9279995f729ac5483de5aa1ab5724f529a1cb5dc2a13d156a,452b369ff56346344b81afc252ef4cb6
Assets/Art/Image/Scene/B1/a2/dj/a2草待机_07.png,image,.png,26213,4da90b32c795ce2502eae8c140a06fbeffccf57796a1fe540e7b09415391203a,97256b4b73005c04cbb0b85f4b25e107
Assets/Art/Image/Scene/B1/a2/dj/a2草待机_08.png,image,.png,26128,4e6d32d64f76eb40a2c71738ff2abe78c843857e4c24b5a888acd871713b0856,c773def9637cb694abb194db63dce48b
Assets/Art/Image/Scene/B1/a2/dj/a2草待机_09.png,image,.png,26107,3224edf717926c93447984f1f641fb632d56349cf73e1415294398facace6d39,bb515c32ee88050439b063105ed85f00
Assets/Art/Image/Scene/B1/a2/dj/a2草待机_10.png,image,.png,26033,6af5b1930b415989e97a51abfb5eeb945ce3dd564fac1b053f9ea039aa7fa6f0,eda23a8a4f557f142aa46164d0b3854e
Assets/Art/Image/Scene/B1/a2/dj/a2草待机_11.png,image,.png,26062,6675191534e42e06e015587610002bde88759a47f8dea528d61a2b9e96a1bccf,009f6feab39e35f449579815f1552cc9
Assets/Art/Image/Scene/B1/a2/dj/a2草待机_12.png,image,.png,26020,f16fadf870786f287ceaae6664e520dfdf6f34071fd6333d0515ba697337cedc,5ab16bdd23159f849a55565b2787a6f0
Assets/Art/Image/Scene/B1/a2/dj/a2草待机_13.png,image,.png,26087,7d13f8e4acf98a7b9827ed2f898a2f493a1a07a66cb9186b514dee9ff7f0b2c8,50cc637d46dc9b24aba74616c1064dff
Assets/Art/Image/Scene/B1/a2/dj/a2草待机_14.png,image,.png,26099,4b8a061a209b234c400fe09450d6081725c67fcb581858e3660cb2fdf4f7c49c,69d3ae2f469914f4ab8f1376070a7c60
Assets/Art/Image/Scene/B1/a2/dj/a2草待机_15.png,image,.png,26091,fcfa57f9406acbf2f71ab9da20c6fe532c60a24a22b9af98713eb3b6d2335d1a,b308177f77746494892bc02d6fead1d7
Assets/Art/Image/Scene/B1/a2/dj/a2草待机_16.png,image,.png,26136,0eed949304049daa347a92c80b04344357c9f16079b39d84f6e698b3fa0ddc59,062927aa23491ab41816064e9829d276
Assets/Art/Image/Scene/B1/a2/dj/a2草待机_17.png,image,.png,26138,8c6aa24b3f507e9b9acb706517a14037d2af6322020e1ab613a9d8466c771201,5676c41d1235eca4b85dde4bce6e94cc
Assets/Art/Image/Scene/B1/a2/dj/a2草待机_18.png,image,.png,26128,acc22a0f540fd78fb2ff18968dd4ec0c96c1e45eaf4f0a08ffe35e0bbb778d2d,d3fa970678590294ba9e3be1edf20b35
Assets/Art/Image/Scene/B1/a2/dj/a2草待机_19.png,image,.png,26140,c35fe00fd00e4c2afe2890dce9ac8bf13e8571f9adcade2e9dc850e179207a4c,a0d1fdd7b61d194478e92845074c4a2a
Assets/Art/Image/Scene/B1/a2/dj/a2草待机_20.png,image,.png,26150,1ed8888281a614619d22cc435e290f166eadeba262132e9362c93a37846c36fb,f2a8bf622fa9ea941a28e40d0fb66913
Assets/Art/Image/Scene/B1/a2/dj/a2草待机_21.png,image,.png,26188,d93f6cabab7a6b4d4f2b7c4c60c2fab86c4638e0f8c80592ce277c7568cb5ef0,12c72a590472c0342a94140737b48575
Assets/Art/Image/Scene/B1/a2/dj/a2草待机_22.png,image,.png,26191,61d440e92c3e0568e1e2249b082e5ad9e81653654c657521b6d00692e13310e4,ac8e5f70d4fa0834eaca2ceb2950c00b
Assets/Art/Image/Scene/B1/a2/dj/a2草待机_23.png,image,.png,26211,952595fc6b2f33c4cf988760b9626c473f57e5877f06510b41d827f87e38e34f,08582c61e18af97438942bb97afc61e0
Assets/Art/Image/Scene/B1/a2/dj/a2草待机_24.png,image,.png,26247,0532fb1fc7f267054c6a6f5be0d8d6389994aa2aa52f7b3e584d52be8a957555,1285de0c22c19b5479981de89928011b
Assets/Art/Image/Scene/B1/a2/dj/a2草待机_25.png,image,.png,26157,84857068ad9caae5e3bdb2e98b1095af2e0d3532b7ad9e89e84d40679b38bb30,84f2de14e4d74c44abacbae3b627804d
Assets/Art/Image/Scene/B1/a2/dj/a2草待机_26.png,image,.png,26248,c8059c4c59a77b47e2dc79a84b26eb2ddd9c9378e8478788aa87677efd21ae57,aae7d666988a3e84ca16b4a717d5acbf
Assets/Art/Image/Scene/B1/a2/dj/a2草待机_27.png,image,.png,26237,9d8e7e558e688e74b50860d09f9f5691dbe4498782194f54b1d5cf78c0aa74aa,7ed3709101eb4d24cae4a4d8de2ab1d7
Assets/Art/Image/Scene/B1/a2/dj/a2草待机_28.png,image,.png,26248,93074b0fc327d9a9811e0cbea498a3b63b4f2dd11438ac5cd912fbd2caea4375,c6c45ecfd828fdf4bab6eeaa5d99061a
Assets/Art/Image/Scene/B1/a2/dj/a2草待机_29.png,image,.png,26268,f04dc09201729ca9ed431d0c96d738373567cf7a0da91e6d4ea0e491ba63d53d,128e3dc92c019d5448d93566affd3c0b
Assets/Art/Image/Scene/B1/a2/dj/a2草待机_30.png,image,.png,26304,22f5a09ef976a17bdd8a50fe9ad115af0ebd99cf874b6cbedd8a6afc5b8135a0,09f440b58a173f048a4ace1668aa70ed
Assets/Art/Image/Scene/B1/a2/dj/a2草待机_31.png,image,.png,26286,53e9d5f99f7008b67724ae69d7f5c94d9086e7e4960013d1611c973296e0bfbf,dc33b5f27af7b5c4ca795599198f1bfa
Assets/Art/Image/Scene/B1/a2/dj/a2草待机_32.png,image,.png,26347,2ca2077137f6e226173aaf263c146dcc5f34bf0a0c1f3230045bd0da6b8b5669,7ecea09ca0f00ad4b9d3dc27f3bf9155
Assets/Art/Image/Scene/B1/a2/dj/a2草待机_33.png,image,.png,26369,c2732b8111143297bff9de4f845a43493b3a1a9eae121e27f173e484ca2f658a,ef414777e1b867b43ba14713d47dd956
Assets/Art/Image/Scene/B1/a2/dj/a2草待机_34.png,image,.png,26372,27f2c9b349acd2bf65fc0e9142e1d1fa3d89d2539af81986a6e9dba88d72d24c,dbdaf76e2626c584b80f01f8a8cb12f9
Assets/Art/Image/Scene/B1/a2/dj/a2草待机_35.png,image,.png,26397,f00755fcb408c2f71982c5e1f045aecc1668b1aef5a0bc3563c721d5b50af07b,a82ca1898f3ab6c4b8df9e03fda35206
Assets/Art/Image/Scene/B1/a2/dj/a2草待机_36.png,image,.png,26347,2a3f66d3fe000366b9620774d765e5dd6ccbfd636f945c056bc6d68f5e004e06,9fdfd53fd9d25a242bacfd36fa444015
Assets/Art/Image/Scene/B1/a2/dj/a2草待机_37.png,image,.png,26374,c87cd8f3731c8372f6b29d8d73ad127082e596112377bef5927fbaa7c98b647a,c9de48be7d7e46447ae7da3b4c8aebbb
Assets/Art/Image/Scene/B1/a2/dj/a2草待机_38.png,image,.png,26450,2f5f71f23e6bc272b970fb4738714be24bfd9d9dd12bcbbe005b093938646c97,c81db9d1a581d274a969865cd790251f
Assets/Art/Image/Scene/B1/a2/dj/a2草待机_39.png,image,.png,26404,85365c7a671ed2b52555b1604d19305d11961792d5ce08123ed9e4700b190220,0261f7b352eed944ebdabcb235f80022
Assets/Art/Image/Scene/B1/a2/dj/a2草待机_40.png,image,.png,26472,00def42d61e48ad670ad38c1fccfeba80002bda65fd77a644575458f29d28731,9cca41904d3d58c49bef178d6949a4fb
Assets/Art/Image/Scene/B1/a2/dj/a2草待机_41.png,image,.png,26430,0d8eeb55cc4216d8b013081a83fc760bd6591684f0863d6491a2bd1a81223ace,ca67fd35880c78342b031598b4edeb1b
Assets/Art/Image/Scene/B1/a2/dj/a2草待机_42.png,image,.png,26435,5c29fa07a527d8c3d65b587e56a2f22b5d7c448b868027d5a7d7b4eb0e4a1f35,cca10a36d53fe8d49899a535a05b8cd0
Assets/Art/Image/Scene/B1/a2/dj/a2草待机_43.png,image,.png,26468,f476709467eae89f62047e81ba83a062cdba63e47bf43327371190ca8af8c0b1,4ce91687638a2b447b494d4e5087dcc6
Assets/Art/Image/Scene/B1/a2/dj/a2草待机_44.png,image,.png,26432,8139266d7f28d0353ea77a0f38e6f353acb96a126877f71d92a2ddd861d2bd99,e707e9bda8a7d974983c1947d258f49f
Assets/Art/Image/Scene/B1/a2/dj/a2草待机_45.png,image,.png,26469,49ecd5d86be5f8d45debb13f9eec7c862b67a9cde73fc311f0b77d5f3d358f74,2aef237eab76cba4ebc8cd23409b29cf
Assets/Art/Image/Scene/B1/a2/dj/a2草待机_46.png,image,.png,26494,66a0220cad5ea93588e826be437440b6aabba29dd0fef45bdfbedc7e86c724fa,64d2fa77408da8341a39417ddfb2cf7b
Assets/Art/Image/Scene/B1/a2/dj/a2草待机_47.png,image,.png,26519,b10a9ca9969a05e490c16a6f64ed561f5462f18f6797de375d47199bfa90fb57,f288495675806d8459b1af4ad852a65f
Assets/Art/Image/Scene/B1/a2/dj/a2草待机_48.png,image,.png,26528,c0fc2d58cd7cc285de57524701e2b8b0c8c2aec6c7c41956ac57b83c0eb63130,ee5e2984661d1874ea430447aeb98acc
Assets/Art/Image/Scene/B1/a2/dj/a2草待机_49.png,image,.png,26478,56aafdc60686f30ec822c6ec3ab515ce963477dd9ed40b541b4fbcc34ae4e2f4,c72b46ac5289fd5458e53319133f0bd4
Assets/Art/Image/Scene/B1/a2/dj/a2草待机_50.png,image,.png,26443,b6067eacf0d1b2274aec11844b0b03b2bfb433ba9d9f4ee445cefe09f65e66ec,1fac37e076a42a446840cad78cd927d0
Assets/Art/Image/Scene/B1/a2/dj/a2草待机_51.png,image,.png,26474,e80fe593e8b95753915af4dfda6af1ace617a707f3cd8b2b88d7aa9e344db0c4,ab6720f84b04c0a44801c78115c99128
Assets/Art/Image/Scene/B1/a2/dj/a2草待机_52.png,image,.png,26454,ed12df06094a9d0fd869b2d3d178b4627dae1221fb35f2079cc5e7c807b23515,1231d3f2750760b438d6687d6bc69d55
Assets/Art/Image/Scene/B1/a2/dj/a2草待机_53.png,image,.png,26463,4a5e636a2ab1bff1798b28a62330c77f6afa027f3fd7a7d0df96506ac4be7c07,895af34491435fb43a4fdd245ccc9302
Assets/Art/Image/Scene/B1/a2/dj/a2草待机_54.png,image,.png,26445,50601680218b6ddfb6ef15b042033d891f962ff4196cf929ebaa962c820250ec,ffc9642ebf91d5b488e667bc674ee4f0
Assets/Art/Image/Scene/B1/a2/dj/a2草待机_55.png,image,.png,26491,d388a4a13ef98a700fed8aad71e439b3dcc38e76c33506124084c60e0a0a6291,20eea542c358e304c899a07493cd29ec
Assets/Art/Image/Scene/B1/a2/dj/a2草待机_56.png,image,.png,26454,d0774dff934b36315bc106f50d5e9f1a5f56ae5f34da1aa7541c719ca30e8116,bf9725ae1b4251948bee3afb53d7536b
Assets/Art/Image/Scene/B1/a2/dj/a2草待机_57.png,image,.png,26509,33b101fca34de61e52bd38932a76cdb5bc812f071f56eeb3d419e13984882b57,2e8e251fbfbc6a742a22dcb631930533
Assets/Art/Image/Scene/B1/a2/dj/a2草待机_58.png,image,.png,26495,33bc91e91575cf93f5015bf2a0d9213fd387f24e289eeb82490e006c724a1662,27ce22a9225bf0b419ee38af21c0c464
Assets/Art/Image/Scene/B1/a2/dj/a2草待机_59.png,image,.png,26484,70d8feae4ffc7ee271a2818430867e174f4226520610da95730cc4fd4e01a296,a60e658a39f75f84e895abdab3147d25
Assets/Art/Image/Scene/B1/a2/dj/a2草待机_60.png,image,.png,26468,823f7ac921c35faba154dd65c3475f9d0e0d6dfcb7b9d3b49a2da4635279f338,c9327eacc41a6a54b919a47a92df0118
Assets/Art/Image/Scene/B1/a2/dj/a2草待机_61.png,image,.png,26478,8918d8c974bd2a95dbcebce73ada32a3e29bdc7f96f324dc25f81283df514979,94cc6f6cecb54ec4fb55b8055284b871
Assets/Art/Image/Scene/B1/a2/dj/a2草待机_62.png,image,.png,26507,e0e59c693fc3458bd93489525498fa25b41004c7976f0a7f87dd0e4626506bd6,78ad42fdd0f35d745b7dedd9dac64606
Assets/Art/Image/Scene/B1/a2/dj/a2草待机_63.png,image,.png,26484,73704364d3abe2b991ce912747027d5fb8d48f1885370ab320b136ae4a75e301,2d353197da438d14eab69a6c64a21ce9
Assets/Art/Image/Scene/B1/a2/dj/a2草待机_64.png,image,.png,26462,d1686cad496c048641ef69fa093b94743fd4179521f0654b84276d29d31ef878,ef942441ae8bf6d4991af9dd5aa772a5
Assets/Art/Image/Scene/B1/a2/dj/a2草待机_65.png,image,.png,26484,207ce067765d654ffb89b7d7d6e7715399a03156425a10aa4c1e0c4f891c9834,133d1e36f27b8c64cabeb9ac9324eabb
Assets/Art/Image/Scene/B1/a2/dj/a2草待机_66.png,image,.png,26483,fdf63d43f8e6706e80d02e88c0aa78d21317880d8f93b5776966032a43fcad53,db1d1374edba93647b652abf6283b7f7
Assets/Art/Image/Scene/B1/a2/dj/a2草待机_67.png,image,.png,26478,351f05cde9fdeecbc6d9b8f7138fa11fdf529fb0b65c4cffff080ee309342e96,e8f060df7228e0045bd7d7a3aeef125a
Assets/Art/Image/Scene/B1/a2/dj/a2草待机_68.png,image,.png,26500,082c3e512ff9dfec99102ea5bcc863d38b4ce08d9b4e38474a511b4601c5fa30,4d82c51e6fd592e47b90cd2900754293
Assets/Art/Image/Scene/B1/a2/dj/a2草待机_69.png,image,.png,26446,eae6294f1698ca4ab5d6f0ab7076aedd3a96e90273ddaf7a85ce8965ef025390,900196e3ee8b52b42b5730298acb12e3
Assets/Art/Image/Scene/B1/a2/dj/a2草待机_70.png,image,.png,26474,86eaf0bec7010d96e203704fc6cd988d4ece7588ae2cd64f9eed0b2fdc0e8555,c6730f169673a08499a291e921eda2c5
Assets/Art/Image/Scene/B1/a2/dj/a2草待机_71.png,image,.png,26376,3bd5c0aa32fcbaf59e5da3935e86cf255a14a387ea94c421e425872db7cbd001,76553ee93201e7c40b1301ff5567547f
Assets/Art/Image/Scene/B1/a2/dj/a2草待机_72.png,image,.png,26417,6e21fcb397db4338fecfba2d99bb1b0a0e8be8d7d61ccd7f1806c58489b70bf8,5cfb9c5f79718334993500e44a0e045a
Assets/Art/Image/Scene/B1/a2/dj/a2草待机_73.png,image,.png,26370,a299148a6fd3cf78ffa8e4b09dffa3ce1c44c2445b27ef4797618596252a4eb1,ab172b2ad20f6f14285f1505ce176d5e
Assets/Art/Image/Scene/B1/a2/dj/a2草待机_74.png,image,.png,26365,47023a6814979e20a84763a98f933ab8db59553a0215b910cc8a5e8a27d44a65,8ad108eb0e38eb04fabb4d2446955f4a
Assets/Art/Image/Scene/B1/a2/dj/a2草待机_75.png,image,.png,26397,949a3fd1d83826ad6b1e4de281a522d723064a9ee5847995998c05f3bbefbd18,3585737e5cede764da576f511c3327a6
Assets/Art/Image/Scene/B1/a2/dj/a2草待机_76.png,image,.png,26338,866a9a4848d1633bf8e80887ce253b1cb7b63b4203a5c27cbdc364021245663d,30c4add7af04b0a41ad62c20c8bf5a5d
Assets/Art/Image/Scene/B1/a2/dj/a2草待机_77.png,image,.png,26360,9495cb860a5531c8a8d1b25973af47df43d324012ae347fbcb3aa338e319747b,b1efb6c8bd6173f4c9380253227d4929
Assets/Art/Image/Scene/B1/a2/dj/a2草待机_78.png,image,.png,26367,275ce1ceee560cf769f2e065e7eb944d885c7da1f9cc3e069ce5708a2e50b991,225a72490ee5b2e499968d156ce40d61
Assets/Art/Image/Scene/B1/a2/dj/a2草待机_79.png,image,.png,26345,f7ec38b4b0b6bc65e717ea39e7673d734d24685c78c3b548840912821f37fb33,0a4987a23b1d0a04e83cef38e4ad87f5
Assets/Art/Image/Scene/B1/a2/dj/a2草待机_80.png,image,.png,26355,a4c4eeeaa6b277bdb0c61c0001610de8ba25dd87ecfdf2a97ab585265be7ab9f,a9e23950640d42e42a3fa3590af912aa
Assets/Art/Image/Scene/B1/a2/dj/a2草待机_81.png,image,.png,26354,0d27bc7077f1e40aa22b6bbb52a2e3658f80639a67e282eebf347828a22b93e0,f53b60c993e46c047b3271b835380183
Assets/Art/Image/Scene/B1/a2/dj/a2草待机_82.png,image,.png,26357,003d016fdb27f6d65545e42d4dfc7ede3909824a19e00eb957a79753d4fe9cb8,92f142d83bb5c2c48bcd4c7028dddd63
Assets/Art/Image/Scene/B1/a2/dj/a2草待机_83.png,image,.png,26372,e6ea82568b312a01b23ec142f2bc4e47d90990760741c37d5fd65c7321413ef2,132d27de07f39784e93535125c51ea55
Assets/Art/Image/Scene/B1/a2/dj/a2草待机_84.png,image,.png,26396,e912d8d54019d8dc526c2ffdd401b4ae21aa97f8e5b2a718f54c4a6a06d431b3,03002475503960f4eb1a95f0abc69c86
Assets/Art/Image/Scene/B1/a2/dj/a2草待机_85.png,image,.png,26317,595338cb0bf11c6aa5d65a5b6f25ec95c70ddd95d3955fcc4693d5761f346dda,a8f4f525ed902d84caa794e5ac7d2da4
Assets/Art/Image/Scene/B1/a2/dj/a2草待机_86.png,image,.png,26343,25b05d353131b09e637af01511006b557b80df3b0faa43225dda18857b84ad7f,7d63778bda60b9441893cfdab549019d
Assets/Art/Image/Scene/B1/a2/dj/a2草待机_87.png,image,.png,26305,b810661323f3bfb0f8d7f91d2594ebc1ce8fa5aaa1449110d103a609ef87825f,1a9cb7a5f06fb164eb32278a25f8ef79
Assets/Art/Image/Scene/B1/a2/dj/a2草待机_88.png,image,.png,26300,c9eef1098b2845df6b5b99872f92faf2f782609bda6aac3e4ad9014f1730dfb8,080f8715284783e488220c54f5875299
Assets/Art/Image/Scene/B1/a2/dj/a2草待机_89.png,image,.png,26318,d0bd6fdb8cc6401d34540b80ded401b2747bcdaf922a716739e0a3d7998548eb,2bfb092fa7d86c04c88a4c165d023dff
Assets/Art/Image/Scene/B1/a2/dj/a2草待机_90.png,image,.png,26338,f58b0fd4d47ab82b9b4d2cd2934c7ae174d93d2efffe0d508c23ade6f2eeb05a,23838e7b5b44fac4fbb6c1bfe073e4c2
Assets/Art/Image/Scene/B1/a2/dj/a2草待机_91.png,image,.png,26346,5ae6f7218229b4519632fceb621e92042cf3f31b4e87d298e4b060db65739795,f9587a8b23d1d3643bfd9e892b5fee53
Assets/Art/Image/Scene/B1/a2/dj/a2草待机_92.png,image,.png,26391,fcba37cf09536366259753a93893df0d5143b5714646d03732daa855ae8bb35c,9e25c5cd8b813f1438be60cc4e4f60ca
Assets/Art/Image/Scene/B1/a2/dj/a2草待机_93.png,image,.png,26412,abc76f292222cb221ae84ffbe480175b592c78f18d45ba4904078dce28f82f62,31615b3e92d12614d85abd04f9847723
Assets/Art/Image/Scene/B1/a2/dj/a2草待机_94.png,image,.png,26362,f16df693a52fcb26d9f0b76b03c8ca008711972e2d9899d9c9a06d9994701224,eeef570e291742343910d86578dab38f
Assets/Art/Image/Scene/B1/a2/dj/a2草待机_95.png,image,.png,26309,5c57579ed2b95c035c4acfe75cfe3bea4d0a43feeeed68eab2cee232e4d8dea0,5c332d122b1ed144e829aafc22b4395e
Assets/Art/Image/Scene/B1/a2/dj/a2草待机_96.png,image,.png,26315,de9fdf028fcbdace1ea0542be7f9572ad1fcab4c5d51e0e83c02a31b43d9d01a,4ddf82bf49e8e9042b376adee71a74cf
Assets/Art/Image/Scene/B1/a2/dj/a2草待机_97.png,image,.png,26285,0a675d0e4d1bad28e7e946e10ab6856f94575070e65faedb464c69b346732dd1,9ff09127fcf756446a5b81054e6e16f9
Assets/Art/Image/Scene/B1/a3/a3_cao.controller,animator-controller,.controller,4183,cf67c1f7663866024657c31ef4aa2f705ac2d13ea8cbbedf9a9dae0db5735ef7,9b017e437db979f4fadf9c0e28119cd8
Assets/Art/Image/Scene/B1/a3/a3_cao_c.anim,animation-clip,.anim,14784,83d7f64fc4b7c97f92a4875bf52165a9826109d50627f146b5e5d168b39e848f,42f96e0833096354ebbe533ed3e20b1a
Assets/Art/Image/Scene/B1/a3/a3_cao_dj.anim,animation-clip,.anim,24419,4313c27a92c19518f7f84fdbf36c930f33be7282fdec2f3ba32bc463274d305b,ef05e63a77e8ca7468051a9a6b147da8
Assets/Art/Image/Scene/B1/a3/c/a3草动_00.png,image,.png,63219,18ba017c98547f769e3cb86f9ea16dcdcd7dbf9e4cc35f9ffbf1bccbb064b7ec,dca2562ed19a960428990b5060cca212
Assets/Art/Image/Scene/B1/a3/c/a3草动_01.png,image,.png,62953,9d7debf3f0f79a7bc9393b9272001d5370c58c0f724ddf7022f51b968f6ebbe6,4aecda967d3a7154dbeb98d503521fdb
Assets/Art/Image/Scene/B1/a3/c/a3草动_02.png,image,.png,62540,b53e747d6ba5437a2f51efb8bab6edf49b73eb502873627fcd872535ef789840,c4b9d715357b7f54c977029b6354e0b4
Assets/Art/Image/Scene/B1/a3/c/a3草动_03.png,image,.png,61695,25cd790c690bd68420c117056d0edb431810f85165e4f858c4bcbce6cbff80bc,e2768a61812395441aaaa5b8ddb450ca
Assets/Art/Image/Scene/B1/a3/c/a3草动_04.png,image,.png,60167,9bdddab24ac53984c7a2f677ff75014617f50fae7431c224ef80ed0dfb2e1311,7adb263f90a4cff40a4d8357a13f6873
Assets/Art/Image/Scene/B1/a3/c/a3草动_05.png,image,.png,58774,a835dbbc6dc05bd048a08c48f0f97ca3f4b5c3b8dd426b997e098f67d13e11b5,905a849a3062dd3428b30b670f97e297
Assets/Art/Image/Scene/B1/a3/c/a3草动_06.png,image,.png,57941,05245bff216a2407a2d0feea9976f275e46f72715e5a9be2e10f17392151f8b9,bf15dac6dc476e543b12b8be757943d7
Assets/Art/Image/Scene/B1/a3/c/a3草动_07.png,image,.png,57452,c1618d30406babcb91b5310c14f54f47f2c7192b74fe6b799e68e87630d8ff42,fadc7170c63268a4f8fe30c8cd53d1b6
Assets/Art/Image/Scene/B1/a3/c/a3草动_08.png,image,.png,57082,11bde0779692d473fc9d40495859d2f4f522d69037955addd53af7dafa8f533a,4e4db40bcf66b9543a04263c50c202e6
Assets/Art/Image/Scene/B1/a3/c/a3草动_09.png,image,.png,57134,2a96feeed3b58f1cb7ec5cd14de35c915cd2fedf0e9c227c59d5980943489ff8,10bae4665c297694d844b691ae479301
Assets/Art/Image/Scene/B1/a3/c/a3草动_10.png,image,.png,57270,70e84195f1d97ea22dbe344e4268c1787d4c95671f31a596d0b9505531d6c606,e2c6698bd74a1ed4eb2bf353afc70faf
Assets/Art/Image/Scene/B1/a3/c/a3草动_11.png,image,.png,57897,59006d80102902ecdf98342804e33df85baa343e5530595d9ef8b439bec99507,3c661cb51ff88a14aadc3e6f79db56f0
Assets/Art/Image/Scene/B1/a3/c/a3草动_12.png,image,.png,58642,9914976c34cdd108bc22bd03f687e5a008c7d9858c206b255e30de53e7afd3d3,ae85619cf97abbd4bb6f527c2f43b8d7
Assets/Art/Image/Scene/B1/a3/c/a3草动_13.png,image,.png,59428,abf5011cbaa1c8787f7aa15732741f1fb5c58b8ad5de21a4222754fcae13085b,c3ab9285dc4a9c1428db05373e115d62
Assets/Art/Image/Scene/B1/a3/c/a3草动_14.png,image,.png,60167,6fbc87f313ebe337223590c59e48e724e61fccbf19d7d364d6d66d7b6ee35353,a7e05bea1a81a634b80dee2696bbe6de
Assets/Art/Image/Scene/B1/a3/c/a3草动_15.png,image,.png,61459,2707055bf76036fe3206690be37cfa1263eef74ad78388b43c8ae88f75504095,8c2d31963b2093040b4b115290faa95b
Assets/Art/Image/Scene/B1/a3/c/a3草动_16.png,image,.png,62217,acba53ee6800a53a50e7f0477c0482a25d6e7c2725e57da743c4aab2e1392c79,216f7fd7a2aef60408c38f3bb6fab0ca
Assets/Art/Image/Scene/B1/a3/c/a3草动_17.png,image,.png,62608,7fe62aec60e06450eebfe39dd349c81c2eb24af72cc499241a7451b28f7c00b7,f0271926a18b87843ab132cccabb491b
Assets/Art/Image/Scene/B1/a3/c/a3草动_18.png,image,.png,62978,da06e0c17fcccd57e09aa3cbda2ef164679f02ea90a04a907440c07235580331,7a92f66998866e04e89cf3675753a98c
Assets/Art/Image/Scene/B1/a3/c/a3草动_19.png,image,.png,63231,6b2f924149e47202fe2d0504c327cb42ef34bb0349e1631c6a7297f1e85c597c,bfec173344be67545bca95d5a76b6f54
Assets/Art/Image/Scene/B1/a3/c/a3草动_20.png,image,.png,63418,74cec229f092fe8c2e5fc4521a54459ad70d525c9843f2339b3092235100c072,497e1021612270543ba7a7ddac6e480e
Assets/Art/Image/Scene/B1/a3/c/a3草动_21.png,image,.png,63440,0d33c3d39be7377bd14087914cdbb16482f9ee4f5bf072c4a5e5c3ce35955de1,de2d21f28dc67334e821561a8f50a8bd
Assets/Art/Image/Scene/B1/a3/c/a3草动_22.png,image,.png,63756,cda76cd4209faff26ac4841684e9761f59adf2a8511b24f33d336f15397c9189,0fa75f90b9fc4f24f8cfc0f1cc5a0a1f
Assets/Art/Image/Scene/B1/a3/c/a3草动_23.png,image,.png,63771,eaa478cc26db3cf4a9bef3fdfb49c1c27f7262a84075d602bd9fec97aa35c4bf,99cac71edd438d24d872bd6bb05fa506
Assets/Art/Image/Scene/B1/a3/c/a3草动_24.png,image,.png,63733,9ef5f6d9c1ad2f4b6cb501d0ca0c8588461c9d571f2744c13efdb66a03079b03,f2600f4ca60cda74c9dc8379622cc7eb
Assets/Art/Image/Scene/B1/a3/c/a3草动_25.png,image,.png,63734,171c4a0ea3394f9cd80603f54c5665195177884d68365c7fcfc2bb149e21deee,db0d118833319824daf66e4e2405ca63
Assets/Art/Image/Scene/B1/a3/c/a3草动_26.png,image,.png,63633,02b1d45c2e508152a2ddfa04dbe6718b36f9c29e4e4ee41e4fe4d2efc870e461,407eba9037d29374f8450876c92af35e
Assets/Art/Image/Scene/B1/a3/c/a3草动_27.png,image,.png,63516,2fc8ed685acabfd2f95b93c0dfc408a2aafa8221302eae045360495049e4237f,8d6c95577d6b64844a1d0350097f56f4
Assets/Art/Image/Scene/B1/a3/c/a3草动_28.png,image,.png,63714,4906340e86452aab986305f5b6eedc9914915af32f3c3f3de78c5200e44718cd,2a9f3a2dd28f0cd49b262f1f72d25b7e
Assets/Art/Image/Scene/B1/a3/c/a3草动_29.png,image,.png,63868,bacecd945d73624fed34df365a3f862ffdd4a02abc8a8616533f4f22809b2cd2,5efc281ba81591346a138f99844354a4
Assets/Art/Image/Scene/B1/a3/c/a3草动_30.png,image,.png,64061,fd7db2341e1722c50b6cd8710ae3cde74172a11b2d6b58750f5ecc06fed91595,763ee3e5c4628544087af92eaa4310df
Assets/Art/Image/Scene/B1/a3/c/a3草动_31.png,image,.png,64109,54ae0c335f7e3d28245c47445119d0aca83eb0e4d07564ea1c23507df3b2fc14,ca22dcafcde752146ba7dd0c14fb0e7b
Assets/Art/Image/Scene/B1/a3/c/a3草动_32.png,image,.png,64115,3dea70c272b52efd82bfdacba4441ff9790bdf1a7179069b373315d5ade8d3db,8cc0f8a028aa5034b988b81c41587b07
Assets/Art/Image/Scene/B1/a3/c/a3草动_33.png,image,.png,64215,31a6bf62abf9f68e598d60d5950b4b1417aa8ad10f7210c6db6757a68b23d27d,560ecb1f806417742810dab435c79e52
Assets/Art/Image/Scene/B1/a3/c/a3草动_34.png,image,.png,64011,d66d288c332de63f90b0611c2ac4e5ccd1d2cd941207f2f756aca4aca71dd515,33d3eaaa0b9eb3d4c95d4b553a253de7
Assets/Art/Image/Scene/B1/a3/c/a3草动_35.png,image,.png,64006,56b1ecfeb9b16367337990e00974fb32877dabb173ffb356ab0e88852eff3ec2,bd910485b54924b4cb233f8fce858df4
Assets/Art/Image/Scene/B1/a3/c/a3草动_36.png,image,.png,63853,a80648ba224fd1ba8cb7472a37c3e612fb8b6821243b6d12b8bfd7b997a3d114,cfbfd3abd1c044d49a2ad1539e9acdf8
Assets/Art/Image/Scene/B1/a3/c/a3草动_37.png,image,.png,63577,10dde3a37aec6463d4c0531990d0b2fae2d6808828c2a974ec26843b89d4f7a4,f2d6449b01a35e341adda2f4ce153e33
Assets/Art/Image/Scene/B1/a3/c/a3草动_38.png,image,.png,63615,b4ce0f4092feb9f6e02cbd160c90a039a08fa131a8c037af0a8cd38e1641d594,ca6126cb993b6ee4485515f0665e0897
Assets/Art/Image/Scene/B1/a3/c/a3草动_39.png,image,.png,63335,048e23b398755ae4ded2503bb48f6366e819392c28cc5b36289e6f15d9994fe8,500e30a5e954f7745bebf3f3a5514c9e
Assets/Art/Image/Scene/B1/a3/c/a3草动_40.png,image,.png,62906,f48e2697ac67d148bc1cdc75316b0dc424c15900a0da1071627eee83fb0df2d9,7596e1184e7330d4996dea2237c6ceab
Assets/Art/Image/Scene/B1/a3/c/a3草动_41.png,image,.png,62438,855f52a758282fedcfb35e9b1b6827e123579134640d40f455a217561e878b39,f7a8545b81057a04fa5238dafd84c58b
Assets/Art/Image/Scene/B1/a3/c/a3草动_42.png,image,.png,62029,9d499fcb9fddabd774d0cc0dac4b38fdf64c700f42c8bce54b034eb39cf70002,2586f3ce1f1552d4ab6ab62428d829a6
Assets/Art/Image/Scene/B1/a3/c/a3草动_43.png,image,.png,61403,759ab1bf9d7aef8b6d895889162e26d495ced0a58bb23992e58980547db94667,31047bc5a23e4a5479b511c5e17bc4f7
Assets/Art/Image/Scene/B1/a3/c/a3草动_44.png,image,.png,61063,86794ad0e9a8d5fe181780fed6b7cde30d8f86b0a5ba451a0d16147f9a622ee5,ed099c7f9723cbe40a10e3f197c0598b
Assets/Art/Image/Scene/B1/a3/c/a3草动_45.png,image,.png,60831,c6c233c1d06eb3e064a14da0ae828be2ddc468a6e8055594437a48ace38c7caa,780a761707c14f34892b62003a3c3b1e
Assets/Art/Image/Scene/B1/a3/c/a3草动_46.png,image,.png,60794,e779ba3b49360d3da55251e0fdd3a112108db59933c3481603cc8ed07a4697a1,230bf89fe90a2cd469be8113f11c70e0
Assets/Art/Image/Scene/B1/a3/c/a3草动_47.png,image,.png,60780,04a25615423c1537ab9482183cc496442234a8c1bd8dba8baa6a5557786e2da5,ce657a5c4951215489092a08cd2e0d4b
Assets/Art/Image/Scene/B1/a3/c/a3草动_48.png,image,.png,60795,84d50b268ece97effd6690f59f18767e19f68ae897fddbc2ca2a9f90a8e73f0e,1bb51f920e9e4a443b857eccdb5034df
Assets/Art/Image/Scene/B1/a3/c/a3草动_49.png,image,.png,60864,47156540dc7d1f79033c0a056f4aa8f4f3e7c193cbc68e864cc4a82dc2147928,87df3fe6f3b2edc459561a952afe24ac
Assets/Art/Image/Scene/B1/a3/c/a3草动_50.png,image,.png,60908,efc21e2763a219c2d61540a3c1d07d5a020ae0a9dfa0f7e8ec93f96d084ff7ef,4029bb6ef5a42ae45a50b30336cccecb
Assets/Art/Image/Scene/B1/a3/c/a3草动_51.png,image,.png,61135,fb895176ad0ba1fe2e1ed2de04fedc8a2b162d3d51eaedf3e882fa30fc01108a,a92136cfc98af484f8d31675475f57ff
Assets/Art/Image/Scene/B1/a3/c/a3草动_52.png,image,.png,61242,ea34c1b40dd7882654a758fe8306d73af03b6801af56a00952a26ff1009c58d2,6b1feebb12378b34c9af3234d15ca142
Assets/Art/Image/Scene/B1/a3/c/a3草动_53.png,image,.png,61460,119fe47585802a171573ea37e64ed902bbe92c73191de0f96b245f8c13e135b6,4a176ab7fa67cfd4ca728c31bd1ffde4
Assets/Art/Image/Scene/B1/a3/c/a3草动_54.png,image,.png,61682,aae45a4e4e5edc7566ecd82830a41a0b474f636b8ee82b242d123d5e9ea5ad1f,657923cbb3c1c794486ec3539dfc1015
Assets/Art/Image/Scene/B1/a3/c/a3草动_55.png,image,.png,61849,6d0fc289180f38dc409913f0facd308510ba7ee3f694f2bf6a8a742665a06692,23e0998c0ee94c947b4ae3deeb884ab4
Assets/Art/Image/Scene/B1/a3/c/a3草动_56.png,image,.png,62028,4ec0951e9453e7eb6e36bd7cada89374a61e2d81e0e352f7ed334ed69703669f,8412abdf59d965b4a84a190b45453c9a
Assets/Art/Image/Scene/B1/a3/c/a3草动_57.png,image,.png,62018,cee2b0eb0db295fe5751aff6e4a1ede2654e9c259f3fe73a76837fdb210d3905,27820a11583232b43ad77d5429c26416
Assets/Art/Image/Scene/B1/a3/c/a3草动_58.png,image,.png,62177,db272f8489081560d3c3bb40e49f304919102ee7129224d0f382b8df0495911f,0a8cd6f0e99a897468209a9c8b86b8ee
Assets/Art/Image/Scene/B1/a3/c/a3草动_59.png,image,.png,62294,100f192148818c2d8bf5ef5e55718af01d2682f0dd91a4e6473622844640f71f,08844f81b19a9ab48837de6ef7b3b6da
Assets/Art/Image/Scene/B1/a3/c/a3草动_60.png,image,.png,62320,95b947d8a21e9d53600a717d81acdcf565faa617e131aad8b27e50bf6965d9bd,58e79c97b6c2d474b8f37e4f331ae49c
Assets/Art/Image/Scene/B1/a3/c/a3草动_61.png,image,.png,62531,88372f2746546a9d7b9c1105a8125371af6cd45a4b351344bf9995a09eaa7547,78bcd9a06269b3e44a98d58b2d2fab9a
Assets/Art/Image/Scene/B1/a3/c/a3草动_62.png,image,.png,62514,5d765fc35c12bcd2f02399db69b75f34dc063b85238de57edfb073a6011c4ae4,b20ad81dfd1996e4d9161de81187a147
Assets/Art/Image/Scene/B1/a3/c/a3草动_63.png,image,.png,62592,18378321efabcfb30651d08a9073e5737edd4309a60248400eb7de10d893ac10,940188cd303c0774b9027bdbb9a524a5
Assets/Art/Image/Scene/B1/a3/c/a3草动_64.png,image,.png,62608,55ac72f2b9e4839c0b7e943038ec7f78127cdc7ae8d919986e1452667515af28,78283c08733ef2540a4009685d5f8e1f
Assets/Art/Image/Scene/B1/a3/c/a3草动_65.png,image,.png,62789,585048e931e6b1537c73f2f8dbbe48a4f4b2d70a0994d9e56288b187b16445a3,02deae80e5fda1244b7513bcfc1ed34d
Assets/Art/Image/Scene/B1/a3/c/a3草动_66.png,image,.png,62583,fcd04a68e6a22f7c456dc65856b45ce96462aa70e796976d8b59ea40747bb0be,36df535c1fd781744b2b8bb51c58aa3f
Assets/Art/Image/Scene/B1/a3/c/a3草动_67.png,image,.png,62865,35451a428b08a325f950ff7ef702b286813ec6164db2aec9c707545329c1fc60,d2e280be5a64ccd4c92bdd8e614d85b5
Assets/Art/Image/Scene/B1/a3/c/a3草动_68.png,image,.png,62838,add42e941f14200d8e2196e9450979b717dd13619d2ab9f224d4ed80d5a8117c,d1dd3daaee67b994a996accae699fad2
Assets/Art/Image/Scene/B1/a3/c/a3草动_69.png,image,.png,63029,76e20f7d6d42e454452351d6ca4b37ecad70a0f4074f30136c4c246aacca1e04,f9520ee9f1cfe4b4e8221d7831bbaee8
Assets/Art/Image/Scene/B1/a3/c/a3草动_70.png,image,.png,63010,99081de78ca15a4f6fae4abde9555223b5a21019bd615ea6508c5f639c403253,cd6b1af426fe0b7459b0b8eb5b7d57c9
Assets/Art/Image/Scene/B1/a3/c/a3草动_71.png,image,.png,63163,d4464b283ca0e962fcc4f559bc6a295e98eefd9374da0b6f7d5c22cc3ab63c87,ae0473767f7cc9b44b638e034b33eab5
Assets/Art/Image/Scene/B1/a3/c/a3草动_72.png,image,.png,63101,4e069cdce27e04410fac5994cd1ab61b64b6205343e853c2be772f14176e754d,f5f948e7961d8754ab0fad346e4384ec
Assets/Art/Image/Scene/B1/a3/c/a3草动_73.png,image,.png,63041,9d22748d2401ea3df39d6bf9e4718e074d13bff5495c659bebe2d42446b17ab1,f00f2aefe27a3574da2b9b9986b96fe5
Assets/Art/Image/Scene/B1/a3/c/a3草动_74.png,image,.png,63071,b286588d3e093d707299a9b2eec66cfa65aece22e460c6d2926e616805b605a2,6415dcede6b9a4b4681ceec43fb2a82a
Assets/Art/Image/Scene/B1/a3/dj/a3草待机_000.png,image,.png,63219,18ba017c98547f769e3cb86f9ea16dcdcd7dbf9e4cc35f9ffbf1bccbb064b7ec,d47d79e12be52774f8ee88527f31bbb6
Assets/Art/Image/Scene/B1/a3/dj/a3草待机_001.png,image,.png,63168,dc9db043f3a11d3fb52c59f325980943c59730ae7dc2b2d7c5f075aa82a498cb,70ac3bb4065482a489fa7982401e0838
Assets/Art/Image/Scene/B1/a3/dj/a3草待机_002.png,image,.png,63139,fef35f13a6a267b3d3b6813239d7dbec966cda61254e1b203e2b54ca24a67e7b,d0eefa2c7556808469bd6665581443e5
Assets/Art/Image/Scene/B1/a3/dj/a3草待机_003.png,image,.png,63274,3537f08dc093eb5763a99f68a9625e2315c5f0cc962d58380da64936d6ef938b,f3e1fec938784f1499f405e8b8909342
Assets/Art/Image/Scene/B1/a3/dj/a3草待机_004.png,image,.png,63104,85eeb29d1f7cf46a5be4b7731332749ce881fde97354f50d72941814b5df10b0,10fa2ad8a6b6d514e907c9b1815379d8
Assets/Art/Image/Scene/B1/a3/dj/a3草待机_005.png,image,.png,63126,5c33947d1f9f4c540c6413aceb26bd224688853afdb96090d1677c02a21e3104,f6354fa7bd95ecc4dafafe334a9ef03d
Assets/Art/Image/Scene/B1/a3/dj/a3草待机_006.png,image,.png,63254,760b3d4a26540e394f78a5406ae68fee49cab1f9d178c01b678dfc0bd2fd8c39,6ba76f75f009f7e4997ba4a653c26385
Assets/Art/Image/Scene/B1/a3/dj/a3草待机_007.png,image,.png,63265,28e393d3ae3923eb8729b66817a40d6f6be0cc52959e89280cc2d39db04a4a9b,21868061edf2aa0469b9d31304d63b9d
Assets/Art/Image/Scene/B1/a3/dj/a3草待机_008.png,image,.png,63368,02c57267d3494467616843c47e9dffdbf7a7167ee245d56acc1c6c75cdd834a3,72b0a13b028d4e545945173659015788
Assets/Art/Image/Scene/B1/a3/dj/a3草待机_009.png,image,.png,63232,141b71fa061d11cf066c5964a63a32c891a214402c7500f5ac5b4d1cc82b1521,83f76952cc7a66e4dbb45f13ba9240d4
Assets/Art/Image/Scene/B1/a3/dj/a3草待机_010.png,image,.png,63236,b746ca712f43332bdab0e1feaed4673ad75920c90ad1e3fab78cd1c39ec06653,7d9e3597ccccf1543935633280da8813
Assets/Art/Image/Scene/B1/a3/dj/a3草待机_011.png,image,.png,63298,d5f023418493ce01effc43d940b68859cbce48d5bebca69beb9e805d2d0d2030,0f8d13f5bc0f3704b9ce23026c5b34dd
Assets/Art/Image/Scene/B1/a3/dj/a3草待机_012.png,image,.png,63192,c818018e0003ff656e84ed223367448bec15f41b793d8a6e920be9a009c85ea2,60cb57ceaa206124096659a8931e4ca4
Assets/Art/Image/Scene/B1/a3/dj/a3草待机_013.png,image,.png,63283,b188dcd05830616c7fa737c4c1487b3be998f33f467a1a18f7b536fdcfd8b445,5ccdc34ad2f5f7e428b0690da35a6615
Assets/Art/Image/Scene/B1/a3/dj/a3草待机_014.png,image,.png,63350,d5d222c3a2e7867e1c303cd840196ec3e25e9e75377540d7e94fdb8060217134,268b5f62ba7fa74438790adda5b55a15
Assets/Art/Image/Scene/B1/a3/dj/a3草待机_015.png,image,.png,63301,c0e85c470dec48fb282dbf33c7addfa813e52c5fee87e388c7f4b57b4c75217b,37658a4e8d7c8c5489fbf3598fb88b0d
Assets/Art/Image/Scene/B1/a3/dj/a3草待机_016.png,image,.png,63245,f33a861b7a2d0930437003e01a7b886992fa73df5d7f955c4913c657420aa8be,f46bf21f61b274e4cab320e38e0ba115
Assets/Art/Image/Scene/B1/a3/dj/a3草待机_017.png,image,.png,63172,150455d4880a7a62d86b7a0a4261484ca7e4c3d554d59e201ce26ca2f49f6a5a,6362bd5c7eb66764ab489f6edc056edd
Assets/Art/Image/Scene/B1/a3/dj/a3草待机_018.png,image,.png,63438,94d5f3f8a7fe4e4d9677ee95678c9016eb97686fc9a8f04014dff2d23b94e420,3909524f75639204985293cb75ec571e
Assets/Art/Image/Scene/B1/a3/dj/a3草待机_019.png,image,.png,63458,9571202d4e3e13673d6c2888855ba7938673db4f175a6d1dbbcc583792e73ed5,0ece47f9d82433d4c95f432efe9e2e88
Assets/Art/Image/Scene/B1/a3/dj/a3草待机_020.png,image,.png,63391,0d9918ca06a02703338e8cd6b16b73b8003a9686eafbe49f69eabf1ba864be46,90be42c7776828f47a91efa1b634989a
Assets/Art/Image/Scene/B1/a3/dj/a3草待机_021.png,image,.png,63362,7ec612cc68a09afc13b36f3697947c728181664a8ac57a8f08fa0db6b7cd55bf,acae3bc5c1f4d7f438976ef15428eb57
Assets/Art/Image/Scene/B1/a3/dj/a3草待机_022.png,image,.png,63624,5a0c2759b4c38ffff2bf685b5b8b45649597dc7ca63b18563137c9a2c8ba070d,93ef914af92c67c41b856fed409713a5
Assets/Art/Image/Scene/B1/a3/dj/a3草待机_023.png,image,.png,63735,c32aed5ec93dfd1e0bd6e75b9876578fde9180dbc1e39d504bb18eae34a96d30,1d321adf698683a43b8686a048110f2a
Assets/Art/Image/Scene/B1/a3/dj/a3草待机_024.png,image,.png,63756,0d9212bc1b9a1861a051f4b109a8d5ce79af8cf135d86fe0a97040a00430f389,530da1f9e2ca9a4469e45b043d2bdde6
Assets/Art/Image/Scene/B1/a3/dj/a3草待机_025.png,image,.png,63745,d168b3db3df3a2bc8913fb159614232779eaed32e26f73d7ea93853d0309f98b,bffa65031595b104fb8aa969797805c8
Assets/Art/Image/Scene/B1/a3/dj/a3草待机_026.png,image,.png,63759,5ee89fdca029c0b0ac8d0925a81b79bda4cc6e806f328929230db47638330c0f,fd8581f53f4d71a4e8d320ad2db2552b
Assets/Art/Image/Scene/B1/a3/dj/a3草待机_027.png,image,.png,63794,a7df884cfb91380832762d735986e7b10574326f0107ba13a50c03c30ca0464c,7cfe2d8375c485444826052d14f8df21
Assets/Art/Image/Scene/B1/a3/dj/a3草待机_028.png,image,.png,63622,768a9c929de6a72d7049378608826fbb9c0c18f65379033600d98a8da0d627aa,bb961c57f4240224898ee2203426a815
Assets/Art/Image/Scene/B1/a3/dj/a3草待机_029.png,image,.png,63434,39b950f4db13ea6601f75f4c7d46aaa31697502c2737cfbe8e782d5837329a26,189e0a9e4def0bc49a50d848bb810a9b
Assets/Art/Image/Scene/B1/a3/dj/a3草待机_030.png,image,.png,63707,aa60aa4a86f0252fa9eeee5b298991abcae25094a91c2959d72b9e8fb3c241cb,0274864acf6c7084a9ad324fac26e2b7
Assets/Art/Image/Scene/B1/a3/dj/a3草待机_031.png,image,.png,63833,52ad1a421f3878ecce8f1993a5ea6366caaa7d553c3006eb4076cc511759d5e5,cc9e921666343104fa067d3d91ae38ea
Assets/Art/Image/Scene/B1/a3/dj/a3草待机_032.png,image,.png,63857,3c2b12741a27aa6f8bd1a082e084fb6df584eb1aa2c64596eb5a0b09978e09c4,346491a427ddaa646830fc00f92d430b
Assets/Art/Image/Scene/B1/a3/dj/a3草待机_033.png,image,.png,63909,c4145cdd3c890e6e57c2146c7221c17d0ec8de131df7b41092141c323bde73b1,40fcbea4a82784a4e9800656200e7396
Assets/Art/Image/Scene/B1/a3/dj/a3草待机_034.png,image,.png,63909,6d909d3e998808b0b74d51e9fe4e76461123573ff8b75093684571fc55b86692,8732587c588b90b478a31b260bd72e0a
Assets/Art/Image/Scene/B1/a3/dj/a3草待机_035.png,image,.png,64036,35b5bdee403075057d4b92d58f6f829b53629d78f0551709bc221007fbec15ad,616db021ee3736d49a1052e10d23fcc7
Assets/Art/Image/Scene/B1/a3/dj/a3草待机_036.png,image,.png,64207,b8da57d882a6e275a3f48cc804d2955dd4111e9a2aeadafefa7da8d3e623b753,ed48da4528f18cd46b5d6daf08682788
Assets/Art/Image/Scene/B1/a3/dj/a3草待机_037.png,image,.png,64163,2eb0496ab8027bacd140ae17ae89e43a6c8e412d62a81192c2f9143659c802d0,056a001560c600c49b2d71d285b9530a
Assets/Art/Image/Scene/B1/a3/dj/a3草待机_038.png,image,.png,64196,faf1ead6eb462e985ecb4197617c2211c666ab8da33e6241c62049c5a1702f1f,a99febc4280a8784dab0d9f8b3a95911
Assets/Art/Image/Scene/B1/a3/dj/a3草待机_039.png,image,.png,64052,577b645dbf7fee2f6c665861a1c642b85418e90f35af95dcb783fc3636149da4,492d29bf4e27e2e498e0e1183e9b25d1
Assets/Art/Image/Scene/B1/a3/dj/a3草待机_040.png,image,.png,64151,ebf7701fc485c4c7cb5218333d680fd54dfd124ededd5dd32dd7388d832a5b49,0c7e8f216a0848b4fa2716c19c186be7
Assets/Art/Image/Scene/B1/a3/dj/a3草待机_041.png,image,.png,64332,7da4cbdf8a1f49b1a683990397f38ee279e46b817ebe802da18dc0594799e15a,0292286376470b94fa17d6879300e322
Assets/Art/Image/Scene/B1/a3/dj/a3草待机_042.png,image,.png,64038,94e2646ea63d447d5d8659c55590d124ddeb339da1254a62b1a92d3f12d8d686,a401729dcc12b8641a6a0c710eb145ea
Assets/Art/Image/Scene/B1/a3/dj/a3草待机_043.png,image,.png,64065,c674508690a954c71145faee39997ad1c3f2b80a4acf487289db7d9f93c6529c,99742101cb31734428954a33bd2a734b
Assets/Art/Image/Scene/B1/a3/dj/a3草待机_044.png,image,.png,64088,acdd107366770804cc47903d03b0d967ef59bf60cd2843102f035e192fa08651,1aa62c3dd2389174cb27fe06b090fd13
Assets/Art/Image/Scene/B1/a3/dj/a3草待机_045.png,image,.png,64072,8406b2ea067ae30a54ca4e8d67025393d328c7b4d33f124e08536c0569e6411b,12d3640e55a431142ba6871d7147105a
Assets/Art/Image/Scene/B1/a3/dj/a3草待机_046.png,image,.png,64280,0e1725d63503cb54ccb41e538ba1391c2e37a24551cb4201078422dba326fdb7,fc3886de2f8908b46b8a44d6a839dfee
Assets/Art/Image/Scene/B1/a3/dj/a3草待机_047.png,image,.png,64280,dd250ac9938a9c48895bdac9b657e35cb9a27a44efb357d7d2c579d5860c2b51,654128df9b6234149ae5103e4b69eca6
Assets/Art/Image/Scene/B1/a3/dj/a3草待机_048.png,image,.png,64141,aaf6827be0764fe10ae313fe7439f6ad7358647a9af43eb94a71011af59113ac,b33bf58f71d78f842a56ec208c5f364e
Assets/Art/Image/Scene/B1/a3/dj/a3草待机_049.png,image,.png,64302,c2f1123dd6478302f3a445dabe0db53c686859af2a6130c24121a0ee1ad876e9,bb5526bafab802b4fbf9ae91a82d2a3e
Assets/Art/Image/Scene/B1/a3/dj/a3草待机_050.png,image,.png,64329,1edeb9e393e004d24d70a98eb43c895d893277dca70c211e98c9e19dac09ed94,75e589d25e69cdf4ba6b0b760dcae9cb
Assets/Art/Image/Scene/B1/a3/dj/a3草待机_051.png,image,.png,64218,69688abc6c984abff35a0209a40b792bdfb1549560b73734483047529bef06b1,90e1091d3789c7441954ada88aefa1db
Assets/Art/Image/Scene/B1/a3/dj/a3草待机_052.png,image,.png,64284,0d87ec9c51ae2b4fa2c47844a8edaefde99ec0be9fb42d12b7a47fbfec81303e,5292dddfa4a67f5419224df948ae7d48
Assets/Art/Image/Scene/B1/a3/dj/a3草待机_053.png,image,.png,64315,1fe9d0ca9dc7222996c7e85836d5f7c013844f46b1a8cd18a50482b45858d627,7ad3776a8c7da88429fa161e5cb2d5fd
Assets/Art/Image/Scene/B1/a3/dj/a3草待机_054.png,image,.png,64287,f3b6606129d267a090ce1a54e9e8b5cd49c41576d21707ff5cb2adf19444dfef,deaf33bf1884d5142adb6517faad0ed2
Assets/Art/Image/Scene/B1/a3/dj/a3草待机_055.png,image,.png,64288,447d242ec0bae1bb9313ff3973bfb5a7d1d47ef18a5aa56fa6464780d0174403,07c57d14881be5e47bfffa6dfaed497b
Assets/Art/Image/Scene/B1/a3/dj/a3草待机_056.png,image,.png,64315,5b43bcd3e70e7c52383dedc486b318c63fcc9a752faef99cc5ac1c62446dc2b8,f70dc4bd99cf8d1469b99c205982a09a
Assets/Art/Image/Scene/B1/a3/dj/a3草待机_057.png,image,.png,64277,d536228d60fd04f8fcf000c8548f4ea0336796891e145cd2d5e8c3ca5ecbe14c,d1512d96f00f2f04a85d8007a20d28f5
Assets/Art/Image/Scene/B1/a3/dj/a3草待机_058.png,image,.png,64285,85c8322e5bea54e5e8a7c3a81824ebebf3ca838cc27a5c3b93201f9e575dffe9,aaa5cedb2d6972945b75fdb029c513bf
Assets/Art/Image/Scene/B1/a3/dj/a3草待机_059.png,image,.png,64203,0a3e526401a97603468d3a41b7d99765c901ce92c02e10fc0ceedcca52fcf317,7bd6255fddbe64e42913c81b936f25be
Assets/Art/Image/Scene/B1/a3/dj/a3草待机_060.png,image,.png,64321,9cee7a94593b2c9ecf48e17aec64dbc6901710676d80e3d70ec811ff8c7a0c5c,b4bfe39b419dd92498b37d5cb104fe17
Assets/Art/Image/Scene/B1/a3/dj/a3草待机_061.png,image,.png,64290,c2b772f1008f3cf01d7435acd21a9b1f8f22ce7cd80c2e05345a93415d250b5c,afdcc13094654fc4ea4a9a72560c83b9
Assets/Art/Image/Scene/B1/a3/dj/a3草待机_062.png,image,.png,64292,bc53a5ef3fe97048fa5537117767b132b67041fc3c28d3705daa3e3c27384f30,73560a8f827524b4e9ac067d38a5b7d3
Assets/Art/Image/Scene/B1/a3/dj/a3草待机_063.png,image,.png,64198,dcaf678957e34c4cc7a70edaaab723bae5ad024ebe0db5e1b2ae47f0aed4e886,c5855dc3ec703c4419c24b7d505764d9
Assets/Art/Image/Scene/B1/a3/dj/a3草待机_064.png,image,.png,64138,10aceb456de7937fb9180eb1a72d2694bddf67085a08a400242e3b37429389c8,6d206a4733e580348a107f7421f992d4
Assets/Art/Image/Scene/B1/a3/dj/a3草待机_065.png,image,.png,64080,c0ac3aed78f0b568001881790b3fcdefcfe11208e3841a7aab303257ef959af1,ec33cd5619b13d4458db23153a4e1e0a
Assets/Art/Image/Scene/B1/a3/dj/a3草待机_066.png,image,.png,64172,9733019b02148d3a170a4bd8e8a096ff47a5f9225c3c63b45c32a3a7a86d33e1,6400fe14b88cd0347b8329e287f6ee42
Assets/Art/Image/Scene/B1/a3/dj/a3草待机_067.png,image,.png,64042,6d097f2865107a48a8fa3e3afb4c83985788e1fdf0cde9f1794bbea31fce62a8,ecbd85ff8fd703a45b5bd0842be99bba
Assets/Art/Image/Scene/B1/a3/dj/a3草待机_068.png,image,.png,64003,a860ab609b02a8a5c9fa9629456ca6ced5bebcbc7f2cbe864da102835952eaf4,c816696eb73fc0c44802ec763eebc663
Assets/Art/Image/Scene/B1/a3/dj/a3草待机_069.png,image,.png,64049,defdd751d3c682665888a6f62d1ed0b7c7e751ed06f1ff801dc77ad35b159d5f,b859b87938ebe524ba19a0022ad75034
Assets/Art/Image/Scene/B1/a3/dj/a3草待机_070.png,image,.png,64096,3df828aef4f3ee16072ec479cfd687d55db16b23bd3cacd59edc3c79573cae5c,9f088bc7b8f0d0047be18cce2d0677b4
Assets/Art/Image/Scene/B1/a3/dj/a3草待机_071.png,image,.png,63976,973c789962b53314a8f8a9a8a2d97b596fb72de815214655f62719f055cb6da3,399b61b93ff18f94a919e989cdcaa07d
Assets/Art/Image/Scene/B1/a3/dj/a3草待机_072.png,image,.png,64130,7339035ea95d9304f909d9125b630227de72402aa247cc20e55bd9b32e1d4619,3c87113f618f2404babe84c77f842497
Assets/Art/Image/Scene/B1/a3/dj/a3草待机_073.png,image,.png,64049,046561754daebe88be0f95373137720ed4b83bf3fc828c5ed6b663b4c7d4d931,2a4e20ccbbce3af448543180838a52cc
Assets/Art/Image/Scene/B1/a3/dj/a3草待机_074.png,image,.png,63945,9107965f9707682bb1a9caff0937a8f10fa6b85b0ea4c848b05470e72fb4022c,da9a33cad77d1df4ea67f4f8fa90d1d9
Assets/Art/Image/Scene/B1/a3/dj/a3草待机_075.png,image,.png,63978,5a9e5a9afa6344714f13d4739fb3a619f2e16e243373ede83361475ce51a46d7,1bc84584af4aab244829748dd7b37ce2
Assets/Art/Image/Scene/B1/a3/dj/a3草待机_076.png,image,.png,64035,c5b170aa96187f6804fe52c5621362ab027a9274c7a31c99c203cb63bc7894c0,2ecf5f158ff6c24499c1e03c3c49e177
Assets/Art/Image/Scene/B1/a3/dj/a3草待机_077.png,image,.png,64053,1d3860ccbd55ea6a14eff1f02e8b96ec637908dc7e3079e56778a9b8eab889a2,6ec600bd223caaf43b5998c2f296a501
Assets/Art/Image/Scene/B1/a3/dj/a3草待机_078.png,image,.png,64068,40ee8509459acda048f7dccec33e5526df7ad1f8da2d6bb73ecac754acbe9bb7,6e39d377b0d90d544b98d75293f4e9ba
Assets/Art/Image/Scene/B1/a3/dj/a3草待机_079.png,image,.png,63926,39c6c724e5a8ba493bae45d0b4149cafb8ec54cc3f4a28830330685717b7a67f,7ff9dc79fccb97d4aade6fac162e1289
Assets/Art/Image/Scene/B1/a3/dj/a3草待机_080.png,image,.png,63959,8220f09cff0b6caaa7c55859169b6e7a36021434546a3fcb17109de9c73c9c3b,2594a6f7190b9ec4c90ec23a59328af2
Assets/Art/Image/Scene/B1/a3/dj/a3草待机_081.png,image,.png,63981,840f33ee66711cd8907409da0cd4760b6ef3e8153006377bd8ef00fb40b6d016,9b1d5c029564ace4c85061f89eb6a4e7
Assets/Art/Image/Scene/B1/a3/dj/a3草待机_082.png,image,.png,63844,33fc727e415af53e03fc91a91317fcb6915ee9bfb74c71ea8a53d6725718ced5,178eb9f6327e79e4396bf233a5ef5feb
Assets/Art/Image/Scene/B1/a3/dj/a3草待机_083.png,image,.png,63883,dd14fc8c1765ff2fa536a2fa5df9f8a16d1b64df9098ca32675980144d8adbc4,9159d05b7c4796c4b81e410e0953137d
Assets/Art/Image/Scene/B1/a3/dj/a3草待机_084.png,image,.png,63907,4944592d24841eb23342fd77ca45e46efe97ae5dab2da68329a84211859027bd,4a70403c40414594fb5076dbba54d1d8
Assets/Art/Image/Scene/B1/a3/dj/a3草待机_085.png,image,.png,63868,0b9e301a392924db42e21c97adec26531905ba0a5c2fe894309c6c73a9fcf2ab,c189a3c2bfe5a1744ab4476b1d95f6c9
Assets/Art/Image/Scene/B1/a3/dj/a3草待机_086.png,image,.png,63711,5b8f3f27e5fb25e419439dcb0a16fb85bf24835706c968a73b5bad2c1f2f5e3a,e64ba457496a2b949b316c444f8d668d
Assets/Art/Image/Scene/B1/a3/dj/a3草待机_087.png,image,.png,63780,ffdafdddf93554d431a25716a7325b550fe60a03f3e46518c5a5527fe0e88328,35194e3074565e84e9a3993cc0dd0f83
Assets/Art/Image/Scene/B1/a3/dj/a3草待机_088.png,image,.png,63588,06d667ea8cf4270c207e3ed2e7bf4ea82ad1d03e36bdc562f863d45a44b70ac4,c1a74e8f6755ff24d969083bd689ce90
Assets/Art/Image/Scene/B1/a3/dj/a3草待机_089.png,image,.png,63543,897ec756cd7f9c4430772a5ff0420690c78a6feb6431ebaae384f2f4a27433f0,54d08936ba789c34d9bb4f5a56e3f4ca
Assets/Art/Image/Scene/B1/a3/dj/a3草待机_090.png,image,.png,63470,39662eb8e291b0360fa1470412ea0fc9a881807d0f4174ca35ed8c90840ee759,482a8bb9b6d044a4ab60e37491f2d496
Assets/Art/Image/Scene/B1/a3/dj/a3草待机_091.png,image,.png,63554,27f45f9f494ba1722261b7ee4ff28914b28408d32e84ff6093017fee5f836761,3b204da76dbaa6a43b1d2119d72ef687
Assets/Art/Image/Scene/B1/a3/dj/a3草待机_092.png,image,.png,63829,5c1f1eefea12f3291d99de2c505f7fe8d14b9c2ecc58d9a12d226f75d891cf40,4b1073fdbb0aff94d8eed2799af08a35
Assets/Art/Image/Scene/B1/a3/dj/a3草待机_093.png,image,.png,63935,ac0fc081ef72cb0354457aa8d3e4f5ea90e08113c93aaa7428cd78519fd9b4e1,11059b8313b55be4baa450d226ef8555
Assets/Art/Image/Scene/B1/a3/dj/a3草待机_094.png,image,.png,63625,81e5026e776e6f20ba0380535ac4a75485ee0d2a94e5e635a264ea2aafc98d6d,6501868e044ff1642b8076582b3e1e4a
Assets/Art/Image/Scene/B1/a3/dj/a3草待机_095.png,image,.png,63602,dc57163de4e4ae25d8d143d8a48fc4e338010380727064048fe740ad83424816,53c7cff10e435b94a9af24be6b4cf6b7
Assets/Art/Image/Scene/B1/a3/dj/a3草待机_096.png,image,.png,63659,fc6025112cdcacd004a9ac184f2d0f51e2d616845d49b91d99082721f5f2adf0,321d46b365a8ed849b23c9fbc28f8d2a
Assets/Art/Image/Scene/B1/a3/dj/a3草待机_097.png,image,.png,63710,4d42ebec51d617ccae7c331e34dd238ce19c4dc2224ac23e4f2f28f24828c83e,3b1d9bef1c3072e4a9b228745628a3c5
Assets/Art/Image/Scene/B1/a3/dj/a3草待机_098.png,image,.png,63620,f18f294d8b476f9ad4d0235ac3f750865c7996154f14b360d6f9c27f97b286a5,10030637fba46cf429054040c7eab914
Assets/Art/Image/Scene/B1/a3/dj/a3草待机_099.png,image,.png,63497,2d50d94f0a7b2b60cca0f75ad1d5d2bc7e32d25d7f1ec815cc126c1f1655cf70,0a4dd35de13f03d4e8820492bee974a1
Assets/Art/Image/Scene/B1/a3/dj/a3草待机_100.png,image,.png,63358,dc65bb6ecac0f13de0487617c94376f7f367b777d0a587e4637c988305d5768a,4828ef75f13312b489265d2e60d1ec61
Assets/Art/Image/Scene/B1/a3/dj/a3草待机_101.png,image,.png,63231,8716ac4a319600b7ae94a3a2780c16786e6019b90a7533db1095576ef8a40f3b,d68c063765374e844b86955bde10a241
Assets/Art/Image/Scene/B1/a3/dj/a3草待机_102.png,image,.png,63290,373139a2df7ef252f4887a6ea3428d96dcf0f07e265171621af338eebc07cc2f,f73e780aefddbc14690f96b960dc70f4
Assets/Art/Image/Scene/B1/a3/dj/a3草待机_103.png,image,.png,63516,c10ee921740bd7f1b9f0dc7e6f1df122aefcef39695bbbdd09bd138b6f65e4dc,e33e409f49dd2d24e9bbf68fa55c3ed8
Assets/Art/Image/Scene/B1/a3/dj/a3草待机_104.png,image,.png,63555,a6e36431a440ea08652881fff38aace8970835f5ef28a293e1ffb242e47dc01a,28dcc57f36566524aac8083a44f171f6
Assets/Art/Image/Scene/B1/a3/dj/a3草待机_105.png,image,.png,63359,0ea571a3a7e468fc55ad9db57306e5106a538c00bb0fcef9c5068a8c80125806,09fafc09fe326cc48bc2568a9365dd73
Assets/Art/Image/Scene/B1/a3/dj/a3草待机_106.png,image,.png,63232,dc02e235cf7df4e0f005cd7f9efe3d493eb58bf9fc5c70c6d7b9eff2548ef4cf,c6ea5781ed64ec94f9ae700c86f65d62
Assets/Art/Image/Scene/B1/a3/dj/a3草待机_107.png,image,.png,63263,736631c256812c56726c42299736b01ac0c10026d3942025093c2004fca3eb52,dce20a0541f64c34ea56f98c3d30866d
Assets/Art/Image/Scene/B1/a3/dj/a3草待机_108.png,image,.png,63201,ad5911d075128e249b85293d5f3f81c049f0aeece69c3212fc8f59a7001ec508,8bd713f3cc91a0d43b10885389cfd7b5
Assets/Art/Image/Scene/B1/a3/dj/a3草待机_109.png,image,.png,63351,24f9d2296be3c6fa31fbe7ce4a5d01f9909b02e95914eda9459971536436ccf0,35c64d65f925d80488806ca04f893e37
Assets/Art/Image/Scene/B1/a3/dj/a3草待机_110.png,image,.png,63197,d7c0cf82f62824563a41baa5a7fc6940ae2ef48066307bb61597ea9acb22b43c,f721191d6319fe34088f38ff9720cf8c
Assets/Art/Image/Scene/B1/a3/dj/a3草待机_111.png,image,.png,63200,303ed5e2b6b014d2794ca3a8e91e71639e5b222ebdcc2731776f43dceddc7a5d,7054e2a378f4f0b4c9059e27cd9eca6c
Assets/Art/Image/Scene/B1/a3/dj/a3草待机_112.png,image,.png,63030,3cc80eab6a5a8e494a26b0a9451ac754a6746c4c43f625846b2c5a955c7d6595,aecedd30cfe4b9043831ad08c6a7be16
Assets/Art/Image/Scene/B1/a3/dj/a3草待机_113.png,image,.png,63007,c6ce74b6e139a6ab1f3e64ec3ad06f607f08a966cbb9f4be6716d4163007aad9,9a460ebf0fe941544a386e58157d6aae
Assets/Art/Image/Scene/B1/a3/dj/a3草待机_114.png,image,.png,63230,65f988e9b845a047479d6b8851c0e843e5636864319d9e38377ae56e064dbe00,94c6e6b74fe2021439d56d71dabf861b
Assets/Art/Image/Scene/B1/a3/dj/a3草待机_115.png,image,.png,63264,b252043ba3201c17a48f4e57e37cb78966f1ad5170c859aabb5441952ee57da5,d4c4cbb2b3856cb429289816ef4c34d5
Assets/Art/Image/Scene/B1/a3/dj/a3草待机_116.png,image,.png,63234,7c614a6573d920a4c2e1b85bd6fd748381174dc6a2ccd046eb1469b21937035f,e9de769bbea634a4da4b0b58347e8e9a
Assets/Art/Image/Scene/B1/a3/dj/a3草待机_117.png,image,.png,62989,241fcbb8badf623810aea14d2dcf9dc1c0525ad04d441e29b4ae5c62b3fb1293,55e87c03e35ad5b4c877ebe32b470430
Assets/Art/Image/Scene/B1/a3/dj/a3草待机_118.png,image,.png,63148,6b784136f4fc09301c34e4c484f5fa9f823eefa503ac8fc9a7387d39db8ca73b,38f749400b3c1ca4088f0441e3faf448
Assets/Art/Image/Scene/B1/a3/dj/a3草待机_119.png,image,.png,63262,8cb295ece015702d40aee0b3de065666fcbb66dd7c7b14fe3ac03d7a9e808594,709bfbbfc570f4640973fed8f512a990
Assets/Art/Image/Scene/B1/a3/dj/a3草待机_120.png,image,.png,63301,150d6523e04a7d8a32a3b246a1c49f1586988e3f80e7fc3fac19af8bb6be9966,ca5009ef30519824e8c1251c34cffff5
Assets/Art/Image/Scene/B1/a3/dj/a3草待机_121.png,image,.png,63241,7af54238aa100ae22d26d01d20c63583027090a4e8f7749138f2001c32bef8ec,e885e6822d3d6c84dbf7472fd28e6b5b
Assets/Art/Image/Scene/B1/a3/dj/a3草待机_122.png,image,.png,63194,b74907676f3b3473a7baf1ac4ca1aa2f0041a9ff5d5362aa3f0dbd41c605b340,e6daa06dec6f09e42918cb310d31f875
Assets/Art/Image/Scene/B1/a3/dj/a3草待机_123.png,image,.png,63119,bb3be55738d5666ecb2d264bc589ac2f28a0949b75b3d056440405a4d95b42db,17a01232747f0cf4eaf649a2f9aa336e
Assets/Art/Image/Scene/B1/a3/dj/a3草待机_124.png,image,.png,63063,48aae46b19ed0fb640a6a8523737af4e51dfeb56ea7162cf6f602cb3d1ba5cbb,6589ad33b5abcd342a1e6882e4ba2352
Assets/Art/Image/Scene/B1/a3/dj/a3草待机_125.png,image,.png,63131,e4d375fcfdada7c182eedf58918ebdcba8796a9d405b8e048badbe87eaa663c7,6f14720de29bf684e8c3925df3480860
Assets/Art/Image/Scene/B1/a3/dj/a3草待机_126.png,image,.png,63160,f838724d712d08017e031e2a86b77d4d90f01c870ebe9fb5a123b9b6067dd267,66d0274d800935747bfc27b56c8244d1
Assets/Art/Image/Scene/B1/a3/dj/a3草待机_127.png,image,.png,63153,c8272b45348bd8f7675fabb2c579d6bc6b99232204ab3670ccfd14d9e2849e0b,a02f4b7e2b5bb96418b233bc9e9b597b
Assets/Art/Image/Scene/B1/a3/dj/a3草待机_128.png,image,.png,63167,95bde3dd143a8b5489cdd6782b11cbacb6cc64a15c5f12741e4e303c1dd9b982,8b8e79d3ecef7e44da252b2765a8ba11
Assets/Art/Image/Scene/B1/a3/dj/a3草待机_129.png,image,.png,63226,f410582cd637d035db1cdd1b56c53616cc21bd509ddf33ed33fc1532df2daa05,d08d4eb61de193d4aa7eab6bd0a7b4b4
Assets/Art/Image/Scene/B1/a4/a4_cao.controller,animator-controller,.controller,4183,2e18efd0cb1d7369c122426181b7e05b8f1610f0fd50204b88a8670acf3bcdb5,481dd030fe583f846a385f23738c7854
Assets/Art/Image/Scene/B1/a4/a4_cao_c.anim,animation-clip,.anim,14784,efbac3b3844170d8f705efe64b486ba34bfe16e568666cbb3026e1476d39afde,afd1f2989fecf6344b7430a3d28a33cb
Assets/Art/Image/Scene/B1/a4/a4_cao_dj.anim,animation-clip,.anim,24419,7b762f929bf114b8c162de3cbb0936a6e925dfeb605965ab1b84bc2230251738,01654d40a6cf1e049824b4478cfbadc1
Assets/Art/Image/Scene/B1/a4/c/a4草动_00.png,image,.png,106921,67d7e9d096e7e2c5b1330f7ad5d322ff4725425818d5de4f017e5330a580865b,0a49685f6ca12b6409d4268825d7054d
Assets/Art/Image/Scene/B1/a4/c/a4草动_01.png,image,.png,108015,2cf6c78c282dae1d4bc5c00235233b93b6f3f616322b29e6d9ea642bf0b1e544,68b89e767f571eb49b94b103820cc243
Assets/Art/Image/Scene/B1/a4/c/a4草动_02.png,image,.png,108758,ed7f7e73470dc3cf0f926d9252626477902c7e9d0100204638a33e59835e2483,4641bcf4a63ea65449360972c1606f3d
Assets/Art/Image/Scene/B1/a4/c/a4草动_03.png,image,.png,108987,affba2b2accf263904b988a48fa7ce6aab48ced5bbfdb0e5e7590fdc4cf8b79a,184772dda87ba464daea8bd9b100e203
Assets/Art/Image/Scene/B1/a4/c/a4草动_04.png,image,.png,109302,56d5731418d8fd8d1a1f02e158eebfd18ff9eab608bcd3f0d152ec22c3e53b03,84477539e95371e45869760a3a9e16f9
Assets/Art/Image/Scene/B1/a4/c/a4草动_05.png,image,.png,109412,97912dbbd5c022ff9853ee56c397a7692170bf675d6d4b3586ef482ef8fc7073,42c90d512c839df418b208707323907f
Assets/Art/Image/Scene/B1/a4/c/a4草动_06.png,image,.png,108827,8c2b463157652fbddb108805bd1f353eb66a03b4b2fae7fae1b97f422a3f170e,6a7e09b0fd88e6b4198646800559dc7c
Assets/Art/Image/Scene/B1/a4/c/a4草动_07.png,image,.png,108252,5ce6cfd0c79c0ffa6e7a565766d31e7f864e010c6d6e5f2684a0ae5fea229048,223b3ad0b240716459b536a4ab39001a
Assets/Art/Image/Scene/B1/a4/c/a4草动_08.png,image,.png,108679,5195112ca1bdb42eac172a72195b9b7f72504824240179aacf8aa3f7abda62aa,da3416339732aa746a999d835955e8d7
Assets/Art/Image/Scene/B1/a4/c/a4草动_09.png,image,.png,108369,5c97c13cb3ddb4190ecfa1ef2725abc7152b8c44efd91018575d51afe13de9d7,afc54c8bea8435845a6b13ee71bc031b
Assets/Art/Image/Scene/B1/a4/c/a4草动_10.png,image,.png,107645,4302f0b22f35a5214fc779c4b71180f6aea57c5ae9ce21e1fc3c6d0ff2c10d66,a088f619b96cc954d85e9bc8300be749
Assets/Art/Image/Scene/B1/a4/c/a4草动_11.png,image,.png,107545,aa20c1a25729de2e422d3438f9bd5df20caf93cd0fe502e12d41d0ce6f4b9201,2629675db0c957445a3445da413137fa
Assets/Art/Image/Scene/B1/a4/c/a4草动_12.png,image,.png,107535,5a4029b382775a4ea0af80af6355fb46efc432c4f3e18d76fe964efc9c923f98,f6f5756a44e83734cba5a0e40c06f883
Assets/Art/Image/Scene/B1/a4/c/a4草动_13.png,image,.png,107569,c2ef3e358fb70dcc69426719a981a50ee86e5bc08399b4d2610c9d630349ca5d,59b530a98c85670418f4c255a95b48b8
Assets/Art/Image/Scene/B1/a4/c/a4草动_14.png,image,.png,107778,e28c3e14e18d8b931937b228cdee599a93fb70352628e0a5c5154828dae08309,2a2e45726e4d4654bacb25fd8bb32224
Assets/Art/Image/Scene/B1/a4/c/a4草动_15.png,image,.png,107836,28da5c5a58a621d02e93df921ea77ae23d23089c0a69c5e17a74a6246fbe2011,6a5b60916f9440547bc5a5106f182574
Assets/Art/Image/Scene/B1/a4/c/a4草动_16.png,image,.png,107767,c14f278499ae735b80f174f7e9aab339f5952b1d9da6727ac956d399508fa370,c6e1a567266d9034da51ccc848a156dd
Assets/Art/Image/Scene/B1/a4/c/a4草动_17.png,image,.png,108261,67039bf0808914b92462c8a02ca3e19af16be3a718df09117ea8ab240db7bcab,64e25aaa9ab6fd74d9c66a42f20d4bce
Assets/Art/Image/Scene/B1/a4/c/a4草动_18.png,image,.png,108905,dbccc36c286d57433a4cfb31de5dfb2a268e9c896a07b11f379bc81cd6d93f9a,7df5cf680c4e7c04a86bf8b44ea86906
Assets/Art/Image/Scene/B1/a4/c/a4草动_19.png,image,.png,109317,4872aeea5c12c069952af0ffd1aeeed7231ef6c1b7cd5b837988c072c80e495f,5b7e143e4b0486c4c82f57168a9a9698
Assets/Art/Image/Scene/B1/a4/c/a4草动_20.png,image,.png,109725,d0488beba5216f03e33b7d9b6139c845d4f520a041c89e5208cc3964c8f8eb5b,671a62a82beca2540819963318b2a05a
Assets/Art/Image/Scene/B1/a4/c/a4草动_21.png,image,.png,109306,24f42d71551ca19dd215bc95c71876dc862cb30acfa9978d98e4fd7a0c894401,78f031a5e862b8844a16c8607b33d0df
Assets/Art/Image/Scene/B1/a4/c/a4草动_22.png,image,.png,109244,fdab60c6bd26864b674cd33a86389babb7094f3b79c299c0582f538cfdc67d29,1197e4d6ade1f384b90eb4ddacfd1fe5
Assets/Art/Image/Scene/B1/a4/c/a4草动_23.png,image,.png,108631,0d39bde459e1c452763a81f2414e7054b63fa3728c1009f0d7a5a1a996051a02,1918b4387e118844c9c87b97ab85e5c0
Assets/Art/Image/Scene/B1/a4/c/a4草动_24.png,image,.png,108150,0671aa106eb8aa635e89c9c8d049c3157804114aa3c2c0e5b8e96c68cd364df2,3efe8019ba926054394c1785b1d86eb8
Assets/Art/Image/Scene/B1/a4/c/a4草动_25.png,image,.png,107245,9554d4836d1f120ceb35e17d6d7f5c3aa9f2359f02a1eaf11dc710fe28f3bb9c,398eed628dd27d745b43969a9535a38b
Assets/Art/Image/Scene/B1/a4/c/a4草动_26.png,image,.png,106546,7a409870d99c30cb1a334bc221ab26221e9f501b4fb550b36709a6bd8642081a,2c210e84e7bb85f42b87bcc06d1d6c04
Assets/Art/Image/Scene/B1/a4/c/a4草动_27.png,image,.png,105729,d076f500e4232a26c16f9768f577624b96f38937842453578d063badcc482a66,de051a44df7326d44b899734decefb12
Assets/Art/Image/Scene/B1/a4/c/a4草动_28.png,image,.png,105067,6775faf349db338a3bf642aa72079a0e146c60413e7efbc1bba8b8ba2f9285e9,56706e173365b3d4c9f8cf1abba1dcf8
Assets/Art/Image/Scene/B1/a4/c/a4草动_29.png,image,.png,104641,863fb8474291aba8136dabce23b5a4e376762e932fe44c41817ef1df1120b1f3,fea61d961166689429a4061bfcac4557
Assets/Art/Image/Scene/B1/a4/c/a4草动_30.png,image,.png,103853,33f879dec27731fba5a5832d5ad82445d98d09216e654b0b48ba00fadc1c1e83,39958894a785be749b5c736edc0b01f0
Assets/Art/Image/Scene/B1/a4/c/a4草动_31.png,image,.png,103549,ab81901a51afc948b313c3e6c346a21d26e6da251047e1b306e261d18d96a23f,acce754b70351b54a9235d9044942746
Assets/Art/Image/Scene/B1/a4/c/a4草动_32.png,image,.png,103203,ad07c8ba99e60974e41d29e5fe5997ca0ebf2e8c76516ec5d69004386decd90b,ebf1df3bef2011b4a834bcb7ebb55a9a
Assets/Art/Image/Scene/B1/a4/c/a4草动_33.png,image,.png,103520,3b3267b03bfd4aa447633a97f7777e09fe06bb69d89b0f11d57dab7c0b0c6b6d,6797b47db50727a4780f35507243f91d
Assets/Art/Image/Scene/B1/a4/c/a4草动_34.png,image,.png,103593,198b7e4be83da9587eed2a1601a00ef82020d44b666a2151f2b3b10429a7f91b,ec00f6f7a7bb58a4581e491ebedb4139
Assets/Art/Image/Scene/B1/a4/c/a4草动_35.png,image,.png,104632,2306108190c9a31613100ce21c13dca68493eaee74b8f57e1a3579d7aaea75bd,0129ccf938eb5114f8abd56784fd78f9
Assets/Art/Image/Scene/B1/a4/c/a4草动_36.png,image,.png,105295,9d311341700855b25349e1dfa8a7d34b1cee32da7f63378cb1d0dfbe03cc8dee,fd14019d81f20414fb1cd1c3f9db0185
Assets/Art/Image/Scene/B1/a4/c/a4草动_37.png,image,.png,106024,e3efc5bab79b5f221a0a528f4ab631e904e330fa8f8219c4de753468fd6fa146,3e103721d08ddb941b5949d707073c9f
Assets/Art/Image/Scene/B1/a4/c/a4草动_38.png,image,.png,106702,5dff39a6a83af27b6054e757b4727133ac999c4d3a321e8e7a3055524e22ba40,652301ba5bb5b9248b49b55c5409bc0c
Assets/Art/Image/Scene/B1/a4/c/a4草动_39.png,image,.png,107153,6fe159011fb022ec13389371f61550b69acad751abb17a7e1dbd1dfdacf3d27d,40afdcb2874f3b7449f89dde69075efd
Assets/Art/Image/Scene/B1/a4/c/a4草动_40.png,image,.png,107237,2034bfc6b71a22b955730ad49fda3d874db29f0281799113d20ee461610779f9,9a618a55c3ea749408c7d7c501bd04c8
Assets/Art/Image/Scene/B1/a4/c/a4草动_41.png,image,.png,107884,42a720aefc0a07afa29607ef65b41a53fa5910d36048afbeb870d34cfabc4251,9ca173c19e78fb640ba7b6a9f2231c9e
Assets/Art/Image/Scene/B1/a4/c/a4草动_42.png,image,.png,108090,99941518f4dc4b79416cc7bbbeabb5828ce577455eb3819e53ce24a6d7eaec73,5836ece3d26522a48819f932532b4387
Assets/Art/Image/Scene/B1/a4/c/a4草动_43.png,image,.png,108614,49ae1dbc7c8c17be063bb3740ac68783e91cb66fa24021017baa449d626d00e1,39149424c83dc5d43b7132f067472b30
Assets/Art/Image/Scene/B1/a4/c/a4草动_44.png,image,.png,108789,b97b5e45c6c4c7d73518f394bb57fccf60f77fcb4c90b969945e387e7fc6cbc1,b13b54cdf5a892f429c67e6e50623a59
Assets/Art/Image/Scene/B1/a4/c/a4草动_45.png,image,.png,109203,f474d1e3a1026e23945d661e7b8bbcdf2c68b6bba4f6f14d9a0849310b32bcaf,48dc6b28b079d214eb15eb3f9baec4a9
Assets/Art/Image/Scene/B1/a4/c/a4草动_46.png,image,.png,109441,d869002a13c0e7581112672a67e59a892a17f55f2e0626306bcfc5f6acc3b674,eb2750a14d8372545be3bc4b73d17cdc
Assets/Art/Image/Scene/B1/a4/c/a4草动_47.png,image,.png,109570,d3f2d04ae386d39115f0dc0794fecabfe42f1a304cbc44f3881d5ba47ef282a4,243e01999bbd9cf4b848401e0e6080cd
Assets/Art/Image/Scene/B1/a4/c/a4草动_48.png,image,.png,109828,199133a7b39ec8a3cc126ccf4341873d52a1eee728751c563068cc02536919b9,2bf5a1ad72c64da4e8a0c46175929027
Assets/Art/Image/Scene/B1/a4/c/a4草动_49.png,image,.png,110004,8d4396bbefcb9359b3e9d891c27b421f833537b49a011761ada95db501826a2d,2c20d23fb4806f242b7dc5a585b0e175
Assets/Art/Image/Scene/B1/a4/c/a4草动_50.png,image,.png,109982,9bb62c61d96b12db7bb3999bd231680d2feffab87249987228f619c3e74b5d79,ccf020016699d054389bd1d31c443af2
Assets/Art/Image/Scene/B1/a4/c/a4草动_51.png,image,.png,109906,a29de5e8f6312ec0ad6bbcf3a450e356de274b2fd2c80a23d6bcbc4ad4662c5c,d15deba51664fc94daee8131a6dc5f09
Assets/Art/Image/Scene/B1/a4/c/a4草动_52.png,image,.png,110269,6b2a13ef63c3a3010a21dcb0c1a03a3bda667cead5e3a2a7a49c7c729ab06afd,3cfbb065064443149817d22ac3634cd6
Assets/Art/Image/Scene/B1/a4/c/a4草动_53.png,image,.png,110350,8a207ea3f286ce20f71dbee0bfb0e5f1c4237228c065f083525e85816410b4ca,ab21dd8fe466c0846aec4a897b057e65
Assets/Art/Image/Scene/B1/a4/c/a4草动_54.png,image,.png,110151,327a888d942e80d2d97e04e9808c04ad3fad18b8023e735d84fa8e332b2a9142,5ffe7cde8ec759144ac003a4a0eaf3aa
Assets/Art/Image/Scene/B1/a4/c/a4草动_55.png,image,.png,110190,56a58f3fdfd267f224ecee827b9e8c9dee7aada9fd4836ae34efe93a3ddb4c3d,521e9cd54a3ff9042baf175905d6b088
Assets/Art/Image/Scene/B1/a4/c/a4草动_56.png,image,.png,110117,51c6705593d7670c0eb6a3cbc9de4a63fcf1077682362f029f574ac1871844b8,ec6d7f73e1dbb7c47968df5a3cf63861
Assets/Art/Image/Scene/B1/a4/c/a4草动_57.png,image,.png,110248,5a1f98fbe2c43bbd87202d9c892267b5e37b9f9a0107d87cc51e9bb546e3f139,a95172cf31fc83f48ab6bfa0d646b998
Assets/Art/Image/Scene/B1/a4/c/a4草动_58.png,image,.png,110394,a27743de17a3a40923ac3210aefe270ddf0d28a40b8841d8531fca2beffec013,aea89515d026f6c44b760c6e64c1c509
Assets/Art/Image/Scene/B1/a4/c/a4草动_59.png,image,.png,110078,42d8a3381209df21d6322d648330b9d204f94601e33f02fe199aa5dfada7abde,a669ca1402aab7642871d2e71b371fe4
Assets/Art/Image/Scene/B1/a4/c/a4草动_60.png,image,.png,109989,fdc9229bc23091fd9d2e7a2e55df0053c9ea8b5d3e3bcfd6ace07c71ff85968a,8ec4263ecccf85e4aafc0e94141d530a
Assets/Art/Image/Scene/B1/a4/c/a4草动_61.png,image,.png,110107,7573f7db4b3ed84db8c95474674e90379d4910d1f5ff94a74da5b476071c0918,26fa8effe05bc074f8239048ad147d33
Assets/Art/Image/Scene/B1/a4/c/a4草动_62.png,image,.png,109852,7d4a55329514326b198c91e60e92c50bfd3bbbb5c3d264076781ccddec1b88a8,22e672c35e97f3b4982dd1e612f3734a
Assets/Art/Image/Scene/B1/a4/c/a4草动_63.png,image,.png,109617,0f059ccd873278ddf7505df7aa2fcdde6e9d9832206470bdf63d040466283d9b,88b278f6d99e0e245b8d19d02f63767c
Assets/Art/Image/Scene/B1/a4/c/a4草动_64.png,image,.png,109646,18511633d59466e38476bb46a7a22a6352896c8c16b8e3e0e30d7945667add4a,4623643dd2384824ca965caf96156d22
Assets/Art/Image/Scene/B1/a4/c/a4草动_65.png,image,.png,109597,2306f74794e7830b8b4651602749beb83283771f82db171a7f3ae905f6c6d674,eb6daa77453abd4408a3b0098453fb9f
Assets/Art/Image/Scene/B1/a4/c/a4草动_66.png,image,.png,109457,c87a9a309054c9408ef735739e15fd8b9862bd95c7f6d9deab7e673eaa62c9d4,4f846710873b4004ea8feeff0598c89f
Assets/Art/Image/Scene/B1/a4/c/a4草动_67.png,image,.png,109342,8e3f0e1e11130f284bfecf13a346b0eb78afc8d3a496366f6ddb86338bc97a3b,e35a437b4c35a17419d661ad208ccaf4
Assets/Art/Image/Scene/B1/a4/c/a4草动_68.png,image,.png,109055,8f995c22b634ab3d09266acc710be0e13340847f3dfd9d741660e73998958d0c,c1f8544293d9ce244b17921ebe18c2f1
Assets/Art/Image/Scene/B1/a4/c/a4草动_69.png,image,.png,108651,18e425003512f1891275cf2e2fc743b7d0e881599b2635df43d19d4e82f90c75,eddebe1d124bb6d4bae2d8dec09bbb4c
Assets/Art/Image/Scene/B1/a4/c/a4草动_70.png,image,.png,108577,3f66636ed4e0fa1f94f93a628d7d36750be1df11238ad7d7c7183c6cd33b281d,53bed5ed30840594ba56a0ca9905850b
Assets/Art/Image/Scene/B1/a4/c/a4草动_71.png,image,.png,108249,82e793358d69f1c65ead2ad3cd603ce3091c34a62fccb211662cadde46b3b790,6584b13d3c7e016459c9a42febe83da9
Assets/Art/Image/Scene/B1/a4/c/a4草动_72.png,image,.png,108143,bb4a81d9b9b1eb31c83a171a4e62c6e65e42630b88f4a5de46a4c6a5a7f027b9,4534c7dce2b48fc4390f76c456156c02
Assets/Art/Image/Scene/B1/a4/c/a4草动_73.png,image,.png,107630,069d46d22b30c39f2ccfc66fc9f568041d0ca23293f1602023eb3d9fc556cfc3,f912a92a6ba9fa04483c4ae9e29bd3d5
Assets/Art/Image/Scene/B1/a4/c/a4草动_74.png,image,.png,107330,46854d471c06d53199163bfc956598c6f66fb256936c051ff0c7d8d1b4a57951,253491407d7815a409407f60cbde55e0
Assets/Art/Image/Scene/B1/a4/dj/skeleton-animation_000.png,image,.png,106921,67d7e9d096e7e2c5b1330f7ad5d322ff4725425818d5de4f017e5330a580865b,a2677c27406c4db4c920e9b6c19446b1
Assets/Art/Image/Scene/B1/a4/dj/skeleton-animation_001.png,image,.png,107194,f708786de054d5fff5843ec01afb799a072f1a8e4094386d42b80f3784b46d59,d503c7d3f3d33ea408b6c0a01ac12393
Assets/Art/Image/Scene/B1/a4/dj/skeleton-animation_002.png,image,.png,107220,cb885f25f6d195a3afb2b35ddbb20d5e7cf186d3b9d3a57ed87910d1580d92ce,2abc9a38c296ecc468495a28450f3a32
Assets/Art/Image/Scene/B1/a4/dj/skeleton-animation_003.png,image,.png,107373,13e804d9c03b08f4df769e95320dbebd13c3320fca3ca887ca7adbb4e4698a67,347a9bac313c2a2439db629c946abd78
Assets/Art/Image/Scene/B1/a4/dj/skeleton-animation_004.png,image,.png,107508,13a46aeaaf91e5864eab7fdd035932459670b3c06e7835e3d65cc2de13fa6404,a5e1249125a52de4b80312445bde0171
Assets/Art/Image/Scene/B1/a4/dj/skeleton-animation_005.png,image,.png,107526,f2e82c886c7c60532cdfe2f3442dc6bc40aa15144e3e0e0faaf1ac9b50c22274,1408c96b832ba334685a828433ba5961
Assets/Art/Image/Scene/B1/a4/dj/skeleton-animation_006.png,image,.png,107685,24cf71f80a6df6388a8787f7066f486d9c9de8ca5d1156cfe696b084ab2eae40,4e27954e5af65554d97607948edc59de
Assets/Art/Image/Scene/B1/a4/dj/skeleton-animation_007.png,image,.png,107726,267bd93d708b3f263fa3be2507ad667706b394aa0c68a5f2facfd9b4f995ccc0,0555d0dd96126e943ab0a572ac582945
Assets/Art/Image/Scene/B1/a4/dj/skeleton-animation_008.png,image,.png,107861,cb78f806a1af6e5fd6bb39aaf2377d7737edaad52043b27383e7c779ae78f961,5358a425ddae7184ea07f012c4f31e26
Assets/Art/Image/Scene/B1/a4/dj/skeleton-animation_009.png,image,.png,108074,46ffc1e928cda85e067f75c699684c01af988e08ed6199a4f4af754ade184a85,c7351d1198c68f9498a99d0bede82e3a
Assets/Art/Image/Scene/B1/a4/dj/skeleton-animation_010.png,image,.png,108144,a4424ddb4a2f4f7030b3320120660777de5578cd962606f992e31222672fcea6,3935e16db657552429e3f9768303808d
Assets/Art/Image/Scene/B1/a4/dj/skeleton-animation_011.png,image,.png,108072,6abff8accc6cb4ce3e2e53d7525706e04e85a352406231042fe7823aab1146c0,ced2ac106b3fea145a73174aa0eb8872
Assets/Art/Image/Scene/B1/a4/dj/skeleton-animation_012.png,image,.png,108211,c1f913970c48d6c95a495ef79576014d5bf182ced01ca7d5490e804c7c097ff9,c85b08537a81edd489ade0ca9b131450
Assets/Art/Image/Scene/B1/a4/dj/skeleton-animation_013.png,image,.png,108030,14fb3d0a19523047fb59b377fafdfebad08eec39c3beb4636ccb05ea94dd1fc9,6f58ea6d634cf6a4ab80782e7061391d
Assets/Art/Image/Scene/B1/a4/dj/skeleton-animation_014.png,image,.png,107808,edd40efd6dab8754e32f6619f6be0dfddf95fb4d0d1c18647ef3b53734c9bef6,5dcbd12706bd15b41bb8a2eee3a5ce61
Assets/Art/Image/Scene/B1/a4/dj/skeleton-animation_015.png,image,.png,107954,33f141d605e7b000c7697c6aa75ba498d712ca35a754fc27f9821bcd6605a280,3222414f80f30f44e8e307fa45e87c39
Assets/Art/Image/Scene/B1/a4/dj/skeleton-animation_016.png,image,.png,108094,f715fd4e0e001f449b134aac1ee1c5cd7c98ffe966f7f7d2b106045894f5b693,9ed52c3ed34e48c439608f3c19be7be9
Assets/Art/Image/Scene/B1/a4/dj/skeleton-animation_017.png,image,.png,108159,8c5ff035248ab0eab768e7ecd3bfc086b339fa81d7b87e77f5c57cd9c15ce46b,12fbe11aff8719149bc4f0e4d736068f
Assets/Art/Image/Scene/B1/a4/dj/skeleton-animation_018.png,image,.png,107956,344a8c47b4723698c255ce3c380d0456a4372e315c26606bc9d217acb77c76b4,d18a8ede4892d384b961d8a1e33d8168
Assets/Art/Image/Scene/B1/a4/dj/skeleton-animation_019.png,image,.png,107801,68fe31f94665804a549c54f1cd44eb08f87653413679e9df5c4a5bf316acbf9c,b27071f8ca85eed49ae5d78ee766bf1b
Assets/Art/Image/Scene/B1/a4/dj/skeleton-animation_020.png,image,.png,107902,7e68d1f5d0972b434466de9a3884d1b7a51a190002bf738413a25f982fcc928c,4298c2786fd8a8a4593520c5f91ecec4
Assets/Art/Image/Scene/B1/a4/dj/skeleton-animation_021.png,image,.png,107956,be6f38a6194c191d612c3f6d61aaa666a868c67b9441c6585a5a59187d0b5f12,30dbe3602840fb8459476b43ea4c7d74
Assets/Art/Image/Scene/B1/a4/dj/skeleton-animation_022.png,image,.png,107909,3ca1c1094437bc48135c433341e338be2854d98dbaa260052cab18c1157be939,9508df5aea3b29f4d8b0c290e60ba0d7
Assets/Art/Image/Scene/B1/a4/dj/skeleton-animation_023.png,image,.png,107994,f609e85785b3a9360a2fdd92ecac8428468d287529e3c7ae6d7aee1cce8462f1,9c651dc601e85fe49916ac7e3b5ab2f3
Assets/Art/Image/Scene/B1/a4/dj/skeleton-animation_024.png,image,.png,107765,c2400d81576491b22f6758b903277c8d971f22c94c3356cf28446dfa70b86ec0,0fd69f0300b18b54d8855dd006ec04ca
Assets/Art/Image/Scene/B1/a4/dj/skeleton-animation_025.png,image,.png,107864,a1dd49d185b5e969e6bf53dcdf6d8919f0104a220de21a1d1674b33a5c857b81,2459d1aa6f0b13d4a9b8f51771711408
Assets/Art/Image/Scene/B1/a4/dj/skeleton-animation_026.png,image,.png,107734,8f376575bbab73bb7ce74e3da737a73b7366d693deeef9d7b14ae1e1e117d2e9,ea1957609aa493a429ae906520b50788
Assets/Art/Image/Scene/B1/a4/dj/skeleton-animation_027.png,image,.png,107851,882a042ecad16c770a8611cf93824dd6368f962fea88234aa40814f3fdeafe07,53eca9245ec19944a99b4c3da3aaef7e
Assets/Art/Image/Scene/B1/a4/dj/skeleton-animation_028.png,image,.png,107833,dea46faaa9e51aeed360965fe11c63170fe8193dddca10a8794ff95e4c4091a9,4e342b62f929ced4faef1bf32e2c7651
Assets/Art/Image/Scene/B1/a4/dj/skeleton-animation_029.png,image,.png,108004,9218129b21aba3e27af370461b8a1f1f30eed63fdd51a254e141034176e63fa5,45042fe6c301ce94e8abceb2fd311b9e
Assets/Art/Image/Scene/B1/a4/dj/skeleton-animation_030.png,image,.png,108072,6d882ec4c8f0ab2a444aeb6c1a54b9865bcb7b23d51def2634721d7c22f096a4,8ab94c14b3b796f42aaa11482d2c26f1
Assets/Art/Image/Scene/B1/a4/dj/skeleton-animation_031.png,image,.png,107886,b6b12d1d7ec6fe8d5d12bed45dabcd4b6041d5d189eb2ba25e2a5741a9eca266,b226c5194a99122418a0904f5bf73fc3
Assets/Art/Image/Scene/B1/a4/dj/skeleton-animation_032.png,image,.png,107791,debbb9b5ad599d31902b4566e6fdf99d0a9d49eb7872269cdfba00c9a200f54a,06e7c8bba29a4ef48844925c4977ba5f
Assets/Art/Image/Scene/B1/a4/dj/skeleton-animation_033.png,image,.png,107898,f964e6a8a80b0f0fda9067c529d4391bbc65aac25845c83c20c242f9df299b2b,792d7cff7d2ee7643a3ec472d4d824c2
Assets/Art/Image/Scene/B1/a4/dj/skeleton-animation_034.png,image,.png,108043,99df084ed0051f2c8a42cb15d1952f3d576b51672e8ffab5d507be69b2c8a783,2595bcc6bbd7c8d4eb432764594e8bd1
Assets/Art/Image/Scene/B1/a4/dj/skeleton-animation_035.png,image,.png,107942,27e316382dce8f693e237ac27b0c03a6b94d0cdd2c50b4d5314d795ff547cd24,09db8a3b07ccd2a488399d493edcaded
Assets/Art/Image/Scene/B1/a4/dj/skeleton-animation_036.png,image,.png,108013,ed3c70720f647566db34690297034987cadbd0d6e9934befc483755d83b84c87,79c4555151378de469f0ff757f2d44ee
Assets/Art/Image/Scene/B1/a4/dj/skeleton-animation_037.png,image,.png,107861,b2db427f7d90c7d40d66f8855d6c39bc722f1a409217275b88f5dbed0412a4a6,bac28617d5ddc95409ec9b267ad8ff41
Assets/Art/Image/Scene/B1/a4/dj/skeleton-animation_038.png,image,.png,107928,6c7c12eb01a5e957de1a6ac15ad8d540d976e76d8aa832a39ac5ecadf1c46fd8,f2de1dbc7f0975842967ee9a99ac7183
Assets/Art/Image/Scene/B1/a4/dj/skeleton-animation_039.png,image,.png,108049,614b6737a95bfe5187830c690b9a0e81a8c494d04ee3292044908f8c23c5a42f,f9521430346dc56459bf2c77b89aa736
Assets/Art/Image/Scene/B1/a4/dj/skeleton-animation_040.png,image,.png,107906,8bc3b41b153cfa44a87e818828ca2e1a8c61affcb990a7b60bdf1bcaa9d08d89,a37f6c45bd9bcca449731d5827971f49
Assets/Art/Image/Scene/B1/a4/dj/skeleton-animation_041.png,image,.png,107831,5a5a471a345d380303ad747fc3238a15d15c117efdf41df8aa0d635e03d6b0f2,a04429b9e86f5aa4c89d51b7ae45426c
Assets/Art/Image/Scene/B1/a4/dj/skeleton-animation_042.png,image,.png,107989,f7445462a9d3fdce4d7f795459a5141642db9952783aa155deb29bbdff728352,00e46ffe52e71f74483eeb2d5ce09d4a
Assets/Art/Image/Scene/B1/a4/dj/skeleton-animation_043.png,image,.png,108100,c1d2dae1387ec5adcb7718dfc393e17079c3ed49bd4414210edf9c7bc57cd5a2,7b4a9f9044aeda54cbb548d8325f7c2a
Assets/Art/Image/Scene/B1/a4/dj/skeleton-animation_044.png,image,.png,107882,c314c16676eb42466ce13a9e500ae5184c95b0c3ea3c21ebaaa3626d6b7beffc,bd60532ac6385e34baf57b836b5fd7af
Assets/Art/Image/Scene/B1/a4/dj/skeleton-animation_045.png,image,.png,108028,9b681a5316f6a9a9909ea3251286a849a3187e371a6f5a3232a7b1b04db90b1f,aac8b91e3ab41d4489d5b84b3ad06b71
Assets/Art/Image/Scene/B1/a4/dj/skeleton-animation_046.png,image,.png,108172,64a2727d8421a22ad196390af371c39218f9b5f8bced9331a1f87f5a24d895d0,0b226dbd068f66a42ad3da022603a8f8
Assets/Art/Image/Scene/B1/a4/dj/skeleton-animation_047.png,image,.png,108110,d91f68ce9404893278a8a4963d95bca8c24df28b2ca274ebb91af96f970a7112,6367f2b4a8911fd4b9bf4e88750444fa
Assets/Art/Image/Scene/B1/a4/dj/skeleton-animation_048.png,image,.png,108141,7e49636ec8a22a9cc9129df7a7a1f4dbf6038a386006e36d88fe14f2e2a28e3f,217683f4b781e5742ab959f0a8736327
Assets/Art/Image/Scene/B1/a4/dj/skeleton-animation_049.png,image,.png,107998,b472655eade17059198b23824852cb3763cd7b85e83f7f14396c3ea0e7beee90,e738d52e1520623488ec643a9d86b00a
Assets/Art/Image/Scene/B1/a4/dj/skeleton-animation_050.png,image,.png,107953,09d8c2732c8be4b4bfa2175f4446bbc526349a268eeb838fbd6d91191050934a,7a2284ce0b1fa6f4886796bd0863a4b8
Assets/Art/Image/Scene/B1/a4/dj/skeleton-animation_051.png,image,.png,107853,2b9179d9ada8f497f23d701781461757c9da38137ccd6a0c8a7b3316073f81bb,8d9cb6d1c361da9438d07a4be651e14e
Assets/Art/Image/Scene/B1/a4/dj/skeleton-animation_052.png,image,.png,107894,663bc6b5370e6c3875a29b6b509f62ab1cafea7a2dc47cf682825dfe9517fe1e,760264952452e4a4a8c9e49386a86e2a
Assets/Art/Image/Scene/B1/a4/dj/skeleton-animation_053.png,image,.png,107982,6d4a628c01a3d5a83f8ecf8ed84ef2abebcc64da2c98b4c28649fb7972c7757d,7d614fb7004c966488f04a4cc9f0ccf7
Assets/Art/Image/Scene/B1/a4/dj/skeleton-animation_054.png,image,.png,107976,e1d1e43d80da627024586a9b8459ff92585ee484490e1dc467583c46f81f7e6c,8c65faa905f0276448f78e68e676f136
Assets/Art/Image/Scene/B1/a4/dj/skeleton-animation_055.png,image,.png,107904,312d5be32de87bcdab76d3f96f3b0ccc1bd7b730c525f2868e383b1f4e0e4b09,59194eab24131f446a8a0ccd421ae7fa
Assets/Art/Image/Scene/B1/a4/dj/skeleton-animation_056.png,image,.png,108016,cae5c1afb7d600c38bebac80dc8612a9d24a167b0042bad805427245a1e7109b,df07afd8e79e15e46b2a031551265984
Assets/Art/Image/Scene/B1/a4/dj/skeleton-animation_057.png,image,.png,108048,f60b5c38082e0f6468aea3442f7572e59690b25758602866921bd0e2de081240,e70872d7a0af1904585efa29030c3bef
Assets/Art/Image/Scene/B1/a4/dj/skeleton-animation_058.png,image,.png,107910,d7e8372790b1c02a4a5fb9107cfbca5f434eb80156c6f6da61e9a7e6219860da,03d76adcd07dbb446aa748e545a4ea26
Assets/Art/Image/Scene/B1/a4/dj/skeleton-animation_059.png,image,.png,107883,d749ae5f93f94aabb7e9131abe4b176199cf3530dc1cc61c30da7068d8bc0573,505ae5afa964bfc458cd55b67c6dc30a
Assets/Art/Image/Scene/B1/a4/dj/skeleton-animation_060.png,image,.png,108008,48ff4bf781547c8cae6e048d2fff076fd2427c1a58166d7912359c0190923a07,c651003b9a96bc143b5c0aa1eaa43656
Assets/Art/Image/Scene/B1/a4/dj/skeleton-animation_061.png,image,.png,107909,564b03eae81b4d3d5f61964231c3194af4fc77b1ba6367509a28288dfbd194d9,7dae853b938668b4dac9ae373d989246
Assets/Art/Image/Scene/B1/a4/dj/skeleton-animation_062.png,image,.png,107874,38923f4689000d4e063a866c420c45d4954804f87fbf111d1d852992e8627c63,235f2dbd4f7fb0a47a155d32c5a8ace1
Assets/Art/Image/Scene/B1/a4/dj/skeleton-animation_063.png,image,.png,107990,715f8cba26cda8f07495d0e1966638f64910e6fba9b96fe88180fddeeaee19dc,01595709fe876584cba15a6f9430b1e9
Assets/Art/Image/Scene/B1/a4/dj/skeleton-animation_064.png,image,.png,107896,f55960298e2dbc3e67b2e054787841f40608c085fb7d556ae7bf728f48ee5da9,fbcd31d360905584ba729ed2a435f8b6
Assets/Art/Image/Scene/B1/a4/dj/skeleton-animation_065.png,image,.png,107840,d01b2aee27b1252d2ed0083c366795b615d8d2d47919f75542a78d827b257fd3,7a7d3e7192526ef4cb110d56c0bafb0b
Assets/Art/Image/Scene/B1/a4/dj/skeleton-animation_066.png,image,.png,107750,108c0b5ecf63f82dec1debe5a6112844b15c502d25ea0a4fb9847abfb88cec4a,a94406ae56af7234f83ad9823cfee8f4
Assets/Art/Image/Scene/B1/a4/dj/skeleton-animation_067.png,image,.png,107850,39cf0cfe2fc44564a9268ea0f5eb190c665c92aa22a62a9cfbda59af6beb5a07,1b56401d2192ad14586bf832f367b739
Assets/Art/Image/Scene/B1/a4/dj/skeleton-animation_068.png,image,.png,107811,2f2849bc61a07adb5ea0dde94b5b8914ecbdab4f7a1cb14aca4e0d06f37ba1b7,64807dd6bc367004c98c74f4ed2544c0
Assets/Art/Image/Scene/B1/a4/dj/skeleton-animation_069.png,image,.png,107786,30ab23734f4652e4fd88b8986ad3cb087db312f251e42a83ddc7f5a0e88c5061,f29a5a0c80a863a48aa24c7f263a0c21
Assets/Art/Image/Scene/B1/a4/dj/skeleton-animation_070.png,image,.png,107972,69c76013072b9cee75ef97a5f8582189b7fbd74c349ced3e08c34d195c9265db,9aacea1555b8dab42baa89efc1bf6e16
Assets/Art/Image/Scene/B1/a4/dj/skeleton-animation_071.png,image,.png,107735,ee6f35c3cc027c5b4402e087c28b04d4a5926ad3bcd70f66e9d9ea164aea3fca,58571a624fc70ee45b61ae1fb0b4cce5
Assets/Art/Image/Scene/B1/a4/dj/skeleton-animation_072.png,image,.png,107671,b3d6bc939c6bdadc7a592de96a2cabf1d2316f020c0a96b358d287f2c0c1eda8,199f2c85d21be8c4bb311dc474b71931
Assets/Art/Image/Scene/B1/a4/dj/skeleton-animation_073.png,image,.png,107779,6082651d1c5f51aeef13fb168f8d56a408e1fca92f4ecf5ffc7337f90877b201,bd054be102957ba4883d8b6a8c3553f3
Assets/Art/Image/Scene/B1/a4/dj/skeleton-animation_074.png,image,.png,107720,d93dc86465d156ef4b1ed0f6d055a032ff1e1dc8bd9c653726b0ca778647059b,2b5610ce7a4ddcb47b8ca02aa418fe8a
Assets/Art/Image/Scene/B1/a4/dj/skeleton-animation_075.png,image,.png,107728,ad425df272ff223437d1ca2d224197f55c1a0cd90b5a84257528a7586185212a,41821bb725190c543a068b8533cd4eb8
Assets/Art/Image/Scene/B1/a4/dj/skeleton-animation_076.png,image,.png,107859,2b8d4b59af150d2eb4f149aae765c212e1318e9ec1939cb79b2e5a7e164300af,223fc913f9d10a24cbdc97fe3f930f3d
Assets/Art/Image/Scene/B1/a4/dj/skeleton-animation_077.png,image,.png,107902,7c791651e63a205469ef0900a76ef3a4c1a03772b4c1d09132752d957ab2e9c6,6f1e64007f5f707419f7d7409718950f
Assets/Art/Image/Scene/B1/a4/dj/skeleton-animation_078.png,image,.png,107738,f7264c8fda0085c0a4ad790023d9f116648ff357698ec1f0d981b40572f8453a,440e5919dff9a2e4297e7c0015bca499
Assets/Art/Image/Scene/B1/a4/dj/skeleton-animation_079.png,image,.png,107956,dad2239047e0141e855a00815984583397c096866a061aa13d46e34e4aa741a0,272cfe3398d470c42ab2b92d1bd4cb0b
Assets/Art/Image/Scene/B1/a4/dj/skeleton-animation_080.png,image,.png,107780,12a361c6ee8f61dd7ff731b87b49e084f3a97c48f8c2fe565726fd0bcb73ce79,fa2ecfab533171c418cc1293efbaacdb
Assets/Art/Image/Scene/B1/a4/dj/skeleton-animation_081.png,image,.png,107828,b0092e585172b79b246cbe31119271902daa24ccd05f9b9530c310d9797e29be,e1becd2898b46f541883405e9676ad86
Assets/Art/Image/Scene/B1/a4/dj/skeleton-animation_082.png,image,.png,107884,70eb7b5bb11e11c6bafd1e081ccf2a4c1bbab92b577f9c67909c124994cf8bb6,077f80db690ada340bd6f9f3c983723a
Assets/Art/Image/Scene/B1/a4/dj/skeleton-animation_083.png,image,.png,107752,1363701c7d9f68907fbf6edae218decc38461975fc2b7556bd5236fb67dc814f,76dc9207cf24f3a4ea4975fed54d33f1
Assets/Art/Image/Scene/B1/a4/dj/skeleton-animation_084.png,image,.png,107748,e389dc4922d081260803770c390763a6e6254e4e11f9f069f64b87bd36c82841,eb564d0bfeb64814b8eaeeedd6091f9e
Assets/Art/Image/Scene/B1/a4/dj/skeleton-animation_085.png,image,.png,107746,59ec98e863e2f8ed86c7f5cc733fcd37f7853532db600c31f6de5804ecfb4d21,e6da1d00c3208ee47bd1b04ee3a96110
Assets/Art/Image/Scene/B1/a4/dj/skeleton-animation_086.png,image,.png,107841,e583719fa7401f2643b98101b4ca709f29f6f11b2717b67840b1987e2747fd5c,bf7d4cb1fd28fcd4699627afb1dfdda1
Assets/Art/Image/Scene/B1/a4/dj/skeleton-animation_087.png,image,.png,107770,2cfd5e28cc915f0405361fafaed9daf6fe29c62315e9787e55df3b56275cd0b8,a8936b9800283c5419f29f4b08721b32
Assets/Art/Image/Scene/B1/a4/dj/skeleton-animation_088.png,image,.png,108020,7608fcf1e30da843991a5fe3cd6ac22550fca36948f3acf039bd035347364359,1aa907e43e00d594cabf71a2ce274a62
Assets/Art/Image/Scene/B1/a4/dj/skeleton-animation_089.png,image,.png,107961,e3ca7053ae385f2e1e81c746552ffe234c8b9672c3ea27f2b7060a3ce09889ef,4f0294b3a5fcbaa4ba3305dd57251b90
Assets/Art/Image/Scene/B1/a4/dj/skeleton-animation_090.png,image,.png,107762,ea9b99d84afd59d1e5539cd8531a4261084be0c61838078cfceacc69d1faf520,32ecbff03a2c7fd41828b4381d386f17
Assets/Art/Image/Scene/B1/a4/dj/skeleton-animation_091.png,image,.png,107688,5b2ef4216fab873e57c9300d844f8166555f6f714bc235e67e74d83f8bd38dbb,624ef95ed5829bc4faeb1d06ecc8bf3d
Assets/Art/Image/Scene/B1/a4/dj/skeleton-animation_092.png,image,.png,107721,4510694c7e063a45ed112f2930f6afc486f52fe1a66dd7c34283a37af4d33b85,156bd862815a5a1489becf9418969357
Assets/Art/Image/Scene/B1/a4/dj/skeleton-animation_093.png,image,.png,107814,3ec5af3be16b072b1a3fc6dae19a56b6361ab9c67a0501c4d3a9fd861b393964,77175d499d40777428c741a9ad821494
Assets/Art/Image/Scene/B1/a4/dj/skeleton-animation_094.png,image,.png,107735,fdf737e7fb705330f25c453c70b845e44233e64f3a5f8d8fa2a2e9bbfdf14d7d,e590eb9fa805e0b4c970ebfb61e0f089
Assets/Art/Image/Scene/B1/a4/dj/skeleton-animation_095.png,image,.png,107774,3dc5fc2d26887410b259c0259a39fcb742ac003b80b62cf9fdd88c213469ec00,3e093d8a082851540aadd7de019f5770
Assets/Art/Image/Scene/B1/a4/dj/skeleton-animation_096.png,image,.png,107777,e59eb11ea0c7485040fdadb74392505b59f111a7129c57ca7957222277e29973,95c7621a62e01a24385031b132e791f1
Assets/Art/Image/Scene/B1/a4/dj/skeleton-animation_097.png,image,.png,107823,bc601be27ec8cfde48b37e78b3da8b5f01f317787d59ad1fcaffeb44609e3ee7,7ca79f9109835464d90e8534d95682e1
Assets/Art/Image/Scene/B1/a4/dj/skeleton-animation_098.png,image,.png,107936,0aa18f6bd2129b9cab7c0c28d452886313d50d7bb29ef34b4ea76bd92caf7070,ce64af5b1a5e48447b00ceab00188dfe
Assets/Art/Image/Scene/B1/a4/dj/skeleton-animation_099.png,image,.png,107888,a33714073c1d5069c162817deb1ada91a43f2aa4933de5f5396d9dabe7bed553,b7bc892840eadb04eac2293d9e036577
Assets/Art/Image/Scene/B1/a4/dj/skeleton-animation_100.png,image,.png,107793,17131d54c75e338fd079724bc06dc6869aed79c9ad68748e0addec32d36c7958,68588e701b08d8646832fea6454c67fc
Assets/Art/Image/Scene/B1/a4/dj/skeleton-animation_101.png,image,.png,107831,2b14094a7511e25acfa7ca77532c57eecde7f826f0496d0aa36f04f9b385906c,5c9fe3c31be50a2479282ef8757beacd
Assets/Art/Image/Scene/B1/a4/dj/skeleton-animation_102.png,image,.png,107913,de212b387e61d6be0eb0bb8e9d9f31f85c03653765b459bb316d8abe5f1f2cdd,58daa35e1ba7b744d953dcfb454dae08
Assets/Art/Image/Scene/B1/a4/dj/skeleton-animation_103.png,image,.png,107901,69b5c0a4c2b2cc17c82cec28373032e924acfaa28e0073a7c1b7134199fd653d,bf000bd05f963cd4eb7daff54a6c8c0b
Assets/Art/Image/Scene/B1/a4/dj/skeleton-animation_104.png,image,.png,107918,a37b087290eec40d2415d7449892f6862555c3507fabafa54ad58d5ec9bf4f09,9a1db251a1726444d881c44c4afd43c6
Assets/Art/Image/Scene/B1/a4/dj/skeleton-animation_105.png,image,.png,107902,c2429295b04795bae413f84763628fe5501ab2502bef3657a12586b3ee238239,e93e1ec5077163843a6aa3234610a043
Assets/Art/Image/Scene/B1/a4/dj/skeleton-animation_106.png,image,.png,107992,fe6a3bde7384b64b76da3c9b6a69e036136187288f3add28ca5360603aef867e,69e84e06df218554390a93afcab63409
Assets/Art/Image/Scene/B1/a4/dj/skeleton-animation_107.png,image,.png,108132,99e6486b8bfd3e47f7171f11af234b796c1cf0c35114eb915d0c48176dd6b44b,d9c896b4cef006c44b68a5a780c068b4
Assets/Art/Image/Scene/B1/a4/dj/skeleton-animation_108.png,image,.png,108060,41d70905a1ef92d9a3edb2d97fb6edd5049ebcd9520f6758ac599787f0f9a392,84a3be852a710e54f87b02df5c0f4241
Assets/Art/Image/Scene/B1/a4/dj/skeleton-animation_109.png,image,.png,107948,4ab3343a72cfa2e96eeddc4028c89c1b1de46ffda880ef134e389f6c426dc119,654784be3ad3ae34c82793f95b62ab37
Assets/Art/Image/Scene/B1/a4/dj/skeleton-animation_110.png,image,.png,107888,409a95d336fd1cbe27fb0ea9613c3e068fe4cf36c48e5e199d2d5fe35ca808d0,0dd1b633f35fd61439a85f1268473381
Assets/Art/Image/Scene/B1/a4/dj/skeleton-animation_111.png,image,.png,107881,cf2860ed0307621b684b78eaf00232ed8cc2aa9dda403427159381238578577d,9d4a6954c55af0f4890c5578d081d2d2
Assets/Art/Image/Scene/B1/a4/dj/skeleton-animation_112.png,image,.png,107899,1aa9fd556bd0e7a117b92f271d96e5aca0025dd794e55ed54fe575db707ef966,2172e4c68b8fada4ca47ad675bc88016
Assets/Art/Image/Scene/B1/a4/dj/skeleton-animation_113.png,image,.png,108171,2e26515e5e276ebcb96482967b3aaad9f845158c55bcc7693f3cf7f23dfd99fe,6bd72e3f0dd43f04b8ebb4cecad6b72e
Assets/Art/Image/Scene/B1/a4/dj/skeleton-animation_114.png,image,.png,108118,3a4e6da93dc8717470ddc26586a5010a25b9d3eac1f369c861fae98ff8879b29,3db98d624f5386849ae280501fdfadf3
Assets/Art/Image/Scene/B1/a4/dj/skeleton-animation_115.png,image,.png,108179,e86feeb762a285e4ef320c4a2d759424d9018263a1b209725b8ae051397347ce,e2d3a21ed441ca74da0ca02788583973
Assets/Art/Image/Scene/B1/a4/dj/skeleton-animation_116.png,image,.png,108091,7275d2e71d1ed693592f6101327558c88d4d6d865a0359712149f4c32dfe7144,7c7000a74b9fff54e95d46a2e796c124
Assets/Art/Image/Scene/B1/a4/dj/skeleton-animation_117.png,image,.png,108082,ab6b9099b830e7496fbe025c5fb6aaf38e2808ea99dd1db66dd98f1a9877b70d,6a7e2eda6af7b06438b2276436775c0f
Assets/Art/Image/Scene/B1/a4/dj/skeleton-animation_118.png,image,.png,107928,4aa3c5b7cab108579305d0de21eeab23220dc121b4b00bc084e016baadf2f965,b21b686ffb07bd344bf8455144c22273
Assets/Art/Image/Scene/B1/a4/dj/skeleton-animation_119.png,image,.png,107694,666a87ed141ed606d2a93a3afa65d8d0fb3d37496c2494a41319dc13f52e1cf9,155e83e413dac244683f626f9950ab36
Assets/Art/Image/Scene/B1/a4/dj/skeleton-animation_120.png,image,.png,107639,d4b16909b17bf608920375b80e2b4222ad0b81d17e4b4454d8377a523432fc1a,beed3466dea70354da1e1833a9ed0167
Assets/Art/Image/Scene/B1/a4/dj/skeleton-animation_121.png,image,.png,107602,e081d7f30ce80e384bfd32b0db9354b8b47c4cee6aa9ab4220f512774d4ce873,da57beb53f2358d48b5632e09ce9c8e6
Assets/Art/Image/Scene/B1/a4/dj/skeleton-animation_122.png,image,.png,107531,63536af72b9c70f85026fe57794049c6de3a541bb8b5cef0cca9e694dbfc4b7e,241de205359a49744a69e9d37bdfbdd3
Assets/Art/Image/Scene/B1/a4/dj/skeleton-animation_123.png,image,.png,107493,ed1afe1ef3d092b3885cc19eae72e52b60bd19467c46023719208d7bcfb8f519,82f9c65809f79354788c7321169fe169
Assets/Art/Image/Scene/B1/a4/dj/skeleton-animation_124.png,image,.png,107546,093120268bd7fee6b7e2033ef1dd15fa4ecb1debf9027c1df7f36138d0f760d4,85caea5d60abc2f468a87cac3a3c8c40
Assets/Art/Image/Scene/B1/a4/dj/skeleton-animation_125.png,image,.png,107455,51e69cc6d002a06517af0b92234513325d277eb16b143d64ebbe078e321975cc,856169f3d9b35714b8552e1bfa46c4cc
Assets/Art/Image/Scene/B1/a4/dj/skeleton-animation_126.png,image,.png,107422,62e35fa1010f0ea4945b6b763795f2a2597f21a24bd23f4a59334243cbbdbbc3,446b554efe72b00439d58a96c0254853
Assets/Art/Image/Scene/B1/a4/dj/skeleton-animation_127.png,image,.png,107403,8c17a7b41b47ffdc031606d36113f8fee6f4814c84572f697d1d934a4926748d,0a96676f41a2ca544b83b1bcb9fa9d40
Assets/Art/Image/Scene/B1/a4/dj/skeleton-animation_128.png,image,.png,107118,e820bf973920c3a35497209ec9600ead8f0c0ad89d2daa1f30aae2ca5c9b939a,fb9f3bde87a374d48bb865c32dcb5a07
Assets/Art/Image/Scene/B1/a4/dj/skeleton-animation_129.png,image,.png,107163,34d19fb751252143e5fdbc56cc9effe64cef821e50be39e487919ce54d892467,2d4759809071ea54e9c089d9506178c9
Assets/Art/Image/Scene/B1/a5/a5_cao.controller,animator-controller,.controller,4183,4b405c2d43109464431164347948fe7c7dd1b2467de83d46563fb4ac7d1849f6,384564933168e2b4095ecb8e97b545c9
Assets/Art/Image/Scene/B1/a5/a5_cao_c.anim,animation-clip,.anim,14784,dd95bc535befd08fa0a00df3001f6ec583c7505db65dc6ae9e33a31d9d3f1b04,1bf3fc848905c314196f779dcf30bbab
Assets/Art/Image/Scene/B1/a5/a5_cao_dj.anim,animation-clip,.anim,24419,b3129708eace653941ccfd2db1c93ce3797ce222e426964681531b0e9b86aeb7,d27e4568cf8a6ac49852a57d19df67a1
Assets/Art/Image/Scene/B1/a5/c/a5草动_00.png,image,.png,85452,8a1512158bd7c68468fa8f7849864b8077fb152717abfdddbd300cbca6bf3ecb,5b85f494f6db18a48897f78ade1abb75
Assets/Art/Image/Scene/B1/a5/c/a5草动_01.png,image,.png,84276,2e54b56b24957d1a9b6df22fc605f36ccc7344e1706f9faa31330645e7de5aed,fcc54b3a11d78474c826de648499fba5
Assets/Art/Image/Scene/B1/a5/c/a5草动_02.png,image,.png,83774,f648f5ac24dc4d1ec4a07445b54d16268731c054aa14ba4136148c6702cb3b26,4745c94a3f45599498cd14220ebfedf7
Assets/Art/Image/Scene/B1/a5/c/a5草动_03.png,image,.png,82829,a529465027813f8ba4251168877dfe2f1669b343d8966863a4d7226a3b79816c,1ba22d5da3e9d274db4cc2cd5d80ffd6
Assets/Art/Image/Scene/B1/a5/c/a5草动_04.png,image,.png,81218,7db2c8e4d4ee2e3bcbe3ec94b7f627fb890306337a34605f5eaf18c0f576c9b1,60409627e19a6f04e939dea1becb237a
Assets/Art/Image/Scene/B1/a5/c/a5草动_05.png,image,.png,79876,d8c5ec0664e9d3a8e559c3cf493c6303755729cda22659f9fce7a252f67d2ce0,58bee0ba819af5b46bd08bf3f02fdfda
Assets/Art/Image/Scene/B1/a5/c/a5草动_06.png,image,.png,77684,29715b49e02d6d74fa422bdb272c130894bba78dd4149b31d2343751945eaf7c,f5da84a920816354cb238442106cc303
Assets/Art/Image/Scene/B1/a5/c/a5草动_07.png,image,.png,74991,bf8f4e83ec736ea49deed878144ca3f40340c29c6987122b331650411603687a,f58a0ce53125eca4f8530b32fdbcf83b
Assets/Art/Image/Scene/B1/a5/c/a5草动_08.png,image,.png,72618,8165e28859c365a8026fffa43a1db86201555d7b17e55694d2e00213bc5e3c2b,b76cf142bb3549e44b469685e8bac984
Assets/Art/Image/Scene/B1/a5/c/a5草动_09.png,image,.png,69919,e15c9e66eb70a4cb44ffe9c33051c03ace3b0a7e04f7e27028e39732e51e1ccc,4350b3168bd908e4a8fb7c0bffc629e1
Assets/Art/Image/Scene/B1/a5/c/a5草动_10.png,image,.png,68778,172a8fe31817523109570cb9faca14ac4836cb2e897454e51e63623c50f4bdc0,6c11858ffd2842c409358dd0754c9f17
Assets/Art/Image/Scene/B1/a5/c/a5草动_11.png,image,.png,68401,535c07bbfdf112873b8c603f5839d14657179a32f5b997c026a749fac94ca069,46e1be7f85322ed439b05b424f092f20
Assets/Art/Image/Scene/B1/a5/c/a5草动_12.png,image,.png,68683,7d27c766470c612ee66714ad3d7d9258dc6dc8f708697f2fdf7fd574f21b41a0,0d1366db928f485459eaffa794fe23d8
Assets/Art/Image/Scene/B1/a5/c/a5草动_13.png,image,.png,69032,a80bc173d011194166e4484fcf22d0e59f3efedb35706fe91d66e98070231390,bc7dd8d1b9f25ad468e49d2beaab682f
Assets/Art/Image/Scene/B1/a5/c/a5草动_14.png,image,.png,70202,ce6791e5681fb0d93782c524ac3d700a9f99882c4ea7b71ebd56a63ea8ddbe5a,40d926c205f14f640be1e7a83edf0c62
Assets/Art/Image/Scene/B1/a5/c/a5草动_15.png,image,.png,71305,77c4bc2480c3a319b29daa9f9b43152ef1403ec2dd37ac923d63d0e9a1ccac17,efd4d76027d064940bd4c2695bef6a27
Assets/Art/Image/Scene/B1/a5/c/a5草动_16.png,image,.png,72774,196149f1051a54eaf8863ce645d9ce8fe7049f89d68a53636b9d37c71db519ab,3fa212b0cfb27d740ac1040d1d4a0bd3
Assets/Art/Image/Scene/B1/a5/c/a5草动_17.png,image,.png,74588,80d488f3294d371649a383a62345ef085d640dd2ab52afce21422e6ebe0f8a8c,abde3fa1b3f45e54899bb0357ab7e34b
Assets/Art/Image/Scene/B1/a5/c/a5草动_18.png,image,.png,76202,77f0bcac4e36389fab28868b2b0f072f7415d79ea7bddda3dec29aedc6779c98,89f2eaad23986d14f8d69a14e57770e5
Assets/Art/Image/Scene/B1/a5/c/a5草动_19.png,image,.png,77651,36ac4269125dbc7175fa38ccd8b7a5b15c4521ab522a4752d1962f48b9704d40,c3e7996369978564381c47da14977fd0
Assets/Art/Image/Scene/B1/a5/c/a5草动_20.png,image,.png,78868,4f2fd422325e53b1e9fcc76d18e83299d96004e0ccb837f054e0507692f6dc5e,de37262894374a645859e53dcfe503d3
Assets/Art/Image/Scene/B1/a5/c/a5草动_21.png,image,.png,79973,a2a6340ad424159ddf2747ef89da3bb43297a687dfe5402fa1e4d069f3350b56,4406007bc6c949c40a61b244b1b7c287
Assets/Art/Image/Scene/B1/a5/c/a5草动_22.png,image,.png,81013,794bf66d669aab7fe982e9637d3f37a47172729e3259d0ec18d088823daaae38,a902457f431e08b4297c27e0a23bb541
Assets/Art/Image/Scene/B1/a5/c/a5草动_23.png,image,.png,81899,7d174776153302b06c2952f7c479bbd1bff37e44ef3dd4cb32e2c6f20dd97ad1,e6d34a614edda4841892ac6169c11d84
Assets/Art/Image/Scene/B1/a5/c/a5草动_24.png,image,.png,82475,daef1810ffd3390ea9a6867de335ddcfdb6174f7d59cb9a6f4fe89b11cf8b5d7,a38c664cc418b384f9f19b7958bbf294
Assets/Art/Image/Scene/B1/a5/c/a5草动_25.png,image,.png,83304,06c2413067c139d832c78579728156451d55da25a7e7be209d2f5f32025dde7e,254a8822a6ae5b14c8bdcd7c0de06c75
Assets/Art/Image/Scene/B1/a5/c/a5草动_26.png,image,.png,83631,6be98f68123ed1909555de19fb5cc3c3164bd5f75b013bd4d969821f5ccd2fe2,ce53b967133b2bd46904686298aca9b1
Assets/Art/Image/Scene/B1/a5/c/a5草动_27.png,image,.png,83194,c70c13ad06ba62b40ccf2866b4b0f3385242c3ce19a1bdff43d73581fa614935,b8bddf0680c1c004d826c9a4876d4ba8
Assets/Art/Image/Scene/B1/a5/c/a5草动_28.png,image,.png,83073,44d244092c82b2198745f7bea94f57a68647b67dc4e44bb03df2f54267c10080,febf8196d833d2441b1ea0b34014aed1
Assets/Art/Image/Scene/B1/a5/c/a5草动_29.png,image,.png,83257,fb970e8a19425ff257c6015abc8caf015d22fb0c31449f51f93e859b9d1531ba,fdbbf093b7f0ce2449bbc9e7eec6a935
Assets/Art/Image/Scene/B1/a5/c/a5草动_30.png,image,.png,83557,90770578cc56bbb6deb795f9db39d54a7cc5e7ef767e506ef65b5386f2b49c09,8124a55febe53db4c89e5986ec532814
Assets/Art/Image/Scene/B1/a5/c/a5草动_31.png,image,.png,83868,38359d0f5b3ad3e8faf9f7e673121afdb83c4c0dcb08953ca970adc0c5c2c770,ee54c30d33711c3488bf986502da4829
Assets/Art/Image/Scene/B1/a5/c/a5草动_32.png,image,.png,83814,41ead928b5e286c4f3dd7e23b15e3081f3cdcb8961d44e37341e04334c36e60e,5b9713c481da79049b2a2a4b50ed7312
Assets/Art/Image/Scene/B1/a5/c/a5草动_33.png,image,.png,83654,624014c09ffe21c54d20ab4fd47a205c98a4db3f7d50ecaa101ad9b856ce765c,da9df1d95c2d2fc45b784c9fec830193
Assets/Art/Image/Scene/B1/a5/c/a5草动_34.png,image,.png,83611,d605824962cf0de87dbd6d10e23c7b256b835433205d4d5b2fb78940a363f128,6a704112668357a4788c3024741f369f
Assets/Art/Image/Scene/B1/a5/c/a5草动_35.png,image,.png,83387,fac75020085562e11b87172a0bd5cc35a403eeb761f2a3368741fb30af63f3cd,9869f9834d5d7c845b5bf90d1d97643b
Assets/Art/Image/Scene/B1/a5/c/a5草动_36.png,image,.png,83069,9a18d4954bc3ec330a084895be658a65d179a0bccdaab00277b43e012fe9886d,05025b62337a14b4e8cf61dbe1e113ef
Assets/Art/Image/Scene/B1/a5/c/a5草动_37.png,image,.png,83236,2321a8aae27d831e5287b1461f568e8049266aec4167d87e601a0cb4ff705b42,9ec49f454b62ef740bfcc769f144d154
Assets/Art/Image/Scene/B1/a5/c/a5草动_38.png,image,.png,83250,b2c060efb48382322f3216bf9ead991b91de6c38033b0e88ba2b599bc927e184,405e374e8cd61b343bb05e29f7aef627
Assets/Art/Image/Scene/B1/a5/c/a5草动_39.png,image,.png,84034,76797b9a594b3b1ab22ecb74565e49774ca10388e97e91041049949ca576f562,e873b72fe2b7f68409abcae6d0aeb0fe
Assets/Art/Image/Scene/B1/a5/c/a5草动_40.png,image,.png,84379,a2c4de7e5a3de7c93601e61f7c34ee00bda19075e9d2039070915445ef6e6e5b,9b834cb0615d24a449e30426cc35267c
Assets/Art/Image/Scene/B1/a5/c/a5草动_41.png,image,.png,84480,6d411933b78cfba2dc006abf91065420b26198dae0a7c27cf6f8051d5cad0ff6,47514401873cef64786821f253266bbd
Assets/Art/Image/Scene/B1/a5/c/a5草动_42.png,image,.png,84298,aa609c694b2c7a7117afa88de527d6ffa006be704c13e72fb93dbf7c4573449b,192d9231f703a1a4cbae9f9271643812
Assets/Art/Image/Scene/B1/a5/c/a5草动_43.png,image,.png,83688,6cc92fa43d8bbaa5facf255b807be5fab2b1bf0d5420c209cbfd53418100fe86,9a44bd7ecd3809d42b35cceffbef90b6
Assets/Art/Image/Scene/B1/a5/c/a5草动_44.png,image,.png,82970,e9d21546fa45b687cb13b0697882a9f4366d6e5b97d09dc079cb12fae899928c,f25bc4c05038b5140aa35a663b7a91ed
Assets/Art/Image/Scene/B1/a5/c/a5草动_45.png,image,.png,82353,7c66acef823bb8b2c5c479fdcdc2710739850ba9d16e01231f3ce5e1e1650380,a493d42bb4ef11143b3b0fba5c2ae47d
Assets/Art/Image/Scene/B1/a5/c/a5草动_46.png,image,.png,81914,570b9c60b44cd61a05b50fd2579f0853b1039aa6bfd3417a76eed3a97aa618a4,4933f0355d8a0a047825c8d0ef71cd83
Assets/Art/Image/Scene/B1/a5/c/a5草动_47.png,image,.png,81292,93d223df01140f310ec50ebe0c30656c7be2df1e895385d5d4e2c8d1cdbcd5ce,dffa96bd9c55cdb4796e3bcc158df049
Assets/Art/Image/Scene/B1/a5/c/a5草动_48.png,image,.png,80790,9285fb544e31ba81a0d8c1243f06f44b7cbf6812f7f9be1bbd17f473afd60095,9383cc9713dcc8e459f2865482184f22
Assets/Art/Image/Scene/B1/a5/c/a5草动_49.png,image,.png,80511,9da41df65541aba2468f050fa3aed68592dafd32b5f1e226289fb6ac58a20303,99c1580661f2fbe43a09eb76be11e8d1
Assets/Art/Image/Scene/B1/a5/c/a5草动_50.png,image,.png,80109,f00ac521b1d6b25ad346d2144e5f53d360b5c7aca182ca77ec07b7e8afcfe6be,55eddfde4a14ed946a67c2e463971ac1
Assets/Art/Image/Scene/B1/a5/c/a5草动_51.png,image,.png,80084,65072d68f9338b082df56638dd2cab0eb1035db781ada566edc7875fc3fae696,76084268bc62a1044ba61596ca0fdcb6
Assets/Art/Image/Scene/B1/a5/c/a5草动_52.png,image,.png,80010,290af5ac70b18e2a8c80c94e240f3eca5cfe7035b23162ea22e156c518286f79,5af21f633133b2b4282f27b265da74cd
Assets/Art/Image/Scene/B1/a5/c/a5草动_53.png,image,.png,80004,a1f50bc5b92d430525e8549273431679e7271522ff546c5bdaa5d51cd795a7c0,d1cb7d067f813694d9b2a6cba728dbf2
Assets/Art/Image/Scene/B1/a5/c/a5草动_54.png,image,.png,80094,c9447a9dbc2e76de789e76a373f72645b52e7551801bc012e0d3de3b5bc8433e,88c74f569c91a9e47b1b0ecded53bdde
Assets/Art/Image/Scene/B1/a5/c/a5草动_55.png,image,.png,79960,c163aca1de17243d2600de7072fafca813f9b3f6081cb283f2d279628ff5bcb2,4339433725f39a14b82faefb9571885a
Assets/Art/Image/Scene/B1/a5/c/a5草动_56.png,image,.png,80254,e2a5e6705e3038e7c7307fb81b48d8c3d43d561be9be2be5b433ce975867a87d,0168ee1596d4daa4f9df6e3bdd2c0352
Assets/Art/Image/Scene/B1/a5/c/a5草动_57.png,image,.png,80473,969243cac4f1a131e74f832abeeedd08bb63ede80a2e6a3c8487a13c46633f8a,8b0eb57031b1ebe47b24fbf0da5f5dfd
Assets/Art/Image/Scene/B1/a5/c/a5草动_58.png,image,.png,80687,339a5b5401263f9ea8848cc05e9aa59c48bdf404b4489c283e0acc8a6acbd05a,662ed1cab50cae94aaa31e19b31b1df2
Assets/Art/Image/Scene/B1/a5/c/a5草动_59.png,image,.png,81070,176474fad15bc6340c6f59ee469a72fdf87b20e2d80206f3795ac67b0a718c25,50197ff5ce0ee004496ca761f4722ab6
Assets/Art/Image/Scene/B1/a5/c/a5草动_60.png,image,.png,81246,247740ff207d7bbe2b05740cf2f7315477b5b8d40d7d62b258f37d5868c5d944,7afc5067294d50a4aa58c696b4b0c963
Assets/Art/Image/Scene/B1/a5/c/a5草动_61.png,image,.png,81559,cb95b04d6f7c24bec3411f1df525410c48e614084308df373a11f28744951c68,c560c56ce1491014cabb742241a03a0a
Assets/Art/Image/Scene/B1/a5/c/a5草动_62.png,image,.png,81910,aba320186c7983697733f0e120ce347ebd5e3356f59e4130d9add36281945fde,ce069e318c939994e88127b46c77604a
Assets/Art/Image/Scene/B1/a5/c/a5草动_63.png,image,.png,82268,dd73d857b059e904d1ee9668a6bf7a1e7c7d2072bac0a9a5815fc1606ab71551,47d3247ab7f01314ea6d70fa1bc238e4
Assets/Art/Image/Scene/B1/a5/c/a5草动_64.png,image,.png,82521,029e2694f515c88f78da3078886b8d541b88fd500a3b716bcc571eede965afa6,1abe798de302f844fa1740a6ff009517
Assets/Art/Image/Scene/B1/a5/c/a5草动_65.png,image,.png,82931,ba8c2bd558f86d04263b9612888fb177406f359ceb222ec6eb8b2638818852ef,e971460b0cb104b4e93d562ce1e5a48f
Assets/Art/Image/Scene/B1/a5/c/a5草动_66.png,image,.png,83039,6cf9d89627304dbec0f2687770f585bcf249d35869acbeff0492e6222c2cd838,8b3c0568d9119254fac6e5567276db6c
Assets/Art/Image/Scene/B1/a5/c/a5草动_67.png,image,.png,83330,f45fb87eea1f5b27b026e07c06980cc831e21b783d00f616310e91a1db757401,b932639ec5165004b86ed301d2f49b99
Assets/Art/Image/Scene/B1/a5/c/a5草动_68.png,image,.png,83693,77afc74e16d991289ecac20a0705c6f5c42e9f6e0e99c63da4d0b7df2e3bed37,c0ff395148e9dba44b4ffcaad04375ab
Assets/Art/Image/Scene/B1/a5/c/a5草动_69.png,image,.png,83822,4ef7b5c2ab1a6ec6d0c519d5b45d7ba67e71113a74b82973dc909f36ca3dc1f8,3459026873d27a349b26e608ff2ee5d0
Assets/Art/Image/Scene/B1/a5/c/a5草动_70.png,image,.png,84217,216684cbf6fc696d9c69ce90aa0ba9316cc85e5338fd6aa5cd6cbfe5b1c412cd,6bd4c37dbcd87f44ebf8628dbc4f868b
Assets/Art/Image/Scene/B1/a5/c/a5草动_71.png,image,.png,84299,3ccd5f08472dce0e2b5a1aceab7c29e6bb0c96e4469983ab033f46e6e14b0824,231e4561992b7be4ab38e9def53c922c
Assets/Art/Image/Scene/B1/a5/c/a5草动_72.png,image,.png,84403,c9a6d30eb9b581a9df54c6e99fcade16ad937a22433b6726297e0696700abe8e,f165f01030501f3489a68f7b2ed9235c
Assets/Art/Image/Scene/B1/a5/c/a5草动_73.png,image,.png,85428,0443cc39566e5bb0f81951bd4455f3b0f51eae8dfd35be729738dc209feccb9c,c1dd970046b160d40a275cc62f43498e
Assets/Art/Image/Scene/B1/a5/c/a5草动_74.png,image,.png,86485,fdb7345ec23df7b920286104d07b549f437648eee7d87151183aa5b9d5d7c35d,9056f656c542eab42a66b724120d45a7
Assets/Art/Image/Scene/B1/a5/dj/skeleton-animation_000.png,image,.png,85452,8a1512158bd7c68468fa8f7849864b8077fb152717abfdddbd300cbca6bf3ecb,9967b2c931bf57945bd8783ceb36401c
Assets/Art/Image/Scene/B1/a5/dj/skeleton-animation_001.png,image,.png,85541,d7bfb7339af4ee92b66d36372e22a3f668202943b9ffc6b1cb1e6db4ba33318f,b38d4589804a44d46bee9f916843c3a9
Assets/Art/Image/Scene/B1/a5/dj/skeleton-animation_002.png,image,.png,85773,ca85727142ca4f80c3fc0dca4829bebf3f0813ba335e2377b6df7ef959edc43a,972553636be49bf438039920090b6333
Assets/Art/Image/Scene/B1/a5/dj/skeleton-animation_003.png,image,.png,86063,bddcf80c2eab5eed928cf6dfdea1f3fbc56d69ac1297e3c520791a47b903ad04,4127fc7987db3d84d87e2c475834e957
Assets/Art/Image/Scene/B1/a5/dj/skeleton-animation_004.png,image,.png,85852,2a68dc53144d0e13dbab7c59485f8dab7ffb3e947fc0053b7243dc43a8e1f8ba,78cb5803a57a1dd4b967663d2b1f534d
Assets/Art/Image/Scene/B1/a5/dj/skeleton-animation_005.png,image,.png,85971,adbc48282298b9a61fa57ca7d6fc5f539e0a52ebc65da1d0d7dddffea8debe69,9ebf1f26f9dea734eaf1e18f1f84477f
Assets/Art/Image/Scene/B1/a5/dj/skeleton-animation_006.png,image,.png,85734,5ad338db55b8a4087917ff6766d61501e38bfef54648281954a3935496098f02,dee9478f6e0200c44b0e60efc5e26f80
Assets/Art/Image/Scene/B1/a5/dj/skeleton-animation_007.png,image,.png,85458,22eb656325d3b5a4e4588fcfa0368d9e6d5b58daefd6106ec852c031e4605ad7,97e0af0c4524ed3448bfdf3d17f082ce
Assets/Art/Image/Scene/B1/a5/dj/skeleton-animation_008.png,image,.png,85097,b7a1cd4978f8a04e82edd52e2edb163f00be10784f1c28888ebb58efd6e6d414,7c9ffcf305e8d1a45b67798ce42923fb
Assets/Art/Image/Scene/B1/a5/dj/skeleton-animation_009.png,image,.png,84869,6436ddd5b4e6517cf31634ac566cf92164bf8d8235c095c28e09760ee15ab31a,d4a9d0d5c7ea05c4780a9e8b78dfd37a
Assets/Art/Image/Scene/B1/a5/dj/skeleton-animation_010.png,image,.png,84638,3b4d36c03d8c3d7b3d71064abaa7862f317efaba14d64e4f7aae741cb38346c3,dc52a9bdcc1e7e348879b16477595dc5
Assets/Art/Image/Scene/B1/a5/dj/skeleton-animation_011.png,image,.png,84375,3200cc3f8c0b94756bc9ec83b046c2d13b3f835beb6299667128af4352b33a43,2ab2fd684637057428ec79839f9c966e
Assets/Art/Image/Scene/B1/a5/dj/skeleton-animation_012.png,image,.png,84489,3535874bd06a90cd6d1e4e1e117df338f790a10eda4d10d3476d470afad74628,e1d29235820a07a4fa132c3736a40942
Assets/Art/Image/Scene/B1/a5/dj/skeleton-animation_013.png,image,.png,84364,18a941cb9e5632098bd3c0c0767e199f53636ab2df453053600968d0f9f41a3a,a7c08f78275d66341ac970368f29e996
Assets/Art/Image/Scene/B1/a5/dj/skeleton-animation_014.png,image,.png,84420,30e3c31275d01f05509cc8950a49952897d0b34ad5c068dabf8e186ba2b7c3a7,6be156a4d519b17489d601490a86f2a1
Assets/Art/Image/Scene/B1/a5/dj/skeleton-animation_015.png,image,.png,84345,2e9aec903cfc5317da413afdbe5cc551c05de4775f1f5e5774a42d054ebcbd9e,5ed4d9abdabbc2c4b89d33e169169113
Assets/Art/Image/Scene/B1/a5/dj/skeleton-animation_016.png,image,.png,84184,cde4cf2ad6d6640b55368a8dcc9fab64645b45b59ebf5d40e69d6159c1caba02,5da04d3a04f56c641b1a6acfc749db64
Assets/Art/Image/Scene/B1/a5/dj/skeleton-animation_017.png,image,.png,84019,af2d9753c480e991e55b3b1be5205d50d8112e7bafb2198a45b58324abeb9605,a58818b7ab75c1342aa7cb406af23612
Assets/Art/Image/Scene/B1/a5/dj/skeleton-animation_018.png,image,.png,84012,be88e2cc01abc04ce81076e8f2f0e8ae2166037031c4ecf8cb787f36aaf275f9,5807120b927a02a4c8ac5f9456cf8b2c
Assets/Art/Image/Scene/B1/a5/dj/skeleton-animation_019.png,image,.png,83896,ebfb019918277fefc0fb03af14003bec8ac3b593b3f560042570425a0a0c69b7,33e532f7466af0842854c9d366eb60ad
Assets/Art/Image/Scene/B1/a5/dj/skeleton-animation_020.png,image,.png,83711,271c74b66567f8be920b8cb1ca4977761d616cf8a8a8195696f300b57cd00911,a1a184df16346ac4d8e0a7a4b3e1eec1
Assets/Art/Image/Scene/B1/a5/dj/skeleton-animation_021.png,image,.png,83798,02557565b1db028859cfbfb44c783349e604cc14c837a69eb6620063acb68012,db0ee75dcf6bd424f8a71d649fd5aaa7
Assets/Art/Image/Scene/B1/a5/dj/skeleton-animation_022.png,image,.png,83734,92302300a5bbf79d85c354c224b24cd4c25e331033f822ba057d9eba6207859f,49347b302476a7943bcaaed1d06a208b
Assets/Art/Image/Scene/B1/a5/dj/skeleton-animation_023.png,image,.png,83582,fd992d0d2fba963a1766b41e36bfb74fbf16e81bd0c5efb21bfda41027d6913a,fc896bed4a365894bb9c92cd209e77d3
Assets/Art/Image/Scene/B1/a5/dj/skeleton-animation_024.png,image,.png,83540,0c576c9f65b3f4576bb29cb81d55deced5d88555610704aaa64b8d9bc4d5719e,a22bbb3418c85d74680dbf6102873f03
Assets/Art/Image/Scene/B1/a5/dj/skeleton-animation_025.png,image,.png,83576,aec90e25332895833611b781a892771f1388c340f37524d56d258c9dd3e93804,74e0e0511c952cb4a8292b89d56f7a46
Assets/Art/Image/Scene/B1/a5/dj/skeleton-animation_026.png,image,.png,83472,85ddb4d395cd69b3df70bf819babfa0167b202f53c22aed127caeefdb7310cb1,13dee88451fe0e140b735a6024b86e97
Assets/Art/Image/Scene/B1/a5/dj/skeleton-animation_027.png,image,.png,83363,73deb00ced7c7b208449d5c112142d7fc4164c52c2d92e1423247803fcc7a40e,c03c2af305f1b62458b4e0bdf9ac4d9a
Assets/Art/Image/Scene/B1/a5/dj/skeleton-animation_028.png,image,.png,83298,a3e8913205031245b353c1bad02efeec2200b9e5af5895c10c1e94aed0f25bb7,8044c8d27762a7044a97f50b0a87e1d1
Assets/Art/Image/Scene/B1/a5/dj/skeleton-animation_029.png,image,.png,83284,cb786191933008ac6e03762a0ab2fb870acaf7b9c33567e44cc65e6ede13d62e,4f16380f01f01394886b0587267a7fda
Assets/Art/Image/Scene/B1/a5/dj/skeleton-animation_030.png,image,.png,83256,22f00d40952bb59fcb0d559cebeaa03cc6cb9f318786dbcd3bdf8216800bfc71,1df2078b97f3c1d47a8a3c0e3b75aeb1
Assets/Art/Image/Scene/B1/a5/dj/skeleton-animation_031.png,image,.png,83085,d0fd17d363c492cb0e1e055be62390b5ce55fe91fd75c5420e0cdc08b5c42721,bf4d18ee14f69374da19e7f08f128d34
Assets/Art/Image/Scene/B1/a5/dj/skeleton-animation_032.png,image,.png,82990,9c2d621004b45a34cb759364c8cc7bd7b2a2393f1148a669e6d3d2d9cecb984a,8894335a3cac6f44ebc219bbb7b3ab90
Assets/Art/Image/Scene/B1/a5/dj/skeleton-animation_033.png,image,.png,82933,e731cc97176cc01d383e3c3bdeb1aa6056143a4ef599ed7336b6847a7a4a6093,35966ec3812d3e54aa7217271ffd94fd
Assets/Art/Image/Scene/B1/a5/dj/skeleton-animation_034.png,image,.png,82881,9f6e686a8f53524ec6fc9199c8fc830754ebd7bb21af465d653c98319ace709d,0b1e94588dce34d45afe28e13e4cbdb2
Assets/Art/Image/Scene/B1/a5/dj/skeleton-animation_035.png,image,.png,82907,2c7eb161b3d07ea2be68f01607b9b378aa42bc576832158faa7446bba9e7ca09,de28001d57efada46ac4234bb1c67453
Assets/Art/Image/Scene/B1/a5/dj/skeleton-animation_036.png,image,.png,82670,48cc60ad76a0aa4b0edff3200fcc7cd06c5882b109f8767b88ac5f03697341fe,28307ea6827afe74f8bda56b26716c9b
Assets/Art/Image/Scene/B1/a5/dj/skeleton-animation_037.png,image,.png,82592,9ad4c9dccffb536d795bfc4ac99240592c4dde2cf60e2682ea7c87522d001908,cdeeb36a527c44348925ec47972dace6
Assets/Art/Image/Scene/B1/a5/dj/skeleton-animation_038.png,image,.png,82476,91722ff4ae631ae1a26b8d286c2515344ad79fde03a4ae74da6da2a17cb23a8a,9a4a4f6a95d20c446b99890d8502f7b3
Assets/Art/Image/Scene/B1/a5/dj/skeleton-animation_039.png,image,.png,82495,cc1e4fbe45276330e79fb76a65435a27d98fc1dad29b59e050bccabc21a17005,eb4ccc515d1463f409081595c693a26a
Assets/Art/Image/Scene/B1/a5/dj/skeleton-animation_040.png,image,.png,82298,52492bc05eb908d3c2148484ceaccc0a26cc7f76db09df2a45054bb0a3863ecf,fe2b24fa30039084ab1e3420da2790b8
Assets/Art/Image/Scene/B1/a5/dj/skeleton-animation_041.png,image,.png,82513,b68a43ab73e58fded1de5cf73702fbbbac35b4a163d8f4bbebd1136399cb7fdc,3984df91955e1944c8f40b0253fea08d
Assets/Art/Image/Scene/B1/a5/dj/skeleton-animation_042.png,image,.png,82330,f4e949080ad7eef3c33d872fe1c2f2ee887bd0c8ffa2031caa48bfbea3beca08,321557083e09ee04e8f4978767c45e5a
Assets/Art/Image/Scene/B1/a5/dj/skeleton-animation_043.png,image,.png,82229,4a44243265d4a85588a0e4189ac42d04fc4fc2670bfdfd58ba863b6ffe791f76,953838676ee82e84d91d5f4fd71d0dba
Assets/Art/Image/Scene/B1/a5/dj/skeleton-animation_044.png,image,.png,82230,b499eb3bbe27f7f65924046a8700400b5df35b5ffe2aa6ba2c1dadc409a0b2b9,5f5d811541c7a6342acda4cc8e9989f8
Assets/Art/Image/Scene/B1/a5/dj/skeleton-animation_045.png,image,.png,82191,6de66af6d5581e21fe3920e2da755495527257548da6e4697338dff31990d1b2,3cc3c36de8cee9746882ffb60fa1adbd
Assets/Art/Image/Scene/B1/a5/dj/skeleton-animation_046.png,image,.png,81887,3a513089db9ebbfc212e9743bef9d08b44cfd098d224b88cff3fb61dd5bfbf09,236402c5f73df9742a4e6c62d9f5ae66
Assets/Art/Image/Scene/B1/a5/dj/skeleton-animation_047.png,image,.png,81972,b631f64bed6d719d51ecf56c07711b5374b156592815660e2bd9b58577b5fdfc,2477bfea33a4012458bc4a6b8a8afa25
Assets/Art/Image/Scene/B1/a5/dj/skeleton-animation_048.png,image,.png,81756,6f8e1156f6603df478d828fd04958b2aed1e64d3fb8862816b2b94f68355e1ee,b54b4fefca2276b40af0ff6049bf6a65
Assets/Art/Image/Scene/B1/a5/dj/skeleton-animation_049.png,image,.png,81841,fb34fe16b5f6fc30190f40a8ed3f7fbbd20a9a01ff4edab86336c6dc38312a60,f338359e68f921a489de615d0adadcc9
Assets/Art/Image/Scene/B1/a5/dj/skeleton-animation_050.png,image,.png,81931,23a6b392ddae7da08ab456d816b09a5781d074f750bb57dc7af3e6082cc32b59,41a20faac90a6a640bb89c7a0be86482
Assets/Art/Image/Scene/B1/a5/dj/skeleton-animation_051.png,image,.png,81835,54716fc577c28f81745a87cd127fe40466b51dd5094cef3a2196cdfbe70ee853,55cc50e999a336f4883796d6fedbf7d9
Assets/Art/Image/Scene/B1/a5/dj/skeleton-animation_052.png,image,.png,81887,97041a731f26f942368106b06afd432c2d7ae44e81b489dc65866b7dae48de07,9dbe927db01979a41a28dad12a242aff
Assets/Art/Image/Scene/B1/a5/dj/skeleton-animation_053.png,image,.png,81815,09e9b4950733e3adb8482c402d7cbd6aef33389a90380907dea11953b84ae73e,71260808b76cd0b4d926f12361ef5eae
Assets/Art/Image/Scene/B1/a5/dj/skeleton-animation_054.png,image,.png,81721,71abdc4af2ffc5e375045d214e295bd98b992bb2cd8e337a3828dbe7396f0fc1,5aa404f18bba28141bd80c585f275333
Assets/Art/Image/Scene/B1/a5/dj/skeleton-animation_055.png,image,.png,81736,ac1fa3a6f7ea02435be495ae1d7e8c0b758db566e95a94bdfaf98a485cf2a0be,342d532961045d245a63798b845d0826
Assets/Art/Image/Scene/B1/a5/dj/skeleton-animation_056.png,image,.png,81807,011824b84a66d092636e1a55010f368ecba291d291c92ced6cc05e990708ec8c,8d5f886b03f6b4042ad0e22b8a571f2b
Assets/Art/Image/Scene/B1/a5/dj/skeleton-animation_057.png,image,.png,81760,9f814b952cca781253949e8e70dd9f892214c7ca3426df31e8ef3a17a49cf000,5649338b0c9a84b4ab410035ea615c57
Assets/Art/Image/Scene/B1/a5/dj/skeleton-animation_058.png,image,.png,81878,0b8fb282d192960de7870aa40cd87ce2c2759a29f86724748c3713b78c94e180,a23f1d6b7b8071f44b2d7a671db12fdf
Assets/Art/Image/Scene/B1/a5/dj/skeleton-animation_059.png,image,.png,81776,bc8df18583b26383e63c584c4d2e7e01cde8b6d3d55d954b4e12fac56948fee9,0910c29183a46f94b9e83cc61f0fe408
Assets/Art/Image/Scene/B1/a5/dj/skeleton-animation_060.png,image,.png,81783,ed378abc7fa84e36adb59859d23fb21cda831614c2d8c1d01574ef08935131b3,58482d45c6fa49341aca5e530ce25d33
Assets/Art/Image/Scene/B1/a5/dj/skeleton-animation_061.png,image,.png,81784,f745fbf4a09bb2e66620c462ab5532afd263be690465b8664a285b2c0ea5f64d,0b7e99f53bdd7d1409a61a9da4cf1b11
Assets/Art/Image/Scene/B1/a5/dj/skeleton-animation_062.png,image,.png,81904,083c181a6ebcd9bafe30b82d87db43c60b04392c38d2789fbad27258bc00fc43,e64df7f3fcd48674480be0c6c144b8bc
Assets/Art/Image/Scene/B1/a5/dj/skeleton-animation_063.png,image,.png,81881,5c6d531d8121874d9a7e731989ceada2d52a2123748cb1c6ba158d08dad97d81,01a8c90df788d654cb08fbf39af12d4a
Assets/Art/Image/Scene/B1/a5/dj/skeleton-animation_064.png,image,.png,81896,6ddd2f5fa1aa40895487de89e779ca5a0c11f1ff81dce46094392578143d588c,9ee43d52dc9e2c649a347949325f9f34
Assets/Art/Image/Scene/B1/a5/dj/skeleton-animation_065.png,image,.png,81798,bcf1a019175ecae694bc9626190b020d083df852c0f4c85d31661a34a2e775c0,f3da86b66b656ef43b96524853969b43
Assets/Art/Image/Scene/B1/a5/dj/skeleton-animation_066.png,image,.png,81968,764f1b9cff01e468b7bed9de946b4a4475f19040f1de2267deadef1c0aeb6016,b4e00d10d424bfa4382ffabe8038757a
Assets/Art/Image/Scene/B1/a5/dj/skeleton-animation_067.png,image,.png,81945,651c7d626ce859a35501da157a8f646081fee7e5b48b23afb5c2ba630bdd9e7d,e8689ee18b0584a4c9e383954cf31d6a
Assets/Art/Image/Scene/B1/a5/dj/skeleton-animation_068.png,image,.png,82075,8dd87c5d46605777215c3956ddfd4bf6414674d4bc533e525a255ebf2fc51132,9c2c4581664f2a54492012a7d04bf9fb
Assets/Art/Image/Scene/B1/a5/dj/skeleton-animation_069.png,image,.png,82081,c2030762b8d5b3839dfeab68fac3fe0152988775b67ca4bfdb5ab0743e8a459d,ec7787cf6eb56414abc2b53c2231d621
Assets/Art/Image/Scene/B1/a5/dj/skeleton-animation_070.png,image,.png,82110,ef712446a082bbd88e2914bb078f4ea8975631f73acefe65d2fb33ad6f91f2c7,d9c451ee1d59de143ac0caf9bd51f334
Assets/Art/Image/Scene/B1/a5/dj/skeleton-animation_071.png,image,.png,82199,7602f2c16bb1a6724f8797dbac0f5b4ee1678c7b5deee605535dd7e2ccce5547,8600833b4dfa0fd4ebc6d81d5a762011
Assets/Art/Image/Scene/B1/a5/dj/skeleton-animation_072.png,image,.png,82309,054c5fe401a0e712f9f6e9aff5b7af2057736613d78687f8c0349f4004b7c97c,ea6fb2456808e4546b04cd40fd26ea6f
Assets/Art/Image/Scene/B1/a5/dj/skeleton-animation_073.png,image,.png,82265,7eb762577cfebad6c921dd87719dcdb21a9bda403641dbccec332a57f6c262ce,cefbf25054e00d54a88c91d93dd5ee82
Assets/Art/Image/Scene/B1/a5/dj/skeleton-animation_074.png,image,.png,82210,5b9796772f3f7aa0a49ad5782e564c0d7a219148dc3eaf7bb21fc6a3a4da2c72,89296b4e59adfbf4e80528f3e29e45d3
Assets/Art/Image/Scene/B1/a5/dj/skeleton-animation_075.png,image,.png,82325,ed46dd392e66b42668a38e45f2295bd10bcb3acbf83847746ee6ec47a905aed6,d2be3044bdd871b4fba4c452641ad80c
Assets/Art/Image/Scene/B1/a5/dj/skeleton-animation_076.png,image,.png,82394,0530421b0f73393bd88d5dcb878b5787701df7cb1cbb51e0b1f37c026d65e756,feaee464c4cdf484cbe2f4bb961512e5
Assets/Art/Image/Scene/B1/a5/dj/skeleton-animation_077.png,image,.png,82530,416836b6cce378bfd2ec7b3f1508b70e9813e7871091fca9d0f1b00350d180a5,beb784b05db052b4cbb31ca0c71f03d1
Assets/Art/Image/Scene/B1/a5/dj/skeleton-animation_078.png,image,.png,82402,563ec1cd36f79e6e5d9977c1076a08656fc70e482739efd7507834d211fb041d,77909d7ece571414d9ab6423e4de30e8
Assets/Art/Image/Scene/B1/a5/dj/skeleton-animation_079.png,image,.png,82489,d3f94a21622dd7594d6bf9bb4dbca774c6bda2bc8d4bef8799be874a04e83375,52b3f3775822b874c94155f940df1057
Assets/Art/Image/Scene/B1/a5/dj/skeleton-animation_080.png,image,.png,82564,1234d109be66688af1395a2f632370b5545f8d1735425edc48fcd2614adfb2b9,833e5860cdc557147a06dbe5c279ac37
Assets/Art/Image/Scene/B1/a5/dj/skeleton-animation_081.png,image,.png,82580,a2a01ccb984df548a1f3b23a9582720c4db78fe364f8edf8189d65b8d771a433,e089ed1232b7cd34fafab0eecab65993
Assets/Art/Image/Scene/B1/a5/dj/skeleton-animation_082.png,image,.png,82792,c5a94c95cee0acf0a1b272ef0e9ac52c7f33c2da977d62533bda5422986fa762,238a87477d7817449b4b190d04542bfd
Assets/Art/Image/Scene/B1/a5/dj/skeleton-animation_083.png,image,.png,82710,552cda1c2796e7d2c7de153d38ac659ce86f4a90a89b575217a5d0fd60747c9e,40cce43c74990834e8ba8f2d62454ab6
Assets/Art/Image/Scene/B1/a5/dj/skeleton-animation_084.png,image,.png,82749,c15621a423b1f5ccc655eb17d5d72480309a9de18003752a00d88f1f8d9a0bb8,48eab057cdd991b4385f9b34877387b5
Assets/Art/Image/Scene/B1/a5/dj/skeleton-animation_085.png,image,.png,82828,e57c3ac0f645443292393929e1e1dd14febcdfbdefd369277e9677f9245349c3,ad771eed1489b8747bbb9e6e753cfc71
Assets/Art/Image/Scene/B1/a5/dj/skeleton-animation_086.png,image,.png,82992,88b291afa232dc5864c1585ae74ebb29b27f448026909c2e3620edcb79c5faa8,b725e991c16457c4f83024c8c8aaec93
Assets/Art/Image/Scene/B1/a5/dj/skeleton-animation_087.png,image,.png,82941,ddf5b4a106acaa006262ecd7ae3993ca3fe38dbbba414e39f58a0a613b1a1159,ea99c0be627bc7348b48780f16f2d917
Assets/Art/Image/Scene/B1/a5/dj/skeleton-animation_088.png,image,.png,82884,545e59b2be30c9ea75fb28f54dbef39ab03949efcf4f2a807d9324be79da8746,282ea8b0d48dbda4bb669f3e84df22b8
Assets/Art/Image/Scene/B1/a5/dj/skeleton-animation_089.png,image,.png,83078,000e6eeac2ab163eafdda1cce76dde3bf2c9d0aab23d2027e00bb846041a0a79,8ec800caeff77f042bba2a57c7f44734
Assets/Art/Image/Scene/B1/a5/dj/skeleton-animation_090.png,image,.png,83140,00991b426d6b191a3427126ad99d7370637e6d60aa109895dcb4b1b7578e8f3f,119f9a712017d2f4789cf9b2de0dc200
Assets/Art/Image/Scene/B1/a5/dj/skeleton-animation_091.png,image,.png,83163,36a253e71c7b4e5680a6be724a66edfdf329af72f06164450c39b742ee4f10b8,52de5a93da6b1c2449ae0e80213aa0fb
Assets/Art/Image/Scene/B1/a5/dj/skeleton-animation_092.png,image,.png,83205,6941148959ac10c4f16d892b1efba2deef1fce7c54bd8c3dcc9846ff4dcbc861,58a3671e50da00b4ab658fb1421364e4
Assets/Art/Image/Scene/B1/a5/dj/skeleton-animation_093.png,image,.png,83305,ddf9c145415cd415713e06f0e1188ca250e4395b77b41cf484c90f0251625d6f,6efd319fd5fc88f44855b93492458848
Assets/Art/Image/Scene/B1/a5/dj/skeleton-animation_094.png,image,.png,83303,5bfa8546bb3253ceedc8df90d2022c9e95fd9ff4ea54475db455a530533be434,1b778cca83c6953468ad2be54745c969
Assets/Art/Image/Scene/B1/a5/dj/skeleton-animation_095.png,image,.png,83274,a2b87e13e9f372b2823394138c61720c152b4ec2337738d1ede20d4f0cbb853f,1d7ebd202f50f5744ae074cd1d5ef8be
Assets/Art/Image/Scene/B1/a5/dj/skeleton-animation_096.png,image,.png,83561,3b77b20a9913d5879dcb082b8f915d5cd3c5e450f30a9b0df840a39fc2866131,35694b5e1fa33a04abffd3fc4b3b30f5
Assets/Art/Image/Scene/B1/a5/dj/skeleton-animation_097.png,image,.png,83498,e4ee1cbfda10e5179aee0eb7b63fd125774e8071e86d4c890cc73171d61f10e2,bd181628ddbe9a748b9e1deeeb7a06b7
Assets/Art/Image/Scene/B1/a5/dj/skeleton-animation_098.png,image,.png,83464,8d5b56f02828d55624048324c3d2588ec71da66c1301bf6fe9ad48f69d8481f5,0e53ebe47422f1f40a271a15f933db20
Assets/Art/Image/Scene/B1/a5/dj/skeleton-animation_099.png,image,.png,83464,dcaf1fb1468f940298dc5bba9e187d374b606417460fd3ad42275ccb7e1a823a,311b60bb987bd234e8383383d802a2ab
Assets/Art/Image/Scene/B1/a5/dj/skeleton-animation_100.png,image,.png,83725,63319f5fcae6bed5e5011cc29001a6af44d7ec37534af586ff9251594210dab9,1e9d4e5a661910440a103c9fac70ee1b
Assets/Art/Image/Scene/B1/a5/dj/skeleton-animation_101.png,image,.png,83576,1a753bae2014c5ab3185ff8e3e5946dc207d4756d00ddcc32e38b97e9b68fa72,860b6cbb53d48144597c25d347548512
Assets/Art/Image/Scene/B1/a5/dj/skeleton-animation_102.png,image,.png,83713,6cccdb96a5c8f896d7d5a62c198b905e78d77f79f605e70a323275b14e26ec22,2bcc8f4e8cc48be4db921845889c538b
Assets/Art/Image/Scene/B1/a5/dj/skeleton-animation_103.png,image,.png,83750,9340f7df1f1cfe1cffe7b43be2096a1608312666e2f1b4bfeb4558c39dcd2507,bba69bc79091b434582ac7b5111ddb33
Assets/Art/Image/Scene/B1/a5/dj/skeleton-animation_104.png,image,.png,83739,71ffa7e200bcd89519b561dbc32cf42e110e6ce816366bb23b499d404a1eb711,a83d13883d4ccf542b8d87557961e4b6
Assets/Art/Image/Scene/B1/a5/dj/skeleton-animation_105.png,image,.png,83919,380ecb30cbb71d45bfbd87c049b152ce6e25c09116db02689d3c363c3e2c393d,3f7b70256b00a8e4eb5934834b72a28a
Assets/Art/Image/Scene/B1/a5/dj/skeleton-animation_106.png,image,.png,83876,830c832335ccd4c6dbb8382741e87a34f7548d0c46929045f220f48d68077e44,df571e512311ff547863559da451a67e
Assets/Art/Image/Scene/B1/a5/dj/skeleton-animation_107.png,image,.png,83892,58850f796fb69dbc91415faa1542dd81bb45745b39207f99646c44c0f5732e5c,7c6011327a92eb2489ceb7f43cce3b83
Assets/Art/Image/Scene/B1/a5/dj/skeleton-animation_108.png,image,.png,84161,ae289dc54f1ac247cf44a391da301e55c8bb38bead6b96557e60a072c52fe9af,d7fc09af89a9fce448c9c3f79249d8f0
Assets/Art/Image/Scene/B1/a5/dj/skeleton-animation_109.png,image,.png,84223,5e2893a3ed4ee0b25906ec7d552a6a2ff2e9574b3f939c03d211ba13b67e0f32,534c503326ef43c41b2bac55ba71e77f
Assets/Art/Image/Scene/B1/a5/dj/skeleton-animation_110.png,image,.png,84267,6475fb4663c52df1aa4079cba4fe2afe5e9de6dd6fe72419430df55428dfaab7,c96d71770ed12ec47b37ac26806f6ca4
Assets/Art/Image/Scene/B1/a5/dj/skeleton-animation_111.png,image,.png,84187,bea8d9758cfb6a92bd327c1ad7c9df4446599745eaaaac5e76ed5fd907550b37,b5cfee09255136d4e8f0d8f6840ab133
Assets/Art/Image/Scene/B1/a5/dj/skeleton-animation_112.png,image,.png,84449,8977c7ebb793ccb6b7114c8ecee21e3d6e71c8e0d1ad698f822fe2bb68409d0b,5087635ff7370b8449af92d4ded9c064
Assets/Art/Image/Scene/B1/a5/dj/skeleton-animation_113.png,image,.png,84287,6fc6c1bbfedd2c2dde6a40fbdfe9d8c1efe6fdb9f03c27f02b55f8b6245b5705,93f5c80b671f6de4589645f76e9c4e4c
Assets/Art/Image/Scene/B1/a5/dj/skeleton-animation_114.png,image,.png,84212,500654e5a1eacf889f08d856e06b36d9650a6be280e0b99412a4811f1d96f1d3,13ed30de306713844baa26542eade3e2
Assets/Art/Image/Scene/B1/a5/dj/skeleton-animation_115.png,image,.png,84520,6287379333e0c5e9408a34ceed642e1d0703fb7da70d166912f06f469d4076df,fa6ff4e07c48b284388a5d4f57982fe1
Assets/Art/Image/Scene/B1/a5/dj/skeleton-animation_116.png,image,.png,84664,0f53be24a4a0bd3cc78aac6a7352ee26158cb371549f44a0af7a75b92e22050d,c975e60c5502e0443a22d384d8316f2c
Assets/Art/Image/Scene/B1/a5/dj/skeleton-animation_117.png,image,.png,84878,de6946e94c2c307b987ceffd9c838f6bcbd1dfa0896a7dc02f85b442ef737675,a4219d8356d846e47b00293d926aa1fb
Assets/Art/Image/Scene/B1/a5/dj/skeleton-animation_118.png,image,.png,84880,f7f85457a7a72567282e98ee32d1a0cff8fa0b1ef6998147f9e6012a764d35dd,4c5ba2c8ac5fe5e4995b6610f3fcaef8
Assets/Art/Image/Scene/B1/a5/dj/skeleton-animation_119.png,image,.png,85205,a5bac4cd11ee9343509a1e76b9d355fdf18b571b18669a838dfe7845f1d2f096,618a180ae77d9f945899905bd7989eb2
Assets/Art/Image/Scene/B1/a5/dj/skeleton-animation_120.png,image,.png,85341,07139931912a99a6077d10da73700c9fa12ff3d4a65d84c2bf0884c9301ddc0f,62b6906da5cd7264693100d22936d40c
Assets/Art/Image/Scene/B1/a5/dj/skeleton-animation_121.png,image,.png,85709,6cb594993b419d1f8e6f51b2d2ff8c7ce6c9d24e12dafc36aea7169d36af53b0,265cf63c6a4b61841bf2424f684ed6fc
Assets/Art/Image/Scene/B1/a5/dj/skeleton-animation_122.png,image,.png,85866,20e2bed7a6e87a3881b33aa7dbdfb8bb239fdb012439591778f319cdcff674e8,81c09922fa1f58f4bb99d68f60227bed
Assets/Art/Image/Scene/B1/a5/dj/skeleton-animation_123.png,image,.png,85885,eb514a4cc5c2563665848f1acaae0585cbc5e40fd7f0fb6f7c702e69759700a7,01ac847cf6d387c41939611a7a871fbe
Assets/Art/Image/Scene/B1/a5/dj/skeleton-animation_124.png,image,.png,85892,f608ad999cf671320446abf7b3a15922cbfff0a8b25675887463ea8d02a9f6da,47e9268e619251141948f0c5af0c5b51
Assets/Art/Image/Scene/B1/a5/dj/skeleton-animation_125.png,image,.png,85805,8400216b724ebdad641150e454cd59407ee6ce28edb6e0782ebd57c90758ef5d,b807b05ece352184c9c9260f2de05b00
Assets/Art/Image/Scene/B1/a5/dj/skeleton-animation_126.png,image,.png,85990,5eb91410242bedd1446197f8fbaf49ec59cda1a1ad7a9a8d41617f3ae21395b6,f700fbad6c49f3046aa8de134d94798a
Assets/Art/Image/Scene/B1/a5/dj/skeleton-animation_127.png,image,.png,85831,c5b10c6ed7335cfcc2028e9cccaabf18f2862b0506abe421e1fe5a9e8bd5fa58,a0f62293456bb2d4b919970230a9f8ba
Assets/Art/Image/Scene/B1/a5/dj/skeleton-animation_128.png,image,.png,85648,10c027c76e2b6c0068ff5e95e2eb9b651a1323213db0200dbd78697088ec22c9,eb879bed09b121b4a9b3008627570eef
Assets/Art/Image/Scene/B1/a5/dj/skeleton-animation_129.png,image,.png,85444,8990429ff462b96a175a77ec5de60c02b93734d9d411c6b145fc91933afb98b4,5dc2836f9e52e39408545b4e1287020a
Assets/Art/Image/Scene/B1/a6/a6_cao.controller,animator-controller,.controller,4183,ea55be9a862f2afce0460ee75e21fadab1c4f8e14677ddd7e48325cc8dacb29a,d8cef2443b30a5f41a05461c48e1f854
Assets/Art/Image/Scene/B1/a6/a6_cao_c.anim,animation-clip,.anim,14784,a27110784f2161c10d10d7822faef86d367d64c0a22603539be01b365d7d6ae9,3a0e294fc39d13c4ab311b2ecba5711e
Assets/Art/Image/Scene/B1/a6/a6_cao_dj.anim,animation-clip,.anim,25293,2ba250b3c50715bdd03efe1a08204b89e7b0c714d3455b7760311b95695c4d4f,d785524664ade6c46938b8da414a3259
Assets/Art/Image/Scene/B1/a6/c/a6草动_00.png,image,.png,126475,cb752aff4f54dc307d065e15408d2692f7712fd8c7650d390f9b903903d123d3,ac2276bb0e87e30448e5b5271d5d5605
Assets/Art/Image/Scene/B1/a6/c/a6草动_01.png,image,.png,126212,45c5003dc59ecbb17425bfefbe5c3da19909854e5191e28750d91e51bd1cf743,31209f159230c3140a6b18661ebb98dd
Assets/Art/Image/Scene/B1/a6/c/a6草动_02.png,image,.png,125735,870e06b0b3aad6590f0b0f437a7c2d29301a019475d3a3dcb3a8078f94de537f,f080d1c5b71fb7d4b980bca40107ed12
Assets/Art/Image/Scene/B1/a6/c/a6草动_03.png,image,.png,124935,585e82f6b3639c97ab503f00b6d12c4391dbc5f0f6e383514b32e8ee874b3f9e,d7851e654e47b534e98b5c17c94339c9
Assets/Art/Image/Scene/B1/a6/c/a6草动_04.png,image,.png,124058,19bb4c2c3eceff04749e8a9984c0146056429c9ad09614fa1af32f2a362fd04e,aeda369cff1e89a42bc18e4ad37311ec
Assets/Art/Image/Scene/B1/a6/c/a6草动_05.png,image,.png,124302,9c450ab9ea8b6d5f61464157a1d8819bef2beee1b32382a0b1e76a5904cc4529,5ccd298a6d0886d4f8ceae333e29c010
Assets/Art/Image/Scene/B1/a6/c/a6草动_06.png,image,.png,123569,1865766f8070fb27aa450c553668adaf2595140968338d384c5285fa3518bcd4,77c81acc5bb4dd1468b797d62565a46d
Assets/Art/Image/Scene/B1/a6/c/a6草动_07.png,image,.png,122669,cb33ea8b49fc3154490c9929c0de6c5e712d22daa922164c2efffaa721531b3d,9760dc133ae36a149b1a2a881ee27337
Assets/Art/Image/Scene/B1/a6/c/a6草动_08.png,image,.png,121572,dffac99b90c52ca7169235f699fc0f84ed325f24ab0baa067e3e40e71fd6bb10,9d6f4bac520dc9341a9ee079aa9d82d8
Assets/Art/Image/Scene/B1/a6/c/a6草动_09.png,image,.png,120503,4132e3270eccc195b6741beb3222a3b8bf497056cdd704f4f42478bbbdaf0479,a3d35c18d7b52ef489619173209673ba
Assets/Art/Image/Scene/B1/a6/c/a6草动_10.png,image,.png,119974,b87f6b054b18fcdbbe4eb2df0be5c676bd3ff9fe4ce9aeb199c708bd4eceaa85,b5ac3acb613c31446a3c201d200ab016
Assets/Art/Image/Scene/B1/a6/c/a6草动_11.png,image,.png,120171,0c71f960367b74e3d21457c4c483a500783d6bd6982d53b6d966b2135409a458,364141336565cb84a9e34af548486cc5
Assets/Art/Image/Scene/B1/a6/c/a6草动_12.png,image,.png,120313,12e77400fff95bff76b2d8508033114c2f6196b614f54c954b2e0da2b60d81b1,a7ed6dea0469648429fcf89a3c4a9d8d
Assets/Art/Image/Scene/B1/a6/c/a6草动_13.png,image,.png,120924,0e6a2fb5e919d099cf692a4b895cca3e6952e028c1aa9bd0ab23ec84e354c657,daa980c98f1bb42449c581257e2dfbe5
Assets/Art/Image/Scene/B1/a6/c/a6草动_14.png,image,.png,121516,9035b080c7a44306a391ed84511e57bf153d538002b4f3459a42f12ad1a66b37,6c018d496f4930147a44e0ad6e57d70d
Assets/Art/Image/Scene/B1/a6/c/a6草动_15.png,image,.png,121944,968e9a9220acf753b6596610ed03c931ce1d933f163740c9a267d523035de156,807a14228a52bf14da88b0decbc9a647
Assets/Art/Image/Scene/B1/a6/c/a6草动_16.png,image,.png,122768,7fd475775846ecc8d71d2378cb60b176adffed12115271f7a47d83aca8e218c8,d3045520a1934d6459f0141881de4fe2
Assets/Art/Image/Scene/B1/a6/c/a6草动_17.png,image,.png,123367,66dae21711b39f87274b857497e73bba162800a5d18e6302458c470d198e701b,bd75762943454ae4d8ea76a3a2a7f87c
Assets/Art/Image/Scene/B1/a6/c/a6草动_18.png,image,.png,124006,4d4d5bd8e3ee5442fd229a35c36040cb65126cf9377e1766f75f3ec72c0418e2,98e62c274bf35f749b76dbb8d7b51815
Assets/Art/Image/Scene/B1/a6/c/a6草动_19.png,image,.png,124500,099acb310bf1be3841a680030a0ce2d4bf06bd7e92026f7360c191880f96ce2f,c1a8d9adc4f732048a7717761b0d3990
Assets/Art/Image/Scene/B1/a6/c/a6草动_20.png,image,.png,124967,955a5b0f33bc392a4d5a529602e16b20aeb2a09e163a2cd931a066c35d26f5b6,1485af4f5d7c73c44bac1ec439bc5a29
Assets/Art/Image/Scene/B1/a6/c/a6草动_21.png,image,.png,125269,eaef322a4c3cf5a562f6492efa54c1f35e93043233910d3813c7605969bac6cb,a8c3ccf8b8b662c4e90c539dc94da080
Assets/Art/Image/Scene/B1/a6/c/a6草动_22.png,image,.png,125522,cb8b2f602965468b6842eac46e1ebe168383a8d3fe709313e2fadb15ee592709,c777f109b57cc5b4da12381a3a4b120d
Assets/Art/Image/Scene/B1/a6/c/a6草动_23.png,image,.png,125844,fbb5566dd7332a717ba90d90295f72408ada409ab1c22103aa12b01a8547c756,a3a73e62eb1d2ac4f98adc6c87a9ab31
Assets/Art/Image/Scene/B1/a6/c/a6草动_24.png,image,.png,126232,695f7f43f355384caccc15a2425d112a71d5a81dca9e0a073694ce822c46e511,449867134eca00543b862455633d40af
Assets/Art/Image/Scene/B1/a6/c/a6草动_25.png,image,.png,126217,246e2406505ba7a7110982cd2eb7122c7ecb76f4abdf4599020e2f21ce404d43,f3f1461bcf967e6479ac90c5164cf4ef
Assets/Art/Image/Scene/B1/a6/c/a6草动_26.png,image,.png,126733,0b5eb53a41932732dfa21d5bf987714756596ee06e3dc5f289e20d29c5eb3c9b,c495a393c07ff9744a1d5bfa17867127
Assets/Art/Image/Scene/B1/a6/c/a6草动_27.png,image,.png,126512,31b89b0f146524dc655423b744db32a82a3c78f19df5791b250676fa248f6363,c9b3f3f37714a864f97bca445aecf666
Assets/Art/Image/Scene/B1/a6/c/a6草动_28.png,image,.png,126841,3055a26d82c76f476e82e3cf340f93abc1632be64793ecd055e72080c4a4bafc,4108decc3e4297349b16079305d253f9
Assets/Art/Image/Scene/B1/a6/c/a6草动_29.png,image,.png,127106,ef50a8bcb01a5e32b9a1be0745bd45e9c17ed7550ef5c097803fbd51cd6352ff,1e4f1eaf763d9854da97b331adf81c0b
Assets/Art/Image/Scene/B1/a6/c/a6草动_30.png,image,.png,127534,20801cafe9f624f80306a1c66a57d7841216798dc08f2804bb32225d93c56b73,dea7eea9e2598694a81044026143a081
Assets/Art/Image/Scene/B1/a6/c/a6草动_31.png,image,.png,127443,d0b121a9f8479c83fc4c6bd34b438283d8b4617184ec008790ffc7357f869b6e,6df21c29f69bf464bae98cc47387d6c7
Assets/Art/Image/Scene/B1/a6/c/a6草动_32.png,image,.png,127514,2a827657251d485778104b5e02d2bc264457f799df5b842436c7870c60e4614b,a05ea699b89d0144198def0127c09d68
Assets/Art/Image/Scene/B1/a6/c/a6草动_33.png,image,.png,127475,11466db109391bba227caa9687de058c00645251b7785ec3441b549a0e9094a7,3ebd0a7e4f1a5eb42a638c68e0f0a52a
Assets/Art/Image/Scene/B1/a6/c/a6草动_34.png,image,.png,127024,bc09dca890c1925ba77dc57bf4715fa690cd07e7457fe5ea98a1b775cf250d04,c8e092c164d8c3442b5032e8caebd3df
Assets/Art/Image/Scene/B1/a6/c/a6草动_35.png,image,.png,126976,90ec10734b5911d1ee8cdaca5ae7e0afcdd326313a3346f9708f57c25cb01a7e,5e298c2881f33874d9df2bb1e6ac0ab0
Assets/Art/Image/Scene/B1/a6/c/a6草动_36.png,image,.png,126614,75889b7da47f33052a9cfcb6355029dca831dc3ba5e53d0ac49324d0878411df,d292dfaff8d79fc44955891b9de09927
Assets/Art/Image/Scene/B1/a6/c/a6草动_37.png,image,.png,126517,402f48ed8c13a4324c5e9e0851a754a2f920f7366e18763db063f5216c46bf41,aee90699c643d5845b74adee5d0812fc
Assets/Art/Image/Scene/B1/a6/c/a6草动_38.png,image,.png,126046,0c70d6dc3fe52f037c5d85090746258d8e2e9be8d19e28174e71c289a2224759,c4a06760b9315074cb184c9c9246b34d
Assets/Art/Image/Scene/B1/a6/c/a6草动_39.png,image,.png,125795,b9b2b74ae5b522285074b5e6412a1823160c409cd21345a5c75f654a5666fcfd,a96dec275522f824e9499a9b4a502487
Assets/Art/Image/Scene/B1/a6/c/a6草动_40.png,image,.png,125471,d26f11a6ad9e89c8df60122f3e060432d3107db43f2847808f03a2215f501590,e7accf6143cdc2240ac6ed69081fc3ec
Assets/Art/Image/Scene/B1/a6/c/a6草动_41.png,image,.png,124955,d5db7d1927f43babe8ea4d02d9eefc12097962e52690d59f206de8fffd3eb68e,aa807f1a91f6efb46be7837869bc6f63
Assets/Art/Image/Scene/B1/a6/c/a6草动_42.png,image,.png,124790,425be5fb26c31cef3bead7391e761ae49d75f72f07aa7253c0bc755d200a6c0f,d4a2386749ddd254f94b542c5c95d288
Assets/Art/Image/Scene/B1/a6/c/a6草动_43.png,image,.png,124851,672ff44d80e20a157f5694cfbcb2cafa476f6bdcddcd5611927d1fbd3b2d5904,716e21f9728cb224ea20caf82dc1eaee
Assets/Art/Image/Scene/B1/a6/c/a6草动_44.png,image,.png,124535,42933cf6761c23c00a17722d714f287be160fe1acad26227865eeb5a8f0ede23,628f3ed0e74868d48baffe4fd357db84
Assets/Art/Image/Scene/B1/a6/c/a6草动_45.png,image,.png,124526,198f15589e0888ed848ad90751e24f2cdab4eba175479d5c92fbe55fa0a5f166,20588b97cad224d4ca49afdcf6f7e9ea
Assets/Art/Image/Scene/B1/a6/c/a6草动_46.png,image,.png,124193,87404eedaf81203aa6422d53b8812c80d3de2099895b85d2ddb5fa8635b6bc2b,131aa0633c1bb5b43949ac9cd3162bf9
Assets/Art/Image/Scene/B1/a6/c/a6草动_47.png,image,.png,124196,911fc1d80e5e79032e890e8b8568098fcb5e0e48570873cce9d777480ab87245,7f7d92b8b61a01744982acc7e9a97f47
Assets/Art/Image/Scene/B1/a6/c/a6草动_48.png,image,.png,123965,71883168b24d78f502f8298a2cf646b35cf4aaf2b0379d8d5c92a9bcf97789b1,fa29498e1a764c3409450630163073a7
Assets/Art/Image/Scene/B1/a6/c/a6草动_49.png,image,.png,123755,48d849ee29471bd3be066d5ade60c708f43de83bf859a88986e32e95f2135254,f1312d15cd6f37044b0e5080858f8797
Assets/Art/Image/Scene/B1/a6/c/a6草动_50.png,image,.png,123538,cd7263e747ded6bb780c143816b1b813e280dc9b60b30970d0d80e7b6a1e4477,7847d18352d6b8c40a9c686916abc261
Assets/Art/Image/Scene/B1/a6/c/a6草动_51.png,image,.png,123537,b16eb2018a30742b559a90563f1ed9ef1aeab35f06dfb7f55b19b4ae88d3e20b,a11da3149b7854d4289a83df6ccea28d
Assets/Art/Image/Scene/B1/a6/c/a6草动_52.png,image,.png,123447,57d080c45dbd71a59a1a2579c28e21d93367ddc04a6eab17ade745141f124c30,bc21ccac673604e47979a09561cb0a79
Assets/Art/Image/Scene/B1/a6/c/a6草动_53.png,image,.png,123670,468822277f29f899ebd7df2678f7acc2eee3e44f3630a300305ff0b5022066c0,61573a8b30c48d640bb1275eb4f8f782
Assets/Art/Image/Scene/B1/a6/c/a6草动_54.png,image,.png,123825,a6de270d8572ee717a164e5b83aeee1580243eb8e7192fbd622190b83f7748ff,f46cefb770e51d54cb6e34868ad0ecb4
Assets/Art/Image/Scene/B1/a6/c/a6草动_55.png,image,.png,123970,420c3d6e9e190676826f23787e2d8b10bec68f9fc3e3228117f4744f4c702ccf,a2a636215d7666f4a80050f71d77f1ba
Assets/Art/Image/Scene/B1/a6/c/a6草动_56.png,image,.png,124248,fe21c5b1df58c469066b0ad8c02ba6a735aca31adda31cce50d06524737e67e4,c8df4a1480d55b542bf73edd940840d2
Assets/Art/Image/Scene/B1/a6/c/a6草动_57.png,image,.png,124680,7be87625ec8286404555eae1455b7c8ac8521feacf20b994ef5b0c5ffd3140a0,4832a59ef99e2b143bec6316f12ad857
Assets/Art/Image/Scene/B1/a6/c/a6草动_58.png,image,.png,124542,19c4d35eeb676612aa18a7c75c22b0889ca4a02ebaea5de9f60d69d47f3fc2a0,dacedabeb7a1dfa47ba84e1fbcb236e1
Assets/Art/Image/Scene/B1/a6/c/a6草动_59.png,image,.png,124621,b8ea89273e543f02b017479d7160c0fa78437b78a1b57b0276b11f64bc737f98,456ead846a0d39048959e4cde49c538d
Assets/Art/Image/Scene/B1/a6/c/a6草动_60.png,image,.png,124701,4c538a48d7b797185c74d73df89e764d8904007dda777a3d3ef16e782e4d2103,3cee9ce273506b64eb8cf76efba10497
Assets/Art/Image/Scene/B1/a6/c/a6草动_61.png,image,.png,124855,bbade548147b6530a13b23dfc0387e351eeb13cf5d5f17d80e72f75608c6b7d4,9a736b881f22320409e540b4eb4a1ebc
Assets/Art/Image/Scene/B1/a6/c/a6草动_62.png,image,.png,124680,cfa2eeb92d62ae8230cf906c69f58b6cff4f5e6ffd69b44261fe19b7beb8e924,d8096773ee4ffa64b9d13b4d27276a93
Assets/Art/Image/Scene/B1/a6/c/a6草动_63.png,image,.png,124863,a698185e60d34f4aad54ba74f2d5ba4028875d85a6ac328a8891d4b819794c63,4d2ab9e37e453604c974a33c6c656636
Assets/Art/Image/Scene/B1/a6/c/a6草动_64.png,image,.png,124765,cf5cd366088972381b9a82bd2be20ca799a4aff4f914201ad750dd70389a76f8,5e45fcf721cce0b409c7c215a980fc04
Assets/Art/Image/Scene/B1/a6/c/a6草动_65.png,image,.png,124892,a4851db486bdbfe1dd4a4d50d0d0964017e732ef49738d36572a06d2e0b77b6c,1977d4ff9c46ba84e89b788dd651e18f
Assets/Art/Image/Scene/B1/a6/c/a6草动_66.png,image,.png,125151,5f896d6a61524017638d64e3076b4f2f964c7f09daef310d52b992d1069cbd7a,d181219d90a617c46a36731fecc38c78
Assets/Art/Image/Scene/B1/a6/c/a6草动_67.png,image,.png,125243,8f66cbdff4215b66dfb164ba98d00c02f5eec4b7b3daebe55ad482f2f599458b,a5f2b24aba9d3c64a8ec630433c873ee
Assets/Art/Image/Scene/B1/a6/c/a6草动_68.png,image,.png,125481,d924aedc473f9c6a34efe3114ae8ca1869521864bcbfccb648e54216de68fad2,e63ab56019109e24d85a48f1696ef892
Assets/Art/Image/Scene/B1/a6/c/a6草动_69.png,image,.png,126078,d2c51fb05f34df54417350831305f3f6377846da2e247fe458445eb4bf061d62,3267beb53bca8b946806f71daf0831ae
Assets/Art/Image/Scene/B1/a6/c/a6草动_70.png,image,.png,126047,71a41820715d37ccbba10a3ea281f91c3b45b148d8b5f8401ce2432192290697,eab334d958ae4474eb225cbcb3d28ea6
Assets/Art/Image/Scene/B1/a6/c/a6草动_71.png,image,.png,126275,a6c65af429c348085b6b039339dce327b7abc1456059efb1770b71157da7f7af,81812306a48593d4db4e855ca36f20b7
Assets/Art/Image/Scene/B1/a6/c/a6草动_72.png,image,.png,126142,9ffa8ddd49e00048691708445ce947dbaefe08a869334627f3bf67b522146839,2c0615a77d42f8145bacebf4df345fe1
Assets/Art/Image/Scene/B1/a6/c/a6草动_73.png,image,.png,126472,2b93de2b538c64eccf1b6ff0efe9b60752f91258e5a5f56fad9bece35e0155cf,561dbecfadeb0904b9da9664bd8d5b67
Assets/Art/Image/Scene/B1/a6/c/a6草动_74.png,image,.png,126145,a8e649f265cb3a5e55a124e7669bb2d8bdf0c14fdb49a34139dfac465d5e0a6a,24db3b21103d2a14ea1f12a1e629e412
Assets/Art/Image/Scene/B1/a6/dj/a6草待机_000.png,image,.png,126475,cb752aff4f54dc307d065e15408d2692f7712fd8c7650d390f9b903903d123d3,a80ce2482a9fa7e4fa7909f400ceb6ce
Assets/Art/Image/Scene/B1/a6/dj/a6草待机_001.png,image,.png,126424,a720b5ab8fa27e84fe02dc7e27d0a00399fc09ff41e542f7b16b3ad67934e62a,63681b2d8573bab439c1d5ce00e7fa87
Assets/Art/Image/Scene/B1/a6/dj/a6草待机_002.png,image,.png,126272,45c191f672d93048c01f0c609949e46a48a9bb3cec9be9c4f3ee0d9ff5ac5b74,79f66dfabe4093f459cb4ae2b1bd14f6
Assets/Art/Image/Scene/B1/a6/dj/a6草待机_003.png,image,.png,126297,8ddfe48a9580b592ffed537d437528a12b2e9e97231cf405a94513bd27b1155e,2654e491035aadc47be5fefc8dd64854
Assets/Art/Image/Scene/B1/a6/dj/a6草待机_004.png,image,.png,126094,f31dcc4d3201a2e2c449129419233c457750f76afdaf179a5f918d7db8c01049,85b726356fdb88a429f6206d73d74a99
Assets/Art/Image/Scene/B1/a6/dj/a6草待机_005.png,image,.png,125997,204d7e1fa13abde18176101242bb9c3ed4cf9af959d46df3d7ddfb81cad92d82,5b06d7be2be5c8e479261e2e0fbb362a
Assets/Art/Image/Scene/B1/a6/dj/a6草待机_006.png,image,.png,126247,763a38622a765e34872a9c6fbb7f6ba864cf80b6912479a25001b4bbf5d77f77,d7cf14e1e9c19894c92ae3c93bc91fc6
Assets/Art/Image/Scene/B1/a6/dj/a6草待机_007.png,image,.png,126290,6619bc0ea7078dca9a36a3d84d4284ef8af7385f239e8b10cf2bed2cc105896d,9dad6f323b2430f4aaaa9ba352354b09
Assets/Art/Image/Scene/B1/a6/dj/a6草待机_008.png,image,.png,126030,fe287801e3c519577cc41a701e3aab3c70ad986ba6566903d3c0c3783283ba8b,09f7ec3edc49e6341b49ca09678b7d5a
Assets/Art/Image/Scene/B1/a6/dj/a6草待机_009.png,image,.png,126220,3d745c7c537334f3f348e7c576b830c5a54ca669a840ebe488ff967243671e8f,261b8e118d357a44da13e10b9bff2729
Assets/Art/Image/Scene/B1/a6/dj/a6草待机_010.png,image,.png,126190,e8ea07be7f2bb59f9486812ca3c7e3caf02dc73a69adb9918275b55b181c40f0,65aac865b8fe8424e9dd093b0695815f
Assets/Art/Image/Scene/B1/a6/dj/a6草待机_011.png,image,.png,126164,ce40c0c25e61f722678ae0aae7458a1a3b5968e4ea0ccc648d24286a60576078,52e2fd6ddaa5e064aaa37c3c432d5da4
Assets/Art/Image/Scene/B1/a6/dj/a6草待机_012.png,image,.png,126031,ac77291964852ddb1dd48be591c03d642b0d4757f435cdabac8799481fc61090,e0511183ed3be8344860ed4ba1a8d98e
Assets/Art/Image/Scene/B1/a6/dj/a6草待机_013.png,image,.png,126075,e82c12cb518353eb17f09c7e0ace1e2f1f4afbde6225faba896d8491e4a9fa4d,4a12595f685677a4c9b49d1ce5656f1a
Assets/Art/Image/Scene/B1/a6/dj/a6草待机_014.png,image,.png,125985,2091a5e86bb128f8e3696a13edd3b831aca8506ab5b742ad26f3222fec6a943e,1587efb490c0da848a7af27ef8c7e2d0
Assets/Art/Image/Scene/B1/a6/dj/a6草待机_015.png,image,.png,125998,808bfdff14fbc03a070ec11fe8a60b92aaa21993e2c00cbcd2123aab9a4aa3bc,18be3cfb48664b049867b5937b3417e8
Assets/Art/Image/Scene/B1/a6/dj/a6草待机_016.png,image,.png,125914,76b26ae57a6d3c28f19cd447f08944d8eeac893249783943cb49f90bae239dc7,efa48f3f1c5ea6b45884dcd5fedcdfb9
Assets/Art/Image/Scene/B1/a6/dj/a6草待机_017.png,image,.png,125925,4156858156c68a8a9528a92f640cb21916ab4d7fa6168a2d8a1f18c5f64f62e4,e7faa2d58ba4c604eac2acc40a5fab7d
Assets/Art/Image/Scene/B1/a6/dj/a6草待机_018.png,image,.png,125837,f41d97b669c016db592849f49b797a100cceb1a2ded810efef4978662f0ed7b2,0242c0aa42e27964eb8f3ea9bf4475a9
Assets/Art/Image/Scene/B1/a6/dj/a6草待机_019.png,image,.png,125724,418bc6b3b126ac072fff8f41b19e7cf104af03eac07be33832f656b785c495ed,4690feec4f35076418b9bfc7e361c45b
Assets/Art/Image/Scene/B1/a6/dj/a6草待机_020.png,image,.png,125850,b53bc6f46038c8a43e1f2cfaddf9004ab7469157db86d1d7c2838cc7163f6929,3adba80be49421844a017b9c62777c92
Assets/Art/Image/Scene/B1/a6/dj/a6草待机_021.png,image,.png,125788,35ef2bd7022727592557af0e8a3d41c3aaba3c95951d2fb0b169cd73ea324d8a,384a03f3ff36a744387a1a84729f98f9
Assets/Art/Image/Scene/B1/a6/dj/a6草待机_022.png,image,.png,125549,6d8aaf62c257cca372899ebf64fe353a80d04919ccadb6e2653d10459198acd0,6f3319d56e623764c9bd66a1a2b521a0
Assets/Art/Image/Scene/B1/a6/dj/a6草待机_023.png,image,.png,125586,6243cfb273bfddbf8be59c94fd89779c8db71b157c15d9ff225890761b767b63,c80b370828ddb03409886da7f063783f
Assets/Art/Image/Scene/B1/a6/dj/a6草待机_024.png,image,.png,125438,c92bbc909bfbf0d6a9a79633ca0d6926e1550ddd06fe95cdfb738089314af498,b7341f820ec400d4f9877f293a0aaef5
Assets/Art/Image/Scene/B1/a6/dj/a6草待机_025.png,image,.png,125428,043b78285f867684e203f71541b36e58cc6b065f0596dfd4496eb9ce98ac3479,d70c0e3856dfbe845974e849778e4b91
Assets/Art/Image/Scene/B1/a6/dj/a6草待机_026.png,image,.png,125280,ef2c2aee7483dd35db57305ee86e5d592f0800c9b45d556470e1c9dbe975b12d,8209ce87166d6a94784dca49e26d6229
Assets/Art/Image/Scene/B1/a6/dj/a6草待机_027.png,image,.png,125471,ce3991ada53ff935f301b09dc923c752890202293a0e59e2b5e69d2f036467eb,91ff24315a440cb4289a2d0da07e7f6d
Assets/Art/Image/Scene/B1/a6/dj/a6草待机_028.png,image,.png,125429,0ee65507984b3e502eddd6b9b8b5b283afec835d391b428e12ea837a1a174c2d,e1843f798637a1544807ceea496cdf3f
Assets/Art/Image/Scene/B1/a6/dj/a6草待机_029.png,image,.png,125002,efc099e8eb05b2fb9b9bc4fbd4e28d596469d25ae91df7aa38551bec7816b71f,0171a9be5f0865a46859d98b45c67441
Assets/Art/Image/Scene/B1/a6/dj/a6草待机_030.png,image,.png,125039,44aa2914223187f8e46129249fc25bd18450c2c0d9b178c674da4ace9247cae2,9ea4f7d5626b23946ad296b6cc6451ab
Assets/Art/Image/Scene/B1/a6/dj/a6草待机_031.png,image,.png,125055,062959dd924b32262fe66c14f2839d8d9f68917291dfbe9d248613b2b19d6a1d,1b20936b00037ce4e8fa8edd652c4059
Assets/Art/Image/Scene/B1/a6/dj/a6草待机_032.png,image,.png,125104,e0f1cad829a4d70a24f30aa1807b03ce2c2f190ad8c0beb7979eea4369f1c249,182d78bceebd0b34bb6dd158d7f33511
Assets/Art/Image/Scene/B1/a6/dj/a6草待机_033.png,image,.png,124982,10af5b142fbdab27017ed180e590c0726685df274a0f794d218201950120208d,6870d3da6dc1e164985da12024617345
Assets/Art/Image/Scene/B1/a6/dj/a6草待机_034.png,image,.png,124818,3f0c3c3b7f69950a23f8194912da2c0fd4ad7a3a145ef96fb4c01dbcdf4402b4,6efb2bbac2584f94d815387a2ec0e04b
Assets/Art/Image/Scene/B1/a6/dj/a6草待机_035.png,image,.png,124848,0b74c11a4fa13a6fdfb2cf07651364e7c552a31c3339d0807f2eeafdc3730e68,3e82c2b45f692cc44a534c85cafcaa2c
Assets/Art/Image/Scene/B1/a6/dj/a6草待机_036.png,image,.png,124670,b338f7081233e22030ae96e2ca455d669ecb4696c076c2926a74551f546ea02d,cec49cb809c705445b0ea493458dcd0a
Assets/Art/Image/Scene/B1/a6/dj/a6草待机_037.png,image,.png,124407,d3f842d1d97d15d2b17cbed66898c52f3142c9caec26aa4d1b189f06ae65e8cf,f1e98f570851f324ba953ee753fc3917
Assets/Art/Image/Scene/B1/a6/dj/a6草待机_038.png,image,.png,124621,367636120ec8dd14fbd289adba66c8068e8123e116da28fed54927ee8ad9a40a,b0f72f47bdadfc74d9d56c5f40e11f5b
Assets/Art/Image/Scene/B1/a6/dj/a6草待机_039.png,image,.png,124683,9a90f9db37bd711961344876bfe4ce0d509369281db2ad8916f5f3e0a2d637e2,bf48b1f570f35b445aa626db09ea4c2c
Assets/Art/Image/Scene/B1/a6/dj/a6草待机_040.png,image,.png,124522,c928684b8d9f2f1873c9f680acf99b54a2f178518df54cb713f32ff74f6232af,a7e8bed05666a52499d8d35faf2a7d60
Assets/Art/Image/Scene/B1/a6/dj/a6草待机_041.png,image,.png,124550,26964b01866036b2f34b5a07c3aa5123803238a80ef60a9abd1a0f455e10c051,2332e652b2dd8334986e86917ce6dee9
Assets/Art/Image/Scene/B1/a6/dj/a6草待机_042.png,image,.png,124479,c76dd646d8d15c3ad250b3931ab9a4c7c3f654627a3f30e296a7c00ad4c2d380,64ee6307241fce44c9f1f75f456d4fa8
Assets/Art/Image/Scene/B1/a6/dj/a6草待机_043.png,image,.png,124412,4e2a8da37790ff523b0cda16daa2555ce1f699e4aa200aa18657ad7fddad0f7d,bdf3c10c22325a443bdb909fc07b22a6
Assets/Art/Image/Scene/B1/a6/dj/a6草待机_044.png,image,.png,124580,33dbbba740eac42510737ba1af91f8e46875c6ba0219da43374979721fc481ce,0d8d185bd7013a2419defd5c17967cfb
Assets/Art/Image/Scene/B1/a6/dj/a6草待机_045.png,image,.png,124302,8ebbd6d475639b8439e5695eb27c01ecaaa6052d695991ff31f74c564fe7d706,a50ede23589283346a13e5a49b1a414a
Assets/Art/Image/Scene/B1/a6/dj/a6草待机_046.png,image,.png,124336,50bf9a40050042c51fce417795114166c939d47597b27233b73ac1823bc7e4f0,c35b62872b4ec8b4aaa50bdcb7f37464
Assets/Art/Image/Scene/B1/a6/dj/a6草待机_047.png,image,.png,124564,5a0b7939b36138772843b773c35c562bb8eefbfddd2d94f2a1489f1b169e01ba,b3132a7386d3fe949be24c60ea251e01
Assets/Art/Image/Scene/B1/a6/dj/a6草待机_048.png,image,.png,124626,43d73aa509adc9f56172fa25fd0c1c509450c1b940e5175ac21c7e8269245831,eded00c602171cb49b6c45e589afd9ef
Assets/Art/Image/Scene/B1/a6/dj/a6草待机_049.png,image,.png,124409,3578a6febf8ed9fa0998878caa4cb927d00bfa4485835a3745d592f086cf2a5b,410acfbe407b56744b973a36759ffcf0
Assets/Art/Image/Scene/B1/a6/dj/a6草待机_050.png,image,.png,124092,eade3947dfd1568bc6bd4df7f66090ecdf66770c4f136486bcfb9c6927de2ac1,625fba4611e31c243a7bd835776fd27b
Assets/Art/Image/Scene/B1/a6/dj/a6草待机_051.png,image,.png,124395,a27bc536bfce81a64cf0ecf4cf730d20944763579c50a29cfc5f01730f9b439c,7efb9f18913c77c42ab8d97439964bde
Assets/Art/Image/Scene/B1/a6/dj/a6草待机_052.png,image,.png,124354,9a89bde3cecbcdd8581d04301abb2157ce9497c7f44a6a06239fa704d7e24de7,ec77c6c338326a94cad3e19490168134
Assets/Art/Image/Scene/B1/a6/dj/a6草待机_053.png,image,.png,124352,fb5d06657dbd65d7760562f1f01bebf005cd36e74b7e1a3ead941900225e8bdc,98d13e5b1bf08be42a8a9b065b1c7ad7
Assets/Art/Image/Scene/B1/a6/dj/a6草待机_054.png,image,.png,124104,e61628e6bbf61f1a49c220363ee62580214cf6e7ee133d885ed353b02ace4dd2,3fe9a0c94cd83a74d9e21f8ed980ec91
Assets/Art/Image/Scene/B1/a6/dj/a6草待机_055.png,image,.png,124320,1ed3e496c1bd07761789283da1c8e6b2e2e136470991908467d92642c118f8bf,8620284432a51374ba5ba239ce220b6b
Assets/Art/Image/Scene/B1/a6/dj/a6草待机_056.png,image,.png,124377,60575592fed23f22170271d9316a0e6e975d0b1ab6deffd59b59df61559876e6,8f5cd807102c7cc4197dbc7c1defa0ac
Assets/Art/Image/Scene/B1/a6/dj/a6草待机_057.png,image,.png,124145,8f6f01ef9c8dd657e4d5ec4b8b137d3fdf8691b1840e6597688433092c1379d7,f3581417cd0cf8a43b5caaa747ab4728
Assets/Art/Image/Scene/B1/a6/dj/a6草待机_058.png,image,.png,124291,a2caa3622dc2157663264f22b3dcb35b2bedd1f8ee0163ff34660312b5d585e6,fab6a830b66ecfe45903b11f97ce3b0f
Assets/Art/Image/Scene/B1/a6/dj/a6草待机_059.png,image,.png,124326,186a4e0c92e689d4562e11187c15e72b9dd2fcc9b3899fc16eee180e9ba379d5,b5fb83bf0d655d94c9fbb09dbeef2e7d
Assets/Art/Image/Scene/B1/a6/dj/a6草待机_060.png,image,.png,124175,d5d1c2266327e7ef63453f9320ec1bdbb5d6a0099d4741cabb985f9357828a97,69a5a229056bbee4d8d747d346994f17
Assets/Art/Image/Scene/B1/a6/dj/a6草待机_061.png,image,.png,124174,07f85d19028a1e561ceeb3a321fa3ff642f7f1d20c8471119f3bb4b543570e04,67cc014216a62e34ea3a23719da873dd
Assets/Art/Image/Scene/B1/a6/dj/a6草待机_062.png,image,.png,123947,dd3521e1c4de2685c2feba3986516591eb7938466d4c13671a9cd3db3186ca8b,3673ade32059f8b499f110a1e3409bf0
Assets/Art/Image/Scene/B1/a6/dj/a6草待机_063.png,image,.png,123937,b78a0609ba3f73dd20243db022bca720e54dce5ca21d6272cebf6336db80a6d8,f5d3ee95b8da69b4094412d15324d7ef
Assets/Art/Image/Scene/B1/a6/dj/a6草待机_064.png,image,.png,124356,3fc1d1bb5956be99eff828a62a1761a0378b100fdca48d3d79ad080a4c72dc0b,47b318940157e2a4194f5b9ef09e9b6e
Assets/Art/Image/Scene/B1/a6/dj/a6草待机_065.png,image,.png,124363,17f1a279fbf815b03877a18acaddec7983412a0dbb9c68192d03b2f0793811bc,4c9248d69947b3d4bbc661e81e86eb85
Assets/Art/Image/Scene/B1/a6/dj/a6草待机_066.png,image,.png,124276,d137469bd76fb63866e6363192f5edd68a11f02f0a7c4dd517c336dd664ba743,f5ef71f9845e24f48b73133c79c402ad
Assets/Art/Image/Scene/B1/a6/dj/a6草待机_067.png,image,.png,124143,35bbab34eb597870ae4a904e7fb56670e416b08fce7de2e18b561611d1825db4,8235d26b7ddb5ea4cb9412dd87d2bf63
Assets/Art/Image/Scene/B1/a6/dj/a6草待机_068.png,image,.png,123953,546d60fa0cddeaec1f5e520420b7bf8a5348016c4896c8abdc148d1fd0b22146,0b53245ee077f9547a65e3bc0f69fee7
Assets/Art/Image/Scene/B1/a6/dj/a6草待机_069.png,image,.png,124167,25ca20652767a618c4e408011ade9af30df21955dc03d544322f8ea711720e53,82920b171a95792498178b906343756d
Assets/Art/Image/Scene/B1/a6/dj/a6草待机_070.png,image,.png,124222,dba6aa911e6869e864d447cbfc16c8a88b61d5c0b11e227b7398e2b4b7189ef2,ff099ca73c1e0b345869f27d00f89682
Assets/Art/Image/Scene/B1/a6/dj/a6草待机_071.png,image,.png,124093,1efb0d0089cfc6f812a46e6f89d0dc8cc4d258f5d943f4bf1a483c608d590185,cc98f0d11ec208746b1488ea703f96c4
Assets/Art/Image/Scene/B1/a6/dj/a6草待机_072.png,image,.png,124076,6e82ac5e005d4de4dfba0ac4ef5537b434502a28f21323c8c4323151ffa6aaee,989efe97d480a7d409d2fa9ee8df8ea9
Assets/Art/Image/Scene/B1/a6/dj/a6草待机_073.png,image,.png,124240,962834fef65639b785f73161cb7513cde6b5a4749211f2b12353d76e76771c8b,023eeb2739ad7f442a37abde0361f507
Assets/Art/Image/Scene/B1/a6/dj/a6草待机_074.png,image,.png,124164,5a79f1f44a9236dd412d777e84a3b034c2b3c3be1c6afadf02a440894af8b24b,43a62c890b27b6c44955d379f35618a3
Assets/Art/Image/Scene/B1/a6/dj/a6草待机_075.png,image,.png,124402,2e9e4f194b409e5c3eb3bc209e6169850d381196abeaf335b85a7fba058ab962,1a1b45a7f2953274ba06ec6eea1e5635
Assets/Art/Image/Scene/B1/a6/dj/a6草待机_076.png,image,.png,124411,fec04a8fe54a0bd82b1cf693c9617777d4cac0bfab550c8cb94e788a80a8e09e,b052d03fce7fb2a4a8f7885df75e5e7f
Assets/Art/Image/Scene/B1/a6/dj/a6草待机_077.png,image,.png,124339,93be7fb4c6bf4f4eef2c176d351a7f03ff842678e97dd12dcdb51358c9fc39bc,1d23c485af9ff1543a0c6c3c61faeeb7
Assets/Art/Image/Scene/B1/a6/dj/a6草待机_078.png,image,.png,124226,ee0cef47d28d07f79a908a84bed172bb59163735dcc1d6e6aa5c432c4b35ec59,eb26c9419f042ee44be1786e8f7ea092
Assets/Art/Image/Scene/B1/a6/dj/a6草待机_079.png,image,.png,124409,8431d52081023d50c84c134e65e14dd07d3d83476256c00374167e6de384ca05,b40a7e83012492a438a64e9b30fdb70a
Assets/Art/Image/Scene/B1/a6/dj/a6草待机_080.png,image,.png,124320,1d40b72ccae170c2871a73c516510d2305a238a4f33db15e2b1dc42dc7126e4b,5ca55da4e64005b4b95fb6dd6ee5bb11
Assets/Art/Image/Scene/B1/a6/dj/a6草待机_081.png,image,.png,124446,38e0e4e54da5ca3ee8c4c09c77385055c12267d4ca7471787119710325f6f11a,5d9c1be41a8baac4c9b07504c8188b9c
Assets/Art/Image/Scene/B1/a6/dj/a6草待机_082.png,image,.png,124436,313c3146592d1566029e73e1d14f08e558e7f99b8e229c7d542dc37f5a91c92a,baff73091636930419ff09e0915591be
Assets/Art/Image/Scene/B1/a6/dj/a6草待机_083.png,image,.png,124308,a99f7c9b4f6acc0cc275a34fe66f314b59abf1258a1a57a75f8eec6199ee8ad0,ff9d9bc7d0658384190c4c7ab6b6b1a6
Assets/Art/Image/Scene/B1/a6/dj/a6草待机_084.png,image,.png,124431,3e2c29b08f7a51b2c545f98f672e1b3caba6a89debd161cde5edd6c40acf411b,f5c128d478d26d24daa62415879fba59
Assets/Art/Image/Scene/B1/a6/dj/a6草待机_085.png,image,.png,124586,e439e264ab5676ce6b3d82bcd5aa4d36ad58fe7dd506f70401a1669099bf95f9,0dc99a40220ec6d428010ae6882633b2
Assets/Art/Image/Scene/B1/a6/dj/a6草待机_086.png,image,.png,124442,513ebfe937bb46a16c683143fe499bb98aec3cfbcced354fc56f725399f21e27,7387e4fb2e265ac4f8ac7db585155f76
Assets/Art/Image/Scene/B1/a6/dj/a6草待机_087.png,image,.png,124448,a0a021c77c55041b212c8eb9415f8bdbf7843aa1354a328e4c22b7c5ba687c54,fe2ca282cc150744aa6a1fbab9934ea6
Assets/Art/Image/Scene/B1/a6/dj/a6草待机_088.png,image,.png,124594,1f5fb8c45e398c241fd0a06bd5b60eb4b63a6ad06dc4b2304f2cb68499e52a25,f473c4a10741b0d49b3defc5c3730f3a
Assets/Art/Image/Scene/B1/a6/dj/a6草待机_089.png,image,.png,124716,431983768531b7777b0c82ce00fd134d2696981cea58b5af262408dcca12c4be,e71462eb7763f1e4aa290264fddc235e
Assets/Art/Image/Scene/B1/a6/dj/a6草待机_090.png,image,.png,124686,cbbcc872fedd81209dad4597b4a4afe5c063ba8e233daa0ffe0c86043987d9d6,7b203aa7b521ad0428df1c89083637a0
Assets/Art/Image/Scene/B1/a6/dj/a6草待机_091.png,image,.png,124681,98cdfb9beee165f368a7aaba5392058b663922a230757e0c3a17a2bcebf7e3ac,17509e2097253b544a41c23b25f4ba70
Assets/Art/Image/Scene/B1/a6/dj/a6草待机_092.png,image,.png,124780,bf65dc8c6e8c8a5e90d9f4cb215243ad5f1c137d20f5fe5906bc91a371d0b2f3,e9d1299b1f2178f4eb804ddd6c881725
Assets/Art/Image/Scene/B1/a6/dj/a6草待机_093.png,image,.png,124943,9dc5dcbcddf560ec5a0f2991791a5d9e23965993534f11c2b644092a41cb53b4,85a5723d16b41894eb59e9e40b34f0f9
Assets/Art/Image/Scene/B1/a6/dj/a6草待机_094.png,image,.png,125197,f4a2ed7b106b68fb597ca4d281e3377a1f688683d79a10bdf57d170f233bb89b,6346c041eeae0e74eb2a5fef159a90ef
Assets/Art/Image/Scene/B1/a6/dj/a6草待机_095.png,image,.png,124832,7361f5dc2ceb930d40f431509abc8fcc7b6742f0a6907fad7e5edea316efd9ba,3e29db998d932a142bedd02a3490bb04
Assets/Art/Image/Scene/B1/a6/dj/a6草待机_096.png,image,.png,124859,5d7b1f06b23b50f00b1727231819376fdb7d257bd9533acb7cd58a4f1019b87b,f256df3fe124d8d4a8a8d554180f5775
Assets/Art/Image/Scene/B1/a6/dj/a6草待机_097.png,image,.png,124911,693a1a1d6a65603e07fdb5c4a098ca59ff203d98b7110dba016ce3232287f97f,408809d0d1e0a3b41b03bb32d74cc7be
Assets/Art/Image/Scene/B1/a6/dj/a6草待机_098.png,image,.png,124950,c88c4ee0a2e2c6d8d98fb7754aadae4773e6c9e4e01eb31e3f8ce3f023beb93e,54e93208190232a4f9e6bfc4ecf8b37b
Assets/Art/Image/Scene/B1/a6/dj/a6草待机_099.png,image,.png,125242,84358e054f2d9e337b29a1beedc4d9f324005598549f34599ef25edd2786cfc8,748c14d9dd0a6fc4b8582af4141fb97a
Assets/Art/Image/Scene/B1/a6/dj/a6草待机_100.png,image,.png,124964,1767cebc189f3e2555d0d434feb686e56a06daaf12fc934f9159c930cb4b6c2d,f570442acc7d5934188bb646959580a8
Assets/Art/Image/Scene/B1/a6/dj/a6草待机_101.png,image,.png,125246,0e7314574484ee635fa3dc67ef23f0bd7ae7697827235d4b4846397a86b90011,5db348026d3e60e4ba71e9b765f08bc7
Assets/Art/Image/Scene/B1/a6/dj/a6草待机_102.png,image,.png,125310,dc91c2e30ad487f88002de7f49043d3a227fb610dcd30ae3bf5fab6fdf46ec4c,319ae31fbf9db0c46bc7f4e1662e1dd3
Assets/Art/Image/Scene/B1/a6/dj/a6草待机_103.png,image,.png,125633,dff636850cd7e631f727fccbaa2906c1c194608cb1a465c09883faaa5bfc7b90,e8fad44d9c8ae0f4f98923f5443463e9
Assets/Art/Image/Scene/B1/a6/dj/a6草待机_104.png,image,.png,125367,01fca71b570eb11ce87a259dd7ddb1445b982960dcdf5d54ad9dbd6fa5ae8514,b53653d3062381b48a571aa18c76939b
Assets/Art/Image/Scene/B1/a6/dj/a6草待机_105.png,image,.png,125489,9268d3f8354244ea8c0a5e51e8923ad03b1d4274e26250f7cade5f8c6b1a113a,1eedf594c4b10b24593d164b6f1cb532
Assets/Art/Image/Scene/B1/a6/dj/a6草待机_106.png,image,.png,125449,23f457ac0838cf874e5920b598b636b728aacab652b41129eeae0f0c66d79a79,d5922609e23b81c4582ab90a34b0f02b
Assets/Art/Image/Scene/B1/a6/dj/a6草待机_107.png,image,.png,125500,c5f5eb8114f79a6afb74c46f617998a51ec8e597b28658cf44dd05e73931d9c3,284a03de5bd18a64bbc72cd57e701e71
Assets/Art/Image/Scene/B1/a6/dj/a6草待机_108.png,image,.png,125552,41e1f096381b0c953a41fd4fc6dda827c76221fad9ef237c5230040f0c616e96,45e1fd9d554b82d4bb6424a1e23e1932
Assets/Art/Image/Scene/B1/a6/dj/a6草待机_109.png,image,.png,125471,933a075a18b75a7f53db2b9171ce5e057eb09094c079cf3fba26756f9a16ab76,5ce6749b5302d9042af4b31a9a0e6c2b
Assets/Art/Image/Scene/B1/a6/dj/a6草待机_110.png,image,.png,125500,aba530bbb94f58dc66deb03979c464ce0159e32e1af1755dcceffb03a6053df3,6847422bd77ce274ba7c4580af9b30b1
Assets/Art/Image/Scene/B1/a6/dj/a6草待机_111.png,image,.png,125514,90eb590c68430815cf673aaa961028ef675a067e57dd41cebd4b43bfd814c5b2,c7c752e4ef7441041ba628cb45bb75b5
Assets/Art/Image/Scene/B1/a6/dj/a6草待机_112.png,image,.png,125867,eb2dec7c311d20eb486f2e2cde3f05f62dafcca3759deb325e6e5bbbc1db32bc,879fb2cfffae0c0449eddc6e04ecc0c8
Assets/Art/Image/Scene/B1/a6/dj/a6草待机_113.png,image,.png,125887,b3e906bd14c11386fbee967cab598491b66f02e413b264f886987d0a0b2c7070,04918e2871858f942b1753dde73c5be2
Assets/Art/Image/Scene/B1/a6/dj/a6草待机_114.png,image,.png,126012,18292f0d71e4d5daebc0acc7fb171203c698a1e3a9e39c841519e893a5346d82,6a87b0a44f570894296c3b48bb3c8603
Assets/Art/Image/Scene/B1/a6/dj/a6草待机_115.png,image,.png,125876,a4382980ddd7b12550910c41867e6a7668d4b6a1de2dba24d1c59fb27b8c964f,dce191497fe5eb04fb3778dff8e9cca5
Assets/Art/Image/Scene/B1/a6/dj/a6草待机_116.png,image,.png,125837,31ce8081745da4bb8deb03023584d91cd8000f4ce0cb45d6faba07449d267e1b,2d4bd9bb077a8d14dbec814ea8307f4c
Assets/Art/Image/Scene/B1/a6/dj/a6草待机_117.png,image,.png,126100,682505a0c3d22bb141f2bdf1f846d8b0970447861865653393540eaa4f73c811,0c2c718c517a44848a2bdcb8b4799ec1
Assets/Art/Image/Scene/B1/a6/dj/a6草待机_118.png,image,.png,125966,c8a53b39a333fee5775ea67fb740d7de53cb37b58301c5526a8f0a5206c7917d,f5cc031aa7eb57746bd226cd2705a218
Assets/Art/Image/Scene/B1/a6/dj/a6草待机_119.png,image,.png,126051,e05f2924f608ebe56bd074a59c25c50954b70e7f04a9838fd0e2cecf913c66fc,20a8b5d6c9b5c2d44b40c07689d4e92c
Assets/Art/Image/Scene/B1/a6/dj/a6草待机_120.png,image,.png,126135,4d8c0ae0530a2cad18c4eeefc87c566345e5188e9f74d6a5ed9d965901e8f738,cf5a52c829edaaf4b84bf42745ebc679
Assets/Art/Image/Scene/B1/a6/dj/a6草待机_121.png,image,.png,126128,a6e0bf675491da27ce41be41ca61f67b7be5f3f24454b085c85b5d970a8b0ada,e89d890d4f1f40d4090002e243b2149e
Assets/Art/Image/Scene/B1/a6/dj/a6草待机_122.png,image,.png,126329,b1c496e1813f7af06b8c498ab52bb907122a32ee90523d5ab0a6b06038235be9,4de4b62cb69bcd34f8cbc3d4f7139459
Assets/Art/Image/Scene/B1/a6/dj/a6草待机_123.png,image,.png,126319,1dda63d3436a858f1969417e8d58b7586559000f176f3f2d7f7dd22978648282,1307f7b5c44e2194f97d4e3cf65acc7c
Assets/Art/Image/Scene/B1/a6/dj/a6草待机_124.png,image,.png,125971,591e6709ead4f7211dcd7dce422e9de50f698d58b699665bc89013bb27852654,801ec14076dece3429ed7e1f72800f97
Assets/Art/Image/Scene/B1/a6/dj/a6草待机_125.png,image,.png,126163,47de9334889efdaefe162471e0fd8a3ebcd5636af657ed12b83f99e7b686d9fc,e29a48da15d4ee94eb3d85f738b32eff
Assets/Art/Image/Scene/B1/a6/dj/a6草待机_126.png,image,.png,126182,1bc51d6b1350d0e5251c8ebece7e1a88885c690d27eeedf9f8e05a40ac5db19f,362db094f714fe94aaec36d4a211f511
Assets/Art/Image/Scene/B1/a6/dj/a6草待机_127.png,image,.png,126270,81a2c09f6efc46e056b4339da1dd1837b8daed65bae49b77d66810a1294d2e07,fefd68802d1af2f4483965b0bdd4658e
Assets/Art/Image/Scene/B1/a6/dj/a6草待机_128.png,image,.png,125887,7a3ebd858e21788989fe88e37a9583fc5540d7e7e2f23340b221bdc6fe83db31,06d6f9d437cf6b547ae4d0bda23f2724
Assets/Art/Image/Scene/B1/a6/dj/a6草待机_129.png,image,.png,126252,6977d4e08aeb5805e53206f7ebedc33ae7abdc83936b5b10a0ea81893f3ce243,18662073983fc3146b6265df9e0c56d8
Assets/Art/Image/Scene/B1/a6/dj/a6草待机_130.png,image,.png,126235,603eb587cb3fa4cfe2c99bc7cbfa4f8e2cdf3c7671454129fb61386643b524a1,5401348bef5985241bb3be94f2cff08c
Assets/Art/Image/Scene/B1/a6/dj/a6草待机_131.png,image,.png,126282,83d3f32ddc26668cceb4eba8e4db596e141150ea8393a3676c3708cdd9bd4beb,a205750dcf104a2468a0804182c85df8
Assets/Art/Image/Scene/B1/a6/dj/a6草待机_132.png,image,.png,126280,156dfacb0ea5fdd5e0fd98f289311ea8409beb9a7de5e12ced3b1f4c98ef186a,4ce20a6254c0b584c941e76ee3e4cd38
Assets/Art/Image/Scene/B1/a6/dj/a6草待机_133.png,image,.png,126281,15c96553487f8685e8ba23c60f2e0e5241399bc13654d497a422437f425cbd9f,a46cf5493172e1f439d5537220ff1480
Assets/Art/Image/Scene/B1/a6/dj/a6草待机_134.png,image,.png,126281,72bdfed9e49c4c17ddb8e4625a14fa6b50c5bed39cce7fef97b9186096e72e20,0b8b71abea48e2740b6e499ab56867ed
Assets/Art/Image/Scene/B1/jianci/b1.png,image,.png,1410,74838c2f6bd7bcbbbb113ae04b2a4b36ac4edb61153b393b87c64c32f2fe85e9,3dd57496afa74cb4db62b90b68862796
Assets/Art/Image/Scene/B1/jianci/b2.png,image,.png,3368,c83cb59564b084d43b16016fb90136d627268cd1131243e5e54e85e9b476bc48,17e763ca89682714fbcf191a24953c76
Assets/Art/Image/Scene/B1/jianci/b3.png,image,.png,4843,3ee055225ac1f70ad24a49b95e38216ec4e6dd6cf751944b6c7740cd709dc13a,9cdeef9d07322954fa79d2fcd46eb08f
Assets/Art/Image/Scene/B1/jianci/b4.png,image,.png,9382,d94c11d0cfcc02bec88c3e162f45f8ddc125df6aac8d18c408fbea6517d14e97,6b4c6bb45ae023a469e80a2813d1a4c4
Assets/Art/Image/Scene/B1/jianci/b5.png,image,.png,4503,11f5cc44689828aed8a3910ec86040e40049803cdab3f875c131aee308f56479,34343a0f65018a94d9406502d39c7c64
Assets/Art/Image/Scene/B1/jianci/b6.png,image,.png,5707,1b8ba834c4b0c6f7759ce35776202e6c9bc804ca81ffa6907acc42675624d79e,b18709d862c96124ebd4c433d9783a80
Assets/Art/Image/Scene/B1/jianci/b7.png,image,.png,2538,ac71dcfde99ba0305d2a48b9148da9b26f36db8e1fbbfe262e73b8da3c482ed9,55ee44de79fb8734693e656e7f95b6c5
Assets/Art/Image/Scene/B1/jianci/b8.png,image,.png,3343,6a535c33aea5de4023a59d655cf943cdf079654cd7bc08b37b1144f669ed3894,a52695139706731479ba3c6e15a3a157
Assets/Art/Image/Scene/B1/jianci/b9.png,image,.png,6166,3598c7c803b8b708837463aad906a12325d4ac30ffbcfc71491a997cb3d43b14,e7993fea574d0ed4f84ed9796d300637
Assets/Art/Image/Scene/B1/jianci/摆放图（注意前后）.png,image,.png,2444236,e254a3fd837186c4f2cbcfd2c559695237652461e2783969aefc4febee4bfacb,d0d33b093130bb548b5b99b54b46e805
Assets/Art/Image/Scene/B1/地板.png,image,.png,7149246,a0ed87f71b89296983fb1af84cc040c426dd38af1be9f6871b06e83221b5ef9d,f210d2baf4684c24f918472edd17dac1
Assets/Art/Image/Scene/B1/摆放图（注意前后）.png,image,.png,2444236,e254a3fd837186c4f2cbcfd2c559695237652461e2783969aefc4febee4bfacb,7e382f747a2df494ea9a3ae1c5252602
Assets/Art/Image/Scene/B1/暗角.png,image,.png,2070214,0733edf13f30f3036594952686a302824245b45b83c812835587a83555e281fc,b0373acf119065148a7106d8dbfbc62a
Assets/Art/Image/Scene/B1/背景第一层.png,image,.png,5094065,b9e88116973cf9c39bfeceb1cb6a38a4f8814db1af9cd34bd26172ef0e90a62d,7ea2d391d9ab9bb4985b6fd8c870b531
Assets/Art/Image/Scene/B1/背景第二层.png,image,.png,2428833,961e6ccb04698be81e25171563aefb9ba2cc32e0463458ec0be6da3e5f4837cd,53575ecd9fb7bdd4785520baa0bb57d4
Assets/Art/Image/Scene/B1/花草.png,image,.png,1543581,2340c36084859b72c5dc1212202348b8dd9d998477aafb4c8706712cccefc261,7a2a1f0197c47c14081e9a8788c0fdc6
Assets/Art/Image/Scene/B1/草丛摆放图.png,image,.png,2410103,6752e1f844edb189c5d5751ef3ebd54050dcd5a9752b1ec07cc0b22cdda45657,ee9cfd29f78ad214fb6bb48a3bad8f18
Assets/Art/Image/Scene/B1/锤子.png,image,.png,11006,3d1d892c403758565c6bb4c9e672a80b28f172a2487b8e5a7e595178ccec8565,df69c3970616da047948b73076dbdecd
Assets/Art/Image/Scene/B1/黑底.png,image,.png,3350612,142444f6b2948aa4ab199ade692bd66c940ce918f9ec6a8a02c5acd99bd5010c,51a4a8ea8047774488b9d0fbcbe17782
Assets/Art/Image/Scene/B2/BOSS房合并示意图.jpg,image,.jpg,7428608,cdc8ea0e037417f4520d50de171ff250c36b07bab471ade36913c430d3299ff3,86e3e4ae6f6d133408f9fb788d0ff41f
Assets/Art/Image/Scene/B2/cao/A1.png,image,.png,3586,1511ba9d24cbd0f908639e2e1ee62e9e76bb415e3daa5b2a2614c95e5ee0fb25,aeee1ebca88c5d645b5f05709b27fcd4
Assets/Art/Image/Scene/B2/cao/A2.png,image,.png,3785,690fa86123da15b57af5c2cd11739b24a30634319aedd79957a76ff1159f18a7,0a568e9129f39ef4195e7eca9e0a0620
Assets/Art/Image/Scene/B2/cao/B1.png,image,.png,27980,8ef36d71f1949b7a992ca0c41ae44af33f3c5b0c3a902339ad5685afd55495b7,41458b5564463fa4d94c9bc85fc2e0b9
Assets/Art/Image/Scene/B2/cao/B2.png,image,.png,28369,b387c2714517780b17623605f20ac90f407432f1b987230def71a6d725d87384,9ab3359eeab565847ba7b97d8bb82ead
Assets/Art/Image/Scene/B2/cao/C1.png,image,.png,66997,1c267bd52cf17474eb7a252a26d4771fb2b73e16f66088718391897693d9c481,54f8a08eee9241d4ab9835643b8d4e26
Assets/Art/Image/Scene/B2/cao/C2.png,image,.png,116230,07358368f2e83a2af76cfcb2665b3d35997b4db7fbdf264ba4ae0663e141eff4,e724cdf4649bc594c8f5c05d3868b584
Assets/Art/Image/Scene/B2/cao/D1.png,image,.png,77845,ed7c849534cc4d3e27d7cb0b915eb0d9c5c703b8554babec4a30ed69600eb37c,d67c4b88d12cb2d41b930282ffa01717
Assets/Art/Image/Scene/B2/cao/D2.png,image,.png,147953,609b51d88796332865d80b68c0fcaf6b224d259190b0dd8c72d3b5144ef1d314,c8a086f59beae1e43a691211a87beff2
Assets/Art/Image/Scene/B2/cao/D3.png,image,.png,118155,a59113fc33f97443e67767057a04e40b9d1057e47e2463ee0b2f9585abeffe30,4baa04d44203b0748987d24298affeea
Assets/Art/Image/Scene/B2/cao/E.png,image,.png,294943,171fc73c34674b3b6b3f74d2229cdaffb7f6dbf6cfec069088e4bf4b4ffc20b7,2d1ecd5d1fd67b74d83a5fdbae82b095
Assets/Art/Image/Scene/B2/cao/F.png,image,.png,345283,818e23ac2871322de12bc1c83c9396300e2fc6d280cda40d71c23850b901cc8a,b7a911e876bba60429540f6e2747390c
Assets/Art/Image/Scene/B2/层级1.png,image,.png,12149851,7aeae33d4a373c38d9f3c6b0b206480acc7d194ff1c843430b4de5dc84ebd276,d03f4581c0442fc4c847b4c318c467ac
Assets/Art/Image/Scene/B2/层级2.png,image,.png,2089008,e4263c26b50300aa252309553ffa42a2d5d7746286575b501bd600b4022b803c,ff8421b88a68df84c9bd42f3b9f9f3f1
Assets/Art/Image/Scene/B2/层级3.png,image,.png,5476943,cbf6fa7cc333e99feb2e5d52240fa48b890b783e6608e4e15a1795852ee9c2c3,4b20660d01a5e3a439f4bfafcf1537c3
Assets/Art/Image/Scene/B2/层级4.png,image,.png,1047433,f86648f716bfeccdcd278f774194856be9221f28df6fd549b7e3c75027531cd4,e84a005adbbdb2d44934c25e765c462c
Assets/Art/Image/Scene/B2/摆放位置（注意前后位置和左右方向）.jpg,image,.jpg,1523521,892e706ac9613303394ec29422bc91a2a6276dc378658120cb703de6dc142e99,3ed2b6a19579e1b46b45b82fce5377b7
Assets/Art/Image/Scene/B2/暗角.png,image,.png,10417132,ee72ce58d17fb846df9672ef15d70ea5f78f735db5043c4d0146299248745ff5,e81698656c450b34a887ca5f8cc15b81
Assets/Art/Image/Scene/B2/标注.jpg,image,.jpg,459082,57b56da5c18027e7f4d5f47cf1d131ad805c5ec7b213a7bbfcf4dba3d9cd1365,79b743e4354a6944d8b8294e7ab19a56
Assets/Art/Image/Scene/B2/玩家、BOSS移动范围.jpg,image,.jpg,1874013,597b6f82c8e5f120252fdda0a612ba10aeb93b2f3e7e988f3b703deb73fb3f9a,fa3c78b58021205459ebf59a521bfa70
Assets/Art/Image/Scene/B2/第二关.jpg,image,.jpg,2696678,5d1f0ba644018746a3f2c86637974c44a6960701ed1ee1859254dbdeda3134c8,61f109b9184303643b4057b8123f052c
Assets/Art/Image/Scene/B2/第二关BOSS拆分3.png,image,.png,1043606,6f200b2982e8bbc51e829bd1607dce4b1be6e6e753ba76a133b1fc581c9e8066,3aeaca9f61b44424fb69a4ee3f342b4c
Assets/Art/Image/Scene/B2/第二关效果图.jpg,image,.jpg,2814031,5a59df222466d507fafb690b68553d56ff7069cf7ba28d3747862c73a61d176d,2abae86b7e7a05e43b2ab819175236af
Assets/Art/Image/Scene/B2/纸片1.png,image,.png,278389,fa3bbeed17c29d63317ec66a3947430c35e2b2b6dd031e2e9106f1d78b1cb53b,2d26f19bad8c5ea43ac3bc7ab64fafe3
Assets/Art/Image/Scene/B2/纸片2.png,image,.png,188467,eecf05304364c4cef008a983889600c5f8b20f4df7a7eacd4d64aab2063a15a9,2b5316fab01dc9a4095a558bce99da15
Assets/Art/Image/Scene/B2/纸片3.png,image,.png,234512,c02d0f8490c0d87b8736fe887be7e97af3fccceec4472e0a810e64501cad2756,ecba966a453943f4bbe6d7f4ab9a0a01
Assets/Art/Image/Scene/B2/纸片4.png,image,.png,255177,246ef53c48c6ffeb38afdd4048d2aee41a13d2b388ed1654ac7d7927de75346d,8a83b543a85c58441bf72738d7f8ff68
Assets/Art/Image/Scene/B2/铅笔.png,image,.png,669061,85009001359e0ad5e3dff6f2893b2b388ac65449121e3e781a54b7b5f500c804,5f0203428d4312045ba6ca429104ed46
Assets/Art/Image/System/tongguan.png,image,.png,6253182,7a14c44c4f619afc789cd49535ea0f38201123ba3d79b3c128742ed30252d097,eaf6fbcfd9aa446488690e0fb811382d
Assets/Art/Image/System/游戏logo.png,image,.png,612587,445de9716de556cb1e3cce8e02f2747f0135c9d91fc6bfe853cf73aed6a35b47,fa7c38f4c201ad0498a4a87c8550d7cb
Assets/Art/Image/ui/g1.png,image,.png,1767,fad9dd0babd1fb151ed68aba21af19d8f960f9c2af469693fb16eda651f7bace,91c4a455a38b5084683df84cd9ae4a66
Assets/Art/Image/ui/g2.png,image,.png,5536,e23cd5930eee87ad8f5e8430f675217636bb648f8a9d180ef25d609ca2f322b8,1779413a06c894f4a9d49097567c729c
Assets/Art/Image/ui/g3.png,image,.png,5006,017d93996a6f14eeb743dbdb16db19c6ecd7a1cafa065fd22065c22d732082b6,183c4763f68db81408dc74446193dfe3
Assets/Art/Image/ui/o1.png,image,.png,2179,83680dfc195982f856801837b7801c7d0c565addfe79ff5509e9c51322d8571a,f2caa29684e76ce48ab934bf3f2767c1
Assets/Art/Image/ui/o2.png,image,.png,5137,9192452be363f85a10cc233b02e2caadae5601a082caf6b8743caa0ffd2589b8,4302cb43f6a03b9489b9e6bbc165f562
Assets/Art/Image/ui/o3.png,image,.png,4187,0add8c5daad814d848c4daf62f0c4571aaf308f426e3e6b0035631d302c8b20e,58571672aaf5a6c49899df9dbcd98a40
Assets/Art/Image/ui/p1.png,image,.png,2180,88e6538537d10d40fa76f3cb4779a1761a55b6c500f20f25b61319b1fd809412,9f40a9e37a85263448988381c58fe367
Assets/Art/Image/ui/p2.png,image,.png,5060,fd4249cbb0f5350505e291bf8ca45623e771c041c15f14aea985bebd3634d460,3b3dfe9b26c2f7741848d26efc9092cf
Assets/Art/Image/ui/p3.png,image,.png,4095,ad57581080e8b37e2913f5407b7823284cceffa8af2629941854cc175c0ae599,6a13f79cd98456f42be2df24ce5108cb
Assets/Art/Image/ui/r1.png,image,.png,1612,2103b63ecfe77d1192cb182cd3809fe2fb27dc25f658b38a712c55a2f2cb5ef0,d1394ce321e9362489d50858df40c021
Assets/Art/Image/ui/r2.png,image,.png,4882,2f0582813112e1cc51768dd544df269e0a02ce6f9cdf8c9d62ae53be80558f53,d81c2730e4952bd4ba9858245f4ebbf0
Assets/Art/Image/ui/r3.png,image,.png,2867,9e17c41d642e250ff03700ee9f5e650696703dea72858db67e3f7417ecfc1038,1a3d7b654fa30554cb947b718e7006a4
Assets/Art/Image/ui/剪刀操作提示.png,image,.png,227524,aaa2a8a84a33ed0cb73122395260f1c0215679823b71b836a023b66b4057d573,f6f43d64c8d4f6e4bb0101c4e19aaecc
Assets/Art/Image/ui/头顶蓄力提示.png,image,.png,6595,13516d18ace219e692bfd2ad4576ee5c1376d15f94a77704fba2791cf7350b57,2d9182a4c896bb148a67953dfe6bd0ff
Assets/Art/Image/ui/布局示意图.jpg,image,.jpg,2039226,0b83254694b016037967bca8c45724fbef4bf9c5426aeb733c21e5fcaf346b4f,897552a114ad18c4db0fc9cff514c79a
Assets/Art/Image/ui/戒刀操作提示.png,image,.png,304583,4572e41b4f946b3e1edffab9b185f89ef1d156217996c27a3ce6b7b8fbad2386,edd2a9c6361d4a34b9ce8ef6643d36df
Assets/Art/Image/ui/摆放 1.png,image,.png,255133,e53ef91c32c3ba9da496047a089b7a3e5656db6393aa1021730ff5add47cf607,87c255764546e4f42967119f266041c0
Assets/Art/Image/ui/摆放.png,image,.png,255133,e53ef91c32c3ba9da496047a089b7a3e5656db6393aa1021730ff5add47cf607,cd8aa4cb7d9dac345bea306072f2d134
Assets/Art/Image/ui/操作指示-无蓄力.png,image,.png,32707,be5437a38a1275f7ce4eae15f30cea716f35630ccc5830d488d5957c6d89ca96,9fa4e1d3d11d0c04790586132d0c4c77
Assets/Art/Image/ui/操作指示-有蓄力.png,image,.png,38445,31071e03963f8d7e267ef6f2ae189d23c2a8e89ed601e17af32e6c22f4967e17,cd6f9b4bef9694e4d86f29385fc7d61c
Assets/Art/Image/ui/教程.png,image,.png,89694,ca280a25945b463662ce2eaaa8ce6fe17c5d60b53a6967333a7979884dc5e8c6,2b789b50c794325439556c9b65f90598
Assets/Art/Image/ui/斧头操作提示.png,image,.png,270304,afec0e553b81eab29e2b57650cf7a4364ef4d37e7d7e84e32c8f0362fe9f944f,ff77473f2dc34ac41bc5091b89800a92
Assets/Art/Image/ui/无武器.png,image,.png,20919,91af2a54a741747bf7a7bc26a985d7b1d3b135c09405fc5a8c17923160341492,a50cd8e3b7633ac44810bd09ce419c58
Assets/Art/Image/ui/橙色戒刀.png,image,.png,38998,4bf9a48b574fb39f6d4ed1aea162613e4d4dceb66307689ca54edc127a0bf7bb,1b795dfb8a67eb84d90b511ef7df5165
Assets/Art/Image/ui/橙色斧头.png,image,.png,42661,10859afb08c3617ea0aa798b15db863cb6dfc39d47966436a6f91b54744a016f,1c73f7cf46ee8074a88057282c14b13c
Assets/Art/Image/ui/橙色飞机.png,image,.png,34903,0a4bdc5a76d5882c00a78e20fb010ae275cd1f52e27c162d4967f1112bca0e23,57bd624b2e2a6a5418ee59b5afac1675
Assets/Art/Image/ui/炸弹操作提示.png,image,.png,227223,246d70b4810e36bfc99c19e2b7308d5ff0cf9b1c10b0a1598db52636a41a3144,c5952e5f5c14c754a906f6e9620419f4
Assets/Art/Image/ui/生命值.png,image,.png,3550,b7102e8cdb67b6102ae9146a7bcca67a0cce8278b0a4fd40b247b7b8b3d01882,c7939cd196d31004caa6d0f43a7c454f
Assets/Art/Image/ui/紫色剪刀.png,image,.png,36944,b249776387a8d55e5067082515f6535bbc53ef625942dcc0fa3b514aabc1d6b7,ce85f73a13e9a8b4e870c70855d63111
Assets/Art/Image/ui/紫色戒刀.png,image,.png,39079,17f829f3abc48d207a5227a535ee8716e7be849006d78824406848f3a612e199,98ab3ac197fe38a47b9c05e68d24fe6b
Assets/Art/Image/ui/紫色斧头.png,image,.png,43031,b1f6859055a9c02b1288efda624163897856b6488847b6b37ef7522d47cef301,c5868a3b461a55b419f116265cff48c4
Assets/Art/Image/ui/紫色炸弹.png,image,.png,35289,061720bc6e1973b150120bb3da2bd44cf279ad67d0891b95281ab4ca3e11c6e1,7179a2c65b3676344bdd1392e7079c07
Assets/Art/Image/ui/紫色锤子.png,image,.png,42964,35c48d14389e2b0f73602c69c0bd38935fd322bafbf5837c894747cfabfdc694,f1fb653f6a838fc43ab563fef97e10ad
Assets/Art/Image/ui/紫色飞机.png,image,.png,34079,b59c22b90655615f69f6328802710448519bd42046daf06204d0304df8d0fb6a,e78cbddd7a5142d46be78b476c8e0790
Assets/Art/Image/ui/红色剪刀.png,image,.png,36543,f601203d9fece9ad207fd02aeadfa1ca1ca495811c0488da451049fe39ba3d18,c2334d2569297a6499fe567bfbdad378
Assets/Art/Image/ui/红色戒刀.png,image,.png,38291,d6dfc61f912b10e8ebee4cef8022ea38bebe42d2500ce7d77b303a12045b752c,02e15d250d1ba454498592aa6db160c4
Assets/Art/Image/ui/红色斧头.png,image,.png,41926,3e4c9c129d21ee48fe16c56e3ceafdd64f4e8bda67bdd3506c80ae2fce0522a3,5ea2b04ea8782c4498316977abd13932
Assets/Art/Image/ui/红色炸弹.png,image,.png,33227,d31cc96906acbdd0d8c3ec916bacce30d0022aaed7e82ac633d1aeb576d237d4,1d7352a1ef5c81d49ab88886164cdf4f
Assets/Art/Image/ui/红色锤子.png,image,.png,42803,ac14221acd47cf40a323031d5c4b04e05255a69d45c217ce7676de62bae880db,af7749c8675a78c45868fc22fdecda6c
Assets/Art/Image/ui/红色飞机.png,image,.png,34051,c5c0058f52fd2842789d69eaaab86fdeea7980c099f1544b6a6fe5e2f8a07a3e,5fb79c0d542b1704c89a2e0c133c0291
Assets/Art/Image/ui/绿色剪刀.png,image,.png,36820,ab47f169a2e985c33329ba448478504d0cc5b9f183662621f7a048062e5757cb,6413cad7f1e84a844bd0012a4239c1a5
Assets/Art/Image/ui/绿色戒刀.png,image,.png,39409,e3a93dd6f25eb3a36e9d9a9607b4b6013ce555161a5c1b5a7094ae4b4f254971,d87abae7b50a64c48a76f328321746c4
Assets/Art/Image/ui/绿色斧头.png,image,.png,43205,153f959055feb89c3e39406cb1038eb56978603f315a5437aeac53d6ade1af85,306e40d68f7e28e43ac909644c62fed9
Assets/Art/Image/ui/绿色炸弹.png,image,.png,36599,8b360716fb37eb2d548a33ac21277759c615fbe3c24271eecbb2b70c980e3238,2fe8cb1546c03054ba19d59f0db20f00
Assets/Art/Image/ui/绿色锤子.png,image,.png,43237,b07930e17f3e75465e2519df2a75880102fb05d3aa9cd2d5e6712de95953712a,d8d75240423ce014391285494563911c
Assets/Art/Image/ui/绿色飞机.png,image,.png,35164,6b84b5fddd2ec3b423f15e838881e00fa1ca24db961574dfbd4d9c746d9f5ba4,b6ee443818379f645803ddea9e0eef7e
Assets/Art/Image/ui/血条.png,image,.png,9970,cffd766d1f6707e0ad66fb2b1b00d28424c2174ddbe33b3e2ec841987407e0c5,741b0f5c99e986c478bda203beaea01d
Assets/Art/Image/ui/锤子操作提示.png,image,.png,257755,a8f52f28d6624a15d7d04e8d7cdc991b9b121efa3ebaff6c12527232436c2211,e4a77f9f1fcbc9b478dbf0b67b74adae
Assets/Art/Image/ui/飞机操作提示.png,image,.png,215515,a2d74b33290b2c8fb18220d59d80ff5f2d07358ade68ee1677928ffa7c95f499,1ea60d63021913b42b59d07178f095aa
Assets/Art/Image/UI_ESC/关闭提示弹窗（悬停）.png,image,.png,89495,2c63a944a9c1ebdb7b4ec8d97cbfc659e9408ae01a6fe32673ea3cc72ac204ec,7ca444f3f2315e943a4424c7fcfa96d0
Assets/Art/Image/UI_ESC/关闭提示弹窗（按下）.png,image,.png,76522,2a685608066b592db2439a09ff0ca93e6852c5da36c29b809a70a50e04f65a8e,87d99bdc99566154c80dbc1c9b380bd8
Assets/Art/Image/UI_ESC/关闭提示弹窗（正常）.png,image,.png,74251,2611f2d85bd1cef0399d735ca7da180887f94af063efbdb402fcf58819255a72,1833a20bc3177824980975d2edde3ab8
Assets/Art/Image/UI_ESC/开启提示弹窗（悬停）.png,image,.png,89023,21ffa0155e555a5fff5fec77b7ed23489624a11c31ff3f314af84057e7710c52,6196d9d0f31861143910a64bf176e046
Assets/Art/Image/UI_ESC/开启提示弹窗（按下）.png,image,.png,76107,d956f49f5b376ffa4018d344ded6416b3a151ebd98d2a689a2e464ff7addb06b,95d2dbada82b8b047bcb2e895787add0
Assets/Art/Image/UI_ESC/开始提示弹窗（正常）.png,image,.png,73986,332c2fdd967a4029dd5f8a2e9c1adde910c342b59d144b03a62b9a31d660e43f,c2e84c0d05249e840b7d5c116c29b14e
Assets/Art/Image/UI_ESC/返回上一关（悬停）.png,image,.png,88749,275c929b4f49237fc434ed8b877619233e669ab3146a5d6c0c3952b1c9c48995,304d61c61eacafa4ca58017842420714
Assets/Art/Image/UI_ESC/返回上一关（按下）.png,image,.png,75532,c239d08a1290104ff4eb3ae3a1982e5455858424d16a4393c968bf1efcebe26a,6933a95c62d96464d87988223776549c
Assets/Art/Image/UI_ESC/返回上一关（正常）.png,image,.png,73111,218287a97ff322c9dbf36b20077548003c914f3032a079994d9b15e32d85a1ed,b8623d25f9125944aa6d59b1618e424d
Assets/Art/Image/UI_ESC/返回主菜单（悬停）.png,image,.png,88892,5148d4d19d658962bc8ef81f25fcea6d042464ee094795ab0c96ebcdc1a4992b,a2f98eba194478a4a82e9bce1c30ddfb
Assets/Art/Image/UI_ESC/返回主菜单（按下）.png,image,.png,75910,cffc5c3527f19d667ee94bb571ce7d72f243d571238472c8e66a6ae8443b529a,0e1fd62858e73a2469bd5fe3a6856902
Assets/Art/Image/UI_ESC/返回主菜单（正常）.png,image,.png,73540,ea6bb6b527bf1c09630bbbdb7f4782dfe1cc340f1415da5efa2f5c553ef1aad1,5533ce6931f1cda4b9df8e241cd41299
Assets/Art/Image/UI_ESC/进入下一关（悬停）.png,image,.png,89388,e287216971a9e8b1617df6532d153d7522376b7ee29dc984cf21519a89dd5af0,e3cc574260c6da94c93f696d7110b78c
Assets/Art/Image/UI_ESC/进入下一关（按下）.png,image,.png,76298,9df202796be78fcb90d975536e0cb6474dc81027ca0159bc8372bf8b4073255e,e7342a885e0bf684fb76f137a65cda22
Assets/Art/Image/UI_ESC/进入下一关（正常）.png,image,.png,73321,9efd63f0a5a5d22e700d708ed80fafe3a912a04e8d4e34b1625053f76375a444,d333e6d165ec4244f867721fbc574451
Assets/Art/Image/UI_Set/关闭音乐（悬停）.png,image,.png,89188,27d4d53dace1004d4a59e26820c834b3499e5c0206f336065cab7386a53f01a3,36b3cb8fc2cf2f746bd9a4f23ef9a8b1
Assets/Art/Image/UI_Set/关闭音乐（按下）.png,image,.png,76119,6400580378c3b10455d7b48dc951b3eea63f78c2ce3878693b04024264f56394,e73aa7e183e6b204e98b66dc722cd171
Assets/Art/Image/UI_Set/关闭音乐（正常）.png,image,.png,73417,9929cf43f1f959a2f11568860455b8bf75268497ed31c4fa03aad4d2b82a2770,b520ac15fa097a04f8a9363b69616e0b
Assets/Art/Image/UI_Set/关闭音效（悬停）.png,image,.png,89558,e96a2bf36d979ec2770a5a383c835c5dc7183f03e55258ab3837e549656da289,70e76b9626386184aadba92b56a4e856
Assets/Art/Image/UI_Set/关闭音效（按下）.png,image,.png,76396,5b6c9424e8dd397e4f475f7fdb20f3c6824eeb8ddb6a27c7d19caeaacf3ab7b2,344592caf9cd3a24f8d6b2ae711f3cc7
Assets/Art/Image/UI_Set/关闭音效（正常）.png,image,.png,73702,b1fe6093da065847b799406198939cf4082322912b160e04c4d87c313bd28329,f8baeed30aa9c63409aec0fa815be9bc
Assets/Art/Image/UI_Set/开启音乐（悬停）.png,image,.png,88641,885eb0bf9c643c7677be8d2f1b1f0142823bc77601e3f087e9c5677f56edb000,2ad5c3adf5a85e94d875bd46e10759f0
Assets/Art/Image/UI_Set/开启音乐（按下）.png,image,.png,75609,e47b4af316a9e56c31be1e32deef3298ead56a6e4bc748e89a91479f37bdd258,5ab9b975f85a2dd48adc49cdad8faafc
Assets/Art/Image/UI_Set/开启音乐（正常）.png,image,.png,73025,7ea6df3ea9f06b371040012ec60c2a6541b4f8cb404da8f37a91a91ab7cb2409,3f555dcde64e3164e91b646075791eb6
Assets/Art/Image/UI_Set/开启音效（悬停）.png,image,.png,88961,19d32f701080d3a5a016cb16c000961cb701077d6d94608a4e390cb9c1162760,ff59e3fb7ff84034b831d936e4efbb07
Assets/Art/Image/UI_Set/开启音效（按下）.png,image,.png,75917,cee2c2bae8ef783fc09560bcda991b145edc5d5c29c69ac372c03144c485b21d,eadbfbba2f95ded44871ee886d392b75
Assets/Art/Image/UI_Set/开启音效（正常）.png,image,.png,73497,9a2916988e72104f1b44cb37169748a68030fc0fcdf70da6b130669318b8421c,642e1756f4a40444e998dca3aae419bb
Assets/Art/Image/UI_Set/返回（悬停）.png,image,.png,88639,4c6020e2532aca8a8db4781078c214692bb22a810bc2dbb89bde5c85f15a7ba2,c6ab14c863df0294090e5c91db250ab1
Assets/Art/Image/UI_Set/返回（按下）.png,image,.png,75479,ac8654afd19ea565c3bebe5f616267cbc8e0eebc4de36094df0f7910e514dd6c,c92fbc62c7ea45d45b258f537bb707d4
Assets/Art/Image/UI_Set/返回（正常）.png,image,.png,72615,262c99819af5f5d4a8571d3fe59deced4e6673a54dc2446b91af6a27ecc65289,e059614e32701d9459e1bd759a07a708
Assets/Art/Image/UI_Start/封面.png,image,.png,1134643,b91d893bd7f3a9a7b660f9dc26f3c4085519e6d30af39981dafc46ea4922760d,5c4afa9528c6cbd40832402fb14b2030
Assets/Art/Image/UI_Start/开始游戏（悬停）.png,image,.png,89979,63c8284b4df9de1e1ea091d1a594823f31e351e25f9717c8116a80063b1cc5ba,18d95e83c34883741bedbf0afb8ffbc5
Assets/Art/Image/UI_Start/开始游戏（按下）.png,image,.png,79006,b7d21e5f90e1572c826e7f8210ce438f71045c30990c2a279848a217d142dfb4,d068e7e0f69794948860e4b6bff106d1
Assets/Art/Image/UI_Start/开始游戏（正常）.png,image,.png,70503,6133205c996aa85a1415cff5084ec5ab89eecae4348d4d7fcc46ea10b9ada8b6,26b0e3ce935a77547b786d645c8ff81a
Assets/Art/Image/UI_Start/标题.png,image,.png,705616,14b2a1bf00e693f36c81f2c35838d6e5a62c5e774b5d090651fd5e9a0be822a3,410144f7896217748bea26d662a7a481
Assets/Art/Image/UI_Start/菜单页面1.jpg,image,.jpg,356694,d7c59914382aced64027f543fe21626ee0d7f6cf68b8ab61f75a75ec05db9288,a2f23323f7495c848b099796aa9be11c
Assets/Art/Image/UI_Start/菜单页面2.jpg,image,.jpg,347419,85792f101dd584796fdb37a7c34082dbcae94c76d73610ede51a10ce18a982e2,ff4db8f6bc5c99a46979bbe7da329c05
Assets/Art/Image/UI_Start/设置（悬停）.png,image,.png,88898,70ab6c57828450b863365a814f8f63cacf222e074546663fe8fb00b0a840c4f2,58df30ce8471b5344a9755886f88eef9
Assets/Art/Image/UI_Start/设置（按下）.png,image,.png,77751,e45cde58f57e39d9852ea0c4f2244a6f8f0d38aff2f321b804e8525cca2ca4bc,bbc769bc108c09e468a3c40103d72094
Assets/Art/Image/UI_Start/设置（正常）.png,image,.png,69246,797f97945bc1a719362957542c8e9734040bc66ddb47ddfb9805ff1570b2a344,b1ec9e0bf26272b46b3522ba4d389dbb
Assets/Art/Image/UI_Start/试玩关卡1（悬停）.png,image,.png,89500,73a7ecb7b14a7282c3340a85b9bab38f859dc6d6e20be44f8727d38c3217e410,7a22368325b4de64a8cfed63f9ddb194
Assets/Art/Image/UI_Start/试玩关卡1（按下）.png,image,.png,77946,196c8d42e4a792dc87eb0bed1cf6964dbc34f3c2525202951c8c9d7b522b8a32,10134197fb3d38641abbab09b4c899ac
Assets/Art/Image/UI_Start/试玩关卡1（正常）.png,image,.png,70102,b08d9c8b8354b22a277ef8cc00b163dddce7ce43f14faffa89574cbff5e1dbca,a5f4c114e2f61074d924e02ffe99002e
Assets/Art/Image/UI_Start/试玩关卡2（悬停）.png,image,.png,89582,adb39d1195afe0d1a37ea16f6aaae2caeca5d523f3727dfe695b917797c3553c,ce4122a9ae89842418c2eb4ec2a08cd7
Assets/Art/Image/UI_Start/试玩关卡2（按下）.png,image,.png,78061,dff8e079c22be2a56696ca0630df6807e1b157f247b8971e80e3a78fd6993eed,f8263859e121ef64c82540f1695362f4
Assets/Art/Image/UI_Start/试玩关卡2（正常）.png,image,.png,70260,53abdc557af66c9f6620fb5e31a9515b11c3f9f3a5d93de812b15974275b5f88,0c6295b095da26d45b15192402b16df7
Assets/Art/Image/UI_Start/返回（悬停）.png,image,.png,88721,d949171b34fcef913da79ff5424e0b82645b3e13b35ab2c0c46e2f5b1e73ff29,9d72e7ece15a6834d9717b4c722c0240
Assets/Art/Image/UI_Start/返回（按下）.png,image,.png,77720,8d8862828a51f518f4cc23e209f30c50233f2ea8d5a402bbcaf536c7da4efc5c,336fdeb54fd82594dad8d7948a841c8d
Assets/Art/Image/UI_Start/返回（正常）.png,image,.png,69351,e8bbf39b3f14114e0182984115749889a0a5788980b78a3a9058eb3cb90fafcb,4d6a55e42717d33478a4497f79b4f9db
Assets/Art/Image/UI_Start/退出游戏（悬停）.png,image,.png,89765,906123fe566e0d69774b1197c7d8cfe7f83be773449f28b6e5d3f58c3e5ce355,897f2fe2d4711fb4a8a3560a65614174
Assets/Art/Image/UI_Start/退出游戏（按下）.png,image,.png,78846,8072897b078364c32cbed92cb3b7e7f7d9563d71ee626faa57106f3db278a152,f40efdfab63d7194295aff8d1d54bced
Assets/Art/Image/UI_Start/退出游戏（正常）.png,image,.png,70463,d3932c5e2be9ccb27ed8f91adb1db64a3db87c91f7dd198e397fe188f69deae0,621f283994683ad4493bc407be0deb41
Assets/Art/Image/Weapon/Tip1/HpTip.anim,animation-clip,.anim,8747,07b75683cbf1ab21fd19f3c7d1ca4b40b3b2a4f5d5203ee62b81eb8c067a1408,4d10478ee930bbd4894e8e11384abe55
Assets/Art/Image/Weapon/Tip1/HpTip1.controller,animator-controller,.controller,2016,afacf6361a1b3c0f131d9540e4429f5ce0d745dbcffb5541a24ddb830de19df9,18fb80eb32b8e5448a8a7e98eba79036
Assets/Art/Image/Weapon/Tip1/WeaponTip1.anim,animation-clip,.anim,8632,8dd05b5db03e40b625ddb0e1127c9925418b829da557f8d1fbcca05654b0fbb4,04bac387d58d30545ba1c025c93dc0c2
Assets/Art/Image/Weapon/Tip1/WeaponTip1.controller,animator-controller,.controller,2032,49e5199567cfe9a0fc29eb2e5d6e94304c7e3fa0ac0fa2731f4fe0ed5f457d83,9d57f9b88d6f3164c9b49eb171b9e432
Assets/Art/Image/Weapon/Tip1/提示圈-第一章_0000.png,image,.png,1622,e2c95b7bbd8a62d3b6973538f2cdadae394db03b5eba55ebb4e1024334eb0dc0,8cb134d825cbd064895884816bb485f5
Assets/Art/Image/Weapon/Tip1/提示圈-第一章_0001.png,image,.png,2266,e2704c081b3b9158031980a51ae0a51c232f5f30bd42b931d4ad6c09f8c3515d,d074e6ea2d5733e4baf802e22b8d460f
Assets/Art/Image/Weapon/Tip1/提示圈-第一章_0002.png,image,.png,3162,83b052915e75d7d31fe76e66cc4a8190310f0dd9912b83437d1230377c55ba50,5383e2a9579895e41aa9c40ca27b39e5
Assets/Art/Image/Weapon/Tip1/提示圈-第一章_0003.png,image,.png,3679,0ba35a72e35f7df3b0a9528a1b24d9b2136c744f669927e4617ab01263acba59,ef5d1c71239df0c47b1293a0c862c831
Assets/Art/Image/Weapon/Tip1/提示圈-第一章_0004.png,image,.png,4298,a88a35805931d94630d1595ffb93801e1fb2dee8419aa98f2cd4813ac3b03478,a2a9c4bfc39626f4798212aea6bc66f7
Assets/Art/Image/Weapon/Tip1/提示圈-第一章_0005.png,image,.png,5335,27a99f9bd2bc5da947e39e57fbfc6a22d0bf811cc0863f113baadee785bb4c56,79be98b9cd068274bac53315c821c638
Assets/Art/Image/Weapon/Tip1/提示圈-第一章_0006.png,image,.png,6131,cfa8ea3c1b8e455b1361ee47d9edb0bc781d02ceca928675f6bad5caf99bb9f0,2fe49fda870dd9744b0aa9caad7b500b
Assets/Art/Image/Weapon/Tip1/提示圈-第一章_0007.png,image,.png,7837,c00961f220121ac7815abf5fe029e7645e02b5ca7eca18ca11398509bdfc7b15,377e2e6dfaf03dc4890ab88491bfdfd9
Assets/Art/Image/Weapon/Tip1/提示圈-第一章_0008.png,image,.png,9537,5f8630b3581dfbbbd00c1abf74f6ccfcaeb9bbc114c4dccda1bb66cb5ae1cfb3,34bbea5431e0a3d458beda0bd2aee4b9
Assets/Art/Image/Weapon/Tip1/提示圈-第一章_0009.png,image,.png,12134,7505f4fb3539d89d6081abee10e0d2111281197a35aab6a6700cf5c094b7d564,ab6f8c5a2594e524580f2a913b249f49
Assets/Art/Image/Weapon/Tip1/提示圈-第一章_0010.png,image,.png,12713,7cb9c6a718f3d297895cd7338ffc7c726b79e86c7c4b5b0520b3357f4201f629,2e66453e94afaf64eafb3de25f7a7f86
Assets/Art/Image/Weapon/Tip1/提示圈-第一章_0011.png,image,.png,13567,1a701c4d45345cf7df3f64a4bb48642f3128495faf93bf610906927b5b22f6f6,6ef18574d7195c14dacd31301610b5ed
Assets/Art/Image/Weapon/Tip1/提示圈-第一章_0012.png,image,.png,13567,1a701c4d45345cf7df3f64a4bb48642f3128495faf93bf610906927b5b22f6f6,b7633a67e65f4b8409b0e65d962dba86
Assets/Art/Image/Weapon/Tip1/提示圈-第一章_0013.png,image,.png,13567,1a701c4d45345cf7df3f64a4bb48642f3128495faf93bf610906927b5b22f6f6,7129c2d724c70db4b86615d93bb0d41e
Assets/Art/Image/Weapon/Tip1/提示圈-第一章_0014.png,image,.png,13567,1a701c4d45345cf7df3f64a4bb48642f3128495faf93bf610906927b5b22f6f6,53f696213a0f2bf40b115c22c5159730
Assets/Art/Image/Weapon/Tip1/提示圈-第一章_0015.png,image,.png,13567,1a701c4d45345cf7df3f64a4bb48642f3128495faf93bf610906927b5b22f6f6,76a6405e6a247374196763d71ea14efb
Assets/Art/Image/Weapon/Tip1/提示圈-第一章_0016.png,image,.png,13567,1a701c4d45345cf7df3f64a4bb48642f3128495faf93bf610906927b5b22f6f6,d94dea48560c67b419906981090ceba8
Assets/Art/Image/Weapon/Tip1/提示圈-第一章_0017.png,image,.png,13567,1a701c4d45345cf7df3f64a4bb48642f3128495faf93bf610906927b5b22f6f6,4483265b5729d5848a8d8b9e19f40b0f
Assets/Art/Image/Weapon/Tip1/提示圈-第一章_0018.png,image,.png,13567,1a701c4d45345cf7df3f64a4bb48642f3128495faf93bf610906927b5b22f6f6,a80f32f8fc15f0040a75c3ff51e28794
Assets/Art/Image/Weapon/Tip1/提示圈-第一章_0019.png,image,.png,13567,1a701c4d45345cf7df3f64a4bb48642f3128495faf93bf610906927b5b22f6f6,9404bd09f4aef8544b55ebbcee6b18a2
Assets/Art/Image/Weapon/Tip1/提示圈-第一章_0020.png,image,.png,13567,1a701c4d45345cf7df3f64a4bb48642f3128495faf93bf610906927b5b22f6f6,7fbe038d177a678478c239252d0d0b96
Assets/Art/Image/Weapon/Tip1/提示圈-第一章_0021.png,image,.png,13567,1a701c4d45345cf7df3f64a4bb48642f3128495faf93bf610906927b5b22f6f6,cf7da4ac10ea4e841b428e2970353f51
Assets/Art/Image/Weapon/Tip1/提示圈-第一章_0022.png,image,.png,13567,1a701c4d45345cf7df3f64a4bb48642f3128495faf93bf610906927b5b22f6f6,23da4b201c1332348960e81c904f2050
Assets/Art/Image/Weapon/Tip1/提示圈-第一章_0023.png,image,.png,13567,1a701c4d45345cf7df3f64a4bb48642f3128495faf93bf610906927b5b22f6f6,b69b54e9e5ae6184eae8645987ace079
Assets/Art/Image/Weapon/Tip1/提示圈-第一章_0024.png,image,.png,13567,1a701c4d45345cf7df3f64a4bb48642f3128495faf93bf610906927b5b22f6f6,931a300a4444e354e8db4cebdc3a0faa
Assets/Art/Image/Weapon/Tip1/提示圈-第一章_0025.png,image,.png,13567,1a701c4d45345cf7df3f64a4bb48642f3128495faf93bf610906927b5b22f6f6,da91bc60215bb0342a55457753c74243
Assets/Art/Image/Weapon/Tip1/提示圈-第一章_0026.png,image,.png,13567,1a701c4d45345cf7df3f64a4bb48642f3128495faf93bf610906927b5b22f6f6,dc1ab213a927f0e448b52cec23f2f3d8
Assets/Art/Image/Weapon/Tip1/提示圈-第一章_0027.png,image,.png,13567,1a701c4d45345cf7df3f64a4bb48642f3128495faf93bf610906927b5b22f6f6,92ec7079bd39db64f852b21ca7931e2f
Assets/Art/Image/Weapon/Tip1/提示圈-第一章_0028.png,image,.png,13567,1a701c4d45345cf7df3f64a4bb48642f3128495faf93bf610906927b5b22f6f6,f7b0b3160b62de9419829c52e8011cdb
Assets/Art/Image/Weapon/Tip1/提示圈-第一章_0029.png,image,.png,13567,1a701c4d45345cf7df3f64a4bb48642f3128495faf93bf610906927b5b22f6f6,1b1fdd0117b2d4c4db0e7cfee6dcbb59
Assets/Art/Image/Weapon/Tip1/提示圈-第一章_0030.png,image,.png,13567,1a701c4d45345cf7df3f64a4bb48642f3128495faf93bf610906927b5b22f6f6,0ed0bc1787f26cc4a848c7ce5770bbbd
Assets/Art/Image/Weapon/Tip1/提示圈-第一章_0031.png,image,.png,13567,1a701c4d45345cf7df3f64a4bb48642f3128495faf93bf610906927b5b22f6f6,ec05cbc36f9e0a0468f1a63f65fb6c27
Assets/Art/Image/Weapon/Tip1/提示圈-第一章_0032.png,image,.png,13567,1a701c4d45345cf7df3f64a4bb48642f3128495faf93bf610906927b5b22f6f6,5ad7b7e256390ae4996e3309e2e17cad
Assets/Art/Image/Weapon/Tip1/提示圈-第一章_0033.png,image,.png,13567,1a701c4d45345cf7df3f64a4bb48642f3128495faf93bf610906927b5b22f6f6,c5dd6e9428673634e95ff0a8fa636f05
Assets/Art/Image/Weapon/Tip1/提示圈-第一章_0034.png,image,.png,13567,1a701c4d45345cf7df3f64a4bb48642f3128495faf93bf610906927b5b22f6f6,8b73b51a73b982347aa0e3c29fb9fb36
Assets/Art/Image/Weapon/Tip1/提示圈-第一章_0035.png,image,.png,13567,1a701c4d45345cf7df3f64a4bb48642f3128495faf93bf610906927b5b22f6f6,e208e63f1c677de42b45ae47295f8c75
Assets/Art/Image/Weapon/Tip1/提示圈-第一章_0036.png,image,.png,13567,1a701c4d45345cf7df3f64a4bb48642f3128495faf93bf610906927b5b22f6f6,00df05c99dcc1e6479fca109de528687
Assets/Art/Image/Weapon/Tip1/提示圈-第一章_0037.png,image,.png,13567,1a701c4d45345cf7df3f64a4bb48642f3128495faf93bf610906927b5b22f6f6,1edd058a72587c14b98337e84b1b2d07
Assets/Art/Image/Weapon/Tip1/提示圈-第一章_0038.png,image,.png,13567,1a701c4d45345cf7df3f64a4bb48642f3128495faf93bf610906927b5b22f6f6,ecc4670c77caa6f4797f890baf213553
Assets/Art/Image/Weapon/Tip1/提示圈-第一章_0039.png,image,.png,13567,1a701c4d45345cf7df3f64a4bb48642f3128495faf93bf610906927b5b22f6f6,a1805766eda60d548a5bdc8467b1ea78
Assets/Art/Image/Weapon/Tip2/HPTip2.anim,animation-clip,.anim,8748,d6bffa00d19dadb236fe3f4039af6eca31e81b9e31eb84a45fbb14b0d6373a31,1b490a5c1970d18448a455d9d8b660e9
Assets/Art/Image/Weapon/Tip2/HPTip2.controller,animator-controller,.controller,2020,15e937e1409e9a613a359b418864397bd38147402048100d011dc62b2e86ab55,29ad17d52bb5a7840b0eae50cedf4a1b
Assets/Art/Image/Weapon/Tip2/Tip2.controller,animator-controller,.controller,2019,f9d4baa3120ff17ff80528aa4bf81de65022ed142b59a2b87d101254a304db35,531eb75d3ac8e2b44945a2342c76f355
Assets/Art/Image/Weapon/Tip2/WeaponTip2.anim,animation-clip,.anim,8632,34dc6448bd817812bb2801cab0774ef4f7d3b2fcaf995970df9c688076729c13,63b73d4bcc3fc84438729d28d391b383
Assets/Art/Image/Weapon/Tip2/提示圈-第二章_0000.png,image,.png,1622,e2c95b7bbd8a62d3b6973538f2cdadae394db03b5eba55ebb4e1024334eb0dc0,fcd95fca10ab6c54d92e10b93b313a47
Assets/Art/Image/Weapon/Tip2/提示圈-第二章_0001.png,image,.png,2297,aeeaa3a561e929d12a35a00922684fa5c544548615d68ae84f0945253c3cda56,b365acf08c673ce47a74f4eab0d587dd
Assets/Art/Image/Weapon/Tip2/提示圈-第二章_0002.png,image,.png,3182,7185bd192c2bace9bfee630aeb0b089b60ae5cc86b189f0e58aae93dbab04863,65eb4f9b3b827c241a75b8de2e01b815
Assets/Art/Image/Weapon/Tip2/提示圈-第二章_0003.png,image,.png,3696,e5b19fc69898406bf2932add067d12466c9a0a75038adf5703cdc7f3134dc62b,fd0042b1a53745644863a823aaceda90
Assets/Art/Image/Weapon/Tip2/提示圈-第二章_0004.png,image,.png,4245,07d2479c5a829b1695f464196f6332d981d392c12baa8f2774c61129446d7d10,56cdcac380e1de244bf8cb3cc5c9e53f
Assets/Art/Image/Weapon/Tip2/提示圈-第二章_0005.png,image,.png,5277,4d8f78af7ff9ec7e5a02228b9349524efdd3cd0ef910d4920506fc27b0ea6e7f,d7e77e5397b6d264b80a9dff80d37090
Assets/Art/Image/Weapon/Tip2/提示圈-第二章_0006.png,image,.png,6076,393a82b572ba2a0137fd4de43ed86ff4bfeef75ab6fe423ad7a80f1dc0ddd94a,a2b28cc1efaee8d4f82fd9e7c1b2df5a
Assets/Art/Image/Weapon/Tip2/提示圈-第二章_0007.png,image,.png,7765,0e937a37880f7ee27b1b2850e78546d7383401131db06f4cdb795b86b3ebaf6f,1d5ff45d8b6117845ac207093469fed4
Assets/Art/Image/Weapon/Tip2/提示圈-第二章_0008.png,image,.png,9364,4dc8c2e84e136fefa3e9bccb88a27caaf1946f69b6633a145aa5217a6d35c495,fd3945cbc92d2ba4eb475331f6974108
Assets/Art/Image/Weapon/Tip2/提示圈-第二章_0009.png,image,.png,11725,608cbfe8c194d455cc445307c4b31c2ed1163ba7d5cb2df675e0ed5a36b4a6c7,7540cf2fc369cac4882ac6fe9f4d65ce
Assets/Art/Image/Weapon/Tip2/提示圈-第二章_0010.png,image,.png,12200,62f8a8644e208deafc3209ed689122911d76b64058c88666376abe43cea09ed9,af632ee81ea4ec04a9125c390440a216
Assets/Art/Image/Weapon/Tip2/提示圈-第二章_0011.png,image,.png,13013,71db8e6ebf0eab51f6ca1981bb1696f2517aa52b10c12481fc1941bbe731df45,a9f21c4c61bca3f4ead455865d0e6abd
Assets/Art/Image/Weapon/Tip2/提示圈-第二章_0012.png,image,.png,13013,71db8e6ebf0eab51f6ca1981bb1696f2517aa52b10c12481fc1941bbe731df45,522405fbdd0607c40866acad9042e4bc
Assets/Art/Image/Weapon/Tip2/提示圈-第二章_0013.png,image,.png,13013,71db8e6ebf0eab51f6ca1981bb1696f2517aa52b10c12481fc1941bbe731df45,09870a13c39db3e4882b99f9244fff55
Assets/Art/Image/Weapon/Tip2/提示圈-第二章_0014.png,image,.png,13013,71db8e6ebf0eab51f6ca1981bb1696f2517aa52b10c12481fc1941bbe731df45,3b7e0c4d04a0360418b72eb24526213e
Assets/Art/Image/Weapon/Tip2/提示圈-第二章_0015.png,image,.png,13013,71db8e6ebf0eab51f6ca1981bb1696f2517aa52b10c12481fc1941bbe731df45,21271c7b684ecdb4ba81fe8db76376e4
Assets/Art/Image/Weapon/Tip2/提示圈-第二章_0016.png,image,.png,13013,71db8e6ebf0eab51f6ca1981bb1696f2517aa52b10c12481fc1941bbe731df45,d29986a401f943c40b9beffd2e029f6a
Assets/Art/Image/Weapon/Tip2/提示圈-第二章_0017.png,image,.png,13013,71db8e6ebf0eab51f6ca1981bb1696f2517aa52b10c12481fc1941bbe731df45,a5a124625aeefc147b572e266bbbf4bf
Assets/Art/Image/Weapon/Tip2/提示圈-第二章_0018.png,image,.png,13013,71db8e6ebf0eab51f6ca1981bb1696f2517aa52b10c12481fc1941bbe731df45,532b442b0242db24680f0d27f9449c82
Assets/Art/Image/Weapon/Tip2/提示圈-第二章_0019.png,image,.png,13013,71db8e6ebf0eab51f6ca1981bb1696f2517aa52b10c12481fc1941bbe731df45,d43df3e36de353b4e8b0080c40e0a8a7
Assets/Art/Image/Weapon/Tip2/提示圈-第二章_0020.png,image,.png,13013,71db8e6ebf0eab51f6ca1981bb1696f2517aa52b10c12481fc1941bbe731df45,604bda9241c6f794e90158d5f4075e73
Assets/Art/Image/Weapon/Tip2/提示圈-第二章_0021.png,image,.png,13013,71db8e6ebf0eab51f6ca1981bb1696f2517aa52b10c12481fc1941bbe731df45,c15bc7f61e98cff4b872d7137c6304e5
Assets/Art/Image/Weapon/Tip2/提示圈-第二章_0022.png,image,.png,13013,71db8e6ebf0eab51f6ca1981bb1696f2517aa52b10c12481fc1941bbe731df45,c27d36db4645e854c958f09a557bcb9b
Assets/Art/Image/Weapon/Tip2/提示圈-第二章_0023.png,image,.png,13013,71db8e6ebf0eab51f6ca1981bb1696f2517aa52b10c12481fc1941bbe731df45,026e7ef17d0f20c42bcf8636edc186a5
Assets/Art/Image/Weapon/Tip2/提示圈-第二章_0024.png,image,.png,13013,71db8e6ebf0eab51f6ca1981bb1696f2517aa52b10c12481fc1941bbe731df45,f8a761af865b92948b38179def7c3bc1
Assets/Art/Image/Weapon/Tip2/提示圈-第二章_0025.png,image,.png,13013,71db8e6ebf0eab51f6ca1981bb1696f2517aa52b10c12481fc1941bbe731df45,273d176366b54bc48bf849a1280f1d34
Assets/Art/Image/Weapon/Tip2/提示圈-第二章_0026.png,image,.png,13013,71db8e6ebf0eab51f6ca1981bb1696f2517aa52b10c12481fc1941bbe731df45,412fb0cd68faec8489fcf187dd52d456
Assets/Art/Image/Weapon/Tip2/提示圈-第二章_0027.png,image,.png,13013,71db8e6ebf0eab51f6ca1981bb1696f2517aa52b10c12481fc1941bbe731df45,dd4b58642b1432642bb8c3f23aeb3583
Assets/Art/Image/Weapon/Tip2/提示圈-第二章_0028.png,image,.png,13013,71db8e6ebf0eab51f6ca1981bb1696f2517aa52b10c12481fc1941bbe731df45,7600dcb46d7058a4ca0e8535aa845ca1
Assets/Art/Image/Weapon/Tip2/提示圈-第二章_0029.png,image,.png,13013,71db8e6ebf0eab51f6ca1981bb1696f2517aa52b10c12481fc1941bbe731df45,ad529f64380ce30499747835205439e0
Assets/Art/Image/Weapon/Tip2/提示圈-第二章_0030.png,image,.png,13013,71db8e6ebf0eab51f6ca1981bb1696f2517aa52b10c12481fc1941bbe731df45,18e957026e596e44aa81fb86e4e422ea
Assets/Art/Image/Weapon/Tip2/提示圈-第二章_0031.png,image,.png,13013,71db8e6ebf0eab51f6ca1981bb1696f2517aa52b10c12481fc1941bbe731df45,e060ad6444d9f2c46acf7f6b8bcb1cc6
Assets/Art/Image/Weapon/Tip2/提示圈-第二章_0032.png,image,.png,13013,71db8e6ebf0eab51f6ca1981bb1696f2517aa52b10c12481fc1941bbe731df45,bbbbac8f94bb341459013c55ab38c974
Assets/Art/Image/Weapon/Tip2/提示圈-第二章_0033.png,image,.png,13013,71db8e6ebf0eab51f6ca1981bb1696f2517aa52b10c12481fc1941bbe731df45,e5037386a766f864b8da033828084fab
Assets/Art/Image/Weapon/Tip2/提示圈-第二章_0034.png,image,.png,13013,71db8e6ebf0eab51f6ca1981bb1696f2517aa52b10c12481fc1941bbe731df45,dc5e28687feba784598cac30275ff29a
Assets/Art/Image/Weapon/Tip2/提示圈-第二章_0035.png,image,.png,13013,71db8e6ebf0eab51f6ca1981bb1696f2517aa52b10c12481fc1941bbe731df45,6e7ace2202155054c974a2a93a8d59cb
Assets/Art/Image/Weapon/Tip2/提示圈-第二章_0036.png,image,.png,13013,71db8e6ebf0eab51f6ca1981bb1696f2517aa52b10c12481fc1941bbe731df45,b84c530fe0a21494ca24fd0b131a5cba
Assets/Art/Image/Weapon/Tip2/提示圈-第二章_0037.png,image,.png,13013,71db8e6ebf0eab51f6ca1981bb1696f2517aa52b10c12481fc1941bbe731df45,d2daab60a1c4bb349854b381688a4fd7
Assets/Art/Image/Weapon/Tip2/提示圈-第二章_0038.png,image,.png,13013,71db8e6ebf0eab51f6ca1981bb1696f2517aa52b10c12481fc1941bbe731df45,2fd7b652f3c549840acfe6b82b8011f5
Assets/Art/Image/Weapon/Tip2/提示圈-第二章_0039.png,image,.png,13013,71db8e6ebf0eab51f6ca1981bb1696f2517aa52b10c12481fc1941bbe731df45,2119f4fcdb30eb7438f3e1da29a02d38
Assets/Art/Image/Weapon/刀1.png,image,.png,8974,168419e623ef699eefd7eccfe88245b38e9d1f6e03288e7f7531ae48ab977b30,e6be3b0e4ca02f54d9e33d63245f763d
Assets/Art/Image/Weapon/刀1带白边.png,image,.png,10030,3a9c10ef8cee72a714d8cb584d2b5619aa13b53fe55ff1c061df371b1342dbb1,1b0248ab0febbe146b298ae960625b73
Assets/Art/Image/Weapon/刀2.png,image,.png,9252,fb1eec1a1e87bdca0dc35b370a747277966af72f398ac404dba843a088913866,4d01459517b684641bcefff9206080e8
Assets/Art/Image/Weapon/刀2带白边.png,image,.png,10237,a48b109138ec36220f43d37fc785e842781e578c304467d55a3122705edeeef3,86ff299b4d389714882f50ba7d2de1d7
Assets/Art/Image/Weapon/刀3.png,image,.png,9525,5b888ef669740f020d118cb5dbc1855657a13f9c768c0f9dea5aa01844e11b54,e24499bd06a592a49beddf1b9fca7fb4
Assets/Art/Image/Weapon/刀3带白边.png,image,.png,10449,84f0b84b99c121c23bc030b0b7c6db8f073e80af19888a540c05de3f719e8253,76b5d297b6b13214aa9ddd594df385e8
Assets/Art/Image/Weapon/刀4.png,image,.png,9277,24241d97d5287b2d163f0bb526a464e40cfcf477aa022ce10cddc81fc049dd65,a370813468d26a3459c2618ede9fdd02
Assets/Art/Image/Weapon/刀4带白边.png,image,.png,10300,9a5280788b8c3f27309f93aa6e67e59ffded7bf0c6119fd112b550dc475b25c0,f4ae4155a63567b499b1649cd0a5e037
Assets/Art/Image/Weapon/剪1.png,image,.png,9721,259e6aa8aac6c4782f8c51782a87fce775b75f9f2e469cf015411946843bde7c,0253bb3cda65edd43b86506b20cf1546
Assets/Art/Image/Weapon/剪1亮.png,image,.png,11720,f877db9db75b679a135ac4dc4c9959ce204ce434ead6e3f583ae17b8ef2cb976,4615054d1f9bc464b833c6ed69e8c564
Assets/Art/Image/Weapon/剪2.png,image,.png,9859,78cc08fa45e42006a6c12d7c4b50b3c86a6d0f5cd54ea39d864c30c2f31d7c4f,4fa6dc2f2599bdd42b4a1e2ae2f1b7d6
Assets/Art/Image/Weapon/剪2亮.png,image,.png,11692,35756f5b285bacd342be537866ad2a7c6cf6042f48b08a3ab3d8f24e63b21adb,b9995be460c406f4d9dd2b1a7c44a64e
Assets/Art/Image/Weapon/剪3.png,image,.png,9621,03c0946bb9190b96437584820c5f9d70c2ed1e305780ddbeac93b2c51762b3e8,ba309f2bd68453c45bff2135065ec129
Assets/Art/Image/Weapon/剪3亮.png,image,.png,11358,897919429bbccdd2f1e1377857822290fed2845095cd5a7a9be99d4a910a83d4,3363b0ce2cf63394c92a581cb4eca79a
Assets/Art/Image/Weapon/斧1.png,image,.png,12625,a83730ae5457de1fe52bf51ebe4fd9d5f96d8ba3564d027f2a43df81dec7ab32,48c939322485ff9438720981ce6fc393
Assets/Art/Image/Weapon/斧1带白边.png,image,.png,14759,84f438c7e5bd3b67410e8ef6d953a9ce37aca01e3309ba70ff3299b61d53dce3,635c0186b1b731d4baf39f11b5742704
Assets/Art/Image/Weapon/斧2.png,image,.png,12841,a113f8675ac1d1bde01b2d1c7d9558ae9b975dfb6e8ba9a714ab1264b0a01531,bce2d07b9e3f03c4a97d8d69e612ccb9
Assets/Art/Image/Weapon/斧2带白边.png,image,.png,14912,13eca66162db534ce7dd8dab0050a6686fe2d936564f8360871b5ff285a6d0cf,c75f5c757e2e6814ba06c95d54e90de9
Assets/Art/Image/Weapon/斧3.png,image,.png,13126,605abcf4e3b21e9b680b6f173bfcc3c06ef201192adf4a6d41c447a9a5104d70,ac02605f8d92c4c4787a369e16bce085
Assets/Art/Image/Weapon/斧3带白边.png,image,.png,15173,aa4763122f9a5961da888fbd190cb0d84226fb5e1c47feafe6bb6d5183be3b61,244c838b6ba90a4458c4afa30057dc95
Assets/Art/Image/Weapon/斧4.png,image,.png,13035,162151ae3e453231e274af7890b152f2de10ac872cc25ad03a99aa9e59939fd3,3f1dda17e627ed04bbc6739d4c45fa01
Assets/Art/Image/Weapon/斧4带白边.png,image,.png,15134,c8a16a6f80cd2a260cb5a03143d222f993448601b064bbc4bad42e3b891130f3,3de5339cdc8f51247a56a8c6c5e13a84
Assets/Art/Image/Weapon/炸1.png,image,.png,12087,cfeffd757b9ab92c6eafb3ddbba65c7879603b798c52f840fb194f0e33001d79,1afa37025c1e57d4ba3dfec27cf90344
Assets/Art/Image/Weapon/炸1亮.png,image,.png,13766,ac286b8cf6c00a3ffcadcd6cb763889d480908e409c4b608eb8c6d574e9d48cb,bfc17e88b964767408fff48090fc930f
Assets/Art/Image/Weapon/炸2.png,image,.png,12381,e1956756d99d08db2d534b117f84b032e8d66dcc1e2471cfa5ad5c87899bd053,10afa555e66a1534689bc7cc4b90d829
Assets/Art/Image/Weapon/炸2亮.png,image,.png,14058,d42f3bdaec0b418f2725225ba53373025c702f58e276ae706d0c260286701666,8b1eaf4f27412b144a3818f0e66e2cd6
Assets/Art/Image/Weapon/炸3.png,image,.png,12565,6766abefde0b6144bd5dc57f36669e57e290b6f6953cef8bafcd5a3581ca308d,47fd6546ad27bf341a49eff4d4ab4b54
Assets/Art/Image/Weapon/炸3亮.png,image,.png,14185,7033dc1cb7f6a4d34887cc50a31ccc02a9270455b257008460e37c5459ca2548,ef0a58e4d6950944fad2609b191baa34
Assets/Art/Image/Weapon/锤1.png,image,.png,10121,81f9f0231919bcd2d83508d7d590f0844cb81335386ed7037e1032deb8c73960,5aed458f1757ca043a1036cd19065586
Assets/Art/Image/Weapon/锤1亮.png,image,.png,12463,25980da29add796c37bf2ad8b01f45925104a9d9e7da8f384d47228b6c2b980f,2384e50687ae19243a660fbcde17aa41
Assets/Art/Image/Weapon/锤2.png,image,.png,9872,eda180e214f47c9527926e45c3614f93056566cbbecfb263e13cc8a792f0139c,71b9bb411afdbce4497be4fa9b4a31b9
Assets/Art/Image/Weapon/锤2亮.png,image,.png,12254,0748ab7bba3a72a3ffa6df5366f54d39d4059903129d5488766ef48596409548,e02b3eee6ebe36e4e829b90cab7d3658
Assets/Art/Image/Weapon/锤3.png,image,.png,9682,b81afc1fd4ef71dfb1fa3b8b04a05272d8253494e723579d1b8fcf5b7668cfcb,b5533a19b08f60145b415f0d22ca8652
Assets/Art/Image/Weapon/锤3亮.png,image,.png,12058,82476f2c302a1692789076923aca73cbd35b00409909c65b1a90dacc942f0f38,6eb08116557e97d4da166aa496f2a656
Assets/Art/Image/Weapon/飞机1.png,image,.png,9705,c301fb32d2d6749be380ec1ff9a1cab975d93a082d76854f47dcd13ab4d21bee,e1fa3c079e741f84dac360a9ce5c67af
Assets/Art/Image/Weapon/飞机1带白边.png,image,.png,11004,145d9d3fcbcb35d7741a3cb7609eac75f3acbc71564b92a86c415cecc03d000c,16e3b623e60501f4e86c1b68df53f153
Assets/Art/Image/Weapon/飞机2.png,image,.png,10005,864eb18a4c30cb0004bbe7c087746fbb9ae1ba6e35afb462cc7cca7b16678499,0e45ed73be04ec2459731839d72ca978
Assets/Art/Image/Weapon/飞机2带白边.png,image,.png,11219,e4256b9a44a40ec2ac4d54a2c9b7a6073ba43a067e8eed9e7fa8f7a99f3b6af6,a6a784d3e12d52a42979a522e970c0fd
Assets/Art/Image/Weapon/飞机3.png,image,.png,10105,2ec3c9875c81082997de75da9366d73f78ea2903d547bf385bfa31285116a3aa,2e374d2b045a43648aab8549dcb05ea8
Assets/Art/Image/Weapon/飞机3带白边.png,image,.png,11341,cb25758a67f6c5889156041b170d81fc00bd356e889e71288f57b9391e9880a2,12d30d8c415a04c4fbdd78ae26774848
Assets/Art/Image/Weapon/飞机4.png,image,.png,9870,47350341bca6b970b47390a4b06bd2eda0d9bf91cdf49045b7689a6a1e828bc6,3c51fae87846a1c4086a8da0304e56fa
Assets/Art/Image/Weapon/飞机4带白边.png,image,.png,11170,cba41d714cf3bfd71b69e3b0884db19b7cb5202c97dfce86b869e62b4f94ac62,bc023876d1cad694bab4989b66783df5
Assets/Art/Image/yin/a2草投影.png,image,.png,2975,aeecff3149ee6e9b6190065b706d8b620ec367e40dc7c9d586d55dd5c8d7158f,aa6e4de32266b404387ebf3d8c8dada9
Assets/Art/Image/yin/a3草投影.png,image,.png,7174,3250080b174c4bc1f80fa9e6895a572d267270c9b1ddfec4462164a55366fae6,0ce79dbb98757dc4984d324197949a54
Assets/Art/Image/yin/a4草投影.png,image,.png,11137,a0deaf0c9d89a784fb4a4f651d334319f361a505d0f81064dfebcdeffabb0dba,4f973008e956a284ab0c98835e2a9cee
Assets/Art/Image/yin/a5草投影.png,image,.png,7782,926c1b5b7113149568766bb4a41e7950a39c58c288ed0930aac8285932b62b05,04fba80b0733488458763a6d5efd238e
Assets/Art/Image/yin/a6草投影.png,image,.png,14158,3b14500648f1b96e456e23f8ec0a2af07b327eac2699ce98f877477ff3f13a45,3dc7972bcabed994bb060c9383d14c54
Assets/Art/Image/yin/BOSS投影.png,image,.png,11035,31cab71f278cd174ec4fb36bac352b176ab8cd336214fcc7d63dabf9c623b218,88b66e71cd16b3b4a91d11e156c35365
Assets/Art/Image/yin/玩家投影.png,image,.png,7814,45f8cb534b6eb9e1780e3f2b4128c7fb0d78d2c3d6625014600ac4b0f9d86372,229f65ae50a05ee49933da46f41fdb32
Assets/Art/Mat/outline.mat,material,.mat,1195,17a312b552fc7d015a95140ceaf6b49d745dab165e5c3fe6c865e59c2808bc17,cfe24b00b45ab504d9fe3293c5467580
Assets/Art/Mat/outline_sh.shader,shader,.shader,2618,db72381797afbbc455f788755b9fa14c9380b1bc856318ad1befeeb0893f26a5,0fd6811e75b72ab43a86133cf6e1d58f
Assets/Art/Sound/amb_cave.wav,audio,.wav,10080690,1817696045f0e5cf58de736d920a4afe57f596b2421a6ff490b461783c19762e,409b6ac718d7ecf40865073cca936368
Assets/Art/Sound/attack4.WAV,audio,.wav,749646,0fb4403ceee39e1105b9bbb8f0d01554083e81ad7f21e272aeb06e780cc9b7c2,31aa451bd3108ac4aaa4137ea6d28ee3
Assets/Art/Sound/axe_chopping.WAV,audio,.wav,127054,8707e512a1027a972e0ebc7274c7abc0afe86611c70140abe627c3712c26cefe,8c457e326f1190446856b044de32fe74
Assets/Art/Sound/BGM/第一章bgm0526.wav,audio,.wav,18113032,7aefc017e59899b0e550244245b032471ba61d809fa8f5276ab54d408f7df93f,83d20121a166bdc49b53a1236e0882d7
Assets/Art/Sound/BGM/第二章bgm0526.wav,audio,.wav,18113032,7d914117311117824b99175f3a30d58b0c82db60e0e675f04ff38ebf59aa59b8,05a87c31cd7780347ba4cfe4a75ea5cc
Assets/Art/Sound/BGM/菜单第三版.wav,audio,.wav,38759694,8001b4733e775948aab4de694c88ef086b09631b5830430db9793433f6ca91a5,a8667e4ea29972f459e432a914998d9b
Assets/Art/Sound/blanket_walk-001.wav,audio,.wav,61518,d0a00f0e20aa5635f1b0eecf5dcdd26d7fb40b086edee44d519bf5c2ed63935f,9cf9bae941787f14d9961d2bd90b2e3d
Assets/Art/Sound/blanket_walk-002.wav,audio,.wav,65614,663c6a82d1acbe1c6e87860d4cd5ce250311fb36cf432742591fdf78a1e1078b,c8c0b3a3db980c646a33564aa709f75a
Assets/Art/Sound/blanket_walk-003.wav,audio,.wav,49230,8b87807c6d93017b306684403e2d9c2aef3aaa8d9f0bd6afa06b2c4c028fb65b,af72c36d38d11794e80eac9d4bf6c3d5
Assets/Art/Sound/blanket_walk-004.wav,audio,.wav,77902,7487ed6fc818e05b7ad7aa7ddb549e1e04669fe1131c14b5410b4b87dbff0ffe,1892c8154fd2bc74d9ffffac6ca469fb
Assets/Art/Sound/bomb_burst.WAV,audio,.wav,143438,46461e578771c03ab8b1b6edb7b858ca38a1b37dc4850209a5e3df71898bc3bc,952688bf1044f60428b5e631fdb156fe
Assets/Art/Sound/boss_beat_puppet.WAV,audio,.wav,254030,feb2256bf9dec8082f4dc522ba1efa78fc04f572081c152484629481f1343165,a7636cbdb4db60f45b2dd88f34381bd6
Assets/Art/Sound/boss_being_hit.WAV,audio,.wav,159822,e7390487eb7b221c4e3aec23b9f18141f3be73c52df941e9f4bfd8ec07dc0ccc,9520f3fab2ce66c45823fa6e24bd77e9
Assets/Art/Sound/boss_big_move.WAV,audio,.wav,143438,e9af9151c4462531e3848375726cb0f430351b81d2f24262d64d88003efa7db6,3dc615ccc43d030499f571baf8a6c77c
Assets/Art/Sound/boss_chop_big_knife_twice.WAV,audio,.wav,614478,78031811312e72993648ab9bce5a8e00b775eb1feda63371e27496013f7c6903,f2061209a0cd4f0429d9a9f8a15c433a
Assets/Art/Sound/boss_escaping_walk.WAV,audio,.wav,188494,aadb23c34ad544b1f92f8acec651cbc53ad65cc54e6319d24dd1f2f9721c7195,240dc3d69c29b4d458c65fd9b6a5099e
Assets/Art/Sound/boss_eyes_light.WAV,audio,.wav,127054,909e8d4995b84e8acdb6cd82626ce488f8d5b6a35df8194f64b44bfa8843055b,e80a0bb8827b90d4e8707e54412072ec
Assets/Art/Sound/boss_fast_stab_with_the_tail.WAV,audio,.wav,536654,b90a5aaf41b3a2ca4a498e2c82d4f81761426892b5611b88a4c46075be0ccae3,fd8805db5f5720e4a83c12674f055fd6
Assets/Art/Sound/boss_hack_needle.WAV,audio,.wav,237646,e7efc24690b11fac2d0abe3e30d688c64f455c98a97fab55a10675a29bc2071f,3d13f726bc402f54898a62823c4279f1
Assets/Art/Sound/boss_head_gnaw.WAV,audio,.wav,385102,d4b892a77a6ea73c3fed3b5dfe3e46da848eaca36d8d6e85f1e43f1442cfcdb3,d78171ffa5904b245a4eb538e8892e15
Assets/Art/Sound/boss_head_hiding_in_the_ground.WAV,audio,.wav,385102,4fd6142c20e4f2e9a63353419c02cedaa3d9f4ead4c572d2ecc5bc2c04a78387,a90cea4f9855bbc489445cb4797c4085
Assets/Art/Sound/boss_head_out_of_the_soil.WAV,audio,.wav,196686,7752aae50e3c0f4014ee73483955066958d33efaad75999c1d70471d421efc71,bb87197a5c35da44298d46bbaf29fa4a
Assets/Art/Sound/boss_head_shoot_the_ball.wav,audio,.wav,933732,ae2da1b0a707bce1c7b01befc1d67e1214a31a85c36297e7050055412c18bdae,9c8012765f0cdbc43a12e2f722fcf606
Assets/Art/Sound/boss_jab_needle.WAV,audio,.wav,143438,b4931c8c3f47e06a0dc41cc6ad64ab38534a30ab01d2e6adfdb86f4f25c2c1fe,dfeaf94a6aa79bb45b4df7c64e28ab4e
Assets/Art/Sound/boss_stab_with_the_tail.WAV,audio,.wav,368718,1cb783248e8f5448209590cba47ab69dafa8423c75750a508dd66ac72ac1d189,75a8a2e1d614adc4eb1d22162f5b2d89
Assets/Art/Sound/boss_tail_comes_into_the_soil.WAV,audio,.wav,344142,28c7869ef914f75a04203cb7829da01cfd3d0da5378b85cb36ca0099b8364d1a,5851a838a080da7489caee79a6d2b907
Assets/Art/Sound/boss_tail_comes_out_of_the_soil.WAV,audio,.wav,385102,65094f04cbf2a31083a73b4b8f17e4da230d5d53551d24d5084ba557f8aaf1ac,02baf1454287a2c429ef9114365214f5
Assets/Art/Sound/boss_throat_knife_under_neck.wav,audio,.wav,326226,153322ebfa88d31af9ff1a3ba0ee9c1d9dadd874d458e000a6cd7157017e10cb,d5094f8a8d1245143a643aebb76c6332
Assets/Art/Sound/bump_head_hitted.wav,audio,.wav,77478,00a9339584f3f5f0eeee529bfd372842c42c796b09c4a7fde614e4aabd31d267,a6ae8dacade27d94093736c6f6df8dce
Assets/Art/Sound/charactor_die_001 1.wav,audio,.wav,439848,97c70a039e421e44dc8e9ec8827a7903580a13184b8516ddbda58c197d2cbe4e,9c755b92ded5bb1468147ef347907cf5
Assets/Art/Sound/charactor_die_001.WAV,audio,.wav,262222,991069c3ed0cb5394c330581331a01d7b5d3c4f4f975244af663f15651b69fff,b7729262205358948bd3f2555d19348f
Assets/Art/Sound/charactor_hitted_001-001 1.wav,audio,.wav,106008,1971e8999f66d51114f82e8ccf84f267c7d07258b60e8de5469ab97565083757,564e06e2a382952489502831e618a485
Assets/Art/Sound/charactor_hitted_001-001.WAV,audio,.wav,53326,21ca95dd048ffb2d3df8686a2807636a29f7ec5d8fc12c2d7b087e443fb23518,0386f9fa4a0f85d4b862a3ca95b39e03
Assets/Art/Sound/charactor_hitted_001-002.WAV,audio,.wav,53326,174e96aa4d9c5729ab91899e40debe87cf3012689435af7605a828744ac4c9c3,3074f0b2a4dff8943b03ca138c1d2a32
Assets/Art/Sound/disarm_weapon.wav,audio,.wav,137254,98348056748b04a403f26d46d00040bce9f5a302c7698627441b2d00f768b8ab,e01f1b8b095e5dd478697f0dcf49fbba
Assets/Art/Sound/equipping_weapon.wav,audio,.wav,288690,fef1885e2a05bc05c21575e3dadba5aa75e98b30c1297e08f1ba64171e083746,5e4ef1ac3755e9b4195cb262af8dabc2
Assets/Art/Sound/grass_sways-001.WAV,audio,.wav,131150,9ad15f91edc57d6d2dd34252bc3c35a006449bc00c7016db56c77fd5fb6ff285,b9aee10578d983646852faa2b72a7331
Assets/Art/Sound/grass_sways-002.WAV,audio,.wav,131150,b6fc94ce9cae50685b7419aa8349c873af9a4d187beefddfb3995c5867a19be6,cd0ad3263f8f21744840ab955f14139b
Assets/Art/Sound/grass_sways-003.WAV,audio,.wav,131150,e6f15696e3da234265b71687e28dc010a976bb63bfd2a8e1d89219fedafa50cf,2c3a42ebbcc7513408005bf89f9b0769
Assets/Art/Sound/grass_sways_001.WAV,audio,.wav,131150,9ad15f91edc57d6d2dd34252bc3c35a006449bc00c7016db56c77fd5fb6ff285,ac99dfdc98aef27419b5675b5a6092f7
Assets/Art/Sound/grass_walk_001.WAV,audio,.wav,36942,8aec5ce6896ea5f865832f2442e54223c6cb6cea62937fb278ad183a230c6a89,65d49653bbe5c2843870559d71e8b7cb
Assets/Art/Sound/grass_walk_002.WAV,audio,.wav,36942,b2c37c99f8f2865ce283b4c90d1d98511091f2e5340c176ed2cffb792929053c,5dc08a4ea3d06ef488eff5fd76a6cea6
Assets/Art/Sound/grass_walk_003.WAV,audio,.wav,36942,d2ec59e5174e6f4bd6abef49497201d642945c20386969e450079b69885f74b7,f89eac0d5705a784889ad71fb5a0f049
Assets/Art/Sound/grass_walk_004.WAV,audio,.wav,36942,d833e4a659b7159fe25bda535bee5e244ebaac838ebcf577dc2e2358adf5c0df,1fd7e4c9711fa5741bd7bd4603dfe5be
Assets/Art/Sound/heavy_weapon_power_storage.WAV,audio,.wav,102478,c8409a083fdeec5f96e8adb0057acc230a4ce6dbf6c678a68f48bc37c7e3f8c5,ac74008eaf09910488da819441a9cfce
Assets/Art/Sound/NewAudioMixer.mixer,other,.mixer,4172,cfbdcbd86c32d29a8b79f33547e02bb5d6e694b7044d81b4a499693e1c0fd381,2547335fee2327d41a26bfa9764b5a98
Assets/Art/Sound/paper_plane_flight.WAV,audio,.wav,188494,4c866bc45c3e28952dda78f66b37a4d9a2f26537115c791af8cd8582f09e26d3,1809030ba6d5cc74189571df8b1d3891
Assets/Art/Sound/paper_plane_throwing_fall_down.WAV,audio,.wav,106574,a436d8a95ab7c78933d0c02cd9b15b7e789a3b796e109298c4b8670aa099f84a,3ffb43680699741488f07ad4be5d7e5d
Assets/Art/Sound/paper_walk-001.WAV,audio,.wav,36942,fa1d8a73c67780511cf5b5759d851705672908d7b5c99cadae4ab2bcaa82f7d5,87b2710771729e241a1e0a357be1cc22
Assets/Art/Sound/paper_walk-003.WAV,audio,.wav,36942,6562450de8be5cd37384bd51f39b5be7ec645d1902aaffe838dc12cc8e539af8,8709ffb86642ac843a89e352e583d075
Assets/Art/Sound/paper_walk-004.WAV,audio,.wav,36942,97b83a6e8ce5f0a92dbd625d4754fdafcef82dd63c04f353a3319c7f2365a40a,4eacaa439b3bd0d4495ae387df2c5899
Assets/Art/Sound/paper_walk_001.WAV,audio,.wav,36942,fa1d8a73c67780511cf5b5759d851705672908d7b5c99cadae4ab2bcaa82f7d5,988c54f336018f24c92edd68bf25ae2b
Assets/Art/Sound/paper_walk_002.WAV,audio,.wav,36942,97b83a6e8ce5f0a92dbd625d4754fdafcef82dd63c04f353a3319c7f2365a40a,716ef5a1baa617f4db2ae7ed258190db
Assets/Art/Sound/paper_walk_003.WAV,audio,.wav,36942,6562450de8be5cd37384bd51f39b5be7ec645d1902aaffe838dc12cc8e539af8,9e28da48e9c0a26439176c5f1286ae63
Assets/Art/Sound/sprint_run-003.wav,audio,.wav,289390,27b373344a6f17ddb0331395761a68d0af20145301a48b4c3d21f872027ab9fe,259a7f9fc439387438d51f353831c030
Assets/Art/Sound/sprint_run_001.WAV,audio,.wav,45134,3906d556046383550330a616a288fc4d8742f8db4ba8e8e8766695457a632fe6,9c2f7380048b33440a91019279d90856
Assets/Art/Sound/sprint_run_002.WAV,audio,.wav,36942,b8d27253ecd301d818c1d73f85c81f28276f630d75058d9bf49f965339fe3fcf,a9f702410607128408fabf4fbb0faf24
Assets/Art/Sound/ui_click.wav,audio,.wav,155340,af5727f752ecf5dc5bc2be9b8e0442b866ae3b0c30205b8f0b7907f74a0e981d,3ddb0341e5110ab42a6b2180ea2af056
Assets/Art/Sound/ui_menu_switching.wav,audio,.wav,62382,e7d03312db74e8106aab5b2fe7a75931f643255b79c01c88facca7bdfff68da8,91affeed33253cf4da866a46bc8f1187
Assets/Art/Sound/wave_machete_twice.WAV,audio,.wav,118862,9a8dc121503854b3041c1762f888765b55d9e8f6c6fcf2febe4c0388fd946f08,bd615949e46d94f44b1c51a9174c82b8
Assets/Art/Sound/weapon_bomb.wav,audio,.wav,389664,7623d4382327335e4692dd11abf82880297ba38d796da9be98107e4494f93d23,da6ca57157335d14fb22302a7fb608df
Assets/Art/Sound/weapon_hitting_the_ground.WAV,audio,.wav,139342,6bf6c229963983bf82daf3ca714b426f8fa93636d68c90b5c79aafd4f5528ed3,2cb9cd5ebb708a5479560f0897fdb918
Assets/Art/Sound/weapon_waving.WAV,audio,.wav,106574,5da0f76a5c5d1c41f63c1f203e93b6866aef7c9fab88dbd3ebef604cff9e5b6e,763389bc2b264ab43a7432cf05fe843e
Assets/Art/Vido/1开头.mp4,video,.mp4,5093240,3636e9839622850d2cae302c8b9c59b00278ffd1be69dba1147c9c2dbf054689,413234fb6200258469ee961d3ef7df07
Assets/Art/Vido/2循环.mp4,video,.mp4,12291532,63804c9415ff4e59ae8972c20e930a4244f7c18fd18a018c1398b7f806c3b0c8,5a6371283a674d644b914e1e98e8f71b
Assets/Editor/SpineSettings.asset,other,.asset,1011,fd29000f882c57e3e388aee693474f518fd8fe93ae50e379d47b19104125d93a,988a3d259bd63f945b6b9d0899789646
Assets/Game/Prefba/Bo2_Dundi.prefab,prefab,.prefab,9218,7cd25ca54de888fff52d67dba6c9853747c7cef179d23b9bfe1f9a266acbe877,1b920e64eb554ad46847088e6f8bbda2
Assets/Game/Prefba/bo2_sk2_luodian.prefab,prefab,.prefab,2783,6861b7ace104a8faa555d661978c34e5ce4c11caa5aba7a39f78447833d4990e,a1607db391e754e4e8e3319b90db656d
Assets/Game/Prefba/Game/Esc.prefab,prefab,.prefab,32424,8a4ce4f7afe8053364113c144a664d38dbe3443f39ef7063fe9080ebdcf64ea4,0ed3c844a4ca4884c8e28f2c7d8c690e
Assets/Game/Prefba/HitFX_Jiandao1 1.prefab,prefab,.prefab,4368,bbbb1d0f9ad60e26048a01987950870c0910d834c6e383e71beb5f090137adb7,90f625db7e09a384280138acf53228f9
Assets/Game/Prefba/HitFX_Jiandao2 1.prefab,prefab,.prefab,4375,39b9cfecb5a63cd97d5f036e0d4233fabef7627feef76da2dcb731e144d107d5,4cd639ea518618747b09baa9d20f7fa7
Assets/Game/Prefba/HitFX_nor.prefab,prefab,.prefab,4369,09a81eab0a455484fea565a42d989f833331c2d7e62bd552114cc28267043bda,ad2500fad06f85241bf40920301de191
Assets/Game/Prefba/kongqiqiang/kongqiqiang.prefab,prefab,.prefab,2344,e8fd3f556e092139dfac1e54cc145fab2ad4d3ae1c2aa9a50abd501a2103ad3b,39ee721438e9d34439b1c19d382a9c02
Assets/Game/Prefba/PickUPWeapon_.prefab,prefab,.prefab,15775,ec07687f24d4b261d44f0d57a26dc7213217b2eede3b40fcab6110e722f46fc4,a5814dc472eac324b853d28980d29579
Assets/Game/Prefba/Scene/b2_cao_a1.prefab,prefab,.prefab,2355,e835a3fd863292d6b0c2f5a996ec77b973445cc8f2b78d87dd14408c3eee0095,67b2bac95d9c4d34782068cf03f21362
Assets/Game/Prefba/Scene/b2_cao_a2 1.prefab,prefab,.prefab,2352,367d9b043edaecc9719c01f8329923a138abe074fd14dec37d26d38fb0788f6d,8d6f186ed06a35f489c5616730521970
Assets/Game/Prefba/Scene/b2_cao_a2.prefab,prefab,.prefab,2348,f3e11de00af8b35b446ecbe6bcde8f0337e48d3c8273bad0ef2cfdb4b94b135f,0905b820f3e520a48a43f33c0126de8c
Assets/Game/Prefba/Scene/b2_cao_b1.prefab,prefab,.prefab,2344,c46a924f985494578448ba5f541114749bde650f0ccb05f0006015c81f1b316d,45fe4e7ce0ca09d48ac01e9ed7117766
Assets/Game/Prefba/Scene/b2_cao_c1.prefab,prefab,.prefab,2346,1f6fba50254ddf4a78a4a910ab2f8d4c131e29e53f6e0f430666dd033e1caacb,3d93e4018410bd44f91dac055bdadf1a
Assets/Game/Prefba/Scene/b2_cao_c2.prefab,prefab,.prefab,2351,9da15182fc6c68d55fc7407573db425e9d33cfeb6f98b0be5be503a38514576f,161f10e7463ba4949bb13f06664990cf
Assets/Game/Prefba/Scene/b2_cao_d1.prefab,prefab,.prefab,2352,d355367f259974c6f6fb2304acff1675a3c4752f3e036d32e65caa6c647224ed,a1106b18ded8885498cf8641450648ce
Assets/Game/Prefba/Scene/b2_cao_d2.prefab,prefab,.prefab,2352,77b1258679c9a4e41c06b7bc76b5c206940610f7615dd03a2c62181bf263a163,efecf147d82a934408ac6c5dccd75192
Assets/Game/Prefba/Scene/b2_cao_d3.prefab,prefab,.prefab,2351,ca7799cd56cf73937bec989b55723a5f36e9e203fb3268aecaa31cf51ebb8f21,d54a010ab7cbd7943bf101dc0dd7c3c6
Assets/Game/Prefba/Scene/cao_a1.prefab,prefab,.prefab,6821,f183c34133a68b251e59b4ea8848c253607317d9aad7a6f2d7bcc1500af1b62d,1bd33cda4a98c2f4c8ea94fd669e51e1
Assets/Game/Prefba/Scene/cao_a2.prefab,prefab,.prefab,9377,dc4415e4ce93f857a85ea5d7fa62df04497818ec5546d173cda5c1a0966111a0,9ba8dc4bf943702409512a6e209059e7
Assets/Game/Prefba/Scene/cao_a3.prefab,prefab,.prefab,9378,c10de464ed9032a93174e87cbab5cb6fc1aea76a9502f9f79fe02e9a472a4a48,5d0a2d2ba945c7244af738376bba749d
Assets/Game/Prefba/Scene/cao_a4.prefab,prefab,.prefab,9376,296d540ba7ad01fa77694cfdf0d13c0cd8cc23ede10ebdc2955f290328a37514,37e03459e3626434788e2e23c2bbb472
Assets/Game/Prefba/Scene/cao_a5.prefab,prefab,.prefab,9383,a11cf73e6f65bb38d542a60a84ee4e79f6af8dfd4a9d7ac635aeafea50dc6e2d,081740c171d941142911f0a601e89ade
Assets/Game/Prefba/Scene/cao_a6.prefab,prefab,.prefab,9382,86b418decd9ab0e50b1b5fbdcecc5adf789728360fc52758ceff17f05c6b743d,cb2a2f7cc3a77b947a0821f3160e613c
Assets/Game/Prefba/Scene/ci.prefab,prefab,.prefab,2338,dc2a40b4780cf3ab08a4eac5a1d992e04a74076b5083204a804a8a1ad07da213,c694ce547e095bb4abc40682226a3f78
Assets/Game/Prefba/sk_Bo2_atk0.prefab,prefab,.prefab,3476,edab970a1936fc57166e19655756720f396aff23ddfa96638923db107632e2ae,4b3301dc62f5c1244bf58d87e2d00806
Assets/Game/Prefba/sk_Bo2w_atk1-t.prefab,prefab,.prefab,3336,6eca212366a6662188872e3fde4b3b3065b1b99d66820fcfb08b59c1352eddaa,78296e3ca121bba49a2fa878a2e3609c
Assets/Game/Prefba/sk_boos_atk5_item.prefab,prefab,.prefab,5692,123dc48da38e5d8eb55d5410d6230c20ee0aef56e422a061232d572b674754fc,d9fb331ddd3c05c4583cc1e837536c36
Assets/Game/Prefba/sk_Boss1_atk1.prefab,prefab,.prefab,4048,0467667360add143fe9d8b607a79b3bb439ec771e30128c1fe67a06abad7e8db,38efe82db51958744940fac70789563e
Assets/Game/Prefba/sk_Boss1_atk2.prefab,prefab,.prefab,2943,6b53ec784dd354bf81895f0f98ff3b4e3d5a6ce55058aa085bd355281089da55,d79f7a0830fc4164cacd7b063dac72d8
Assets/Game/Prefba/sk_Boss1_atk3 1.prefab,prefab,.prefab,4085,3598daaf4e9ba67048a11724e40cbf2eed3d512fae60c53c088c0174e1f93855,8f595677328e338479a569cb4c660e93
Assets/Game/Prefba/sk_Boss1_atk3.prefab,prefab,.prefab,4083,0cf2fbfefb692fbd40bae805f6783f7af400bdbaf80c41820ba05a9fe5fa947d,4ba500a3fe44cbc458f2da7e142f3433
Assets/Game/Prefba/sk_Boss1_atk5.prefab,prefab,.prefab,26133,36df9924d067486cfbf2ecea5f7011c15f0eebd05050b2c4118fcaa90e630f7a,3912175a804bf4342ad070c194c2073f
Assets/Game/Prefba/sk_Boss1_atk5_b.prefab,prefab,.prefab,4015,abe032ea97d75e7776fca8aaada60fb0b82779756c447a3a2a4b154e267f3751,bc860c387b6c4c4409c0174ec41fa159
Assets/Game/Prefba/sk_Boss1_atk6.prefab,prefab,.prefab,3341,ff484e0761f78061e46a26cfcb90873079c7c1985e9cadc9696c47da2a45e0a2,99dbd14ff4c05be4881280eaf9597d36
Assets/Game/Prefba/sk_Boss2_Atk1.prefab,prefab,.prefab,3479,05bee4e06877cb65e7458073c2d1ee20f6ddeb92aea2b5fc213881e18333bbdb,f301ca6b77c0eb946841ca75b0a2ef1f
Assets/Game/Prefba/sk_Boss2_atk2.prefab,prefab,.prefab,13945,a25f153cb0383929c025aba0dec6434a24bb42ae7eef7df4c5bf70af91bb483c,f270746db49914543bb6de358ea0a2cf
Assets/Game/Prefba/sk_Boss2_atk2_s.prefab,prefab,.prefab,1444,0b6e37b39e4e6e5c71b4a59a27ac240b56e22e0b8f30fddd32eeb51842b683b5,e56eb890b284b234f8209f4ebac28586
Assets/Game/Prefba/sk_chuizi.prefab,prefab,.prefab,3828,daef8b09d86a3daa4c5e49ef9eec769a33dce30fda8d37f3e94772fb7371be40,4273320bec291cd4b8df778264046f13
Assets/Game/Prefba/sk_feiji.prefab,prefab,.prefab,11739,95340e01bbbfbd6a048b3ceb8efd7d3add5dd70b0642bb8e3be149f1480af585,45ed9ae823ebfd341a5d8567c36a52b5
Assets/Game/Prefba/sk_futou.prefab,prefab,.prefab,13749,f91357d4147fb56c6274418b1b187f3c947d171dfa6ec7394239edbf6866389f,afff925e288e38841bb6105e8ed8499f
Assets/Game/Prefba/sk_jiandao 2.prefab,prefab,.prefab,3235,5dd9585cb3e3829db9335837815ee27dd3962107a09e50d757298c3dcfc27356,2d13793d7c0be864cbcfb040d17b8109
Assets/Game/Prefba/sk_jiandao.prefab,prefab,.prefab,3231,a51ceda59b46c9aecc5341978cfa148a11f2d64a875c997688ebe45a4af5d102,40e6ed8e7a2f33c4fa1f591bf62b9ed7
Assets/Game/Prefba/sk_meigongdao.prefab,prefab,.prefab,3861,73e1f383c8e96233e573af3b945d581a58862d5fc48d3b157c7bd4e3ad0cc915,ad1c0585c2ab21245b913f2f85d23539
Assets/Game/Prefba/sk_nor.prefab,prefab,.prefab,2979,856624cb6441835b17c8b799ef0a98900af9fa5d7409925a84cd064d607dd9c7,2b9f984835d99724e808695b0f84e99b
Assets/Game/Prefba/sk_zhadan.prefab,prefab,.prefab,14109,121d2b99be4945fd105cb54c80b4728d910cb5651d8771faf28dc94b89838e1f,673cacd7b9c8c3947820b9c74368a50c
Assets/Game/Prefba/UI/BossHP_Item.prefab,prefab,.prefab,10593,70d2e462145073aac8b320d42d38e8e9978d2279096b3f2d212046bd8a6e61ac,ad4e1c1d08ebbec4e93653269f8831ef
Assets/Game/Prefba/UI/HeroHP_Item.prefab,prefab,.prefab,3731,f6e019517d13fff2ae39ed6203133a9e2bb938903dbbfbf97d0ab0ef6e785d53,13664d229ed10964f85e3b510f015670
Assets/Game/Prefba/Weapon_Pickup.prefab,prefab,.prefab,2374,8eb031c493b4553fa44fc982d4ff8d5ece1a99a0eaed920e2abf51f38f80b62a,d56c90ac0e97bce47817fdd04d51e2dc
Assets/Game/Scripts/Anim/AnimStateMachine_DMD.cs,script,.cs,4327,2053060329bf7a4a47dc769f70976154ba58c35dd91b1f23d40c435fcc656023,450f828c072c4c045a93df23b198fe33
Assets/Game/Scripts/Anim/EnterAnimStateEvent.cs,script,.cs,1853,56ec3d70c2a023818a4adfe358f3ea1c3bc72dcf792eac1965d66119176aea25,a248c9c6fd6d4ee45949c4a43ad8e435
Assets/Game/Scripts/Anim/PlayAnimation.cs,script,.cs,307,886ec28874eaccebdb2ee42579a13818ec667a1900878a090c5b205bab71f895,c298c5f60eeea844cb47bebbbe1acfe8
Assets/Game/Scripts/Anim/RestXuli.cs,script,.cs,1513,6fd91dbf0d9eba0ae5c8a71d1327e5ceceb64cc8570fe930cdd088b2a7fff0af,44e3d664aefcbba4f943010e24ad223c
Assets/Game/Scripts/Anim/Xuli.cs,script,.cs,1484,9f341899b19c044f99318fc71a9a5409f6a3b6b04e81fb321a91fec6a37d0ef9,d9cfba8ee690c104ab4a238702dae4c5
Assets/Game/Scripts/Boss1_CollionTest.cs,script,.cs,467,4efa43299927f72ffa644b744f5e46792b26d0332f195a0363a5fe83b97e21d8,20c0a34dfd3c53d47bc5d91a0c29dd6e
Assets/Game/Scripts/Boss1_Controller.cs,script,.cs,13390,be628c9a67269a0d946396d107c5f782fedb6bdc12f2286e3d1dbf9ad230f70f,6e9398c5cce8f974db2ca17c59866891
Assets/Game/Scripts/Boss1Anim.cs,script,.cs,5719,69ba2001182ae508bcb8df0354d134c5f6ad35f60f7e00e07cc83898700a5980,11f1b261d4ed2b94db1714d0f7ffe2fd
Assets/Game/Scripts/Boss1SoundManager.cs,script,.cs,1633,3d31eb6c12385cc00caea0b89a83747604ee31394a24de4bdb17817a51bdbb1f,a69756bdd00cea542af07d0b7ed457e0
Assets/Game/Scripts/Boss2_Controller.cs,script,.cs,16010,637799408739b539535b59b8a9220d42f1fc736db9ec1845267392c7e03e0a13,f2ad7fd1b0879364c977eef6638a3c42
Assets/Game/Scripts/Boss2_Controller_w.cs,script,.cs,6626,589baea2580843e408c050b3cfa1a6f7947f7af86f52c1918d32f180c1b24147,dfbff8a60058827489ae3317cccaa10b
Assets/Game/Scripts/Boss2Anim_s.cs,script,.cs,4156,5cc7edd1f680313c324982f57c7ba013bf9bf6dc48be39050c8305924b65c8f7,55f05c5e17080ae42ae1387a825ec8e8
Assets/Game/Scripts/Boss2SoundManager.cs,script,.cs,1430,65ab727e9f6ce7750f51d396ea13f2cbdefacd406b5b194ba1afba2724251cee,80e7bd93ffaae1c4381b6e6e060a0174
Assets/Game/Scripts/CameraShow.cs,script,.cs,617,1bedf03fb33443791d782c48e0d21928050379c01305baef5e38f96c83858aa0,e934cfbbac773604ca4a8dc97d7cf464
Assets/Game/Scripts/Death_sc_Over.cs,script,.cs,1549,bf8514f7060926f52aeb1a812de900fffde0e218969c4a66211ae07fdeb7d1fc,fd7f6af96f768fb44a2ab4ddd75f68dd
Assets/Game/Scripts/GameManager.cs,script,.cs,433,2ba6931f2e875b15f12c970d02b9a3f300893f47284a8dd8b7e889953a77eabe,a09252d9f50b87c4dbf26119d710562c
Assets/Game/Scripts/Hero_XuliTip.cs,script,.cs,1163,95bb9ae0751ea13d6990cfb4ecf9d21caad03344bb12d85dca7606753cb65ad3,2eac8d0403d22a047839822b45fcc494
Assets/Game/Scripts/HeroAnimStae.cs,script,.cs,3780,43554406ca2ce4e369f8e29ef3902a2dd9d0246ea31ac77cea14f5341c8b21fc,3cad2f9b09db5af44a1688002911be4c
Assets/Game/Scripts/HeroCamera_.cs,script,.cs,658,174b981b627937e09c8dedbe02dc3885df3a45bcaf7e2c64be886d0faf64508c,fc8efdc37e9e6ec4cbe85f174b130f39
Assets/Game/Scripts/HeroController.cs,script,.cs,16950,0951194dc84cbfd266ab699d647f556abc128f6b7acc5fcc35ee4dcc4068ca02,c59be35578941854f8aaab72c7879167
Assets/Game/Scripts/HeroFrireSystem.cs,script,.cs,3505,d710d44ad319434e34221f69a2ed02fd7c7c43b7d8d1c7f552dbc64608389ac3,a8c9f128efb2ed74b94c88c785b7fa64
Assets/Game/Scripts/HeroSoundManager.cs,script,.cs,2150,50958f07aeb8e53e689789020d1eb47d5304a12463e84dda6a345478e57e33a1,a0e82e73cbe021d45984c5b13ed3c0e0
Assets/Game/Scripts/I_Damage.cs,script,.cs,236,528d848b56a8cc52f170565ddd176c7f1ffa4dcfd13656b45440e8aff7d44974,d7913e695d5a8e04f82a2a22b0e012b1
Assets/Game/Scripts/Pickup_Weapon.cs,script,.cs,3621,cb69fb239be3c2a74aa2b1a651ae7f138b1e4ddc5554fd8d048465c009d9c88b,0817d955fc006f44eab0e196df7836ac
Assets/Game/Scripts/PlayerInput.cs,script,.cs,313,7a0c0226f0f2c7535766ca94c0c3b47368ba58c04e141736d64c2ae5dc134da2,6f3bd58963b700548a6bfc9ecea94002
Assets/Game/Scripts/Skill/HitFX_Base.cs,script,.cs,234,aa2f74cf712dc671b1be73a43236765b801f34f695d480a33026275959a88699,2b0cfcf04a5abe74e851d51bc607f12e
Assets/Game/Scripts/Skill/Sk_Bo2_dundi.cs,script,.cs,1442,78bd88d21aa5840124b6546591b17569dfd7f15358449bd7ebe524d30f3e6cde,55090ca14eddf5c4fa85a97cef437248
Assets/Game/Scripts/Skill/sk_bo2_luodian.cs,script,.cs,2441,97c64f9ccd00e1ae9fa9e301b9dac30c2a73fd2df284b34dcdfc9803f5582b66,8084eb5a21227ec4fa61ee8fbfe8a014
Assets/Game/Scripts/Skill/Skill_base.cs,script,.cs,2827,4e6c9c3716570d11de759f92b63759342da8333610be880ad3cece21f01b002e,8c670642ca0b44740bd74c15210f6677
Assets/Game/Scripts/Skill/skill_base_randomHit.cs,script,.cs,448,7bc6d7c640a141ffb1d307d6be4e90d50592219dea284afababcc723672f41f9,e44d68f9cc5c29c46a78643164c3445e
Assets/Game/Scripts/Skill/Skill_Bo1_Atk5.cs,script,.cs,486,64fdb2d32eb79993e6ea441ab55794bab9c27dc5ab275b0962c55d0c82c38ec1,2a4669cca45599a4aab545e5749dcb5c
Assets/Game/Scripts/Skill/Skill_Bo1_Atk5_b.cs,script,.cs,1897,d3f33f53340d380ab44cb8357bbf980ad0bd463099ebed7eead83793b4488802,6d07763f6326f5048b66ec56306f8c38
Assets/Game/Scripts/Skill/Skill_Bo1_Atk5_I.cs,script,.cs,402,26ce94785805ebd5516339571dbf2bde4b64b4dcf2745dc07df8884e3e378a7e,14c4f1ca72550854586f881f92304922
Assets/Game/Scripts/Skill/Skill_Bo1_Atk5_Item.cs,script,.cs,1235,276b9a199b0ff1d0ce41e27f637c768927aad14b9839e172b57ce39afa4daf2d,fb44732972ec44f40b8fed2bb154346d
Assets/Game/Scripts/Skill/Skill_Bo2_Atk2.cs,script,.cs,4351,dcebe69292c5b5f3fe208ceb27e936979fa03c6eb69675e8de45f1e2129391f4,a611a79ee6ddadb48bccda98922b8b1e
Assets/Game/Scripts/Skill/Skill_Bo2_atk2_s.cs,script,.cs,1260,76946be0277b17ffa3c61e911e78939837d0e62dff06b0727b67489da423e517,5263a5469bb951a4a9545efbe1a795d2
Assets/Game/Scripts/Skill/Skill_Bo2w_Atk.cs,script,.cs,1060,d8aa57477e5b7f3321a4675df5436de91874ed3bf531c90c82a5dc9e950927f3,19ad4ed3bc8550c4ea58cdc11ddc08b2
Assets/Game/Scripts/Skill/Skill_futou.cs,script,.cs,633,edbdf068a200550be3a906360d6ddfa6d27b11a57414d6027053ec5b2b2384fb,bf632db34291d3c4e84e105717ed70e4
Assets/Game/Scripts/Skill/Skill_futou_child.cs,script,.cs,388,659862b2978167134101abb40144fa989558e3a225b13f88d68b5dd56d82334d,800cabbe5adc1264b80e672f103fb67e
Assets/Game/Scripts/Skill/Skill_Jiandao.cs,script,.cs,315,a02234169a9d575470056ea5bd2ee1ea3d9273fc2bc689c75db9e4c480f83983,217873a8fbd96194ea721418e802587e
Assets/Game/Scripts/Skill/Skill_Nor.cs,script,.cs,304,edc7b4d6ba0531ff116bc4cfa12a73e8cd1f62c6281c9bdd6a983f5e73a28385,ec5a50e7ac68dc445b2c9d489ef8cf30
Assets/Game/Scripts/Skill/Skill_Zhadan.cs,script,.cs,3655,117f02237f686fcfd47b9112446908eec407653c6ff119130e1331dcaff6bd09,24c6563d50d3d9943afe33c331e9141d
Assets/Game/Scripts/Tool/FunctionLibrary.cs,script,.cs,799,3f22f3a125859c24cf24d1281f7aac2a7ac9e3ad3de3b7707a7b91bd17de6e87,9ee049c8130b4d94f82bad935a16ddc4
Assets/Game/Scripts/TransformTool.cs,script,.cs,322,513d507af52404f021f68a116258a7638479397643058df4948c026964280f88,d56a58f321146ec4d8f9b58baf004f33
Assets/Game/Scripts/UI/BtnSound.cs,script,.cs,668,4679000fd190731b7317f64f8228ddb6b730550aa22d377569440aad7bf98cb2,3d7b885f386c53c41bf1c8fcdd697dd7
Assets/Game/Scripts/UI/LoadScenes.cs,script,.cs,2958,4c8e643050a34bd6e8fb1860aa4e9aeb98f3760748108921b413e1bbdc81f369,5c2d4008172127849a42f99b42b7a778
Assets/Game/Scripts/UI/StartVido.cs,script,.cs,856,c78b1da4b37c9f75908eab64f2aaabdfa513d5bf57164a282e93db37b11f5644,d43edb29e88b0f544833b5bbb54d0669
Assets/Game/Scripts/UI/U_HeroHit.cs,script,.cs,752,cff49df5a58abdedea7f079302e2c158cb59d8522d3fcf1763c093096fc29796,310b8a832920cfc44b3ee0c0a796b03d
Assets/Game/Scripts/UI/UI_BossHP_Item.cs,script,.cs,3396,00f71c23cf5608ada87cc6a07417241ebd663c50a751740d9798698a13daba7b,3b1b4e0ce86445441b3a77202a892f6e
Assets/Game/Scripts/UI/UI_BossHPController.cs,script,.cs,1099,333813e4be975cddf0253be5f384aa32473f063b4eb99c804235a2a6e8d1327b,f1f2a4ac3fd25d54ab848adfe84f581d
Assets/Game/Scripts/UI/UI_BossHPController2.cs,script,.cs,1099,ca7fdf9bce00a991ebd23cd16feb27466adfd320f7dcdbd3871a4f942ae01ae3,fd7a939aa0a05004ab3d85017ad27c17
Assets/Game/Scripts/UI/UI_ButtonAction.cs,script,.cs,2519,483a5c2a8286cd25e279d1ec8c32621a368a635b9855089084ff5d7ad05acecb,b9cd36b0d383e7f4487ecb2a57b8b5a2
Assets/Game/Scripts/UI/UI_ESC.cs,script,.cs,1324,502ed2e4237a13cb2892ab7b21405635b7af24f2b2627e12c11ccf187b6eea3f,83e88180789b9614699de8934fb8964d
Assets/Game/Scripts/UI/UI_Game.cs,script,.cs,1926,a3edcb023d38d4dbbbf3f86d9a2bb500f5f12cf32a28e5c7ac4e64a247213726,4c7052e4a9a8c5c4ca5d17fad91bc032
Assets/Game/Scripts/UI/UI_HeroHPBox.cs,script,.cs,731,95709cca559f0e2e4d8d16f2ea4c17a20f995e2338930b78f77752c965d1933c,96bff7c2db6b2e643a2c57af27ea8def
Assets/Game/Scripts/UI/UI_HeroHPItem.cs,script,.cs,516,681ec34e19af18530bb7ae487da9b16e1f696ac847df0d2e6b5ce8c463bf703f,b6a708d0191e2d143af4c0dcac0a152b
Assets/Game/Scripts/UI/UI_HeroInfo.cs,script,.cs,2519,f3a031967df9ad78b9978e3370e4976180a3000d7d41c3128ada9a5554d0bb63,10b5e2d63d3a11d4ab1a741699aa88d1
Assets/Game/Scripts/UI/UI_SoundManager.cs,script,.cs,825,b1d3cd9937065a167ac28b023035defa653ab60ee647250e12f659f21eb3dfcb,934366cbb0b605a4e8d82eae91179bfb
Assets/Game/Scripts/UI/UI_WeaponTip.cs,script,.cs,2053,cb5152f658368b5aa772f9ba4b22ad72940a96af003f5c962df31c423702d95d,dcf9a85d2ea01e94ba8ac3d360389559
Assets/Game/Scripts/Weapon_Hero.cs,script,.cs,313,90d5bbb7f5d40b7cf0dc062297ef8788d69a18bcfa0d954819da0a5a9ad026f2,54d1bc41ac524bb4b9cc08ddb6cd211a
Assets/Game/Scripts/WeaponControSystem.cs,script,.cs,5214,ec5990e33e23c9526fa94115ab2b57f56d105db8d1cdc536d5be72e76b6267ca,fb81dd1d3e6ab6c4cac26fe62af849c6
Assets/Game/Scripts/WeaponControSystem_2.cs,script,.cs,5514,2277feaecc2dfc4df1910dd3da05c971d1aa64333f87f3b34d08c02ceb853244,68a801f1217e44a46abac8f95906f4fd
Assets/Game/Scripts/XiaoCao.cs,script,.cs,1709,271523d6438a1e1c784e6195187fe126b3f70abb1494bc6da62e6cf403846f88,fe05fbbd746c8d44fbaf7a86abd0b90e
Assets/Game/Scripts/ZZZZZZZZZZ.cs,script,.cs,678,4e2bbd01ea24d215b3037d4e0a29f237ac6c2a5ada040eb19870ecf4c795a85a,749b72cac92083d409e0acf370df5a45
Assets/Plugins/Spine/CHANGELOG.md,other,.md,121458,22dfebaf25b45324f9defe9f48bb0bb92488c10858db37b68c581f267e7a1839,3a206f1c4d5fd9e49a16634698666cfe
Assets/Plugins/Spine/Editor/spine-unity/Editor/Asset Types/AnimationReferenceAssetEditor.cs,script,.cs,8920,0a4c5a1138a21215b6bcdc25d2cfee0c76c69b64b5509c4b795e7a54e32966fc,9511532e80feed24881a5863f5485446
Assets/Plugins/Spine/Editor/spine-unity/Editor/Asset Types/SkeletonDataAssetInspector.cs,script,.cs,46431,5f70980249ab910c6e668812d2495fe6250a6f109e77058c4805c1b6e2113ef9,01cbef8f24d105f4bafa9668d669e040
Assets/Plugins/Spine/Editor/spine-unity/Editor/Asset Types/SpineAtlasAssetInspector.cs,script,.cs,15039,00b4484de73aa610ebc019af0334eb0d61c8f00ab5843b57f8e2c6c2bf9755ef,ca9b3ce36d70a05408e3bdd5e92c7f64
Assets/Plugins/Spine/Editor/spine-unity/Editor/Asset Types/SpineSpriteAtlasAssetInspector.cs,script,.cs,6234,a573478bad2691d8f2c8c9c7cef891395e40536385ba636d8d49fef3721e3f8f,f063dc5ff6881db4a9ee2e059812cba2
Assets/Plugins/Spine/Editor/spine-unity/Editor/Components/BoneFollowerGraphicInspector.cs,script,.cs,8932,977f58bd0ac2a907ab2362ec859da7ceb72e0a29d2a68ac047828d82b57574fa,da44a8561fd243c43a1f77bda36de0eb
Assets/Plugins/Spine/Editor/spine-unity/Editor/Components/BoneFollowerInspector.cs,script,.cs,10246,6b154c9476ad61b437e6d336b7ad47131c5d63c895741457541bf632da9a5f2a,c71ca35fd6241cb49a0b0756a664fcf7
Assets/Plugins/Spine/Editor/spine-unity/Editor/Components/BoundingBoxFollowerGraphicInspector.cs,script,.cs,11137,2a33ddeb340920528514dbbaabf7b5963d2f882f1c408bfa2d61fcc5cba0161a,7c4f5b276299bc048ad00f3cd2d1ea09
Assets/Plugins/Spine/Editor/spine-unity/Editor/Components/BoundingBoxFollowerInspector.cs,script,.cs,10940,647dd47deadd34abfe0c0935d2d0e5a453741833264319cf130227f07efc7a4d,670a3cefa3853bd48b5da53a424fd542
Assets/Plugins/Spine/Editor/spine-unity/Editor/Components/PointFollowerInspector.cs,script,.cs,7542,6ed310c2d051c7bf6f4713bde443068f0381055f9f6341da996f62be1ce00654,7c7e838a8ec295a4e9c53602f690f42f
Assets/Plugins/Spine/Editor/spine-unity/Editor/Components/SkeletonAnimationInspector.cs,script,.cs,5967,90e44bfeb15a2885aa896f37843dfd633e75e473d300c1a5fbcdd5edebc88948,39fbfef61034ca045b5aa80088e1e8a4
Assets/Plugins/Spine/Editor/spine-unity/Editor/Components/SkeletonGraphicCustomMaterialsInspector.cs,script,.cs,7475,8ecede501b38b0fd96dcd6777bff8ea0a44f9cfc5480266541fae085604ecf71,349bf125947e3aa4bb78690fec69ea17
Assets/Plugins/Spine/Editor/spine-unity/Editor/Components/SkeletonGraphicInspector.cs,script,.cs,19379,a1662f76a754c940bde727aad927a5762c086f27131344c12a54559375d7fd01,0d81cc76b52fcdf499b2db252a317726
Assets/Plugins/Spine/Editor/spine-unity/Editor/Components/SkeletonMecanimInspector.cs,script,.cs,6319,791b0a7b5aac78cdab6deffac7c9ee801b0256b7d48d4e799d8b5316e5fc5ba5,6a9ca5213a3a4614c9a9f2e60909bc33
Assets/Plugins/Spine/Editor/spine-unity/Editor/Components/SkeletonMecanimRootMotionInspector.cs,script,.cs,3450,a504b54b946964e53c11b8f1d7fbec265e2348320b82f601c0e3b4dbdc8753f3,4613924c50d66cf458f0db803776dd2f
Assets/Plugins/Spine/Editor/spine-unity/Editor/Components/SkeletonRendererCustomMaterialsInspector.cs,script,.cs,7575,9dbf9417cc3f4bcbd2bc2a9f1d640ea0580abd58705d2e97c87542d8135a2e14,e70f7f2a241d6d34aafd6a4a52a368d0
Assets/Plugins/Spine/Editor/spine-unity/Editor/Components/SkeletonRendererInspector.cs,script,.cs,29158,c715d00cf750acf0c4a0170e8b5de11217f7a1d66396225e4da794297b17aa79,d0fc5db9788bce4418ad3252d43faa8a
Assets/Plugins/Spine/Editor/spine-unity/Editor/Components/SkeletonRootMotionBaseInspector.cs,script,.cs,6555,287dc43fe8b942fa95b5f29970a9713feda9001c8bcd80f5d70e4a6370471c6f,f2cba83baf6afdf44a996e40017c6325
Assets/Plugins/Spine/Editor/spine-unity/Editor/Components/SkeletonRootMotionInspector.cs,script,.cs,3111,18188d05c0d5dc4a77de24b262ba6dfb7dbb2684c5ab4ab804d522c3ae2c45ce,e4836100aed984c4a9af11d39c63cb6b
Assets/Plugins/Spine/Editor/spine-unity/Editor/Components/SkeletonUtilityBoneInspector.cs,script,.cs,24130,98353e001d18f1360924c47b65295a70a51716a45ff841e7efb4bfada3d19970,b3ae20b4bcc31f645afd6f5b64f82473
Assets/Plugins/Spine/Editor/spine-unity/Editor/Components/SkeletonUtilityInspector.cs,script,.cs,7812,299127a91e15b3359866a692c99cd5979312aed9de230861ffa1be972ca2f438,a5b90df955eb8c2429ac67c8b2de6c5c
Assets/Plugins/Spine/Editor/spine-unity/Editor/GUI/AtlasAsset Icon.png,image,.png,591,993fcb58611d134069891281866a05f6f1fe20db48aeaecde3ca028837afe364,3fc714a0dc1cf6b4b959e073fff2844e
Assets/Plugins/Spine/Editor/spine-unity/Editor/GUI/icon-animation.png,image,.png,3368,0c9597d1b2ab6a69ceb62ab5ad62bcd946e0e7ae1df643700cd91b07b087aa23,52b12ec801461494185a4d3dc66f3d1d
Assets/Plugins/Spine/Editor/spine-unity/Editor/GUI/icon-animationRoot.png,image,.png,3302,4a560158cc4a76edd0a1e29dbb834c7848ff9e0d1afb1d93fe5941bb4458e47f,3d1be4ea889f3a14b864352fe49a1bde
Assets/Plugins/Spine/Editor/spine-unity/Editor/GUI/icon-attachment.png,image,.png,461,7e357ad12a93ccfcda2538549c512a99901b45f8cc2ce94eb00518c413257838,04ae56b3698d3e844844cfcef2f009e7
Assets/Plugins/Spine/Editor/spine-unity/Editor/GUI/icon-bone.png,image,.png,515,beaa05d3537286a5d779ec5a721d582e20520a74f4e33f5810985df0c963e342,8322793223a533a4ca8be6f430256dfc
Assets/Plugins/Spine/Editor/spine-unity/Editor/GUI/icon-boneNib.png,image,.png,3364,be549dd07c4fac67683914bfb1b84c10abfd10c585ab8e741b21e1dac8a6a7a2,97a43f11e00735147a9dc3dff6d68191
Assets/Plugins/Spine/Editor/spine-unity/Editor/GUI/icon-boundingBox.png,image,.png,3016,7c8d334b1df5d40237a1a94cf84f4da52c1c553a61f5aef4805cdf87c896632b,955aed20030d0504b8a9c6934a5cb47a
Assets/Plugins/Spine/Editor/spine-unity/Editor/GUI/icon-clipping.png,image,.png,587,c05c26bea3db99032387b389dcd8fce7a8b9c6c9b2a4b73cef1ae21bc81657c1,f5fff1b5caee03642ab77c9984b4bb6a
Assets/Plugins/Spine/Editor/spine-unity/Editor/GUI/icon-constraintIK.png,image,.png,698,17b112561c7c7d0b5cebd4318e6675adef2f5296853a72ed8075bf13d6b058a2,02822eb69e09dd947b434ab81e3d938f
Assets/Plugins/Spine/Editor/spine-unity/Editor/GUI/icon-constraintNib.png,image,.png,14078,85f05c3167ad9efd7bba0e45d3c324d2579ee78184237ebda5cb2416dd8a7d5e,de1a4f5ad4bdf1a4ea072c4d59ba87d8
Assets/Plugins/Spine/Editor/spine-unity/Editor/GUI/icon-constraintPath.png,image,.png,639,724c966cf91de38f587c642416add82c6ffdc7532f0bb4588f4cb5c15c69beef,c1aae98dd56b14c4b8c25360000b7e9e
Assets/Plugins/Spine/Editor/spine-unity/Editor/GUI/icon-constraints.png,image,.png,741,8386d294539c730e51f9e7a8ae86dc9573d1bedf793fee362a7f1ac97355c2d0,ed0736a1eb519ef42b4892d1db2426b3
Assets/Plugins/Spine/Editor/spine-unity/Editor/GUI/icon-constraintTransform.png,image,.png,613,b31c2291f3f415d284ac136f6c2a2b8057b7beba11f5238ebf1acaa87ba2dc2c,4709175437c21f64bab9b061f98a49fc
Assets/Plugins/Spine/Editor/spine-unity/Editor/GUI/icon-event.png,image,.png,3116,85f5be3d368cb463f879643733f27cdd170de0608d56eefea08aa848f706174e,d226a80acc775714aa78b85e16a00e9b
Assets/Plugins/Spine/Editor/spine-unity/Editor/GUI/icon-hingeChain.png,image,.png,757,dbf6d8005647e4dd4a948f1def67884d7c420f48da64adc8a2e6867d95cc08bc,2c2c6d283dcf3654baf40001c982891c
Assets/Plugins/Spine/Editor/spine-unity/Editor/GUI/icon-image.png,image,.png,3132,b7655fd78b7e49d3a06f97e9a140b8160b5e097bc41a74ab18bb8e498a97969b,2b3a6f35bbaa8414eb51a344743ee641
Assets/Plugins/Spine/Editor/spine-unity/Editor/GUI/icon-mesh.png,image,.png,603,be592d8d90e0696dac3bc6d13c22c44a40da71fde23a7e74ee8e3ceec25b6726,a309a2e14638a204091b915126910f45
Assets/Plugins/Spine/Editor/spine-unity/Editor/GUI/icon-null.png,image,.png,3023,e4f23a3b32b1c0cdf1c6652fab791108e5662f24e16e6bafa34f2026f8c0e58b,d1de1604dfe4cb64c9d31246a8e43c78
Assets/Plugins/Spine/Editor/spine-unity/Editor/GUI/icon-path.png,image,.png,519,1e482f7d8ce0f36f6ed7fb87fe227f9de2516aed309e2a318c7a5483f63a8d25,dbc817a6c9e9c5747b7f6261bf5d1d09
Assets/Plugins/Spine/Editor/spine-unity/Editor/GUI/icon-point.png,image,.png,687,11ea4931aee9f89602683d1207d032b122cc3b67456f4a72d39c77f49acab190,d7a76922e4dd9fa429da15c018ff127f
Assets/Plugins/Spine/Editor/spine-unity/Editor/GUI/icon-poseBones.png,image,.png,555,14c4839f88c45ae19fab5169f0072cbedf3bd4f2ebd3fd8f4b86afaad4de1ded,da6f6d414e43aac46a57cc5a87208db4
Assets/Plugins/Spine/Editor/spine-unity/Editor/GUI/icon-skeleton.png,image,.png,3207,130205dc695671b390866af3240be074481f4b34af92596f6c9b6c3ac9be4e3b,f2216037084d99d4481810cb521ed96f
Assets/Plugins/Spine/Editor/spine-unity/Editor/GUI/icon-skeletonUtility.png,image,.png,1133,3abc263caf2327fce729be542233320624144a646eb2b25e395ca03c6a71efa8,5bb0631368b462047869d8788673cb48
Assets/Plugins/Spine/Editor/spine-unity/Editor/GUI/icon-skin.png,image,.png,634,5867a26125fb6cf75e9b7920960afa53bd5a4c29b673a3cbda0e3b1cf6e0ce7a,bfd9f3d2607e9e44c97384d7575a17dc
Assets/Plugins/Spine/Editor/spine-unity/Editor/GUI/icon-skinPlaceholder.png,image,.png,643,c274c9e065dd94eb0544c51d9daa409f01a24db7456f9a2b4e52f9a6854e838e,04c82a4acf7b5244e947f2709ec3a6cf
Assets/Plugins/Spine/Editor/spine-unity/Editor/GUI/icon-skinsRoot.png,image,.png,672,f7ed5f03ae1fcb5cc1dc3eace4e3138c46a3fe52f975d467f7bbe79e10f702b8,8bd14c7643597a74ba2edc10a5e4c4ed
Assets/Plugins/Spine/Editor/spine-unity/Editor/GUI/icon-slot.png,image,.png,3387,fd22a2f98521092f100b9326175d6ad22ecb97cd94646402cdbb70d6bff777b9,0338faf3e7d93e2478fcbc022d13e081
Assets/Plugins/Spine/Editor/spine-unity/Editor/GUI/icon-slotRoot.png,image,.png,649,0da9b3aaf40ffff6076f471864a6d836139a375770792ad9d080ac0799d3ccab,4a1646cf39026224c85ecba92d7d6948
Assets/Plugins/Spine/Editor/spine-unity/Editor/GUI/icon-spine.png,image,.png,4424,58085d6c92fa8b85be6eb925a43a2305fb61bc2832d18412a6cfa89770f6361e,4e7c964fa5e07024c8bf1debecc3b7c8
Assets/Plugins/Spine/Editor/spine-unity/Editor/GUI/icon-subMeshRenderer.png,image,.png,3536,bea00779433f3133609dcff5d583ee35797803fe578a40ffaafe4fb29e496f38,f31c0c0d608e8ba4f9a1afb032092287
Assets/Plugins/Spine/Editor/spine-unity/Editor/GUI/icon-warning.png,image,.png,1713,50c926ffd7abd5455af190b6cab352cae800eb2015f465e1b987872b5af93d34,754d724c1bd750048852e8cf3d4a05ee
Assets/Plugins/Spine/Editor/spine-unity/Editor/GUI/icon-weights.png,image,.png,698,a21f01a6c3e74ab517686b541a91d5b8c83b29aa8b7ee3b2def01305873ef965,0b1bcb09fa228d049ba3c9ea6a57e1ee
Assets/Plugins/Spine/Editor/spine-unity/Editor/GUI/SkeletonDataAsset Icon.png,image,.png,563,7d1d99c1ebe8af4ef8607b397d232e77006a8109775e321a286d846e429e3b25,68defdbc95b30a74a9ad396bfc9a2277
Assets/Plugins/Spine/Editor/spine-unity/Editor/ImporterPresets/PMAPresetTemplate.png,image,.png,3276,f9b553d5990e9ddd72c34a66199fcb0a6ec6fd24e52a8d345bf65b9b8caf0120,77f055f38c1115f42a2df16b0428c4e6
Assets/Plugins/Spine/Editor/spine-unity/Editor/ImporterPresets/PMATexturePreset.preset,other,.preset,11862,8b855f3c14ad32379688472286d17c5c878ef5a188045717c72a0dc5a25c1522,665f49f3e2dc7b645b6577f14455f445
Assets/Plugins/Spine/Editor/spine-unity/Editor/ImporterPresets/StraightAlphaPreset.preset,other,.preset,11865,4ec79f224be574b6ced7d8090b8812aec159ad9d2ed29ec8998e8b2924ee537e,b3fe5ce49a7c8c041a9d60e4f7f403de
Assets/Plugins/Spine/Editor/spine-unity/Editor/ImporterPresets/StraightAlphaPresetTemplate.png,image,.png,3101,cce53d0c8485fa59198833b0117f474caf98816b9c28a7874c9c4bb96a0cd758,ade885c25e49d7740b5c00d4e10a6197
Assets/Plugins/Spine/Editor/spine-unity/Editor/Menus.cs,script,.cs,2348,e8398f7b40c5886a9dfece07cdb0656f9c564db24b3c9c9ccf62ee39ad537e09,cf21125cbd8928844a85a3ad9002693b
Assets/Plugins/Spine/Editor/spine-unity/Editor/Resources/SpineAssetDatabaseMarker.txt,spine,.txt,31,f1f6a4c749eab9526694dcff02c44f06a6816769701226392ef643d5c51d357b,57281c00bdd90ad4392f811f2b9f0da1
Assets/Plugins/Spine/Editor/spine-unity/Editor/Shaders/SpineShaderWithOutlineGUI.cs,script,.cs,9536,7bfeb86f8cb1cf5195e98bd8d86005818e22c8019926aff09f7f85dcba5d473d,efbbf90926e217c40831926fce374905
Assets/Plugins/Spine/Editor/spine-unity/Editor/Shaders/SpineSpriteShaderGUI.cs,script,.cs,46439,4b4c538bf3dc3f2be709c462b79969dfc7ab75f84b1165788608d8ba478667b6,aef90b4c481362e42891bb46de344c1c
Assets/Plugins/Spine/Editor/spine-unity/Editor/SpineAttributeDrawers.cs,script,.cs,25303,f5e82c3a54daeb302bc02c6f2d7d6dc233a98884dcc611e7b95f89aaeb592eee,f2de282d583d4a641bf1c349f0a3eef9
Assets/Plugins/Spine/Editor/spine-unity/Editor/Utility/AssetDatabaseAvailabilityDetector.cs,script,.cs,2372,14bf9b8c4684e720a6c950223baaa1fd3ff94810d2ce037b34c0828c45b5d70b,25086cd81e3158b439761b73d7366c47
Assets/Plugins/Spine/Editor/spine-unity/Editor/Utility/AssetUtility.cs,script,.cs,54955,66fdbac7e6c85e30fb24ce5a86f1dd835ed9e6d252eb9b727c9c522a3647865b,49377c72c37e2c149b106c260a241f3c
Assets/Plugins/Spine/Editor/spine-unity/Editor/Utility/BlendModeMaterialsUtility.cs,script,.cs,12330,d9a47f51d77cc875a775898f788d24d56a27169f84c4ba50a4cb0fb9cc980f92,8094f8aedb33b7744b109c2c1294d37a
Assets/Plugins/Spine/Editor/spine-unity/Editor/Utility/BuildSettings.cs,script,.cs,6528,556e1648a1f78c9e2e0295e9a92b3b9185ab1fc552a61f5c60b85a9d2c321d44,80767dcb23931c645ad70c88670ddeb6
Assets/Plugins/Spine/Editor/spine-unity/Editor/Utility/DataReloadHandler.cs,script,.cs,5891,af1e48684d97fcb7faadbf3470a21209334f45d43a6f28274d4b0ffb172d99d8,d8a1a76014a68634a8ede50af6db1cae
Assets/Plugins/Spine/Editor/spine-unity/Editor/Utility/Icons.cs,script,.cs,6088,af5e2368fea943155a91663a6d3b44c33f1a56176518bf89f046e29e496f2a81,8603301469b2a284db8eaa26dc60ada8
Assets/Plugins/Spine/Editor/spine-unity/Editor/Utility/Instantiation.cs,script,.cs,8658,033cdd0a4ddcdf760fabadaa420e34066d00dc5c6d7c29de7517c7cc6728d57d,94ecc7f73dfc0484e848a0e6a1a11f2b
Assets/Plugins/Spine/Editor/spine-unity/Editor/Utility/Preferences.cs,script,.cs,25159,f3a76df094104cf5acaab0584b7aecf3589106f1b4010ffed43f4ce7b3528f29,6d80c945a2e3436459a97b7a9a16ef46
Assets/Plugins/Spine/Editor/spine-unity/Editor/Utility/SpineEditorUtilities.cs,script,.cs,18319,3be6df970a4305f0ecc499b9b39eb8128993d23c5a713213198fa13678911dfc,f834d5cd806ec4645915ac315edbdc60
Assets/Plugins/Spine/Editor/spine-unity/Editor/Utility/SpineHandles.cs,script,.cs,19471,1403dcdd56fba35f7c92f927cfaa25908f486cd2f83610a22b642f974305dd6c,f4c97e41d3d90e24bbb40d634e6cc336
Assets/Plugins/Spine/Editor/spine-unity/Editor/Utility/SpineInspectorUtility.cs,script,.cs,14408,ba64ff2b93671feea0309d64e2cdbd37811d392269c27a7b98dd2d7c7e655ccf,663715b5714e2db499192c8d91ef1f86
Assets/Plugins/Spine/Editor/spine-unity/Editor/Utility/SpineMaskUtilities.cs,script,.cs,10908,01b4834b85f965c135269015b0de25daea67305f4428ed400659f741af2588d2,7c1b3a9ddacb550458bb86affdf77bf5
Assets/Plugins/Spine/Editor/spine-unity/Editor/Windows/SkeletonBaker.cs,script,.cs,49610,28d7bbf7bc07fda692d309647f7b75b9f030460edf6c794724563bde10d35c90,687d9be457ea4eb44bf09c35c95ee5cd
Assets/Plugins/Spine/Editor/spine-unity/Editor/Windows/SkeletonBakingWindow.cs,script,.cs,8072,059e7400d13eac1b17ad1709d5933dd3d3d7fbba42bb9c37bd64823958946c07,868b0caae5b3e65408ece1ab400c4a99
Assets/Plugins/Spine/Editor/spine-unity/Editor/Windows/SkeletonDebugWindow.cs,script,.cs,25888,7e63d2dd44d6fbb8a427b2d1d1b30a989494d4ab100b98eb4e0a5a51586de008,7093e73ff3cf6c543ac5865980070b49
Assets/Plugins/Spine/Editor/spine-unity/Editor/Windows/SpinePreferences.cs,script,.cs,15464,4ade6da790edca3bdfe05f2c9cf228d58194754d2ef05cccbee0232b65effb32,b29e98153ec2fbd44b8f7da1b41194e8
Assets/Plugins/Spine/Editor/spine-unity/Editor/Windows/SpriteAtlasImportWindow.cs,script,.cs,7817,53289633f283ccac5d7fcfc6166287e725dfe27b79a96529cd8d5507fa1752a5,a5b99b091defeef439a0cb8c99fd8a51
Assets/Plugins/Spine/Editor/spine-unity/Modules/SkeletonRenderSeparator/Editor/SkeletonPartsRendererInspector.cs,script,.cs,2909,2ec04205da4ff856fc2353f5602fa581aa158ec791de772bf22416e53eec0249,30e43037bf4433645ad70266f34c1c8b
Assets/Plugins/Spine/Editor/spine-unity/Modules/SkeletonRenderSeparator/Editor/SkeletonRenderSeparatorInspector.cs,script,.cs,14243,a96291f7e09d7395605dd9ba82fdc3806ba2a8b82700c36808b490ec2c03fbd8,d2a5062cfe5dd4344831cda4723128af
Assets/Plugins/Spine/Editor/spine-unity/Modules/SlotBlendModes/Editor/SlotBlendModesEditor.cs,script,.cs,2394,af1110834ba41a3284c06554c943b96185fefbf3894d26eef9d14a515c3a422b,cbec7dc66dca80a419477536c23b7a0d
Assets/Plugins/Spine/Editor/spine-unity-editor.asmdef,other,.asmdef,239,1cfa5547bcce3d51e6b6dba12f17c60d745d598d9c05e8922978121c2f56b997,173464ddf4cdb6640a4dfa8a9281ad69
Assets/Plugins/Spine/package.json,spine,.json,433,0e51d17ff2871d6ccd36ccb7e7ea18cb43b7709e8205fb831627e5c527bcda32,09478c42aa0375347898d942d287a819
Assets/Plugins/Spine/Runtime/spine-csharp/Animation.cs,script,.cs,71242,b085458d7511f495fca93bd607ddd6b595da7409cf9aca0267660182c3bd2d5d,fb7099b9c6ce91740b7041dabb0752c2
Assets/Plugins/Spine/Runtime/spine-csharp/AnimationState.cs,script,.cs,62526,8d4bef275cbc4ab11af69199b4a91abdbdb1f4a05fc23cbf2be48fcd9784bb64,ec2f0e7143c8a174994595883f4b1e33
Assets/Plugins/Spine/Runtime/spine-csharp/AnimationStateData.cs,script,.cs,5274,151a64e6c3d5da6dab8c38bcbf730842452157474243402744cc4a908e3ef0d2,e03d60c517d9b974db35b9fd144a1d09
Assets/Plugins/Spine/Runtime/spine-csharp/Atlas.cs,script,.cs,11124,808e872add2f730e5b10d012004122d53ff81ab724c76c429e328fe9c8839796,60626307629cc034bafd42c53a901fff
Assets/Plugins/Spine/Runtime/spine-csharp/Attachments/AtlasAttachmentLoader.cs,script,.cs,4793,ea2d75ec5f822f879de5917fb6bfeaa7aad49e96273ff4c421897204668aecc0,3e6ff30e27c28344bad3e67d308c94cd
Assets/Plugins/Spine/Runtime/spine-csharp/Attachments/Attachment.cs,script,.cs,2257,577c48a78f4f592e6c82f774ca5f8b0df945795bed589621b10969051640ae46,05b56321b2ddd8145a888746bc6ab917
Assets/Plugins/Spine/Runtime/spine-csharp/Attachments/AttachmentLoader.cs,script,.cs,2491,47428be5bbe2a7ad5dacf1bd8c70a564d5abbc617dceb427ce67d67b39caac5b,95466a4f5a30dca4aa69e8ee7df8ae85
Assets/Plugins/Spine/Runtime/spine-csharp/Attachments/AttachmentType.cs,script,.cs,1855,f720741f6956873ed595cecda272385150a2f8cfe5ac9e7b2896678b72890f03,d6b1941960a9f6f47be3e865554d8695
Assets/Plugins/Spine/Runtime/spine-csharp/Attachments/BoundingBoxAttachment.cs,script,.cs,2134,05b3495aa670af1687ce3691ac790ce7497e0c81dccc6b0f7da58cf920875f6d,cd8ad8fc0f5bce448ba26d096ab32e85
Assets/Plugins/Spine/Runtime/spine-csharp/Attachments/ClippingAttachment.cs,script,.cs,2183,dccc15e09248413cd3f9dc375d221bbfa6835d1e7bfbe0ccb052b06843248888,3380954b107f38b4c85a4cdfeceace42
Assets/Plugins/Spine/Runtime/spine-csharp/Attachments/MeshAttachment.cs,script,.cs,9324,531a62e634a5ab454e66beefaa19d7bee6b0e657d4c13c419889a858162d3e6f,b7f7514a003143844b6d01ecc93ed4d5
Assets/Plugins/Spine/Runtime/spine-csharp/Attachments/PathAttachment.cs,script,.cs,2665,bfca0fb75fecdfec7edaaba9b024266c801f57fe28799be95c4ef573164bc186,c77d9bf384a1e9f41966464e7e3b4870
Assets/Plugins/Spine/Runtime/spine-csharp/Attachments/PointAttachment.cs,script,.cs,3141,eb54f85692fe691b2d33336c5460e872bb08131ea5baf1d982db7003604c6c8b,4fdde4cc4df0952468946f4f913dcb36
Assets/Plugins/Spine/Runtime/spine-csharp/Attachments/RegionAttachment.cs,script,.cs,8765,66b59c3d5d3b7d5ec808f2d9c62ddef752297ae3c61ea99647b0f6c755b74ae4,89cefdd024734a941952a05d2b5dff71
Assets/Plugins/Spine/Runtime/spine-csharp/Attachments/VertexAttachment.cs,script,.cs,7050,c3b815d5f3bf1d8e524709c7dcefb27825765fe35f384a4db6cb952d8644f496,8b40cfb462a8b774891e1604e5360d32
Assets/Plugins/Spine/Runtime/spine-csharp/BlendMode.cs,script,.cs,1824,08011ca0b75c7be74ded203ede18c9795ca313174fb10500f0c4d82f0622beea,b08ef68b8e39f40498ef24ef12cca281
Assets/Plugins/Spine/Runtime/spine-csharp/Bone.cs,script,.cs,14964,5e9c78fbd54b711d4231676c04c8e0ca3a7aedf598248041f88225f599a6ebf8,ed00e3a4b386a964fb0f1c7ffd5544e5
Assets/Plugins/Spine/Runtime/spine-csharp/BoneData.cs,script,.cs,4459,37e3eb7c0a302c3c0dc8739ea742fbe3df5bd1b3c0b8215770c378c1970f3e28,2cf831005966832449a5de742752e578
Assets/Plugins/Spine/Runtime/spine-csharp/Collections/OrderedDictionary.cs,script,.cs,22858,b1dbc0dfbaa1d8ba8bca330afaaa4fbaa32edf27ba224823f81a37e1d8b84288,ca4b738078ed756469d5d97bcca93e6f
Assets/Plugins/Spine/Runtime/spine-csharp/ConstraintData.cs,script,.cs,2953,1436994bceb67cc043abf7bb8bc0c92e446142e5f1fbfe2412b109d9fe522196,55d3827079aca3a4687535c3ede7ec5f
Assets/Plugins/Spine/Runtime/spine-csharp/Event.cs,script,.cs,2899,f40a21ed42e0b6c5aa4254398a28fd27232fea45d61c73e19128800afa7b8a09,dec0d9d780605944eb4514125ab6350b
Assets/Plugins/Spine/Runtime/spine-csharp/EventData.cs,script,.cs,2487,935414b139493caaa9d0228e61211d5a68562fe6e2a339d6dc4b8daedde4527e,37bbfb9fb268a644ba75052961a42b81
Assets/Plugins/Spine/Runtime/spine-csharp/ExposedList.cs,script,.cs,16675,b33596d3798940ff282757d4122e930b70328e04cff33e793a636839746ad2d4,89690af94a880744989712505f2957b1
Assets/Plugins/Spine/Runtime/spine-csharp/IkConstraint.cs,script,.cs,13291,339ddf1ab0719c25ba8aa71601c397d4ee8a62f1ce38a1cc7027ae4025d5f682,916f8e6534860cc40824adfc2916baa7
Assets/Plugins/Spine/Runtime/spine-csharp/IkConstraintData.cs,script,.cs,3920,a9190050ceff6b82033f8fe2739c9c81ee7857fb6dcd945cb30e35a8f19783b8,94ad1e9256073264785f806086a000ba
Assets/Plugins/Spine/Runtime/spine-csharp/IUpdatable.cs,script,.cs,2212,318ce6d09466fe9e83e4e3294be0d82fc4e90d211312bda0beeaa59c73a08648,44a51df5672fe4249b6763960587a017
Assets/Plugins/Spine/Runtime/spine-csharp/Json.cs,script,.cs,12477,577d5fd1fd5362e7774314b274a0429dc6f5b05e44421a2cf8d6518d1568dfae,371f40ecc08b2eb4cbec49585d41e2c3
Assets/Plugins/Spine/Runtime/spine-csharp/MathUtils.cs,script,.cs,6416,3191fef5a63e59e8831713353035b2fbfe0fcaa0133606cd25fcb35b395130b3,03b653e54c5403b4191f5003d64c6e18
Assets/Plugins/Spine/Runtime/spine-csharp/PathConstraint.cs,script,.cs,18032,bd4dbd2d09fb37e612cef8fb2f9d02a4ccb982f2323a3dc23750f5ba1e699484,731d05fbc2874c74984813ce4c5bb8df
Assets/Plugins/Spine/Runtime/spine-csharp/PathConstraintData.cs,script,.cs,3236,b0e104ba2c08ecf2d8411ee305a71e8e14854228f8db41cb5856e3d5e1119c87,9d836858269be96428428fb6764dfc3a
Assets/Plugins/Spine/Runtime/spine-csharp/Skeleton.cs,script,.cs,26452,df19613a22b7575ad3bf4a19b1b189c5f1c2bd3d393c50774c0d2ddf4a3dc3d1,12ac3c1c7546be24fb9625d3c850619d
Assets/Plugins/Spine/Runtime/spine-csharp/SkeletonBinary.cs,script,.cs,38380,ca1985368e2c44a39571c22281f5d9b82f9e23314d6c2eea889d6587d3ba6f85,40d8a8f15082f3844a5c9c8c3ef2047f
Assets/Plugins/Spine/Runtime/spine-csharp/SkeletonBounds.cs,script,.cs,9753,e6fbf8867f5a9c4c2e9a96ae3812c3933c534fde0cd8f0f9add55208172eee95,087b328a58c93b149bb977eee3a17258
Assets/Plugins/Spine/Runtime/spine-csharp/SkeletonClipping.cs,script,.cs,11592,d7dadcf0d58bd84c8e34eb282b67d38c86e9b43ef14fd6d43ba5018cca50648f,7db809d277afd0e4a8e8c6b703002ee0
Assets/Plugins/Spine/Runtime/spine-csharp/SkeletonData.cs,script,.cs,10545,d8aceeb19f1cb68a7e34b411d4bd8c9b915c371d2a84e760f8c0fbe14f856db6,2b813f63abbb6d94a80a5c050590a0be
Assets/Plugins/Spine/Runtime/spine-csharp/SkeletonJson.cs,script,.cs,39825,02eef3f454a6b54ee75ddb8c6041cc6a707429a943b300c403271d6ada474ca0,6c4ab7992894bdb44a480981b1953f76
Assets/Plugins/Spine/Runtime/spine-csharp/Skin.cs,script,.cs,8469,f32f80f59cc4db03e4f4f429c00de091935cd9c04752343985f3b8b95c506abe,7df8caa3a771f464e803316a6b18c909
Assets/Plugins/Spine/Runtime/spine-csharp/Slot.cs,script,.cs,8222,ceb69bea9cea4642800958ba43c6a46b7a9f1d5a387b9550236c6826cbb41a09,6974c4b5c87687140a2417201ea43066
Assets/Plugins/Spine/Runtime/spine-csharp/SlotData.cs,script,.cs,3870,0797eab131de0093bec0f8786a432125843ee6986e7b8b225b0e1072aa3ce352,f28cb47bc1e8b434c85e6f69b2c9e15e
Assets/Plugins/Spine/Runtime/spine-csharp/TransformConstraint.cs,script,.cs,13030,ff016f70eeb5994db92939c53fbc21d61474d72be115470e34b700ca1dea9e0c,2e30316a9733f8a4b8b6c362c06dfa11
Assets/Plugins/Spine/Runtime/spine-csharp/TransformConstraintData.cs,script,.cs,3355,afa00e86c01ea7b3a9ac4a6811b758f7da993b451f601331df78081966ecddba,b7edeecc9bd7dd44faabf24f29b119a0
Assets/Plugins/Spine/Runtime/spine-csharp/Triangulator.cs,script,.cs,10717,df235e9065f63e1415929ff5e76602a2869083adb6f6b45cfa6af54f42909447,90a8832a1f3c5f846b8773dc0e1c3238
Assets/Plugins/Spine/Runtime/spine-unity/Asset Types/AnimationReferenceAsset.cs,script,.cs,2923,ea2a6d3b8ff33984e9df8d5c58b08340b2c81d6ef44b0b77c9fc7a4baf8cbb42,6e3e95a05e4c9774397eeeb7bdee8ccb
Assets/Plugins/Spine/Runtime/spine-unity/Asset Types/AtlasAssetBase.cs,script,.cs,2185,b767893c6e95d33028e23d39284292faf8ca3e6113c5b6a2eed3cef276cb5e25,787a36933c1c6e14db2104c01ed92dcb
Assets/Plugins/Spine/Runtime/spine-unity/Asset Types/BlendModeMaterials.cs,script,.cs,5734,203555b1b4bbcdaee86551e23e2a73ad5c0e46ca5f45f7450dec63bd538dae97,d03ca55657e89b949a4c07bc9207beac
Assets/Plugins/Spine/Runtime/spine-unity/Asset Types/EventDataReferenceAsset.cs,script,.cs,2827,485af17d4270dc58812e3fd66b54f120955632b50ca70036ab1739f589f167f0,8e60be42c1473144db0fd3337c25b500
Assets/Plugins/Spine/Runtime/spine-unity/Asset Types/RegionlessAttachmentLoader.cs,script,.cs,3217,5ad54b6ad73e15366200d1d83ae0bd542fcd459f3dc83c4957973c593d10c6ed,15f0f78b87720c047a320c5e0e3f91b7
Assets/Plugins/Spine/Runtime/spine-unity/Asset Types/SkeletonDataAsset.cs,script,.cs,10006,7b18cc2dbecf55c6620209bd3b23d60b6ac5a8efa580047820bb049caaeee10a,f1b3b4b945939a54ea0b23d3396115fb
Assets/Plugins/Spine/Runtime/spine-unity/Asset Types/SkeletonDataCompatibility.cs,script,.cs,8505,eab9cdd2ccea2e79aa5fae2175ef7e7ffd18c1188166f1c09c6d72dfef87a371,4224df6e20549f0449154531ae080201
Assets/Plugins/Spine/Runtime/spine-unity/Asset Types/SkeletonDataModifierAsset.cs,script,.cs,2101,d6efed85f121ef11ec1f12bd04db18a62586cb8da35d563095da6a2855bc4934,79a44aba1f342f440965874280b4c318
Assets/Plugins/Spine/Runtime/spine-unity/Asset Types/SpineAtlasAsset.cs,script,.cs,8838,51f0ab6edbce01561f755d91219f8d3aed955aba75ccc23eace371e477ac9066,a6b194f808b1af6499c93410e504af42
Assets/Plugins/Spine/Runtime/spine-unity/Asset Types/SpineSpriteAtlasAsset.cs,script,.cs,13719,363f30af076c6fda7d1d533c48ef1abbc22fae59e0122aec297f62af7f6232c7,ce59897dd7e6cbc4690a05ebaf975dff
Assets/Plugins/Spine/Runtime/spine-unity/Components/Following/BoneFollower.cs,script,.cs,8657,72e77081390a27fcce0b35aad43f4769ea986126048fa3dda3465a6410db0f56,a1fd8daaed7b64148a34acb96ba14ce1
Assets/Plugins/Spine/Runtime/spine-unity/Components/Following/BoneFollowerGraphic.cs,script,.cs,8163,2883863e121ca57d501894e3ee238262c9955998ff29e12e3f9f185ddfe10fda,b42a195b47491d34b9bcbc40898bcb29
Assets/Plugins/Spine/Runtime/spine-unity/Components/Following/BoundingBoxFollower.cs,script,.cs,9670,54e4a30f16fc72e91928e66f12a5ab878e042f81d9a1330febf0f8acaf5b2e99,0317ee9ba6e1b1e49a030268e026d372
Assets/Plugins/Spine/Runtime/spine-unity/Components/Following/BoundingBoxFollowerGraphic.cs,script,.cs,9998,50e81e0fa41788973b80ea348d24dc18c3a05a500fa64ac5b3ef1bcb616c9285,1c0bf7b497af9f74280040d96cdf88da
Assets/Plugins/Spine/Runtime/spine-unity/Components/Following/PointFollower.cs,script,.cs,6346,7ffdf0cb6bc31c401f1ccb882641462ae28e8e1aedd685bd522dd987d4e621b8,daf461e4341180341a648c07e1899528
Assets/Plugins/Spine/Runtime/spine-unity/Components/RootMotion/SkeletonMecanimRootMotion.cs,script,.cs,4833,16c4481b31f07e971a796ba34f65646abbcdd108c94da5d20c224bbaee028bf8,95813afe390494344a6ce2cbc8bfb7d1
Assets/Plugins/Spine/Runtime/spine-unity/Components/RootMotion/SkeletonRootMotion.cs,script,.cs,6010,90dad2a661dd1a52a8e7c4d74357d89602be795ec7324f5f01c8d6e50670590f,f21c9538588898a45a3da22bf4779ab3
Assets/Plugins/Spine/Runtime/spine-unity/Components/RootMotion/SkeletonRootMotionBase.cs,script,.cs,12899,42ff91e398a3af3567d6dacbed3a2543fcf6e16dbb0fa017d3cfc1304c8e48ac,fc23a4f220b20024ab0592719f92587d
Assets/Plugins/Spine/Runtime/spine-unity/Components/SkeletonAnimation.cs,script,.cs,10177,98e2efdbe1700003c32240113c8e85fd6a78be1c3b70e51e56931c10543db05e,d247ba06193faa74d9335f5481b2b56c
Assets/Plugins/Spine/Runtime/spine-unity/Components/SkeletonGraphic.cs,script,.cs,28696,54b5b4694effc6074d0165d3c916666ced2378b18687954d245da10801ae4a98,d85b887af7e6c3f45a2e2d2920d641bc
Assets/Plugins/Spine/Runtime/spine-unity/Components/SkeletonMecanim.cs,script,.cs,27119,4584f61e4297436570b56cc8d4d5e6c1a6cae84268a2e714fe9578aff8f46242,f9db98c60740638449864eb028fbe7ad
Assets/Plugins/Spine/Runtime/spine-unity/Components/SkeletonRenderer.cs,script,.cs,31437,718b8593aeb03ed6283b569f8d5d26a16b038545621e9576b8a1aae62f8a4697,e075b9a3e08e2f74fbd651c858ab16ed
Assets/Plugins/Spine/Runtime/spine-unity/Components/SkeletonRendererCustomMaterials/SkeletonGraphicCustomMaterials.cs,script,.cs,7906,24ec6602502b211ab5934939c4bc54fbfab8592831e642c6f1eb6ae362624f3e,6c8717e10b272bf42b05d363ac2679a6
Assets/Plugins/Spine/Runtime/spine-unity/Components/SkeletonRendererCustomMaterials/SkeletonRendererCustomMaterials.cs,script,.cs,7625,454613e188a14b67e241759853c640420e724710d3e5783418e876d60ae6814f,26947ae098a8447408d80c0c86e35b48
Assets/Plugins/Spine/Runtime/spine-unity/Components/SkeletonRenderSeparator/SkeletonPartsRenderer.cs,script,.cs,5622,35e6101423f04189bf3ae0c6503f8be880407da87353a603a545066b8fe202a5,1c0b968d1e7333b499e347acb644f1c1
Assets/Plugins/Spine/Runtime/spine-unity/Components/SkeletonRenderSeparator/SkeletonRenderSeparator.cs,script,.cs,10596,220a12b60c5b2f901faece520b4952fd9d2dccc450d9fab811221c936dd9bfca,5c70a5b35f6ff2541aed8e8346b7e4d5
Assets/Plugins/Spine/Runtime/spine-unity/Components/SkeletonUtility/ActivateBasedOnFlipDirection.cs,script,.cs,4228,094e24e19be5fcaa9ff64e64b653546c1a49876efde62b9d9814e6f942d9e7c8,70ae96e4f2feb654681a2f16e4effeec
Assets/Plugins/Spine/Runtime/spine-unity/Components/SkeletonUtility/FollowLocationRigidbody.cs,script,.cs,2449,ee52f5835d5e65bc0642125dd4d80e98683dabf454b0aa315e4cd31d42cbc92b,9fc20d5e917562341a5007777a9d0db2
Assets/Plugins/Spine/Runtime/spine-unity/Components/SkeletonUtility/FollowLocationRigidbody2D.cs,script,.cs,2632,9cb37a9322236ee17cf37a4139817e8815336920f00c1840c08e23f0bbc30f34,02aae87c39b869548a9051fbdb1975e6
Assets/Plugins/Spine/Runtime/spine-unity/Components/SkeletonUtility/FollowSkeletonUtilityRootRotation.cs,script,.cs,4004,fdc7da89413ad83801497af9e6403975485021ee94a47753f9bd4bda9f02aefd,456a736ebb92ebf4b959fa9c4b704427
Assets/Plugins/Spine/Runtime/spine-unity/Components/SkeletonUtility/SkeletonUtility.cs,script,.cs,16802,c90c7a04bf643904f3cca2377b8886404f9f7a7ec109926d4c19da1e4b8a1c87,7f726fb798ad621458c431cb9966d91d
Assets/Plugins/Spine/Runtime/spine-unity/Components/SkeletonUtility/SkeletonUtilityBone.cs,script,.cs,8413,0b25d3de395e8a193364a9baab7c35d5520c5c00b96d754ca47e6567c0f12e1a,b238dfcde8209044b97d23f62bcaadf6
Assets/Plugins/Spine/Runtime/spine-unity/Components/SkeletonUtility/SkeletonUtilityConstraint.cs,script,.cs,2576,ac33251ae3097a4accba10fb70f8b7f72f910b11fe1f908a5f63c3c74ae933b6,522dbfcc6c916df4396f14f35048d185
Assets/Plugins/Spine/Runtime/spine-unity/Deprecated/SlotBlendModes/SlotBlendModes.cs,script,.cs,8555,b0d1d4f4d32bc90a1cf9cf7246d134c0b4b3bd71e0a8551fc5e531041f321799,f1f8243645ba2e74aa3564bd956eed89
Assets/Plugins/Spine/Runtime/spine-unity/ISkeletonAnimation.cs,script,.cs,3854,3e1c5aed6bef880acc6c5c4c4fbb84d530f9c33ef59bca4ca85cdffdf8786942,a7b480b941568134891f411137bfbf55
Assets/Plugins/Spine/Runtime/spine-unity/Materials/SkeletonGraphicDefault.mat,material,.mat,2305,bb796bfad9812a130c42d57ef7cad5246e91b6fae4021b674af0660cf151db10,b66cf7a186d13054989b33a5c90044e4
Assets/Plugins/Spine/Runtime/spine-unity/Materials/SkeletonGraphicDefaultOutline.mat,material,.mat,2577,487e92f6d171964cdaf7f903388c0a46825c3a87e7436ba80d2276f43569a2ec,c4ee0f8f4be17434aa3df5774a03b366
Assets/Plugins/Spine/Runtime/spine-unity/Materials/SkeletonGraphicTintBlack.mat,material,.mat,2082,a73f1c87edede6add7f43f78f9ab49c63690c3d9410daca73006235f847a0b07,cfcea0e11aa80bb4b8d05790b905fc31
Assets/Plugins/Spine/Runtime/spine-unity/Materials/SkeletonGraphicTintBlackOutline.mat,material,.mat,2375,6fcd5b099b0d218aafe038beca9bd49a54cda8b98e3be738c846b8c8ed1e5ab4,94fe565c79b0aeb418cd05e4f1f8343c
Assets/Plugins/Spine/Runtime/spine-unity/Mesh Generation/DoubleBuffered.cs,script,.cs,2030,c3b894798dbe03101c2edfad40f90a76a7d94bd66e86a39607abe38d1a074459,08b76da7751523448a87e528c48a5399
Assets/Plugins/Spine/Runtime/spine-unity/Mesh Generation/MeshGenerator.cs,script,.cs,53975,d3efe3a4d1537780b29aa26b50ca8d8068f62d6b55199ac2187e8ac9bed52767,311447d6e56727c4dad7611d5fa5afbf
Assets/Plugins/Spine/Runtime/spine-unity/Mesh Generation/MeshRendererBuffers.cs,script,.cs,5565,1e4f6f174425ce8113c39991cf2df555de67f66e3337ddcd68bf90eee3d23d33,b1ab80744ac17724dbc0d15fdb6f4727
Assets/Plugins/Spine/Runtime/spine-unity/Mesh Generation/SkeletonRendererInstruction.cs,script,.cs,7417,2d3a265a12c14face20f1c6448053034b3768a1cbf9a5d47ccc1ba8825615f3a,d07866ade25bd0b44a7bb1d59bacf4cb
Assets/Plugins/Spine/Runtime/spine-unity/Mesh Generation/SpineMesh.cs,script,.cs,3779,e42fe45c560309807e156e4469a4ff6583433421419c50a2b56a0cb884be0431,f834c8746034db645a52a9506ff1de89
Assets/Plugins/Spine/Runtime/spine-unity/Modules/TK2D/SpriteCollectionAttachmentLoader.cs,script,.cs,6206,e84995d682ee6be3b1cc51745d11949465c55d027a3a58ba15aa25aa038345ff,03238e4a73953c045a6cb289162532f3
Assets/Plugins/Spine/Runtime/spine-unity/Shaders/BlendModes/Spine-Skeleton-PMA-Additive.shader,shader,.shader,3475,19574c30dfa4814eb4375f9a433cb388bd0a0e075c23541e7072d6ed7f8946b4,53efa1d97f5d9f74285d4330cda14e36
Assets/Plugins/Spine/Runtime/spine-unity/Shaders/BlendModes/Spine-Skeleton-PMA-Multiply.shader,shader,.shader,3495,b109f647366913b176a6d136fa4b5c433fe1b39ab7933a27b243acc185d3b7d9,8bdcdc7ee298e594a9c20c61d25c33b6
Assets/Plugins/Spine/Runtime/spine-unity/Shaders/BlendModes/Spine-Skeleton-PMA-Screen.shader,shader,.shader,3486,583185bfd0193ab0e8031f45efa22964475021c76dbc1deb8608e21177a2c10c,4e8caa36c07aacf4ab270da00784e4d9
Assets/Plugins/Spine/Runtime/spine-unity/Shaders/CGIncludes/Spine-DepthOnlyPass.cginc,shader,.cginc,920,7f67bc5380a5210be3d727fd93c168376501b1e716b8b457add8a9ed49747793,27351ce55d3beb643ae8d9385db21941
Assets/Plugins/Spine/Runtime/spine-unity/Shaders/CGIncludes/Spine-Outline-Common.cginc,shader,.cginc,2314,b5b6a2fa86e4e5c6ed7fc56224a68e4d843f566f7c4dd449297e92334bd8a4dc,a8d610b87be4e82409e18a63a930d335
Assets/Plugins/Spine/Runtime/spine-unity/Shaders/CGIncludes/Spine-Skeleton-Lit-Common-Shadow.cginc,shader,.cginc,669,580660a59e6a514efa642a3daac781707a525b8fce84621c95704387e3381514,c7297b25c81d2494e8e73b742e3c7345
Assets/Plugins/Spine/Runtime/spine-unity/Shaders/CGIncludes/Spine-Skeleton-Lit-Common.cginc,shader,.cginc,3451,45382b01b679082a9d491b99fb08f9e6dbd30133bb78dfd488d380a553b2a8a2,70c77c02aabd5e44f94aab48dd0be7b2
Assets/Plugins/Spine/Runtime/spine-unity/Shaders/CGIncludes/Spine-Skeleton-Tint-Common.cginc,shader,.cginc,780,cc34ef195731ae1acefe7a702052b0a0e1cb7019e9ecdd38c4bff3cd689743d6,cc9439c8e75fb7e4c82ad725b649b047
Assets/Plugins/Spine/Runtime/spine-unity/Shaders/Outline/BlendModes/Spine-Skeleton-PMA-Additive-Outline.shader,shader,.shader,1732,35230bde6e596c753b8b8db1909560fb8fdfbfac27ef811e4f638907e5c2f1ac,0299ffae826705448b6c80ccc6a53b75
Assets/Plugins/Spine/Runtime/spine-unity/Shaders/Outline/BlendModes/Spine-Skeleton-PMA-Multiply-Outline.shader,shader,.shader,1750,660473bbbb834eeea7cbde1f09d47225815bc5aacdaa8cb1eaa1fe17b53e84a7,4b3566a937643b8498d1ec6df5880b77
Assets/Plugins/Spine/Runtime/spine-unity/Shaders/Outline/BlendModes/Spine-Skeleton-PMA-Screen-Outline.shader,shader,.shader,1735,598caad444b62a97d41489638212ad30775a3ce754d6894223add57f325bb87e,e61a8d94e453ff641a7e39c4b11cac95
Assets/Plugins/Spine/Runtime/spine-unity/Shaders/Outline/CGIncludes/Spine-Outline-Pass.cginc,shader,.cginc,1897,4be73b3806cc3679b87c0b290d73be7be3d7b07a0bba1c4c1fc8c326e6b64fbf,2ec781e799f97504c8a418e168759f70
Assets/Plugins/Spine/Runtime/spine-unity/Shaders/Outline/SkeletonGraphic/Spine-SkeletonGraphic-Outline.shader,shader,.shader,2402,7f7d6295ed67267a9c7523ddbdd0b86c3455612537ffc1378fbed2c7d8bae073,8f5d14d2a7fedb84998c50eb96c8b748
Assets/Plugins/Spine/Runtime/spine-unity/Shaders/Outline/SkeletonGraphic/Spine-SkeletonGraphic-TintBlack-Outline.shader,shader,.shader,2288,088d8a1e8109de1ec3e9f7e7f7feb0779088e91cd0a41d044021a9502fcda5ea,d55d64dd09c46af40a319933a62fa1b2
Assets/Plugins/Spine/Runtime/spine-unity/Shaders/Outline/Spine-Skeleton-Fill-Outline.shader,shader,.shader,1680,43648a185dbcb5b7bb0b716afe9f7ae9449b53f0d91c3093c0af3f075e838c6c,e158cbe58baa093438feb3d691f3daba
Assets/Plugins/Spine/Runtime/spine-unity/Shaders/Outline/Spine-Skeleton-Lit-Outline.shader,shader,.shader,1601,bf581ec53891e9bd4ef28eb4019d27abc63dd535aea28a53b5f2ee7bd2e0092a,10fab3f69a099be4391fe8a1ad880c65
Assets/Plugins/Spine/Runtime/spine-unity/Shaders/Outline/Spine-Skeleton-Lit-ZWrite-Outline.shader,shader,.shader,1698,5abfeea4437bee5d5f7f6921e2bf878fbbd3744df0be91b75b8294d3a88b4199,756be4f2f738f6c4583bb1c90e16bf0b
Assets/Plugins/Spine/Runtime/spine-unity/Shaders/Outline/Spine-Skeleton-Outline.shader,shader,.shader,1763,0efe81f3e77ba6c8181dc2e28a17c8bd93caad116b720044524a210086a69dc4,28b5cf4804845fe4b868531fd0bb81d5
Assets/Plugins/Spine/Runtime/spine-unity/Shaders/Outline/Spine-Skeleton-OutlineOnly-ZWrite.shader,shader,.shader,1933,dce9ce3a8af6600a2040d4061246734bd18e8128b0ed2d67ae445365546a85db,177da18c3d2e0aa4cb39990ea011973c
Assets/Plugins/Spine/Runtime/spine-unity/Shaders/Outline/Spine-Skeleton-Tint-Outline.shader,shader,.shader,1697,2c36447fbbee836917a328a859a8845a914b5c7f9cf22e651abd06052008ddb4,4f1fdc166fed03649835949d3b79cba3
Assets/Plugins/Spine/Runtime/spine-unity/Shaders/Outline/Spine-Skeleton-TintBlack-Outline.shader,shader,.shader,1723,aeb85406e13e949bbd72a889bba25e69abf668c1770c6182bb632ad346530759,49cf725a1e40e7742be92917f83946c3
Assets/Plugins/Spine/Runtime/spine-unity/Shaders/Outline/Spine-Special-Skeleton-Grayscale-Outline.shader,shader,.shader,1696,9bdc12cb3947bd4809a4a5d3dda8a991affcaf3e4d8e4b50b1adbcecb6afdc62,1d3e1518ae643a749b086bc7972893d2
Assets/Plugins/Spine/Runtime/spine-unity/Shaders/Outline/Sprite/SpritesPixelLit-Outline.shader,shader,.shader,2853,365a80cf41cc90347065eb47f64bc49676c19120c2cd04af9bfed819eda754d0,a27d4b27c8ecd9840a03558ccc5ad8a3
Assets/Plugins/Spine/Runtime/spine-unity/Shaders/Outline/Sprite/SpritesUnlit-Outline.shader,shader,.shader,2195,b96db7b6bac15c1b220cf95c247b5030dca862feca2af2ed9202cec3c87941e1,276c07e3bdd5719458187a5823e9d96a
Assets/Plugins/Spine/Runtime/spine-unity/Shaders/Outline/Sprite/SpritesVertexLit-Outline.shader,shader,.shader,2846,fbdb5989531a8b25378ee36d227bcaa36e9f804e1edb89deb582168103eaf068,30ef5dd318033004588a6481c092416a
Assets/Plugins/Spine/Runtime/spine-unity/Shaders/SkeletonGraphic/Spine-SkeletonGraphic-TintBlack.shader,shader,.shader,4690,6e12351e0aef6f3c1dc66ee9dffe8f7fa5d013360b6005b5da039e65dd8a73fa,f64c7bc238bb2c246b8ca1912b2b6b9c
Assets/Plugins/Spine/Runtime/spine-unity/Shaders/SkeletonGraphic/Spine-SkeletonGraphic.shader,shader,.shader,4029,05f5be423cf6799fcf4fdefed9b61e54cb1a8c2a032bdb3dbd97fb7853e9b570,fa95b0fb6983c0f40a152e6f9aa82bfb
Assets/Plugins/Spine/Runtime/spine-unity/Shaders/Spine-Skeleton-Fill.shader,shader,.shader,3561,458959cd08051c3c7aa2a0ba9ec129cbd2fe9992965da6bb8910227e03149a96,45495790b394f894a967dbf44489b57b
Assets/Plugins/Spine/Runtime/spine-unity/Shaders/Spine-Skeleton-Lit-ZWrite.shader,shader,.shader,2540,1b88db1af06538722bdd43fd9bb4fa404c90d0165e4c343a746da7c284b52192,fde05abf1f7be4b4da1caf8c8de1823a
Assets/Plugins/Spine/Runtime/spine-unity/Shaders/Spine-Skeleton-Lit.shader,shader,.shader,2440,c66a9ee6a1f14b3db00b6f75d0f13876f82e7698a29a9ef3d771c35fc568e086,bd83c75f51f5e23498ae22ffcdfe92c3
Assets/Plugins/Spine/Runtime/spine-unity/Shaders/Spine-Skeleton-Tint.shader,shader,.shader,3659,203f3906379301c19db15b42b306f0db4b3e795f0a94cc12a61fd6fab6eecf7d,522f03282fd79be47b306e2ef4b593fd
Assets/Plugins/Spine/Runtime/spine-unity/Shaders/Spine-Skeleton-TintBlack.shader,shader,.shader,3920,53b3615ef76d6140a9db69472c11554aa3467d3e4d55c005d4ceb2334249dae2,deee23ab4aa38564ead2ac05e112c169
Assets/Plugins/Spine/Runtime/spine-unity/Shaders/Spine-Skeleton.shader,shader,.shader,3106,5710d3dea3de57a81b2d5f65c73b0b0c0288e736c2990f7a6c006da040abda4f,1e8a610c9e01c3648bac42585e5fc676
Assets/Plugins/Spine/Runtime/spine-unity/Shaders/Spine-Special-Skeleton-Grayscale.shader,shader,.shader,3502,3eada0c1a8611e47ab7078773a06197283026d4c2d10d41c0ab95fb43bff7ff8,ea7e7c05f36541b4bb280f98ebda8ba1
Assets/Plugins/Spine/Runtime/spine-unity/Shaders/Sprite/CameraDepthNormalsTexture.shader,shader,.shader,11551,2a47b438678f4e6c0d775bac677a2d935292f309fe7bb4d7e95be1c351aa487c,4794ea6b2d07cc546ba97a809b5f9ada
Assets/Plugins/Spine/Runtime/spine-unity/Shaders/Sprite/CameraDepthTexture.shader,shader,.shader,11446,6d166b50c10e4bf7b6532142da27b9cc7e4edcd66820e9456f51e2432fec420a,f768a57e040cc48489ad8c7392a31154
Assets/Plugins/Spine/Runtime/spine-unity/Shaders/Sprite/CameraNormalsTexture.shader,shader,.shader,11125,1c0aaea404c7d39ea3a65c9787dd766f5e4fc0fd1761b52fe6a01a6929f38cfb,537141eca02c6df4bb8b4f77567e9de2
Assets/Plugins/Spine/Runtime/spine-unity/Shaders/Sprite/CGIncludes/ShaderMaths.cginc,shader,.cginc,1859,3f9760aa4645ae2b62e1b6696118d7e8bd3b8218bc96d5b8dfa4e217652d5a42,e1de23de2025abe4a84ff2edd3f24491
Assets/Plugins/Spine/Runtime/spine-unity/Shaders/Sprite/CGIncludes/ShaderShared.cginc,shader,.cginc,11569,8b69cabd45ac694e123981772dba513c567d42b48912ad4e8d9bbbb507b9de4e,c18c5cab567666f4d8c5b2bd4e61390b
Assets/Plugins/Spine/Runtime/spine-unity/Shaders/Sprite/CGIncludes/SpriteLighting.cginc,shader,.cginc,6385,639df43c8796d526d5d5a7c849b7e9374db7588b1e6145c4aea3ae484ac326e6,0cfb891658099ca4bb0c9544c08e60f9
Assets/Plugins/Spine/Runtime/spine-unity/Shaders/Sprite/CGIncludes/SpritePixelLighting.cginc,shader,.cginc,7570,339eb8a56f50eee9f9ce006cf0c144c89b87ee838bc243eefe088e09b0c98650,7ffc57e05c42ec748838bea0a3aff9f9
Assets/Plugins/Spine/Runtime/spine-unity/Shaders/Sprite/CGIncludes/SpriteShadows.cginc,shader,.cginc,982,9f8be32dc2632662dea5b9434d44354ed430bfd6a341df88208f769f49f78359,b7dbdfb1f55ee26459284220ad6d5bc4
Assets/Plugins/Spine/Runtime/spine-unity/Shaders/Sprite/CGIncludes/SpriteSpecular.cginc,shader,.cginc,9183,2ba344b243bec8bf665f58cb84722d2c3da7d2f539ae21753d7f371086fc40bd,f195336fc94457241a37a0aa85923681
Assets/Plugins/Spine/Runtime/spine-unity/Shaders/Sprite/CGIncludes/SpriteUnlit.cginc,shader,.cginc,1399,ede866ce4a669d04b82f44623af45f3881a8442375ca81d3d4097b9ef301e434,072e7b07ec7fb1346a9dcd3bcbbb7111
Assets/Plugins/Spine/Runtime/spine-unity/Shaders/Sprite/CGIncludes/SpriteVertexLighting.cginc,shader,.cginc,14852,b1f3d6ea4b537eb695229499170b4d1d9413155286359447c4c2d67acfc943e1,c739dcf9dbcab944898d0b796e11afb9
Assets/Plugins/Spine/Runtime/spine-unity/Shaders/Sprite/README.md,other,.md,2224,498188851b8583290cd83377c711fa8d5cab829c846a601f8d2d8c84a12ad9fa,cecd0ea162097a94c89a97af6baf0a66
Assets/Plugins/Spine/Runtime/spine-unity/Shaders/Sprite/SpriteDepthNormalsTexture.shader,shader,.shader,9581,4d453f11e9a580a4dd727af1dfcfdb441f01808eb990948c417df52e6bf2bfd4,abbda12fddbb0b048a842a3835470d30
Assets/Plugins/Spine/Runtime/spine-unity/Shaders/Sprite/SpritesPixelLit.shader,shader,.shader,5771,daa88b2c97ec48742c3d704aac34d5b66a724ea5d8e128b1b8361aec9d408072,6f7a5a97a82637f478494bc40ea8c8a2
Assets/Plugins/Spine/Runtime/spine-unity/Shaders/Sprite/SpritesUnlit.shader,shader,.shader,3182,e3dc17ad44b49e6f6dbdbaf488f86324d66f5f88395aef14517566eb94f7d49f,64005298b9a80bb4899eabd5140dc4a8
Assets/Plugins/Spine/Runtime/spine-unity/Shaders/Sprite/SpritesVertexLit.shader,shader,.shader,4434,212f7db0aea843cc93caa40ecbad15695b72181f76011639f299a135ef6a0e78,2ce511398fb980f41b7d316c51534590
Assets/Plugins/Spine/Runtime/spine-unity/Shaders/Utility/Hidden-Spine-Bones.shader,shader,.shader,1390,6f375aec8971cda3c6b73b88b915e7717b3dbdeca6f1f2548d7f90656d3581a1,66988de88a15abd4e8846c6805485f57
Assets/Plugins/Spine/Runtime/spine-unity/Shaders/Utility/HiddenPass.mat,material,.mat,863,091db3f5f5f77c6263805cc9a5299e4ac415c690d9eab13daa8a6d96e6fd0ac2,43227e5adadc6f24bb4bf74b92a56fb4
Assets/Plugins/Spine/Runtime/spine-unity/Shaders/Utility/HiddenPass.shader,shader,.shader,212,205a19ba22bf2af6d5e9a438b223dcbfe489b6839e4acfcf52bde8f24ba89854,913475501bf19374c84390868a9d6d3d
Assets/Plugins/Spine/Runtime/spine-unity/SkeletonDataModifierAssets/BlendModeMaterials/BlendModeMaterialsAsset.cs,script,.cs,5458,d9585a574b0cb163f43fb94517d436419026383b2531d32682d6b1d61df2044a,12b0b98acbcda44468a7ae4e35000abe
Assets/Plugins/Spine/Runtime/spine-unity/SkeletonDataModifierAssets/BlendModeMaterials/Default BlendModeMaterials.asset,other,.asset,701,b676dff9eea70e9bb34be98125a726432bc8e876d1f21f02c0aa6dd158e19fb5,22c0225612a65ee4fb15bad49f644762
Assets/Plugins/Spine/Runtime/spine-unity/SkeletonDataModifierAssets/BlendModeMaterials/SkeletonPMAAdditive.mat,material,.mat,938,44e24098c8650b12f015b9636a5eeb5ffb177d9622e0b4d6d56b9b0ba671c465,4deba332d47209e4780b3c5fcf0e3745
Assets/Plugins/Spine/Runtime/spine-unity/SkeletonDataModifierAssets/BlendModeMaterials/SkeletonPMAMultiply.mat,material,.mat,1033,93fb2199efbd9c66367145083556c285a69573b3bdd9d26f3b902a7e935705b1,53bf0ab317d032d418cf1252d68f51df
Assets/Plugins/Spine/Runtime/spine-unity/SkeletonDataModifierAssets/BlendModeMaterials/SkeletonPMAScreen.mat,material,.mat,1031,95378a21df0a936418128189d738a628a11c1d21607538d7080e9d8214eea787,73f0f46d3177c614baf0fa48d646a9be
Assets/Plugins/Spine/Runtime/spine-unity/SpineAttributes.cs,script,.cs,17355,4ba44394d200cf09e6b996250b5b097d17b36ea3ab6000b5c28a1c5aaffc95e3,ce216f51ebc1d3f40929f4e58d1c65e5
Assets/Plugins/Spine/Runtime/spine-unity/Utility/AtlasUtilities.cs,script,.cs,37018,d3dca9623997f009da8863e98be2456a8a108babf760bd5c3356d65199697e1f,25ceef568a3dad448bf8a14fcc326964
Assets/Plugins/Spine/Runtime/spine-unity/Utility/AttachmentCloneExtensions.cs,script,.cs,8766,3443a61ae9d8854755dacd8b977c7a06a3a86e974fb344dce466a27a46103f2f,3431ed563b2c62f4c8c974a99365ba52
Assets/Plugins/Spine/Runtime/spine-unity/Utility/AttachmentRegionExtensions.cs,script,.cs,10491,246da2d017f11a05ec715af4dcbfd293cec67a8602b4cde6201d421fc755a1ae,7e7eac783deea004e9bc403eca68a7dc
Assets/Plugins/Spine/Runtime/spine-unity/Utility/MaterialChecks.cs,script,.cs,15525,bff57f018acdeceaec6290ed8d102bfa59df9a822f25f887aab2e726caa982a8,e68fa8db689084946adce454b83e6d4a
Assets/Plugins/Spine/Runtime/spine-unity/Utility/SkeletonExtensions.cs,script,.cs,24591,8f366eb8d74f2b7d60d4891c606c39e856fe167fcaf785ee44fa2fba6ddae865,ea85c8f6a91a6ab45881b0dbdaabb7d0
Assets/Plugins/Spine/Runtime/spine-unity/Utility/SkinUtilities.cs,script,.cs,8018,f2616ca31d0be736d4a092246ac176a69ebc9899f7ebd9a927861a038c84bc41,f4692b9527684d048862210ba3f9834e
Assets/Plugins/Spine/Runtime/spine-unity/Utility/TimelineExtensions.cs,script,.cs,4141,74b8f7b78a171b2781dd8069333a35a4b91ff91fe48e42bd65e0b4df87451ef2,07807fefbff25484ba41b1d16911fb0e
Assets/Plugins/Spine/Runtime/spine-unity/Utility/YieldInstructions/WaitForSpineAnimation.cs,script,.cs,4400,8a7d26d418648548975f95e28acd89616fdaa358d50c7016b351dffcaeab20ed,d9be5adcaf0003849a1d181173c19635
Assets/Plugins/Spine/Runtime/spine-unity/Utility/YieldInstructions/WaitForSpineAnimationComplete.cs,script,.cs,3264,a102bffa83ce5aa1f32e66f712ff1580a4b134b0a4b450ce37500d462d331efa,a807dd9fb79db3545b6c2859a2bbfc0b
Assets/Plugins/Spine/Runtime/spine-unity/Utility/YieldInstructions/WaitForSpineAnimationEnd.cs,script,.cs,2924,f124dbdf1fb70e0c695d741e050abd3ef67eaf9318257944431ba98265a38de9,3c5a5fe930d1ab24da154d76b24c2747
Assets/Plugins/Spine/Runtime/spine-unity/Utility/YieldInstructions/WaitForSpineEvent.cs,script,.cs,6716,4b128119b2d88daf570079ae43d8022a37726305cdfec2dc6defca54160dc4d7,fc166d883db083e469872998172f2d38
Assets/Plugins/Spine/Runtime/spine-unity/Utility/YieldInstructions/WaitForSpineTrackEntryEnd.cs,script,.cs,3300,f8ba55684f208f2335e67f6fc958f5f5ed9b9192bece0ca7228b0ca6450819d5,8036c6c2897d2764db92f632d2aef568
Assets/Plugins/Spine/Runtime/spine-unity.asmdef,other,.asmdef,53,4a63cf4a1137e76db367dee5ebf731bbc290deae5c37ac894ce34888be34877d,68765d262e2128e4ab49c983f3411946
Assets/Plugins/Spine/version.txt,spine,.txt,141,c7933909dec4649245c61b2280b569415fbc0916d5c9c0a4e2be6f680b8b4537,80c06a67282e71043a4b1fad3e0c5654
Assets/Scenes/Boss1.unity,scene,.unity,526385,0e86290e3f0fe5ba609098f9d01032fec50cebb45467bdfd8c30e23f50b3eabd,2cda990e2423bbf4892e6590ba056729
Assets/Scenes/Boss2.unity,scene,.unity,524208,3e2e0ac9a7fe9c1cd8c689d60997693d5eefdc759fb2711a8c2e80703491bec6,686456cc6899825459468e0677013f52
Assets/Scenes/StartMenu.unity,scene,.unity,141473,3eb414c2b576e0f39458085a188fc9484411d69d9fafe133661d2d1d0248b9ae,15a25945c4af9f34ea76aae912aa5bd4
